{
 "1": {
  "name": "here",
  "type": "UNKNOWN",
  "class": "unknown",
  "approach": "Pysonar2",
  "file_path": "async-timeout/setup.py",
  "lineno": "7",
  "column": "0",
  "context": "pathlib\nimport re\n\nfrom setuptools import setup\n\n\nhere = pathlib.Path(__file__).parent\nfname = here / \"async_timeout\" / \"__init__.py\"\n\n\nw",
  "context_lines": "import pathlib\nimport re\n\nfrom setuptools import setup\n\n\nhere = pathlib.Path(__file__).parent\nfname = here / \"async_timeout\" / \"__init__.py\"\n\n\nwith fname.open() as fp:\n    try:\n        version = re.findall(r'^__version__ = \"([^\"]+)\"$', fp.read(), re.M)[0]\n",
  "slicing": [
   "here = pathlib.Path(__file__).parent\n",
   "fname = here / \"async_timeout\" / \"__init__.py\"\n",
   "with fname.open() as fp:\n",
   "    fname = here / name\n",
   "    with fname.open() as f:\n"
  ]
 },
 "2": {
  "name": "fname",
  "type": "str",
  "class": "build-in",
  "approach": "Pysonar2",
  "file_path": "async-timeout/setup.py",
  "lineno": "8",
  "column": "0",
  "context": "port setup\n\n\nhere = pathlib.Path(__file__).parent\nfname = here / \"async_timeout\" / \"__init__.py\"\n\n\nwith fname.open() as fp:\n    try:\n        versio",
  "context_lines": "import pathlib\nimport re\n\nfrom setuptools import setup\n\n\nhere = pathlib.Path(__file__).parent\nfname = here / \"async_timeout\" / \"__init__.py\"\n\n\nwith fname.open() as fp:\n    try:\n        version = re.findall(r'^__version__ = \"([^\"]+)\"$', fp.read(), re.M)[0]\n",
  "slicing": [
   "fname = here / \"async_timeout\" / \"__init__.py\"\n",
   "with fname.open() as fp:\n",
   "    with fname.open() as f:\n"
  ]
 },
 "3": {
  "name": "version",
  "type": "dict",
  "class": "build-in",
  "approach": "annotation",
  "file_path": "async-timeout/setup.py",
  "lineno": "13",
  "column": "8",
  "context": "_.py\"\n\n\nwith fname.open() as fp:\n    try:\n        version = re.findall(r'^__version__ = \"([^\"]+)\"$', fp.read(), re.M)[0]\n    except IndexError:\n        raise RuntimeError(",
  "context_lines": "here = pathlib.Path(__file__).parent\nfname = here / \"async_timeout\" / \"__init__.py\"\n\n\nwith fname.open() as fp:\n    try:\n        version = re.findall(r'^__version__ = \"([^\"]+)\"$', fp.read(), re.M)[0]\n    except IndexError:\n        raise RuntimeError(\"Unable to determine version.\")\n\n\ndef read(name):\n    fname = here / name\n",
  "slicing": [
   "        version = re.findall(r'^__version__ = \"([^\"]+)\"$', fp.read(), re.M)[0]\n",
   "    version=version,\n"
  ]
 },
 "4": {
  "name": "fname",
  "type": "str",
  "class": "build-in",
  "approach": "Pysonar2",
  "file_path": "async-timeout/setup.py",
  "lineno": "19",
  "column": "4",
  "context": "ble to determine version.\")\n\n\ndef read(name):\n    fname = here / name\n    with fname.open() as f:\n        return f.read(",
  "context_lines": "        version = re.findall(r'^__version__ = \"([^\"]+)\"$', fp.read(), re.M)[0]\n    except IndexError:\n        raise RuntimeError(\"Unable to determine version.\")\n\n\ndef read(name):\n    fname = here / name\n    with fname.open() as f:\n        return f.read()\n\n\ninstall_requires = [\n    \"typing_extensions>=3.6.5\",\n",
  "slicing": [
   "    fname = here / name\n",
   "    with fname.open() as f:\n"
  ]
 },
 "5": {
  "name": "install_requires",
  "type": "list",
  "class": "build-in",
  "approach": "annotation",
  "file_path": "async-timeout/setup.py",
  "lineno": "24",
  "column": "0",
  "context": "with fname.open() as f:\n        return f.read()\n\n\ninstall_requires = [\n    \"typing_extensions>=3.6.5\",\n]\n\n\nsetup(\n    nam",
  "context_lines": "def read(name):\n    fname = here / name\n    with fname.open() as f:\n        return f.read()\n\n\ninstall_requires = [\n    \"typing_extensions>=3.6.5\",\n]\n\n\nsetup(\n    name=\"async-timeout\",\n",
  "slicing": [
   "install_requires = [\n",
   "    install_requires=install_requires,\n"
  ]
 },
 "6": {
  "name": "canceled_raised",
  "type": "bool",
  "class": "build-in",
  "approach": "annotation",
  "file_path": "async-timeout/tests/test_timeout.py",
  "lineno": "11",
  "column": "4",
  "context": "ark.asyncio\nasync def test_timeout() -> None:\n    canceled_raised = False\n\n    async def long_running_task() -> None:\n      ",
  "context_lines": "import pytest\n\nfrom async_timeout import timeout, timeout_at\n\n\n@pytest.mark.asyncio\nasync def test_timeout() -> None:\n    canceled_raised = False\n\n    async def long_running_task() -> None:\n        try:\n            await asyncio.sleep(10)\n",
  "slicing": [
   "    canceled_raised = False\n",
   "    assert canceled_raised, \"CancelledError was not raised\"\n"
  ]
 },
 "7": {
  "name": "canceled_raised",
  "type": "bool",
  "class": "build-in",
  "approach": "annotation",
  "file_path": "async-timeout/tests/test_timeout.py",
  "lineno": "18",
  "column": "12",
  "context": "\n            nonlocal canceled_raised\n            canceled_raised = True\n            raise\n\n    with pytest.raises(asyncio.",
  "context_lines": "        try:\n            await asyncio.sleep(10)\n        except asyncio.CancelledError:\n            nonlocal canceled_raised\n            canceled_raised = True\n            raise\n\n    with pytest.raises(asyncio.TimeoutError):\n        async with timeout(0.01) as t:\n            await long_running_task()\n",
  "slicing": [
   "            canceled_raised = True\n",
   "    assert canceled_raised, \"CancelledError was not raised\"\n"
  ]
 },
 "8": {
  "name": "resp",
  "type": "str",
  "class": "build-in",
  "approach": "Pysonar2",
  "file_path": "async-timeout/tests/test_timeout.py",
  "lineno": "35",
  "column": "8",
  "context": "turn \"done\"\n\n    async with timeout(0.1):\n        resp = await long_running_task()\n    assert resp == \"done\"\n\n\n@pytest.mark.asyncio\na",
  "context_lines": "    async def long_running_task() -> str:\n        await asyncio.sleep(0.01)\n        return \"done\"\n\n    async with timeout(0.1):\n        resp = await long_running_task()\n    assert resp == \"done\"\n\n\n@pytest.mark.asyncio\nasync def test_timeout_disable() -> None:\n    async def long_running_task() -> str:\n",
  "slicing": [
   "        resp = await long_running_task()\n",
   "    assert resp == \"done\"\n",
   "    assert resp == \"done\"\n",
   "    assert resp == \"done\"\n"
  ]
 },
 "9": {
  "name": "loop",
  "type": "UNKNOWN",
  "class": "unknown",
  "approach": "Pysonar2",
  "file_path": "async-timeout/tests/test_timeout.py",
  "lineno": "45",
  "column": "4",
  "context": "ait asyncio.sleep(0.1)\n        return \"done\"\n\n    loop = asyncio.get_event_loop()\n    t0 = loop.time()\n    async with timeout(None):",
  "context_lines": "async def test_timeout_disable() -> None:\n    async def long_running_task() -> str:\n        await asyncio.sleep(0.1)\n        return \"done\"\n\n    loop = asyncio.get_event_loop()\n    t0 = loop.time()\n    async with timeout(None):\n        resp = await long_running_task()\n    assert resp == \"done\"\n",
  "slicing": [
   "    loop = asyncio.get_event_loop()\n",
   "    t0 = loop.time()\n",
   "    dt = loop.time() - t0\n",
   "    assert 0.09 < dt < 0.3, dt\n",
   "    fut = loop.create_future()\n",
   "    loop.call_later(0.1, fut.set_result, \"done\")\n",
   "        resp = await fut\n",
   "    assert resp == \"done\"\n",
   "    start = loop.time()\n",
   "    dt = loop.time() - start\n",
   "    assert 0.09 < dt < 0.3\n",
   "    fut = loop.create_future()\n",
   "        fut.set_result(None)\n",
   "    await fut\n",
   "        now = loop.time()\n",
   "        async with timeout_at(now + 0.01) as cm:\n",
   "    now = loop.time()\n",
   "    async with timeout_at(now + 1) as cm:\n",
   "    t0 = loop.time()\n",
   "        t1 = loop.time()\n",
   "        assert t0 + 1 <= cm.deadline <= t1 + 1\n",
   "    t0 = loop.time()\n",
   "        t1 = loop.time()\n",
   "        assert t0 + 1 <= cm.deadline <= t1 + 1\n",
   "        cm.shift_to(t1 + 1)\n",
   "        assert t1 + 1 <= cm.deadline <= t1 + 1.1\n",
   "    t0 = loop.time()\n",
   "        t1 = loop.time()\n",
   "        assert t0 + 1 <= cm.deadline <= t1 + 1\n",
   "        assert t1 + 0.999 <= cm.deadline <= t1 + 1.1\n",
   "    t0 = loop.time()\n",
   "    async with timeout_at(t0 + 0.001) as cm:\n",
   "            cm.shift_to(t0 + 10)\n"
  ]
 },
 "10": {
  "name": "t0",
  "type": "UNKNOWN",
  "class": "unknown",
  "approach": "Pysonar2",
  "file_path": "async-timeout/tests/test_timeout.py",
  "lineno": "46",
  "column": "4",
  "context": "n \"done\"\n\n    loop = asyncio.get_event_loop()\n    t0 = loop.time()\n    async with timeout(None):\n        resp = await",
  "context_lines": "    async def long_running_task() -> str:\n        await asyncio.sleep(0.1)\n        return \"done\"\n\n    loop = asyncio.get_event_loop()\n    t0 = loop.time()\n    async with timeout(None):\n        resp = await long_running_task()\n    assert resp == \"done\"\n    dt = loop.time() - t0\n",
  "slicing": [
   "    t0 = loop.time()\n",
   "    dt = loop.time() - t0\n",
   "    assert 0.09 < dt < 0.3, dt\n",
   "    assert 0.09 < dt < 0.3\n",
   "        assert t0 + 1 <= cm.deadline <= t1 + 1\n",
   "        assert t0 + 1 <= cm.deadline <= t1 + 1\n",
   "        assert t0 + 1 <= cm.deadline <= t1 + 1\n",
   "    async with timeout_at(t0 + 0.001) as cm:\n",
   "            cm.shift_to(t0 + 10)\n"
  ]
 },
 "11": {
  "name": "resp",
  "type": "str",
  "class": "build-in",
  "approach": "Pysonar2",
  "file_path": "async-timeout/tests/test_timeout.py",
  "lineno": "48",
  "column": "8",
  "context": "loop.time()\n    async with timeout(None):\n        resp = await long_running_task()\n    assert resp == \"done\"\n    dt = loop.time() - t",
  "context_lines": "        return \"done\"\n\n    loop = asyncio.get_event_loop()\n    t0 = loop.time()\n    async with timeout(None):\n        resp = await long_running_task()\n    assert resp == \"done\"\n    dt = loop.time() - t0\n    assert 0.09 < dt < 0.3, dt\n\n\n@pytest.mark.asyncio\n",
  "slicing": [
   "        resp = await long_running_task()\n",
   "    assert resp == \"done\"\n",
   "    assert resp == \"done\"\n"
  ]
 },
 "12": {
  "name": "dt",
  "type": "UNKNOWN",
  "class": "unknown",
  "approach": "Pysonar2",
  "file_path": "async-timeout/tests/test_timeout.py",
  "lineno": "50",
  "column": "4",
  "context": "long_running_task()\n    assert resp == \"done\"\n    dt = loop.time() - t0\n    assert 0.09 < dt < 0.3, dt\n\n\n@pytest.mark.asyn",
  "context_lines": "    t0 = loop.time()\n    async with timeout(None):\n        resp = await long_running_task()\n    assert resp == \"done\"\n    dt = loop.time() - t0\n    assert 0.09 < dt < 0.3, dt\n\n\n@pytest.mark.asyncio\nasync def test_timeout_is_none_no_schedule() -> None:\n    async with timeout(None) as cm:\n",
  "slicing": [
   "    dt = loop.time() - t0\n",
   "    assert 0.09 < dt < 0.3, dt\n",
   "    assert 0.09 < dt < 0.3\n"
  ]
 },
 "13": {
  "name": "result",
  "type": "str",
  "class": "build-in",
  "approach": "Pysonar2",
  "file_path": "async-timeout/tests/test_timeout.py",
  "lineno": "95",
  "column": "8",
  "context": "urn \"done\"\n\n    async with timeout(0.01):\n        result = await long_running_task()\n    assert result == \"done\"\n\n\n@pytest.mark.asyncio",
  "context_lines": "    async def long_running_task() -> str:\n        time.sleep(0.1)\n        return \"done\"\n\n    async with timeout(0.01):\n        result = await long_running_task()\n    assert result == \"done\"\n\n\n@pytest.mark.asyncio\nasync def test_for_race_conditions() -> None:\n    loop = asyncio.get_event_loop()\n",
  "slicing": [
   "        result = await long_running_task()\n",
   "    assert result == \"done\"\n"
  ]
 },
 "14": {
  "name": "loop",
  "type": "UNKNOWN",
  "class": "unknown",
  "approach": "Pysonar2",
  "file_path": "async-timeout/tests/test_timeout.py",
  "lineno": "101",
  "column": "4",
  "context": "async def test_for_race_conditions() -> None:\n    loop = asyncio.get_event_loop()\n    fut = loop.create_future()\n    loop.call_later",
  "context_lines": "        result = await long_running_task()\n    assert result == \"done\"\n\n\n@pytest.mark.asyncio\nasync def test_for_race_conditions() -> None:\n    loop = asyncio.get_event_loop()\n    fut = loop.create_future()\n    loop.call_later(0.1, fut.set_result, \"done\")\n    async with timeout(0.5):\n        resp = await fut\n",
  "slicing": [
   "    loop = asyncio.get_event_loop()\n",
   "    fut = loop.create_future()\n",
   "    loop.call_later(0.1, fut.set_result, \"done\")\n",
   "        resp = await fut\n",
   "    assert resp == \"done\"\n",
   "    start = loop.time()\n",
   "    dt = loop.time() - start\n",
   "    assert 0.09 < dt < 0.3\n",
   "    fut = loop.create_future()\n",
   "        fut.set_result(None)\n",
   "    await fut\n",
   "        now = loop.time()\n",
   "        async with timeout_at(now + 0.01) as cm:\n",
   "    now = loop.time()\n",
   "    async with timeout_at(now + 1) as cm:\n",
   "    t0 = loop.time()\n",
   "        t1 = loop.time()\n",
   "        assert t0 + 1 <= cm.deadline <= t1 + 1\n",
   "    t0 = loop.time()\n",
   "        t1 = loop.time()\n",
   "        assert t0 + 1 <= cm.deadline <= t1 + 1\n",
   "        cm.shift_to(t1 + 1)\n",
   "        assert t1 + 1 <= cm.deadline <= t1 + 1.1\n",
   "    t0 = loop.time()\n",
   "        t1 = loop.time()\n",
   "        assert t0 + 1 <= cm.deadline <= t1 + 1\n",
   "        assert t1 + 0.999 <= cm.deadline <= t1 + 1.1\n",
   "    t0 = loop.time()\n",
   "    async with timeout_at(t0 + 0.001) as cm:\n",
   "            cm.shift_to(t0 + 10)\n"
  ]
 },
 "15": {
  "name": "fut",
  "type": "UNKNOWN",
  "class": "unknown",
  "approach": "Pysonar2",
  "file_path": "async-timeout/tests/test_timeout.py",
  "lineno": "102",
  "column": "4",
  "context": " -> None:\n    loop = asyncio.get_event_loop()\n    fut = loop.create_future()\n    loop.call_later(0.1, fut.set_result, \"done\")\n ",
  "context_lines": "    assert result == \"done\"\n\n\n@pytest.mark.asyncio\nasync def test_for_race_conditions() -> None:\n    loop = asyncio.get_event_loop()\n    fut = loop.create_future()\n    loop.call_later(0.1, fut.set_result, \"done\")\n    async with timeout(0.5):\n        resp = await fut\n    assert resp == \"done\"\n\n\n",
  "slicing": [
   "    fut = loop.create_future()\n",
   "    loop.call_later(0.1, fut.set_result, \"done\")\n",
   "        resp = await fut\n",
   "    assert resp == \"done\"\n",
   "        fut.set_result(None)\n",
   "    await fut\n"
  ]
 },
 "16": {
  "name": "resp",
  "type": "UNKNOWN",
  "class": "unknown",
  "approach": "Pysonar2",
  "file_path": "async-timeout/tests/test_timeout.py",
  "lineno": "105",
  "column": "8",
  "context": "ult, \"done\")\n    async with timeout(0.5):\n        resp = await fut\n    assert resp == \"done\"\n\n\n@pytest.mark.asyncio\na",
  "context_lines": "    loop = asyncio.get_event_loop()\n    fut = loop.create_future()\n    loop.call_later(0.1, fut.set_result, \"done\")\n    async with timeout(0.5):\n        resp = await fut\n    assert resp == \"done\"\n\n\n@pytest.mark.asyncio\nasync def test_timeout_time() -> None:\n    foo_running = None\n",
  "slicing": [
   "        resp = await fut\n",
   "    assert resp == \"done\"\n"
  ]
 },
 "17": {
  "name": "foo_running",
  "type": "UNKNOWN",
  "class": "unknown",
  "approach": "annotation",
  "file_path": "async-timeout/tests/test_timeout.py",
  "lineno": "111",
  "column": "4",
  "context": "syncio\nasync def test_timeout_time() -> None:\n    foo_running = None\n    loop = asyncio.get_event_loop()\n    start = lo",
  "context_lines": "        resp = await fut\n    assert resp == \"done\"\n\n\n@pytest.mark.asyncio\nasync def test_timeout_time() -> None:\n    foo_running = None\n    loop = asyncio.get_event_loop()\n    start = loop.time()\n    with pytest.raises(asyncio.TimeoutError):\n        async with timeout(0.1):\n",
  "slicing": [
   "    foo_running = None\n",
   "    assert not foo_running\n"
  ]
 },
 "18": {
  "name": "loop",
  "type": "UNKNOWN",
  "class": "unknown",
  "approach": "Pysonar2",
  "file_path": "async-timeout/tests/test_timeout.py",
  "lineno": "112",
  "column": "4",
  "context": "imeout_time() -> None:\n    foo_running = None\n    loop = asyncio.get_event_loop()\n    start = loop.time()\n    with pytest.raises(asy",
  "context_lines": "    assert resp == \"done\"\n\n\n@pytest.mark.asyncio\nasync def test_timeout_time() -> None:\n    foo_running = None\n    loop = asyncio.get_event_loop()\n    start = loop.time()\n    with pytest.raises(asyncio.TimeoutError):\n        async with timeout(0.1):\n            foo_running = True\n",
  "slicing": [
   "    loop = asyncio.get_event_loop()\n",
   "    start = loop.time()\n",
   "    dt = loop.time() - start\n",
   "    assert 0.09 < dt < 0.3\n",
   "    fut = loop.create_future()\n",
   "        fut.set_result(None)\n",
   "    await fut\n",
   "        now = loop.time()\n",
   "        async with timeout_at(now + 0.01) as cm:\n",
   "    now = loop.time()\n",
   "    async with timeout_at(now + 1) as cm:\n",
   "    t0 = loop.time()\n",
   "        t1 = loop.time()\n",
   "        assert t0 + 1 <= cm.deadline <= t1 + 1\n",
   "    t0 = loop.time()\n",
   "        t1 = loop.time()\n",
   "        assert t0 + 1 <= cm.deadline <= t1 + 1\n",
   "        cm.shift_to(t1 + 1)\n",
   "        assert t1 + 1 <= cm.deadline <= t1 + 1.1\n",
   "    t0 = loop.time()\n",
   "        t1 = loop.time()\n",
   "        assert t0 + 1 <= cm.deadline <= t1 + 1\n",
   "        assert t1 + 0.999 <= cm.deadline <= t1 + 1.1\n",
   "    t0 = loop.time()\n",
   "    async with timeout_at(t0 + 0.001) as cm:\n",
   "            cm.shift_to(t0 + 10)\n"
  ]
 },
 "19": {
  "name": "start",
  "type": "UNKNOWN",
  "class": "unknown",
  "approach": "Pysonar2",
  "file_path": "async-timeout/tests/test_timeout.py",
  "lineno": "113",
  "column": "4",
  "context": "ng = None\n    loop = asyncio.get_event_loop()\n    start = loop.time()\n    with pytest.raises(asyncio.TimeoutError):\n    ",
  "context_lines": "@pytest.mark.asyncio\nasync def test_timeout_time() -> None:\n    foo_running = None\n    loop = asyncio.get_event_loop()\n    start = loop.time()\n    with pytest.raises(asyncio.TimeoutError):\n        async with timeout(0.1):\n            foo_running = True\n            try:\n",
  "slicing": [
   "    start = loop.time()\n",
   "    dt = loop.time() - start\n",
   "    assert 0.09 < dt < 0.3\n"
  ]
 },
 "20": {
  "name": "foo_running",
  "type": "bool",
  "class": "build-in",
  "approach": "annotation",
  "file_path": "async-timeout/tests/test_timeout.py",
  "lineno": "116",
  "column": "12",
  "context": "or):\n        async with timeout(0.1):\n            foo_running = True\n            try:\n                await asyncio.sle",
  "context_lines": "    loop = asyncio.get_event_loop()\n    start = loop.time()\n    with pytest.raises(asyncio.TimeoutError):\n        async with timeout(0.1):\n            foo_running = True\n            try:\n                await asyncio.sleep(0.2)\n            finally:\n                foo_running = False\n\n",
  "slicing": [
   "            foo_running = True\n",
   "    assert not foo_running\n"
  ]
 },
 "21": {
  "name": "foo_running",
  "type": "bool",
  "class": "build-in",
  "approach": "annotation",
  "file_path": "async-timeout/tests/test_timeout.py",
  "lineno": "120",
  "column": "16",
  "context": "o.sleep(0.2)\n            finally:\n                foo_running = False\n\n    dt = loop.time() - start\n    assert 0.09 < dt",
  "context_lines": "            foo_running = True\n            try:\n                await asyncio.sleep(0.2)\n            finally:\n                foo_running = False\n\n    dt = loop.time() - start\n    assert 0.09 < dt < 0.3\n    assert not foo_running\n\n\n",
  "slicing": [
   "                foo_running = False\n",
   "    assert not foo_running\n"
  ]
 },
 "22": {
  "name": "dt",
  "type": "UNKNOWN",
  "class": "unknown",
  "approach": "Pysonar2",
  "file_path": "async-timeout/tests/test_timeout.py",
  "lineno": "122",
  "column": "4",
  "context": "finally:\n                foo_running = False\n\n    dt = loop.time() - start\n    assert 0.09 < dt < 0.3\n    assert not foo_runn",
  "context_lines": "            try:\n                await asyncio.sleep(0.2)\n            finally:\n                foo_running = False\n\n    dt = loop.time() - start\n    assert 0.09 < dt < 0.3\n    assert not foo_running\n\n\n@pytest.mark.asyncio\nasync def test_outer_coro_is_not_cancelled() -> None:\n\n",
  "slicing": [
   "    dt = loop.time() - start\n",
   "    assert 0.09 < dt < 0.3\n"
  ]
 },
 "23": {
  "name": "has_timeout",
  "type": "bool",
  "class": "build-in",
  "approach": "annotation",
  "file_path": "async-timeout/tests/test_timeout.py",
  "lineno": "130",
  "column": "4",
  "context": " test_outer_coro_is_not_cancelled() -> None:\n\n    has_timeout = False\n\n    async def outer() -> None:\n        nonlocal h",
  "context_lines": "    assert 0.09 < dt < 0.3\n    assert not foo_running\n\n\n@pytest.mark.asyncio\nasync def test_outer_coro_is_not_cancelled() -> None:\n\n    has_timeout = False\n\n    async def outer() -> None:\n        nonlocal has_timeout\n        try:\n",
  "slicing": [
   "    has_timeout = False\n",
   "    assert has_timeout\n"
  ]
 },
 "24": {
  "name": "has_timeout",
  "type": "bool",
  "class": "build-in",
  "approach": "annotation",
  "file_path": "async-timeout/tests/test_timeout.py",
  "lineno": "138",
  "column": "12",
  "context": "\n        except asyncio.TimeoutError:\n            has_timeout = True\n\n    task = asyncio.ensure_future(outer())\n    awa",
  "context_lines": "        try:\n            async with timeout(0.001):\n                await asyncio.sleep(1)\n        except asyncio.TimeoutError:\n            has_timeout = True\n\n    task = asyncio.ensure_future(outer())\n    await task\n    assert has_timeout\n",
  "slicing": [
   "            has_timeout = True\n",
   "    assert has_timeout\n"
  ]
 },
 "25": {
  "name": "task",
  "type": "UNKNOWN",
  "class": "unknown",
  "approach": "Pysonar2",
  "file_path": "async-timeout/tests/test_timeout.py",
  "lineno": "140",
  "column": "4",
  "context": "TimeoutError:\n            has_timeout = True\n\n    task = asyncio.ensure_future(outer())\n    await task\n    assert has_timeout\n    assert n",
  "context_lines": "            async with timeout(0.001):\n                await asyncio.sleep(1)\n        except asyncio.TimeoutError:\n            has_timeout = True\n\n    task = asyncio.ensure_future(outer())\n    await task\n    assert has_timeout\n    assert not task.cancelled()\n    assert task.done()\n\n\n",
  "slicing": [
   "    task = asyncio.ensure_future(outer())\n",
   "    await task\n",
   "    assert not task.cancelled()\n",
   "    assert task.done()\n",
   "    task.cancel()\n",
   "        await task\n",
   "    assert task.cancelled()\n",
   "    assert task.done()\n"
  ]
 },
 "26": {
  "name": "loop",
  "type": "UNKNOWN",
  "class": "unknown",
  "approach": "Pysonar2",
  "file_path": "async-timeout/tests/test_timeout.py",
  "lineno": "149",
  "column": "4",
  "context": "o\nasync def test_cancel_outer_coro() -> None:\n    loop = asyncio.get_event_loop()\n    fut = loop.create_future()\n\n    async def oute",
  "context_lines": "    assert not task.cancelled()\n    assert task.done()\n\n\n@pytest.mark.asyncio\nasync def test_cancel_outer_coro() -> None:\n    loop = asyncio.get_event_loop()\n    fut = loop.create_future()\n\n    async def outer() -> None:\n        fut.set_result(None)\n        await asyncio.sleep(1)\n\n",
  "slicing": [
   "    loop = asyncio.get_event_loop()\n",
   "    fut = loop.create_future()\n",
   "        fut.set_result(None)\n",
   "    await fut\n",
   "        now = loop.time()\n",
   "        async with timeout_at(now + 0.01) as cm:\n",
   "    now = loop.time()\n",
   "    async with timeout_at(now + 1) as cm:\n",
   "    t0 = loop.time()\n",
   "        t1 = loop.time()\n",
   "        assert t0 + 1 <= cm.deadline <= t1 + 1\n",
   "    t0 = loop.time()\n",
   "        t1 = loop.time()\n",
   "        assert t0 + 1 <= cm.deadline <= t1 + 1\n",
   "        cm.shift_to(t1 + 1)\n",
   "        assert t1 + 1 <= cm.deadline <= t1 + 1.1\n",
   "    t0 = loop.time()\n",
   "        t1 = loop.time()\n",
   "        assert t0 + 1 <= cm.deadline <= t1 + 1\n",
   "        assert t1 + 0.999 <= cm.deadline <= t1 + 1.1\n",
   "    t0 = loop.time()\n",
   "    async with timeout_at(t0 + 0.001) as cm:\n",
   "            cm.shift_to(t0 + 10)\n"
  ]
 },
 "27": {
  "name": "fut",
  "type": "UNKNOWN",
  "class": "unknown",
  "approach": "Pysonar2",
  "file_path": "async-timeout/tests/test_timeout.py",
  "lineno": "150",
  "column": "4",
  "context": " -> None:\n    loop = asyncio.get_event_loop()\n    fut = loop.create_future()\n\n    async def outer() -> None:\n        fut.set_re",
  "context_lines": "    assert task.done()\n\n\n@pytest.mark.asyncio\nasync def test_cancel_outer_coro() -> None:\n    loop = asyncio.get_event_loop()\n    fut = loop.create_future()\n\n    async def outer() -> None:\n        fut.set_result(None)\n        await asyncio.sleep(1)\n\n",
  "slicing": [
   "    fut = loop.create_future()\n",
   "        fut.set_result(None)\n",
   "    await fut\n"
  ]
 },
 "28": {
  "name": "task",
  "type": "UNKNOWN",
  "class": "unknown",
  "approach": "Pysonar2",
  "file_path": "async-timeout/tests/test_timeout.py",
  "lineno": "156",
  "column": "4",
  "context": "_result(None)\n        await asyncio.sleep(1)\n\n    task = asyncio.ensure_future(outer())\n    await fut\n    task.cancel()\n    with pytest.ra",
  "context_lines": "    fut = loop.create_future()\n\n    async def outer() -> None:\n        fut.set_result(None)\n        await asyncio.sleep(1)\n\n    task = asyncio.ensure_future(outer())\n    await fut\n    task.cancel()\n    with pytest.raises(asyncio.CancelledError):\n        await task\n",
  "slicing": [
   "    task = asyncio.ensure_future(outer())\n",
   "    task.cancel()\n",
   "        await task\n",
   "    assert task.cancelled()\n",
   "    assert task.done()\n"
  ]
 },
 "29": {
  "name": "loop",
  "type": "UNKNOWN",
  "class": "unknown",
  "approach": "Pysonar2",
  "file_path": "async-timeout/tests/test_timeout.py",
  "lineno": "202",
  "column": "4",
  "context": ".asyncio\nasync def test_timeout_at() -> None:\n    loop = asyncio.get_event_loop()\n    with pytest.raises(asyncio.TimeoutError):\n    ",
  "context_lines": "            raise MyError\n    assert not cm.expired\n\n\n@pytest.mark.asyncio\nasync def test_timeout_at() -> None:\n    loop = asyncio.get_event_loop()\n    with pytest.raises(asyncio.TimeoutError):\n        now = loop.time()\n        async with timeout_at(now + 0.01) as cm:\n            await asyncio.sleep(10)\n",
  "slicing": [
   "    loop = asyncio.get_event_loop()\n",
   "        now = loop.time()\n",
   "        async with timeout_at(now + 0.01) as cm:\n",
   "    now = loop.time()\n",
   "    async with timeout_at(now + 1) as cm:\n",
   "    t0 = loop.time()\n",
   "        t1 = loop.time()\n",
   "        assert t0 + 1 <= cm.deadline <= t1 + 1\n",
   "    t0 = loop.time()\n",
   "        t1 = loop.time()\n",
   "        assert t0 + 1 <= cm.deadline <= t1 + 1\n",
   "        cm.shift_to(t1 + 1)\n",
   "        assert t1 + 1 <= cm.deadline <= t1 + 1.1\n",
   "    t0 = loop.time()\n",
   "        t1 = loop.time()\n",
   "        assert t0 + 1 <= cm.deadline <= t1 + 1\n",
   "        assert t1 + 0.999 <= cm.deadline <= t1 + 1.1\n",
   "    t0 = loop.time()\n",
   "    async with timeout_at(t0 + 0.001) as cm:\n",
   "            cm.shift_to(t0 + 10)\n"
  ]
 },
 "30": {
  "name": "now",
  "type": "UNKNOWN",
  "class": "unknown",
  "approach": "Pysonar2",
  "file_path": "async-timeout/tests/test_timeout.py",
  "lineno": "204",
  "column": "8",
  "context": "with pytest.raises(asyncio.TimeoutError):\n        now = loop.time()\n        async with timeout_at(now + 0.01) as cm:\n ",
  "context_lines": "@pytest.mark.asyncio\nasync def test_timeout_at() -> None:\n    loop = asyncio.get_event_loop()\n    with pytest.raises(asyncio.TimeoutError):\n        now = loop.time()\n        async with timeout_at(now + 0.01) as cm:\n            await asyncio.sleep(10)\n    assert cm.expired\n\n\n@pytest.mark.asyncio\n",
  "slicing": [
   "        now = loop.time()\n",
   "        async with timeout_at(now + 0.01) as cm:\n",
   "    async with timeout_at(now + 1) as cm:\n"
  ]
 },
 "31": {
  "name": "loop",
  "type": "UNKNOWN",
  "class": "unknown",
  "approach": "Pysonar2",
  "file_path": "async-timeout/tests/test_timeout.py",
  "lineno": "212",
  "column": "4",
  "context": "sync def test_timeout_at_not_fired() -> None:\n    loop = asyncio.get_event_loop()\n    now = loop.time()\n    async with timeout_at(no",
  "context_lines": "            await asyncio.sleep(10)\n    assert cm.expired\n\n\n@pytest.mark.asyncio\nasync def test_timeout_at_not_fired() -> None:\n    loop = asyncio.get_event_loop()\n    now = loop.time()\n    async with timeout_at(now + 1) as cm:\n        await asyncio.sleep(0)\n    assert not cm.expired\n\n\n",
  "slicing": [
   "    loop = asyncio.get_event_loop()\n",
   "    now = loop.time()\n",
   "    async with timeout_at(now + 1) as cm:\n",
   "    t0 = loop.time()\n",
   "        t1 = loop.time()\n",
   "        assert t0 + 1 <= cm.deadline <= t1 + 1\n",
   "    t0 = loop.time()\n",
   "        t1 = loop.time()\n",
   "        assert t0 + 1 <= cm.deadline <= t1 + 1\n",
   "        cm.shift_to(t1 + 1)\n",
   "        assert t1 + 1 <= cm.deadline <= t1 + 1.1\n",
   "    t0 = loop.time()\n",
   "        t1 = loop.time()\n",
   "        assert t0 + 1 <= cm.deadline <= t1 + 1\n",
   "        assert t1 + 0.999 <= cm.deadline <= t1 + 1.1\n",
   "    t0 = loop.time()\n",
   "    async with timeout_at(t0 + 0.001) as cm:\n",
   "            cm.shift_to(t0 + 10)\n"
  ]
 },
 "32": {
  "name": "now",
  "type": "UNKNOWN",
  "class": "unknown",
  "approach": "Pysonar2",
  "file_path": "async-timeout/tests/test_timeout.py",
  "lineno": "213",
  "column": "4",
  "context": " -> None:\n    loop = asyncio.get_event_loop()\n    now = loop.time()\n    async with timeout_at(now + 1) as cm:\n        ",
  "context_lines": "    assert cm.expired\n\n\n@pytest.mark.asyncio\nasync def test_timeout_at_not_fired() -> None:\n    loop = asyncio.get_event_loop()\n    now = loop.time()\n    async with timeout_at(now + 1) as cm:\n        await asyncio.sleep(0)\n    assert not cm.expired\n\n\n@pytest.mark.asyncio\n",
  "slicing": [
   "    now = loop.time()\n",
   "    async with timeout_at(now + 1) as cm:\n"
  ]
 },
 "33": {
  "name": "t",
  "type": "async_timeout.timeout",
  "class": "imported",
  "approach": "annotation",
  "file_path": "async-timeout/tests/test_timeout.py",
  "lineno": "221",
  "column": "4",
  "context": "c def test_expired_after_rejecting() -> None:\n    t = timeout(10)\n    assert not t.expired\n    t.reject()\n    assert",
  "context_lines": "        await asyncio.sleep(0)\n    assert not cm.expired\n\n\n@pytest.mark.asyncio\nasync def test_expired_after_rejecting() -> None:\n    t = timeout(10)\n    assert not t.expired\n    t.reject()\n    assert not t.expired\n\n\n@pytest.mark.asyncio\n",
  "slicing": [
   "    t = timeout(10)\n",
   "    assert not t.expired\n",
   "    t.reject()\n",
   "    assert not t.expired\n",
   "    assert not t.expired\n",
   "        t.reject()\n",
   "            assert not t.expired\n",
   "    assert t.expired\n",
   "        async with t:\n"
  ]
 },
 "34": {
  "name": "loop",
  "type": "UNKNOWN",
  "class": "unknown",
  "approach": "Pysonar2",
  "file_path": "async-timeout/tests/test_timeout.py",
  "lineno": "248",
  "column": "4",
  "context": "rk.asyncio\nasync def test_deadline() -> None:\n    loop = asyncio.get_event_loop()\n    t0 = loop.time()\n    async with timeout(1) as ",
  "context_lines": "            await asyncio.sleep(10)\n    assert t.expired\n\n\n@pytest.mark.asyncio\nasync def test_deadline() -> None:\n    loop = asyncio.get_event_loop()\n    t0 = loop.time()\n    async with timeout(1) as cm:\n        t1 = loop.time()\n        assert cm.deadline is not None\n",
  "slicing": [
   "    loop = asyncio.get_event_loop()\n",
   "    t0 = loop.time()\n",
   "        t1 = loop.time()\n",
   "        assert t0 + 1 <= cm.deadline <= t1 + 1\n",
   "    t0 = loop.time()\n",
   "        t1 = loop.time()\n",
   "        assert t0 + 1 <= cm.deadline <= t1 + 1\n",
   "        cm.shift_to(t1 + 1)\n",
   "        assert t1 + 1 <= cm.deadline <= t1 + 1.1\n",
   "    t0 = loop.time()\n",
   "        t1 = loop.time()\n",
   "        assert t0 + 1 <= cm.deadline <= t1 + 1\n",
   "        assert t1 + 0.999 <= cm.deadline <= t1 + 1.1\n",
   "    t0 = loop.time()\n",
   "    async with timeout_at(t0 + 0.001) as cm:\n",
   "            cm.shift_to(t0 + 10)\n"
  ]
 },
 "35": {
  "name": "t0",
  "type": "UNKNOWN",
  "class": "unknown",
  "approach": "Pysonar2",
  "file_path": "async-timeout/tests/test_timeout.py",
  "lineno": "249",
  "column": "4",
  "context": " -> None:\n    loop = asyncio.get_event_loop()\n    t0 = loop.time()\n    async with timeout(1) as cm:\n        t1 = loop",
  "context_lines": "    assert t.expired\n\n\n@pytest.mark.asyncio\nasync def test_deadline() -> None:\n    loop = asyncio.get_event_loop()\n    t0 = loop.time()\n    async with timeout(1) as cm:\n        t1 = loop.time()\n        assert cm.deadline is not None\n        assert t0 + 1 <= cm.deadline <= t1 + 1\n\n\n",
  "slicing": [
   "    t0 = loop.time()\n",
   "        assert t0 + 1 <= cm.deadline <= t1 + 1\n",
   "        assert t0 + 1 <= cm.deadline <= t1 + 1\n",
   "        assert t0 + 1 <= cm.deadline <= t1 + 1\n",
   "    async with timeout_at(t0 + 0.001) as cm:\n",
   "            cm.shift_to(t0 + 10)\n"
  ]
 },
 "36": {
  "name": "t1",
  "type": "UNKNOWN",
  "class": "unknown",
  "approach": "Pysonar2",
  "file_path": "async-timeout/tests/test_timeout.py",
  "lineno": "251",
  "column": "8",
  "context": "p.time()\n    async with timeout(1) as cm:\n        t1 = loop.time()\n        assert cm.deadline is not None\n        ass",
  "context_lines": "async def test_deadline() -> None:\n    loop = asyncio.get_event_loop()\n    t0 = loop.time()\n    async with timeout(1) as cm:\n        t1 = loop.time()\n        assert cm.deadline is not None\n        assert t0 + 1 <= cm.deadline <= t1 + 1\n\n\n@pytest.mark.asyncio\nasync def test_async_timeout() -> None:\n",
  "slicing": [
   "        t1 = loop.time()\n",
   "        assert t0 + 1 <= cm.deadline <= t1 + 1\n",
   "        assert t0 + 1 <= cm.deadline <= t1 + 1\n",
   "        cm.shift_to(t1 + 1)\n",
   "        assert t1 + 1 <= cm.deadline <= t1 + 1.1\n",
   "        assert t0 + 1 <= cm.deadline <= t1 + 1\n",
   "        assert t1 + 0.999 <= cm.deadline <= t1 + 1.1\n"
  ]
 },
 "37": {
  "name": "loop",
  "type": "UNKNOWN",
  "class": "unknown",
  "approach": "Pysonar2",
  "file_path": "async-timeout/tests/test_timeout.py",
  "lineno": "273",
  "column": "4",
  "context": "rk.asyncio\nasync def test_shift_to() -> None:\n    loop = asyncio.get_event_loop()\n    t0 = loop.time()\n    async with timeout(1) as ",
  "context_lines": "        await asyncio.sleep(0)\n    assert not cm.expired\n\n\n@pytest.mark.asyncio\nasync def test_shift_to() -> None:\n    loop = asyncio.get_event_loop()\n    t0 = loop.time()\n    async with timeout(1) as cm:\n        t1 = loop.time()\n        assert cm.deadline is not None\n",
  "slicing": [
   "    loop = asyncio.get_event_loop()\n",
   "    t0 = loop.time()\n",
   "        t1 = loop.time()\n",
   "        assert t0 + 1 <= cm.deadline <= t1 + 1\n",
   "        cm.shift_to(t1 + 1)\n",
   "        assert t1 + 1 <= cm.deadline <= t1 + 1.1\n",
   "    t0 = loop.time()\n",
   "        t1 = loop.time()\n",
   "        assert t0 + 1 <= cm.deadline <= t1 + 1\n",
   "        assert t1 + 0.999 <= cm.deadline <= t1 + 1.1\n",
   "    t0 = loop.time()\n",
   "    async with timeout_at(t0 + 0.001) as cm:\n",
   "            cm.shift_to(t0 + 10)\n"
  ]
 },
 "38": {
  "name": "t0",
  "type": "UNKNOWN",
  "class": "unknown",
  "approach": "Pysonar2",
  "file_path": "async-timeout/tests/test_timeout.py",
  "lineno": "274",
  "column": "4",
  "context": " -> None:\n    loop = asyncio.get_event_loop()\n    t0 = loop.time()\n    async with timeout(1) as cm:\n        t1 = loop",
  "context_lines": "    assert not cm.expired\n\n\n@pytest.mark.asyncio\nasync def test_shift_to() -> None:\n    loop = asyncio.get_event_loop()\n    t0 = loop.time()\n    async with timeout(1) as cm:\n        t1 = loop.time()\n        assert cm.deadline is not None\n        assert t0 + 1 <= cm.deadline <= t1 + 1\n",
  "slicing": [
   "    t0 = loop.time()\n",
   "        assert t0 + 1 <= cm.deadline <= t1 + 1\n",
   "        assert t0 + 1 <= cm.deadline <= t1 + 1\n",
   "    async with timeout_at(t0 + 0.001) as cm:\n",
   "            cm.shift_to(t0 + 10)\n"
  ]
 },
 "39": {
  "name": "t1",
  "type": "UNKNOWN",
  "class": "unknown",
  "approach": "Pysonar2",
  "file_path": "async-timeout/tests/test_timeout.py",
  "lineno": "276",
  "column": "8",
  "context": "p.time()\n    async with timeout(1) as cm:\n        t1 = loop.time()\n        assert cm.deadline is not None\n        ass",
  "context_lines": "async def test_shift_to() -> None:\n    loop = asyncio.get_event_loop()\n    t0 = loop.time()\n    async with timeout(1) as cm:\n        t1 = loop.time()\n        assert cm.deadline is not None\n        assert t0 + 1 <= cm.deadline <= t1 + 1\n        cm.shift_to(t1 + 1)\n        assert t1 + 1 <= cm.deadline <= t1 + 1.1\n\n\n",
  "slicing": [
   "        t1 = loop.time()\n",
   "        assert t0 + 1 <= cm.deadline <= t1 + 1\n",
   "        cm.shift_to(t1 + 1)\n",
   "        assert t1 + 1 <= cm.deadline <= t1 + 1.1\n",
   "        assert t0 + 1 <= cm.deadline <= t1 + 1\n",
   "        assert t1 + 0.999 <= cm.deadline <= t1 + 1.1\n"
  ]
 },
 "40": {
  "name": "loop",
  "type": "UNKNOWN",
  "class": "unknown",
  "approach": "Pysonar2",
  "file_path": "async-timeout/tests/test_timeout.py",
  "lineno": "285",
  "column": "4",
  "context": "rk.asyncio\nasync def test_shift_by() -> None:\n    loop = asyncio.get_event_loop()\n    t0 = loop.time()\n    async with timeout(1) as ",
  "context_lines": "        cm.shift_to(t1 + 1)\n        assert t1 + 1 <= cm.deadline <= t1 + 1.1\n\n\n@pytest.mark.asyncio\nasync def test_shift_by() -> None:\n    loop = asyncio.get_event_loop()\n    t0 = loop.time()\n    async with timeout(1) as cm:\n        t1 = loop.time()\n        assert cm.deadline is not None\n",
  "slicing": [
   "    loop = asyncio.get_event_loop()\n",
   "    t0 = loop.time()\n",
   "        t1 = loop.time()\n",
   "        assert t0 + 1 <= cm.deadline <= t1 + 1\n",
   "        assert t1 + 0.999 <= cm.deadline <= t1 + 1.1\n",
   "    t0 = loop.time()\n",
   "    async with timeout_at(t0 + 0.001) as cm:\n",
   "            cm.shift_to(t0 + 10)\n"
  ]
 },
 "41": {
  "name": "t0",
  "type": "UNKNOWN",
  "class": "unknown",
  "approach": "Pysonar2",
  "file_path": "async-timeout/tests/test_timeout.py",
  "lineno": "286",
  "column": "4",
  "context": " -> None:\n    loop = asyncio.get_event_loop()\n    t0 = loop.time()\n    async with timeout(1) as cm:\n        t1 = loop",
  "context_lines": "        assert t1 + 1 <= cm.deadline <= t1 + 1.1\n\n\n@pytest.mark.asyncio\nasync def test_shift_by() -> None:\n    loop = asyncio.get_event_loop()\n    t0 = loop.time()\n    async with timeout(1) as cm:\n        t1 = loop.time()\n        assert cm.deadline is not None\n        assert t0 + 1 <= cm.deadline <= t1 + 1\n",
  "slicing": [
   "    t0 = loop.time()\n",
   "        assert t0 + 1 <= cm.deadline <= t1 + 1\n",
   "    async with timeout_at(t0 + 0.001) as cm:\n",
   "            cm.shift_to(t0 + 10)\n"
  ]
 },
 "42": {
  "name": "t1",
  "type": "UNKNOWN",
  "class": "unknown",
  "approach": "Pysonar2",
  "file_path": "async-timeout/tests/test_timeout.py",
  "lineno": "288",
  "column": "8",
  "context": "p.time()\n    async with timeout(1) as cm:\n        t1 = loop.time()\n        assert cm.deadline is not None\n        ass",
  "context_lines": "async def test_shift_by() -> None:\n    loop = asyncio.get_event_loop()\n    t0 = loop.time()\n    async with timeout(1) as cm:\n        t1 = loop.time()\n        assert cm.deadline is not None\n        assert t0 + 1 <= cm.deadline <= t1 + 1\n        cm.shift_by(1)\n        assert t1 + 0.999 <= cm.deadline <= t1 + 1.1\n\n\n",
  "slicing": [
   "        t1 = loop.time()\n",
   "        assert t0 + 1 <= cm.deadline <= t1 + 1\n",
   "        assert t1 + 0.999 <= cm.deadline <= t1 + 1.1\n"
  ]
 },
 "43": {
  "name": "loop",
  "type": "UNKNOWN",
  "class": "unknown",
  "approach": "Pysonar2",
  "file_path": "async-timeout/tests/test_timeout.py",
  "lineno": "313",
  "column": "4",
  "context": "io\nasync def test_shift_to_expired() -> None:\n    loop = asyncio.get_event_loop()\n    t0 = loop.time()\n    async with timeout_at(t0 ",
  "context_lines": "        with pytest.raises(RuntimeError, match=\"cannot reschedule expired timeout\"):\n            cm.shift_by(10)\n\n\n@pytest.mark.asyncio\nasync def test_shift_to_expired() -> None:\n    loop = asyncio.get_event_loop()\n    t0 = loop.time()\n    async with timeout_at(t0 + 0.001) as cm:\n        with pytest.raises(asyncio.CancelledError):\n            await asyncio.sleep(10)\n",
  "slicing": [
   "    loop = asyncio.get_event_loop()\n",
   "    t0 = loop.time()\n",
   "    async with timeout_at(t0 + 0.001) as cm:\n",
   "            cm.shift_to(t0 + 10)\n"
  ]
 },
 "44": {
  "name": "t0",
  "type": "UNKNOWN",
  "class": "unknown",
  "approach": "Pysonar2",
  "file_path": "async-timeout/tests/test_timeout.py",
  "lineno": "314",
  "column": "4",
  "context": " -> None:\n    loop = asyncio.get_event_loop()\n    t0 = loop.time()\n    async with timeout_at(t0 + 0.001) as cm:\n     ",
  "context_lines": "            cm.shift_by(10)\n\n\n@pytest.mark.asyncio\nasync def test_shift_to_expired() -> None:\n    loop = asyncio.get_event_loop()\n    t0 = loop.time()\n    async with timeout_at(t0 + 0.001) as cm:\n        with pytest.raises(asyncio.CancelledError):\n            await asyncio.sleep(10)\n        with pytest.raises(RuntimeError, match=\"cannot reschedule expired timeout\"):\n",
  "slicing": [
   "    t0 = loop.time()\n",
   "    async with timeout_at(t0 + 0.001) as cm:\n",
   "            cm.shift_to(t0 + 10)\n"
  ]
 },
 "45": {
  "name": "__version__",
  "type": "str",
  "class": "build-in",
  "approach": "Pysonar2",
  "file_path": "async-timeout/async_timeout/__init__.py",
  "lineno": "11",
  "column": "0",
  "context": "onal, Type\n\nfrom typing_extensions import final\n\n\n__version__ = \"4.0.0a3\"\n\n\n__all__ = (\"timeout\", \"timeout_at\")\n\n\ndef timeou",
  "context_lines": "import warnings\nfrom types import TracebackType\nfrom typing import Any, Optional, Type\n\nfrom typing_extensions import final\n\n\n__version__ = \"4.0.0a3\"\n\n\n__all__ = (\"timeout\", \"timeout_at\")\n\n\ndef timeout(delay: Optional[float]) -> \"Timeout\":\n    \"\"\"timeout context manager.\n\n",
  "slicing": "__version__ = \"4.0.0a3\"\n"
 },
 "46": {
  "name": "__all__",
  "type": "tuple",
  "class": "build-in",
  "approach": "annotation",
  "file_path": "async-timeout/async_timeout/__init__.py",
  "lineno": "14",
  "column": "0",
  "context": "tensions import final\n\n\n__version__ = \"4.0.0a3\"\n\n\n__all__ = (\"timeout\", \"timeout_at\")\n\n\ndef timeout(delay: Optional[float]) -> \"Timeout\"",
  "context_lines": "from types import TracebackType\nfrom typing import Any, Optional, Type\n\nfrom typing_extensions import final\n\n\n__version__ = \"4.0.0a3\"\n\n\n__all__ = (\"timeout\", \"timeout_at\")\n\n\ndef timeout(delay: Optional[float]) -> \"Timeout\":\n    \"\"\"timeout context manager.\n\n    Useful in cases when you want to apply timeout logic around block\n",
  "slicing": "__all__ = (\"timeout\", \"timeout_at\")\n"
 },
 "47": {
  "name": "loop",
  "type": "UNKNOWN",
  "class": "unknown",
  "approach": "annotation",
  "file_path": "async-timeout/async_timeout/__init__.py",
  "lineno": "30",
  "column": "4",
  "context": "onds or None to disable timeout logic\n    \"\"\"\n    loop = _get_running_loop()\n    if delay is not None:\n        deadline = loop.",
  "context_lines": "    ...     async with aiohttp.get('https://github.com') as r:\n    ...         await r.text()\n\n\n    delay - value in seconds or None to disable timeout logic\n    \"\"\"\n    loop = _get_running_loop()\n    if delay is not None:\n        deadline = loop.time() + delay  # type: Optional[float]\n    else:\n        deadline = None\n",
  "slicing": [
   "    loop = _get_running_loop()\n",
   "        deadline = loop.time() + delay  # type: Optional[float]\n",
   "    return Timeout(deadline, loop)\n",
   "    return Timeout(deadline, loop)\n",
   "        self._loop = loop\n",
   "        if deadline is None:\n",
   "            self.shift_to(deadline)\n",
   "        self._deadline = deadline\n",
   "        if deadline <= now:\n",
   "            deadline, self._on_timeout, self._task\n",
   "        return asyncio.current_task(loop=loop)\n",
   "        return asyncio.Task.current_task(loop=loop)\n",
   "        if not loop.is_running():\n",
   "        return loop\n"
  ]
 },
 "48": {
  "name": "deadline",
  "type": "UNKNOWN",
  "class": "unknown",
  "approach": "Pysonar2",
  "file_path": "async-timeout/async_timeout/__init__.py",
  "lineno": "32",
  "column": "8",
  "context": "_running_loop()\n    if delay is not None:\n        deadline = loop.time() + delay  # type: Optional[float]\n    else:\n        deadline = None\n    return Timeo",
  "context_lines": "    delay - value in seconds or None to disable timeout logic\n    \"\"\"\n    loop = _get_running_loop()\n    if delay is not None:\n        deadline = loop.time() + delay  # type: Optional[float]\n    else:\n        deadline = None\n    return Timeout(deadline, loop)\n\n\ndef timeout_at(deadline: Optional[float]) -> \"Timeout\":\n",
  "slicing": [
   "        deadline = loop.time() + delay  # type: Optional[float]\n",
   "    return Timeout(deadline, loop)\n",
   "    return Timeout(deadline, loop)\n",
   "        if deadline is None:\n",
   "            self.shift_to(deadline)\n",
   "        self._deadline = deadline\n",
   "        if deadline <= now:\n",
   "            deadline, self._on_timeout, self._task\n"
  ]
 },
 "49": {
  "name": "deadline",
  "type": "UNKNOWN",
  "class": "unknown",
  "approach": "annotation",
  "file_path": "async-timeout/async_timeout/__init__.py",
  "lineno": "34",
  "column": "8",
  "context": " delay  # type: Optional[float]\n    else:\n        deadline = None\n    return Timeout(deadline, loop)\n\n\ndef timeout_a",
  "context_lines": "    loop = _get_running_loop()\n    if delay is not None:\n        deadline = loop.time() + delay  # type: Optional[float]\n    else:\n        deadline = None\n    return Timeout(deadline, loop)\n\n\ndef timeout_at(deadline: Optional[float]) -> \"Timeout\":\n    \"\"\"Schedule the timeout at absolute time.\n\n    deadline arguments points on the time in the same clock system\n",
  "slicing": [
   "        deadline = None\n",
   "    return Timeout(deadline, loop)\n",
   "    return Timeout(deadline, loop)\n",
   "        if deadline is None:\n",
   "            self.shift_to(deadline)\n",
   "        self._deadline = deadline\n",
   "        if deadline <= now:\n",
   "            deadline, self._on_timeout, self._task\n"
  ]
 },
 "50": {
  "name": "loop",
  "type": "UNKNOWN",
  "class": "unknown",
  "approach": "annotation",
  "file_path": "async-timeout/async_timeout/__init__.py",
  "lineno": "53",
  "column": "4",
  "context": "s r:\n    ...         await r.text()\n\n\n    \"\"\"\n    loop = _get_running_loop()\n    return Timeout(deadline, loop)\n\n\nclass _State(",
  "context_lines": "    >>> async with timeout_at(loop.time() + 10):\n    ...     async with aiohttp.get('https://github.com') as r:\n    ...         await r.text()\n\n\n    \"\"\"\n    loop = _get_running_loop()\n    return Timeout(deadline, loop)\n\n\nclass _State(enum.Enum):\n    INIT = \"INIT\"\n    ENTER = \"ENTER\"\n",
  "slicing": [
   "    loop = _get_running_loop()\n",
   "    return Timeout(deadline, loop)\n",
   "        self._loop = loop\n",
   "        return asyncio.current_task(loop=loop)\n",
   "        return asyncio.Task.current_task(loop=loop)\n",
   "        if not loop.is_running():\n",
   "        return loop\n"
  ]
 },
 "51": {
  "name": "INIT",
  "type": "str",
  "class": "build-in",
  "approach": "Pysonar2",
  "file_path": "async-timeout/async_timeout/__init__.py",
  "lineno": "58",
  "column": "4",
  "context": "ut(deadline, loop)\n\n\nclass _State(enum.Enum):\n    INIT = \"INIT\"\n    ENTER = \"ENTER\"\n    TIMEOUT = \"TIMEOUT\"\n    EX",
  "context_lines": "    \"\"\"\n    loop = _get_running_loop()\n    return Timeout(deadline, loop)\n\n\nclass _State(enum.Enum):\n    INIT = \"INIT\"\n    ENTER = \"ENTER\"\n    TIMEOUT = \"TIMEOUT\"\n    EXIT = \"EXIT\"\n\n\n@final\n",
  "slicing": "    INIT = \"INIT\"\n"
 },
 "52": {
  "name": "ENTER",
  "type": "str",
  "class": "build-in",
  "approach": "Pysonar2",
  "file_path": "async-timeout/async_timeout/__init__.py",
  "lineno": "59",
  "column": "4",
  "context": "\n\n\nclass _State(enum.Enum):\n    INIT = \"INIT\"\n    ENTER = \"ENTER\"\n    TIMEOUT = \"TIMEOUT\"\n    EXIT = \"EXIT\"\n\n\n@final",
  "context_lines": "    loop = _get_running_loop()\n    return Timeout(deadline, loop)\n\n\nclass _State(enum.Enum):\n    INIT = \"INIT\"\n    ENTER = \"ENTER\"\n    TIMEOUT = \"TIMEOUT\"\n    EXIT = \"EXIT\"\n\n\n@final\nclass Timeout:\n",
  "slicing": "    ENTER = \"ENTER\"\n"
 },
 "53": {
  "name": "TIMEOUT",
  "type": "str",
  "class": "build-in",
  "approach": "Pysonar2",
  "file_path": "async-timeout/async_timeout/__init__.py",
  "lineno": "60",
  "column": "4",
  "context": ".Enum):\n    INIT = \"INIT\"\n    ENTER = \"ENTER\"\n    TIMEOUT = \"TIMEOUT\"\n    EXIT = \"EXIT\"\n\n\n@final\nclass Timeout:\n    # In",
  "context_lines": "    return Timeout(deadline, loop)\n\n\nclass _State(enum.Enum):\n    INIT = \"INIT\"\n    ENTER = \"ENTER\"\n    TIMEOUT = \"TIMEOUT\"\n    EXIT = \"EXIT\"\n\n\n@final\nclass Timeout:\n    # Internal class, please don't instantiate it directly\n",
  "slicing": "    TIMEOUT = \"TIMEOUT\"\n"
 },
 "54": {
  "name": "EXIT",
  "type": "str",
  "class": "build-in",
  "approach": "Pysonar2",
  "file_path": "async-timeout/async_timeout/__init__.py",
  "lineno": "61",
  "column": "4",
  "context": "\"\n    ENTER = \"ENTER\"\n    TIMEOUT = \"TIMEOUT\"\n    EXIT = \"EXIT\"\n\n\n@final\nclass Timeout:\n    # Internal class, plea",
  "context_lines": "class _State(enum.Enum):\n    INIT = \"INIT\"\n    ENTER = \"ENTER\"\n    TIMEOUT = \"TIMEOUT\"\n    EXIT = \"EXIT\"\n\n\n@final\nclass Timeout:\n    # Internal class, please don't instantiate it directly\n",
  "slicing": "    EXIT = \"EXIT\"\n"
 },
 "55": {
  "name": "__slots__",
  "type": "tuple",
  "class": "build-in",
  "approach": "annotation",
  "file_path": "async-timeout/async_timeout/__init__.py",
  "lineno": "83",
  "column": "4",
  "context": "thout waiting for the next await expression.\n\n    __slots__ = (\"_deadline\", \"_loop\", \"_state\", \"_task\", \"_timeout_handler\")\n\n    def __init__(\n        self, deadline: Optiona",
  "context_lines": "    # TimeoutError is raised immadiatelly when scheduled\n    # if the deadline is passed.\n    # The purpose is to time out as sson as possible\n    # without waiting for the next await expression.\n\n    __slots__ = (\"_deadline\", \"_loop\", \"_state\", \"_task\", \"_timeout_handler\")\n\n    def __init__(\n        self, deadline: Optional[float], loop: asyncio.AbstractEventLoop\n    ) -> None:\n",
  "slicing": "    __slots__ = (\"_deadline\", \"_loop\", \"_state\", \"_task\", \"_timeout_handler\")\n"
 },
 "56": {
  "name": "task",
  "type": "UNKNOWN",
  "class": "unknown",
  "approach": "annotation",
  "file_path": "async-timeout/async_timeout/__init__.py",
  "lineno": "91",
  "column": "8",
  "context": "= loop\n        self._state = _State.INIT\n\n        task = _current_task(self._loop)\n        self._task = task\n\n        self._timeout_h",
  "context_lines": "        self, deadline: Optional[float], loop: asyncio.AbstractEventLoop\n    ) -> None:\n        self._loop = loop\n        self._state = _State.INIT\n\n        task = _current_task(self._loop)\n        self._task = task\n\n        self._timeout_handler = None  # type: Optional[asyncio.Handle]\n        if deadline is None:\n            self._deadline = None  # type: Optional[float]\n",
  "slicing": [
   "        task = _current_task(self._loop)\n",
   "        self._task = task\n",
   "        task.cancel()\n"
  ]
 },
 "57": {
  "name": "now",
  "type": "UNKNOWN",
  "class": "unknown",
  "approach": "Pysonar2",
  "file_path": "async-timeout/async_timeout/__init__.py",
  "lineno": "158",
  "column": "8",
  "context": "   The delay can be negative.\n        \"\"\"\n        now = self._loop.time()\n        self.shift_to(now + delay)\n\n    def shift_",
  "context_lines": "    def shift_by(self, delay: float) -> None:\n        \"\"\"Advance timeout on delay seconds.\n\n        The delay can be negative.\n        \"\"\"\n        now = self._loop.time()\n        self.shift_to(now + delay)\n\n    def shift_to(self, deadline: float) -> None:\n        \"\"\"Advance timeout on the abdelay seconds.\n\n        If new deadline is in the past\n",
  "slicing": [
   "        now = self._loop.time()\n",
   "        self.shift_to(now + delay)\n",
   "        if deadline <= now:\n"
  ]
 },
 "58": {
  "name": "now",
  "type": "UNKNOWN",
  "class": "unknown",
  "approach": "Pysonar2",
  "file_path": "async-timeout/async_timeout/__init__.py",
  "lineno": "174",
  "column": "8",
  "context": "ancel()\n        self._deadline = deadline\n        now = self._loop.time()\n        if deadline <= now:\n            self._time",
  "context_lines": "            raise RuntimeError(\"cannot reschedule expired timeout\")\n        if self._timeout_handler is not None:\n            self._timeout_handler.cancel()\n        self._deadline = deadline\n        now = self._loop.time()\n        if deadline <= now:\n            self._timeout_handler = None\n            if self._state == _State.INIT:\n                raise asyncio.TimeoutError\n",
  "slicing": [
   "        now = self._loop.time()\n",
   "        if deadline <= now:\n"
  ]
 },
 "59": {
  "name": "loop",
  "type": "UNKNOWN",
  "class": "unknown",
  "approach": "Pysonar2",
  "file_path": "async-timeout/async_timeout/__init__.py",
  "lineno": "216",
  "column": "8",
  "context": "turn asyncio.get_running_loop()\n    else:\n        loop = asyncio.get_event_loop()\n        if not loop.is_running():\n            rais",
  "context_lines": "def _get_running_loop() -> asyncio.AbstractEventLoop:\n    if sys.version_info >= (3, 7):\n        return asyncio.get_running_loop()\n    else:\n        loop = asyncio.get_event_loop()\n        if not loop.is_running():\n            raise RuntimeError(\"no running event loop\")\n",
  "slicing": [
   "        loop = asyncio.get_event_loop()\n",
   "        if not loop.is_running():\n",
   "        return loop\n"
  ]
 },
 "60": {
  "name": "name",
  "type": "str",
  "class": "build-in",
  "approach": "Pysonar2",
  "file_path": "async-timeout/setup.py",
  "lineno": "18",
  "column": "9",
  "context": "eError(\"Unable to determine version.\")\n\n\ndef read(name):\n    fname = here / name\n    with fname.open() as f",
  "context_lines": "    try:\n        version = re.findall(r'^__version__ = \"([^\"]+)\"$', fp.read(), re.M)[0]\n    except IndexError:\n        raise RuntimeError(\"Unable to determine version.\")\n\n\ndef read(name):\n    fname = here / name\n    with fname.open() as f:\n        return f.read()\n\n\ninstall_requires = [\n",
  "slicing": [
   "here = pathlib.Path(__file__).parent\n",
   "fname = here / \"async_timeout\" / \"__init__.py\"\n",
   "with fname.open() as fp:\n",
   "        version = re.findall(r'^__version__ = \"([^\"]+)\"$', fp.read(), re.M)[0]\n",
   "def read(name):\n",
   "    fname = here / name\n",
   "    with fname.open() as f:\n",
   "    version=version,\n"
  ]
 },
 "61": {
  "name": "delay",
  "type": "dict",
  "class": "build-in",
  "approach": "annotation",
  "file_path": "async-timeout/async_timeout/__init__.py",
  "lineno": "17",
  "column": "12",
  "context": "__all__ = (\"timeout\", \"timeout_at\")\n\n\ndef timeout(delay: Optional[float]) -> \"Timeout\":\n    \"\"\"timeout context manager.\n\n    Useful in cas",
  "context_lines": "from typing import Any, Optional, Type\n\nfrom typing_extensions import final\n\n\n__version__ = \"4.0.0a3\"\n\n\n__all__ = (\"timeout\", \"timeout_at\")\n\n\ndef timeout(delay: Optional[float]) -> \"Timeout\":\n    \"\"\"timeout context manager.\n\n    Useful in cases when you want to apply timeout logic around block\n    of code or in cases when asyncio.wait_for is not suitable. For example:\n\n    >>> async with timeout(0.001):\n",
  "slicing": "def timeout(delay: Optional[float]) -> \"Timeout\":\n"
 },
 "62": {
  "name": "deadline",
  "type": "dict",
  "class": "build-in",
  "approach": "annotation",
  "file_path": "async-timeout/async_timeout/__init__.py",
  "lineno": "38",
  "column": "15",
  "context": "  return Timeout(deadline, loop)\n\n\ndef timeout_at(deadline: Optional[float]) -> \"Timeout\":\n    \"\"\"Schedule the timeout at absolute time.\n\n   ",
  "context_lines": "        deadline = loop.time() + delay  # type: Optional[float]\n    else:\n        deadline = None\n    return Timeout(deadline, loop)\n\n\ndef timeout_at(deadline: Optional[float]) -> \"Timeout\":\n    \"\"\"Schedule the timeout at absolute time.\n\n    deadline arguments points on the time in the same clock system\n    as loop.time().\n\n    Please note: it is not POSIX time but a time with\n",
  "slicing": "def timeout_at(deadline: Optional[float]) -> \"Timeout\":\n"
 },
 "63": {
  "name": "deadline",
  "type": "dict",
  "class": "build-in",
  "approach": "annotation",
  "file_path": "async-timeout/async_timeout/__init__.py",
  "lineno": "86",
  "column": "14",
  "context": "imeout_handler\")\n\n    def __init__(\n        self, deadline: Optional[float], loop: asyncio.AbstractEventLoop\n    ) -> None:\n        self._loop = loop\n        s",
  "context_lines": "    # The purpose is to time out as sson as possible\n    # without waiting for the next await expression.\n\n    __slots__ = (\"_deadline\", \"_loop\", \"_state\", \"_task\", \"_timeout_handler\")\n\n    def __init__(\n        self, deadline: Optional[float], loop: asyncio.AbstractEventLoop\n    ) -> None:\n        self._loop = loop\n        self._state = _State.INIT\n\n        task = _current_task(self._loop)\n",
  "slicing": "        self, deadline: Optional[float], loop: asyncio.AbstractEventLoop\n"
 },
 "64": {
  "name": "loop",
  "type": "UNKNOWN",
  "class": "unknown",
  "approach": "Pysonar2",
  "file_path": "async-timeout/async_timeout/__init__.py",
  "lineno": "86",
  "column": "41",
  "context": "_init__(\n        self, deadline: Optional[float], loop: asyncio.AbstractEventLoop\n    ) -> None:\n        self._loop = loop\n        s",
  "context_lines": "    # The purpose is to time out as sson as possible\n    # without waiting for the next await expression.\n\n    __slots__ = (\"_deadline\", \"_loop\", \"_state\", \"_task\", \"_timeout_handler\")\n\n    def __init__(\n        self, deadline: Optional[float], loop: asyncio.AbstractEventLoop\n    ) -> None:\n        self._loop = loop\n        self._state = _State.INIT\n\n        task = _current_task(self._loop)\n",
  "slicing": "        self, deadline: Optional[float], loop: asyncio.AbstractEventLoop\n"
 },
 "65": {
  "name": "exc_type",
  "type": "dict",
  "class": "build-in",
  "approach": "annotation",
  "file_path": "async-timeout/async_timeout/__init__.py",
  "lineno": "111",
  "column": "8",
  "context": "urn self\n\n    def __exit__(\n        self,\n        exc_type: Type[BaseException],\n        exc_val: BaseException,\n        exc_tb: Tr",
  "context_lines": "        self._do_enter()\n        return self\n\n    def __exit__(\n        self,\n        exc_type: Type[BaseException],\n        exc_val: BaseException,\n        exc_tb: TracebackType,\n    ) -> Optional[bool]:\n        self._do_exit(exc_type)\n",
  "slicing": "        exc_type: Type[BaseException],\n"
 },
 "66": {
  "name": "exc_val",
  "type": "UNKNOWN",
  "class": "unknown",
  "approach": "annotation",
  "file_path": "async-timeout/async_timeout/__init__.py",
  "lineno": "112",
  "column": "8",
  "context": "f,\n        exc_type: Type[BaseException],\n        exc_val: BaseException,\n        exc_tb: TracebackType,\n    ) -> Optional[b",
  "context_lines": "        return self\n\n    def __exit__(\n        self,\n        exc_type: Type[BaseException],\n        exc_val: BaseException,\n        exc_tb: TracebackType,\n    ) -> Optional[bool]:\n        self._do_exit(exc_type)\n        return None\n\n",
  "slicing": "        exc_val: BaseException,\n"
 },
 "67": {
  "name": "exc_tb",
  "type": "UNKNOWN",
  "class": "unknown",
  "approach": "annotation",
  "file_path": "async-timeout/async_timeout/__init__.py",
  "lineno": "113",
  "column": "8",
  "context": "ception],\n        exc_val: BaseException,\n        exc_tb: TracebackType,\n    ) -> Optional[bool]:\n        self._do_exit(exc",
  "context_lines": "    def __exit__(\n        self,\n        exc_type: Type[BaseException],\n        exc_val: BaseException,\n        exc_tb: TracebackType,\n    ) -> Optional[bool]:\n        self._do_exit(exc_type)\n        return None\n\n    async def __aenter__(self) -> \"Timeout\":\n",
  "slicing": "        exc_tb: TracebackType,\n"
 },
 "68": {
  "name": "delay",
  "type": "float",
  "class": "build-in",
  "approach": "annotation",
  "file_path": "async-timeout/async_timeout/__init__.py",
  "lineno": "153",
  "column": "23",
  "context": "f._timeout_handler = None\n\n    def shift_by(self, delay: float) -> None:\n        \"\"\"Advance timeout on delay seconds.\n\n    ",
  "context_lines": "    def _reject(self) -> None:\n        if self._timeout_handler is not None:\n            self._timeout_handler.cancel()\n            self._timeout_handler = None\n\n    def shift_by(self, delay: float) -> None:\n        \"\"\"Advance timeout on delay seconds.\n\n        The delay can be negative.\n        \"\"\"\n        now = self._loop.time()\n",
  "slicing": "    def shift_by(self, delay: float) -> None:\n"
 },
 "69": {
  "name": "deadline",
  "type": "float",
  "class": "build-in",
  "approach": "annotation",
  "file_path": "async-timeout/async_timeout/__init__.py",
  "lineno": "161",
  "column": "23",
  "context": "elf.shift_to(now + delay)\n\n    def shift_to(self, deadline: float) -> None:\n        \"\"\"Advance timeout on the abdelay seconds.",
  "context_lines": "        The delay can be negative.\n        \"\"\"\n        now = self._loop.time()\n        self.shift_to(now + delay)\n\n    def shift_to(self, deadline: float) -> None:\n        \"\"\"Advance timeout on the abdelay seconds.\n\n        If new deadline is in the past\n        the timeout is raised immediatelly.\n        \"\"\"\n",
  "slicing": "    def shift_to(self, deadline: float) -> None:\n"
 },
 "70": {
  "name": "exc_type",
  "type": "dict",
  "class": "build-in",
  "approach": "annotation",
  "file_path": "async-timeout/async_timeout/__init__.py",
  "lineno": "191",
  "column": "23",
  "context": "elf._state = _State.ENTER\n\n    def _do_exit(self, exc_type: Type[BaseException]) -> None:\n        if exc_type is asyncio.CancelledError and ",
  "context_lines": "    def _do_enter(self) -> None:\n        if self._state != _State.INIT:\n            raise RuntimeError(\"invalid state {}\".format(self._state.value))\n        self._state = _State.ENTER\n\n    def _do_exit(self, exc_type: Type[BaseException]) -> None:\n        if exc_type is asyncio.CancelledError and self._state == _State.TIMEOUT:\n            self._timeout_handler = None\n            raise asyncio.TimeoutError\n        # timeout is not expired\n",
  "slicing": "    def _do_exit(self, exc_type: Type[BaseException]) -> None:\n"
 },
 "71": {
  "name": "task",
  "type": "UNKNOWN",
  "class": "unknown",
  "approach": "Pysonar2",
  "file_path": "async-timeout/async_timeout/__init__.py",
  "lineno": "200",
  "column": "26",
  "context": "()\n        return None\n\n    def _on_timeout(self, task: \"asyncio.Task[None]\") -> None:\n        task.cancel()\n        self._state = _State",
  "context_lines": "        # timeout is not expired\n        self._state = _State.EXIT\n        self._reject()\n        return None\n\n    def _on_timeout(self, task: \"asyncio.Task[None]\") -> None:\n        task.cancel()\n        self._state = _State.TIMEOUT\n\n\ndef _current_task(loop: asyncio.AbstractEventLoop) -> \"Optional[asyncio.Task[Any]]\":\n    if sys.version_info >= (3, 7):\n",
  "slicing": "    def _on_timeout(self, task: \"asyncio.Task[None]\") -> None:\n"
 },
 "72": {
  "name": "loop",
  "type": "UNKNOWN",
  "class": "unknown",
  "approach": "Pysonar2",
  "file_path": "async-timeout/async_timeout/__init__.py",
  "lineno": "205",
  "column": "18",
  "context": " self._state = _State.TIMEOUT\n\n\ndef _current_task(loop: asyncio.AbstractEventLoop) -> \"Optional[asyncio.Task[Any]]\":\n    if sys.version_info >= (3, 7):\n        return ",
  "context_lines": "        return None\n\n    def _on_timeout(self, task: \"asyncio.Task[None]\") -> None:\n        task.cancel()\n        self._state = _State.TIMEOUT\n\n\ndef _current_task(loop: asyncio.AbstractEventLoop) -> \"Optional[asyncio.Task[Any]]\":\n    if sys.version_info >= (3, 7):\n        return asyncio.current_task(loop=loop)\n    else:\n        return asyncio.Task.current_task(loop=loop)\n\n\n",
  "slicing": "def _current_task(loop: asyncio.AbstractEventLoop) -> \"Optional[asyncio.Task[Any]]\":\n"
 },
 "73": {
  "name": "loop",
  "type": "_get_running_loop",
  "class": "imported",
  "approach": "annotation",
  "file_path": "async-timeout/async_timeout/__init__.py",
  "lineno": "30",
  "column": "4",
  "slicing": "['    loop = _get_running_loop()\\n', '        deadline = loop.time() + delay  # type: Optional[float]\\n', '    return Timeout(deadline, loop)\\n', '    return Timeout(deadline, loop)\\n', '        self._loop = loop\\n', '        if deadline is None:\\n', '            self.shift_to(deadline)\\n', '        self._deadline = deadline\\n', '        if deadline <= now:\\n', '            deadline, self._on_timeout, self._task\\n', '        return asyncio.current_task(loop=loop)\\n', '        return asyncio.Task.current_task(loop=loop)\\n', '        if not loop.is_running():\\n', '        return loop\\n']",
  "context": "onds or None to disable timeout logic\n    \"\"\"\n    loop = _get_running_loop()\n    if delay is not None:\n        deadline = loop.",
  "context_lines": "    ...     async with aiohttp.get('https://github.com') as r:\n    ...         await r.text()\n\n\n    delay - value in seconds or None to disable timeout logic\n    \"\"\"\n    loop = _get_running_loop()\n    if delay is not None:\n        deadline = loop.time() + delay  # type: Optional[float]\n    else:\n        deadline = None\n"
 },
 "74": {
  "name": "deadline",
  "type": "None",
  "class": "imported",
  "approach": "annotation",
  "file_path": "async-timeout/async_timeout/__init__.py",
  "lineno": "34",
  "column": "8",
  "slicing": "['        deadline = None\\n', '    return Timeout(deadline, loop)\\n', '    return Timeout(deadline, loop)\\n', '        if deadline is None:\\n', '            self.shift_to(deadline)\\n', '        self._deadline = deadline\\n', '        if deadline <= now:\\n', '            deadline, self._on_timeout, self._task\\n']",
  "context": " delay  # type: Optional[float]\n    else:\n        deadline = None\n    return Timeout(deadline, loop)\n\n\ndef timeout_a",
  "context_lines": "    loop = _get_running_loop()\n    if delay is not None:\n        deadline = loop.time() + delay  # type: Optional[float]\n    else:\n        deadline = None\n    return Timeout(deadline, loop)\n\n\ndef timeout_at(deadline: Optional[float]) -> \"Timeout\":\n    \"\"\"Schedule the timeout at absolute time.\n\n    deadline arguments points on the time in the same clock system\n"
 },
 "75": {
  "name": "loop",
  "type": "_get_running_loop",
  "class": "imported",
  "approach": "annotation",
  "file_path": "async-timeout/async_timeout/__init__.py",
  "lineno": "53",
  "column": "4",
  "slicing": "['    loop = _get_running_loop()\\n', '        deadline = loop.time() + delay  # type: Optional[float]\\n', '        deadline = None\\n', '    return Timeout(deadline, loop)\\n', '    loop = _get_running_loop()\\n', '    return Timeout(deadline, loop)\\n', '        self._loop = loop\\n', '        if deadline is None:\\n', '            self.shift_to(deadline)\\n', '        self._deadline = deadline\\n', '        if deadline <= now:\\n', '            deadline, self._on_timeout, self._task\\n', '        return asyncio.current_task(loop=loop)\\n', '        return asyncio.Task.current_task(loop=loop)\\n', '        if not loop.is_running():\\n', '        return loop\\n']",
  "context": "s r:\n    ...         await r.text()\n\n\n    \"\"\"\n    loop = _get_running_loop()\n    return Timeout(deadline, loop)\n\n\nclass _State(",
  "context_lines": "    >>> async with timeout_at(loop.time() + 10):\n    ...     async with aiohttp.get('https://github.com') as r:\n    ...         await r.text()\n\n\n    \"\"\"\n    loop = _get_running_loop()\n    return Timeout(deadline, loop)\n\n\nclass _State(enum.Enum):\n    INIT = \"INIT\"\n    ENTER = \"ENTER\"\n"
 },
 "76": {
  "name": "task",
  "type": "_current_task",
  "class": "imported",
  "approach": "annotation",
  "file_path": "async-timeout/async_timeout/__init__.py",
  "lineno": "91",
  "column": "8",
  "slicing": "['    loop = _get_running_loop()\\n', '        deadline = loop.time() + delay  # type: Optional[float]\\n', '        deadline = None\\n', '    return Timeout(deadline, loop)\\n', '    loop = _get_running_loop()\\n', '    return Timeout(deadline, loop)\\n', '        self._loop = loop\\n', '        task = _current_task(self._loop)\\n', '        self._task = task\\n', '        if deadline is None:\\n', '            self.shift_to(deadline)\\n', '        self._deadline = deadline\\n', '        if deadline <= now:\\n', '            deadline, self._on_timeout, self._task\\n', '        task.cancel()\\n', '        return asyncio.current_task(loop=loop)\\n', '        return asyncio.Task.current_task(loop=loop)\\n', '        if not loop.is_running():\\n', '        return loop\\n']",
  "context": "= loop\n        self._state = _State.INIT\n\n        task = _current_task(self._loop)\n        self._task = task\n\n        self._timeout_h",
  "context_lines": "        self, deadline: Optional[float], loop: asyncio.AbstractEventLoop\n    ) -> None:\n        self._loop = loop\n        self._state = _State.INIT\n\n        task = _current_task(self._loop)\n        self._task = task\n\n        self._timeout_handler = None  # type: Optional[asyncio.Handle]\n        if deadline is None:\n            self._deadline = None  # type: Optional[float]\n"
 },
 "77": {
  "name": "exc_val",
  "type": "BaseException",
  "class": "imported",
  "approach": "annotation",
  "file_path": "async-timeout/async_timeout/__init__.py",
  "lineno": "112",
  "column": "8",
  "slicing": "['        exc_val: BaseException,\\n']",
  "context": "f,\n        exc_type: Type[BaseException],\n        exc_val: BaseException,\n        exc_tb: TracebackType,\n    ) -> Optional[b",
  "context_lines": "        return self\n\n    def __exit__(\n        self,\n        exc_type: Type[BaseException],\n        exc_val: BaseException,\n        exc_tb: TracebackType,\n    ) -> Optional[bool]:\n        self._do_exit(exc_type)\n        return None\n\n"
 },
 "78": {
  "name": "foo_running",
  "type": "None",
  "class": "imported",
  "approach": "annotation",
  "file_path": "async-timeout/tests/test_timeout.py",
  "lineno": "111",
  "column": "4",
  "slicing": "['    foo_running = None\\n', '    assert not foo_running\\n']",
  "context": "syncio\nasync def test_timeout_time() -> None:\n    foo_running = None\n    loop = asyncio.get_event_loop()\n    start = lo",
  "context_lines": "        resp = await fut\n    assert resp == \"done\"\n\n\n@pytest.mark.asyncio\nasync def test_timeout_time() -> None:\n    foo_running = None\n    loop = asyncio.get_event_loop()\n    start = loop.time()\n    with pytest.raises(asyncio.TimeoutError):\n        async with timeout(0.1):\n"
 }
}