{
 "1": {
  "name": "backup_directory",
  "type": "backupwordpress.backup_directory.BackupDirectory",
  "class": "customized",
  "approach": "annotation",
  "file_path": "backup-wordpress/tests/test_backup_directory.py",
  "lineno": "9",
  "column": "8",
  "context": "dump_20190831030000.sql').write_text('b')\n        backup_directory = BackupDirectory(tmp_path)\n        assert backup_directory.mysql_dump.read_te",
  "context_lines": "    @staticmethod\n    def test(tmp_path):\n        (tmp_path / 'mysql_dump_20190831174529.sql').write_text('a')\n        (tmp_path / 'mysql_dump_20190831030000.sql').write_text('b')\n        backup_directory = BackupDirectory(tmp_path)\n",
  "slicing": [
   "        backup_directory = BackupDirectory(tmp_path)\n",
   "        assert backup_directory.mysql_dump.read_text() == 'a'\n"
  ]
 },
 "2": {
  "name": "config",
  "type": "backupwordpress.Config",
  "class": "customized",
  "approach": "annotation",
  "file_path": "backup-wordpress/tests/test_config.py",
  "lineno": "8",
  "column": "8",
  "context": "   \"\"\"Arguments should load yaml file.\"\"\"\n        config = Config()\n        config.load(PATH_FILE_CONFIG)\n        asse",
  "context_lines": "class TestConfig:\n    @staticmethod\n    def test_load(yaml_config_file):\n        \"\"\"Arguments should load yaml file.\"\"\"\n        config = Config()\n        config.load(PATH_FILE_CONFIG)\n        assert config.backup_root_directory == yaml_config_file.backup\n",
  "slicing": [
   "        config = Config()\n",
   "        config.load(PATH_FILE_CONFIG)\n",
   "        assert config.backup_root_directory == yaml_config_file.backup\n",
   "        assert config.docker_compose_wordpress_project_directory == yaml_config_file.docker_compose_wordpress_project\n"
  ]
 },
 "3": {
  "name": "docker_compose_wordpress_project_static",
  "type": "str",
  "class": "build-in",
  "approach": "Pysonar2",
  "file_path": "backup-wordpress/tests/test_wordpress_backup_executor.py",
  "lineno": "18",
  "column": "4",
  "context": "ompose_wordpress_project / 'initdb.d')\n    )\n\n    docker_compose_wordpress_project_static = (\n        yaml_config_file.docker_compose_wordpress_",
  "context_lines": "    shutil.copytree(\n        str(InstanceResource.PATH_MYSQL_DUMP),\n        str(yaml_config_file.docker_compose_wordpress_project / 'initdb.d')\n    )\n\n    docker_compose_wordpress_project_static = (\n        yaml_config_file.docker_compose_wordpress_project / 'wordpress-s3/web/static'\n    )\n    docker_compose_wordpress_project_static.mkdir(parents=True)\n    docker_compose_wordpress_project_static.rmdir()\n",
  "slicing": [
   "    docker_compose_wordpress_project_static = (\n",
   "    docker_compose_wordpress_project_static.mkdir(parents=True)\n",
   "    docker_compose_wordpress_project_static.rmdir()\n",
   "        str(docker_compose_wordpress_project_static)\n"
  ]
 },
 "4": {
  "name": "docker_compose_wordpress_project_uploads",
  "type": "str",
  "class": "build-in",
  "approach": "Pysonar2",
  "file_path": "backup-wordpress/tests/test_wordpress_backup_executor.py",
  "lineno": "27",
  "column": "4",
  "context": "ocker_compose_wordpress_project_static)\n    )\n    docker_compose_wordpress_project_uploads = (\n        yaml_config_file.docker_compose_wordpress_",
  "context_lines": "    shutil.copytree(\n        str(InstanceResource.PATH_STATIC),\n        str(docker_compose_wordpress_project_static)\n    )\n    docker_compose_wordpress_project_uploads = (\n        yaml_config_file.docker_compose_wordpress_project / 'wordpress-s3/web/app/uploads'\n    )\n    docker_compose_wordpress_project_uploads.mkdir(parents=True)\n    docker_compose_wordpress_project_uploads.rmdir()\n",
  "slicing": [
   "    docker_compose_wordpress_project_uploads = (\n",
   "    docker_compose_wordpress_project_uploads.mkdir(parents=True)\n",
   "    docker_compose_wordpress_project_uploads.rmdir()\n",
   "        str(docker_compose_wordpress_project_uploads)\n"
  ]
 },
 "5": {
  "name": "backup_static",
  "type": "str",
  "class": "build-in",
  "approach": "Pysonar2",
  "file_path": "backup-wordpress/tests/test_wordpress_backup_executor.py",
  "lineno": "49",
  "column": "4",
  "context": "(yaml_config_file.backup / '99991231235959'))\n    backup_static = (yaml_config_file.backup / '99991231235959/static')\n    shutil.copytree(str(InstanceResource.PATH_STAT",
  "context_lines": "    (yaml_config_file.docker_compose_wordpress_project / 'wordpress-s3/web/static').mkdir(parents=True)\n    (yaml_config_file.docker_compose_wordpress_project / 'wordpress-s3/web/app/uploads').mkdir(parents=True)\n    for file in InstanceResource.PATH_MYSQL_DUMP.glob('*'):\n        shutil.copy2(str(file), str(yaml_config_file.backup / '99991231235959'))\n    backup_static = (yaml_config_file.backup / '99991231235959/static')\n    shutil.copytree(str(InstanceResource.PATH_STATIC), str(backup_static))\n    backup_uploads = (yaml_config_file.backup / '99991231235959/uploads')\n    shutil.copytree(str(InstanceResource.PATH_UPLOADS), str(backup_uploads))\n    yield yaml_config_file\n\n\n",
  "slicing": [
   "    backup_static = (yaml_config_file.backup / '99991231235959/static')\n",
   "    shutil.copytree(str(InstanceResource.PATH_STATIC), str(backup_static))\n"
  ]
 },
 "6": {
  "name": "backup_uploads",
  "type": "str",
  "class": "build-in",
  "approach": "Pysonar2",
  "file_path": "backup-wordpress/tests/test_wordpress_backup_executor.py",
  "lineno": "51",
  "column": "4",
  "context": "nceResource.PATH_STATIC), str(backup_static))\n    backup_uploads = (yaml_config_file.backup / '99991231235959/uploads')\n    shutil.copytree(str(InstanceResource.PATH_UPLO",
  "context_lines": "    for file in InstanceResource.PATH_MYSQL_DUMP.glob('*'):\n        shutil.copy2(str(file), str(yaml_config_file.backup / '99991231235959'))\n    backup_static = (yaml_config_file.backup / '99991231235959/static')\n    shutil.copytree(str(InstanceResource.PATH_STATIC), str(backup_static))\n    backup_uploads = (yaml_config_file.backup / '99991231235959/uploads')\n    shutil.copytree(str(InstanceResource.PATH_UPLOADS), str(backup_uploads))\n    yield yaml_config_file\n\n\nclass TestWordpressBackupExecutor:\n    # pylint: disable=unused-argument\n",
  "slicing": [
   "    backup_uploads = (yaml_config_file.backup / '99991231235959/uploads')\n",
   "    shutil.copytree(str(InstanceResource.PATH_UPLOADS), str(backup_uploads))\n"
  ]
 },
 "7": {
  "name": "path_sql",
  "type": "str",
  "class": "build-in",
  "approach": "Pysonar2",
  "file_path": "backup-wordpress/tests/test_wordpress_backup_executor.py",
  "lineno": "77",
  "column": "8",
  "context": "oject.rglob('*'):\n            print(file)\n        path_sql = path_for_restore_test.docker_compose_wordpress_project / 'initdb.d/mysql_dump_20190831174529.sql'\n        assert path_sql.read_text() == 'a'\n       ",
  "context_lines": "    def test_restore(patch_datetime_now, path_for_restore_test):\n        WordpressBackupExecutor.restore()\n        for file in path_for_restore_test.docker_compose_wordpress_project.rglob('*'):\n            print(file)\n        path_sql = path_for_restore_test.docker_compose_wordpress_project / 'initdb.d/mysql_dump_20190831174529.sql'\n        assert path_sql.read_text() == 'a'\n        path_static = path_for_restore_test.docker_compose_wordpress_project / 'wordpress-s3/web/static'\n        assert sum(1 for _ in path_static.rglob('*')) == 3\n        path_static1 = path_for_restore_test.docker_compose_wordpress_project / 'wordpress-s3/web/static/static1.txt'\n",
  "slicing": [
   "        path_sql = path_for_restore_test.docker_compose_wordpress_project / 'initdb.d/mysql_dump_20190831174529.sql'\n",
   "        assert path_sql.read_text() == 'a'\n"
  ]
 },
 "8": {
  "name": "path_static",
  "type": "str",
  "class": "build-in",
  "approach": "Pysonar2",
  "file_path": "backup-wordpress/tests/test_wordpress_backup_executor.py",
  "lineno": "79",
  "column": "8",
  "context": "       assert path_sql.read_text() == 'a'\n        path_static = path_for_restore_test.docker_compose_wordpress_project / 'wordpress-s3/web/static'\n        assert sum(1 for _ in path_static.rglob('*",
  "context_lines": "        for file in path_for_restore_test.docker_compose_wordpress_project.rglob('*'):\n            print(file)\n        path_sql = path_for_restore_test.docker_compose_wordpress_project / 'initdb.d/mysql_dump_20190831174529.sql'\n        assert path_sql.read_text() == 'a'\n        path_static = path_for_restore_test.docker_compose_wordpress_project / 'wordpress-s3/web/static'\n        assert sum(1 for _ in path_static.rglob('*')) == 3\n        path_static1 = path_for_restore_test.docker_compose_wordpress_project / 'wordpress-s3/web/static/static1.txt'\n        assert path_static1.read_text() == 'c'\n        static2 = path_for_restore_test.docker_compose_wordpress_project / (\n",
  "slicing": [
   "        path_static = path_for_restore_test.docker_compose_wordpress_project / 'wordpress-s3/web/static'\n",
   "        assert sum(1 for _ in path_static.rglob('*')) == 3\n"
  ]
 },
 "9": {
  "name": "path_static1",
  "type": "str",
  "class": "build-in",
  "approach": "Pysonar2",
  "file_path": "backup-wordpress/tests/test_wordpress_backup_executor.py",
  "lineno": "81",
  "column": "8",
  "context": "m(1 for _ in path_static.rglob('*')) == 3\n        path_static1 = path_for_restore_test.docker_compose_wordpress_project / 'wordpress-s3/web/static/static1.txt'\n        assert path_static1.read_text() == 'c'\n   ",
  "context_lines": "        path_sql = path_for_restore_test.docker_compose_wordpress_project / 'initdb.d/mysql_dump_20190831174529.sql'\n        assert path_sql.read_text() == 'a'\n        path_static = path_for_restore_test.docker_compose_wordpress_project / 'wordpress-s3/web/static'\n        assert sum(1 for _ in path_static.rglob('*')) == 3\n        path_static1 = path_for_restore_test.docker_compose_wordpress_project / 'wordpress-s3/web/static/static1.txt'\n        assert path_static1.read_text() == 'c'\n        static2 = path_for_restore_test.docker_compose_wordpress_project / (\n            'wordpress-s3/web/static/subdirectory/static2.txt'\n        )\n",
  "slicing": [
   "        path_static1 = path_for_restore_test.docker_compose_wordpress_project / 'wordpress-s3/web/static/static1.txt'\n",
   "        assert path_static1.read_text() == 'c'\n"
  ]
 },
 "10": {
  "name": "static2",
  "type": "str",
  "class": "build-in",
  "approach": "Pysonar2",
  "file_path": "backup-wordpress/tests/test_wordpress_backup_executor.py",
  "lineno": "83",
  "column": "8",
  "context": "   assert path_static1.read_text() == 'c'\n        static2 = path_for_restore_test.docker_compose_wordpress_project / (\n            'wordpress-s3/web/static/subdirectory/",
  "context_lines": "        path_static = path_for_restore_test.docker_compose_wordpress_project / 'wordpress-s3/web/static'\n        assert sum(1 for _ in path_static.rglob('*')) == 3\n        path_static1 = path_for_restore_test.docker_compose_wordpress_project / 'wordpress-s3/web/static/static1.txt'\n        assert path_static1.read_text() == 'c'\n        static2 = path_for_restore_test.docker_compose_wordpress_project / (\n            'wordpress-s3/web/static/subdirectory/static2.txt'\n        )\n        assert static2.read_text() == 'd'\n        path_uploads = path_for_restore_test.docker_compose_wordpress_project / 'wordpress-s3/web/app/uploads'\n",
  "slicing": [
   "        static2 = path_for_restore_test.docker_compose_wordpress_project / (\n",
   "        assert static2.read_text() == 'd'\n"
  ]
 },
 "11": {
  "name": "path_uploads",
  "type": "str",
  "class": "build-in",
  "approach": "Pysonar2",
  "file_path": "backup-wordpress/tests/test_wordpress_backup_executor.py",
  "lineno": "87",
  "column": "8",
  "context": "        assert static2.read_text() == 'd'\n        path_uploads = path_for_restore_test.docker_compose_wordpress_project / 'wordpress-s3/web/app/uploads'\n        assert sum(1 for _ in path_uploads.rglob('",
  "context_lines": "        static2 = path_for_restore_test.docker_compose_wordpress_project / (\n            'wordpress-s3/web/static/subdirectory/static2.txt'\n        )\n        assert static2.read_text() == 'd'\n        path_uploads = path_for_restore_test.docker_compose_wordpress_project / 'wordpress-s3/web/app/uploads'\n        assert sum(1 for _ in path_uploads.rglob('*')) == 3\n        path_red = path_for_restore_test.docker_compose_wordpress_project / 'wordpress-s3/web/app/uploads/red.png'\n        assert path_red.read_bytes() == InstanceResource.PATH_RED.read_bytes()\n        path_blue = path_for_restore_test.docker_compose_wordpress_project / (\n",
  "slicing": [
   "        path_uploads = path_for_restore_test.docker_compose_wordpress_project / 'wordpress-s3/web/app/uploads'\n",
   "        assert sum(1 for _ in path_uploads.rglob('*')) == 3\n"
  ]
 },
 "12": {
  "name": "path_red",
  "type": "str",
  "class": "build-in",
  "approach": "Pysonar2",
  "file_path": "backup-wordpress/tests/test_wordpress_backup_executor.py",
  "lineno": "89",
  "column": "8",
  "context": "(1 for _ in path_uploads.rglob('*')) == 3\n        path_red = path_for_restore_test.docker_compose_wordpress_project / 'wordpress-s3/web/app/uploads/red.png'\n        assert path_red.read_bytes() == InstanceRe",
  "context_lines": "        )\n        assert static2.read_text() == 'd'\n        path_uploads = path_for_restore_test.docker_compose_wordpress_project / 'wordpress-s3/web/app/uploads'\n        assert sum(1 for _ in path_uploads.rglob('*')) == 3\n        path_red = path_for_restore_test.docker_compose_wordpress_project / 'wordpress-s3/web/app/uploads/red.png'\n        assert path_red.read_bytes() == InstanceResource.PATH_RED.read_bytes()\n        path_blue = path_for_restore_test.docker_compose_wordpress_project / (\n            'wordpress-s3/web/app/uploads/subdirectory/blue.png'\n        )\n",
  "slicing": [
   "        path_red = path_for_restore_test.docker_compose_wordpress_project / 'wordpress-s3/web/app/uploads/red.png'\n",
   "        assert path_red.read_bytes() == InstanceResource.PATH_RED.read_bytes()\n"
  ]
 },
 "13": {
  "name": "path_blue",
  "type": "str",
  "class": "build-in",
  "approach": "Pysonar2",
  "file_path": "backup-wordpress/tests/test_wordpress_backup_executor.py",
  "lineno": "91",
  "column": "8",
  "context": "== InstanceResource.PATH_RED.read_bytes()\n        path_blue = path_for_restore_test.docker_compose_wordpress_project / (\n            'wordpress-s3/web/app/uploads/subdirec",
  "context_lines": "        path_uploads = path_for_restore_test.docker_compose_wordpress_project / 'wordpress-s3/web/app/uploads'\n        assert sum(1 for _ in path_uploads.rglob('*')) == 3\n        path_red = path_for_restore_test.docker_compose_wordpress_project / 'wordpress-s3/web/app/uploads/red.png'\n        assert path_red.read_bytes() == InstanceResource.PATH_RED.read_bytes()\n        path_blue = path_for_restore_test.docker_compose_wordpress_project / (\n            'wordpress-s3/web/app/uploads/subdirectory/blue.png'\n        )\n",
  "slicing": [
   "        path_blue = path_for_restore_test.docker_compose_wordpress_project / (\n",
   "        assert path_blue.read_bytes() == InstanceResource.PATH_BLUE.read_bytes()\n"
  ]
 },
 "14": {
  "name": "path_init_db",
  "type": "str",
  "class": "build-in",
  "approach": "Pysonar2",
  "file_path": "backup-wordpress/tests/test_docker_compose_wordpress_project_directory.py",
  "lineno": "9",
  "column": "8",
  "context": "    @staticmethod\n    def test(tmp_path):\n        path_init_db = tmp_path / 'initdb.d'\n        path_init_db.mkdir()\n        (path_init_db",
  "context_lines": "from backupwordpress.docker_compose_wordpress_project_directory import DockerComposeWordpressProjectDirectory\n\n\nclass TestDockerComposeWordPressProjectDirectory:\n    @staticmethod\n    def test(tmp_path):\n        path_init_db = tmp_path / 'initdb.d'\n        path_init_db.mkdir()\n        (path_init_db / 'mysql_dump_20190831174529.sql').write_text('a')\n        (path_init_db / 'mysql_dump_20190831030000.sql').write_text('b')\n        docker_compose_wordpress_project_directory = DockerComposeWordpressProjectDirectory(tmp_path)\n",
  "slicing": [
   "        path_init_db = tmp_path / 'initdb.d'\n",
   "        path_init_db.mkdir()\n",
   "        (path_init_db / 'mysql_dump_20190831174529.sql').write_text('a')\n",
   "        (path_init_db / 'mysql_dump_20190831030000.sql').write_text('b')\n"
  ]
 },
 "15": {
  "name": "docker_compose_wordpress_project_directory",
  "type": "backupwordpress.docker_compose_wordpress_project_directory.DockerComposeWordpressProjectDirectory",
  "class": "customized",
  "approach": "annotation",
  "file_path": "backup-wordpress/tests/test_docker_compose_wordpress_project_directory.py",
  "lineno": "13",
  "column": "8",
  "context": "dump_20190831030000.sql').write_text('b')\n        docker_compose_wordpress_project_directory = DockerComposeWordpressProjectDirectory(tmp_path)\n        assert docker_compose_wordpress_project_di",
  "context_lines": "        path_init_db = tmp_path / 'initdb.d'\n        path_init_db.mkdir()\n        (path_init_db / 'mysql_dump_20190831174529.sql').write_text('a')\n        (path_init_db / 'mysql_dump_20190831030000.sql').write_text('b')\n        docker_compose_wordpress_project_directory = DockerComposeWordpressProjectDirectory(tmp_path)\n        assert docker_compose_wordpress_project_directory.mysql_dump.read_text() == 'a'\n        assert str(docker_compose_wordpress_project_directory.temporary_static).endswith(r':\\static')\n        assert str(docker_compose_wordpress_project_directory.temporary_uploads).endswith(r':\\uploads')\n        assert isinstance(docker_compose_wordpress_project_directory.static, Path)\n",
  "slicing": [
   "        docker_compose_wordpress_project_directory = DockerComposeWordpressProjectDirectory(tmp_path)\n",
   "        assert docker_compose_wordpress_project_directory.mysql_dump.read_text() == 'a'\n",
   "        assert str(docker_compose_wordpress_project_directory.temporary_static).endswith(r':\\static')\n",
   "        assert str(docker_compose_wordpress_project_directory.temporary_uploads).endswith(r':\\uploads')\n",
   "        assert isinstance(docker_compose_wordpress_project_directory.static, Path)\n",
   "        assert isinstance(docker_compose_wordpress_project_directory.uploads, Path)\n",
   "        assert not docker_compose_wordpress_project_directory.static_exists\n",
   "        assert not docker_compose_wordpress_project_directory.uploads_exists\n",
   "        assert docker_compose_wordpress_project_directory.static_exists\n",
   "        assert docker_compose_wordpress_project_directory.uploads_exists\n",
   "        assert docker_compose_wordpress_project_directory.static.endswith(r'\\static')\n",
   "        assert docker_compose_wordpress_project_directory.uploads.endswith(r'\\uploads')\n"
  ]
 },
 "16": {
  "name": "YAML_CONFIG_FILE_PATH",
  "type": "fixturefilehandler.file_paths.YamlConfigFilePathBuilder",
  "class": "imported",
  "approach": "annotation",
  "file_path": "backup-wordpress/tests/conftest.py",
  "lineno": "13",
  "column": "0",
  "context": "raries.instance_resource import InstanceResource\n\nYAML_CONFIG_FILE_PATH = YamlConfigFilePathBuilder(\n    path_target_directory=InstanceResource.PATH_PR",
  "context_lines": "from fixturefilehandler.factories import DeployerFactory\nfrom fixturefilehandler.file_paths import YamlConfigFilePathBuilder\n\nfrom backupwordpress import wordpress_backup_executor\nfrom tests.testlibraries.instance_resource import InstanceResource\n\nYAML_CONFIG_FILE_PATH = YamlConfigFilePathBuilder(\n    path_target_directory=InstanceResource.PATH_PROJECT_HOME_DIRECTORY,\n    path_test_directory=InstanceResource.PATH_TEST_RESOURCES\n)\nYamlConfigFileDeployer = DeployerFactory.create(YAML_CONFIG_FILE_PATH)\n\n\n",
  "slicing": [
   "YAML_CONFIG_FILE_PATH = YamlConfigFilePathBuilder(\n",
   "YamlConfigFileDeployer = DeployerFactory.create(YAML_CONFIG_FILE_PATH)\n",
   "    YAML_CONFIG_FILE_PATH.resource.write_text(\n",
   "    YamlConfigFileDeployer.setup()\n",
   "    YamlConfigFileDeployer.teardown()\n"
  ]
 },
 "17": {
  "name": "YamlConfigFileDeployer",
  "type": "UNKNOWN",
  "class": "unknown",
  "approach": "Pysonar2",
  "file_path": "backup-wordpress/tests/conftest.py",
  "lineno": "17",
  "column": "0",
  "context": "_directory=InstanceResource.PATH_TEST_RESOURCES\n)\nYamlConfigFileDeployer = DeployerFactory.create(YAML_CONFIG_FILE_PATH)\n\n\n@dataclass\nclass PathForTest:\n    backup: Path\n ",
  "context_lines": "YAML_CONFIG_FILE_PATH = YamlConfigFilePathBuilder(\n    path_target_directory=InstanceResource.PATH_PROJECT_HOME_DIRECTORY,\n    path_test_directory=InstanceResource.PATH_TEST_RESOURCES\n)\nYamlConfigFileDeployer = DeployerFactory.create(YAML_CONFIG_FILE_PATH)\n\n\n@dataclass\nclass PathForTest:\n    backup: Path\n",
  "slicing": [
   "YamlConfigFileDeployer = DeployerFactory.create(YAML_CONFIG_FILE_PATH)\n",
   "    YamlConfigFileDeployer.setup()\n",
   "    YamlConfigFileDeployer.teardown()\n"
  ]
 },
 "18": {
  "name": "backup",
  "type": "pathlib.Path",
  "class": "imported",
  "approach": "annotation",
  "file_path": "backup-wordpress/tests/conftest.py",
  "lineno": "22",
  "column": "4",
  "context": "IG_FILE_PATH)\n\n\n@dataclass\nclass PathForTest:\n    backup: Path\n    docker_compose_wordpress_project: Path\n\n\n@pyte",
  "context_lines": ")\nYamlConfigFileDeployer = DeployerFactory.create(YAML_CONFIG_FILE_PATH)\n\n\n@dataclass\nclass PathForTest:\n    backup: Path\n    docker_compose_wordpress_project: Path\n\n\n@pytest.fixture\ndef yaml_config_file(tmp_path):\n    \"\"\"This fixture prepares YAML config file and loads it.\"\"\"\n",
  "slicing": "    backup: Path\n"
 },
 "19": {
  "name": "docker_compose_wordpress_project",
  "type": "pathlib.Path",
  "class": "imported",
  "approach": "annotation",
  "file_path": "backup-wordpress/tests/conftest.py",
  "lineno": "23",
  "column": "4",
  "context": "dataclass\nclass PathForTest:\n    backup: Path\n    docker_compose_wordpress_project: Path\n\n\n@pytest.fixture\ndef yaml_config_file(tmp_path):\n",
  "context_lines": "YamlConfigFileDeployer = DeployerFactory.create(YAML_CONFIG_FILE_PATH)\n\n\n@dataclass\nclass PathForTest:\n    backup: Path\n    docker_compose_wordpress_project: Path\n\n\n@pytest.fixture\ndef yaml_config_file(tmp_path):\n    \"\"\"This fixture prepares YAML config file and loads it.\"\"\"\n",
  "slicing": "    docker_compose_wordpress_project: Path\n"
 },
 "20": {
  "name": "path_for_test",
  "type": "PathForTest",
  "class": "customized",
  "approach": "annotation",
  "file_path": "backup-wordpress/tests/conftest.py",
  "lineno": "29",
  "column": "4",
  "context": "re prepares YAML config file and loads it.\"\"\"\n    path_for_test = PathForTest(\n        tmp_path / 'backup',\n        tmp_path / 'd",
  "context_lines": "    docker_compose_wordpress_project: Path\n\n\n@pytest.fixture\ndef yaml_config_file(tmp_path):\n    \"\"\"This fixture prepares YAML config file and loads it.\"\"\"\n    path_for_test = PathForTest(\n        tmp_path / 'backup',\n        tmp_path / 'docker_compose_word_press_project',\n    )\n    YAML_CONFIG_FILE_PATH.resource.write_text(\n",
  "slicing": [
   "    path_for_test = PathForTest(\n",
   "            'backup_root_directory': str(path_for_test.backup),\n",
   "            'docker_compose_wordpress_project_directory': str(path_for_test.docker_compose_wordpress_project)\n",
   "    yield path_for_test\n"
  ]
 },
 "21": {
  "name": "date_time",
  "type": "UNKNOWN",
  "class": "unknown",
  "approach": "annotation",
  "file_path": "backup-wordpress/tests/conftest.py",
  "lineno": "47",
  "column": "4",
  "context": "def patch_datetime_now(monkeypatch, request):\n    date_time = getattr(request, 'param', datetime(9999, 12, 31, 23, 59, 59))\n\n    class MockDateTime:\n        @classmethod\n    ",
  "context_lines": "    yield path_for_test\n    YamlConfigFileDeployer.teardown()\n\n\n@pytest.fixture\ndef patch_datetime_now(monkeypatch, request):\n    date_time = getattr(request, 'param', datetime(9999, 12, 31, 23, 59, 59))\n\n    class MockDateTime:\n        @classmethod\n        def now(cls):\n",
  "slicing": [
   "    date_time = getattr(request, 'param', datetime(9999, 12, 31, 23, 59, 59))\n",
   "            return date_time\n",
   "    yield date_time\n"
  ]
 },
 "22": {
  "name": "PATH_TESTS",
  "type": "UNKNOWN",
  "class": "unknown",
  "approach": "Pysonar2",
  "file_path": "backup-wordpress/tests/testlibraries/instance_resource.py",
  "lineno": "6",
  "column": "4",
  "context": "This class implements fixture of instance.\"\"\"\n    PATH_TESTS = Path(__file__).parent.parent\n    PATH_PROJECT_HOME_DIRECTORY = PATH_TESTS.paren",
  "context_lines": "from pathlib import Path\n\n\nclass InstanceResource:\n    \"\"\"This class implements fixture of instance.\"\"\"\n    PATH_TESTS = Path(__file__).parent.parent\n    PATH_PROJECT_HOME_DIRECTORY = PATH_TESTS.parent\n    PATH_TEST_RESOURCES = PATH_TESTS / 'testresources'\n    PATH_MYSQL_DUMP = PATH_TEST_RESOURCES / 'mysqldump'\n    PATH_STATIC = PATH_TEST_RESOURCES / 'static'\n",
  "slicing": [
   "    PATH_TESTS = Path(__file__).parent.parent\n",
   "    PATH_PROJECT_HOME_DIRECTORY = PATH_TESTS.parent\n",
   "    PATH_TEST_RESOURCES = PATH_TESTS / 'testresources'\n",
   "    PATH_MYSQL_DUMP = PATH_TEST_RESOURCES / 'mysqldump'\n",
   "    PATH_STATIC = PATH_TEST_RESOURCES / 'static'\n",
   "    PATH_UPLOADS = PATH_TEST_RESOURCES / 'uploads'\n",
   "    PATH_RED = PATH_UPLOADS / 'red.png'\n",
   "    PATH_BLUE = PATH_UPLOADS / 'subdirectory/blue.png'\n"
  ]
 },
 "23": {
  "name": "PATH_PROJECT_HOME_DIRECTORY",
  "type": "UNKNOWN",
  "class": "unknown",
  "approach": "Pysonar2",
  "file_path": "backup-wordpress/tests/testlibraries/instance_resource.py",
  "lineno": "7",
  "column": "4",
  "context": "    PATH_TESTS = Path(__file__).parent.parent\n    PATH_PROJECT_HOME_DIRECTORY = PATH_TESTS.parent\n    PATH_TEST_RESOURCES = PATH_TESTS / 'testresour",
  "context_lines": "from pathlib import Path\n\n\nclass InstanceResource:\n    \"\"\"This class implements fixture of instance.\"\"\"\n    PATH_TESTS = Path(__file__).parent.parent\n    PATH_PROJECT_HOME_DIRECTORY = PATH_TESTS.parent\n    PATH_TEST_RESOURCES = PATH_TESTS / 'testresources'\n    PATH_MYSQL_DUMP = PATH_TEST_RESOURCES / 'mysqldump'\n    PATH_STATIC = PATH_TEST_RESOURCES / 'static'\n    PATH_UPLOADS = PATH_TEST_RESOURCES / 'uploads'\n",
  "slicing": "    PATH_PROJECT_HOME_DIRECTORY = PATH_TESTS.parent\n"
 },
 "24": {
  "name": "PATH_TEST_RESOURCES",
  "type": "str",
  "class": "build-in",
  "approach": "Pysonar2",
  "file_path": "backup-wordpress/tests/testlibraries/instance_resource.py",
  "lineno": "8",
  "column": "4",
  "context": "TH_PROJECT_HOME_DIRECTORY = PATH_TESTS.parent\n    PATH_TEST_RESOURCES = PATH_TESTS / 'testresources'\n    PATH_MYSQL_DUMP = PATH_TEST_RESOURCES / 'mysql",
  "context_lines": "class InstanceResource:\n    \"\"\"This class implements fixture of instance.\"\"\"\n    PATH_TESTS = Path(__file__).parent.parent\n    PATH_PROJECT_HOME_DIRECTORY = PATH_TESTS.parent\n    PATH_TEST_RESOURCES = PATH_TESTS / 'testresources'\n    PATH_MYSQL_DUMP = PATH_TEST_RESOURCES / 'mysqldump'\n    PATH_STATIC = PATH_TEST_RESOURCES / 'static'\n    PATH_UPLOADS = PATH_TEST_RESOURCES / 'uploads'\n    PATH_RED = PATH_UPLOADS / 'red.png'\n",
  "slicing": [
   "    PATH_TEST_RESOURCES = PATH_TESTS / 'testresources'\n",
   "    PATH_MYSQL_DUMP = PATH_TEST_RESOURCES / 'mysqldump'\n",
   "    PATH_STATIC = PATH_TEST_RESOURCES / 'static'\n",
   "    PATH_UPLOADS = PATH_TEST_RESOURCES / 'uploads'\n",
   "    PATH_RED = PATH_UPLOADS / 'red.png'\n",
   "    PATH_BLUE = PATH_UPLOADS / 'subdirectory/blue.png'\n"
  ]
 },
 "25": {
  "name": "PATH_MYSQL_DUMP",
  "type": "str",
  "class": "build-in",
  "approach": "Pysonar2",
  "file_path": "backup-wordpress/tests/testlibraries/instance_resource.py",
  "lineno": "9",
  "column": "4",
  "context": "TEST_RESOURCES = PATH_TESTS / 'testresources'\n    PATH_MYSQL_DUMP = PATH_TEST_RESOURCES / 'mysqldump'\n    PATH_STATIC = PATH_TEST_RESOURCES / 'static'\n ",
  "context_lines": "    \"\"\"This class implements fixture of instance.\"\"\"\n    PATH_TESTS = Path(__file__).parent.parent\n    PATH_PROJECT_HOME_DIRECTORY = PATH_TESTS.parent\n    PATH_TEST_RESOURCES = PATH_TESTS / 'testresources'\n    PATH_MYSQL_DUMP = PATH_TEST_RESOURCES / 'mysqldump'\n    PATH_STATIC = PATH_TEST_RESOURCES / 'static'\n    PATH_UPLOADS = PATH_TEST_RESOURCES / 'uploads'\n    PATH_RED = PATH_UPLOADS / 'red.png'\n",
  "slicing": "    PATH_MYSQL_DUMP = PATH_TEST_RESOURCES / 'mysqldump'\n"
 },
 "26": {
  "name": "PATH_STATIC",
  "type": "str",
  "class": "build-in",
  "approach": "Pysonar2",
  "file_path": "backup-wordpress/tests/testlibraries/instance_resource.py",
  "lineno": "10",
  "column": "4",
  "context": "YSQL_DUMP = PATH_TEST_RESOURCES / 'mysqldump'\n    PATH_STATIC = PATH_TEST_RESOURCES / 'static'\n    PATH_UPLOADS = PATH_TEST_RESOURCES / 'uploads'",
  "context_lines": "    PATH_TESTS = Path(__file__).parent.parent\n    PATH_PROJECT_HOME_DIRECTORY = PATH_TESTS.parent\n    PATH_TEST_RESOURCES = PATH_TESTS / 'testresources'\n    PATH_MYSQL_DUMP = PATH_TEST_RESOURCES / 'mysqldump'\n    PATH_STATIC = PATH_TEST_RESOURCES / 'static'\n    PATH_UPLOADS = PATH_TEST_RESOURCES / 'uploads'\n    PATH_RED = PATH_UPLOADS / 'red.png'\n",
  "slicing": "    PATH_STATIC = PATH_TEST_RESOURCES / 'static'\n"
 },
 "27": {
  "name": "PATH_UPLOADS",
  "type": "str",
  "class": "build-in",
  "approach": "Pysonar2",
  "file_path": "backup-wordpress/tests/testlibraries/instance_resource.py",
  "lineno": "11",
  "column": "4",
  "context": " PATH_STATIC = PATH_TEST_RESOURCES / 'static'\n    PATH_UPLOADS = PATH_TEST_RESOURCES / 'uploads'\n    PATH_RED = PATH_UPLOADS / 'red.png'\n    PATH_B",
  "context_lines": "    PATH_PROJECT_HOME_DIRECTORY = PATH_TESTS.parent\n    PATH_TEST_RESOURCES = PATH_TESTS / 'testresources'\n    PATH_MYSQL_DUMP = PATH_TEST_RESOURCES / 'mysqldump'\n    PATH_STATIC = PATH_TEST_RESOURCES / 'static'\n    PATH_UPLOADS = PATH_TEST_RESOURCES / 'uploads'\n    PATH_RED = PATH_UPLOADS / 'red.png'\n",
  "slicing": [
   "    PATH_UPLOADS = PATH_TEST_RESOURCES / 'uploads'\n",
   "    PATH_RED = PATH_UPLOADS / 'red.png'\n",
   "    PATH_BLUE = PATH_UPLOADS / 'subdirectory/blue.png'\n"
  ]
 },
 "28": {
  "name": "PATH_RED",
  "type": "str",
  "class": "build-in",
  "approach": "Pysonar2",
  "file_path": "backup-wordpress/tests/testlibraries/instance_resource.py",
  "lineno": "12",
  "column": "4",
  "context": "ATH_UPLOADS = PATH_TEST_RESOURCES / 'uploads'\n    PATH_RED = PATH_UPLOADS / 'red.png'\n    PATH_BLUE = PATH_UPLOADS / 'subdirectory/blue.",
  "context_lines": "    PATH_TEST_RESOURCES = PATH_TESTS / 'testresources'\n    PATH_MYSQL_DUMP = PATH_TEST_RESOURCES / 'mysqldump'\n    PATH_STATIC = PATH_TEST_RESOURCES / 'static'\n    PATH_UPLOADS = PATH_TEST_RESOURCES / 'uploads'\n    PATH_RED = PATH_UPLOADS / 'red.png'\n",
  "slicing": "    PATH_RED = PATH_UPLOADS / 'red.png'\n"
 },
 "29": {
  "name": "PATH_BLUE",
  "type": "str",
  "class": "build-in",
  "approach": "Pysonar2",
  "file_path": "backup-wordpress/tests/testlibraries/instance_resource.py",
  "lineno": "13",
  "column": "4",
  "context": "oads'\n    PATH_RED = PATH_UPLOADS / 'red.png'\n    PATH_BLUE = PATH_UPLOADS / 'subdirectory/blue.png'\n",
  "context_lines": "    PATH_MYSQL_DUMP = PATH_TEST_RESOURCES / 'mysqldump'\n    PATH_STATIC = PATH_TEST_RESOURCES / 'static'\n    PATH_UPLOADS = PATH_TEST_RESOURCES / 'uploads'\n    PATH_RED = PATH_UPLOADS / 'red.png'\n    PATH_BLUE = PATH_UPLOADS / 'subdirectory/blue.png'\n",
  "slicing": "    PATH_BLUE = PATH_UPLOADS / 'subdirectory/blue.png'\n"
 },
 "30": {
  "name": "now",
  "type": "datetime.datetime",
  "class": "imported",
  "approach": "Pysonar2",
  "file_path": "backup-wordpress/backupwordpress/wordpress_backup_executor.py",
  "lineno": "14",
  "column": "8",
  "context": "())\n        CONFIG.load(PATH_FILE_CONFIG)\n        now = datetime.now()\n        path_root = CONFIG.backup_root_directory /",
  "context_lines": "    @staticmethod\n    def back_up():\n        print(PATH_FILE_CONFIG.read_text())\n        CONFIG.load(PATH_FILE_CONFIG)\n        now = datetime.now()\n        path_root = CONFIG.backup_root_directory / now.strftime(\"%Y%m%d%H%M%S\")\n        path_root.mkdir()\n        backup_directory = BackupDirectory(path_root)\n\n        docker_compose_wordpress_project_directory = DockerComposeWordpressProjectDirectory(\n",
  "slicing": [
   "        now = datetime.now()\n",
   "        path_root = CONFIG.backup_root_directory / now.strftime(\"%Y%m%d%H%M%S\")\n",
   "        path_root.mkdir()\n",
   "        backup_directory = BackupDirectory(path_root)\n",
   "            str(backup_directory.root)\n",
   "            str(backup_directory.static)\n",
   "            str(backup_directory.uploads)\n",
   "            str(backup_directory.mysql_dump),\n",
   "            str(backup_directory.static),\n",
   "            str(backup_directory.uploads),\n"
  ]
 },
 "31": {
  "name": "path_root",
  "type": "str",
  "class": "build-in",
  "approach": "Pysonar2",
  "file_path": "backup-wordpress/backupwordpress/wordpress_backup_executor.py",
  "lineno": "15",
  "column": "8",
  "context": "FILE_CONFIG)\n        now = datetime.now()\n        path_root = CONFIG.backup_root_directory / now.strftime(\"%Y%m%d%H%M%S\")\n        path_root.mkdir()\n        backup_directory",
  "context_lines": "    def back_up():\n        print(PATH_FILE_CONFIG.read_text())\n        CONFIG.load(PATH_FILE_CONFIG)\n        now = datetime.now()\n        path_root = CONFIG.backup_root_directory / now.strftime(\"%Y%m%d%H%M%S\")\n        path_root.mkdir()\n        backup_directory = BackupDirectory(path_root)\n\n        docker_compose_wordpress_project_directory = DockerComposeWordpressProjectDirectory(\n            CONFIG.docker_compose_wordpress_project_directory\n",
  "slicing": [
   "        path_root = CONFIG.backup_root_directory / now.strftime(\"%Y%m%d%H%M%S\")\n",
   "        path_root.mkdir()\n",
   "        backup_directory = BackupDirectory(path_root)\n",
   "            str(backup_directory.root)\n",
   "            str(backup_directory.static)\n",
   "            str(backup_directory.uploads)\n",
   "            str(backup_directory.mysql_dump),\n",
   "            str(backup_directory.static),\n",
   "            str(backup_directory.uploads),\n"
  ]
 },
 "32": {
  "name": "backup_directory",
  "type": "backupwordpress.backup_directory.BackupDirectory",
  "class": "customized",
  "approach": "annotation",
  "file_path": "backup-wordpress/backupwordpress/wordpress_backup_executor.py",
  "lineno": "17",
  "column": "8",
  "context": "\"%Y%m%d%H%M%S\")\n        path_root.mkdir()\n        backup_directory = BackupDirectory(path_root)\n\n        docker_compose_wordpress_project_director",
  "context_lines": "        CONFIG.load(PATH_FILE_CONFIG)\n        now = datetime.now()\n        path_root = CONFIG.backup_root_directory / now.strftime(\"%Y%m%d%H%M%S\")\n        path_root.mkdir()\n        backup_directory = BackupDirectory(path_root)\n\n        docker_compose_wordpress_project_directory = DockerComposeWordpressProjectDirectory(\n            CONFIG.docker_compose_wordpress_project_directory\n        )\n\n",
  "slicing": [
   "        backup_directory = BackupDirectory(path_root)\n",
   "            str(backup_directory.root)\n",
   "            str(backup_directory.static)\n",
   "            str(backup_directory.uploads)\n",
   "            str(backup_directory.mysql_dump),\n",
   "            str(backup_directory.static),\n",
   "            str(backup_directory.uploads),\n"
  ]
 },
 "33": {
  "name": "docker_compose_wordpress_project_directory",
  "type": "backupwordpress.docker_compose_wordpress_project_directory.DockerComposeWordpressProjectDirectory",
  "class": "customized",
  "approach": "annotation",
  "file_path": "backup-wordpress/backupwordpress/wordpress_backup_executor.py",
  "lineno": "19",
  "column": "8",
  "context": "p_directory = BackupDirectory(path_root)\n\n        docker_compose_wordpress_project_directory = DockerComposeWordpressProjectDirectory(\n            CONFIG.docker_compose_wordpress_projec",
  "context_lines": "        now = datetime.now()\n        path_root = CONFIG.backup_root_directory / now.strftime(\"%Y%m%d%H%M%S\")\n        path_root.mkdir()\n        backup_directory = BackupDirectory(path_root)\n\n        docker_compose_wordpress_project_directory = DockerComposeWordpressProjectDirectory(\n            CONFIG.docker_compose_wordpress_project_directory\n        )\n\n        shutil.copy2(\n            str(docker_compose_wordpress_project_directory.mysql_dump),\n",
  "slicing": [
   "        docker_compose_wordpress_project_directory = DockerComposeWordpressProjectDirectory(\n",
   "            str(docker_compose_wordpress_project_directory.mysql_dump),\n",
   "            str(docker_compose_wordpress_project_directory.static),\n",
   "            str(docker_compose_wordpress_project_directory.uploads),\n",
   "            str(docker_compose_wordpress_project_directory.init_db)\n",
   "        if docker_compose_wordpress_project_directory.static_exists:\n",
   "            shutil.rmtree(str(docker_compose_wordpress_project_directory.static))\n",
   "            str(docker_compose_wordpress_project_directory.temporary_static)\n",
   "            str(docker_compose_wordpress_project_directory.temporary_static),\n",
   "            str(docker_compose_wordpress_project_directory.static)\n",
   "        if docker_compose_wordpress_project_directory.uploads_exists:\n",
   "            shutil.rmtree(str(docker_compose_wordpress_project_directory.uploads))\n",
   "            str(docker_compose_wordpress_project_directory.temporary_uploads)\n",
   "            str(docker_compose_wordpress_project_directory.temporary_uploads),\n",
   "            str(docker_compose_wordpress_project_directory.uploads)\n"
  ]
 },
 "34": {
  "name": "docker_compose_wordpress_project_directory",
  "type": "backupwordpress.docker_compose_wordpress_project_directory.DockerComposeWordpressProjectDirectory",
  "class": "customized",
  "approach": "annotation",
  "file_path": "backup-wordpress/backupwordpress/wordpress_backup_executor.py",
  "lineno": "41",
  "column": "8",
  "context": "():\n        CONFIG.load(PATH_FILE_CONFIG)\n        docker_compose_wordpress_project_directory = DockerComposeWordpressProjectDirectory(\n            CONFIG.docker_compose_wordpress_projec",
  "context_lines": "        )\n\n    @staticmethod\n    def restore():\n        CONFIG.load(PATH_FILE_CONFIG)\n        docker_compose_wordpress_project_directory = DockerComposeWordpressProjectDirectory(\n            CONFIG.docker_compose_wordpress_project_directory\n        )\n        backup_directory = BackupDirectory(sorted(CONFIG.backup_root_directory.glob('./*'), reverse=True)[0])\n\n        shutil.copy2(\n",
  "slicing": [
   "        docker_compose_wordpress_project_directory = DockerComposeWordpressProjectDirectory(\n",
   "            str(docker_compose_wordpress_project_directory.init_db)\n",
   "        if docker_compose_wordpress_project_directory.static_exists:\n",
   "            shutil.rmtree(str(docker_compose_wordpress_project_directory.static))\n",
   "            str(docker_compose_wordpress_project_directory.temporary_static)\n",
   "            str(docker_compose_wordpress_project_directory.temporary_static),\n",
   "            str(docker_compose_wordpress_project_directory.static)\n",
   "        if docker_compose_wordpress_project_directory.uploads_exists:\n",
   "            shutil.rmtree(str(docker_compose_wordpress_project_directory.uploads))\n",
   "            str(docker_compose_wordpress_project_directory.temporary_uploads)\n",
   "            str(docker_compose_wordpress_project_directory.temporary_uploads),\n",
   "            str(docker_compose_wordpress_project_directory.uploads)\n"
  ]
 },
 "35": {
  "name": "backup_directory",
  "type": "backupwordpress.backup_directory.BackupDirectory",
  "class": "customized",
  "approach": "annotation",
  "file_path": "backup-wordpress/backupwordpress/wordpress_backup_executor.py",
  "lineno": "44",
  "column": "8",
  "context": "ose_wordpress_project_directory\n        )\n        backup_directory = BackupDirectory(sorted(CONFIG.backup_root_directory.glob('./*'), reverse=True)[0])\n\n        shutil.copy2(\n            str(backup_dire",
  "context_lines": "        CONFIG.load(PATH_FILE_CONFIG)\n        docker_compose_wordpress_project_directory = DockerComposeWordpressProjectDirectory(\n            CONFIG.docker_compose_wordpress_project_directory\n        )\n        backup_directory = BackupDirectory(sorted(CONFIG.backup_root_directory.glob('./*'), reverse=True)[0])\n\n        shutil.copy2(\n            str(backup_directory.mysql_dump),\n            str(docker_compose_wordpress_project_directory.init_db)\n",
  "slicing": [
   "        backup_directory = BackupDirectory(sorted(CONFIG.backup_root_directory.glob('./*'), reverse=True)[0])\n",
   "            str(backup_directory.mysql_dump),\n",
   "            str(backup_directory.static),\n",
   "            str(backup_directory.uploads),\n"
  ]
 },
 "36": {
  "name": "backup_root_directory",
  "type": "pathlib.Path",
  "class": "imported",
  "approach": "annotation",
  "file_path": "backup-wordpress/backupwordpress/config.py",
  "lineno": "10",
  "column": "4",
  "context": "s class implements configuration wrapping.\"\"\"\n    backup_root_directory: Path = field(  # type: ignore\n        default=None,\n        metadata={'dataclass",
  "context_lines": "from yamldataclassconfig.config import YamlDataClassConfig\n\n\n@dataclass\nclass Config(YamlDataClassConfig):\n    \"\"\"This class implements configuration wrapping.\"\"\"\n    backup_root_directory: Path = field(  # type: ignore\n        default=None,\n        metadata={'dataclasses_json': {\n            'decoder': Path,\n            'mm_field': Path\n",
  "slicing": "    backup_root_directory: Path = field(  # type: ignore\n"
 },
 "37": {
  "name": "docker_compose_wordpress_project_directory",
  "type": "pathlib.Path",
  "class": "imported",
  "approach": "annotation",
  "file_path": "backup-wordpress/backupwordpress/config.py",
  "lineno": "17",
  "column": "4",
  "context": "            'mm_field': Path\n        }}\n    )\n    docker_compose_wordpress_project_directory: Path = field(  # type: ignore\n        default=None,\n        metadata={'dataclass",
  "context_lines": "            'decoder': Path,\n            'mm_field': Path\n        }}\n    )\n    docker_compose_wordpress_project_directory: Path = field(  # type: ignore\n        default=None,\n        metadata={'dataclasses_json': {\n            'decoder': Path,\n            'mm_field': Path\n",
  "slicing": "    docker_compose_wordpress_project_directory: Path = field(  # type: ignore\n"
 },
 "38": {
  "name": "CONFIG",
  "type": "backupwordpress.config.Config",
  "class": "customized",
  "approach": "annotation",
  "file_path": "backup-wordpress/backupwordpress/__init__.py",
  "lineno": "5",
  "column": "0",
  "context": " Path\n\nfrom backupwordpress.config import Config\n\nCONFIG: Config = Config()\n\n\nPATH_FILE_CONFIG = Path(__file__).parent.parent ",
  "context_lines": "from pathlib import Path\n\nfrom backupwordpress.config import Config\n\nCONFIG: Config = Config()\n\n\n",
  "slicing": "CONFIG: Config = Config()\n"
 },
 "39": {
  "name": "PATH_FILE_CONFIG",
  "type": "str",
  "class": "build-in",
  "approach": "Pysonar2",
  "file_path": "backup-wordpress/backupwordpress/__init__.py",
  "lineno": "8",
  "column": "0",
  "context": "config import Config\n\nCONFIG: Config = Config()\n\n\nPATH_FILE_CONFIG = Path(__file__).parent.parent / 'config.yml'\n",
  "context_lines": "from pathlib import Path\n\nfrom backupwordpress.config import Config\n\nCONFIG: Config = Config()\n\n\nPATH_FILE_CONFIG = Path(__file__).parent.parent / 'config.yml'\n",
  "slicing": "PATH_FILE_CONFIG = Path(__file__).parent.parent / 'config.yml'\n"
 },
 "40": {
  "name": "tmp_path",
  "type": "UNKNOWN",
  "class": "unknown",
  "approach": "Pysonar2",
  "file_path": "backup-wordpress/tests/test_backup_directory.py",
  "lineno": "6",
  "column": "13",
  "context": "stBackupDirectory:\n    @staticmethod\n    def test(tmp_path):\n        (tmp_path / 'mysql_dump_20190831174529.sql",
  "context_lines": "from backupwordpress.backup_directory import BackupDirectory\n\n\nclass TestBackupDirectory:\n    @staticmethod\n    def test(tmp_path):\n        (tmp_path / 'mysql_dump_20190831174529.sql').write_text('a')\n        (tmp_path / 'mysql_dump_20190831030000.sql').write_text('b')\n        backup_directory = BackupDirectory(tmp_path)\n",
  "slicing": "    def test(tmp_path):\n"
 },
 "41": {
  "name": "yaml_config_file",
  "type": "UNKNOWN",
  "class": "unknown",
  "approach": "Pysonar2",
  "file_path": "backup-wordpress/tests/test_config.py",
  "lineno": "6",
  "column": "18",
  "context": "s TestConfig:\n    @staticmethod\n    def test_load(yaml_config_file):\n        \"\"\"Arguments should load yaml file.\"\"\"\n   ",
  "context_lines": "from backupwordpress import Config, PATH_FILE_CONFIG\n\n\nclass TestConfig:\n    @staticmethod\n    def test_load(yaml_config_file):\n        \"\"\"Arguments should load yaml file.\"\"\"\n        config = Config()\n        config.load(PATH_FILE_CONFIG)\n        assert config.backup_root_directory == yaml_config_file.backup\n",
  "slicing": "    def test_load(yaml_config_file):\n"
 },
 "42": {
  "name": "yaml_config_file",
  "type": "UNKNOWN",
  "class": "unknown",
  "approach": "Pysonar2",
  "file_path": "backup-wordpress/tests/test_wordpress_backup_executor.py",
  "lineno": "10",
  "column": "26",
  "context": "ource\n\n\n@pytest.fixture\ndef path_for_back_up_test(yaml_config_file):\n    yaml_config_file.backup.mkdir()\n    yaml_confi",
  "context_lines": "import pytest\n\nfrom backupwordpress.wordpress_backup_executor import WordpressBackupExecutor\nfrom tests.testlibraries.instance_resource import InstanceResource\n\n\n@pytest.fixture\ndef path_for_back_up_test(yaml_config_file):\n    yaml_config_file.backup.mkdir()\n    yaml_config_file.docker_compose_wordpress_project.mkdir()\n    shutil.copytree(\n        str(InstanceResource.PATH_MYSQL_DUMP),\n",
  "slicing": "def path_for_back_up_test(yaml_config_file):\n"
 },
 "43": {
  "name": "yaml_config_file",
  "type": "UNKNOWN",
  "class": "unknown",
  "approach": "Pysonar2",
  "file_path": "backup-wordpress/tests/test_wordpress_backup_executor.py",
  "lineno": "40",
  "column": "26",
  "context": "_file\n\n\n@pytest.fixture\ndef path_for_restore_test(yaml_config_file):\n    yaml_config_file.backup.mkdir()\n    (yaml_conf",
  "context_lines": "        str(docker_compose_wordpress_project_uploads)\n    )\n    yield yaml_config_file\n\n\n@pytest.fixture\ndef path_for_restore_test(yaml_config_file):\n    yaml_config_file.backup.mkdir()\n    (yaml_config_file.backup / '99991231235959').mkdir()\n    (yaml_config_file.backup / '99991231235958').mkdir()\n    (yaml_config_file.docker_compose_wordpress_project / 'initdb.d').mkdir(parents=True)\n",
  "slicing": "def path_for_restore_test(yaml_config_file):\n"
 },
 "44": {
  "name": "patch_datetime_now",
  "type": "UNKNOWN",
  "class": "unknown",
  "approach": "Pysonar2",
  "file_path": "backup-wordpress/tests/test_wordpress_backup_executor.py",
  "lineno": "59",
  "column": "21",
  "context": "d-argument\n    @staticmethod\n    def test_back_up(patch_datetime_now, path_for_back_up_test):\n        WordpressBackupExecutor.back_up()\n        ",
  "context_lines": "    yield yaml_config_file\n\n\nclass TestWordpressBackupExecutor:\n    # pylint: disable=unused-argument\n    @staticmethod\n    def test_back_up(patch_datetime_now, path_for_back_up_test):\n        WordpressBackupExecutor.back_up()\n        assert (path_for_back_up_test.backup / '99991231235959/mysql_dump_20190831174529.sql').read_text() == 'a'\n        assert sum(1 for _ in (path_for_back_up_test.backup / '99991231235959/static').rglob('*')) == 3\n        assert (path_for_back_up_test.backup / '99991231235959/static/static1.txt').read_text() == 'c'\n",
  "slicing": "    def test_back_up(patch_datetime_now, path_for_back_up_test):\n"
 },
 "45": {
  "name": "path_for_back_up_test",
  "type": "UNKNOWN",
  "class": "unknown",
  "approach": "Pysonar2",
  "file_path": "backup-wordpress/tests/test_wordpress_backup_executor.py",
  "lineno": "59",
  "column": "41",
  "context": "icmethod\n    def test_back_up(patch_datetime_now, path_for_back_up_test):\n        WordpressBackupExecutor.back_up()\n        ",
  "context_lines": "    yield yaml_config_file\n\n\nclass TestWordpressBackupExecutor:\n    # pylint: disable=unused-argument\n    @staticmethod\n    def test_back_up(patch_datetime_now, path_for_back_up_test):\n        WordpressBackupExecutor.back_up()\n        assert (path_for_back_up_test.backup / '99991231235959/mysql_dump_20190831174529.sql').read_text() == 'a'\n        assert sum(1 for _ in (path_for_back_up_test.backup / '99991231235959/static').rglob('*')) == 3\n        assert (path_for_back_up_test.backup / '99991231235959/static/static1.txt').read_text() == 'c'\n",
  "slicing": "    def test_back_up(patch_datetime_now, path_for_back_up_test):\n"
 },
 "46": {
  "name": "patch_datetime_now",
  "type": "UNKNOWN",
  "class": "unknown",
  "approach": "Pysonar2",
  "file_path": "backup-wordpress/tests/test_wordpress_backup_executor.py",
  "lineno": "73",
  "column": "21",
  "context": "d-argument\n    @staticmethod\n    def test_restore(patch_datetime_now, path_for_restore_test):\n        WordpressBackupExecutor.restore()\n        ",
  "context_lines": "        assert (path_for_back_up_test.backup / '99991231235959/uploads/subdirectory/blue.png').read_bytes(\n        ) == InstanceResource.PATH_BLUE.read_bytes()\n\n    # pylint: disable=unused-argument\n    @staticmethod\n    def test_restore(patch_datetime_now, path_for_restore_test):\n        WordpressBackupExecutor.restore()\n        for file in path_for_restore_test.docker_compose_wordpress_project.rglob('*'):\n            print(file)\n        path_sql = path_for_restore_test.docker_compose_wordpress_project / 'initdb.d/mysql_dump_20190831174529.sql'\n",
  "slicing": "    def test_restore(patch_datetime_now, path_for_restore_test):\n"
 },
 "47": {
  "name": "path_for_restore_test",
  "type": "UNKNOWN",
  "class": "unknown",
  "approach": "Pysonar2",
  "file_path": "backup-wordpress/tests/test_wordpress_backup_executor.py",
  "lineno": "73",
  "column": "41",
  "context": "icmethod\n    def test_restore(patch_datetime_now, path_for_restore_test):\n        WordpressBackupExecutor.restore()\n        ",
  "context_lines": "        assert (path_for_back_up_test.backup / '99991231235959/uploads/subdirectory/blue.png').read_bytes(\n        ) == InstanceResource.PATH_BLUE.read_bytes()\n\n    # pylint: disable=unused-argument\n    @staticmethod\n    def test_restore(patch_datetime_now, path_for_restore_test):\n        WordpressBackupExecutor.restore()\n        for file in path_for_restore_test.docker_compose_wordpress_project.rglob('*'):\n            print(file)\n        path_sql = path_for_restore_test.docker_compose_wordpress_project / 'initdb.d/mysql_dump_20190831174529.sql'\n",
  "slicing": "    def test_restore(patch_datetime_now, path_for_restore_test):\n"
 },
 "48": {
  "name": "tmp_path",
  "type": "UNKNOWN",
  "class": "unknown",
  "approach": "Pysonar2",
  "file_path": "backup-wordpress/tests/test_docker_compose_wordpress_project_directory.py",
  "lineno": "8",
  "column": "13",
  "context": "sProjectDirectory:\n    @staticmethod\n    def test(tmp_path):\n        path_init_db = tmp_path / 'initdb.d'\n     ",
  "context_lines": "from pathlib import Path\n\nfrom backupwordpress.docker_compose_wordpress_project_directory import DockerComposeWordpressProjectDirectory\n\n\nclass TestDockerComposeWordPressProjectDirectory:\n    @staticmethod\n    def test(tmp_path):\n        path_init_db = tmp_path / 'initdb.d'\n        path_init_db.mkdir()\n        (path_init_db / 'mysql_dump_20190831174529.sql').write_text('a')\n        (path_init_db / 'mysql_dump_20190831030000.sql').write_text('b')\n",
  "slicing": "    def test(tmp_path):\n"
 },
 "49": {
  "name": "tmp_path",
  "type": "UNKNOWN",
  "class": "unknown",
  "approach": "Pysonar2",
  "file_path": "backup-wordpress/tests/conftest.py",
  "lineno": "27",
  "column": "21",
  "context": "ject: Path\n\n\n@pytest.fixture\ndef yaml_config_file(tmp_path):\n    \"\"\"This fixture prepares YAML config file and ",
  "context_lines": "class PathForTest:\n    backup: Path\n    docker_compose_wordpress_project: Path\n\n\n@pytest.fixture\ndef yaml_config_file(tmp_path):\n    \"\"\"This fixture prepares YAML config file and loads it.\"\"\"\n    path_for_test = PathForTest(\n        tmp_path / 'backup',\n        tmp_path / 'docker_compose_word_press_project',\n",
  "slicing": "def yaml_config_file(tmp_path):\n"
 },
 "50": {
  "name": "monkeypatch",
  "type": "UNKNOWN",
  "class": "unknown",
  "approach": "Pysonar2",
  "file_path": "backup-wordpress/tests/conftest.py",
  "lineno": "46",
  "column": "23",
  "context": "ardown()\n\n\n@pytest.fixture\ndef patch_datetime_now(monkeypatch, request):\n    date_time = getattr(request, 'param', datetime",
  "context_lines": "    YamlConfigFileDeployer.setup()\n    yield path_for_test\n    YamlConfigFileDeployer.teardown()\n\n\n@pytest.fixture\ndef patch_datetime_now(monkeypatch, request):\n    date_time = getattr(request, 'param', datetime(9999, 12, 31, 23, 59, 59))\n\n    class MockDateTime:\n        @classmethod\n        def now(cls):\n",
  "slicing": "def patch_datetime_now(monkeypatch, request):\n"
 },
 "51": {
  "name": "request",
  "type": "UNKNOWN",
  "class": "unknown",
  "approach": "Pysonar2",
  "file_path": "backup-wordpress/tests/conftest.py",
  "lineno": "46",
  "column": "36",
  "context": "ytest.fixture\ndef patch_datetime_now(monkeypatch, request):\n    date_time = getattr(request, 'param', datetime",
  "context_lines": "    YamlConfigFileDeployer.setup()\n    yield path_for_test\n    YamlConfigFileDeployer.teardown()\n\n\n@pytest.fixture\ndef patch_datetime_now(monkeypatch, request):\n    date_time = getattr(request, 'param', datetime(9999, 12, 31, 23, 59, 59))\n\n    class MockDateTime:\n        @classmethod\n        def now(cls):\n",
  "slicing": "def patch_datetime_now(monkeypatch, request):\n"
 },
 "52": {
  "name": "cls",
  "type": "MockDateTime",
  "class": "customized",
  "approach": "Pysonar2",
  "file_path": "backup-wordpress/tests/conftest.py",
  "lineno": "51",
  "column": "16",
  "context": "ockDateTime:\n        @classmethod\n        def now(cls):\n            return date_time\n\n    monkeypatch.seta",
  "context_lines": "def patch_datetime_now(monkeypatch, request):\n    date_time = getattr(request, 'param', datetime(9999, 12, 31, 23, 59, 59))\n\n    class MockDateTime:\n        @classmethod\n        def now(cls):\n            return date_time\n\n    monkeypatch.setattr(wordpress_backup_executor, 'datetime', MockDateTime)\n",
  "slicing": "        def now(cls):\n"
 },
 "53": {
  "name": "path",
  "type": "UNKNOWN",
  "class": "unknown",
  "approach": "Pysonar2",
  "file_path": "backup-wordpress/backupwordpress/docker_compose_wordpress_project_directory.py",
  "lineno": "7",
  "column": "23",
  "context": "WordpressProjectDirectory:\n    def __init__(self, path):\n        self.path = path\n        self.init_db = pa",
  "context_lines": "from pathlib import Path\n\nimport win32api\n\n\nclass DockerComposeWordpressProjectDirectory:\n    def __init__(self, path):\n        self.path = path\n        self.init_db = path / 'initdb.d'\n        self._static = path / 'wordpress-s3/web/static'\n        self._uploads = path / 'wordpress-s3/web/app/uploads'\n\n",
  "slicing": "    def __init__(self, path):\n"
 },
 "54": {
  "name": "path_root",
  "type": "UNKNOWN",
  "class": "unknown",
  "approach": "annotation",
  "file_path": "backup-wordpress/backupwordpress/backup_directory.py",
  "lineno": "5",
  "column": "23",
  "context": "h\n\n\nclass BackupDirectory:\n    def __init__(self, path_root: Path):\n        self.root = path_root\n        self.static ",
  "context_lines": "from pathlib import Path\n\n\nclass BackupDirectory:\n    def __init__(self, path_root: Path):\n        self.root = path_root\n        self.static = self.root / 'static'\n        self.uploads = self.root / 'uploads'\n\n    @property\n",
  "slicing": "    def __init__(self, path_root: Path):\n"
 }
}