{
 "1": {
  "name": "long_description",
  "type": "str",
  "class": "build-in",
  "approach": "Pysonar2",
  "file_path": "bankroll-broker-fidelity/setup.py",
  "lineno": "4",
  "column": "4",
  "context": "_packages\n\nwith open(\"README.md\", \"r\") as fh:\n    long_description = fh.read()\n\nsetup(\n    name=\"bankroll-broker-fidelity\",\n    v",
  "context_lines": "from setuptools import setup, find_packages\n\nwith open(\"README.md\", \"r\") as fh:\n    long_description = fh.read()\n\nsetup(\n    name=\"bankroll-broker-fidelity\",\n    version=\"0.4.0\",\n",
  "slicing": [
   "    long_description = fh.read()\n",
   "    long_description=long_description,\n"
  ]
 },
 "2": {
  "name": "POSITIONS",
  "type": "str",
  "class": "build-in",
  "approach": "Pysonar2",
  "file_path": "bankroll-broker-fidelity/bankroll/brokers/fidelity/account.py",
  "lineno": "43",
  "column": "4",
  "context": "nique\nclass Settings(configuration.Settings):\n    POSITIONS = \"Positions\"\n    TRANSACTIONS = \"Transactions\"\n\n    @property\n ",
  "context_lines": "import operator\nimport re\n\n\n@unique\nclass Settings(configuration.Settings):\n    POSITIONS = \"Positions\"\n    TRANSACTIONS = \"Transactions\"\n\n    @property\n    def help(self) -> str:\n        if self == self.POSITIONS:\n",
  "slicing": "    POSITIONS = \"Positions\"\n"
 },
 "3": {
  "name": "TRANSACTIONS",
  "type": "str",
  "class": "build-in",
  "approach": "Pysonar2",
  "file_path": "bankroll-broker-fidelity/bankroll/brokers/fidelity/account.py",
  "lineno": "44",
  "column": "4",
  "context": "ration.Settings):\n    POSITIONS = \"Positions\"\n    TRANSACTIONS = \"Transactions\"\n\n    @property\n    def help(self) -> str:\n        ",
  "context_lines": "import re\n\n\n@unique\nclass Settings(configuration.Settings):\n    POSITIONS = \"Positions\"\n    TRANSACTIONS = \"Transactions\"\n\n    @property\n    def help(self) -> str:\n        if self == self.POSITIONS:\n",
  "slicing": "    TRANSACTIONS = \"Transactions\"\n"
 },
 "4": {
  "name": "symbol",
  "type": "str",
  "class": "build-in",
  "approach": "annotation",
  "file_path": "bankroll-broker-fidelity/bankroll/brokers/fidelity/account.py",
  "lineno": "61",
  "column": "4",
  "context": "elity\"\n\n\nclass _FidelityPosition(NamedTuple):\n    symbol: str\n    description: str\n    quantity: str\n    price: ",
  "context_lines": "    @classmethod\n    def sectionName(cls) -> str:\n        return \"Fidelity\"\n\n\nclass _FidelityPosition(NamedTuple):\n    symbol: str\n    description: str\n    quantity: str\n    price: str\n    beginningValue: str\n",
  "slicing": [
   "    symbol: str\n",
   "        symbol,\n",
   "        raise ValueError(f\"Could not parse Fidelity options symbol: {symbol}\")\n",
   "    if re.search(r\"[0-9]+(C|P)[0-9]+$\", symbol):\n",
   "        return _parseOptionTransaction(symbol, currency)\n",
   "    elif Bond.validBondSymbol(symbol):\n",
   "        return Bond(symbol, currency=currency)\n",
   "        return Stock(symbol, currency=currency)\n"
  ]
 },
 "5": {
  "name": "description",
  "type": "str",
  "class": "build-in",
  "approach": "annotation",
  "file_path": "bankroll-broker-fidelity/bankroll/brokers/fidelity/account.py",
  "lineno": "62",
  "column": "4",
  "context": "FidelityPosition(NamedTuple):\n    symbol: str\n    description: str\n    quantity: str\n    price: str\n    beginningValu",
  "context_lines": "    def sectionName(cls) -> str:\n        return \"Fidelity\"\n\n\nclass _FidelityPosition(NamedTuple):\n    symbol: str\n    description: str\n    quantity: str\n    price: str\n    beginningValue: str\n    endingValue: str\n",
  "slicing": [
   "    description: str\n",
   "        description,\n",
   "        raise ValueError(f\"Could not parse Fidelity options description: {description}\")\n"
  ]
 },
 "6": {
  "name": "quantity",
  "type": "str",
  "class": "build-in",
  "approach": "annotation",
  "file_path": "bankroll-broker-fidelity/bankroll/brokers/fidelity/account.py",
  "lineno": "63",
  "column": "4",
  "context": "dTuple):\n    symbol: str\n    description: str\n    quantity: str\n    price: str\n    beginningValue: str\n    endingV",
  "context_lines": "        return \"Fidelity\"\n\n\nclass _FidelityPosition(NamedTuple):\n    symbol: str\n    description: str\n    quantity: str\n    price: str\n    beginningValue: str\n    endingValue: str\n    costBasis: str\n\n\n",
  "slicing": [
   "    quantity: str\n",
   "        quantity=quantity,\n"
  ]
 },
 "7": {
  "name": "price",
  "type": "str",
  "class": "build-in",
  "approach": "annotation",
  "file_path": "bankroll-broker-fidelity/bankroll/brokers/fidelity/account.py",
  "lineno": "64",
  "column": "4",
  "context": "l: str\n    description: str\n    quantity: str\n    price: str\n    beginningValue: str\n    endingValue: str\n    c",
  "context_lines": "class _FidelityPosition(NamedTuple):\n    symbol: str\n    description: str\n    quantity: str\n    price: str\n    beginningValue: str\n    endingValue: str\n    costBasis: str\n\n\n_InstrumentFactory = Callable[[_FidelityPosition], Instrument]\n\n\n",
  "slicing": "    price: str\n"
 },
 "8": {
  "name": "beginningValue",
  "type": "str",
  "class": "build-in",
  "approach": "annotation",
  "file_path": "bankroll-broker-fidelity/bankroll/brokers/fidelity/account.py",
  "lineno": "65",
  "column": "4",
  "context": "ription: str\n    quantity: str\n    price: str\n    beginningValue: str\n    endingValue: str\n    costBasis: str\n\n\n_Instrum",
  "context_lines": "    symbol: str\n    description: str\n    quantity: str\n    price: str\n    beginningValue: str\n    endingValue: str\n    costBasis: str\n\n\n_InstrumentFactory = Callable[[_FidelityPosition], Instrument]\n\n\ndef _parseFidelityPosition(\n",
  "slicing": "    beginningValue: str\n"
 },
 "9": {
  "name": "endingValue",
  "type": "str",
  "class": "build-in",
  "approach": "annotation",
  "file_path": "bankroll-broker-fidelity/bankroll/brokers/fidelity/account.py",
  "lineno": "66",
  "column": "4",
  "context": "y: str\n    price: str\n    beginningValue: str\n    endingValue: str\n    costBasis: str\n\n\n_InstrumentFactory = Callable",
  "context_lines": "    description: str\n    quantity: str\n    price: str\n    beginningValue: str\n    endingValue: str\n    costBasis: str\n\n\n_InstrumentFactory = Callable[[_FidelityPosition], Instrument]\n\n\ndef _parseFidelityPosition(\n    p: _FidelityPosition, instrumentFactory: _InstrumentFactory\n",
  "slicing": "    endingValue: str\n"
 },
 "10": {
  "name": "costBasis",
  "type": "str",
  "class": "build-in",
  "approach": "annotation",
  "file_path": "bankroll-broker-fidelity/bankroll/brokers/fidelity/account.py",
  "lineno": "67",
  "column": "4",
  "context": "\n    beginningValue: str\n    endingValue: str\n    costBasis: str\n\n\n_InstrumentFactory = Callable[[_FidelityPosition",
  "context_lines": "    quantity: str\n    price: str\n    beginningValue: str\n    endingValue: str\n    costBasis: str\n\n\n_InstrumentFactory = Callable[[_FidelityPosition], Instrument]\n\n\ndef _parseFidelityPosition(\n    p: _FidelityPosition, instrumentFactory: _InstrumentFactory\n",
  "slicing": "    costBasis: str\n"
 },
 "11": {
  "name": "_InstrumentFactory",
  "type": "dict",
  "class": "build-in",
  "approach": "annotation",
  "file_path": "bankroll-broker-fidelity/bankroll/brokers/fidelity/account.py",
  "lineno": "70",
  "column": "0",
  "context": "ue: str\n    endingValue: str\n    costBasis: str\n\n\n_InstrumentFactory = Callable[[_FidelityPosition], Instrument]\n\n\ndef _parseFidelityPosition(\n    p: _FidelityPosi",
  "context_lines": "    price: str\n    beginningValue: str\n    endingValue: str\n    costBasis: str\n\n\n_InstrumentFactory = Callable[[_FidelityPosition], Instrument]\n\n\ndef _parseFidelityPosition(\n    p: _FidelityPosition, instrumentFactory: _InstrumentFactory\n) -> Position:\n",
  "slicing": [
   "_InstrumentFactory = Callable[[_FidelityPosition], Instrument]\n",
   "    p: _FidelityPosition, instrumentFactory: _InstrumentFactory\n",
   "            csvsectionslicer.CSVSectionCriterion, _InstrumentFactory\n"
  ]
 },
 "12": {
  "name": "qty",
  "type": "decimal.Decimal",
  "class": "imported",
  "approach": "annotation",
  "file_path": "bankroll-broker-fidelity/bankroll/brokers/fidelity/account.py",
  "lineno": "76",
  "column": "4",
  "context": "entFactory: _InstrumentFactory\n) -> Position:\n    qty = Decimal(p.quantity)\n    return Position(\n        instrument=instrument",
  "context_lines": "_InstrumentFactory = Callable[[_FidelityPosition], Instrument]\n\n\ndef _parseFidelityPosition(\n    p: _FidelityPosition, instrumentFactory: _InstrumentFactory\n) -> Position:\n    qty = Decimal(p.quantity)\n    return Position(\n        instrument=instrumentFactory(p),\n        quantity=qty,\n        costBasis=Cash(currency=Currency.USD, quantity=Decimal(p.costBasis)),\n",
  "slicing": [
   "    qty = Decimal(p.quantity)\n",
   "        quantity=qty,\n"
  ]
 },
 "13": {
  "name": "JAN",
  "type": "tuple",
  "class": "build-in",
  "approach": "annotation",
  "file_path": "bankroll-broker-fidelity/bankroll/brokers/fidelity/account.py",
  "lineno": "86",
  "column": "4",
  "context": "   )\n\n\n@unique\nclass _FidelityMonth(IntEnum):\n    JAN = (1,)\n    FEB = (2,)\n    MAR = (3,)\n    APR = (4,)\n    M",
  "context_lines": "        costBasis=Cash(currency=Currency.USD, quantity=Decimal(p.costBasis)),\n    )\n\n\n@unique\nclass _FidelityMonth(IntEnum):\n    JAN = (1,)\n    FEB = (2,)\n    MAR = (3,)\n    APR = (4,)\n    MAY = (5,)\n",
  "slicing": "    JAN = (1,)\n"
 },
 "14": {
  "name": "FEB",
  "type": "tuple",
  "class": "build-in",
  "approach": "annotation",
  "file_path": "bankroll-broker-fidelity/bankroll/brokers/fidelity/account.py",
  "lineno": "87",
  "column": "4",
  "context": "class _FidelityMonth(IntEnum):\n    JAN = (1,)\n    FEB = (2,)\n    MAR = (3,)\n    APR = (4,)\n    MAY = (5,)\n    J",
  "context_lines": "    )\n\n\n@unique\nclass _FidelityMonth(IntEnum):\n    JAN = (1,)\n    FEB = (2,)\n    MAR = (3,)\n    APR = (4,)\n    MAY = (5,)\n    JUN = (6,)\n",
  "slicing": "    FEB = (2,)\n"
 },
 "15": {
  "name": "MAR",
  "type": "tuple",
  "class": "build-in",
  "approach": "annotation",
  "file_path": "bankroll-broker-fidelity/bankroll/brokers/fidelity/account.py",
  "lineno": "88",
  "column": "4",
  "context": "Month(IntEnum):\n    JAN = (1,)\n    FEB = (2,)\n    MAR = (3,)\n    APR = (4,)\n    MAY = (5,)\n    JUN = (6,)\n    J",
  "context_lines": "@unique\nclass _FidelityMonth(IntEnum):\n    JAN = (1,)\n    FEB = (2,)\n    MAR = (3,)\n    APR = (4,)\n    MAY = (5,)\n    JUN = (6,)\n    JUL = (7,)\n",
  "slicing": "    MAR = (3,)\n"
 },
 "16": {
  "name": "APR",
  "type": "tuple",
  "class": "build-in",
  "approach": "annotation",
  "file_path": "bankroll-broker-fidelity/bankroll/brokers/fidelity/account.py",
  "lineno": "89",
  "column": "4",
  "context": "\n    JAN = (1,)\n    FEB = (2,)\n    MAR = (3,)\n    APR = (4,)\n    MAY = (5,)\n    JUN = (6,)\n    JUL = (7,)\n    A",
  "context_lines": "class _FidelityMonth(IntEnum):\n    JAN = (1,)\n    FEB = (2,)\n    MAR = (3,)\n    APR = (4,)\n    MAY = (5,)\n    JUN = (6,)\n    JUL = (7,)\n    AUG = (8,)\n",
  "slicing": "    APR = (4,)\n"
 },
 "17": {
  "name": "MAY",
  "type": "tuple",
  "class": "build-in",
  "approach": "annotation",
  "file_path": "bankroll-broker-fidelity/bankroll/brokers/fidelity/account.py",
  "lineno": "90",
  "column": "4",
  "context": "\n    FEB = (2,)\n    MAR = (3,)\n    APR = (4,)\n    MAY = (5,)\n    JUN = (6,)\n    JUL = (7,)\n    AUG = (8,)\n    S",
  "context_lines": "    JAN = (1,)\n    FEB = (2,)\n    MAR = (3,)\n    APR = (4,)\n    MAY = (5,)\n    JUN = (6,)\n    JUL = (7,)\n    AUG = (8,)\n    SEP = (9,)\n",
  "slicing": "    MAY = (5,)\n"
 },
 "18": {
  "name": "JUN",
  "type": "tuple",
  "class": "build-in",
  "approach": "annotation",
  "file_path": "bankroll-broker-fidelity/bankroll/brokers/fidelity/account.py",
  "lineno": "91",
  "column": "4",
  "context": "\n    MAR = (3,)\n    APR = (4,)\n    MAY = (5,)\n    JUN = (6,)\n    JUL = (7,)\n    AUG = (8,)\n    SEP = (9,)\n    O",
  "context_lines": "    FEB = (2,)\n    MAR = (3,)\n    APR = (4,)\n    MAY = (5,)\n    JUN = (6,)\n    JUL = (7,)\n    AUG = (8,)\n    SEP = (9,)\n    OCT = (10,)\n",
  "slicing": "    JUN = (6,)\n"
 },
 "19": {
  "name": "JUL",
  "type": "tuple",
  "class": "build-in",
  "approach": "annotation",
  "file_path": "bankroll-broker-fidelity/bankroll/brokers/fidelity/account.py",
  "lineno": "92",
  "column": "4",
  "context": "\n    APR = (4,)\n    MAY = (5,)\n    JUN = (6,)\n    JUL = (7,)\n    AUG = (8,)\n    SEP = (9,)\n    OCT = (10,)\n    ",
  "context_lines": "    MAR = (3,)\n    APR = (4,)\n    MAY = (5,)\n    JUN = (6,)\n    JUL = (7,)\n    AUG = (8,)\n    SEP = (9,)\n    OCT = (10,)\n    NOV = (11,)\n",
  "slicing": "    JUL = (7,)\n"
 },
 "20": {
  "name": "AUG",
  "type": "tuple",
  "class": "build-in",
  "approach": "annotation",
  "file_path": "bankroll-broker-fidelity/bankroll/brokers/fidelity/account.py",
  "lineno": "93",
  "column": "4",
  "context": "\n    MAY = (5,)\n    JUN = (6,)\n    JUL = (7,)\n    AUG = (8,)\n    SEP = (9,)\n    OCT = (10,)\n    NOV = (11,)\n   ",
  "context_lines": "    APR = (4,)\n    MAY = (5,)\n    JUN = (6,)\n    JUL = (7,)\n    AUG = (8,)\n    SEP = (9,)\n    OCT = (10,)\n    NOV = (11,)\n    DEC = 12\n\n\n",
  "slicing": "    AUG = (8,)\n"
 },
 "21": {
  "name": "SEP",
  "type": "tuple",
  "class": "build-in",
  "approach": "annotation",
  "file_path": "bankroll-broker-fidelity/bankroll/brokers/fidelity/account.py",
  "lineno": "94",
  "column": "4",
  "context": "\n    JUN = (6,)\n    JUL = (7,)\n    AUG = (8,)\n    SEP = (9,)\n    OCT = (10,)\n    NOV = (11,)\n    DEC = 12\n\n\ndef",
  "context_lines": "    MAY = (5,)\n    JUN = (6,)\n    JUL = (7,)\n    AUG = (8,)\n    SEP = (9,)\n    OCT = (10,)\n    NOV = (11,)\n    DEC = 12\n\n\ndef _parseOptionsPosition(description: str) -> Option:\n",
  "slicing": "    SEP = (9,)\n"
 },
 "22": {
  "name": "OCT",
  "type": "tuple",
  "class": "build-in",
  "approach": "annotation",
  "file_path": "bankroll-broker-fidelity/bankroll/brokers/fidelity/account.py",
  "lineno": "95",
  "column": "4",
  "context": "\n    JUL = (7,)\n    AUG = (8,)\n    SEP = (9,)\n    OCT = (10,)\n    NOV = (11,)\n    DEC = 12\n\n\ndef _parseOptionsPo",
  "context_lines": "    JUN = (6,)\n    JUL = (7,)\n    AUG = (8,)\n    SEP = (9,)\n    OCT = (10,)\n    NOV = (11,)\n    DEC = 12\n\n\ndef _parseOptionsPosition(description: str) -> Option:\n    match = re.match(\n",
  "slicing": "    OCT = (10,)\n"
 },
 "23": {
  "name": "NOV",
  "type": "tuple",
  "class": "build-in",
  "approach": "annotation",
  "file_path": "bankroll-broker-fidelity/bankroll/brokers/fidelity/account.py",
  "lineno": "96",
  "column": "4",
  "context": "    AUG = (8,)\n    SEP = (9,)\n    OCT = (10,)\n    NOV = (11,)\n    DEC = 12\n\n\ndef _parseOptionsPosition(descripti",
  "context_lines": "    JUL = (7,)\n    AUG = (8,)\n    SEP = (9,)\n    OCT = (10,)\n    NOV = (11,)\n    DEC = 12\n\n\ndef _parseOptionsPosition(description: str) -> Option:\n    match = re.match(\n        r\"^(?P<putCall>CALL|PUT) \\((?P<underlying>[A-Z]+)\\) .+ (?P<month>[A-Z]{3}) (?P<day>\\d{2}) (?P<year>\\d{2}) \\$(?P<strike>[0-9\\.]+) \\(100 SHS\\)$\",\n",
  "slicing": "    NOV = (11,)\n"
 },
 "24": {
  "name": "DEC",
  "type": "int",
  "class": "build-in",
  "approach": "Pysonar2",
  "file_path": "bankroll-broker-fidelity/bankroll/brokers/fidelity/account.py",
  "lineno": "97",
  "column": "4",
  "context": "   SEP = (9,)\n    OCT = (10,)\n    NOV = (11,)\n    DEC = 12\n\n\ndef _parseOptionsPosition(description: str) -> O",
  "context_lines": "    AUG = (8,)\n    SEP = (9,)\n    OCT = (10,)\n    NOV = (11,)\n    DEC = 12\n\n\ndef _parseOptionsPosition(description: str) -> Option:\n    match = re.match(\n        r\"^(?P<putCall>CALL|PUT) \\((?P<underlying>[A-Z]+)\\) .+ (?P<month>[A-Z]{3}) (?P<day>\\d{2}) (?P<year>\\d{2}) \\$(?P<strike>[0-9\\.]+) \\(100 SHS\\)$\",\n",
  "slicing": "    DEC = 12\n"
 },
 "25": {
  "name": "match",
  "type": "UNKNOWN",
  "class": "unknown",
  "approach": "Pysonar2",
  "file_path": "bankroll-broker-fidelity/bankroll/brokers/fidelity/account.py",
  "lineno": "101",
  "column": "4",
  "context": "eOptionsPosition(description: str) -> Option:\n    match = re.match(\n        r\"^(?P<putCall>CALL|PUT) \\((?P<underlying>",
  "context_lines": "    OCT = (10,)\n    NOV = (11,)\n    DEC = 12\n\n\ndef _parseOptionsPosition(description: str) -> Option:\n    match = re.match(\n        r\"^(?P<putCall>CALL|PUT) \\((?P<underlying>[A-Z]+)\\) .+ (?P<month>[A-Z]{3}) (?P<day>\\d{2}) (?P<year>\\d{2}) \\$(?P<strike>[0-9\\.]+) \\(100 SHS\\)$\",\n        description,\n    )\n    if not match:\n",
  "slicing": [
   "    match = re.match(\n",
   "    if not match:\n",
   "    if match[\"putCall\"] == \"PUT\":\n",
   "    month = _FidelityMonth[match[\"month\"]]\n",
   "    year = datetime.strptime(match[\"year\"], \"%y\").year\n",
   "        underlying=match[\"underlying\"],\n",
   "        expiration=date(year, month, int(match[\"day\"])),\n",
   "        strike=Decimal(match[\"strike\"]),\n",
   "    if not match:\n",
   "    if match[\"putCall\"] == \"P\":\n",
   "        underlying=match[\"underlying\"],\n",
   "        expiration=datetime.strptime(match[\"date\"], \"%y%m%d\").date(),\n",
   "        strike=Decimal(match[\"strike\"]),\n"
  ]
 },
 "26": {
  "name": "optionType",
  "type": "UNKNOWN",
  "class": "unknown",
  "approach": "Pysonar2",
  "file_path": "bankroll-broker-fidelity/bankroll/brokers/fidelity/account.py",
  "lineno": "109",
  "column": "8",
  "context": "ion}\")\n\n    if match[\"putCall\"] == \"PUT\":\n        optionType = OptionType.PUT\n    else:\n        optionType = OptionType.CALL\n\n  ",
  "context_lines": "    )\n    if not match:\n        raise ValueError(f\"Could not parse Fidelity options description: {description}\")\n\n    if match[\"putCall\"] == \"PUT\":\n        optionType = OptionType.PUT\n    else:\n        optionType = OptionType.CALL\n\n    month = _FidelityMonth[match[\"month\"]]\n    year = datetime.strptime(match[\"year\"], \"%y\").year\n\n",
  "slicing": [
   "        optionType = OptionType.PUT\n",
   "        optionType=optionType,\n",
   "        optionType=optionType,\n"
  ]
 },
 "27": {
  "name": "month",
  "type": "dict",
  "class": "build-in",
  "approach": "annotation",
  "file_path": "bankroll-broker-fidelity/bankroll/brokers/fidelity/account.py",
  "lineno": "113",
  "column": "4",
  "context": "  else:\n        optionType = OptionType.CALL\n\n    month = _FidelityMonth[match[\"month\"]]\n    year = datetime.strptime(match[\"year\"], \"%y\").",
  "context_lines": "    if match[\"putCall\"] == \"PUT\":\n        optionType = OptionType.PUT\n    else:\n        optionType = OptionType.CALL\n\n    month = _FidelityMonth[match[\"month\"]]\n    year = datetime.strptime(match[\"year\"], \"%y\").year\n\n    return Option(\n        underlying=match[\"underlying\"],\n        currency=Currency.USD,\n",
  "slicing": [
   "    month = _FidelityMonth[match[\"month\"]]\n",
   "        expiration=date(year, month, int(match[\"day\"])),\n"
  ]
 },
 "28": {
  "name": "year",
  "type": "int",
  "class": "build-in",
  "approach": "Pysonar2",
  "file_path": "bankroll-broker-fidelity/bankroll/brokers/fidelity/account.py",
  "lineno": "114",
  "column": "4",
  "context": "L\n\n    month = _FidelityMonth[match[\"month\"]]\n    year = datetime.strptime(match[\"year\"], \"%y\").year\n\n    return Option(\n        underlying=match[\"unde",
  "context_lines": "        optionType = OptionType.PUT\n    else:\n        optionType = OptionType.CALL\n\n    month = _FidelityMonth[match[\"month\"]]\n    year = datetime.strptime(match[\"year\"], \"%y\").year\n\n    return Option(\n        underlying=match[\"underlying\"],\n        currency=Currency.USD,\n",
  "slicing": [
   "    year = datetime.strptime(match[\"year\"], \"%y\").year\n",
   "        expiration=date(year, month, int(match[\"day\"])),\n"
  ]
 },
 "29": {
  "name": "optionType",
  "type": "UNKNOWN",
  "class": "unknown",
  "approach": "Pysonar2",
  "file_path": "bankroll-broker-fidelity/bankroll/brokers/fidelity/account.py",
  "lineno": "111",
  "column": "8",
  "context": "    optionType = OptionType.PUT\n    else:\n        optionType = OptionType.CALL\n\n    month = _FidelityMonth[match[\"month\"]]\n    ye",
  "context_lines": "        raise ValueError(f\"Could not parse Fidelity options description: {description}\")\n\n    if match[\"putCall\"] == \"PUT\":\n        optionType = OptionType.PUT\n    else:\n        optionType = OptionType.CALL\n\n    month = _FidelityMonth[match[\"month\"]]\n    year = datetime.strptime(match[\"year\"], \"%y\").year\n\n    return Option(\n",
  "slicing": [
   "        optionType = OptionType.CALL\n",
   "        optionType=optionType,\n",
   "        optionType=optionType,\n"
  ]
 },
 "30": {
  "name": "stocksCriterion",
  "type": "UNKNOWN",
  "class": "unknown",
  "approach": "Pysonar2",
  "file_path": "bankroll-broker-fidelity/bankroll/brokers/fidelity/account.py",
  "lineno": "127",
  "column": "8",
  "context": "  with open(path, newline=\"\") as csvfile:\n        stocksCriterion = csvsectionslicer.CSVSectionCriterion(\n            startSectionRowMatch=[\"Stocks\"],\n     ",
  "context_lines": "        strike=Decimal(match[\"strike\"]),\n    )\n\n\ndef _parsePositions(path: Path, lenient: bool = False) -> List[Position]:\n    with open(path, newline=\"\") as csvfile:\n        stocksCriterion = csvsectionslicer.CSVSectionCriterion(\n            startSectionRowMatch=[\"Stocks\"],\n            endSectionRowMatch=[\"\"],\n            rowFilter=lambda r: r[0:7],\n        )\n",
  "slicing": [
   "        stocksCriterion = csvsectionslicer.CSVSectionCriterion(\n",
   "            stocksCriterion: lambda p: Stock(p.symbol, currency=Currency.USD),\n",
   "            csvfile, [stocksCriterion, bondsCriterion, optionsCriterion]\n"
  ]
 },
 "31": {
  "name": "bondsCriterion",
  "type": "UNKNOWN",
  "class": "unknown",
  "approach": "Pysonar2",
  "file_path": "bankroll-broker-fidelity/bankroll/brokers/fidelity/account.py",
  "lineno": "132",
  "column": "8",
  "context": "    rowFilter=lambda r: r[0:7],\n        )\n        bondsCriterion = csvsectionslicer.CSVSectionCriterion(\n            startSectionRowMatch=[\"Bonds\"],\n      ",
  "context_lines": "            startSectionRowMatch=[\"Stocks\"],\n            endSectionRowMatch=[\"\"],\n            rowFilter=lambda r: r[0:7],\n        )\n        bondsCriterion = csvsectionslicer.CSVSectionCriterion(\n            startSectionRowMatch=[\"Bonds\"],\n            endSectionRowMatch=[\"\"],\n            rowFilter=lambda r: r[0:7],\n        )\n",
  "slicing": [
   "        bondsCriterion = csvsectionslicer.CSVSectionCriterion(\n",
   "            bondsCriterion: lambda p: Bond(p.symbol, currency=Currency.USD),\n",
   "            csvfile, [stocksCriterion, bondsCriterion, optionsCriterion]\n"
  ]
 },
 "32": {
  "name": "optionsCriterion",
  "type": "UNKNOWN",
  "class": "unknown",
  "approach": "Pysonar2",
  "file_path": "bankroll-broker-fidelity/bankroll/brokers/fidelity/account.py",
  "lineno": "137",
  "column": "8",
  "context": "    rowFilter=lambda r: r[0:7],\n        )\n        optionsCriterion = csvsectionslicer.CSVSectionCriterion(\n            startSectionRowMatch=[\"Options\"],\n    ",
  "context_lines": "            startSectionRowMatch=[\"Bonds\"],\n            endSectionRowMatch=[\"\"],\n            rowFilter=lambda r: r[0:7],\n        )\n        optionsCriterion = csvsectionslicer.CSVSectionCriterion(\n            startSectionRowMatch=[\"Options\"],\n            endSectionRowMatch=[\"\", \"\"],\n            rowFilter=lambda r: r[0:7],\n        )\n\n",
  "slicing": [
   "        optionsCriterion = csvsectionslicer.CSVSectionCriterion(\n",
   "            optionsCriterion: lambda p: _parseOptionsPosition(p.description),\n",
   "            csvfile, [stocksCriterion, bondsCriterion, optionsCriterion]\n"
  ]
 },
 "33": {
  "name": "instrumentBySection",
  "type": "dict",
  "class": "build-in",
  "approach": "annotation",
  "file_path": "bankroll-broker-fidelity/bankroll/brokers/fidelity/account.py",
  "lineno": "143",
  "column": "8",
  "context": "   rowFilter=lambda r: r[0:7],\n        )\n\n        instrumentBySection: Dict[\n            csvsectionslicer.CSVSectionCriterion, ",
  "context_lines": "            startSectionRowMatch=[\"Options\"],\n            endSectionRowMatch=[\"\", \"\"],\n            rowFilter=lambda r: r[0:7],\n        )\n\n        instrumentBySection: Dict[\n            csvsectionslicer.CSVSectionCriterion, _InstrumentFactory\n        ] = {\n            stocksCriterion: lambda p: Stock(p.symbol, currency=Currency.USD),\n            bondsCriterion: lambda p: Bond(p.symbol, currency=Currency.USD),\n",
  "slicing": [
   "        instrumentBySection: Dict[\n",
   "                    _FidelityPosition._make(r), instrumentBySection[sec.criterion]\n"
  ]
 },
 "34": {
  "name": "sections",
  "type": "UNKNOWN",
  "class": "unknown",
  "approach": "Pysonar2",
  "file_path": "bankroll-broker-fidelity/bankroll/brokers/fidelity/account.py",
  "lineno": "151",
  "column": "8",
  "context": "ptionsPosition(p.description),\n        }\n\n        sections = csvsectionslicer.parseSectionsForCSV(\n            csvfile, [stocksCriterion, bondsCriter",
  "context_lines": "            stocksCriterion: lambda p: Stock(p.symbol, currency=Currency.USD),\n            bondsCriterion: lambda p: Bond(p.symbol, currency=Currency.USD),\n            optionsCriterion: lambda p: _parseOptionsPosition(p.description),\n        }\n\n        sections = csvsectionslicer.parseSectionsForCSV(\n            csvfile, [stocksCriterion, bondsCriterion, optionsCriterion]\n        )\n\n        positions: List[Position] = []\n\n        for sec in sections:\n",
  "slicing": [
   "        sections = csvsectionslicer.parseSectionsForCSV(\n",
   "        for sec in sections:\n",
   "            for r in sec.rows:\n",
   "                    _FidelityPosition._make(r), instrumentBySection[sec.criterion]\n",
   "            _FidelityPosition._make(r[0:fieldLen]) for r in reader if len(r) >= fieldLen\n",
   "            rowFilter=lambda r: r if len(r) >= 17 else None,\n",
   "        if not sections:\n",
   "                    (_FidelityTransaction._make(r) for r in sections[0].rows),\n"
  ]
 },
 "35": {
  "name": "positions",
  "type": "dict",
  "class": "build-in",
  "approach": "annotation",
  "file_path": "bankroll-broker-fidelity/bankroll/brokers/fidelity/account.py",
  "lineno": "155",
  "column": "8",
  "context": "dsCriterion, optionsCriterion]\n        )\n\n        positions: List[Position] = []\n\n        for sec in sections:\n            for r in",
  "context_lines": "        }\n\n        sections = csvsectionslicer.parseSectionsForCSV(\n            csvfile, [stocksCriterion, bondsCriterion, optionsCriterion]\n        )\n\n        positions: List[Position] = []\n\n        for sec in sections:\n            for r in sec.rows:\n                pos = _parseFidelityPosition(\n",
  "slicing": [
   "        positions: List[Position] = []\n",
   "                positions.append(pos)\n",
   "        return positions\n",
   "                        (p for p in positions if p.symbol == \"CASH\"),\n",
   "            positions=Path(positions) if positions else None,\n",
   "        self._positionsPath = positions\n"
  ]
 },
 "36": {
  "name": "pos",
  "type": "UNKNOWN",
  "class": "unknown",
  "approach": "annotation",
  "file_path": "bankroll-broker-fidelity/bankroll/brokers/fidelity/account.py",
  "lineno": "159",
  "column": "16",
  "context": "s:\n            for r in sec.rows:\n                pos = _parseFidelityPosition(\n                    _FidelityPosition._make(r), in",
  "context_lines": "        )\n\n        positions: List[Position] = []\n\n        for sec in sections:\n            for r in sec.rows:\n                pos = _parseFidelityPosition(\n                    _FidelityPosition._make(r), instrumentBySection[sec.criterion]\n                )\n                positions.append(pos)\n\n        return positions\n\n\n",
  "slicing": [
   "                pos = _parseFidelityPosition(\n",
   "                positions.append(pos)\n"
  ]
 },
 "37": {
  "name": "reader",
  "type": "UNKNOWN",
  "class": "unknown",
  "approach": "Pysonar2",
  "file_path": "bankroll-broker-fidelity/bankroll/brokers/fidelity/account.py",
  "lineno": "181",
  "column": "8",
  "context": "  with open(path, newline=\"\") as csvfile:\n        reader = csv.reader(csvfile)\n\n        fieldLen = len(_FidelityPosition._fields)",
  "context_lines": "        raise ValueError(f\"Fidelity cash position format has changed to: {p}\")\n\n    return Cash(currency=Currency.USD, quantity=Decimal(p.beginningValue))\n\n\ndef _parseBalance(path: Path, lenient: bool = False) -> AccountBalance:\n    with open(path, newline=\"\") as csvfile:\n        reader = csv.reader(csvfile)\n\n        fieldLen = len(_FidelityPosition._fields)\n        positions = (\n            _FidelityPosition._make(r[0:fieldLen]) for r in reader if len(r) >= fieldLen\n",
  "slicing": [
   "        reader = csv.reader(csvfile)\n",
   "            _FidelityPosition._make(r[0:fieldLen]) for r in reader if len(r) >= fieldLen\n",
   "            rowFilter=lambda r: r if len(r) >= 17 else None,\n",
   "                    (_FidelityTransaction._make(r) for r in sections[0].rows),\n"
  ]
 },
 "38": {
  "name": "fieldLen",
  "type": "UNKNOWN",
  "class": "unknown",
  "approach": "annotation",
  "file_path": "bankroll-broker-fidelity/bankroll/brokers/fidelity/account.py",
  "lineno": "183",
  "column": "8",
  "context": "le:\n        reader = csv.reader(csvfile)\n\n        fieldLen = len(_FidelityPosition._fields)\n        positions = (\n            _FidelityPositio",
  "context_lines": "    return Cash(currency=Currency.USD, quantity=Decimal(p.beginningValue))\n\n\ndef _parseBalance(path: Path, lenient: bool = False) -> AccountBalance:\n    with open(path, newline=\"\") as csvfile:\n        reader = csv.reader(csvfile)\n\n        fieldLen = len(_FidelityPosition._fields)\n        positions = (\n            _FidelityPosition._make(r[0:fieldLen]) for r in reader if len(r) >= fieldLen\n        )\n\n        return AccountBalance(\n",
  "slicing": [
   "        fieldLen = len(_FidelityPosition._fields)\n",
   "            _FidelityPosition._make(r[0:fieldLen]) for r in reader if len(r) >= fieldLen\n",
   "            rowFilter=lambda r: r if len(r) >= 17 else None,\n",
   "                    (_FidelityTransaction._make(r) for r in sections[0].rows),\n"
  ]
 },
 "39": {
  "name": "positions",
  "type": "list",
  "class": "build-in",
  "approach": "Pysonar2",
  "file_path": "bankroll-broker-fidelity/bankroll/brokers/fidelity/account.py",
  "lineno": "184",
  "column": "8",
  "context": "fieldLen = len(_FidelityPosition._fields)\n        positions = (\n            _FidelityPosition._make(r[0:fieldLen])",
  "context_lines": "def _parseBalance(path: Path, lenient: bool = False) -> AccountBalance:\n    with open(path, newline=\"\") as csvfile:\n        reader = csv.reader(csvfile)\n\n        fieldLen = len(_FidelityPosition._fields)\n        positions = (\n            _FidelityPosition._make(r[0:fieldLen]) for r in reader if len(r) >= fieldLen\n        )\n\n        return AccountBalance(\n            cash={\n",
  "slicing": [
   "        positions = (\n",
   "                        (p for p in positions if p.symbol == \"CASH\"),\n",
   "            positions=Path(positions) if positions else None,\n",
   "        self._positionsPath = positions\n"
  ]
 },
 "40": {
  "name": "date",
  "type": "str",
  "class": "build-in",
  "approach": "annotation",
  "file_path": "bankroll-broker-fidelity/bankroll/brokers/fidelity/account.py",
  "lineno": "204",
  "column": "4",
  "context": "  )\n\n\nclass _FidelityTransaction(NamedTuple):\n    date: str\n    account: str\n    action: str\n    symbol: str\n ",
  "context_lines": "                )\n            }\n        )\n\n\nclass _FidelityTransaction(NamedTuple):\n    date: str\n    account: str\n    action: str\n    symbol: str\n    description: str\n",
  "slicing": "    date: str\n"
 },
 "41": {
  "name": "account",
  "type": "str",
  "class": "build-in",
  "approach": "annotation",
  "file_path": "bankroll-broker-fidelity/bankroll/brokers/fidelity/account.py",
  "lineno": "205",
  "column": "4",
  "context": "idelityTransaction(NamedTuple):\n    date: str\n    account: str\n    action: str\n    symbol: str\n    description: s",
  "context_lines": "            }\n        )\n\n\nclass _FidelityTransaction(NamedTuple):\n    date: str\n    account: str\n    action: str\n    symbol: str\n    description: str\n    securityType: str\n",
  "slicing": "    account: str\n"
 },
 "42": {
  "name": "action",
  "type": "str",
  "class": "build-in",
  "approach": "annotation",
  "file_path": "bankroll-broker-fidelity/bankroll/brokers/fidelity/account.py",
  "lineno": "206",
  "column": "4",
  "context": "n(NamedTuple):\n    date: str\n    account: str\n    action: str\n    symbol: str\n    description: str\n    securityT",
  "context_lines": "        )\n\n\nclass _FidelityTransaction(NamedTuple):\n    date: str\n    account: str\n    action: str\n    symbol: str\n    description: str\n    securityType: str\n    exchangeQuantity: str\n",
  "slicing": "    action: str\n"
 },
 "43": {
  "name": "symbol",
  "type": "str",
  "class": "build-in",
  "approach": "annotation",
  "file_path": "bankroll-broker-fidelity/bankroll/brokers/fidelity/account.py",
  "lineno": "207",
  "column": "4",
  "context": "   date: str\n    account: str\n    action: str\n    symbol: str\n    description: str\n    securityType: str\n    exc",
  "context_lines": "class _FidelityTransaction(NamedTuple):\n    date: str\n    account: str\n    action: str\n    symbol: str\n    description: str\n    securityType: str\n    exchangeQuantity: str\n    exchangeCurrency: str\n",
  "slicing": [
   "    symbol: str\n",
   "        symbol,\n",
   "        raise ValueError(f\"Could not parse Fidelity options symbol: {symbol}\")\n",
   "    if re.search(r\"[0-9]+(C|P)[0-9]+$\", symbol):\n",
   "        return _parseOptionTransaction(symbol, currency)\n",
   "    elif Bond.validBondSymbol(symbol):\n",
   "        return Bond(symbol, currency=currency)\n",
   "        return Stock(symbol, currency=currency)\n"
  ]
 },
 "44": {
  "name": "description",
  "type": "str",
  "class": "build-in",
  "approach": "annotation",
  "file_path": "bankroll-broker-fidelity/bankroll/brokers/fidelity/account.py",
  "lineno": "208",
  "column": "4",
  "context": " account: str\n    action: str\n    symbol: str\n    description: str\n    securityType: str\n    exchangeQuantity: str\n  ",
  "context_lines": "    date: str\n    account: str\n    action: str\n    symbol: str\n    description: str\n    securityType: str\n    exchangeQuantity: str\n    exchangeCurrency: str\n    quantity: str\n",
  "slicing": "    description: str\n"
 },
 "45": {
  "name": "securityType",
  "type": "str",
  "class": "build-in",
  "approach": "annotation",
  "file_path": "bankroll-broker-fidelity/bankroll/brokers/fidelity/account.py",
  "lineno": "209",
  "column": "4",
  "context": "ion: str\n    symbol: str\n    description: str\n    securityType: str\n    exchangeQuantity: str\n    exchangeCurrency: st",
  "context_lines": "    account: str\n    action: str\n    symbol: str\n    description: str\n    securityType: str\n    exchangeQuantity: str\n    exchangeCurrency: str\n    quantity: str\n    currency: str\n",
  "slicing": "    securityType: str\n"
 },
 "46": {
  "name": "exchangeQuantity",
  "type": "str",
  "class": "build-in",
  "approach": "annotation",
  "file_path": "bankroll-broker-fidelity/bankroll/brokers/fidelity/account.py",
  "lineno": "210",
  "column": "4",
  "context": "tr\n    description: str\n    securityType: str\n    exchangeQuantity: str\n    exchangeCurrency: str\n    quantity: str\n    cu",
  "context_lines": "    action: str\n    symbol: str\n    description: str\n    securityType: str\n    exchangeQuantity: str\n    exchangeCurrency: str\n    quantity: str\n    currency: str\n    price: str\n",
  "slicing": "    exchangeQuantity: str\n"
 },
 "47": {
  "name": "exchangeCurrency",
  "type": "str",
  "class": "build-in",
  "approach": "annotation",
  "file_path": "bankroll-broker-fidelity/bankroll/brokers/fidelity/account.py",
  "lineno": "211",
  "column": "4",
  "context": "  securityType: str\n    exchangeQuantity: str\n    exchangeCurrency: str\n    quantity: str\n    currency: str\n    price: str",
  "context_lines": "    symbol: str\n    description: str\n    securityType: str\n    exchangeQuantity: str\n    exchangeCurrency: str\n    quantity: str\n    currency: str\n    price: str\n    exchangeRate: str\n",
  "slicing": "    exchangeCurrency: str\n"
 },
 "48": {
  "name": "quantity",
  "type": "str",
  "class": "build-in",
  "approach": "annotation",
  "file_path": "bankroll-broker-fidelity/bankroll/brokers/fidelity/account.py",
  "lineno": "212",
  "column": "4",
  "context": "changeQuantity: str\n    exchangeCurrency: str\n    quantity: str\n    currency: str\n    price: str\n    exchangeRate:",
  "context_lines": "    description: str\n    securityType: str\n    exchangeQuantity: str\n    exchangeCurrency: str\n    quantity: str\n    currency: str\n    price: str\n    exchangeRate: str\n    commission: str\n",
  "slicing": [
   "    quantity: str\n",
   "        quantity=quantity,\n"
  ]
 },
 "49": {
  "name": "currency",
  "type": "str",
  "class": "build-in",
  "approach": "annotation",
  "file_path": "bankroll-broker-fidelity/bankroll/brokers/fidelity/account.py",
  "lineno": "213",
  "column": "4",
  "context": "r\n    exchangeCurrency: str\n    quantity: str\n    currency: str\n    price: str\n    exchangeRate: str\n    commissio",
  "context_lines": "    securityType: str\n    exchangeQuantity: str\n    exchangeCurrency: str\n    quantity: str\n    currency: str\n    price: str\n    exchangeRate: str\n    commission: str\n    fees: str\n",
  "slicing": [
   "    currency: str\n",
   "        currency=currency,\n",
   "        return _parseOptionTransaction(symbol, currency)\n",
   "        return Bond(symbol, currency=currency)\n",
   "        return Stock(symbol, currency=currency)\n",
   "        instrument=_guessInstrumentFromSymbol(t.symbol, currency),\n",
   "        amount=Cash(currency=currency, quantity=amount),\n",
   "        fees=Cash(currency=currency, quantity=totalFees),\n"
  ]
 },
 "50": {
  "name": "price",
  "type": "str",
  "class": "build-in",
  "approach": "annotation",
  "file_path": "bankroll-broker-fidelity/bankroll/brokers/fidelity/account.py",
  "lineno": "214",
  "column": "4",
  "context": "ency: str\n    quantity: str\n    currency: str\n    price: str\n    exchangeRate: str\n    commission: str\n    fees",
  "context_lines": "    exchangeQuantity: str\n    exchangeCurrency: str\n    quantity: str\n    currency: str\n    price: str\n    exchangeRate: str\n    commission: str\n    fees: str\n    accruedInterest: str\n",
  "slicing": "    price: str\n"
 },
 "51": {
  "name": "exchangeRate",
  "type": "str",
  "class": "build-in",
  "approach": "annotation",
  "file_path": "bankroll-broker-fidelity/bankroll/brokers/fidelity/account.py",
  "lineno": "215",
  "column": "4",
  "context": "uantity: str\n    currency: str\n    price: str\n    exchangeRate: str\n    commission: str\n    fees: str\n    accruedInter",
  "context_lines": "    exchangeCurrency: str\n    quantity: str\n    currency: str\n    price: str\n    exchangeRate: str\n    commission: str\n    fees: str\n    accruedInterest: str\n    amount: str\n",
  "slicing": "    exchangeRate: str\n"
 },
 "52": {
  "name": "commission",
  "type": "str",
  "class": "build-in",
  "approach": "annotation",
  "file_path": "bankroll-broker-fidelity/bankroll/brokers/fidelity/account.py",
  "lineno": "216",
  "column": "4",
  "context": "ncy: str\n    price: str\n    exchangeRate: str\n    commission: str\n    fees: str\n    accruedInterest: str\n    amount:",
  "context_lines": "    quantity: str\n    currency: str\n    price: str\n    exchangeRate: str\n    commission: str\n    fees: str\n    accruedInterest: str\n    amount: str\n    settlementDate: str\n\n\n",
  "slicing": "    commission: str\n"
 },
 "53": {
  "name": "fees",
  "type": "str",
  "class": "build-in",
  "approach": "annotation",
  "file_path": "bankroll-broker-fidelity/bankroll/brokers/fidelity/account.py",
  "lineno": "217",
  "column": "4",
  "context": "str\n    exchangeRate: str\n    commission: str\n    fees: str\n    accruedInterest: str\n    amount: str\n    settl",
  "context_lines": "    currency: str\n    price: str\n    exchangeRate: str\n    commission: str\n    fees: str\n    accruedInterest: str\n    amount: str\n    settlementDate: str\n\n\ndef _parseOptionTransaction(symbol: str, currency: Currency) -> Option:\n",
  "slicing": "    fees: str\n"
 },
 "54": {
  "name": "accruedInterest",
  "type": "str",
  "class": "build-in",
  "approach": "annotation",
  "file_path": "bankroll-broker-fidelity/bankroll/brokers/fidelity/account.py",
  "lineno": "218",
  "column": "4",
  "context": "geRate: str\n    commission: str\n    fees: str\n    accruedInterest: str\n    amount: str\n    settlementDate: str\n\n\ndef _par",
  "context_lines": "    price: str\n    exchangeRate: str\n    commission: str\n    fees: str\n    accruedInterest: str\n    amount: str\n    settlementDate: str\n\n\ndef _parseOptionTransaction(symbol: str, currency: Currency) -> Option:\n    match = re.match(\n",
  "slicing": "    accruedInterest: str\n"
 },
 "55": {
  "name": "amount",
  "type": "str",
  "class": "build-in",
  "approach": "annotation",
  "file_path": "bankroll-broker-fidelity/bankroll/brokers/fidelity/account.py",
  "lineno": "219",
  "column": "4",
  "context": "n: str\n    fees: str\n    accruedInterest: str\n    amount: str\n    settlementDate: str\n\n\ndef _parseOptionTransact",
  "context_lines": "    exchangeRate: str\n    commission: str\n    fees: str\n    accruedInterest: str\n    amount: str\n    settlementDate: str\n\n\ndef _parseOptionTransaction(symbol: str, currency: Currency) -> Option:\n    match = re.match(\n        r\"^-(?P<underlying>[A-Z]+)(?P<date>\\d{6})(?P<putCall>C|P)(?P<strike>[0-9\\.]+)$\",\n",
  "slicing": [
   "    amount: str\n",
   "        amount=Cash(currency=currency, quantity=amount),\n"
  ]
 },
 "56": {
  "name": "settlementDate",
  "type": "str",
  "class": "build-in",
  "approach": "annotation",
  "file_path": "bankroll-broker-fidelity/bankroll/brokers/fidelity/account.py",
  "lineno": "220",
  "column": "4",
  "context": " str\n    accruedInterest: str\n    amount: str\n    settlementDate: str\n\n\ndef _parseOptionTransaction(symbol: str, currenc",
  "context_lines": "    commission: str\n    fees: str\n    accruedInterest: str\n    amount: str\n    settlementDate: str\n\n\ndef _parseOptionTransaction(symbol: str, currency: Currency) -> Option:\n    match = re.match(\n        r\"^-(?P<underlying>[A-Z]+)(?P<date>\\d{6})(?P<putCall>C|P)(?P<strike>[0-9\\.]+)$\",\n",
  "slicing": "    settlementDate: str\n"
 },
 "57": {
  "name": "match",
  "type": "UNKNOWN",
  "class": "unknown",
  "approach": "Pysonar2",
  "file_path": "bankroll-broker-fidelity/bankroll/brokers/fidelity/account.py",
  "lineno": "224",
  "column": "4",
  "context": "n(symbol: str, currency: Currency) -> Option:\n    match = re.match(\n        r\"^-(?P<underlying>[A-Z]+)(?P<date>\\d{6})(",
  "context_lines": "    accruedInterest: str\n    amount: str\n    settlementDate: str\n\n\ndef _parseOptionTransaction(symbol: str, currency: Currency) -> Option:\n    match = re.match(\n        r\"^-(?P<underlying>[A-Z]+)(?P<date>\\d{6})(?P<putCall>C|P)(?P<strike>[0-9\\.]+)$\",\n        symbol,\n    )\n    if not match:\n",
  "slicing": [
   "    match = re.match(\n",
   "    if not match:\n",
   "    if match[\"putCall\"] == \"P\":\n",
   "        underlying=match[\"underlying\"],\n",
   "        expiration=datetime.strptime(match[\"date\"], \"%y%m%d\").date(),\n",
   "        strike=Decimal(match[\"strike\"]),\n"
  ]
 },
 "58": {
  "name": "optionType",
  "type": "UNKNOWN",
  "class": "unknown",
  "approach": "Pysonar2",
  "file_path": "bankroll-broker-fidelity/bankroll/brokers/fidelity/account.py",
  "lineno": "232",
  "column": "8",
  "context": "ymbol}\")\n\n    if match[\"putCall\"] == \"P\":\n        optionType = OptionType.PUT\n    else:\n        optionType = OptionType.CALL\n\n  ",
  "context_lines": "    )\n    if not match:\n        raise ValueError(f\"Could not parse Fidelity options symbol: {symbol}\")\n\n    if match[\"putCall\"] == \"P\":\n        optionType = OptionType.PUT\n    else:\n        optionType = OptionType.CALL\n\n    return Option(\n        underlying=match[\"underlying\"],\n",
  "slicing": [
   "        optionType = OptionType.PUT\n",
   "        optionType=optionType,\n"
  ]
 },
 "59": {
  "name": "optionType",
  "type": "UNKNOWN",
  "class": "unknown",
  "approach": "Pysonar2",
  "file_path": "bankroll-broker-fidelity/bankroll/brokers/fidelity/account.py",
  "lineno": "234",
  "column": "8",
  "context": "    optionType = OptionType.PUT\n    else:\n        optionType = OptionType.CALL\n\n    return Option(\n        underlying=match[\"unde",
  "context_lines": "        raise ValueError(f\"Could not parse Fidelity options symbol: {symbol}\")\n\n    if match[\"putCall\"] == \"P\":\n        optionType = OptionType.PUT\n    else:\n        optionType = OptionType.CALL\n\n    return Option(\n        underlying=match[\"underlying\"],\n        currency=currency,\n",
  "slicing": [
   "        optionType = OptionType.CALL\n",
   "        optionType=optionType,\n"
  ]
 },
 "60": {
  "name": "quantity",
  "type": "decimal.Decimal",
  "class": "imported",
  "approach": "annotation",
  "file_path": "bankroll-broker-fidelity/bankroll/brokers/fidelity/account.py",
  "lineno": "259",
  "column": "4",
  "context": "lityTransaction, flags: TradeFlags) -> Trade:\n    quantity = Decimal(t.quantity)\n\n    totalFees = Decimal(0)\n    # Fidelity's total",
  "context_lines": "        return Stock(symbol, currency=currency)\n\n\ndef _parseFidelityTransactionDate(datestr: str) -> datetime:\n    return datetime.strptime(datestr, \"%m/%d/%Y\")\n\n\ndef _forceParseFidelityTransaction(t: _FidelityTransaction, flags: TradeFlags) -> Trade:\n    quantity = Decimal(t.quantity)\n\n    totalFees = Decimal(0)\n    # Fidelity's total fees include commision and fees\n    if t.commission:\n",
  "slicing": [
   "    quantity = Decimal(t.quantity)\n",
   "        quantity=quantity,\n"
  ]
 },
 "61": {
  "name": "totalFees",
  "type": "decimal.Decimal",
  "class": "imported",
  "approach": "annotation",
  "file_path": "bankroll-broker-fidelity/bankroll/brokers/fidelity/account.py",
  "lineno": "261",
  "column": "4",
  "context": "-> Trade:\n    quantity = Decimal(t.quantity)\n\n    totalFees = Decimal(0)\n    # Fidelity's total fees include commision and ",
  "context_lines": "def _parseFidelityTransactionDate(datestr: str) -> datetime:\n    return datetime.strptime(datestr, \"%m/%d/%Y\")\n\n\ndef _forceParseFidelityTransaction(t: _FidelityTransaction, flags: TradeFlags) -> Trade:\n    quantity = Decimal(t.quantity)\n\n    totalFees = Decimal(0)\n    # Fidelity's total fees include commision and fees\n    if t.commission:\n        totalFees += Decimal(t.commission)\n    if t.fees:\n",
  "slicing": [
   "    totalFees = Decimal(0)\n",
   "        amount = Decimal(t.amount) + totalFees\n",
   "        amount=Cash(currency=currency, quantity=amount),\n",
   "        fees=Cash(currency=currency, quantity=totalFees),\n"
  ]
 },
 "62": {
  "name": "totalFees",
  "type": "decimal.Decimal",
  "class": "imported",
  "approach": "annotation",
  "file_path": "bankroll-broker-fidelity/bankroll/brokers/fidelity/account.py",
  "lineno": "264",
  "column": "8",
  "context": "e commision and fees\n    if t.commission:\n        totalFees += Decimal(t.commission)\n    if t.fees:\n        totalFees += Decimal(t.fees",
  "context_lines": "    quantity = Decimal(t.quantity)\n\n    totalFees = Decimal(0)\n    # Fidelity's total fees include commision and fees\n    if t.commission:\n        totalFees += Decimal(t.commission)\n    if t.fees:\n        totalFees += Decimal(t.fees)\n\n    amount = Decimal(0)\n    if t.amount:\n",
  "slicing": [
   "        totalFees += Decimal(t.commission)\n",
   "        amount = Decimal(t.amount) + totalFees\n",
   "        amount=Cash(currency=currency, quantity=amount),\n",
   "        fees=Cash(currency=currency, quantity=totalFees),\n"
  ]
 },
 "63": {
  "name": "totalFees",
  "type": "decimal.Decimal",
  "class": "imported",
  "approach": "annotation",
  "file_path": "bankroll-broker-fidelity/bankroll/brokers/fidelity/account.py",
  "lineno": "266",
  "column": "8",
  "context": "s += Decimal(t.commission)\n    if t.fees:\n        totalFees += Decimal(t.fees)\n\n    amount = Decimal(0)\n    if t.amount:\n        ",
  "context_lines": "    # Fidelity's total fees include commision and fees\n    if t.commission:\n        totalFees += Decimal(t.commission)\n    if t.fees:\n        totalFees += Decimal(t.fees)\n\n    amount = Decimal(0)\n    if t.amount:\n        amount = Decimal(t.amount) + totalFees\n\n",
  "slicing": [
   "        totalFees += Decimal(t.fees)\n",
   "        amount = Decimal(t.amount) + totalFees\n",
   "        amount=Cash(currency=currency, quantity=amount),\n",
   "        fees=Cash(currency=currency, quantity=totalFees),\n"
  ]
 },
 "64": {
  "name": "amount",
  "type": "decimal.Decimal",
  "class": "imported",
  "approach": "annotation",
  "file_path": "bankroll-broker-fidelity/bankroll/brokers/fidelity/account.py",
  "lineno": "268",
  "column": "4",
  "context": "t.fees:\n        totalFees += Decimal(t.fees)\n\n    amount = Decimal(0)\n    if t.amount:\n        amount = Decimal(t.amount",
  "context_lines": "    if t.commission:\n        totalFees += Decimal(t.commission)\n    if t.fees:\n        totalFees += Decimal(t.fees)\n\n    amount = Decimal(0)\n    if t.amount:\n        amount = Decimal(t.amount) + totalFees\n\n    currency = Currency[t.currency]\n    return Trade(\n",
  "slicing": [
   "    amount = Decimal(0)\n",
   "        amount=Cash(currency=currency, quantity=amount),\n"
  ]
 },
 "65": {
  "name": "amount",
  "type": "UNKNOWN",
  "class": "unknown",
  "approach": "Pysonar2",
  "file_path": "bankroll-broker-fidelity/bankroll/brokers/fidelity/account.py",
  "lineno": "270",
  "column": "8",
  "context": "\n    amount = Decimal(0)\n    if t.amount:\n        amount = Decimal(t.amount) + totalFees\n\n    currency = Currency[t.currency]\n    return Tr",
  "context_lines": "    if t.fees:\n        totalFees += Decimal(t.fees)\n\n    amount = Decimal(0)\n    if t.amount:\n        amount = Decimal(t.amount) + totalFees\n\n    currency = Currency[t.currency]\n    return Trade(\n        date=_parseFidelityTransactionDate(t.date),\n",
  "slicing": [
   "        amount = Decimal(t.amount) + totalFees\n",
   "        amount=Cash(currency=currency, quantity=amount),\n"
  ]
 },
 "66": {
  "name": "currency",
  "type": "dict",
  "class": "build-in",
  "approach": "annotation",
  "file_path": "bankroll-broker-fidelity/bankroll/brokers/fidelity/account.py",
  "lineno": "272",
  "column": "4",
  "context": "      amount = Decimal(t.amount) + totalFees\n\n    currency = Currency[t.currency]\n    return Trade(\n        date=_parseFidelityTrans",
  "context_lines": "        totalFees += Decimal(t.fees)\n\n    amount = Decimal(0)\n    if t.amount:\n        amount = Decimal(t.amount) + totalFees\n\n    currency = Currency[t.currency]\n    return Trade(\n        date=_parseFidelityTransactionDate(t.date),\n        instrument=_guessInstrumentFromSymbol(t.symbol, currency),\n        quantity=quantity,\n",
  "slicing": [
   "    currency = Currency[t.currency]\n",
   "        instrument=_guessInstrumentFromSymbol(t.symbol, currency),\n",
   "        amount=Cash(currency=currency, quantity=amount),\n",
   "        fees=Cash(currency=currency, quantity=totalFees),\n"
  ]
 },
 "67": {
  "name": "flags",
  "type": "UNKNOWN",
  "class": "unknown",
  "approach": "annotation",
  "file_path": "bankroll-broker-fidelity/bankroll/brokers/fidelity/account.py",
  "lineno": "297",
  "column": "4",
  "context": "ncy], quantity=Decimal(t.amount)),\n        )\n\n    flags = None\n    # TODO: Handle 'OPENING TRANSACTION' and 'CLOS",
  "context_lines": "            date=_parseFidelityTransactionDate(t.date),\n            instrument=None,\n            proceeds=Cash(currency=Currency[t.currency], quantity=Decimal(t.amount)),\n        )\n\n    flags = None\n    # TODO: Handle 'OPENING TRANSACTION' and 'CLOSING TRANSACTION' text for options transactions\n    if t.action.startswith(\"YOU BOUGHT\"):\n        flags = TradeFlags.OPEN\n    elif t.action.startswith(\"YOU SOLD\"):\n",
  "slicing": [
   "    flags = None\n",
   "    if not flags:\n",
   "    return _forceParseFidelityTransaction(t, flags=flags)\n"
  ]
 },
 "68": {
  "name": "flags",
  "type": "UNKNOWN",
  "class": "unknown",
  "approach": "Pysonar2",
  "file_path": "bankroll-broker-fidelity/bankroll/brokers/fidelity/account.py",
  "lineno": "300",
  "column": "8",
  "context": "    if t.action.startswith(\"YOU BOUGHT\"):\n        flags = TradeFlags.OPEN\n    elif t.action.startswith(\"YOU SOLD\"):\n        ",
  "context_lines": "        )\n\n    flags = None\n    # TODO: Handle 'OPENING TRANSACTION' and 'CLOSING TRANSACTION' text for options transactions\n    if t.action.startswith(\"YOU BOUGHT\"):\n        flags = TradeFlags.OPEN\n    elif t.action.startswith(\"YOU SOLD\"):\n        flags = TradeFlags.CLOSE\n    elif t.action.startswith(\"REINVESTMENT\"):\n        flags = TradeFlags.OPEN | TradeFlags.DRIP\n\n",
  "slicing": [
   "        flags = TradeFlags.OPEN\n",
   "    if not flags:\n",
   "    return _forceParseFidelityTransaction(t, flags=flags)\n"
  ]
 },
 "69": {
  "name": "flags",
  "type": "UNKNOWN",
  "class": "unknown",
  "approach": "Pysonar2",
  "file_path": "bankroll-broker-fidelity/bankroll/brokers/fidelity/account.py",
  "lineno": "302",
  "column": "8",
  "context": "    elif t.action.startswith(\"YOU SOLD\"):\n        flags = TradeFlags.CLOSE\n    elif t.action.startswith(\"REINVESTMENT\"):\n    ",
  "context_lines": "    # TODO: Handle 'OPENING TRANSACTION' and 'CLOSING TRANSACTION' text for options transactions\n    if t.action.startswith(\"YOU BOUGHT\"):\n        flags = TradeFlags.OPEN\n    elif t.action.startswith(\"YOU SOLD\"):\n        flags = TradeFlags.CLOSE\n    elif t.action.startswith(\"REINVESTMENT\"):\n        flags = TradeFlags.OPEN | TradeFlags.DRIP\n\n    if not flags:\n        return None\n\n",
  "slicing": [
   "        flags = TradeFlags.CLOSE\n",
   "    if not flags:\n",
   "    return _forceParseFidelityTransaction(t, flags=flags)\n"
  ]
 },
 "70": {
  "name": "flags",
  "type": "UNKNOWN",
  "class": "unknown",
  "approach": "Pysonar2",
  "file_path": "bankroll-broker-fidelity/bankroll/brokers/fidelity/account.py",
  "lineno": "304",
  "column": "8",
  "context": "elif t.action.startswith(\"REINVESTMENT\"):\n        flags = TradeFlags.OPEN | TradeFlags.DRIP\n\n    if not flags:\n        return None\n\n    return",
  "context_lines": "        flags = TradeFlags.OPEN\n    elif t.action.startswith(\"YOU SOLD\"):\n        flags = TradeFlags.CLOSE\n    elif t.action.startswith(\"REINVESTMENT\"):\n        flags = TradeFlags.OPEN | TradeFlags.DRIP\n\n    if not flags:\n        return None\n\n    return _forceParseFidelityTransaction(t, flags=flags)\n\n\n",
  "slicing": [
   "        flags = TradeFlags.OPEN | TradeFlags.DRIP\n",
   "    if not flags:\n",
   "    return _forceParseFidelityTransaction(t, flags=flags)\n"
  ]
 },
 "71": {
  "name": "transactionsCriterion",
  "type": "UNKNOWN",
  "class": "unknown",
  "approach": "Pysonar2",
  "file_path": "bankroll-broker-fidelity/bankroll/brokers/fidelity/account.py",
  "lineno": "315",
  "column": "8",
  "context": "  with open(path, newline=\"\") as csvfile:\n        transactionsCriterion = csvsectionslicer.CSVSectionCriterion(\n            startSectionRowMatch=[\"Run Date\", \"Acc",
  "context_lines": "    return _forceParseFidelityTransaction(t, flags=flags)\n\n\n# Transactions will be ordered from newest to oldest\ndef _parseTransactions(path: Path, lenient: bool = False) -> List[Activity]:\n    with open(path, newline=\"\") as csvfile:\n        transactionsCriterion = csvsectionslicer.CSVSectionCriterion(\n            startSectionRowMatch=[\"Run Date\", \"Account\", \"Action\"],\n            endSectionRowMatch=[],\n            rowFilter=lambda r: r if len(r) >= 17 else None,\n        )\n\n",
  "slicing": [
   "        transactionsCriterion = csvsectionslicer.CSVSectionCriterion(\n",
   "            csvfile, [transactionsCriterion]\n"
  ]
 },
 "72": {
  "name": "sections",
  "type": "UNKNOWN",
  "class": "unknown",
  "approach": "Pysonar2",
  "file_path": "bankroll-broker-fidelity/bankroll/brokers/fidelity/account.py",
  "lineno": "321",
  "column": "8",
  "context": ": r if len(r) >= 17 else None,\n        )\n\n        sections = csvsectionslicer.parseSectionsForCSV(\n            csvfile, [transactionsCriterion]\n     ",
  "context_lines": "            startSectionRowMatch=[\"Run Date\", \"Account\", \"Action\"],\n            endSectionRowMatch=[],\n            rowFilter=lambda r: r if len(r) >= 17 else None,\n        )\n\n        sections = csvsectionslicer.parseSectionsForCSV(\n            csvfile, [transactionsCriterion]\n        )\n\n        if not sections:\n            return []\n\n",
  "slicing": [
   "        sections = csvsectionslicer.parseSectionsForCSV(\n",
   "        if not sections:\n",
   "                    (_FidelityTransaction._make(r) for r in sections[0].rows),\n"
  ]
 },
 "73": {
  "name": "_positions",
  "type": "dict",
  "class": "build-in",
  "approach": "annotation",
  "file_path": "bankroll-broker-fidelity/bankroll/brokers/fidelity/account.py",
  "lineno": "341",
  "column": "4",
  "context": "      )\n\n\nclass FidelityAccount(AccountData):\n    _positions: Optional[Sequence[Position]] = None\n    _activity: Optional[Sequence[Activity]] = None",
  "context_lines": "                ),\n            )\n        )\n\n\nclass FidelityAccount(AccountData):\n    _positions: Optional[Sequence[Position]] = None\n    _activity: Optional[Sequence[Activity]] = None\n    _balance: Optional[AccountBalance] = None\n\n    @classmethod\n    def fromSettings(\n",
  "slicing": "    _positions: Optional[Sequence[Position]] = None\n"
 },
 "74": {
  "name": "_activity",
  "type": "dict",
  "class": "build-in",
  "approach": "annotation",
  "file_path": "bankroll-broker-fidelity/bankroll/brokers/fidelity/account.py",
  "lineno": "342",
  "column": "4",
  "context": "ositions: Optional[Sequence[Position]] = None\n    _activity: Optional[Sequence[Activity]] = None\n    _balance: Optional[AccountBalance] = None\n\n   ",
  "context_lines": "            )\n        )\n\n\nclass FidelityAccount(AccountData):\n    _positions: Optional[Sequence[Position]] = None\n    _activity: Optional[Sequence[Activity]] = None\n    _balance: Optional[AccountBalance] = None\n\n    @classmethod\n    def fromSettings(\n        cls, settings: Mapping[configuration.Settings, str], lenient: bool\n",
  "slicing": "    _activity: Optional[Sequence[Activity]] = None\n"
 },
 "75": {
  "name": "_balance",
  "type": "dict",
  "class": "build-in",
  "approach": "annotation",
  "file_path": "bankroll-broker-fidelity/bankroll/brokers/fidelity/account.py",
  "lineno": "343",
  "column": "4",
  "context": "activity: Optional[Sequence[Activity]] = None\n    _balance: Optional[AccountBalance] = None\n\n    @classmethod\n    def fromSettings(\n        cl",
  "context_lines": "        )\n\n\nclass FidelityAccount(AccountData):\n    _positions: Optional[Sequence[Position]] = None\n    _activity: Optional[Sequence[Activity]] = None\n    _balance: Optional[AccountBalance] = None\n\n    @classmethod\n    def fromSettings(\n        cls, settings: Mapping[configuration.Settings, str], lenient: bool\n",
  "slicing": "    _balance: Optional[AccountBalance] = None\n"
 },
 "76": {
  "name": "positions",
  "type": "UNKNOWN",
  "class": "unknown",
  "approach": "Pysonar2",
  "file_path": "bankroll-broker-fidelity/bankroll/brokers/fidelity/account.py",
  "lineno": "349",
  "column": "8",
  "context": "lenient: bool\n    ) -> \"FidelityAccount\":\n        positions = settings.get(Settings.POSITIONS)\n        transactions = settings.get(Settings.TRANS",
  "context_lines": "    @classmethod\n    def fromSettings(\n        cls, settings: Mapping[configuration.Settings, str], lenient: bool\n    ) -> \"FidelityAccount\":\n        positions = settings.get(Settings.POSITIONS)\n        transactions = settings.get(Settings.TRANSACTIONS)\n\n        return cls(\n            positions=Path(positions) if positions else None,\n            transactions=Path(transactions) if transactions else None,\n",
  "slicing": [
   "        positions = settings.get(Settings.POSITIONS)\n",
   "            positions=Path(positions) if positions else None,\n",
   "        self._positionsPath = positions\n"
  ]
 },
 "77": {
  "name": "transactions",
  "type": "UNKNOWN",
  "class": "unknown",
  "approach": "Pysonar2",
  "file_path": "bankroll-broker-fidelity/bankroll/brokers/fidelity/account.py",
  "lineno": "350",
  "column": "8",
  "context": "itions = settings.get(Settings.POSITIONS)\n        transactions = settings.get(Settings.TRANSACTIONS)\n\n        return cls(\n            positions=Path(po",
  "context_lines": "    def fromSettings(\n        cls, settings: Mapping[configuration.Settings, str], lenient: bool\n    ) -> \"FidelityAccount\":\n        positions = settings.get(Settings.POSITIONS)\n        transactions = settings.get(Settings.TRANSACTIONS)\n\n        return cls(\n            positions=Path(positions) if positions else None,\n            transactions=Path(transactions) if transactions else None,\n",
  "slicing": [
   "        transactions = settings.get(Settings.TRANSACTIONS)\n",
   "            transactions=Path(transactions) if transactions else None,\n",
   "        self._transactionsPath = transactions\n"
  ]
 },
 "78": {
  "name": "__all__",
  "type": "list",
  "class": "build-in",
  "approach": "annotation",
  "file_path": "bankroll-broker-fidelity/bankroll/brokers/fidelity/__init__.py",
  "lineno": "3",
  "column": "0",
  "context": "from .account import FidelityAccount, Settings\n\n__all__ = [\"FidelityAccount\", \"Settings\"]\n",
  "context_lines": "from .account import FidelityAccount, Settings\n\n__all__ = [\"FidelityAccount\", \"Settings\"]\n",
  "slicing": "__all__ = [\"FidelityAccount\", \"Settings\"]\n"
 },
 "79": {
  "name": "ts",
  "type": "dict",
  "class": "build-in",
  "approach": "annotation",
  "file_path": "bankroll-broker-fidelity/tests/test_fidelity.py",
  "lineno": "120",
  "column": "8",
  "context": "\n\n    def test_buySecurity(self) -> None:\n        ts = self.activityByDate[date(2017, 9, 23)]\n        self.assertEqual(len(ts), 1)\n        self.",
  "context_lines": "        }\n\n    def test_activityValidity(self) -> None:\n        self.assertGreater(len(self.activity), 0)\n\n    def test_buySecurity(self) -> None:\n        ts = self.activityByDate[date(2017, 9, 23)]\n        self.assertEqual(len(ts), 1)\n        self.assertEqual(\n            ts[0],\n            Trade(\n",
  "slicing": [
   "        ts = self.activityByDate[date(2017, 9, 23)]\n",
   "        self.assertEqual(len(ts), 1)\n",
   "            ts[0],\n",
   "                date=ts[0].date,\n",
   "        self.assertEqual(len(ts), 5)\n",
   "            ts[2],\n",
   "                date=ts[2].date,\n",
   "            ts[3],\n",
   "                date=ts[3].date,\n",
   "        self.assertEqual(len(ts), 1)\n",
   "            ts[0],\n",
   "                date=ts[0].date,\n",
   "            ts[4],\n",
   "                date=ts[4].date,\n",
   "        self.assertEqual(len(ts), 1)\n",
   "            ts[0],\n",
   "                date=ts[0].date,\n"
  ]
 },
 "80": {
  "name": "ts",
  "type": "dict",
  "class": "build-in",
  "approach": "annotation",
  "file_path": "bankroll-broker-fidelity/tests/test_fidelity.py",
  "lineno": "135",
  "column": "8",
  "context": "  def test_dividendPayment(self) -> None:\n        ts = self.activityByDate[date(2017, 11, 9)]\n        self.assertEqual(len(ts), 5)\n        self.",
  "context_lines": "                flags=TradeFlags.OPEN,\n            ),\n        )\n\n    def test_dividendPayment(self) -> None:\n        ts = self.activityByDate[date(2017, 11, 9)]\n        self.assertEqual(len(ts), 5)\n        self.assertEqual(\n            ts[2],\n            CashPayment(\n",
  "slicing": [
   "        ts = self.activityByDate[date(2017, 11, 9)]\n",
   "        self.assertEqual(len(ts), 5)\n",
   "            ts[2],\n",
   "                date=ts[2].date,\n",
   "            ts[3],\n",
   "                date=ts[3].date,\n",
   "        self.assertEqual(len(ts), 1)\n",
   "            ts[0],\n",
   "                date=ts[0].date,\n",
   "            ts[4],\n",
   "                date=ts[4].date,\n",
   "        self.assertEqual(len(ts), 1)\n",
   "            ts[0],\n",
   "                date=ts[0].date,\n"
  ]
 },
 "81": {
  "name": "ts",
  "type": "dict",
  "class": "build-in",
  "approach": "annotation",
  "file_path": "bankroll-broker-fidelity/tests/test_fidelity.py",
  "lineno": "147",
  "column": "8",
  "context": "   def test_reinvestShares(self) -> None:\n        ts = self.activityByDate[date(2017, 11, 9)]\n        self.assertEqual(\n            ts[3],\n     ",
  "context_lines": "                proceeds=helpers.cashUSD(Decimal(\"6.78\")),\n            ),\n        )\n\n    def test_reinvestShares(self) -> None:\n        ts = self.activityByDate[date(2017, 11, 9)]\n        self.assertEqual(\n            ts[3],\n            Trade(\n                date=ts[3].date,\n",
  "slicing": [
   "        ts = self.activityByDate[date(2017, 11, 9)]\n",
   "            ts[3],\n",
   "                date=ts[3].date,\n",
   "        self.assertEqual(len(ts), 1)\n",
   "            ts[0],\n",
   "                date=ts[0].date,\n",
   "            ts[4],\n",
   "                date=ts[4].date,\n",
   "        self.assertEqual(len(ts), 1)\n",
   "            ts[0],\n",
   "                date=ts[0].date,\n"
  ]
 },
 "82": {
  "name": "ts",
  "type": "dict",
  "class": "build-in",
  "approach": "annotation",
  "file_path": "bankroll-broker-fidelity/tests/test_fidelity.py",
  "lineno": "165",
  "column": "8",
  "context": "  def test_buyToOpenOption(self) -> None:\n        ts = self.activityByDate[date(2017, 8, 26)]\n        self.assertEqual(len(ts), 1)\n        self.",
  "context_lines": "    def test_shortSaleAndCover(self) -> None:\n        # TODO: Test short sale and cover trades\n        pass\n\n    def test_buyToOpenOption(self) -> None:\n        ts = self.activityByDate[date(2017, 8, 26)]\n        self.assertEqual(len(ts), 1)\n        self.assertEqual(\n            ts[0],\n            Trade(\n",
  "slicing": [
   "        ts = self.activityByDate[date(2017, 8, 26)]\n",
   "        self.assertEqual(len(ts), 1)\n",
   "            ts[0],\n",
   "                date=ts[0].date,\n",
   "            ts[4],\n",
   "                date=ts[4].date,\n",
   "        self.assertEqual(len(ts), 1)\n",
   "            ts[0],\n",
   "                date=ts[0].date,\n"
  ]
 },
 "83": {
  "name": "ts",
  "type": "dict",
  "class": "build-in",
  "approach": "annotation",
  "file_path": "bankroll-broker-fidelity/tests/test_fidelity.py",
  "lineno": "186",
  "column": "8",
  "context": "def test_sellToCloseOption(self) -> None:\n        ts = self.activityByDate[date(2017, 11, 9)]\n        self.assertEqual(\n            ts[4],\n     ",
  "context_lines": "                flags=TradeFlags.OPEN,\n            ),\n        )\n\n    def test_sellToCloseOption(self) -> None:\n        ts = self.activityByDate[date(2017, 11, 9)]\n        self.assertEqual(\n            ts[4],\n            Trade(\n                date=ts[4].date,\n",
  "slicing": [
   "        ts = self.activityByDate[date(2017, 11, 9)]\n",
   "            ts[4],\n",
   "                date=ts[4].date,\n",
   "        self.assertEqual(len(ts), 1)\n",
   "            ts[0],\n",
   "                date=ts[0].date,\n"
  ]
 },
 "84": {
  "name": "ts",
  "type": "dict",
  "class": "build-in",
  "approach": "annotation",
  "file_path": "bankroll-broker-fidelity/tests/test_fidelity.py",
  "lineno": "230",
  "column": "8",
  "context": "\n    def test_cashInterest(self) -> None:\n        ts = self.activityByDate[date(2017, 8, 31)]\n        self.assertEqual(len(ts), 1)\n        self.",
  "context_lines": "    def test_securityTransferSale(self) -> None:\n        # TODO: Test security transfer trades\n        pass\n\n    def test_cashInterest(self) -> None:\n        ts = self.activityByDate[date(2017, 8, 31)]\n        self.assertEqual(len(ts), 1)\n        self.assertEqual(\n            ts[0],\n            CashPayment(\n",
  "slicing": [
   "        ts = self.activityByDate[date(2017, 8, 31)]\n",
   "        self.assertEqual(len(ts), 1)\n",
   "            ts[0],\n",
   "                date=ts[0].date,\n"
  ]
 },
 "85": {
  "name": "cls",
  "type": "Settings",
  "class": "customized",
  "approach": "Pysonar2",
  "file_path": "bankroll-broker-fidelity/bankroll/brokers/fidelity/account.py",
  "lineno": "56",
  "column": "20",
  "context": "  return \"\"\n\n    @classmethod\n    def sectionName(cls) -> str:\n        return \"Fidelity\"\n\n\nclass _FidelityPositio",
  "context_lines": "            return \"A local path to an exported CSV of Fidelity transactions.\"\n        else:\n            return \"\"\n\n    @classmethod\n    def sectionName(cls) -> str:\n        return \"Fidelity\"\n\n\nclass _FidelityPosition(NamedTuple):\n    symbol: str\n    description: str\n",
  "slicing": "    def sectionName(cls) -> str:\n"
 },
 "86": {
  "name": "p",
  "type": "_FidelityPosition",
  "class": "customized",
  "approach": "annotation",
  "file_path": "bankroll-broker-fidelity/bankroll/brokers/fidelity/account.py",
  "lineno": "74",
  "column": "4",
  "context": "n], Instrument]\n\n\ndef _parseFidelityPosition(\n    p: _FidelityPosition, instrumentFactory: _InstrumentFactory\n) -> Position:\n    qty = Decimal(p.quantity)\n    r",
  "context_lines": "    endingValue: str\n    costBasis: str\n\n\n_InstrumentFactory = Callable[[_FidelityPosition], Instrument]\n\n\ndef _parseFidelityPosition(\n    p: _FidelityPosition, instrumentFactory: _InstrumentFactory\n) -> Position:\n    qty = Decimal(p.quantity)\n    return Position(\n        instrument=instrumentFactory(p),\n",
  "slicing": [
   "    p: _FidelityPosition, instrumentFactory: _InstrumentFactory\n",
   "            optionsCriterion: lambda p: _parseOptionsPosition(p.description),\n",
   "    if Decimal(p.quantity) != Decimal(1) or Decimal(p.price) == Decimal(1):\n",
   "        raise ValueError(f\"Fidelity cash position format has changed to: {p}\")\n",
   "    return Cash(currency=Currency.USD, quantity=Decimal(p.beginningValue))\n",
   "                        (p for p in positions if p.symbol == \"CASH\"),\n"
  ]
 },
 "87": {
  "name": "instrumentFactory",
  "type": "UNKNOWN",
  "class": "unknown",
  "approach": "annotation",
  "file_path": "bankroll-broker-fidelity/bankroll/brokers/fidelity/account.py",
  "lineno": "74",
  "column": "26",
  "context": "_parseFidelityPosition(\n    p: _FidelityPosition, instrumentFactory: _InstrumentFactory\n) -> Position:\n    qty = Decimal(p.quantity)\n    r",
  "context_lines": "    endingValue: str\n    costBasis: str\n\n\n_InstrumentFactory = Callable[[_FidelityPosition], Instrument]\n\n\ndef _parseFidelityPosition(\n    p: _FidelityPosition, instrumentFactory: _InstrumentFactory\n) -> Position:\n    qty = Decimal(p.quantity)\n    return Position(\n        instrument=instrumentFactory(p),\n",
  "slicing": [
   "    p: _FidelityPosition, instrumentFactory: _InstrumentFactory\n",
   "        instrument=instrumentFactory(p),\n"
  ]
 },
 "88": {
  "name": "description",
  "type": "str",
  "class": "build-in",
  "approach": "annotation",
  "file_path": "bankroll-broker-fidelity/bankroll/brokers/fidelity/account.py",
  "lineno": "100",
  "column": "26",
  "context": " = (11,)\n    DEC = 12\n\n\ndef _parseOptionsPosition(description: str) -> Option:\n    match = re.match(\n        r\"^(?P<putCall>CALL|",
  "context_lines": "    SEP = (9,)\n    OCT = (10,)\n    NOV = (11,)\n    DEC = 12\n\n\ndef _parseOptionsPosition(description: str) -> Option:\n    match = re.match(\n        r\"^(?P<putCall>CALL|PUT) \\((?P<underlying>[A-Z]+)\\) .+ (?P<month>[A-Z]{3}) (?P<day>\\d{2}) (?P<year>\\d{2}) \\$(?P<strike>[0-9\\.]+) \\(100 SHS\\)$\",\n        description,\n    )\n",
  "slicing": [
   "def _parseOptionsPosition(description: str) -> Option:\n",
   "        raise ValueError(f\"Could not parse Fidelity options description: {description}\")\n"
  ]
 },
 "89": {
  "name": "path",
  "type": "UNKNOWN",
  "class": "unknown",
  "approach": "annotation",
  "file_path": "bankroll-broker-fidelity/bankroll/brokers/fidelity/account.py",
  "lineno": "125",
  "column": "20",
  "context": "mal(match[\"strike\"]),\n    )\n\n\ndef _parsePositions(path: Path, lenient: bool = False) -> List[Position]:\n    with open(path, newline=\"\") as csvfile:\n      ",
  "context_lines": "        expiration=date(year, month, int(match[\"day\"])),\n        optionType=optionType,\n        strike=Decimal(match[\"strike\"]),\n    )\n\n\ndef _parsePositions(path: Path, lenient: bool = False) -> List[Position]:\n    with open(path, newline=\"\") as csvfile:\n        stocksCriterion = csvsectionslicer.CSVSectionCriterion(\n            startSectionRowMatch=[\"Stocks\"],\n            endSectionRowMatch=[\"\"],\n",
  "slicing": [
   "def _parsePositions(path: Path, lenient: bool = False) -> List[Position]:\n",
   "    with open(path, newline=\"\") as csvfile:\n"
  ]
 },
 "90": {
  "name": "lenient",
  "type": "bool",
  "class": "build-in",
  "approach": "annotation",
  "file_path": "bankroll-broker-fidelity/bankroll/brokers/fidelity/account.py",
  "lineno": "125",
  "column": "32",
  "context": "trike\"]),\n    )\n\n\ndef _parsePositions(path: Path, lenient: bool = False) -> List[Position]:\n    with open(path, newline=\"\") as csvfile:\n      ",
  "context_lines": "        expiration=date(year, month, int(match[\"day\"])),\n        optionType=optionType,\n        strike=Decimal(match[\"strike\"]),\n    )\n\n\ndef _parsePositions(path: Path, lenient: bool = False) -> List[Position]:\n    with open(path, newline=\"\") as csvfile:\n        stocksCriterion = csvsectionslicer.CSVSectionCriterion(\n            startSectionRowMatch=[\"Stocks\"],\n            endSectionRowMatch=[\"\"],\n",
  "slicing": [
   "def _parsePositions(path: Path, lenient: bool = False) -> List[Position]:\n",
   "            self._positions = _parsePositions(\n"
  ]
 },
 "91": {
  "name": "p",
  "type": "_FidelityPosition",
  "class": "customized",
  "approach": "annotation",
  "file_path": "bankroll-broker-fidelity/bankroll/brokers/fidelity/account.py",
  "lineno": "167",
  "column": "15",
  "context": "d(pos)\n\n        return positions\n\n\ndef _parseCash(p: _FidelityPosition) -> Cash:\n    # Fidelity's CSV seems to be formatted incorre",
  "context_lines": "                    _FidelityPosition._make(r), instrumentBySection[sec.criterion]\n                )\n                positions.append(pos)\n\n        return positions\n\n\ndef _parseCash(p: _FidelityPosition) -> Cash:\n    # Fidelity's CSV seems to be formatted incorrectly, with cash price\n    # _supposed_ to be 1, but unintentionally offset. Since it will be hard to\n    # make this forward-compatible, let's just use it as-is and throw if it\n    # changes in the future (at which point, we would expect `endingValue` or\n",
  "slicing": "def _parseCash(p: _FidelityPosition) -> Cash:\n"
 },
 "92": {
  "name": "path",
  "type": "UNKNOWN",
  "class": "unknown",
  "approach": "annotation",
  "file_path": "bankroll-broker-fidelity/bankroll/brokers/fidelity/account.py",
  "lineno": "179",
  "column": "18",
  "context": "ty=Decimal(p.beginningValue))\n\n\ndef _parseBalance(path: Path, lenient: bool = False) -> AccountBalance:\n    with open(path, newline=\"\") as csvfile:\n      ",
  "context_lines": "    # `quantity` to be the correct fields to use).\n    if Decimal(p.quantity) != Decimal(1) or Decimal(p.price) == Decimal(1):\n        raise ValueError(f\"Fidelity cash position format has changed to: {p}\")\n\n    return Cash(currency=Currency.USD, quantity=Decimal(p.beginningValue))\n\n\ndef _parseBalance(path: Path, lenient: bool = False) -> AccountBalance:\n    with open(path, newline=\"\") as csvfile:\n        reader = csv.reader(csvfile)\n\n        fieldLen = len(_FidelityPosition._fields)\n        positions = (\n",
  "slicing": [
   "def _parseBalance(path: Path, lenient: bool = False) -> AccountBalance:\n",
   "    with open(path, newline=\"\") as csvfile:\n"
  ]
 },
 "93": {
  "name": "lenient",
  "type": "bool",
  "class": "build-in",
  "approach": "annotation",
  "file_path": "bankroll-broker-fidelity/bankroll/brokers/fidelity/account.py",
  "lineno": "179",
  "column": "30",
  "context": ".beginningValue))\n\n\ndef _parseBalance(path: Path, lenient: bool = False) -> AccountBalance:\n    with open(path, newline=\"\") as csvfile:\n      ",
  "context_lines": "    # `quantity` to be the correct fields to use).\n    if Decimal(p.quantity) != Decimal(1) or Decimal(p.price) == Decimal(1):\n        raise ValueError(f\"Fidelity cash position format has changed to: {p}\")\n\n    return Cash(currency=Currency.USD, quantity=Decimal(p.beginningValue))\n\n\ndef _parseBalance(path: Path, lenient: bool = False) -> AccountBalance:\n    with open(path, newline=\"\") as csvfile:\n        reader = csv.reader(csvfile)\n\n        fieldLen = len(_FidelityPosition._fields)\n        positions = (\n",
  "slicing": [
   "def _parseBalance(path: Path, lenient: bool = False) -> AccountBalance:\n",
   "            self._balance = _parseBalance(self._positionsPath, lenient=self._lenient)\n"
  ]
 },
 "94": {
  "name": "symbol",
  "type": "str",
  "class": "build-in",
  "approach": "annotation",
  "file_path": "bankroll-broker-fidelity/bankroll/brokers/fidelity/account.py",
  "lineno": "223",
  "column": "28",
  "context": "settlementDate: str\n\n\ndef _parseOptionTransaction(symbol: str, currency: Currency) -> Option:\n    match = re.match(\n        r\"^-(?P<underlying>[",
  "context_lines": "    fees: str\n    accruedInterest: str\n    amount: str\n    settlementDate: str\n\n\ndef _parseOptionTransaction(symbol: str, currency: Currency) -> Option:\n    match = re.match(\n        r\"^-(?P<underlying>[A-Z]+)(?P<date>\\d{6})(?P<putCall>C|P)(?P<strike>[0-9\\.]+)$\",\n        symbol,\n    )\n",
  "slicing": [
   "def _parseOptionTransaction(symbol: str, currency: Currency) -> Option:\n",
   "        return _parseOptionTransaction(symbol, currency)\n",
   "    elif Bond.validBondSymbol(symbol):\n",
   "        return Bond(symbol, currency=currency)\n",
   "        return Stock(symbol, currency=currency)\n"
  ]
 },
 "95": {
  "name": "currency",
  "type": "UNKNOWN",
  "class": "unknown",
  "approach": "annotation",
  "file_path": "bankroll-broker-fidelity/bankroll/brokers/fidelity/account.py",
  "lineno": "223",
  "column": "41",
  "context": "e: str\n\n\ndef _parseOptionTransaction(symbol: str, currency: Currency) -> Option:\n    match = re.match(\n        r\"^-(?P<underlying>[",
  "context_lines": "    fees: str\n    accruedInterest: str\n    amount: str\n    settlementDate: str\n\n\ndef _parseOptionTransaction(symbol: str, currency: Currency) -> Option:\n    match = re.match(\n        r\"^-(?P<underlying>[A-Z]+)(?P<date>\\d{6})(?P<putCall>C|P)(?P<strike>[0-9\\.]+)$\",\n        symbol,\n    )\n",
  "slicing": [
   "def _parseOptionTransaction(symbol: str, currency: Currency) -> Option:\n",
   "        return _parseOptionTransaction(symbol, currency)\n",
   "        return Bond(symbol, currency=currency)\n",
   "        return Stock(symbol, currency=currency)\n",
   "        instrument=_guessInstrumentFromSymbol(t.symbol, currency),\n",
   "        amount=Cash(currency=currency, quantity=amount),\n",
   "        fees=Cash(currency=currency, quantity=totalFees),\n"
  ]
 },
 "96": {
  "name": "symbol",
  "type": "str",
  "class": "build-in",
  "approach": "annotation",
  "file_path": "bankroll-broker-fidelity/bankroll/brokers/fidelity/account.py",
  "lineno": "245",
  "column": "31",
  "context": "strike\"]),\n    )\n\n\ndef _guessInstrumentFromSymbol(symbol: str, currency: Currency) -> Instrument:\n    if re.search(r\"[0-9]+(C|P)[0-9]+$\", symbol):\n ",
  "context_lines": "        expiration=datetime.strptime(match[\"date\"], \"%y%m%d\").date(),\n        optionType=optionType,\n        strike=Decimal(match[\"strike\"]),\n    )\n\n\ndef _guessInstrumentFromSymbol(symbol: str, currency: Currency) -> Instrument:\n    if re.search(r\"[0-9]+(C|P)[0-9]+$\", symbol):\n        return _parseOptionTransaction(symbol, currency)\n    elif Bond.validBondSymbol(symbol):\n        return Bond(symbol, currency=currency)\n",
  "slicing": [
   "def _guessInstrumentFromSymbol(symbol: str, currency: Currency) -> Instrument:\n",
   "        return Stock(symbol, currency=currency)\n"
  ]
 },
 "97": {
  "name": "currency",
  "type": "UNKNOWN",
  "class": "unknown",
  "approach": "annotation",
  "file_path": "bankroll-broker-fidelity/bankroll/brokers/fidelity/account.py",
  "lineno": "245",
  "column": "44",
  "context": "  )\n\n\ndef _guessInstrumentFromSymbol(symbol: str, currency: Currency) -> Instrument:\n    if re.search(r\"[0-9]+(C|P)[0-9]+$\", symbol):\n ",
  "context_lines": "        expiration=datetime.strptime(match[\"date\"], \"%y%m%d\").date(),\n        optionType=optionType,\n        strike=Decimal(match[\"strike\"]),\n    )\n\n\ndef _guessInstrumentFromSymbol(symbol: str, currency: Currency) -> Instrument:\n    if re.search(r\"[0-9]+(C|P)[0-9]+$\", symbol):\n        return _parseOptionTransaction(symbol, currency)\n    elif Bond.validBondSymbol(symbol):\n        return Bond(symbol, currency=currency)\n",
  "slicing": [
   "def _guessInstrumentFromSymbol(symbol: str, currency: Currency) -> Instrument:\n",
   "        instrument=_guessInstrumentFromSymbol(t.symbol, currency),\n",
   "        amount=Cash(currency=currency, quantity=amount),\n",
   "        fees=Cash(currency=currency, quantity=totalFees),\n"
  ]
 },
 "98": {
  "name": "datestr",
  "type": "str",
  "class": "build-in",
  "approach": "annotation",
  "file_path": "bankroll-broker-fidelity/bankroll/brokers/fidelity/account.py",
  "lineno": "254",
  "column": "34",
  "context": "ncy=currency)\n\n\ndef _parseFidelityTransactionDate(datestr: str) -> datetime:\n    return datetime.strptime(datestr, \"%m/%d/%Y\")\n",
  "context_lines": "    elif Bond.validBondSymbol(symbol):\n        return Bond(symbol, currency=currency)\n    else:\n        return Stock(symbol, currency=currency)\n\n\ndef _parseFidelityTransactionDate(datestr: str) -> datetime:\n    return datetime.strptime(datestr, \"%m/%d/%Y\")\n\n\ndef _forceParseFidelityTransaction(t: _FidelityTransaction, flags: TradeFlags) -> Trade:\n    quantity = Decimal(t.quantity)\n\n    totalFees = Decimal(0)\n",
  "slicing": [
   "def _parseFidelityTransactionDate(datestr: str) -> datetime:\n",
   "    return datetime.strptime(datestr, \"%m/%d/%Y\")\n"
  ]
 },
 "99": {
  "name": "t",
  "type": "_FidelityTransaction",
  "class": "customized",
  "approach": "annotation",
  "file_path": "bankroll-broker-fidelity/bankroll/brokers/fidelity/account.py",
  "lineno": "258",
  "column": "35",
  "context": " \"%m/%d/%Y\")\n\n\ndef _forceParseFidelityTransaction(t: _FidelityTransaction, flags: TradeFlags) -> Trade:\n    quantity = Decimal(t.quantity)\n\n    totalFees ",
  "context_lines": "    else:\n        return Stock(symbol, currency=currency)\n\n\ndef _parseFidelityTransactionDate(datestr: str) -> datetime:\n    return datetime.strptime(datestr, \"%m/%d/%Y\")\n\n\ndef _forceParseFidelityTransaction(t: _FidelityTransaction, flags: TradeFlags) -> Trade:\n    quantity = Decimal(t.quantity)\n\n    totalFees = Decimal(0)\n    # Fidelity's total fees include commision and fees\n    if t.commission:\n",
  "slicing": [
   "def _forceParseFidelityTransaction(t: _FidelityTransaction, flags: TradeFlags) -> Trade:\n",
   "    return _forceParseFidelityTransaction(t, flags=flags)\n"
  ]
 },
 "100": {
  "name": "flags",
  "type": "UNKNOWN",
  "class": "unknown",
  "approach": "annotation",
  "file_path": "bankroll-broker-fidelity/bankroll/brokers/fidelity/account.py",
  "lineno": "258",
  "column": "60",
  "context": "ParseFidelityTransaction(t: _FidelityTransaction, flags: TradeFlags) -> Trade:\n    quantity = Decimal(t.quantity)\n\n    totalFees ",
  "context_lines": "    else:\n        return Stock(symbol, currency=currency)\n\n\ndef _parseFidelityTransactionDate(datestr: str) -> datetime:\n    return datetime.strptime(datestr, \"%m/%d/%Y\")\n\n\ndef _forceParseFidelityTransaction(t: _FidelityTransaction, flags: TradeFlags) -> Trade:\n    quantity = Decimal(t.quantity)\n\n    totalFees = Decimal(0)\n    # Fidelity's total fees include commision and fees\n    if t.commission:\n",
  "slicing": [
   "def _forceParseFidelityTransaction(t: _FidelityTransaction, flags: TradeFlags) -> Trade:\n",
   "    return _forceParseFidelityTransaction(t, flags=flags)\n"
  ]
 },
 "101": {
  "name": "t",
  "type": "_FidelityTransaction",
  "class": "customized",
  "approach": "annotation",
  "file_path": "bankroll-broker-fidelity/bankroll/brokers/fidelity/account.py",
  "lineno": "283",
  "column": "30",
  "context": "lags=flags,\n    )\n\n\ndef _parseFidelityTransaction(t: _FidelityTransaction) -> Optional[Activity]:\n    if t.action == \"DIVIDEND RECEIVED\":\n        re",
  "context_lines": "        amount=Cash(currency=currency, quantity=amount),\n        fees=Cash(currency=currency, quantity=totalFees),\n        flags=flags,\n    )\n\n\ndef _parseFidelityTransaction(t: _FidelityTransaction) -> Optional[Activity]:\n    if t.action == \"DIVIDEND RECEIVED\":\n        return CashPayment(\n            date=_parseFidelityTransactionDate(t.date),\n            instrument=Stock(t.symbol, currency=Currency[t.currency]),\n",
  "slicing": "def _parseFidelityTransaction(t: _FidelityTransaction) -> Optional[Activity]:\n"
 },
 "102": {
  "name": "path",
  "type": "UNKNOWN",
  "class": "unknown",
  "approach": "annotation",
  "file_path": "bankroll-broker-fidelity/bankroll/brokers/fidelity/account.py",
  "lineno": "313",
  "column": "23",
  "context": "ered from newest to oldest\ndef _parseTransactions(path: Path, lenient: bool = False) -> List[Activity]:\n    with open(path, newline=\"\") as csvfile:\n      ",
  "context_lines": "    if not flags:\n        return None\n\n    return _forceParseFidelityTransaction(t, flags=flags)\n\n\n# Transactions will be ordered from newest to oldest\ndef _parseTransactions(path: Path, lenient: bool = False) -> List[Activity]:\n    with open(path, newline=\"\") as csvfile:\n        transactionsCriterion = csvsectionslicer.CSVSectionCriterion(\n            startSectionRowMatch=[\"Run Date\", \"Account\", \"Action\"],\n            endSectionRowMatch=[],\n",
  "slicing": [
   "def _parseTransactions(path: Path, lenient: bool = False) -> List[Activity]:\n",
   "    with open(path, newline=\"\") as csvfile:\n"
  ]
 },
 "103": {
  "name": "lenient",
  "type": "bool",
  "class": "build-in",
  "approach": "annotation",
  "file_path": "bankroll-broker-fidelity/bankroll/brokers/fidelity/account.py",
  "lineno": "313",
  "column": "35",
  "context": "west to oldest\ndef _parseTransactions(path: Path, lenient: bool = False) -> List[Activity]:\n    with open(path, newline=\"\") as csvfile:\n      ",
  "context_lines": "    if not flags:\n        return None\n\n    return _forceParseFidelityTransaction(t, flags=flags)\n\n\n# Transactions will be ordered from newest to oldest\ndef _parseTransactions(path: Path, lenient: bool = False) -> List[Activity]:\n    with open(path, newline=\"\") as csvfile:\n        transactionsCriterion = csvsectionslicer.CSVSectionCriterion(\n            startSectionRowMatch=[\"Run Date\", \"Account\", \"Action\"],\n            endSectionRowMatch=[],\n",
  "slicing": [
   "def _parseTransactions(path: Path, lenient: bool = False) -> List[Activity]:\n",
   "            self._activity = _parseTransactions(\n"
  ]
 },
 "104": {
  "name": "cls",
  "type": "FidelityAccount",
  "class": "customized",
  "approach": "Pysonar2",
  "file_path": "bankroll-broker-fidelity/bankroll/brokers/fidelity/account.py",
  "lineno": "347",
  "column": "8",
  "context": "e\n\n    @classmethod\n    def fromSettings(\n        cls, settings: Mapping[configuration.Settings, str], lenient: bool\n    ) -> \"FidelityAccount\":\n        positions = se",
  "context_lines": "    _activity: Optional[Sequence[Activity]] = None\n    _balance: Optional[AccountBalance] = None\n\n    @classmethod\n    def fromSettings(\n        cls, settings: Mapping[configuration.Settings, str], lenient: bool\n    ) -> \"FidelityAccount\":\n        positions = settings.get(Settings.POSITIONS)\n        transactions = settings.get(Settings.TRANSACTIONS)\n\n        return cls(\n",
  "slicing": "        cls, settings: Mapping[configuration.Settings, str], lenient: bool\n"
 },
 "105": {
  "name": "settings",
  "type": "dict",
  "class": "build-in",
  "approach": "annotation",
  "file_path": "bankroll-broker-fidelity/bankroll/brokers/fidelity/account.py",
  "lineno": "347",
  "column": "13",
  "context": "  @classmethod\n    def fromSettings(\n        cls, settings: Mapping[configuration.Settings, str], lenient: bool\n    ) -> \"FidelityAccount\":\n        positions = se",
  "context_lines": "    _activity: Optional[Sequence[Activity]] = None\n    _balance: Optional[AccountBalance] = None\n\n    @classmethod\n    def fromSettings(\n        cls, settings: Mapping[configuration.Settings, str], lenient: bool\n    ) -> \"FidelityAccount\":\n        positions = settings.get(Settings.POSITIONS)\n        transactions = settings.get(Settings.TRANSACTIONS)\n\n        return cls(\n",
  "slicing": "        cls, settings: Mapping[configuration.Settings, str], lenient: bool\n"
 },
 "106": {
  "name": "lenient",
  "type": "bool",
  "class": "build-in",
  "approach": "annotation",
  "file_path": "bankroll-broker-fidelity/bankroll/brokers/fidelity/account.py",
  "lineno": "347",
  "column": "61",
  "context": ", settings: Mapping[configuration.Settings, str], lenient: bool\n    ) -> \"FidelityAccount\":\n        positions = se",
  "context_lines": "    _activity: Optional[Sequence[Activity]] = None\n    _balance: Optional[AccountBalance] = None\n\n    @classmethod\n    def fromSettings(\n        cls, settings: Mapping[configuration.Settings, str], lenient: bool\n    ) -> \"FidelityAccount\":\n        positions = settings.get(Settings.POSITIONS)\n        transactions = settings.get(Settings.TRANSACTIONS)\n\n        return cls(\n",
  "slicing": "        cls, settings: Mapping[configuration.Settings, str], lenient: bool\n"
 },
 "107": {
  "name": "positions",
  "type": "dict",
  "class": "build-in",
  "approach": "annotation",
  "file_path": "bankroll-broker-fidelity/bankroll/brokers/fidelity/account.py",
  "lineno": "360",
  "column": "8",
  "context": "       )\n\n    def __init__(\n        self,\n        positions: Optional[Path] = None,\n        transactions: Optional[Path] = None,\n     ",
  "context_lines": "            lenient=lenient,\n        )\n\n    def __init__(\n        self,\n        positions: Optional[Path] = None,\n        transactions: Optional[Path] = None,\n        lenient: bool = False,\n    ):\n        self._positionsPath = positions\n",
  "slicing": "        positions: Optional[Path] = None,\n"
 },
 "108": {
  "name": "transactions",
  "type": "dict",
  "class": "build-in",
  "approach": "annotation",
  "file_path": "bankroll-broker-fidelity/bankroll/brokers/fidelity/account.py",
  "lineno": "361",
  "column": "8",
  "context": "        positions: Optional[Path] = None,\n        transactions: Optional[Path] = None,\n        lenient: bool = False,\n    ):\n        self",
  "context_lines": "        )\n\n    def __init__(\n        self,\n        positions: Optional[Path] = None,\n        transactions: Optional[Path] = None,\n        lenient: bool = False,\n    ):\n        self._positionsPath = positions\n        self._transactionsPath = transactions\n",
  "slicing": "        transactions: Optional[Path] = None,\n"
 },
 "109": {
  "name": "lenient",
  "type": "bool",
  "class": "build-in",
  "approach": "annotation",
  "file_path": "bankroll-broker-fidelity/bankroll/brokers/fidelity/account.py",
  "lineno": "362",
  "column": "8",
  "context": "     transactions: Optional[Path] = None,\n        lenient: bool = False,\n    ):\n        self._positionsPath = positions\n   ",
  "context_lines": "    def __init__(\n        self,\n        positions: Optional[Path] = None,\n        transactions: Optional[Path] = None,\n        lenient: bool = False,\n    ):\n        self._positionsPath = positions\n        self._transactionsPath = transactions\n        self._lenient = lenient\n",
  "slicing": "        lenient: bool = False,\n"
 },
 "110": {
  "name": "amount",
  "type": "UNKNOWN",
  "class": "unknown",
  "approach": "annotation",
  "file_path": "bankroll-broker-fidelity/tests/helpers.py",
  "lineno": "5",
  "column": "12",
  "context": "ankroll.model import Cash, Currency\n\n\ndef cashUSD(amount: Decimal) -> Cash:\n    return Cash(currency=Currency.USD, quantity=am",
  "context_lines": "from decimal import Decimal\nfrom bankroll.model import Cash, Currency\n\n\ndef cashUSD(amount: Decimal) -> Cash:\n",
  "slicing": "def cashUSD(amount: Decimal) -> Cash:\n"
 }
}