{
 "1": {
  "name": "client",
  "type": "pymongo.MongoClient",
  "class": "imported",
  "approach": "annotation",
  "file_path": "BDD/id_messages.py",
  "lineno": "4",
  "column": "0",
  "context": "ngo import MongoClient\n\n# Nos conectamos a la bdd\nclient = MongoClient('localhost')\ndb = client[\"g34\"]\nmensajes = db.mensajes\n\n# funci",
  "context_lines": "from pymongo import MongoClient\n\n# Nos conectamos a la bdd\nclient = MongoClient('localhost')\ndb = client[\"g34\"]\nmensajes = db.mensajes\n\n# función para setear id de mensajes\ndef set_ids():\n",
  "slicing": [
   "client = MongoClient('localhost')\n",
   "db = client[\"g34\"]\n",
   "mensajes = db.mensajes\n",
   "    messages__id = list(mensajes.find({},{\"_id\":1}))\n",
   "    for m_id in messages__id:\n",
   "        id = m_id[\"_id\"]\n",
   "        mensajes.update(\n",
   "        { \"_id\": id },\n"
  ]
 },
 "2": {
  "name": "db",
  "type": "dict",
  "class": "build-in",
  "approach": "annotation",
  "file_path": "BDD/id_messages.py",
  "lineno": "5",
  "column": "0",
  "context": "ctamos a la bdd\nclient = MongoClient('localhost')\ndb = client[\"g34\"]\nmensajes = db.mensajes\n\n# función para setear id d",
  "context_lines": "from pymongo import MongoClient\n\n# Nos conectamos a la bdd\nclient = MongoClient('localhost')\ndb = client[\"g34\"]\nmensajes = db.mensajes\n\n# función para setear id de mensajes\ndef set_ids():\n    messages__id = list(mensajes.find({},{\"_id\":1}))\n",
  "slicing": [
   "db = client[\"g34\"]\n",
   "mensajes = db.mensajes\n",
   "    messages__id = list(mensajes.find({},{\"_id\":1}))\n",
   "    for m_id in messages__id:\n",
   "        id = m_id[\"_id\"]\n",
   "        mensajes.update(\n",
   "        { \"_id\": id },\n"
  ]
 },
 "3": {
  "name": "mensajes",
  "type": "UNKNOWN",
  "class": "unknown",
  "approach": "Pysonar2",
  "file_path": "BDD/id_messages.py",
  "lineno": "6",
  "column": "0",
  "context": "ent = MongoClient('localhost')\ndb = client[\"g34\"]\nmensajes = db.mensajes\n\n# función para setear id de mensajes\ndef set_ids(",
  "context_lines": "from pymongo import MongoClient\n\n# Nos conectamos a la bdd\nclient = MongoClient('localhost')\ndb = client[\"g34\"]\nmensajes = db.mensajes\n\n# función para setear id de mensajes\ndef set_ids():\n    messages__id = list(mensajes.find({},{\"_id\":1}))\n",
  "slicing": [
   "mensajes = db.mensajes\n",
   "    messages__id = list(mensajes.find({},{\"_id\":1}))\n",
   "    for m_id in messages__id:\n",
   "        id = m_id[\"_id\"]\n",
   "        mensajes.update(\n",
   "        { \"_id\": id },\n"
  ]
 },
 "4": {
  "name": "messages__id",
  "type": "list",
  "class": "build-in",
  "approach": "annotation",
  "file_path": "BDD/id_messages.py",
  "lineno": "10",
  "column": "4",
  "context": "ión para setear id de mensajes\ndef set_ids():\n    messages__id = list(mensajes.find({},{\"_id\":1}))\n    id_count = 0;\n    for m_id in messages__id:\n  ",
  "context_lines": "db = client[\"g34\"]\nmensajes = db.mensajes\n\n# función para setear id de mensajes\ndef set_ids():\n    messages__id = list(mensajes.find({},{\"_id\":1}))\n    id_count = 0;\n    for m_id in messages__id:\n        id = m_id[\"_id\"]\n        mensajes.update(\n",
  "slicing": [
   "    messages__id = list(mensajes.find({},{\"_id\":1}))\n",
   "    for m_id in messages__id:\n",
   "        id = m_id[\"_id\"]\n",
   "        { \"_id\": id },\n"
  ]
 },
 "5": {
  "name": "id_count",
  "type": "int",
  "class": "build-in",
  "approach": "Pysonar2",
  "file_path": "BDD/id_messages.py",
  "lineno": "11",
  "column": "4",
  "context": "sages__id = list(mensajes.find({},{\"_id\":1}))\n    id_count = 0;\n    for m_id in messages__id:\n        id = m_id[\"_",
  "context_lines": "mensajes = db.mensajes\n\n# función para setear id de mensajes\ndef set_ids():\n    messages__id = list(mensajes.find({},{\"_id\":1}))\n    id_count = 0;\n    for m_id in messages__id:\n        id = m_id[\"_id\"]\n        mensajes.update(\n        { \"_id\": id },\n",
  "slicing": [
   "    id_count = 0;\n",
   "        { \"$set\": { \"id\": id_count } }\n"
  ]
 },
 "6": {
  "name": "id",
  "type": "dict",
  "class": "build-in",
  "approach": "annotation",
  "file_path": "BDD/id_messages.py",
  "lineno": "13",
  "column": "8",
  "context": "_count = 0;\n    for m_id in messages__id:\n        id = m_id[\"_id\"]\n        mensajes.update(\n        { \"_id\": id },\n  ",
  "context_lines": "def set_ids():\n    messages__id = list(mensajes.find({},{\"_id\":1}))\n    id_count = 0;\n    for m_id in messages__id:\n        id = m_id[\"_id\"]\n        mensajes.update(\n        { \"_id\": id },\n        { \"$set\": { \"id\": id_count } }\n        )\n",
  "slicing": [
   "        id = m_id[\"_id\"]\n",
   "        { \"_id\": id },\n"
  ]
 },
 "7": {
  "name": "id_count",
  "type": "int",
  "class": "build-in",
  "approach": "Pysonar2",
  "file_path": "BDD/id_messages.py",
  "lineno": "18",
  "column": "8",
  "context": " { \"$set\": { \"id\": id_count } }\n        )\n        id_count += 1\n\nif __name__ == \"__main__\":\n    set_ids()\n",
  "context_lines": "        mensajes.update(\n        { \"_id\": id },\n        { \"$set\": { \"id\": id_count } }\n        )\n        id_count += 1\n\nif __name__ == \"__main__\":\n",
  "slicing": "        id_count += 1\n"
 },
 "8": {
  "name": "USER_KEYS",
  "type": "list",
  "class": "build-in",
  "approach": "annotation",
  "file_path": "BDD/app.py",
  "lineno": "9",
  "column": "0",
  "context": "as plt\nimport os\nimport atexit\nimport subprocess\n\nUSER_KEYS = ['name', 'last_name', 'occupation', 'follows', 'age']\nMESS_KEYS = ['message', 'lat', 'long', 'date']\n\n# ",
  "context_lines": "import matplotlib.pyplot as plt\nimport os\nimport atexit\nimport subprocess\n\nUSER_KEYS = ['name', 'last_name', 'occupation', 'follows', 'age']\nMESS_KEYS = ['message', 'lat', 'long', 'date']\n\n# Levantamos el servidor de mongo. Esto no es necesario, puede abrir\n# una terminal y correr mongod. El DEVNULL hace que no vemos el output\n#mongod = subprocess.Popen('mongod', stdout=subprocess.DEVNULL)\n",
  "slicing": [
   "USER_KEYS = ['name', 'last_name', 'occupation', 'follows', 'age']\n",
   "    data = {key: request.json[key] for key in USER_KEYS}\n",
   "    data[\"uid\"] = count + 1\n",
   "    result = usuarios.insert_one(data)\n",
   "    if (result):\n",
   "    message = f'{result.deleted_count} usuarios eliminados.'\n",
   "    return json.jsonify({'result': 'success', 'message': message})\n"
  ]
 },
 "9": {
  "name": "MESS_KEYS",
  "type": "list",
  "class": "build-in",
  "approach": "annotation",
  "file_path": "BDD/app.py",
  "lineno": "10",
  "column": "0",
  "context": "me', 'last_name', 'occupation', 'follows', 'age']\nMESS_KEYS = ['message', 'lat', 'long', 'date']\n\n# Levantamos el servidor de mongo. Esto no es nec",
  "context_lines": "import os\nimport atexit\nimport subprocess\n\nUSER_KEYS = ['name', 'last_name', 'occupation', 'follows', 'age']\nMESS_KEYS = ['message', 'lat', 'long', 'date']\n\n# Levantamos el servidor de mongo. Esto no es necesario, puede abrir\n# una terminal y correr mongod. El DEVNULL hace que no vemos el output\n#mongod = subprocess.Popen('mongod', stdout=subprocess.DEVNULL)\n",
  "slicing": [
   "MESS_KEYS = ['message', 'lat', 'long', 'date']\n",
   "    data = {key: request.json[key] for key in MESS_KEYS}\n",
   "    data[\"sender\"] = uid1\n",
   "    data[\"receptant\"] = uid2\n",
   "    data[\"id\"] = count + 1\n",
   "    result = mensajes.insert_one(data)\n",
   "    if (result):\n",
   "    data = {key: request.json[key] for key in USER_KEYS}\n",
   "    data[\"uid\"] = count + 1\n",
   "    result = usuarios.insert_one(data)\n",
   "    if (result):\n",
   "    message = f'{result.deleted_count} usuarios eliminados.'\n",
   "    return json.jsonify({'result': 'success', 'message': message})\n"
  ]
 },
 "10": {
  "name": "uri",
  "type": "str",
  "class": "build-in",
  "approach": "Pysonar2",
  "file_path": "BDD/app.py",
  "lineno": "19",
  "column": "0",
  "context": ".kill)\n\n# El cliente se levanta en localhost:5432\nuri = \"mongodb://grupo19:grupo19@146.155.13.149/grupo19?authSource=admin\"\nclient = MongoClient(uri)\n# Utilizamos la base de ",
  "context_lines": "#mongod = subprocess.Popen('mongod', stdout=subprocess.DEVNULL)\n# Nos aseguramos que cuando el programa termine, mongod no quede corriendo\n#atexit.register(mongod.kill)\n\n# El cliente se levanta en localhost:5432\nuri = \"mongodb://grupo19:grupo19@146.155.13.149/grupo19?authSource=admin\"\nclient = MongoClient(uri)\n# Utilizamos la base de datos 'entidades'\ndb = client.get_database()\n# Seleccionamos la colección de usuarios y mensajes\n",
  "slicing": [
   "uri = \"mongodb://grupo19:grupo19@146.155.13.149/grupo19?authSource=admin\"\n",
   "client = MongoClient(uri)\n",
   "db = client.get_database()\n",
   "usuarios = db.usuarios\n",
   "mensajes = db.mensajes\n",
   "    messages = list(mensajes.find({\"id\": mid}, {}))\n",
   "    return json.jsonify(messages)\n",
   "    if final_search == \"\": mensajes_iden = list(mensajes.find({\"sender\": uid}, {\"_id\": 0}))\n",
   "    else: mensajes_iden = list(mensajes.find({ '$text': { '$search': final_search }, \"sender\": uid }, { \"_id\": 0 } ))\n",
   "    return json.jsonify(mensajes_iden)\n",
   "    messages = list(mensajes.find({\"receptant\": uid}, {\"_id\": 0, \"message\": 1, \"sender\": 1}))\n",
   "    return json.jsonify(messages)\n",
   "    messages = list(mensajes.find(\n",
   "    messages.sort(key=date_func)\n",
   "    return json.jsonify(messages)\n",
   "    if final_search == \"\": mensajes_iden = list(mensajes.find({}, { \"message\": 1, \"_id\": 0 }))\n",
   "    else: mensajes_iden = list(mensajes.find({ '$text': { '$search': final_search } }, { \"message\": 1, \"_id\": 0 } ))\n",
   "    return json.jsonify(mensajes_iden)\n",
   "    count = mensajes.count_documents({})\n",
   "    data[\"id\"] = count + 1\n",
   "    result = mensajes.insert_one(data)\n",
   "    if (result):\n",
   "    mensajes.delete_one({\"id\": mid})\n",
   "    users = usuarios.find({}, {\"_id\": 0})\n",
   "    df = pd.DataFrame(list(users)).set_index('name')\n",
   "    df.plot.pie(y='age')\n",
   "    resultados = [u for u in usuarios.find({}, {\"_id\": 0})]\n",
   "    return json.jsonify(resultados)\n",
   "    users = list(usuarios.find({\"uid\": uid}, {\"_id\": 0}))\n",
   "    return json.jsonify(users)\n",
   "    count = usuarios.count_documents({})\n",
   "    data[\"uid\"] = count + 1\n",
   "    result = usuarios.insert_one(data)\n",
   "    if (result):\n",
   "    usuarios.delete_one({\"uid\": uid})\n",
   "    result = usuarios.delete_many({\"uid\": {\"$in\": all_uids}})\n",
   "    message = f'{result.deleted_count} usuarios eliminados.'\n",
   "    return json.jsonify({'result': 'success', 'message': message})\n"
  ]
 },
 "11": {
  "name": "client",
  "type": "pymongo.MongoClient",
  "class": "imported",
  "approach": "annotation",
  "file_path": "BDD/app.py",
  "lineno": "20",
  "column": "0",
  "context": ":grupo19@146.155.13.149/grupo19?authSource=admin\"\nclient = MongoClient(uri)\n# Utilizamos la base de datos 'entidades'\ndb = cli",
  "context_lines": "# Nos aseguramos que cuando el programa termine, mongod no quede corriendo\n#atexit.register(mongod.kill)\n\n# El cliente se levanta en localhost:5432\nuri = \"mongodb://grupo19:grupo19@146.155.13.149/grupo19?authSource=admin\"\nclient = MongoClient(uri)\n# Utilizamos la base de datos 'entidades'\ndb = client.get_database()\n# Seleccionamos la colección de usuarios y mensajes\nusuarios = db.usuarios\n",
  "slicing": [
   "client = MongoClient(uri)\n",
   "db = client.get_database()\n",
   "usuarios = db.usuarios\n",
   "mensajes = db.mensajes\n",
   "    messages = list(mensajes.find({\"id\": mid}, {}))\n",
   "    return json.jsonify(messages)\n",
   "    if final_search == \"\": mensajes_iden = list(mensajes.find({\"sender\": uid}, {\"_id\": 0}))\n",
   "    else: mensajes_iden = list(mensajes.find({ '$text': { '$search': final_search }, \"sender\": uid }, { \"_id\": 0 } ))\n",
   "    return json.jsonify(mensajes_iden)\n",
   "    messages = list(mensajes.find({\"receptant\": uid}, {\"_id\": 0, \"message\": 1, \"sender\": 1}))\n",
   "    return json.jsonify(messages)\n",
   "    messages = list(mensajes.find(\n",
   "    messages.sort(key=date_func)\n",
   "    return json.jsonify(messages)\n",
   "    if final_search == \"\": mensajes_iden = list(mensajes.find({}, { \"message\": 1, \"_id\": 0 }))\n",
   "    else: mensajes_iden = list(mensajes.find({ '$text': { '$search': final_search } }, { \"message\": 1, \"_id\": 0 } ))\n",
   "    return json.jsonify(mensajes_iden)\n",
   "    count = mensajes.count_documents({})\n",
   "    data[\"id\"] = count + 1\n",
   "    result = mensajes.insert_one(data)\n",
   "    if (result):\n",
   "    mensajes.delete_one({\"id\": mid})\n",
   "    users = usuarios.find({}, {\"_id\": 0})\n",
   "    df = pd.DataFrame(list(users)).set_index('name')\n",
   "    df.plot.pie(y='age')\n",
   "    resultados = [u for u in usuarios.find({}, {\"_id\": 0})]\n",
   "    return json.jsonify(resultados)\n",
   "    users = list(usuarios.find({\"uid\": uid}, {\"_id\": 0}))\n",
   "    return json.jsonify(users)\n",
   "    count = usuarios.count_documents({})\n",
   "    data[\"uid\"] = count + 1\n",
   "    result = usuarios.insert_one(data)\n",
   "    if (result):\n",
   "    usuarios.delete_one({\"uid\": uid})\n",
   "    result = usuarios.delete_many({\"uid\": {\"$in\": all_uids}})\n",
   "    message = f'{result.deleted_count} usuarios eliminados.'\n",
   "    return json.jsonify({'result': 'success', 'message': message})\n"
  ]
 },
 "12": {
  "name": "db",
  "type": "UNKNOWN",
  "class": "unknown",
  "approach": "Pysonar2",
  "file_path": "BDD/app.py",
  "lineno": "22",
  "column": "0",
  "context": "nt(uri)\n# Utilizamos la base de datos 'entidades'\ndb = client.get_database()\n# Seleccionamos la colección de usuarios y mensaje",
  "context_lines": "# El cliente se levanta en localhost:5432\nuri = \"mongodb://grupo19:grupo19@146.155.13.149/grupo19?authSource=admin\"\nclient = MongoClient(uri)\n# Utilizamos la base de datos 'entidades'\ndb = client.get_database()\n# Seleccionamos la colección de usuarios y mensajes\nusuarios = db.usuarios\nmensajes = db.mensajes\n\n# Iniciamos la aplicación de flask\n",
  "slicing": [
   "db = client.get_database()\n",
   "usuarios = db.usuarios\n",
   "mensajes = db.mensajes\n",
   "    messages = list(mensajes.find({\"id\": mid}, {}))\n",
   "    return json.jsonify(messages)\n",
   "    if final_search == \"\": mensajes_iden = list(mensajes.find({\"sender\": uid}, {\"_id\": 0}))\n",
   "    else: mensajes_iden = list(mensajes.find({ '$text': { '$search': final_search }, \"sender\": uid }, { \"_id\": 0 } ))\n",
   "    return json.jsonify(mensajes_iden)\n",
   "    messages = list(mensajes.find({\"receptant\": uid}, {\"_id\": 0, \"message\": 1, \"sender\": 1}))\n",
   "    return json.jsonify(messages)\n",
   "    messages = list(mensajes.find(\n",
   "    messages.sort(key=date_func)\n",
   "    return json.jsonify(messages)\n",
   "    if final_search == \"\": mensajes_iden = list(mensajes.find({}, { \"message\": 1, \"_id\": 0 }))\n",
   "    else: mensajes_iden = list(mensajes.find({ '$text': { '$search': final_search } }, { \"message\": 1, \"_id\": 0 } ))\n",
   "    return json.jsonify(mensajes_iden)\n",
   "    count = mensajes.count_documents({})\n",
   "    data[\"id\"] = count + 1\n",
   "    result = mensajes.insert_one(data)\n",
   "    if (result):\n",
   "    mensajes.delete_one({\"id\": mid})\n",
   "    users = usuarios.find({}, {\"_id\": 0})\n",
   "    df = pd.DataFrame(list(users)).set_index('name')\n",
   "    df.plot.pie(y='age')\n",
   "    resultados = [u for u in usuarios.find({}, {\"_id\": 0})]\n",
   "    return json.jsonify(resultados)\n",
   "    users = list(usuarios.find({\"uid\": uid}, {\"_id\": 0}))\n",
   "    return json.jsonify(users)\n",
   "    count = usuarios.count_documents({})\n",
   "    data[\"uid\"] = count + 1\n",
   "    result = usuarios.insert_one(data)\n",
   "    if (result):\n",
   "    usuarios.delete_one({\"uid\": uid})\n",
   "    result = usuarios.delete_many({\"uid\": {\"$in\": all_uids}})\n",
   "    message = f'{result.deleted_count} usuarios eliminados.'\n",
   "    return json.jsonify({'result': 'success', 'message': message})\n"
  ]
 },
 "13": {
  "name": "usuarios",
  "type": "UNKNOWN",
  "class": "unknown",
  "approach": "Pysonar2",
  "file_path": "BDD/app.py",
  "lineno": "24",
  "column": "0",
  "context": "Seleccionamos la colección de usuarios y mensajes\nusuarios = db.usuarios\nmensajes = db.mensajes\n\n# Iniciamos la aplicación ",
  "context_lines": "client = MongoClient(uri)\n# Utilizamos la base de datos 'entidades'\ndb = client.get_database()\n# Seleccionamos la colección de usuarios y mensajes\nusuarios = db.usuarios\nmensajes = db.mensajes\n\n# Iniciamos la aplicación de flask\napp = Flask(__name__)\n\n######################### RUTAS GET ENUNCIADO #################################\n\n",
  "slicing": [
   "usuarios = db.usuarios\n",
   "    users = usuarios.find({}, {\"_id\": 0})\n",
   "    df = pd.DataFrame(list(users)).set_index('name')\n",
   "    df.plot.pie(y='age')\n",
   "    resultados = [u for u in usuarios.find({}, {\"_id\": 0})]\n",
   "    return json.jsonify(resultados)\n",
   "    users = list(usuarios.find({\"uid\": uid}, {\"_id\": 0}))\n",
   "    return json.jsonify(users)\n",
   "    count = usuarios.count_documents({})\n",
   "    data[\"uid\"] = count + 1\n",
   "    result = usuarios.insert_one(data)\n",
   "    if (result):\n",
   "    usuarios.delete_one({\"uid\": uid})\n",
   "    result = usuarios.delete_many({\"uid\": {\"$in\": all_uids}})\n",
   "    message = f'{result.deleted_count} usuarios eliminados.'\n",
   "    return json.jsonify({'result': 'success', 'message': message})\n"
  ]
 },
 "14": {
  "name": "mensajes",
  "type": "UNKNOWN",
  "class": "unknown",
  "approach": "Pysonar2",
  "file_path": "BDD/app.py",
  "lineno": "25",
  "column": "0",
  "context": "ión de usuarios y mensajes\nusuarios = db.usuarios\nmensajes = db.mensajes\n\n# Iniciamos la aplicación de flask\napp = Flask(__",
  "context_lines": "# Utilizamos la base de datos 'entidades'\ndb = client.get_database()\n# Seleccionamos la colección de usuarios y mensajes\nusuarios = db.usuarios\nmensajes = db.mensajes\n\n# Iniciamos la aplicación de flask\napp = Flask(__name__)\n\n######################### RUTAS GET ENUNCIADO #################################\n\n",
  "slicing": [
   "mensajes = db.mensajes\n",
   "    messages = list(mensajes.find({\"id\": mid}, {}))\n",
   "    return json.jsonify(messages)\n",
   "    if final_search == \"\": mensajes_iden = list(mensajes.find({\"sender\": uid}, {\"_id\": 0}))\n",
   "    else: mensajes_iden = list(mensajes.find({ '$text': { '$search': final_search }, \"sender\": uid }, { \"_id\": 0 } ))\n",
   "    return json.jsonify(mensajes_iden)\n",
   "    messages = list(mensajes.find({\"receptant\": uid}, {\"_id\": 0, \"message\": 1, \"sender\": 1}))\n",
   "    return json.jsonify(messages)\n",
   "    messages = list(mensajes.find(\n",
   "    messages.sort(key=date_func)\n",
   "    return json.jsonify(messages)\n",
   "    if final_search == \"\": mensajes_iden = list(mensajes.find({}, { \"message\": 1, \"_id\": 0 }))\n",
   "    else: mensajes_iden = list(mensajes.find({ '$text': { '$search': final_search } }, { \"message\": 1, \"_id\": 0 } ))\n",
   "    return json.jsonify(mensajes_iden)\n",
   "    count = mensajes.count_documents({})\n",
   "    data[\"id\"] = count + 1\n",
   "    result = mensajes.insert_one(data)\n",
   "    if (result):\n",
   "    mensajes.delete_one({\"id\": mid})\n",
   "    data[\"uid\"] = count + 1\n",
   "    if (result):\n",
   "    message = f'{result.deleted_count} usuarios eliminados.'\n",
   "    return json.jsonify({'result': 'success', 'message': message})\n"
  ]
 },
 "15": {
  "name": "app",
  "type": "flask.Flask",
  "class": "imported",
  "approach": "annotation",
  "file_path": "BDD/app.py",
  "lineno": "28",
  "column": "0",
  "context": "= db.mensajes\n\n# Iniciamos la aplicación de flask\napp = Flask(__name__)\n\n######################### RUTAS GET ENUNCIADO ###",
  "context_lines": "# Seleccionamos la colección de usuarios y mensajes\nusuarios = db.usuarios\nmensajes = db.mensajes\n\n# Iniciamos la aplicación de flask\napp = Flask(__name__)\n\n######################### RUTAS GET ENUNCIADO #################################\n\n# Enunciado: i\n@app.route(\"/messages/<int:mid>\")\n",
  "slicing": [
   "app = Flask(__name__)\n",
   "@app.route(\"/messages/<int:mid>\")\n",
   "@app.route(\"/usermessages/<int:uid>\")\n",
   "@app.route(\"/received/<int:uid>\")\n",
   "@app.route(\"/conversation/<int:uid1>/<int:uid2>\")\n",
   "@app.route(\"/messages\")\n",
   "@app.route(\"/newconversation/<int:uid1>/<int:uid2>\", methods=['POST'])\n",
   "@app.route('/delmessages/<int:mid>', methods=['DELETE'])\n",
   "@app.route(\"/\")\n",
   "@app.route(\"/plot\")\n",
   "@app.route(\"/users\")\n",
   "@app.route(\"/users/<int:uid>\")\n",
   "@app.route(\"/users\", methods=['POST'])\n",
   "@app.route('/users/<int:uid>', methods=['DELETE'])\n",
   "@app.route('/users/many', methods=['DELETE'])\n",
   "@app.route(\"/test\")\n",
   "    app.run()\n"
  ]
 },
 "16": {
  "name": "messages",
  "type": "list",
  "class": "build-in",
  "approach": "annotation",
  "file_path": "BDD/app.py",
  "lineno": "35",
  "column": "4",
  "context": "(\"/messages/<int:mid>\")\ndef get_message(mid):\n    messages = list(mensajes.find({\"id\": mid}, {}))\n    return json.jsonify(messages)\n\n\n# Enunciado: i",
  "context_lines": "######################### RUTAS GET ENUNCIADO #################################\n\n# Enunciado: i\n@app.route(\"/messages/<int:mid>\")\ndef get_message(mid):\n    messages = list(mensajes.find({\"id\": mid}, {}))\n    return json.jsonify(messages)\n\n\n# Enunciado: ii\n@app.route(\"/usermessages/<int:uid>\")\ndef get_usermessages(uid):\n",
  "slicing": [
   "    messages = list(mensajes.find({\"id\": mid}, {}))\n",
   "    return json.jsonify(messages)\n",
   "    return json.jsonify(messages)\n",
   "    messages.sort(key=date_func)\n",
   "    return json.jsonify(messages)\n"
  ]
 },
 "17": {
  "name": "final_search",
  "type": "UNKNOWN",
  "class": "unknown",
  "approach": "annotation",
  "file_path": "BDD/app.py",
  "lineno": "42",
  "column": "4",
  "context": "ssages/<int:uid>\")\ndef get_usermessages(uid):\n    final_search = get_search()\n    # print(final_search)\n    if final_search == \"",
  "context_lines": "    return json.jsonify(messages)\n\n\n# Enunciado: ii\n@app.route(\"/usermessages/<int:uid>\")\ndef get_usermessages(uid):\n    final_search = get_search()\n    # print(final_search)\n    if final_search == \"\": mensajes_iden = list(mensajes.find({\"sender\": uid}, {\"_id\": 0}))\n    else: mensajes_iden = list(mensajes.find({ '$text': { '$search': final_search }, \"sender\": uid }, { \"_id\": 0 } ))\n\n    return json.jsonify(mensajes_iden)\n\n",
  "slicing": [
   "    final_search = get_search()\n",
   "    if final_search == \"\": mensajes_iden = list(mensajes.find({\"sender\": uid}, {\"_id\": 0}))\n",
   "    else: mensajes_iden = list(mensajes.find({ '$text': { '$search': final_search }, \"sender\": uid }, { \"_id\": 0 } ))\n",
   "    return json.jsonify(mensajes_iden)\n",
   "    return final_search\n",
   "    if final_search == \"\": mensajes_iden = list(mensajes.find({}, { \"message\": 1, \"_id\": 0 }))\n",
   "    else: mensajes_iden = list(mensajes.find({ '$text': { '$search': final_search } }, { \"message\": 1, \"_id\": 0 } ))\n",
   "    return json.jsonify(mensajes_iden)\n"
  ]
 },
 "18": {
  "name": "mensajes_iden",
  "type": "list",
  "class": "build-in",
  "approach": "annotation",
  "file_path": "BDD/app.py",
  "lineno": "44",
  "column": "27",
  "context": " # print(final_search)\n    if final_search == \"\": mensajes_iden = list(mensajes.find({\"sender\": uid}, {\"_id\": 0}))\n    else: mensajes_iden = list(mensajes.find({ '$t",
  "context_lines": "@app.route(\"/usermessages/<int:uid>\")\ndef get_usermessages(uid):\n    final_search = get_search()\n    # print(final_search)\n    if final_search == \"\": mensajes_iden = list(mensajes.find({\"sender\": uid}, {\"_id\": 0}))\n    else: mensajes_iden = list(mensajes.find({ '$text': { '$search': final_search }, \"sender\": uid }, { \"_id\": 0 } ))\n\n    return json.jsonify(mensajes_iden)\n\n@app.route(\"/received/<int:uid>\")\ndef get_received(uid):\n",
  "slicing": [
   "    if final_search == \"\": mensajes_iden = list(mensajes.find({\"sender\": uid}, {\"_id\": 0}))\n",
   "    return json.jsonify(mensajes_iden)\n",
   "    return json.jsonify(mensajes_iden)\n"
  ]
 },
 "19": {
  "name": "mensajes_iden",
  "type": "list",
  "class": "build-in",
  "approach": "annotation",
  "file_path": "BDD/app.py",
  "lineno": "45",
  "column": "10",
  "context": "ajes.find({\"sender\": uid}, {\"_id\": 0}))\n    else: mensajes_iden = list(mensajes.find({ '$text': { '$search': final_search }, \"sender\": uid }, { \"_id\": 0 } ))\n\n    return json.jsonify(mensajes_iden)\n\n@app.rout",
  "context_lines": "def get_usermessages(uid):\n    final_search = get_search()\n    # print(final_search)\n    if final_search == \"\": mensajes_iden = list(mensajes.find({\"sender\": uid}, {\"_id\": 0}))\n    else: mensajes_iden = list(mensajes.find({ '$text': { '$search': final_search }, \"sender\": uid }, { \"_id\": 0 } ))\n\n    return json.jsonify(mensajes_iden)\n\n@app.route(\"/received/<int:uid>\")\ndef get_received(uid):\n",
  "slicing": [
   "    else: mensajes_iden = list(mensajes.find({ '$text': { '$search': final_search }, \"sender\": uid }, { \"_id\": 0 } ))\n",
   "    return json.jsonify(mensajes_iden)\n",
   "    return json.jsonify(mensajes_iden)\n"
  ]
 },
 "20": {
  "name": "messages",
  "type": "list",
  "class": "build-in",
  "approach": "annotation",
  "file_path": "BDD/app.py",
  "lineno": "51",
  "column": "4",
  "context": "\"/received/<int:uid>\")\ndef get_received(uid):\n    messages = list(mensajes.find({\"receptant\": uid}, {\"_id\": 0, \"message\": 1, \"sender\": 1}))\n    return json.jsonify(messages)\n\n# Enunciado: ii",
  "context_lines": "    else: mensajes_iden = list(mensajes.find({ '$text': { '$search': final_search }, \"sender\": uid }, { \"_id\": 0 } ))\n\n    return json.jsonify(mensajes_iden)\n\n@app.route(\"/received/<int:uid>\")\ndef get_received(uid):\n    messages = list(mensajes.find({\"receptant\": uid}, {\"_id\": 0, \"message\": 1, \"sender\": 1}))\n    return json.jsonify(messages)\n\n# Enunciado: iii\ndef date_func(arr):\n    return arr[\"date\"]\n\n",
  "slicing": [
   "    messages = list(mensajes.find({\"receptant\": uid}, {\"_id\": 0, \"message\": 1, \"sender\": 1}))\n",
   "    return json.jsonify(messages)\n",
   "    messages.sort(key=date_func)\n",
   "    return json.jsonify(messages)\n"
  ]
 },
 "21": {
  "name": "messages",
  "type": "list",
  "class": "build-in",
  "approach": "annotation",
  "file_path": "BDD/app.py",
  "lineno": "60",
  "column": "4",
  "context": "int:uid2>\")\ndef get_conversation(uid1, uid2):\n    messages = list(mensajes.find(\n    {\"$or\": [{\"$and\": [{\"sender\": uid2}, {\"recepta",
  "context_lines": "def date_func(arr):\n    return arr[\"date\"]\n\n@app.route(\"/conversation/<int:uid1>/<int:uid2>\")\ndef get_conversation(uid1, uid2):\n    messages = list(mensajes.find(\n    {\"$or\": [{\"$and\": [{\"sender\": uid2}, {\"receptant\": uid1}]},\n            {\"$and\": [{\"sender\": uid1}, {\"receptant\": uid2}]}]},\n    {\"_id\": 0}))\n    messages.sort(key=date_func)\n",
  "slicing": [
   "    messages = list(mensajes.find(\n",
   "    messages.sort(key=date_func)\n",
   "    return json.jsonify(messages)\n"
  ]
 },
 "22": {
  "name": "si_o_si",
  "type": "UNKNOWN",
  "class": "unknown",
  "approach": "Pysonar2",
  "file_path": "BDD/app.py",
  "lineno": "73",
  "column": "4",
  "context": "a1,palabra2\n# /usermessages\ndef get_search():\n    si_o_si = request.args.get('siosi')\n    pueden = request.args.get('pueden')\n    no = r",
  "context_lines": "#################### RUTAS TEXT SEARCH ENUNCIADO ###############################\n\n# /messages?siosi=frase1,frase2&pueden=palabra1,palabra2&no=palabra1,palabra2\n# /usermessages\ndef get_search():\n    si_o_si = request.args.get('siosi')\n    pueden = request.args.get('pueden')\n    no = request.args.get('no')\n\n    if si_o_si is not None: si_o_si = si_o_si.split(',')\n    if pueden is not None: pueden = pueden.split(',')\n",
  "slicing": [
   "    si_o_si = request.args.get('siosi')\n",
   "    if si_o_si is not None: si_o_si = si_o_si.split(',')\n",
   "    if si_o_si is not None and len(si_o_si) != 0:\n",
   "        final_search += \"\\\"{}\\\"\".format(\"\\\" \\\"\".join(si_o_si))\n",
   "    return final_search\n",
   "    if final_search == \"\": mensajes_iden = list(mensajes.find({}, { \"message\": 1, \"_id\": 0 }))\n",
   "    else: mensajes_iden = list(mensajes.find({ '$text': { '$search': final_search } }, { \"message\": 1, \"_id\": 0 } ))\n",
   "    return json.jsonify(mensajes_iden)\n"
  ]
 },
 "23": {
  "name": "pueden",
  "type": "UNKNOWN",
  "class": "unknown",
  "approach": "Pysonar2",
  "file_path": "BDD/app.py",
  "lineno": "74",
  "column": "4",
  "context": "ch():\n    si_o_si = request.args.get('siosi')\n    pueden = request.args.get('pueden')\n    no = request.args.get('no')\n\n    if si_o_si is",
  "context_lines": "# /messages?siosi=frase1,frase2&pueden=palabra1,palabra2&no=palabra1,palabra2\n# /usermessages\ndef get_search():\n    si_o_si = request.args.get('siosi')\n    pueden = request.args.get('pueden')\n    no = request.args.get('no')\n\n    if si_o_si is not None: si_o_si = si_o_si.split(',')\n    if pueden is not None: pueden = pueden.split(',')\n    if no is not None: no = no.split(',')\n\n",
  "slicing": [
   "    pueden = request.args.get('pueden')\n",
   "    if pueden is not None: pueden = pueden.split(',')\n",
   "    if pueden is not None and len(pueden) != 0:\n",
   "        final_search += \" {}\".format(\" \".join(pueden))\n",
   "    return final_search\n",
   "    if final_search == \"\": mensajes_iden = list(mensajes.find({}, { \"message\": 1, \"_id\": 0 }))\n",
   "    else: mensajes_iden = list(mensajes.find({ '$text': { '$search': final_search } }, { \"message\": 1, \"_id\": 0 } ))\n",
   "    return json.jsonify(mensajes_iden)\n"
  ]
 },
 "24": {
  "name": "no",
  "type": "UNKNOWN",
  "class": "unknown",
  "approach": "Pysonar2",
  "file_path": "BDD/app.py",
  "lineno": "75",
  "column": "4",
  "context": "osi')\n    pueden = request.args.get('pueden')\n    no = request.args.get('no')\n\n    if si_o_si is not None: si_o_si = si_o_si.spl",
  "context_lines": "# /usermessages\ndef get_search():\n    si_o_si = request.args.get('siosi')\n    pueden = request.args.get('pueden')\n    no = request.args.get('no')\n\n    if si_o_si is not None: si_o_si = si_o_si.split(',')\n    if pueden is not None: pueden = pueden.split(',')\n    if no is not None: no = no.split(',')\n\n",
  "slicing": [
   "    no = request.args.get('no')\n",
   "    if no is not None: no = no.split(',')\n",
   "    if no is not None and len(no) != 0:\n",
   "        final_search += \" -{}\".format(\" -\".join(no))\n",
   "    return final_search\n",
   "    if final_search == \"\": mensajes_iden = list(mensajes.find({}, { \"message\": 1, \"_id\": 0 }))\n",
   "    else: mensajes_iden = list(mensajes.find({ '$text': { '$search': final_search } }, { \"message\": 1, \"_id\": 0 } ))\n",
   "    return json.jsonify(mensajes_iden)\n"
  ]
 },
 "25": {
  "name": "si_o_si",
  "type": "UNKNOWN",
  "class": "unknown",
  "approach": "Pysonar2",
  "file_path": "BDD/app.py",
  "lineno": "77",
  "column": "28",
  "context": "quest.args.get('no')\n\n    if si_o_si is not None: si_o_si = si_o_si.split(',')\n    if pueden is not None: pueden = pueden.split('",
  "context_lines": "def get_search():\n    si_o_si = request.args.get('siosi')\n    pueden = request.args.get('pueden')\n    no = request.args.get('no')\n\n    if si_o_si is not None: si_o_si = si_o_si.split(',')\n    if pueden is not None: pueden = pueden.split(',')\n    if no is not None: no = no.split(',')\n\n    final_search = \"\"\n    if si_o_si is not None and len(si_o_si) != 0:\n",
  "slicing": [
   "    if si_o_si is not None: si_o_si = si_o_si.split(',')\n",
   "    if si_o_si is not None and len(si_o_si) != 0:\n",
   "        final_search += \"\\\"{}\\\"\".format(\"\\\" \\\"\".join(si_o_si))\n",
   "    return final_search\n",
   "    if final_search == \"\": mensajes_iden = list(mensajes.find({}, { \"message\": 1, \"_id\": 0 }))\n",
   "    else: mensajes_iden = list(mensajes.find({ '$text': { '$search': final_search } }, { \"message\": 1, \"_id\": 0 } ))\n",
   "    return json.jsonify(mensajes_iden)\n"
  ]
 },
 "26": {
  "name": "pueden",
  "type": "UNKNOWN",
  "class": "unknown",
  "approach": "Pysonar2",
  "file_path": "BDD/app.py",
  "lineno": "78",
  "column": "27",
  "context": "i = si_o_si.split(',')\n    if pueden is not None: pueden = pueden.split(',')\n    if no is not None: no = no.split(',')\n\n    fin",
  "context_lines": "    si_o_si = request.args.get('siosi')\n    pueden = request.args.get('pueden')\n    no = request.args.get('no')\n\n    if si_o_si is not None: si_o_si = si_o_si.split(',')\n    if pueden is not None: pueden = pueden.split(',')\n    if no is not None: no = no.split(',')\n\n    final_search = \"\"\n    if si_o_si is not None and len(si_o_si) != 0:\n        final_search += \"\\\"{}\\\"\".format(\"\\\" \\\"\".join(si_o_si))\n\n",
  "slicing": [
   "    if pueden is not None: pueden = pueden.split(',')\n",
   "    if pueden is not None and len(pueden) != 0:\n",
   "        final_search += \" {}\".format(\" \".join(pueden))\n",
   "    return final_search\n",
   "    if final_search == \"\": mensajes_iden = list(mensajes.find({}, { \"message\": 1, \"_id\": 0 }))\n",
   "    else: mensajes_iden = list(mensajes.find({ '$text': { '$search': final_search } }, { \"message\": 1, \"_id\": 0 } ))\n",
   "    return json.jsonify(mensajes_iden)\n"
  ]
 },
 "27": {
  "name": "no",
  "type": "UNKNOWN",
  "class": "unknown",
  "approach": "Pysonar2",
  "file_path": "BDD/app.py",
  "lineno": "79",
  "column": "23",
  "context": "pueden = pueden.split(',')\n    if no is not None: no = no.split(',')\n\n    final_search = \"\"\n    if si_o_si is not None ",
  "context_lines": "    pueden = request.args.get('pueden')\n    no = request.args.get('no')\n\n    if si_o_si is not None: si_o_si = si_o_si.split(',')\n    if pueden is not None: pueden = pueden.split(',')\n    if no is not None: no = no.split(',')\n\n    final_search = \"\"\n    if si_o_si is not None and len(si_o_si) != 0:\n        final_search += \"\\\"{}\\\"\".format(\"\\\" \\\"\".join(si_o_si))\n\n",
  "slicing": [
   "    if no is not None: no = no.split(',')\n",
   "    if no is not None and len(no) != 0:\n",
   "        final_search += \" -{}\".format(\" -\".join(no))\n",
   "    return final_search\n",
   "    if final_search == \"\": mensajes_iden = list(mensajes.find({}, { \"message\": 1, \"_id\": 0 }))\n",
   "    else: mensajes_iden = list(mensajes.find({ '$text': { '$search': final_search } }, { \"message\": 1, \"_id\": 0 } ))\n",
   "    return json.jsonify(mensajes_iden)\n"
  ]
 },
 "28": {
  "name": "final_search",
  "type": "str",
  "class": "build-in",
  "approach": "Pysonar2",
  "file_path": "BDD/app.py",
  "lineno": "81",
  "column": "4",
  "context": "')\n    if no is not None: no = no.split(',')\n\n    final_search = \"\"\n    if si_o_si is not None and len(si_o_si) != 0:\n",
  "context_lines": "    no = request.args.get('no')\n\n    if si_o_si is not None: si_o_si = si_o_si.split(',')\n    if pueden is not None: pueden = pueden.split(',')\n    if no is not None: no = no.split(',')\n\n    final_search = \"\"\n    if si_o_si is not None and len(si_o_si) != 0:\n        final_search += \"\\\"{}\\\"\".format(\"\\\" \\\"\".join(si_o_si))\n\n    if pueden is not None and len(pueden) != 0:\n        final_search += \" {}\".format(\" \".join(pueden))\n\n",
  "slicing": [
   "    final_search = \"\"\n",
   "    return final_search\n",
   "    if final_search == \"\": mensajes_iden = list(mensajes.find({}, { \"message\": 1, \"_id\": 0 }))\n",
   "    else: mensajes_iden = list(mensajes.find({ '$text': { '$search': final_search } }, { \"message\": 1, \"_id\": 0 } ))\n",
   "    return json.jsonify(mensajes_iden)\n"
  ]
 },
 "29": {
  "name": "final_search",
  "type": "str",
  "class": "build-in",
  "approach": "Pysonar2",
  "file_path": "BDD/app.py",
  "lineno": "83",
  "column": "8",
  "context": "i_o_si is not None and len(si_o_si) != 0:\n        final_search += \"\\\"{}\\\"\".format(\"\\\" \\\"\".join(si_o_si))\n\n    if pueden is not None and len(pueden) != 0:\n ",
  "context_lines": "    if pueden is not None: pueden = pueden.split(',')\n    if no is not None: no = no.split(',')\n\n    final_search = \"\"\n    if si_o_si is not None and len(si_o_si) != 0:\n        final_search += \"\\\"{}\\\"\".format(\"\\\" \\\"\".join(si_o_si))\n\n    if pueden is not None and len(pueden) != 0:\n        final_search += \" {}\".format(\" \".join(pueden))\n\n    if no is not None and len(no) != 0:\n",
  "slicing": [
   "        final_search += \"\\\"{}\\\"\".format(\"\\\" \\\"\".join(si_o_si))\n",
   "    return final_search\n",
   "    if final_search == \"\": mensajes_iden = list(mensajes.find({}, { \"message\": 1, \"_id\": 0 }))\n",
   "    else: mensajes_iden = list(mensajes.find({ '$text': { '$search': final_search } }, { \"message\": 1, \"_id\": 0 } ))\n",
   "    return json.jsonify(mensajes_iden)\n"
  ]
 },
 "30": {
  "name": "final_search",
  "type": "str",
  "class": "build-in",
  "approach": "Pysonar2",
  "file_path": "BDD/app.py",
  "lineno": "86",
  "column": "8",
  "context": " pueden is not None and len(pueden) != 0:\n        final_search += \" {}\".format(\" \".join(pueden))\n\n    if no is not None and len(no) != 0:\n        f",
  "context_lines": "    final_search = \"\"\n    if si_o_si is not None and len(si_o_si) != 0:\n        final_search += \"\\\"{}\\\"\".format(\"\\\" \\\"\".join(si_o_si))\n\n    if pueden is not None and len(pueden) != 0:\n        final_search += \" {}\".format(\" \".join(pueden))\n\n    if no is not None and len(no) != 0:\n        final_search += \" -{}\".format(\" -\".join(no))\n\n    return final_search\n\n",
  "slicing": [
   "        final_search += \" {}\".format(\" \".join(pueden))\n",
   "    return final_search\n",
   "    if final_search == \"\": mensajes_iden = list(mensajes.find({}, { \"message\": 1, \"_id\": 0 }))\n",
   "    else: mensajes_iden = list(mensajes.find({ '$text': { '$search': final_search } }, { \"message\": 1, \"_id\": 0 } ))\n",
   "    return json.jsonify(mensajes_iden)\n"
  ]
 },
 "31": {
  "name": "final_search",
  "type": "str",
  "class": "build-in",
  "approach": "Pysonar2",
  "file_path": "BDD/app.py",
  "lineno": "89",
  "column": "8",
  "context": "\n\n    if no is not None and len(no) != 0:\n        final_search += \" -{}\".format(\" -\".join(no))\n\n    return final_search\n\n# Enunciado: iv message\n",
  "context_lines": "        final_search += \"\\\"{}\\\"\".format(\"\\\" \\\"\".join(si_o_si))\n\n    if pueden is not None and len(pueden) != 0:\n        final_search += \" {}\".format(\" \".join(pueden))\n\n    if no is not None and len(no) != 0:\n        final_search += \" -{}\".format(\" -\".join(no))\n\n    return final_search\n\n# Enunciado: iv message\n@app.route(\"/messages\")\n",
  "slicing": [
   "        final_search += \" -{}\".format(\" -\".join(no))\n",
   "    return final_search\n",
   "    if final_search == \"\": mensajes_iden = list(mensajes.find({}, { \"message\": 1, \"_id\": 0 }))\n",
   "    else: mensajes_iden = list(mensajes.find({ '$text': { '$search': final_search } }, { \"message\": 1, \"_id\": 0 } ))\n",
   "    return json.jsonify(mensajes_iden)\n"
  ]
 },
 "32": {
  "name": "final_search",
  "type": "UNKNOWN",
  "class": "unknown",
  "approach": "annotation",
  "file_path": "BDD/app.py",
  "lineno": "96",
  "column": "4",
  "context": "route(\"/messages\")\ndef get_mensajeidentico():\n    final_search = get_search()\n    # print(final_search)\n    if final_search == \"",
  "context_lines": "    return final_search\n\n# Enunciado: iv message\n@app.route(\"/messages\")\ndef get_mensajeidentico():\n    final_search = get_search()\n    # print(final_search)\n    if final_search == \"\": mensajes_iden = list(mensajes.find({}, { \"message\": 1, \"_id\": 0 }))\n    else: mensajes_iden = list(mensajes.find({ '$text': { '$search': final_search } }, { \"message\": 1, \"_id\": 0 } ))\n    # print(len(mensajes_iden))\n",
  "slicing": [
   "    final_search = get_search()\n",
   "    if final_search == \"\": mensajes_iden = list(mensajes.find({}, { \"message\": 1, \"_id\": 0 }))\n",
   "    else: mensajes_iden = list(mensajes.find({ '$text': { '$search': final_search } }, { \"message\": 1, \"_id\": 0 } ))\n",
   "    return json.jsonify(mensajes_iden)\n"
  ]
 },
 "33": {
  "name": "mensajes_iden",
  "type": "list",
  "class": "build-in",
  "approach": "annotation",
  "file_path": "BDD/app.py",
  "lineno": "98",
  "column": "27",
  "context": " # print(final_search)\n    if final_search == \"\": mensajes_iden = list(mensajes.find({}, { \"message\": 1, \"_id\": 0 }))\n    else: mensajes_iden = list(mensajes.find({ '$t",
  "context_lines": "@app.route(\"/messages\")\ndef get_mensajeidentico():\n    final_search = get_search()\n    # print(final_search)\n    if final_search == \"\": mensajes_iden = list(mensajes.find({}, { \"message\": 1, \"_id\": 0 }))\n    else: mensajes_iden = list(mensajes.find({ '$text': { '$search': final_search } }, { \"message\": 1, \"_id\": 0 } ))\n    # print(len(mensajes_iden))\n    return json.jsonify(mensajes_iden)\n\n\n\n################## RUTAS POST/DELETE ENUNCIADO  ###############################\n\n",
  "slicing": [
   "    if final_search == \"\": mensajes_iden = list(mensajes.find({}, { \"message\": 1, \"_id\": 0 }))\n",
   "    return json.jsonify(mensajes_iden)\n"
  ]
 },
 "34": {
  "name": "mensajes_iden",
  "type": "list",
  "class": "build-in",
  "approach": "annotation",
  "file_path": "BDD/app.py",
  "lineno": "99",
  "column": "10",
  "context": "s.find({}, { \"message\": 1, \"_id\": 0 }))\n    else: mensajes_iden = list(mensajes.find({ '$text': { '$search': final_search } }, { \"message\": 1, \"_id\": 0 } ))\n    # print(len(mensajes_iden))\n    return json.js",
  "context_lines": "def get_mensajeidentico():\n    final_search = get_search()\n    # print(final_search)\n    if final_search == \"\": mensajes_iden = list(mensajes.find({}, { \"message\": 1, \"_id\": 0 }))\n    else: mensajes_iden = list(mensajes.find({ '$text': { '$search': final_search } }, { \"message\": 1, \"_id\": 0 } ))\n    # print(len(mensajes_iden))\n    return json.jsonify(mensajes_iden)\n\n\n\n################## RUTAS POST/DELETE ENUNCIADO  ###############################\n\n# Enunciado: vii\n\n",
  "slicing": [
   "    else: mensajes_iden = list(mensajes.find({ '$text': { '$search': final_search } }, { \"message\": 1, \"_id\": 0 } ))\n",
   "    return json.jsonify(mensajes_iden)\n"
  ]
 },
 "35": {
  "name": "data",
  "type": "dict",
  "class": "build-in",
  "approach": "annotation",
  "file_path": "BDD/app.py",
  "lineno": "112",
  "column": "4",
  "context": "versation(uid1, uid2):\n    # Se genera el mid\n    data = {key: request.json[key] for key in MESS_KEYS}\n    count = mensajes.count_documents({})\n    data[",
  "context_lines": "# Enunciado: vii\n\n@app.route(\"/newconversation/<int:uid1>/<int:uid2>\", methods=['POST'])\ndef create_conversation(uid1, uid2):\n    # Se genera el mid\n    data = {key: request.json[key] for key in MESS_KEYS}\n    count = mensajes.count_documents({})\n    data[\"sender\"] = uid1\n    data[\"receptant\"] = uid2\n    data[\"id\"] = count + 1\n\n\n",
  "slicing": [
   "    data = {key: request.json[key] for key in MESS_KEYS}\n",
   "    data[\"sender\"] = uid1\n",
   "    data[\"receptant\"] = uid2\n",
   "    data[\"id\"] = count + 1\n",
   "    result = mensajes.insert_one(data)\n",
   "    if (result):\n",
   "    data[\"uid\"] = count + 1\n",
   "    result = usuarios.insert_one(data)\n",
   "    if (result):\n",
   "    message = f'{result.deleted_count} usuarios eliminados.'\n",
   "    return json.jsonify({'result': 'success', 'message': message})\n"
  ]
 },
 "36": {
  "name": "count",
  "type": "UNKNOWN",
  "class": "unknown",
  "approach": "Pysonar2",
  "file_path": "BDD/app.py",
  "lineno": "113",
  "column": "4",
  "context": "{key: request.json[key] for key in MESS_KEYS}\n    count = mensajes.count_documents({})\n    data[\"sender\"] = uid1\n    data[\"receptant\"] = ",
  "context_lines": "@app.route(\"/newconversation/<int:uid1>/<int:uid2>\", methods=['POST'])\ndef create_conversation(uid1, uid2):\n    # Se genera el mid\n    data = {key: request.json[key] for key in MESS_KEYS}\n    count = mensajes.count_documents({})\n    data[\"sender\"] = uid1\n    data[\"receptant\"] = uid2\n    data[\"id\"] = count + 1\n\n\n    # Insertar retorna un objeto\n",
  "slicing": [
   "    count = mensajes.count_documents({})\n",
   "    data[\"id\"] = count + 1\n",
   "    data[\"uid\"] = count + 1\n"
  ]
 },
 "37": {
  "name": "result",
  "type": "UNKNOWN",
  "class": "unknown",
  "approach": "Pysonar2",
  "file_path": "BDD/app.py",
  "lineno": "120",
  "column": "4",
  "context": " count + 1\n\n\n    # Insertar retorna un objeto\n    result = mensajes.insert_one(data)\n\n    # Creo el mensaje resultado\n    if (result):\n",
  "context_lines": "    data[\"sender\"] = uid1\n    data[\"receptant\"] = uid2\n    data[\"id\"] = count + 1\n\n\n    # Insertar retorna un objeto\n    result = mensajes.insert_one(data)\n\n    # Creo el mensaje resultado\n    if (result):\n        message = \"1 mensaje insertado desde el usuario:{} al usuario: {}\".format(uid1, uid2)\n",
  "slicing": [
   "    result = mensajes.insert_one(data)\n",
   "    if (result):\n",
   "    if (result):\n",
   "    message = f'{result.deleted_count} usuarios eliminados.'\n",
   "    return json.jsonify({'result': 'success', 'message': message})\n"
  ]
 },
 "38": {
  "name": "message",
  "type": "str",
  "class": "build-in",
  "approach": "Pysonar2",
  "file_path": "BDD/app.py",
  "lineno": "124",
  "column": "8",
  "context": "reo el mensaje resultado\n    if (result):\n        message = \"1 mensaje insertado desde el usuario:{} al usuario: {}\".format(uid1, uid2)\n        success = True\n    else:\n        message =",
  "context_lines": "    # Insertar retorna un objeto\n    result = mensajes.insert_one(data)\n\n    # Creo el mensaje resultado\n    if (result):\n        message = \"1 mensaje insertado desde el usuario:{} al usuario: {}\".format(uid1, uid2)\n        success = True\n    else:\n        message = \"No se pudo insertar el mensaje\"\n        success = False\n\n\n",
  "slicing": [
   "        message = \"1 mensaje insertado desde el usuario:{} al usuario: {}\".format(uid1, uid2)\n",
   "    return json.jsonify({'success': success, 'message': message})\n",
   "    return json.jsonify({'result': 'success', 'message': message})\n",
   "    return json.jsonify({'success': success, 'message': message})\n",
   "    return json.jsonify({'result': 'success', 'message': message})\n",
   "    return json.jsonify({'result': 'success', 'message': message})\n"
  ]
 },
 "39": {
  "name": "success",
  "type": "bool",
  "class": "build-in",
  "approach": "annotation",
  "file_path": "BDD/app.py",
  "lineno": "125",
  "column": "8",
  "context": "rio:{} al usuario: {}\".format(uid1, uid2)\n        success = True\n    else:\n        message = \"No se pudo insertar e",
  "context_lines": "    result = mensajes.insert_one(data)\n\n    # Creo el mensaje resultado\n    if (result):\n        message = \"1 mensaje insertado desde el usuario:{} al usuario: {}\".format(uid1, uid2)\n        success = True\n    else:\n        message = \"No se pudo insertar el mensaje\"\n        success = False\n\n\n    # Retorno el texto plano de un json\n",
  "slicing": [
   "        success = True\n",
   "    return json.jsonify({'success': success, 'message': message})\n",
   "    return json.jsonify({'success': success, 'message': message})\n"
  ]
 },
 "40": {
  "name": "message",
  "type": "str",
  "class": "build-in",
  "approach": "Pysonar2",
  "file_path": "BDD/app.py",
  "lineno": "127",
  "column": "8",
  "context": "1, uid2)\n        success = True\n    else:\n        message = \"No se pudo insertar el mensaje\"\n        success = False\n\n\n    # Retorno el texto p",
  "context_lines": "    if (result):\n        message = \"1 mensaje insertado desde el usuario:{} al usuario: {}\".format(uid1, uid2)\n        success = True\n    else:\n        message = \"No se pudo insertar el mensaje\"\n        success = False\n\n\n    # Retorno el texto plano de un json\n    return json.jsonify({'success': success, 'message': message})\n\n\n# Enunciado: viii\n\n",
  "slicing": [
   "        message = \"No se pudo insertar el mensaje\"\n",
   "    return json.jsonify({'success': success, 'message': message})\n",
   "    return json.jsonify({'result': 'success', 'message': message})\n",
   "    return json.jsonify({'success': success, 'message': message})\n",
   "    return json.jsonify({'result': 'success', 'message': message})\n",
   "    return json.jsonify({'result': 'success', 'message': message})\n"
  ]
 },
 "41": {
  "name": "success",
  "type": "bool",
  "class": "build-in",
  "approach": "annotation",
  "file_path": "BDD/app.py",
  "lineno": "128",
  "column": "8",
  "context": "essage = \"No se pudo insertar el mensaje\"\n        success = False\n\n\n    # Retorno el texto plano de un json\n    retu",
  "context_lines": "        message = \"1 mensaje insertado desde el usuario:{} al usuario: {}\".format(uid1, uid2)\n        success = True\n    else:\n        message = \"No se pudo insertar el mensaje\"\n        success = False\n\n\n    # Retorno el texto plano de un json\n    return json.jsonify({'success': success, 'message': message})\n\n\n# Enunciado: viii\n\n",
  "slicing": [
   "        success = False\n",
   "    return json.jsonify({'success': success, 'message': message})\n",
   "    return json.jsonify({'success': success, 'message': message})\n"
  ]
 },
 "42": {
  "name": "message",
  "type": "str",
  "class": "build-in",
  "approach": "Pysonar2",
  "file_path": "BDD/app.py",
  "lineno": "143",
  "column": "4",
  "context": "s borra\n    mensajes.delete_one({\"id\": mid})\n\n    message = f'El mensaje con id={mid} ha sido eliminado.'\n\n    # Retorno el texto plano de un json\n    retur",
  "context_lines": "@app.route('/delmessages/<int:mid>', methods=['DELETE'])\ndef delete_message(mid):\n\n    # esto borra el primer resultado. si hay mas, no los borra\n    mensajes.delete_one({\"id\": mid})\n\n    message = f'El mensaje con id={mid} ha sido eliminado.'\n\n    # Retorno el texto plano de un json\n    return json.jsonify({'result': 'success', 'message': message})\n\n\n####\n\n",
  "slicing": [
   "    message = f'El mensaje con id={mid} ha sido eliminado.'\n",
   "    return json.jsonify({'result': 'success', 'message': message})\n",
   "    return json.jsonify({'success': success, 'message': message})\n",
   "    return json.jsonify({'result': 'success', 'message': message})\n",
   "    return json.jsonify({'result': 'success', 'message': message})\n"
  ]
 },
 "43": {
  "name": "users",
  "type": "UNKNOWN",
  "class": "unknown",
  "approach": "Pysonar2",
  "file_path": "BDD/app.py",
  "lineno": "159",
  "column": "4",
  "context": "\ndef plot():\n    # Obtengo todos los usuarios\n    users = usuarios.find({}, {\"_id\": 0})\n\n    # Hago un data frame (tabla poderosa) con la ",
  "context_lines": "# Mapeamos esta función a la ruta '/plot' con el método get.\n@app.route(\"/plot\")\ndef plot():\n    # Obtengo todos los usuarios\n    users = usuarios.find({}, {\"_id\": 0})\n\n    # Hago un data frame (tabla poderosa) con la columna 'name' indexada\n    df = pd.DataFrame(list(users)).set_index('name')\n\n    # Hago un grafico de pi en base a la edad\n",
  "slicing": [
   "    users = usuarios.find({}, {\"_id\": 0})\n",
   "    df = pd.DataFrame(list(users)).set_index('name')\n",
   "    df.plot.pie(y='age')\n",
   "    return json.jsonify(users)\n"
  ]
 },
 "44": {
  "name": "df",
  "type": "UNKNOWN",
  "class": "unknown",
  "approach": "Pysonar2",
  "file_path": "BDD/app.py",
  "lineno": "162",
  "column": "4",
  "context": "abla poderosa) con la columna 'name' indexada\n    df = pd.DataFrame(list(users)).set_index('name')\n\n    # Hago un grafico de pi en base a la edad\n   ",
  "context_lines": "def plot():\n    # Obtengo todos los usuarios\n    users = usuarios.find({}, {\"_id\": 0})\n\n    # Hago un data frame (tabla poderosa) con la columna 'name' indexada\n    df = pd.DataFrame(list(users)).set_index('name')\n\n    # Hago un grafico de pi en base a la edad\n    df.plot.pie(y='age')\n\n    # Export la figura para usarla en el html\n",
  "slicing": [
   "    df = pd.DataFrame(list(users)).set_index('name')\n",
   "    df.plot.pie(y='age')\n"
  ]
 },
 "45": {
  "name": "pth",
  "type": "str",
  "class": "build-in",
  "approach": "Pysonar2",
  "file_path": "BDD/app.py",
  "lineno": "168",
  "column": "4",
  "context": "    # Export la figura para usarla en el html\n    pth = os.path.join('static', 'plot.png')\n    plt.savefig(pth)\n\n    # Retorna un html \"rende",
  "context_lines": "    df = pd.DataFrame(list(users)).set_index('name')\n\n    # Hago un grafico de pi en base a la edad\n    df.plot.pie(y='age')\n\n    # Export la figura para usarla en el html\n    pth = os.path.join('static', 'plot.png')\n    plt.savefig(pth)\n\n    # Retorna un html \"rendereado\"\n    return render_template('plot.html')\n\n\n@app.route(\"/users\")\n",
  "slicing": [
   "    pth = os.path.join('static', 'plot.png')\n",
   "    plt.savefig(pth)\n"
  ]
 },
 "46": {
  "name": "resultados",
  "type": "list",
  "class": "build-in",
  "approach": "annotation",
  "file_path": "BDD/app.py",
  "lineno": "177",
  "column": "4",
  "context": "tml')\n\n\n@app.route(\"/users\")\ndef get_users():\n    resultados = [u for u in usuarios.find({}, {\"_id\": 0})]\n    # Omitir el _id porque no es json serializable",
  "context_lines": "    # Retorna un html \"rendereado\"\n    return render_template('plot.html')\n\n\n@app.route(\"/users\")\ndef get_users():\n    resultados = [u for u in usuarios.find({}, {\"_id\": 0})]\n    # Omitir el _id porque no es json serializable\n\n    return json.jsonify(resultados)\n\n\n@app.route(\"/users/<int:uid>\")\ndef get_user(uid):\n",
  "slicing": [
   "    resultados = [u for u in usuarios.find({}, {\"_id\": 0})]\n",
   "    return json.jsonify(resultados)\n"
  ]
 },
 "47": {
  "name": "users",
  "type": "list",
  "class": "build-in",
  "approach": "annotation",
  "file_path": "BDD/app.py",
  "lineno": "185",
  "column": "4",
  "context": ".route(\"/users/<int:uid>\")\ndef get_user(uid):\n    users = list(usuarios.find({\"uid\": uid}, {\"_id\": 0}))\n\n    return json.jsonify(users)\n\n\n@app.route(\"/use",
  "context_lines": "    # Omitir el _id porque no es json serializable\n\n    return json.jsonify(resultados)\n\n\n@app.route(\"/users/<int:uid>\")\ndef get_user(uid):\n    users = list(usuarios.find({\"uid\": uid}, {\"_id\": 0}))\n\n    return json.jsonify(users)\n\n\n@app.route(\"/users\", methods=['POST'])\ndef create_user():\n",
  "slicing": [
   "    users = list(usuarios.find({\"uid\": uid}, {\"_id\": 0}))\n",
   "    return json.jsonify(users)\n"
  ]
 },
 "48": {
  "name": "data",
  "type": "dict",
  "class": "build-in",
  "approach": "annotation",
  "file_path": "BDD/app.py",
  "lineno": "198",
  "column": "4",
  "context": "dos con una request de tipo application/json:\n    data = {key: request.json[key] for key in USER_KEYS}\n\n    # Se genera el uid\n    count = usuarios.count",
  "context_lines": "    Crea un nuevo usuario en la base de datos\n    Se  necesitan todos los atributos de model, a excepcion de _id\n    '''\n\n    # Si los parámetros son enviados con una request de tipo application/json:\n    data = {key: request.json[key] for key in USER_KEYS}\n\n    # Se genera el uid\n    count = usuarios.count_documents({})\n    data[\"uid\"] = count + 1\n\n",
  "slicing": [
   "    data = {key: request.json[key] for key in USER_KEYS}\n",
   "    data[\"uid\"] = count + 1\n",
   "    result = usuarios.insert_one(data)\n",
   "    if (result):\n",
   "    message = f'{result.deleted_count} usuarios eliminados.'\n",
   "    return json.jsonify({'result': 'success', 'message': message})\n"
  ]
 },
 "49": {
  "name": "count",
  "type": "UNKNOWN",
  "class": "unknown",
  "approach": "Pysonar2",
  "file_path": "BDD/app.py",
  "lineno": "201",
  "column": "4",
  "context": "for key in USER_KEYS}\n\n    # Se genera el uid\n    count = usuarios.count_documents({})\n    data[\"uid\"] = count + 1\n\n    # Insertar retorn",
  "context_lines": "    '''\n\n    # Si los parámetros son enviados con una request de tipo application/json:\n    data = {key: request.json[key] for key in USER_KEYS}\n\n    # Se genera el uid\n    count = usuarios.count_documents({})\n    data[\"uid\"] = count + 1\n\n    # Insertar retorna un objeto\n    result = usuarios.insert_one(data)\n\n    # Creo el mensaje resultado\n",
  "slicing": [
   "    count = usuarios.count_documents({})\n",
   "    data[\"uid\"] = count + 1\n"
  ]
 },
 "50": {
  "name": "result",
  "type": "UNKNOWN",
  "class": "unknown",
  "approach": "Pysonar2",
  "file_path": "BDD/app.py",
  "lineno": "205",
  "column": "4",
  "context": "= count + 1\n\n    # Insertar retorna un objeto\n    result = usuarios.insert_one(data)\n\n    # Creo el mensaje resultado\n    if (result):\n",
  "context_lines": "    # Se genera el uid\n    count = usuarios.count_documents({})\n    data[\"uid\"] = count + 1\n\n    # Insertar retorna un objeto\n    result = usuarios.insert_one(data)\n\n    # Creo el mensaje resultado\n    if (result):\n        message = \"1 usuario creado\"\n",
  "slicing": [
   "    result = usuarios.insert_one(data)\n",
   "    if (result):\n",
   "    message = f'{result.deleted_count} usuarios eliminados.'\n",
   "    return json.jsonify({'result': 'success', 'message': message})\n"
  ]
 },
 "51": {
  "name": "message",
  "type": "str",
  "class": "build-in",
  "approach": "Pysonar2",
  "file_path": "BDD/app.py",
  "lineno": "209",
  "column": "8",
  "context": "reo el mensaje resultado\n    if (result):\n        message = \"1 usuario creado\"\n        success = True\n    else:\n        message =",
  "context_lines": "    # Insertar retorna un objeto\n    result = usuarios.insert_one(data)\n\n    # Creo el mensaje resultado\n    if (result):\n        message = \"1 usuario creado\"\n        success = True\n    else:\n        message = \"No se pudo crear el usuario\"\n        success = False\n\n",
  "slicing": [
   "        message = \"1 usuario creado\"\n",
   "    return json.jsonify({'success': success, 'message': message})\n",
   "    return json.jsonify({'result': 'success', 'message': message})\n",
   "    return json.jsonify({'result': 'success', 'message': message})\n"
  ]
 },
 "52": {
  "name": "success",
  "type": "bool",
  "class": "build-in",
  "approach": "annotation",
  "file_path": "BDD/app.py",
  "lineno": "210",
  "column": "8",
  "context": "lt):\n        message = \"1 usuario creado\"\n        success = True\n    else:\n        message = \"No se pudo crear el u",
  "context_lines": "    result = usuarios.insert_one(data)\n\n    # Creo el mensaje resultado\n    if (result):\n        message = \"1 usuario creado\"\n        success = True\n    else:\n        message = \"No se pudo crear el usuario\"\n        success = False\n\n    # Retorno el texto plano de un json\n",
  "slicing": [
   "        success = True\n",
   "    return json.jsonify({'success': success, 'message': message})\n"
  ]
 },
 "53": {
  "name": "message",
  "type": "str",
  "class": "build-in",
  "approach": "Pysonar2",
  "file_path": "BDD/app.py",
  "lineno": "212",
  "column": "8",
  "context": " creado\"\n        success = True\n    else:\n        message = \"No se pudo crear el usuario\"\n        success = False\n\n    # Retorno el texto pl",
  "context_lines": "    if (result):\n        message = \"1 usuario creado\"\n        success = True\n    else:\n        message = \"No se pudo crear el usuario\"\n        success = False\n\n    # Retorno el texto plano de un json\n    return json.jsonify({'success': success, 'message': message})\n\n\n@app.route('/users/<int:uid>', methods=['DELETE'])\n",
  "slicing": [
   "        message = \"No se pudo crear el usuario\"\n",
   "    return json.jsonify({'success': success, 'message': message})\n",
   "    return json.jsonify({'result': 'success', 'message': message})\n",
   "    return json.jsonify({'result': 'success', 'message': message})\n"
  ]
 },
 "54": {
  "name": "success",
  "type": "bool",
  "class": "build-in",
  "approach": "annotation",
  "file_path": "BDD/app.py",
  "lineno": "213",
  "column": "8",
  "context": "  message = \"No se pudo crear el usuario\"\n        success = False\n\n    # Retorno el texto plano de un json\n    retur",
  "context_lines": "        message = \"1 usuario creado\"\n        success = True\n    else:\n        message = \"No se pudo crear el usuario\"\n        success = False\n\n    # Retorno el texto plano de un json\n    return json.jsonify({'success': success, 'message': message})\n\n\n@app.route('/users/<int:uid>', methods=['DELETE'])\n",
  "slicing": [
   "        success = False\n",
   "    return json.jsonify({'success': success, 'message': message})\n"
  ]
 },
 "55": {
  "name": "message",
  "type": "str",
  "class": "build-in",
  "approach": "Pysonar2",
  "file_path": "BDD/app.py",
  "lineno": "229",
  "column": "4",
  "context": " borra\n    usuarios.delete_one({\"uid\": uid})\n\n    message = f'Usuario con id={uid} ha sido eliminado.'\n\n    # Retorno el texto plano de un json\n    retur",
  "context_lines": "    Se requiere llave uid\n    '''\n\n    # esto borra el primer resultado. si hay mas, no los borra\n    usuarios.delete_one({\"uid\": uid})\n\n    message = f'Usuario con id={uid} ha sido eliminado.'\n\n    # Retorno el texto plano de un json\n    return json.jsonify({'result': 'success', 'message': message})\n\n\n@app.route('/users/many', methods=['DELETE'])\n",
  "slicing": [
   "    message = f'Usuario con id={uid} ha sido eliminado.'\n",
   "    return json.jsonify({'result': 'success', 'message': message})\n",
   "    return json.jsonify({'result': 'success', 'message': message})\n"
  ]
 },
 "56": {
  "name": "all_uids",
  "type": "dict",
  "class": "build-in",
  "approach": "annotation",
  "file_path": "BDD/app.py",
  "lineno": "246",
  "column": "4",
  "context": " request\n        abort(400)  # Arrojar error\n\n    all_uids = request.json['uidBulk']\n\n    if not all_uids:\n        # Solicitud faltan p",
  "context_lines": "    '''\n\n    if not request.json:\n        # Solicitud faltan parametros. Codigo 400: Bad request\n        abort(400)  # Arrojar error\n\n    all_uids = request.json['uidBulk']\n\n    if not all_uids:\n        # Solicitud faltan parametros. Codigo 400: Bad request\n        abort(400)  # Arrojar error\n\n",
  "slicing": [
   "    all_uids = request.json['uidBulk']\n",
   "    if not all_uids:\n",
   "    result = usuarios.delete_many({\"uid\": {\"$in\": all_uids}})\n",
   "    message = f'{result.deleted_count} usuarios eliminados.'\n",
   "    return json.jsonify({'result': 'success', 'message': message})\n"
  ]
 },
 "57": {
  "name": "result",
  "type": "UNKNOWN",
  "class": "unknown",
  "approach": "Pysonar2",
  "file_path": "BDD/app.py",
  "lineno": "253",
  "column": "4",
  "context": "dos los usuarios con el id dentro de la lista\n    result = usuarios.delete_many({\"uid\": {\"$in\": all_uids}})\n\n    # Creo el mensaje resultado\n    message = f'{",
  "context_lines": "    if not all_uids:\n        # Solicitud faltan parametros. Codigo 400: Bad request\n        abort(400)  # Arrojar error\n\n    # Esto borra todos los usuarios con el id dentro de la lista\n    result = usuarios.delete_many({\"uid\": {\"$in\": all_uids}})\n\n    # Creo el mensaje resultado\n    message = f'{result.deleted_count} usuarios eliminados.'\n\n    # Retorno el texto plano de un json\n",
  "slicing": [
   "    result = usuarios.delete_many({\"uid\": {\"$in\": all_uids}})\n",
   "    message = f'{result.deleted_count} usuarios eliminados.'\n",
   "    return json.jsonify({'result': 'success', 'message': message})\n"
  ]
 },
 "58": {
  "name": "message",
  "type": "str",
  "class": "build-in",
  "approach": "Pysonar2",
  "file_path": "BDD/app.py",
  "lineno": "256",
  "column": "4",
  "context": " all_uids}})\n\n    # Creo el mensaje resultado\n    message = f'{result.deleted_count} usuarios eliminados.'\n\n    # Retorno el texto plano de un json\n    retur",
  "context_lines": "        abort(400)  # Arrojar error\n\n    # Esto borra todos los usuarios con el id dentro de la lista\n    result = usuarios.delete_many({\"uid\": {\"$in\": all_uids}})\n\n    # Creo el mensaje resultado\n    message = f'{result.deleted_count} usuarios eliminados.'\n\n    # Retorno el texto plano de un json\n    return json.jsonify({'result': 'success', 'message': message})\n\n\n@app.route(\"/test\")\n",
  "slicing": [
   "    message = f'{result.deleted_count} usuarios eliminados.'\n",
   "    return json.jsonify({'result': 'success', 'message': message})\n"
  ]
 },
 "59": {
  "name": "param",
  "type": "UNKNOWN",
  "class": "unknown",
  "approach": "Pysonar2",
  "file_path": "BDD/app.py",
  "lineno": "265",
  "column": "4",
  "context": "f test():\n    # Obtener un parámero de la URL\n    param = request.args.get('name', False)\n    print(\"URL param:\", param)\n\n    # Obtener un h",
  "context_lines": "    return json.jsonify({'result': 'success', 'message': message})\n\n\n@app.route(\"/test\")\ndef test():\n    # Obtener un parámero de la URL\n    param = request.args.get('name', False)\n    print(\"URL param:\", param)\n\n    # Obtener un header\n    param2 = request.headers.get('name', False)\n    print(\"Header:\", param2)\n\n",
  "slicing": [
   "    param = request.args.get('name', False)\n",
   "    print(\"URL param:\", param)\n"
  ]
 },
 "60": {
  "name": "param2",
  "type": "UNKNOWN",
  "class": "unknown",
  "approach": "Pysonar2",
  "file_path": "BDD/app.py",
  "lineno": "269",
  "column": "4",
  "context": "\"URL param:\", param)\n\n    # Obtener un header\n    param2 = request.headers.get('name', False)\n    print(\"Header:\", param2)\n\n    # Obtener el bod",
  "context_lines": "    # Obtener un parámero de la URL\n    param = request.args.get('name', False)\n    print(\"URL param:\", param)\n\n    # Obtener un header\n    param2 = request.headers.get('name', False)\n    print(\"Header:\", param2)\n\n    # Obtener el body\n    body = request.data\n    print(\"Body:\", body)\n\n",
  "slicing": [
   "    param2 = request.headers.get('name', False)\n",
   "    print(\"Header:\", param2)\n"
  ]
 },
 "61": {
  "name": "body",
  "type": "UNKNOWN",
  "class": "unknown",
  "approach": "Pysonar2",
  "file_path": "BDD/app.py",
  "lineno": "273",
  "column": "4",
  "context": "int(\"Header:\", param2)\n\n    # Obtener el body\n    body = request.data\n    print(\"Body:\", body)\n\n    return \"OK\"\n\n\nif os.",
  "context_lines": "    # Obtener un header\n    param2 = request.headers.get('name', False)\n    print(\"Header:\", param2)\n\n    # Obtener el body\n    body = request.data\n    print(\"Body:\", body)\n\n    return \"OK\"\n\n\nif os.name == 'nt':\n",
  "slicing": [
   "    body = request.data\n",
   "    print(\"Body:\", body)\n"
  ]
 },
 "62": {
  "name": "app",
  "type": "flask.Flask",
  "class": "imported",
  "approach": "annotation",
  "file_path": "BDD/test.py",
  "lineno": "2",
  "column": "0",
  "context": "from flask import Flask\napp = Flask(__name__)\n\n@app.route(\"/\") # Solicitud del tipo GET\ndef hell",
  "context_lines": "from flask import Flask\napp = Flask(__name__)\n\n@app.route(\"/\") # Solicitud del tipo GET\ndef hello():\n    return \"Hello World!\"\n\n",
  "slicing": [
   "app = Flask(__name__)\n",
   "@app.route(\"/\") # Solicitud del tipo GET\n",
   "    app.run()\n"
  ]
 },
 "63": {
  "name": "mid",
  "type": "UNKNOWN",
  "class": "unknown",
  "approach": "Pysonar2",
  "file_path": "BDD/app.py",
  "lineno": "34",
  "column": "16",
  "context": "@app.route(\"/messages/<int:mid>\")\ndef get_message(mid):\n    messages = list(mensajes.find({\"id\": mid}, {})",
  "context_lines": "app = Flask(__name__)\n\n######################### RUTAS GET ENUNCIADO #################################\n\n# Enunciado: i\n@app.route(\"/messages/<int:mid>\")\ndef get_message(mid):\n    messages = list(mensajes.find({\"id\": mid}, {}))\n    return json.jsonify(messages)\n\n\n# Enunciado: ii\n@app.route(\"/usermessages/<int:uid>\")\n",
  "slicing": "def get_message(mid):\n"
 },
 "64": {
  "name": "uid",
  "type": "UNKNOWN",
  "class": "unknown",
  "approach": "Pysonar2",
  "file_path": "BDD/app.py",
  "lineno": "41",
  "column": "21",
  "context": "e(\"/usermessages/<int:uid>\")\ndef get_usermessages(uid):\n    final_search = get_search()\n    # print(final_",
  "context_lines": "    messages = list(mensajes.find({\"id\": mid}, {}))\n    return json.jsonify(messages)\n\n\n# Enunciado: ii\n@app.route(\"/usermessages/<int:uid>\")\ndef get_usermessages(uid):\n    final_search = get_search()\n    # print(final_search)\n    if final_search == \"\": mensajes_iden = list(mensajes.find({\"sender\": uid}, {\"_id\": 0}))\n    else: mensajes_iden = list(mensajes.find({ '$text': { '$search': final_search }, \"sender\": uid }, { \"_id\": 0 } ))\n\n",
  "slicing": "def get_usermessages(uid):\n"
 },
 "65": {
  "name": "uid",
  "type": "UNKNOWN",
  "class": "unknown",
  "approach": "Pysonar2",
  "file_path": "BDD/app.py",
  "lineno": "50",
  "column": "17",
  "context": "app.route(\"/received/<int:uid>\")\ndef get_received(uid):\n    messages = list(mensajes.find({\"receptant\": ui",
  "context_lines": "    if final_search == \"\": mensajes_iden = list(mensajes.find({\"sender\": uid}, {\"_id\": 0}))\n    else: mensajes_iden = list(mensajes.find({ '$text': { '$search': final_search }, \"sender\": uid }, { \"_id\": 0 } ))\n\n    return json.jsonify(mensajes_iden)\n\n@app.route(\"/received/<int:uid>\")\ndef get_received(uid):\n    messages = list(mensajes.find({\"receptant\": uid}, {\"_id\": 0, \"message\": 1, \"sender\": 1}))\n    return json.jsonify(messages)\n\n# Enunciado: iii\ndef date_func(arr):\n",
  "slicing": "def get_received(uid):\n"
 },
 "66": {
  "name": "arr",
  "type": "UNKNOWN",
  "class": "unknown",
  "approach": "Pysonar2",
  "file_path": "BDD/app.py",
  "lineno": "55",
  "column": "14",
  "context": "jsonify(messages)\n\n# Enunciado: iii\ndef date_func(arr):\n    return arr[\"date\"]\n\n@app.route(\"/conversation/",
  "context_lines": "def get_received(uid):\n    messages = list(mensajes.find({\"receptant\": uid}, {\"_id\": 0, \"message\": 1, \"sender\": 1}))\n    return json.jsonify(messages)\n\n# Enunciado: iii\ndef date_func(arr):\n    return arr[\"date\"]\n\n@app.route(\"/conversation/<int:uid1>/<int:uid2>\")\ndef get_conversation(uid1, uid2):\n    messages = list(mensajes.find(\n",
  "slicing": "def date_func(arr):\n"
 },
 "67": {
  "name": "uid1",
  "type": "UNKNOWN",
  "class": "unknown",
  "approach": "Pysonar2",
  "file_path": "BDD/app.py",
  "lineno": "59",
  "column": "21",
  "context": "tion/<int:uid1>/<int:uid2>\")\ndef get_conversation(uid1, uid2):\n    messages = list(mensajes.find(\n    {\"$or\": [{\"",
  "context_lines": "# Enunciado: iii\ndef date_func(arr):\n    return arr[\"date\"]\n\n@app.route(\"/conversation/<int:uid1>/<int:uid2>\")\ndef get_conversation(uid1, uid2):\n    messages = list(mensajes.find(\n    {\"$or\": [{\"$and\": [{\"sender\": uid2}, {\"receptant\": uid1}]},\n            {\"$and\": [{\"sender\": uid1}, {\"receptant\": uid2}]}]},\n    {\"_id\": 0}))\n",
  "slicing": "def get_conversation(uid1, uid2):\n"
 },
 "68": {
  "name": "uid2",
  "type": "UNKNOWN",
  "class": "unknown",
  "approach": "Pysonar2",
  "file_path": "BDD/app.py",
  "lineno": "59",
  "column": "27",
  "context": "int:uid1>/<int:uid2>\")\ndef get_conversation(uid1, uid2):\n    messages = list(mensajes.find(\n    {\"$or\": [{\"",
  "context_lines": "# Enunciado: iii\ndef date_func(arr):\n    return arr[\"date\"]\n\n@app.route(\"/conversation/<int:uid1>/<int:uid2>\")\ndef get_conversation(uid1, uid2):\n    messages = list(mensajes.find(\n    {\"$or\": [{\"$and\": [{\"sender\": uid2}, {\"receptant\": uid1}]},\n            {\"$and\": [{\"sender\": uid1}, {\"receptant\": uid2}]}]},\n    {\"_id\": 0}))\n",
  "slicing": "def get_conversation(uid1, uid2):\n"
 },
 "69": {
  "name": "uid1",
  "type": "UNKNOWN",
  "class": "unknown",
  "approach": "Pysonar2",
  "file_path": "BDD/app.py",
  "lineno": "110",
  "column": "24",
  "context": "uid2>\", methods=['POST'])\ndef create_conversation(uid1, uid2):\n    # Se genera el mid\n    data = {key: request.js",
  "context_lines": "    return json.jsonify(mensajes_iden)\n\n\n\n################## RUTAS POST/DELETE ENUNCIADO  ###############################\n\n# Enunciado: vii\n\n@app.route(\"/newconversation/<int:uid1>/<int:uid2>\", methods=['POST'])\ndef create_conversation(uid1, uid2):\n    # Se genera el mid\n    data = {key: request.json[key] for key in MESS_KEYS}\n    count = mensajes.count_documents({})\n    data[\"sender\"] = uid1\n",
  "slicing": "def create_conversation(uid1, uid2):\n"
 },
 "70": {
  "name": "uid2",
  "type": "UNKNOWN",
  "class": "unknown",
  "approach": "Pysonar2",
  "file_path": "BDD/app.py",
  "lineno": "110",
  "column": "30",
  "context": ", methods=['POST'])\ndef create_conversation(uid1, uid2):\n    # Se genera el mid\n    data = {key: request.js",
  "context_lines": "    return json.jsonify(mensajes_iden)\n\n\n\n################## RUTAS POST/DELETE ENUNCIADO  ###############################\n\n# Enunciado: vii\n\n@app.route(\"/newconversation/<int:uid1>/<int:uid2>\", methods=['POST'])\ndef create_conversation(uid1, uid2):\n    # Se genera el mid\n    data = {key: request.json[key] for key in MESS_KEYS}\n    count = mensajes.count_documents({})\n    data[\"sender\"] = uid1\n",
  "slicing": "def create_conversation(uid1, uid2):\n"
 },
 "71": {
  "name": "mid",
  "type": "UNKNOWN",
  "class": "unknown",
  "approach": "Pysonar2",
  "file_path": "BDD/app.py",
  "lineno": "138",
  "column": "19",
  "context": "int:mid>', methods=['DELETE'])\ndef delete_message(mid):\n\n    # esto borra el primer resultado. si hay mas,",
  "context_lines": "    # Retorno el texto plano de un json\n    return json.jsonify({'success': success, 'message': message})\n\n\n# Enunciado: viii\n\n@app.route('/delmessages/<int:mid>', methods=['DELETE'])\ndef delete_message(mid):\n\n    # esto borra el primer resultado. si hay mas, no los borra\n    mensajes.delete_one({\"id\": mid})\n\n    message = f'El mensaje con id={mid} ha sido eliminado.'\n\n",
  "slicing": "def delete_message(mid):\n"
 },
 "72": {
  "name": "uid",
  "type": "UNKNOWN",
  "class": "unknown",
  "approach": "Pysonar2",
  "file_path": "BDD/app.py",
  "lineno": "184",
  "column": "13",
  "context": "os)\n\n\n@app.route(\"/users/<int:uid>\")\ndef get_user(uid):\n    users = list(usuarios.find({\"uid\": uid}, {\"_id",
  "context_lines": "    resultados = [u for u in usuarios.find({}, {\"_id\": 0})]\n    # Omitir el _id porque no es json serializable\n\n    return json.jsonify(resultados)\n\n\n@app.route(\"/users/<int:uid>\")\ndef get_user(uid):\n    users = list(usuarios.find({\"uid\": uid}, {\"_id\": 0}))\n\n    return json.jsonify(users)\n\n\n@app.route(\"/users\", methods=['POST'])\ndef create_user():\n",
  "slicing": "def get_user(uid):\n"
 },
 "73": {
  "name": "uid",
  "type": "UNKNOWN",
  "class": "unknown",
  "approach": "Pysonar2",
  "file_path": "BDD/app.py",
  "lineno": "220",
  "column": "16",
  "context": "s/<int:uid>', methods=['DELETE'])\ndef delete_user(uid):\n    '''\n    Elimina un usuario de la db.\n    Se re",
  "context_lines": "        success = False\n\n    # Retorno el texto plano de un json\n    return json.jsonify({'success': success, 'message': message})\n\n\n@app.route('/users/<int:uid>', methods=['DELETE'])\ndef delete_user(uid):\n    '''\n    Elimina un usuario de la db.\n    Se requiere llave uid\n    '''\n\n",
  "slicing": "def delete_user(uid):\n"
 }
}