{
 "1": {
  "name": "user_options",
  "type": "dict",
  "class": "build-in",
  "approach": "annotation",
  "file_path": "beckonjira/setup.py",
  "lineno": "9",
  "column": "4",
  "context": "find_packages, setup\n\n\nclass Format(Command):\n    user_options: List[str] = []\n\n    def initialize_options(self):\n        pass\n\n ",
  "context_lines": "import sys\nfrom typing import List\n\nfrom setuptools import Command, find_packages, setup\n\n\nclass Format(Command):\n    user_options: List[str] = []\n\n    def initialize_options(self):\n        pass\n\n    def finalize_options(self):\n",
  "slicing": "    user_options: List[str] = []\n"
 },
 "2": {
  "name": "err_isort",
  "type": "int",
  "class": "build-in",
  "approach": "Pysonar2",
  "file_path": "beckonjira/setup.py",
  "lineno": "18",
  "column": "8",
  "context": "s(self):\n        pass\n\n    def run(self):\n        err_isort = os.system(\"isort --recursive  setup.py scripts src -y\")\n        err_black = os.system(\"black .\")\n        s",
  "context_lines": "        pass\n\n    def finalize_options(self):\n        pass\n\n    def run(self):\n        err_isort = os.system(\"isort --recursive  setup.py scripts src -y\")\n        err_black = os.system(\"black .\")\n        sys.exit(err_isort or err_black)\n\n\nsetup(\n    name=\"beckonjira\",\n",
  "slicing": [
   "        err_isort = os.system(\"isort --recursive  setup.py scripts src -y\")\n",
   "        sys.exit(err_isort or err_black)\n"
  ]
 },
 "3": {
  "name": "err_black",
  "type": "int",
  "class": "build-in",
  "approach": "Pysonar2",
  "file_path": "beckonjira/setup.py",
  "lineno": "19",
  "column": "8",
  "context": "rt --recursive  setup.py scripts src -y\")\n        err_black = os.system(\"black .\")\n        sys.exit(err_isort or err_black)\n\n\nsetup(\n",
  "context_lines": "    def finalize_options(self):\n        pass\n\n    def run(self):\n        err_isort = os.system(\"isort --recursive  setup.py scripts src -y\")\n        err_black = os.system(\"black .\")\n        sys.exit(err_isort or err_black)\n\n\nsetup(\n    name=\"beckonjira\",\n    version=\"1.0.1\",\n",
  "slicing": [
   "        err_black = os.system(\"black .\")\n",
   "        sys.exit(err_isort or err_black)\n"
  ]
 },
 "4": {
  "name": "s3",
  "type": "UNKNOWN",
  "class": "unknown",
  "approach": "Pysonar2",
  "file_path": "beckonjira/src/beckonjira/jira.py",
  "lineno": "10",
  "column": "0",
  "context": "om .text import build_browse_url, build_rest_url\n\ns3 = boto3.client(\"s3\")\n\n\ndef get_jira_auth() -> Tuple[str, str]:\n    \"\"\"G",
  "context_lines": "import boto3\nimport requests\n\nfrom .models import JiraIssueTypeFactory, JiraTicket\nfrom .text import build_browse_url, build_rest_url\n\ns3 = boto3.client(\"s3\")\n\n\ndef get_jira_auth() -> Tuple[str, str]:\n    \"\"\"Get Jira Credential, (username, token)\n\n    >>> get_jira_auth()\n",
  "slicing": [
   "s3 = boto3.client(\"s3\")\n",
   "        s3.get_object(\n"
  ]
 },
 "5": {
  "name": "jira_auth",
  "type": "UNKNOWN",
  "class": "unknown",
  "approach": "Pysonar2",
  "file_path": "beckonjira/src/beckonjira/jira.py",
  "lineno": "19",
  "column": "4",
  "context": "_jira_auth()\n    ('beckonbot', '...')\n    \"\"\"\n    jira_auth = json.loads(\n        s3.get_object(\n            Bucket=\"beckon-",
  "context_lines": "    \"\"\"Get Jira Credential, (username, token)\n\n    >>> get_jira_auth()\n    ('beckonbot', '...')\n    \"\"\"\n    jira_auth = json.loads(\n        s3.get_object(\n            Bucket=\"beckon-devops\", Key=\"credentials/beckon_credentials.json\"\n        )[\"Body\"].read()\n    ).get(\"jira\", {})\n\n",
  "slicing": [
   "    jira_auth = json.loads(\n",
   "    return jira_auth.get(\"user\", \"\"), jira_auth.get(\"password\", \"\")\n"
  ]
 },
 "6": {
  "name": "ticket_url",
  "type": "text.build_rest_url",
  "class": "imported",
  "approach": "annotation",
  "file_path": "beckonjira/src/beckonjira/jira.py",
  "lineno": "37",
  "column": "4",
  "context": "kon.atlassian.net/browse/BASE-12345')\n    \"\"\"\n    ticket_url = build_rest_url(name)\n    res = requests.get(ticket_url, auth=get_jira_a",
  "context_lines": "               issue_type=JiraIssueType(...),\n               summary='CB3: Spider and polar charts has label that is obstructed and punch to edit showing',\n               url='https://beckon.atlassian.net/browse/BASE-12345')\n    \"\"\"\n    ticket_url = build_rest_url(name)\n    res = requests.get(ticket_url, auth=get_jira_auth()).json()\n    issue_type = JiraIssueTypeFactory(**res[\"fields\"][\"issuetype\"])\n    summary = res[\"fields\"][\"summary\"]\n    browse_url = build_browse_url(name)\n\n",
  "slicing": [
   "    ticket_url = build_rest_url(name)\n",
   "    res = requests.get(ticket_url, auth=get_jira_auth()).json()\n",
   "    issue_type = JiraIssueTypeFactory(**res[\"fields\"][\"issuetype\"])\n",
   "    summary = res[\"fields\"][\"summary\"]\n",
   "    return JiraTicket(name=name, issue_type=issue_type, summary=summary, url=browse_url)\n"
  ]
 },
 "7": {
  "name": "res",
  "type": "UNKNOWN",
  "class": "unknown",
  "approach": "Pysonar2",
  "file_path": "beckonjira/src/beckonjira/jira.py",
  "lineno": "38",
  "column": "4",
  "context": "    \"\"\"\n    ticket_url = build_rest_url(name)\n    res = requests.get(ticket_url, auth=get_jira_auth()).json()\n    issue_type = JiraIssueTypeFactory(**res[\"field",
  "context_lines": "               summary='CB3: Spider and polar charts has label that is obstructed and punch to edit showing',\n               url='https://beckon.atlassian.net/browse/BASE-12345')\n    \"\"\"\n    ticket_url = build_rest_url(name)\n    res = requests.get(ticket_url, auth=get_jira_auth()).json()\n    issue_type = JiraIssueTypeFactory(**res[\"fields\"][\"issuetype\"])\n    summary = res[\"fields\"][\"summary\"]\n    browse_url = build_browse_url(name)\n\n",
  "slicing": [
   "    res = requests.get(ticket_url, auth=get_jira_auth()).json()\n",
   "    issue_type = JiraIssueTypeFactory(**res[\"fields\"][\"issuetype\"])\n",
   "    summary = res[\"fields\"][\"summary\"]\n",
   "    return JiraTicket(name=name, issue_type=issue_type, summary=summary, url=browse_url)\n"
  ]
 },
 "8": {
  "name": "issue_type",
  "type": "models.JiraIssueTypeFactory",
  "class": "imported",
  "approach": "annotation",
  "file_path": "beckonjira/src/beckonjira/jira.py",
  "lineno": "39",
  "column": "4",
  "context": ".get(ticket_url, auth=get_jira_auth()).json()\n    issue_type = JiraIssueTypeFactory(**res[\"fields\"][\"issuetype\"])\n    summary = res[\"fields\"][\"summary\"]\n    browse_",
  "context_lines": "               url='https://beckon.atlassian.net/browse/BASE-12345')\n    \"\"\"\n    ticket_url = build_rest_url(name)\n    res = requests.get(ticket_url, auth=get_jira_auth()).json()\n    issue_type = JiraIssueTypeFactory(**res[\"fields\"][\"issuetype\"])\n    summary = res[\"fields\"][\"summary\"]\n    browse_url = build_browse_url(name)\n\n",
  "slicing": [
   "    issue_type = JiraIssueTypeFactory(**res[\"fields\"][\"issuetype\"])\n",
   "    return JiraTicket(name=name, issue_type=issue_type, summary=summary, url=browse_url)\n"
  ]
 },
 "9": {
  "name": "summary",
  "type": "dict",
  "class": "build-in",
  "approach": "annotation",
  "file_path": "beckonjira/src/beckonjira/jira.py",
  "lineno": "40",
  "column": "4",
  "context": "ssueTypeFactory(**res[\"fields\"][\"issuetype\"])\n    summary = res[\"fields\"][\"summary\"]\n    browse_url = build_browse_url(name)\n\n    retur",
  "context_lines": "    \"\"\"\n    ticket_url = build_rest_url(name)\n    res = requests.get(ticket_url, auth=get_jira_auth()).json()\n    issue_type = JiraIssueTypeFactory(**res[\"fields\"][\"issuetype\"])\n    summary = res[\"fields\"][\"summary\"]\n    browse_url = build_browse_url(name)\n\n",
  "slicing": [
   "    summary = res[\"fields\"][\"summary\"]\n",
   "    return JiraTicket(name=name, issue_type=issue_type, summary=summary, url=browse_url)\n"
  ]
 },
 "10": {
  "name": "browse_url",
  "type": "text.build_browse_url",
  "class": "imported",
  "approach": "annotation",
  "file_path": "beckonjira/src/beckonjira/jira.py",
  "lineno": "41",
  "column": "4",
  "context": "ype\"])\n    summary = res[\"fields\"][\"summary\"]\n    browse_url = build_browse_url(name)\n\n    return JiraTicket(name=name, issue_type=issue",
  "context_lines": "    ticket_url = build_rest_url(name)\n    res = requests.get(ticket_url, auth=get_jira_auth()).json()\n    issue_type = JiraIssueTypeFactory(**res[\"fields\"][\"issuetype\"])\n    summary = res[\"fields\"][\"summary\"]\n    browse_url = build_browse_url(name)\n\n",
  "slicing": [
   "    browse_url = build_browse_url(name)\n",
   "    return JiraTicket(name=name, issue_type=issue_type, summary=summary, url=browse_url)\n"
  ]
 },
 "11": {
  "name": "parser",
  "type": "UNKNOWN",
  "class": "unknown",
  "approach": "Pysonar2",
  "file_path": "beckonjira/src/beckonjira/cliparser.py",
  "lineno": "6",
  "column": "4",
  "context": "arser:\n    \"\"\"Returns CLI arguments parser\"\"\"\n    parser = argparse.ArgumentParser(\n        formatter_class=argparse.ArgumentDefaultsH",
  "context_lines": "import argparse\n\n\ndef get_parser() -> argparse.ArgumentParser:\n    \"\"\"Returns CLI arguments parser\"\"\"\n    parser = argparse.ArgumentParser(\n        formatter_class=argparse.ArgumentDefaultsHelpFormatter\n    )\n    parser.add_argument(\n        \"ticket_name\", type=str, help=\"Jira Ticket Number (e.g., BASE-12345)\"\n",
  "slicing": [
   "    parser = argparse.ArgumentParser(\n",
   "    parser.add_argument(\n",
   "    parser.add_argument(\n",
   "    return parser\n"
  ]
 },
 "12": {
  "name": "PREFIX_BROWSE_URL",
  "type": "str",
  "class": "build-in",
  "approach": "Pysonar2",
  "file_path": "beckonjira/src/beckonjira/config.py",
  "lineno": "1",
  "column": "0",
  "context": "PREFIX_BROWSE_URL = \"https://beckon.atlassian.net/browse\"\nPREFIX_REST_URL = \"https://beckon.atlassian.net/re",
  "context_lines": "PREFIX_BROWSE_URL = \"https://beckon.atlassian.net/browse\"\n",
  "slicing": "PREFIX_BROWSE_URL = \"https://beckon.atlassian.net/browse\"\n"
 },
 "13": {
  "name": "PREFIX_REST_URL",
  "type": "str",
  "class": "build-in",
  "approach": "Pysonar2",
  "file_path": "beckonjira/src/beckonjira/config.py",
  "lineno": "2",
  "column": "0",
  "context": "ROWSE_URL = \"https://beckon.atlassian.net/browse\"\nPREFIX_REST_URL = \"https://beckon.atlassian.net/rest/api/2\"\n",
  "context_lines": "PREFIX_BROWSE_URL = \"https://beckon.atlassian.net/browse\"\nPREFIX_REST_URL = \"https://beckon.atlassian.net/rest/api/2\"\n",
  "slicing": "PREFIX_REST_URL = \"https://beckon.atlassian.net/rest/api/2\"\n"
 },
 "14": {
  "name": "BASE_NUMBER_PATTERN",
  "type": "UNKNOWN",
  "class": "unknown",
  "approach": "Pysonar2",
  "file_path": "beckonjira/src/beckonjira/text.py",
  "lineno": "9",
  "column": "0",
  "context": "rt\nfrom .models import JiraIssueType, JiraTicket\n\nBASE_NUMBER_PATTERN = re.compile(r\"BASE-\\d+\", flags=re.IGNORECASE)\n\n\ndef normalize_ticket(name: str) -> str:\n    \"\"\"R",
  "context_lines": "from datetime import datetime\n\nfrom .config import PREFIX_BROWSE_URL, PREFIX_REST_URL\n\n# pylint: disable=unused-import\nfrom .models import JiraIssueType, JiraTicket\n\nBASE_NUMBER_PATTERN = re.compile(r\"BASE-\\d+\", flags=re.IGNORECASE)\n\n\ndef normalize_ticket(name: str) -> str:\n    \"\"\"Returns a norlized Jira Ticket Number\n    NAME can be an url or base prefix or 5 digits\n\n",
  "slicing": [
   "BASE_NUMBER_PATTERN = re.compile(r\"BASE-\\d+\", flags=re.IGNORECASE)\n",
   "    matched = BASE_NUMBER_PATTERN.search(name)\n",
   "    if matched:\n",
   "        return matched.group(0).upper()\n"
  ]
 },
 "15": {
  "name": "matched",
  "type": "UNKNOWN",
  "class": "unknown",
  "approach": "Pysonar2",
  "file_path": "beckonjira/src/beckonjira/text.py",
  "lineno": "34",
  "column": "4",
  "context": "ame.isdigit():\n        return f\"BASE-{name}\"\n\n    matched = BASE_NUMBER_PATTERN.search(name)\n\n    if matched:\n        return matched.group(0).u",
  "context_lines": "    ValueError: whatever is not a valid Jira ticket\n    \"\"\"\n    if len(name) == 5 and name.isdigit():\n        return f\"BASE-{name}\"\n\n    matched = BASE_NUMBER_PATTERN.search(name)\n\n    if matched:\n        return matched.group(0).upper()\n\n    raise ValueError(f\"{name} is not a valid Jira ticket\")\n\n\n",
  "slicing": [
   "    matched = BASE_NUMBER_PATTERN.search(name)\n",
   "    if matched:\n",
   "        return matched.group(0).upper()\n"
  ]
 },
 "16": {
  "name": "name",
  "type": "UNKNOWN",
  "class": "unknown",
  "approach": "Pysonar2",
  "file_path": "beckonjira/src/beckonjira/text.py",
  "lineno": "70",
  "column": "4",
  "context": "nd polar\")\n    'cb3-spider-and-polar'\n    \"\"\"\n    name = name.lower()\n    name = re.sub(\"[^A-Za-z0-9 ]+\", \"\", name)\n    ",
  "context_lines": "    'large-text'\n\n    >>> clean_text(\"cb3: spider and polar\")\n    'cb3-spider-and-polar'\n    \"\"\"\n    name = name.lower()\n    name = re.sub(\"[^A-Za-z0-9 ]+\", \"\", name)\n    name = re.sub(r\"\\s+\", \"-\", name)\n    return name\n\n\ndef build_branch_name(ticket_info: JiraTicket) -> str:\n",
  "slicing": [
   "    name = name.lower()\n",
   "    name = re.sub(\"[^A-Za-z0-9 ]+\", \"\", name)\n",
   "    name = re.sub(r\"\\s+\", \"-\", name)\n",
   "    return name\n"
  ]
 },
 "17": {
  "name": "name",
  "type": "UNKNOWN",
  "class": "unknown",
  "approach": "Pysonar2",
  "file_path": "beckonjira/src/beckonjira/text.py",
  "lineno": "71",
  "column": "4",
  "context": "er-and-polar'\n    \"\"\"\n    name = name.lower()\n    name = re.sub(\"[^A-Za-z0-9 ]+\", \"\", name)\n    name = re.sub(r\"\\s+\", \"-\", name)\n    return na",
  "context_lines": "    >>> clean_text(\"cb3: spider and polar\")\n    'cb3-spider-and-polar'\n    \"\"\"\n    name = name.lower()\n    name = re.sub(\"[^A-Za-z0-9 ]+\", \"\", name)\n    name = re.sub(r\"\\s+\", \"-\", name)\n    return name\n\n\ndef build_branch_name(ticket_info: JiraTicket) -> str:\n    \"\"\"Given `ticket_info`, returns a full prospective branch name\n\n",
  "slicing": [
   "    name = re.sub(\"[^A-Za-z0-9 ]+\", \"\", name)\n",
   "    name = re.sub(r\"\\s+\", \"-\", name)\n",
   "    return name\n"
  ]
 },
 "18": {
  "name": "name",
  "type": "UNKNOWN",
  "class": "unknown",
  "approach": "Pysonar2",
  "file_path": "beckonjira/src/beckonjira/text.py",
  "lineno": "72",
  "column": "4",
  "context": "    name = re.sub(\"[^A-Za-z0-9 ]+\", \"\", name)\n    name = re.sub(r\"\\s+\", \"-\", name)\n    return name\n\n\ndef build_branch_name(ticket_inf",
  "context_lines": "    'cb3-spider-and-polar'\n    \"\"\"\n    name = name.lower()\n    name = re.sub(\"[^A-Za-z0-9 ]+\", \"\", name)\n    name = re.sub(r\"\\s+\", \"-\", name)\n    return name\n\n\ndef build_branch_name(ticket_info: JiraTicket) -> str:\n    \"\"\"Given `ticket_info`, returns a full prospective branch name\n\n    >>> issue_type = JiraIssueType(name=\"Bug\",     \\\n",
  "slicing": [
   "    name = re.sub(r\"\\s+\", \"-\", name)\n",
   "    return name\n"
  ]
 },
 "19": {
  "name": "issue_type",
  "type": "UNKNOWN",
  "class": "unknown",
  "approach": "annotation",
  "file_path": "beckonjira/src/beckonjira/text.py",
  "lineno": "93",
  "column": "4",
  "context": ".../BASE-12345-cb3-chartbuilder-test'\n    \"\"\"\n    issue_type = clean_text(ticket_info.issue_type.name)\n    date = datetime.now().strftime(\"%Y%m%d\")\n    s",
  "context_lines": "                                 url='')\n    >>> build_branch_name(ticket_info)\n    'bug/.../BASE-12345-cb3-chartbuilder-test'\n    \"\"\"\n    issue_type = clean_text(ticket_info.issue_type.name)\n    date = datetime.now().strftime(\"%Y%m%d\")\n    summary = clean_text(ticket_info.summary)\n    ticket_name = ticket_info.name\n\n",
  "slicing": [
   "    issue_type = clean_text(ticket_info.issue_type.name)\n",
   "    return f\"{issue_type}/{date}/{ticket_name}-{summary}\"\n"
  ]
 },
 "20": {
  "name": "date",
  "type": "str",
  "class": "build-in",
  "approach": "Pysonar2",
  "file_path": "beckonjira/src/beckonjira/text.py",
  "lineno": "94",
  "column": "4",
  "context": "ype = clean_text(ticket_info.issue_type.name)\n    date = datetime.now().strftime(\"%Y%m%d\")\n    summary = clean_text(ticket_info.summary)\n    ",
  "context_lines": "    >>> build_branch_name(ticket_info)\n    'bug/.../BASE-12345-cb3-chartbuilder-test'\n    \"\"\"\n    issue_type = clean_text(ticket_info.issue_type.name)\n    date = datetime.now().strftime(\"%Y%m%d\")\n    summary = clean_text(ticket_info.summary)\n    ticket_name = ticket_info.name\n\n",
  "slicing": [
   "    date = datetime.now().strftime(\"%Y%m%d\")\n",
   "    return f\"{issue_type}/{date}/{ticket_name}-{summary}\"\n"
  ]
 },
 "21": {
  "name": "summary",
  "type": "UNKNOWN",
  "class": "unknown",
  "approach": "annotation",
  "file_path": "beckonjira/src/beckonjira/text.py",
  "lineno": "95",
  "column": "4",
  "context": "\n    date = datetime.now().strftime(\"%Y%m%d\")\n    summary = clean_text(ticket_info.summary)\n    ticket_name = ticket_info.name\n\n    return f\"{",
  "context_lines": "    'bug/.../BASE-12345-cb3-chartbuilder-test'\n    \"\"\"\n    issue_type = clean_text(ticket_info.issue_type.name)\n    date = datetime.now().strftime(\"%Y%m%d\")\n    summary = clean_text(ticket_info.summary)\n    ticket_name = ticket_info.name\n\n",
  "slicing": [
   "    summary = clean_text(ticket_info.summary)\n",
   "    return f\"{issue_type}/{date}/{ticket_name}-{summary}\"\n"
  ]
 },
 "22": {
  "name": "ticket_name",
  "type": "UNKNOWN",
  "class": "unknown",
  "approach": "Pysonar2",
  "file_path": "beckonjira/src/beckonjira/text.py",
  "lineno": "96",
  "column": "4",
  "context": "    summary = clean_text(ticket_info.summary)\n    ticket_name = ticket_info.name\n\n    return f\"{issue_type}/{date}/{ticket_name}-{s",
  "context_lines": "    \"\"\"\n    issue_type = clean_text(ticket_info.issue_type.name)\n    date = datetime.now().strftime(\"%Y%m%d\")\n    summary = clean_text(ticket_info.summary)\n    ticket_name = ticket_info.name\n\n",
  "slicing": [
   "    ticket_name = ticket_info.name\n",
   "    return f\"{issue_type}/{date}/{ticket_name}-{summary}\"\n"
  ]
 },
 "23": {
  "name": "avatarId",
  "type": "str",
  "class": "build-in",
  "approach": "annotation",
  "file_path": "beckonjira/src/beckonjira/models.py",
  "lineno": "5",
  "column": "4",
  "context": "NamedTuple\n\n\nclass JiraIssueType(NamedTuple):\n    avatarId: str\n    description: str\n    iconUrl: str\n    id: str\n",
  "context_lines": "from typing import NamedTuple\n\n\nclass JiraIssueType(NamedTuple):\n    avatarId: str\n    description: str\n    iconUrl: str\n    id: str\n    name: str\n",
  "slicing": "    avatarId: str\n"
 },
 "24": {
  "name": "description",
  "type": "str",
  "class": "build-in",
  "approach": "annotation",
  "file_path": "beckonjira/src/beckonjira/models.py",
  "lineno": "6",
  "column": "4",
  "context": " JiraIssueType(NamedTuple):\n    avatarId: str\n    description: str\n    iconUrl: str\n    id: str\n    name: str\n    sel",
  "context_lines": "from typing import NamedTuple\n\n\nclass JiraIssueType(NamedTuple):\n    avatarId: str\n    description: str\n    iconUrl: str\n    id: str\n    name: str\n    self_: str\n",
  "slicing": "    description: str\n"
 },
 "25": {
  "name": "iconUrl",
  "type": "str",
  "class": "build-in",
  "approach": "annotation",
  "file_path": "beckonjira/src/beckonjira/models.py",
  "lineno": "7",
  "column": "4",
  "context": "uple):\n    avatarId: str\n    description: str\n    iconUrl: str\n    id: str\n    name: str\n    self_: str\n    subta",
  "context_lines": "from typing import NamedTuple\n\n\nclass JiraIssueType(NamedTuple):\n    avatarId: str\n    description: str\n    iconUrl: str\n    id: str\n    name: str\n    self_: str\n    subtask: bool\n\n\n",
  "slicing": "    iconUrl: str\n"
 },
 "26": {
  "name": "id",
  "type": "str",
  "class": "build-in",
  "approach": "annotation",
  "file_path": "beckonjira/src/beckonjira/models.py",
  "lineno": "8",
  "column": "4",
  "context": "Id: str\n    description: str\n    iconUrl: str\n    id: str\n    name: str\n    self_: str\n    subtask: bool\n\n\nd",
  "context_lines": "class JiraIssueType(NamedTuple):\n    avatarId: str\n    description: str\n    iconUrl: str\n    id: str\n    name: str\n    self_: str\n    subtask: bool\n\n\ndef JiraIssueTypeFactory(**kwargs) -> JiraIssueType:\n",
  "slicing": "    id: str\n"
 },
 "27": {
  "name": "name",
  "type": "str",
  "class": "build-in",
  "approach": "annotation",
  "file_path": "beckonjira/src/beckonjira/models.py",
  "lineno": "9",
  "column": "4",
  "context": "description: str\n    iconUrl: str\n    id: str\n    name: str\n    self_: str\n    subtask: bool\n\n\ndef JiraIssueTy",
  "context_lines": "    avatarId: str\n    description: str\n    iconUrl: str\n    id: str\n    name: str\n    self_: str\n    subtask: bool\n\n\ndef JiraIssueTypeFactory(**kwargs) -> JiraIssueType:\n    return JiraIssueType(\n",
  "slicing": "    name: str\n"
 },
 "28": {
  "name": "self_",
  "type": "str",
  "class": "build-in",
  "approach": "annotation",
  "file_path": "beckonjira/src/beckonjira/models.py",
  "lineno": "10",
  "column": "4",
  "context": "tr\n    iconUrl: str\n    id: str\n    name: str\n    self_: str\n    subtask: bool\n\n\ndef JiraIssueTypeFactory(**kwa",
  "context_lines": "    description: str\n    iconUrl: str\n    id: str\n    name: str\n    self_: str\n    subtask: bool\n\n\ndef JiraIssueTypeFactory(**kwargs) -> JiraIssueType:\n    return JiraIssueType(\n        avatarId=kwargs.get(\"avatarId\", \"\"),\n",
  "slicing": "    self_: str\n"
 },
 "29": {
  "name": "subtask",
  "type": "bool",
  "class": "build-in",
  "approach": "annotation",
  "file_path": "beckonjira/src/beckonjira/models.py",
  "lineno": "11",
  "column": "4",
  "context": " str\n    id: str\n    name: str\n    self_: str\n    subtask: bool\n\n\ndef JiraIssueTypeFactory(**kwargs) -> JiraIssueT",
  "context_lines": "    iconUrl: str\n    id: str\n    name: str\n    self_: str\n    subtask: bool\n\n\ndef JiraIssueTypeFactory(**kwargs) -> JiraIssueType:\n    return JiraIssueType(\n        avatarId=kwargs.get(\"avatarId\", \"\"),\n",
  "slicing": "    subtask: bool\n"
 },
 "30": {
  "name": "name",
  "type": "str",
  "class": "build-in",
  "approach": "annotation",
  "file_path": "beckonjira/src/beckonjira/models.py",
  "lineno": "27",
  "column": "4",
  "context": "False),\n    )\n\n\nclass JiraTicket(NamedTuple):\n    name: str\n    issue_type: JiraIssueType\n    summary: str\n   ",
  "context_lines": "        self_=kwargs.get(\"self\", \"\"),\n        subtask=kwargs.get(\"subtask\", False),\n    )\n\n\nclass JiraTicket(NamedTuple):\n    name: str\n    issue_type: JiraIssueType\n    summary: str\n",
  "slicing": "    name: str\n"
 },
 "31": {
  "name": "issue_type",
  "type": "models.JiraIssueType",
  "class": "customized",
  "approach": "annotation",
  "file_path": "beckonjira/src/beckonjira/models.py",
  "lineno": "28",
  "column": "4",
  "context": "\n\nclass JiraTicket(NamedTuple):\n    name: str\n    issue_type: JiraIssueType\n    summary: str\n    url: str\n",
  "context_lines": "        subtask=kwargs.get(\"subtask\", False),\n    )\n\n\nclass JiraTicket(NamedTuple):\n    name: str\n    issue_type: JiraIssueType\n    summary: str\n",
  "slicing": "    issue_type: JiraIssueType\n"
 },
 "32": {
  "name": "summary",
  "type": "str",
  "class": "build-in",
  "approach": "annotation",
  "file_path": "beckonjira/src/beckonjira/models.py",
  "lineno": "29",
  "column": "4",
  "context": ":\n    name: str\n    issue_type: JiraIssueType\n    summary: str\n    url: str\n",
  "context_lines": "    )\n\n\nclass JiraTicket(NamedTuple):\n    name: str\n    issue_type: JiraIssueType\n    summary: str\n",
  "slicing": "    summary: str\n"
 },
 "33": {
  "name": "url",
  "type": "str",
  "class": "build-in",
  "approach": "annotation",
  "file_path": "beckonjira/src/beckonjira/models.py",
  "lineno": "30",
  "column": "4",
  "context": "   issue_type: JiraIssueType\n    summary: str\n    url: str\n",
  "context_lines": "class JiraTicket(NamedTuple):\n    name: str\n    issue_type: JiraIssueType\n    summary: str\n    url: str\n",
  "slicing": "    url: str\n"
 },
 "34": {
  "name": "ticketname",
  "type": "text.normalize_ticket",
  "class": "imported",
  "approach": "annotation",
  "file_path": "beckonjira/src/beckonjira/__init__.py",
  "lineno": "10",
  "column": "4",
  "context": "f run(ticket_name: str, _open=False) -> None:\n    ticketname = normalize_ticket(ticket_name)\n\n    if _open:\n        # open\n        browse_url =",
  "context_lines": "from .text import normalize_ticket, build_browse_url, build_branch_name\nfrom .jira import get_ticket_info\n\nfrom .cliparser import get_parser\n\n\ndef run(ticket_name: str, _open=False) -> None:\n    ticketname = normalize_ticket(ticket_name)\n\n    if _open:\n        # open\n        browse_url = build_browse_url(ticketname)\n",
  "slicing": [
   "    ticketname = normalize_ticket(ticket_name)\n",
   "        browse_url = build_browse_url(ticketname)\n",
   "        call([\"open\", browse_url])\n",
   "    ticket_info = get_ticket_info(ticketname)\n",
   "    branch_name = build_branch_name(ticket_info)\n",
   "    print(branch_name)\n"
  ]
 },
 "35": {
  "name": "browse_url",
  "type": "text.build_browse_url",
  "class": "imported",
  "approach": "annotation",
  "file_path": "beckonjira/src/beckonjira/__init__.py",
  "lineno": "14",
  "column": "8",
  "context": "icket_name)\n\n    if _open:\n        # open\n        browse_url = build_browse_url(ticketname)\n        call([\"open\", browse_url])\n        sys.exi",
  "context_lines": "def run(ticket_name: str, _open=False) -> None:\n    ticketname = normalize_ticket(ticket_name)\n\n    if _open:\n        # open\n        browse_url = build_browse_url(ticketname)\n        call([\"open\", browse_url])\n        sys.exit(0)\n\n    ticket_info = get_ticket_info(ticketname)\n    branch_name = build_branch_name(ticket_info)\n",
  "slicing": [
   "        browse_url = build_browse_url(ticketname)\n",
   "        call([\"open\", browse_url])\n"
  ]
 },
 "36": {
  "name": "ticket_info",
  "type": "jira.get_ticket_info",
  "class": "imported",
  "approach": "annotation",
  "file_path": "beckonjira/src/beckonjira/__init__.py",
  "lineno": "18",
  "column": "4",
  "context": "ll([\"open\", browse_url])\n        sys.exit(0)\n\n    ticket_info = get_ticket_info(ticketname)\n    branch_name = build_branch_name(ticket_info)\n ",
  "context_lines": "        # open\n        browse_url = build_browse_url(ticketname)\n        call([\"open\", browse_url])\n        sys.exit(0)\n\n    ticket_info = get_ticket_info(ticketname)\n    branch_name = build_branch_name(ticket_info)\n    print(branch_name)\n\n\ndef main() -> None:\n    parser = get_parser()\n",
  "slicing": [
   "    ticket_info = get_ticket_info(ticketname)\n",
   "    branch_name = build_branch_name(ticket_info)\n",
   "    print(branch_name)\n"
  ]
 },
 "37": {
  "name": "branch_name",
  "type": "text.build_branch_name",
  "class": "imported",
  "approach": "annotation",
  "file_path": "beckonjira/src/beckonjira/__init__.py",
  "lineno": "19",
  "column": "4",
  "context": "    ticket_info = get_ticket_info(ticketname)\n    branch_name = build_branch_name(ticket_info)\n    print(branch_name)\n\n\ndef main() -> None:\n    p",
  "context_lines": "        browse_url = build_browse_url(ticketname)\n        call([\"open\", browse_url])\n        sys.exit(0)\n\n    ticket_info = get_ticket_info(ticketname)\n    branch_name = build_branch_name(ticket_info)\n    print(branch_name)\n\n\ndef main() -> None:\n    parser = get_parser()\n    flags = parser.parse_args()\n",
  "slicing": [
   "    branch_name = build_branch_name(ticket_info)\n",
   "    print(branch_name)\n"
  ]
 },
 "38": {
  "name": "parser",
  "type": "cliparser.get_parser",
  "class": "imported",
  "approach": "annotation",
  "file_path": "beckonjira/src/beckonjira/__init__.py",
  "lineno": "24",
  "column": "4",
  "context": "\n    print(branch_name)\n\n\ndef main() -> None:\n    parser = get_parser()\n    flags = parser.parse_args()\n    run(flags.tick",
  "context_lines": "    ticket_info = get_ticket_info(ticketname)\n    branch_name = build_branch_name(ticket_info)\n    print(branch_name)\n\n\ndef main() -> None:\n    parser = get_parser()\n    flags = parser.parse_args()\n",
  "slicing": [
   "    parser = get_parser()\n",
   "    flags = parser.parse_args()\n",
   "    run(flags.ticket_name, flags.open)\n"
  ]
 },
 "39": {
  "name": "flags",
  "type": "UNKNOWN",
  "class": "unknown",
  "approach": "Pysonar2",
  "file_path": "beckonjira/src/beckonjira/__init__.py",
  "lineno": "25",
  "column": "4",
  "context": "def main() -> None:\n    parser = get_parser()\n    flags = parser.parse_args()\n    run(flags.ticket_name, flags.open)\n",
  "context_lines": "    branch_name = build_branch_name(ticket_info)\n    print(branch_name)\n\n\ndef main() -> None:\n    parser = get_parser()\n    flags = parser.parse_args()\n",
  "slicing": [
   "    flags = parser.parse_args()\n",
   "    run(flags.ticket_name, flags.open)\n"
  ]
 },
 "40": {
  "name": "name",
  "type": "str",
  "class": "build-in",
  "approach": "annotation",
  "file_path": "beckonjira/src/beckonjira/jira.py",
  "lineno": "28",
  "column": "20",
  "context": "ra_auth.get(\"password\", \"\")\n\n\ndef get_ticket_info(name: str) -> JiraTicket:\n    \"\"\"Given a ticket name `name`, get jira ticket",
  "context_lines": "            Bucket=\"beckon-devops\", Key=\"credentials/beckon_credentials.json\"\n        )[\"Body\"].read()\n    ).get(\"jira\", {})\n\n    return jira_auth.get(\"user\", \"\"), jira_auth.get(\"password\", \"\")\n\n\ndef get_ticket_info(name: str) -> JiraTicket:\n    \"\"\"Given a ticket name `name`, get jira ticket\n    >>> ticket_info = get_ticket_info(\"BASE-12345\")\n    >>> ticket_info\n    JiraTicket(name='BASE-12345',\n",
  "slicing": "def get_ticket_info(name: str) -> JiraTicket:\n"
 },
 "41": {
  "name": "name",
  "type": "str",
  "class": "build-in",
  "approach": "annotation",
  "file_path": "beckonjira/src/beckonjira/text.py",
  "lineno": "12",
  "column": "21",
  "context": "\\d+\", flags=re.IGNORECASE)\n\n\ndef normalize_ticket(name: str) -> str:\n    \"\"\"Returns a norlized Jira Ticket Number\n    N",
  "context_lines": "from .config import PREFIX_BROWSE_URL, PREFIX_REST_URL\n\n# pylint: disable=unused-import\nfrom .models import JiraIssueType, JiraTicket\n\nBASE_NUMBER_PATTERN = re.compile(r\"BASE-\\d+\", flags=re.IGNORECASE)\n\n\ndef normalize_ticket(name: str) -> str:\n    \"\"\"Returns a norlized Jira Ticket Number\n    NAME can be an url or base prefix or 5 digits\n\n    >>> normalize_ticket('base-12345')\n    'BASE-12345'\n\n",
  "slicing": "def normalize_ticket(name: str) -> str:\n"
 },
 "42": {
  "name": "name",
  "type": "str",
  "class": "build-in",
  "approach": "annotation",
  "file_path": "beckonjira/src/beckonjira/text.py",
  "lineno": "42",
  "column": "19",
  "context": "is not a valid Jira ticket\")\n\n\ndef build_rest_url(name: str) -> str:\n    \"\"\"Given a NAME, normalized jira ticket,\n    r",
  "context_lines": "    matched = BASE_NUMBER_PATTERN.search(name)\n\n    if matched:\n        return matched.group(0).upper()\n\n    raise ValueError(f\"{name} is not a valid Jira ticket\")\n\n\ndef build_rest_url(name: str) -> str:\n    \"\"\"Given a NAME, normalized jira ticket,\n    returns REST API ENDPOINT\n\n    >>> build_rest_url('BASE-12345')\n    'https://beckon.atlassian.net/rest/api/2/issue/BASE-12345'\n",
  "slicing": "def build_rest_url(name: str) -> str:\n"
 },
 "43": {
  "name": "name",
  "type": "str",
  "class": "build-in",
  "approach": "annotation",
  "file_path": "beckonjira/src/beckonjira/text.py",
  "lineno": "52",
  "column": "21",
  "context": "IX_REST_URL}/issue/{name}\"\n\n\ndef build_browse_url(name: str) -> str:\n    \"\"\"Same as `build_rest_url` but returns an web",
  "context_lines": "    >>> build_rest_url('BASE-12345')\n    'https://beckon.atlassian.net/rest/api/2/issue/BASE-12345'\n    \"\"\"\n    return f\"{PREFIX_REST_URL}/issue/{name}\"\n\n\ndef build_browse_url(name: str) -> str:\n    \"\"\"Same as `build_rest_url` but returns an webpage\n    >>> build_browse_url('BASE-12345')\n    'https://beckon.atlassian.net/browse/BASE-12345'\n    \"\"\"\n",
  "slicing": "def build_browse_url(name: str) -> str:\n"
 },
 "44": {
  "name": "name",
  "type": "str",
  "class": "build-in",
  "approach": "annotation",
  "file_path": "beckonjira/src/beckonjira/text.py",
  "lineno": "60",
  "column": "15",
  "context": "rn f\"{PREFIX_BROWSE_URL}/{name}\"\n\n\ndef clean_text(name: str) -> str:\n    \"\"\"Remove all special characters and replace a",
  "context_lines": "    >>> build_browse_url('BASE-12345')\n    'https://beckon.atlassian.net/browse/BASE-12345'\n    \"\"\"\n    return f\"{PREFIX_BROWSE_URL}/{name}\"\n\n\ndef clean_text(name: str) -> str:\n    \"\"\"Remove all special characters and replace any space by hypen.\n    So, it should create a sort of URL friendly name\n\n    >>> clean_text(\"Large Text\")\n    'large-text'\n\n",
  "slicing": [
   "def clean_text(name: str) -> str:\n",
   "    return name\n"
  ]
 },
 "45": {
  "name": "ticket_info",
  "type": "JiraTicket",
  "class": "customized",
  "approach": "annotation",
  "file_path": "beckonjira/src/beckonjira/text.py",
  "lineno": "76",
  "column": "22",
  "context": "-\", name)\n    return name\n\n\ndef build_branch_name(ticket_info: JiraTicket) -> str:\n    \"\"\"Given `ticket_info`, returns a full prospec",
  "context_lines": "    name = name.lower()\n    name = re.sub(\"[^A-Za-z0-9 ]+\", \"\", name)\n    name = re.sub(r\"\\s+\", \"-\", name)\n    return name\n\n\ndef build_branch_name(ticket_info: JiraTicket) -> str:\n    \"\"\"Given `ticket_info`, returns a full prospective branch name\n\n    >>> issue_type = JiraIssueType(name=\"Bug\",     \\\n                                   avatarId='',    \\\n                                   description='', \\\n",
  "slicing": "def build_branch_name(ticket_info: JiraTicket) -> str:\n"
 },
 "46": {
  "name": "ticket_name",
  "type": "str",
  "class": "build-in",
  "approach": "annotation",
  "file_path": "beckonjira/src/beckonjira/__init__.py",
  "lineno": "9",
  "column": "8",
  "context": "info\n\nfrom .cliparser import get_parser\n\n\ndef run(ticket_name: str, _open=False) -> None:\n    ticketname = normalize_ticket(ticket_name)\n\n  ",
  "context_lines": "import sys\nfrom .text import normalize_ticket, build_browse_url, build_branch_name\nfrom .jira import get_ticket_info\n\nfrom .cliparser import get_parser\n\n\ndef run(ticket_name: str, _open=False) -> None:\n    ticketname = normalize_ticket(ticket_name)\n\n    if _open:\n        # open\n        browse_url = build_browse_url(ticketname)\n",
  "slicing": [
   "def run(ticket_name: str, _open=False) -> None:\n",
   "    ticketname = normalize_ticket(ticket_name)\n",
   "        browse_url = build_browse_url(ticketname)\n",
   "        call([\"open\", browse_url])\n",
   "    ticket_info = get_ticket_info(ticketname)\n",
   "    branch_name = build_branch_name(ticket_info)\n",
   "    print(branch_name)\n"
  ]
 },
 "47": {
  "name": "_open",
  "type": "UNKNOWN",
  "class": "unknown",
  "approach": "Pysonar2",
  "file_path": "beckonjira/src/beckonjira/__init__.py",
  "lineno": "9",
  "column": "26",
  "context": "ser import get_parser\n\n\ndef run(ticket_name: str, _open=False) -> None:\n    ticketname = normalize_ticket(ticket_name)\n\n  ",
  "context_lines": "import sys\nfrom .text import normalize_ticket, build_browse_url, build_branch_name\nfrom .jira import get_ticket_info\n\nfrom .cliparser import get_parser\n\n\ndef run(ticket_name: str, _open=False) -> None:\n    ticketname = normalize_ticket(ticket_name)\n\n    if _open:\n        # open\n        browse_url = build_browse_url(ticketname)\n",
  "slicing": [
   "def run(ticket_name: str, _open=False) -> None:\n",
   "    if _open:\n"
  ]
 }
}