{
 "1": {
  "name": "PROJECT_ROOT",
  "type": "str",
  "class": "build-in",
  "approach": "Pysonar2",
  "file_path": "big_smoke/src/python/setup.py",
  "lineno": "6",
  "column": "0",
  "context": "v python\nimport os\n\nfrom setuptools import setup\n\nPROJECT_ROOT, _ = os.path.split(__file__)\nREVISION = \"0.0.0\"\nPROJECT_NAME = \"Big Smoke web-s",
  "context_lines": "#! /usr/bin/env python\nimport os\n\nfrom setuptools import setup\n\nPROJECT_ROOT, _ = os.path.split(__file__)\nREVISION = \"0.0.0\"\nPROJECT_NAME = \"Big Smoke web-site compiler\"\nPROJECT_AUTHORS = \"Salim Fadhley\"\nPROJECT_EMAILS = \"salimfadhley@gmail.com\"\n",
  "slicing": [
   "PROJECT_ROOT, _ = os.path.split(__file__)\n",
   "    DESCRIPTION = open(os.path.join(PROJECT_ROOT, \"readme.md\")).read()\n",
   "    long_description=DESCRIPTION,\n"
  ]
 },
 "2": {
  "name": "_",
  "type": "str",
  "class": "build-in",
  "approach": "Pysonar2",
  "file_path": "big_smoke/src/python/setup.py",
  "lineno": "6",
  "column": "14",
  "context": "t os\n\nfrom setuptools import setup\n\nPROJECT_ROOT, _ = os.path.split(__file__)\nREVISION = \"0.0.0\"\nPROJECT_NAME = \"Big Smoke web-s",
  "context_lines": "#! /usr/bin/env python\nimport os\n\nfrom setuptools import setup\n\nPROJECT_ROOT, _ = os.path.split(__file__)\nREVISION = \"0.0.0\"\nPROJECT_NAME = \"Big Smoke web-site compiler\"\nPROJECT_AUTHORS = \"Salim Fadhley\"\nPROJECT_EMAILS = \"salimfadhley@gmail.com\"\n",
  "slicing": "PROJECT_ROOT, _ = os.path.split(__file__)\n"
 },
 "3": {
  "name": "REVISION",
  "type": "str",
  "class": "build-in",
  "approach": "Pysonar2",
  "file_path": "big_smoke/src/python/setup.py",
  "lineno": "7",
  "column": "0",
  "context": " setup\n\nPROJECT_ROOT, _ = os.path.split(__file__)\nREVISION = \"0.0.0\"\nPROJECT_NAME = \"Big Smoke web-site compiler\"\nPROJE",
  "context_lines": "#! /usr/bin/env python\nimport os\n\nfrom setuptools import setup\n\nPROJECT_ROOT, _ = os.path.split(__file__)\nREVISION = \"0.0.0\"\nPROJECT_NAME = \"Big Smoke web-site compiler\"\nPROJECT_AUTHORS = \"Salim Fadhley\"\nPROJECT_EMAILS = \"salimfadhley@gmail.com\"\nPROJECT_URL = \"https://github.com/salimfadhley/python_hello_world_server\"\n",
  "slicing": [
   "REVISION = \"0.0.0\"\n",
   "    version=REVISION,\n"
  ]
 },
 "4": {
  "name": "PROJECT_NAME",
  "type": "str",
  "class": "build-in",
  "approach": "Pysonar2",
  "file_path": "big_smoke/src/python/setup.py",
  "lineno": "8",
  "column": "0",
  "context": "T, _ = os.path.split(__file__)\nREVISION = \"0.0.0\"\nPROJECT_NAME = \"Big Smoke web-site compiler\"\nPROJECT_AUTHORS = \"Salim Fadhley\"\nPROJECT_EMAILS =",
  "context_lines": "import os\n\nfrom setuptools import setup\n\nPROJECT_ROOT, _ = os.path.split(__file__)\nREVISION = \"0.0.0\"\nPROJECT_NAME = \"Big Smoke web-site compiler\"\nPROJECT_AUTHORS = \"Salim Fadhley\"\nPROJECT_EMAILS = \"salimfadhley@gmail.com\"\nPROJECT_URL = \"https://github.com/salimfadhley/python_hello_world_server\"\nSHORT_DESCRIPTION = \"Demonstration\"\n\n",
  "slicing": [
   "PROJECT_NAME = \"Big Smoke web-site compiler\"\n",
   "    name=PROJECT_NAME.lower(),\n"
  ]
 },
 "5": {
  "name": "PROJECT_AUTHORS",
  "type": "str",
  "class": "build-in",
  "approach": "Pysonar2",
  "file_path": "big_smoke/src/python/setup.py",
  "lineno": "9",
  "column": "0",
  "context": "0.0\"\nPROJECT_NAME = \"Big Smoke web-site compiler\"\nPROJECT_AUTHORS = \"Salim Fadhley\"\nPROJECT_EMAILS = \"salimfadhley@gmail.com\"\nPROJECT_",
  "context_lines": "from setuptools import setup\n\nPROJECT_ROOT, _ = os.path.split(__file__)\nREVISION = \"0.0.0\"\nPROJECT_NAME = \"Big Smoke web-site compiler\"\nPROJECT_AUTHORS = \"Salim Fadhley\"\nPROJECT_EMAILS = \"salimfadhley@gmail.com\"\nPROJECT_URL = \"https://github.com/salimfadhley/python_hello_world_server\"\nSHORT_DESCRIPTION = \"Demonstration\"\n\ntry:\n",
  "slicing": [
   "PROJECT_AUTHORS = \"Salim Fadhley\"\n",
   "    author=PROJECT_AUTHORS,\n"
  ]
 },
 "6": {
  "name": "PROJECT_EMAILS",
  "type": "str",
  "class": "build-in",
  "approach": "Pysonar2",
  "file_path": "big_smoke/src/python/setup.py",
  "lineno": "10",
  "column": "0",
  "context": "-site compiler\"\nPROJECT_AUTHORS = \"Salim Fadhley\"\nPROJECT_EMAILS = \"salimfadhley@gmail.com\"\nPROJECT_URL = \"https://github.com/salimfadhley/pyt",
  "context_lines": "PROJECT_ROOT, _ = os.path.split(__file__)\nREVISION = \"0.0.0\"\nPROJECT_NAME = \"Big Smoke web-site compiler\"\nPROJECT_AUTHORS = \"Salim Fadhley\"\nPROJECT_EMAILS = \"salimfadhley@gmail.com\"\nPROJECT_URL = \"https://github.com/salimfadhley/python_hello_world_server\"\nSHORT_DESCRIPTION = \"Demonstration\"\n\ntry:\n    DESCRIPTION = open(os.path.join(PROJECT_ROOT, \"readme.md\")).read()\n",
  "slicing": [
   "PROJECT_EMAILS = \"salimfadhley@gmail.com\"\n",
   "    author_email=PROJECT_EMAILS,\n"
  ]
 },
 "7": {
  "name": "PROJECT_URL",
  "type": "str",
  "class": "build-in",
  "approach": "Pysonar2",
  "file_path": "big_smoke/src/python/setup.py",
  "lineno": "11",
  "column": "0",
  "context": "adhley\"\nPROJECT_EMAILS = \"salimfadhley@gmail.com\"\nPROJECT_URL = \"https://github.com/salimfadhley/python_hello_world_server\"\nSHORT_DESCRIPTION = \"Demonstration\"\n\ntry:\n    DESC",
  "context_lines": "REVISION = \"0.0.0\"\nPROJECT_NAME = \"Big Smoke web-site compiler\"\nPROJECT_AUTHORS = \"Salim Fadhley\"\nPROJECT_EMAILS = \"salimfadhley@gmail.com\"\nPROJECT_URL = \"https://github.com/salimfadhley/python_hello_world_server\"\nSHORT_DESCRIPTION = \"Demonstration\"\n\ntry:\n    DESCRIPTION = open(os.path.join(PROJECT_ROOT, \"readme.md\")).read()\nexcept IOError:\n",
  "slicing": [
   "PROJECT_URL = \"https://github.com/salimfadhley/python_hello_world_server\"\n",
   "    url=PROJECT_URL,\n"
  ]
 },
 "8": {
  "name": "SHORT_DESCRIPTION",
  "type": "str",
  "class": "build-in",
  "approach": "Pysonar2",
  "file_path": "big_smoke/src/python/setup.py",
  "lineno": "12",
  "column": "0",
  "context": "ithub.com/salimfadhley/python_hello_world_server\"\nSHORT_DESCRIPTION = \"Demonstration\"\n\ntry:\n    DESCRIPTION = open(os.path.join(PROJECT_",
  "context_lines": "PROJECT_NAME = \"Big Smoke web-site compiler\"\nPROJECT_AUTHORS = \"Salim Fadhley\"\nPROJECT_EMAILS = \"salimfadhley@gmail.com\"\nPROJECT_URL = \"https://github.com/salimfadhley/python_hello_world_server\"\nSHORT_DESCRIPTION = \"Demonstration\"\n\ntry:\n    DESCRIPTION = open(os.path.join(PROJECT_ROOT, \"readme.md\")).read()\nexcept IOError:\n",
  "slicing": [
   "SHORT_DESCRIPTION = \"Demonstration\"\n",
   "    DESCRIPTION = SHORT_DESCRIPTION\n",
   "    description=SHORT_DESCRIPTION,\n",
   "    long_description=DESCRIPTION,\n"
  ]
 },
 "9": {
  "name": "DESCRIPTION",
  "type": "str",
  "class": "build-in",
  "approach": "Pysonar2",
  "file_path": "big_smoke/src/python/setup.py",
  "lineno": "15",
  "column": "4",
  "context": "er\"\nSHORT_DESCRIPTION = \"Demonstration\"\n\ntry:\n    DESCRIPTION = open(os.path.join(PROJECT_ROOT, \"readme.md\")).read()\nexcept IOError:\n    DESCRIPTION = SHORT_DESCRIPTIO",
  "context_lines": "PROJECT_EMAILS = \"salimfadhley@gmail.com\"\nPROJECT_URL = \"https://github.com/salimfadhley/python_hello_world_server\"\nSHORT_DESCRIPTION = \"Demonstration\"\n\ntry:\n    DESCRIPTION = open(os.path.join(PROJECT_ROOT, \"readme.md\")).read()\nexcept IOError:\n    DESCRIPTION = SHORT_DESCRIPTION\n\ntry:\n    REQUIREMENTS = list(open(\"requirements.txt\").read().splitlines())\n",
  "slicing": [
   "    DESCRIPTION = open(os.path.join(PROJECT_ROOT, \"readme.md\")).read()\n",
   "    long_description=DESCRIPTION,\n"
  ]
 },
 "10": {
  "name": "DESCRIPTION",
  "type": "UNKNOWN",
  "class": "unknown",
  "approach": "annotation",
  "file_path": "big_smoke/src/python/setup.py",
  "lineno": "17",
  "column": "4",
  "context": "CT_ROOT, \"readme.md\")).read()\nexcept IOError:\n    DESCRIPTION = SHORT_DESCRIPTION\n\ntry:\n    REQUIREMENTS = list(open(\"requirements.t",
  "context_lines": "SHORT_DESCRIPTION = \"Demonstration\"\n\ntry:\n    DESCRIPTION = open(os.path.join(PROJECT_ROOT, \"readme.md\")).read()\nexcept IOError:\n    DESCRIPTION = SHORT_DESCRIPTION\n\ntry:\n    REQUIREMENTS = list(open(\"requirements.txt\").read().splitlines())\nexcept IOError:\n",
  "slicing": [
   "    DESCRIPTION = SHORT_DESCRIPTION\n",
   "    long_description=DESCRIPTION,\n"
  ]
 },
 "11": {
  "name": "REQUIREMENTS",
  "type": "list",
  "class": "build-in",
  "approach": "annotation",
  "file_path": "big_smoke/src/python/setup.py",
  "lineno": "20",
  "column": "4",
  "context": "or:\n    DESCRIPTION = SHORT_DESCRIPTION\n\ntry:\n    REQUIREMENTS = list(open(\"requirements.txt\").read().splitlines())\nexcept IOError:\n    REQUIREMENTS = []\n\nsetup(\n    ",
  "context_lines": "    DESCRIPTION = open(os.path.join(PROJECT_ROOT, \"readme.md\")).read()\nexcept IOError:\n    DESCRIPTION = SHORT_DESCRIPTION\n\ntry:\n    REQUIREMENTS = list(open(\"requirements.txt\").read().splitlines())\nexcept IOError:\n    REQUIREMENTS = []\n\nsetup(\n    name=PROJECT_NAME.lower(),\n",
  "slicing": [
   "    REQUIREMENTS = list(open(\"requirements.txt\").read().splitlines())\n",
   "    install_requires=REQUIREMENTS,\n"
  ]
 },
 "12": {
  "name": "REQUIREMENTS",
  "type": "list",
  "class": "build-in",
  "approach": "annotation",
  "file_path": "big_smoke/src/python/setup.py",
  "lineno": "22",
  "column": "4",
  "context": "ts.txt\").read().splitlines())\nexcept IOError:\n    REQUIREMENTS = []\n\nsetup(\n    name=PROJECT_NAME.lower(),\n    version",
  "context_lines": "    DESCRIPTION = SHORT_DESCRIPTION\n\ntry:\n    REQUIREMENTS = list(open(\"requirements.txt\").read().splitlines())\nexcept IOError:\n    REQUIREMENTS = []\n\nsetup(\n    name=PROJECT_NAME.lower(),\n    version=REVISION,\n",
  "slicing": [
   "    REQUIREMENTS = []\n",
   "    install_requires=REQUIREMENTS,\n"
  ]
 },
 "13": {
  "name": "template",
  "type": "UNKNOWN",
  "class": "unknown",
  "approach": "Pysonar2",
  "file_path": "big_smoke/src/python/main/bigsmoke/compile.py",
  "lineno": "8",
  "column": "4",
  "context": "\n\n\ndef main(output_filename=\"listings.html\"):\n    template: jinja2.Template = get_template(\"listings.html\")\n    model: Model = get_model()\n    with open(outpu",
  "context_lines": "from bigsmoke.data.main import get_model\nfrom bigsmoke.model.model import Model\nfrom bigsmoke.templates import get_template\n\n\ndef main(output_filename=\"listings.html\"):\n    template: jinja2.Template = get_template(\"listings.html\")\n    model: Model = get_model()\n    with open(output_filename, \"w\") as output_file:\n        output_file.write(template.render(m=model))\n\n\nif __name__ == \"__main__\":\n",
  "slicing": [
   "    template: jinja2.Template = get_template(\"listings.html\")\n",
   "        output_file.write(template.render(m=model))\n"
  ]
 },
 "14": {
  "name": "model",
  "type": "bigsmoke.model.model.Model",
  "class": "customized",
  "approach": "annotation",
  "file_path": "big_smoke/src/python/main/bigsmoke/compile.py",
  "lineno": "9",
  "column": "4",
  "context": "nja2.Template = get_template(\"listings.html\")\n    model: Model = get_model()\n    with open(output_filename, \"w\") as output_file",
  "context_lines": "from bigsmoke.model.model import Model\nfrom bigsmoke.templates import get_template\n\n\ndef main(output_filename=\"listings.html\"):\n    template: jinja2.Template = get_template(\"listings.html\")\n    model: Model = get_model()\n    with open(output_filename, \"w\") as output_file:\n        output_file.write(template.render(m=model))\n\n\nif __name__ == \"__main__\":\n",
  "slicing": [
   "    model: Model = get_model()\n",
   "        output_file.write(template.render(m=model))\n"
  ]
 },
 "15": {
  "name": "template_str",
  "type": "str",
  "class": "build-in",
  "approach": "annotation",
  "file_path": "big_smoke/src/python/main/bigsmoke/templates/__init__.py",
  "lineno": "8",
  "column": "4",
  "context": " = __import__('bigsmoke.templates').templates\n    template_str: str = resource_string(\"bigsmoke.templates\", file_name).decode(\"UTF-8\")\n    return jinja2.Template(template_str)\n",
  "context_lines": "from pkg_resources import resource_stream, resource_string\n\nimport jinja2\n\n\ndef get_template(file_name: str) -> jinja2.Template:\n    # this_module = __import__('bigsmoke.templates').templates\n    template_str: str = resource_string(\"bigsmoke.templates\", file_name).decode(\"UTF-8\")\n",
  "slicing": [
   "    template_str: str = resource_string(\"bigsmoke.templates\", file_name).decode(\"UTF-8\")\n",
   "    return jinja2.Template(template_str)\n"
  ]
 },
 "16": {
  "name": "series",
  "type": "bigsmoke.model.series.Series",
  "class": "customized",
  "approach": "annotation",
  "file_path": "big_smoke/src/python/main/bigsmoke/model/model.py",
  "lineno": "10",
  "column": "4",
  "context": "ort Series\n\n\n@dataclass\nclass SeriesAndEvent:\n    series: Series\n    event: Event\n\n\n@dataclass\nclass Model:\n    ser",
  "context_lines": "from bigsmoke.model.event import Event\nfrom bigsmoke.model.series import Series\n\n\n@dataclass\nclass SeriesAndEvent:\n    series: Series\n    event: Event\n\n\n@dataclass\nclass Model:\n    serieses: List[SeriesAndEvent] = field(default_factory=list)\n\n",
  "slicing": "    series: Series\n"
 },
 "17": {
  "name": "event",
  "type": "bigsmoke.model.event.Event",
  "class": "customized",
  "approach": "annotation",
  "file_path": "big_smoke/src/python/main/bigsmoke/model/model.py",
  "lineno": "11",
  "column": "4",
  "context": "lass\nclass SeriesAndEvent:\n    series: Series\n    event: Event\n\n\n@dataclass\nclass Model:\n    serieses: List[Serie",
  "context_lines": "from bigsmoke.model.series import Series\n\n\n@dataclass\nclass SeriesAndEvent:\n    series: Series\n    event: Event\n\n\n@dataclass\nclass Model:\n    serieses: List[SeriesAndEvent] = field(default_factory=list)\n\n",
  "slicing": "    event: Event\n"
 },
 "18": {
  "name": "serieses",
  "type": "dict",
  "class": "build-in",
  "approach": "annotation",
  "file_path": "big_smoke/src/python/main/bigsmoke/model/model.py",
  "lineno": "16",
  "column": "4",
  "context": "es\n    event: Event\n\n\n@dataclass\nclass Model:\n    serieses: List[SeriesAndEvent] = field(default_factory=list)\n\n    def all_events(self) -> List[SeriesAndEvent]:",
  "context_lines": "    series: Series\n    event: Event\n\n\n@dataclass\nclass Model:\n    serieses: List[SeriesAndEvent] = field(default_factory=list)\n\n    def all_events(self) -> List[SeriesAndEvent]:\n        events: List[SeriesAndEvent] = []\n        for ss in self.serieses:\n",
  "slicing": "    serieses: List[SeriesAndEvent] = field(default_factory=list)\n"
 },
 "19": {
  "name": "events",
  "type": "dict",
  "class": "build-in",
  "approach": "annotation",
  "file_path": "big_smoke/src/python/main/bigsmoke/model/model.py",
  "lineno": "19",
  "column": "8",
  "context": "all_events(self) -> List[SeriesAndEvent]:\n        events: List[SeriesAndEvent] = []\n        for ss in self.serieses:\n            for e",
  "context_lines": "@dataclass\nclass Model:\n    serieses: List[SeriesAndEvent] = field(default_factory=list)\n\n    def all_events(self) -> List[SeriesAndEvent]:\n        events: List[SeriesAndEvent] = []\n        for ss in self.serieses:\n            for ee in ss.events:\n                events.append(SeriesAndEvent(series=ss, event=ee))\n\n",
  "slicing": [
   "        events: List[SeriesAndEvent] = []\n",
   "                events.append(SeriesAndEvent(series=ss, event=ee))\n",
   "        return sorted(events, key=lambda e: e.event.date)\n"
  ]
 },
 "20": {
  "name": "name",
  "type": "str",
  "class": "build-in",
  "approach": "annotation",
  "file_path": "big_smoke/src/python/main/bigsmoke/model/act.py",
  "lineno": "7",
  "column": "4",
  "context": "yping import Optional\n\n\n@dataclass\nclass Act:\n    name: str\n    alias: Optional[str] = None\n\n    def performin",
  "context_lines": "from dataclasses import dataclass\nfrom typing import Optional\n\n\n@dataclass\nclass Act:\n    name: str\n    alias: Optional[str] = None\n\n    def performing_as(self, alias: str) -> \"Act\":\n",
  "slicing": "    name: str\n"
 },
 "21": {
  "name": "alias",
  "type": "dict",
  "class": "build-in",
  "approach": "annotation",
  "file_path": "big_smoke/src/python/main/bigsmoke/model/act.py",
  "lineno": "8",
  "column": "4",
  "context": "ptional\n\n\n@dataclass\nclass Act:\n    name: str\n    alias: Optional[str] = None\n\n    def performing_as(self, alias: str) -> \"Act\":",
  "context_lines": "from typing import Optional\n\n\n@dataclass\nclass Act:\n    name: str\n    alias: Optional[str] = None\n\n    def performing_as(self, alias: str) -> \"Act\":\n",
  "slicing": [
   "    alias: Optional[str] = None\n",
   "        return Act(name=self.name, alias=alias)\n"
  ]
 },
 "22": {
  "name": "name",
  "type": "str",
  "class": "build-in",
  "approach": "annotation",
  "file_path": "big_smoke/src/python/main/bigsmoke/model/series.py",
  "lineno": "11",
  "column": "4",
  "context": "on import Location\n\n\n@dataclass\nclass Series:\n    name: str\n    location: Location\n    about: str\n    start_ti",
  "context_lines": "from bigsmoke.model.event import Event\nfrom bigsmoke.model.location import Location\n\n\n@dataclass\nclass Series:\n    name: str\n    location: Location\n    about: str\n    start_time: datetime.time = datetime.time(8, 0)\n    price: str = \"Free\"\n",
  "slicing": "    name: str\n"
 },
 "23": {
  "name": "location",
  "type": "bigsmoke.model.location.Location",
  "class": "customized",
  "approach": "annotation",
  "file_path": "big_smoke/src/python/main/bigsmoke/model/series.py",
  "lineno": "12",
  "column": "4",
  "context": "tion\n\n\n@dataclass\nclass Series:\n    name: str\n    location: Location\n    about: str\n    start_time: datetime.time = dat",
  "context_lines": "from bigsmoke.model.location import Location\n\n\n@dataclass\nclass Series:\n    name: str\n    location: Location\n    about: str\n    start_time: datetime.time = datetime.time(8, 0)\n    price: str = \"Free\"\n",
  "slicing": "    location: Location\n"
 },
 "24": {
  "name": "about",
  "type": "str",
  "class": "build-in",
  "approach": "annotation",
  "file_path": "big_smoke/src/python/main/bigsmoke/model/series.py",
  "lineno": "13",
  "column": "4",
  "context": " Series:\n    name: str\n    location: Location\n    about: str\n    start_time: datetime.time = datetime.time(8, 0",
  "context_lines": "@dataclass\nclass Series:\n    name: str\n    location: Location\n    about: str\n    start_time: datetime.time = datetime.time(8, 0)\n    price: str = \"Free\"\n",
  "slicing": "    about: str\n"
 },
 "25": {
  "name": "start_time",
  "type": "UNKNOWN",
  "class": "unknown",
  "approach": "Pysonar2",
  "file_path": "big_smoke/src/python/main/bigsmoke/model/series.py",
  "lineno": "14",
  "column": "4",
  "context": "me: str\n    location: Location\n    about: str\n    start_time: datetime.time = datetime.time(8, 0)\n    price: str = \"Free\"\n    events: List[Event] = ",
  "context_lines": "class Series:\n    name: str\n    location: Location\n    about: str\n    start_time: datetime.time = datetime.time(8, 0)\n    price: str = \"Free\"\n",
  "slicing": "    start_time: datetime.time = datetime.time(8, 0)\n"
 },
 "26": {
  "name": "price",
  "type": "str",
  "class": "build-in",
  "approach": "annotation",
  "file_path": "big_smoke/src/python/main/bigsmoke/model/series.py",
  "lineno": "15",
  "column": "4",
  "context": "art_time: datetime.time = datetime.time(8, 0)\n    price: str = \"Free\"\n    events: List[Event] = field(default_factory=li",
  "context_lines": "    name: str\n    location: Location\n    about: str\n    start_time: datetime.time = datetime.time(8, 0)\n    price: str = \"Free\"\n",
  "slicing": "    price: str = \"Free\"\n"
 },
 "27": {
  "name": "events",
  "type": "dict",
  "class": "build-in",
  "approach": "annotation",
  "file_path": "big_smoke/src/python/main/bigsmoke/model/series.py",
  "lineno": "16",
  "column": "4",
  "context": "= datetime.time(8, 0)\n    price: str = \"Free\"\n    events: List[Event] = field(default_factory=list)\n",
  "context_lines": "    location: Location\n    about: str\n    start_time: datetime.time = datetime.time(8, 0)\n    price: str = \"Free\"\n    events: List[Event] = field(default_factory=list)\n",
  "slicing": "    events: List[Event] = field(default_factory=list)\n"
 },
 "28": {
  "name": "name",
  "type": "str",
  "class": "build-in",
  "approach": "annotation",
  "file_path": "big_smoke/src/python/main/bigsmoke/model/location.py",
  "lineno": "6",
  "column": "4",
  "context": "import dataclass\n\n\n@dataclass\nclass Location:\n    name: str\n    address: str\n",
  "context_lines": "from dataclasses import dataclass\n\n\n@dataclass\nclass Location:\n    name: str\n",
  "slicing": "    name: str\n"
 },
 "29": {
  "name": "address",
  "type": "str",
  "class": "build-in",
  "approach": "annotation",
  "file_path": "big_smoke/src/python/main/bigsmoke/model/location.py",
  "lineno": "7",
  "column": "4",
  "context": "ss\n\n\n@dataclass\nclass Location:\n    name: str\n    address: str\n",
  "context_lines": "from dataclasses import dataclass\n\n\n@dataclass\nclass Location:\n    name: str\n    address: str\n",
  "slicing": "    address: str\n"
 },
 "30": {
  "name": "date",
  "type": "UNKNOWN",
  "class": "unknown",
  "approach": "Pysonar2",
  "file_path": "big_smoke/src/python/main/bigsmoke/model/event.py",
  "lineno": "12",
  "column": "4",
  "context": "odel.act import Act\n\n\n@dataclass\nclass Event:\n    date: datetime.date\n    mc: Act\n    acts: List[Act] = field(default_fa",
  "context_lines": "from attr import dataclass\n\nfrom bigsmoke.model.act import Act\n\n\n@dataclass\nclass Event:\n    date: datetime.date\n    mc: Act\n    acts: List[Act] = field(default_factory=list)\n\n    def num_acts(self) -> int:\n",
  "slicing": "    date: datetime.date\n"
 },
 "31": {
  "name": "mc",
  "type": "bigsmoke.model.act.Act",
  "class": "customized",
  "approach": "annotation",
  "file_path": "big_smoke/src/python/main/bigsmoke/model/event.py",
  "lineno": "13",
  "column": "4",
  "context": "ataclass\nclass Event:\n    date: datetime.date\n    mc: Act\n    acts: List[Act] = field(default_factory=list)\n",
  "context_lines": "from bigsmoke.model.act import Act\n\n\n@dataclass\nclass Event:\n    date: datetime.date\n    mc: Act\n    acts: List[Act] = field(default_factory=list)\n\n    def num_acts(self) -> int:\n",
  "slicing": "    mc: Act\n"
 },
 "32": {
  "name": "acts",
  "type": "dict",
  "class": "build-in",
  "approach": "annotation",
  "file_path": "big_smoke/src/python/main/bigsmoke/model/event.py",
  "lineno": "14",
  "column": "4",
  "context": "ss Event:\n    date: datetime.date\n    mc: Act\n    acts: List[Act] = field(default_factory=list)\n\n    def num_acts(self) -> int:\n        return len",
  "context_lines": "@dataclass\nclass Event:\n    date: datetime.date\n    mc: Act\n    acts: List[Act] = field(default_factory=list)\n\n    def num_acts(self) -> int:\n",
  "slicing": "    acts: List[Act] = field(default_factory=list)\n"
 },
 "33": {
  "name": "TODAY",
  "type": "UNKNOWN",
  "class": "unknown",
  "approach": "Pysonar2",
  "file_path": "big_smoke/src/python/main/bigsmoke/data/main.py",
  "lineno": "11",
  "column": "0",
  "context": "t Model\nfrom bigsmoke.model.series import Series\n\nTODAY: datetime.date = datetime.date.today()\n\n\ndef filter_events(events: List[Event], the_date:",
  "context_lines": "from bigsmoke.model.event import Event\nfrom bigsmoke.model.location import Location\nfrom bigsmoke.model.model import Model\nfrom bigsmoke.model.series import Series\n\nTODAY: datetime.date = datetime.date.today()\n\n\ndef filter_events(events: List[Event], the_date: datetime.date) -> List[Event]:\n    return [e for e in events if e.date > the_date]\n\n\nthe_nell_of_old_drury = Location(\n",
  "slicing": [
   "TODAY: datetime.date = datetime.date.today()\n",
   "    events=filter_events(events=BIG_SMOKE_EVENTS, the_date=TODAY),\n",
   "    events=filter_events(events=BIG_SMOKE_ALL_STARS_EVENTS, the_date=TODAY),\n"
  ]
 },
 "34": {
  "name": "the_nell_of_old_drury",
  "type": "bigsmoke.model.location.Location",
  "class": "customized",
  "approach": "annotation",
  "file_path": "big_smoke/src/python/main/bigsmoke/data/main.py",
  "lineno": "18",
  "column": "0",
  "context": "return [e for e in events if e.date > the_date]\n\n\nthe_nell_of_old_drury = Location(\n    name=\"Nell of Old Drury\", address=\"29 Catherin",
  "context_lines": "from bigsmoke.model.series import Series\n\nTODAY: datetime.date = datetime.date.today()\n\n\ndef filter_events(events: List[Event], the_date: datetime.date) -> List[Event]:\n    return [e for e in events if e.date > the_date]\n\n\nthe_nell_of_old_drury = Location(\n    name=\"Nell of Old Drury\", address=\"29 Catherine Street, London WC2B 5JS\"\n)\n\nbig_smoke: Series = Series(\n    name=\"Big Smoke\",\n",
  "slicing": [
   "the_nell_of_old_drury = Location(\n",
   "    location=the_nell_of_old_drury,\n",
   "    location=the_nell_of_old_drury,\n"
  ]
 },
 "35": {
  "name": "big_smoke",
  "type": "bigsmoke.model.series.Series",
  "class": "customized",
  "approach": "annotation",
  "file_path": "big_smoke/src/python/main/bigsmoke/data/main.py",
  "lineno": "22",
  "column": "0",
  "context": "address=\"29 Catherine Street, London WC2B 5JS\"\n)\n\nbig_smoke: Series = Series(\n    name=\"Big Smoke\",\n    location=the_nell_of_old",
  "context_lines": "    return [e for e in events if e.date > the_date]\n\n\nthe_nell_of_old_drury = Location(\n    name=\"Nell of Old Drury\", address=\"29 Catherine Street, London WC2B 5JS\"\n)\n\nbig_smoke: Series = Series(\n    name=\"Big Smoke\",\n    location=the_nell_of_old_drury,\n    about=\"Our weekly stand-up and improvised comedy show.\",\n    events=filter_events(events=BIG_SMOKE_EVENTS, the_date=TODAY),\n",
  "slicing": [
   "big_smoke: Series = Series(\n",
   "    return Model(serieses=[big_smoke, big_smoke_all_stars])\n"
  ]
 },
 "36": {
  "name": "big_smoke_all_stars",
  "type": "bigsmoke.model.series.Series",
  "class": "customized",
  "approach": "annotation",
  "file_path": "big_smoke/src/python/main/bigsmoke/data/main.py",
  "lineno": "30",
  "column": "0",
  "context": "nts(events=BIG_SMOKE_EVENTS, the_date=TODAY),\n)\n\n\nbig_smoke_all_stars = Series(\n    name=\"Big Smoke All Stars\",\n    location=the_n",
  "context_lines": "    location=the_nell_of_old_drury,\n    about=\"Our weekly stand-up and improvised comedy show.\",\n    events=filter_events(events=BIG_SMOKE_EVENTS, the_date=TODAY),\n)\n\n\nbig_smoke_all_stars = Series(\n    name=\"Big Smoke All Stars\",\n    location=the_nell_of_old_drury,\n    about=\"The best acts from Big Smoke return to the stage once per month.\",\n    events=filter_events(events=BIG_SMOKE_ALL_STARS_EVENTS, the_date=TODAY),\n",
  "slicing": [
   "big_smoke_all_stars = Series(\n",
   "    return Model(serieses=[big_smoke, big_smoke_all_stars])\n"
  ]
 },
 "37": {
  "name": "BIG_SMOKE_EVENTS",
  "type": "list",
  "class": "build-in",
  "approach": "annotation",
  "file_path": "big_smoke/src/python/main/bigsmoke/data/big_smoke.py",
  "lineno": "13",
  "column": "0",
  "context": " Event(date=date, acts=acts, mc=a.BROOKE_HOERR)\n\n\nBIG_SMOKE_EVENTS = [\n    bs(\n        date=datetime.date(2019, 5, 2),\n  ",
  "context_lines": "from bigsmoke.model.act import Act\nfrom bigsmoke.model.event import Event\n\n\ndef bs(date: datetime.date, acts: List[Act]) -> Event:\n    return Event(date=date, acts=acts, mc=a.BROOKE_HOERR)\n\n\nBIG_SMOKE_EVENTS = [\n    bs(\n        date=datetime.date(2019, 5, 2),\n        acts=[\n            a.JAMES_MEAKIN,\n",
  "slicing": "BIG_SMOKE_EVENTS = [\n"
 },
 "38": {
  "name": "BIG_SMOKE_ALL_STARS_EVENTS",
  "type": "list",
  "class": "build-in",
  "approach": "annotation",
  "file_path": "big_smoke/src/python/main/bigsmoke/data/big_smoke_all_stars.py",
  "lineno": "13",
  "column": "0",
  "context": "n Event(date=date, acts=acts, mc=a.MARC_SALMON)\n\n\nBIG_SMOKE_ALL_STARS_EVENTS = [\n    bs(\n        date=datetime.date(2019, 5, 13),\n ",
  "context_lines": "from bigsmoke.model.act import Act\nfrom bigsmoke.model.event import Event\n\n\ndef bs(date: datetime.date, acts: List[Act]) -> Event:\n    return Event(date=date, acts=acts, mc=a.MARC_SALMON)\n\n\nBIG_SMOKE_ALL_STARS_EVENTS = [\n    bs(\n        date=datetime.date(2019, 5, 13),\n        acts=[\n            a.NAZ_OSMANOGLU,\n",
  "slicing": "BIG_SMOKE_ALL_STARS_EVENTS = [\n"
 },
 "39": {
  "name": "JAMES_MEAKIN",
  "type": "bigsmoke.model.act.Act",
  "class": "customized",
  "approach": "annotation",
  "file_path": "big_smoke/src/python/main/bigsmoke/data/acts.py",
  "lineno": "3",
  "column": "0",
  "context": "from bigsmoke.model.act import Act\n\nJAMES_MEAKIN = Act(name=\"James Meakin\")\n\nCURRER_BALL = Act(name=\"Currer Ball\")\n\nJENAN_YOUN",
  "context_lines": "from bigsmoke.model.act import Act\n\nJAMES_MEAKIN = Act(name=\"James Meakin\")\n\nCURRER_BALL = Act(name=\"Currer Ball\")\n\nJENAN_YOUNIS = Act(name=\"Jenan Younis\")\n\nROBBIE_FOX = Act(name=\"Robbie Fox\")\n\n",
  "slicing": "JAMES_MEAKIN = Act(name=\"James Meakin\")\n"
 },
 "40": {
  "name": "CURRER_BALL",
  "type": "bigsmoke.model.act.Act",
  "class": "customized",
  "approach": "annotation",
  "file_path": "big_smoke/src/python/main/bigsmoke/data/acts.py",
  "lineno": "5",
  "column": "0",
  "context": "ort Act\n\nJAMES_MEAKIN = Act(name=\"James Meakin\")\n\nCURRER_BALL = Act(name=\"Currer Ball\")\n\nJENAN_YOUNIS = Act(name=\"Jenan Younis\")\n\nROBBIE_F",
  "context_lines": "from bigsmoke.model.act import Act\n\nJAMES_MEAKIN = Act(name=\"James Meakin\")\n\nCURRER_BALL = Act(name=\"Currer Ball\")\n\nJENAN_YOUNIS = Act(name=\"Jenan Younis\")\n\nROBBIE_FOX = Act(name=\"Robbie Fox\")\n\nALISHA_MAY = Act(name=\"Alisha May\")\n\n",
  "slicing": "CURRER_BALL = Act(name=\"Currer Ball\")\n"
 },
 "41": {
  "name": "JENAN_YOUNIS",
  "type": "bigsmoke.model.act.Act",
  "class": "customized",
  "approach": "annotation",
  "file_path": "big_smoke/src/python/main/bigsmoke/data/acts.py",
  "lineno": "7",
  "column": "0",
  "context": " Meakin\")\n\nCURRER_BALL = Act(name=\"Currer Ball\")\n\nJENAN_YOUNIS = Act(name=\"Jenan Younis\")\n\nROBBIE_FOX = Act(name=\"Robbie Fox\")\n\nALISHA_MAY =",
  "context_lines": "from bigsmoke.model.act import Act\n\nJAMES_MEAKIN = Act(name=\"James Meakin\")\n\nCURRER_BALL = Act(name=\"Currer Ball\")\n\nJENAN_YOUNIS = Act(name=\"Jenan Younis\")\n\nROBBIE_FOX = Act(name=\"Robbie Fox\")\n\nALISHA_MAY = Act(name=\"Alisha May\")\n\nLAURA_SMYTH = Act(name=\"Laura Smyth\")\n\n",
  "slicing": "JENAN_YOUNIS = Act(name=\"Jenan Younis\")\n"
 },
 "42": {
  "name": "ROBBIE_FOX",
  "type": "bigsmoke.model.act.Act",
  "class": "customized",
  "approach": "annotation",
  "file_path": "big_smoke/src/python/main/bigsmoke/data/acts.py",
  "lineno": "9",
  "column": "0",
  "context": " Ball\")\n\nJENAN_YOUNIS = Act(name=\"Jenan Younis\")\n\nROBBIE_FOX = Act(name=\"Robbie Fox\")\n\nALISHA_MAY = Act(name=\"Alisha May\")\n\nLAURA_SMYTH ",
  "context_lines": "from bigsmoke.model.act import Act\n\nJAMES_MEAKIN = Act(name=\"James Meakin\")\n\nCURRER_BALL = Act(name=\"Currer Ball\")\n\nJENAN_YOUNIS = Act(name=\"Jenan Younis\")\n\nROBBIE_FOX = Act(name=\"Robbie Fox\")\n\nALISHA_MAY = Act(name=\"Alisha May\")\n\nLAURA_SMYTH = Act(name=\"Laura Smyth\")\n\nEMMANUEL_PAUL = Act(name=\"Emmanuel Paul\")\n\n",
  "slicing": "ROBBIE_FOX = Act(name=\"Robbie Fox\")\n"
 },
 "43": {
  "name": "ALISHA_MAY",
  "type": "bigsmoke.model.act.Act",
  "class": "customized",
  "approach": "annotation",
  "file_path": "big_smoke/src/python/main/bigsmoke/data/acts.py",
  "lineno": "11",
  "column": "0",
  "context": "an Younis\")\n\nROBBIE_FOX = Act(name=\"Robbie Fox\")\n\nALISHA_MAY = Act(name=\"Alisha May\")\n\nLAURA_SMYTH = Act(name=\"Laura Smyth\")\n\nEMMANUEL_P",
  "context_lines": "JAMES_MEAKIN = Act(name=\"James Meakin\")\n\nCURRER_BALL = Act(name=\"Currer Ball\")\n\nJENAN_YOUNIS = Act(name=\"Jenan Younis\")\n\nROBBIE_FOX = Act(name=\"Robbie Fox\")\n\nALISHA_MAY = Act(name=\"Alisha May\")\n\nLAURA_SMYTH = Act(name=\"Laura Smyth\")\n\nEMMANUEL_PAUL = Act(name=\"Emmanuel Paul\")\n\nMARCEL_HAGAN = Act(name=\"Marcel Hagan\")\n\n",
  "slicing": "ALISHA_MAY = Act(name=\"Alisha May\")\n"
 },
 "44": {
  "name": "LAURA_SMYTH",
  "type": "bigsmoke.model.act.Act",
  "class": "customized",
  "approach": "annotation",
  "file_path": "big_smoke/src/python/main/bigsmoke/data/acts.py",
  "lineno": "13",
  "column": "0",
  "context": "obbie Fox\")\n\nALISHA_MAY = Act(name=\"Alisha May\")\n\nLAURA_SMYTH = Act(name=\"Laura Smyth\")\n\nEMMANUEL_PAUL = Act(name=\"Emmanuel Paul\")\n\nMARCEL",
  "context_lines": "CURRER_BALL = Act(name=\"Currer Ball\")\n\nJENAN_YOUNIS = Act(name=\"Jenan Younis\")\n\nROBBIE_FOX = Act(name=\"Robbie Fox\")\n\nALISHA_MAY = Act(name=\"Alisha May\")\n\nLAURA_SMYTH = Act(name=\"Laura Smyth\")\n\nEMMANUEL_PAUL = Act(name=\"Emmanuel Paul\")\n\nMARCEL_HAGAN = Act(name=\"Marcel Hagan\")\n\nNAZ_OSMANOGLU = Act(name=\"Naz Osmanoglu\")\n\n",
  "slicing": "LAURA_SMYTH = Act(name=\"Laura Smyth\")\n"
 },
 "45": {
  "name": "EMMANUEL_PAUL",
  "type": "bigsmoke.model.act.Act",
  "class": "customized",
  "approach": "annotation",
  "file_path": "big_smoke/src/python/main/bigsmoke/data/acts.py",
  "lineno": "15",
  "column": "0",
  "context": "sha May\")\n\nLAURA_SMYTH = Act(name=\"Laura Smyth\")\n\nEMMANUEL_PAUL = Act(name=\"Emmanuel Paul\")\n\nMARCEL_HAGAN = Act(name=\"Marcel Hagan\")\n\nNAZ_OSMA",
  "context_lines": "JENAN_YOUNIS = Act(name=\"Jenan Younis\")\n\nROBBIE_FOX = Act(name=\"Robbie Fox\")\n\nALISHA_MAY = Act(name=\"Alisha May\")\n\nLAURA_SMYTH = Act(name=\"Laura Smyth\")\n\nEMMANUEL_PAUL = Act(name=\"Emmanuel Paul\")\n\nMARCEL_HAGAN = Act(name=\"Marcel Hagan\")\n\nNAZ_OSMANOGLU = Act(name=\"Naz Osmanoglu\")\n\nMARC_SALMON = Act(name=\"Marc Salmon\")\n\n",
  "slicing": "EMMANUEL_PAUL = Act(name=\"Emmanuel Paul\")\n"
 },
 "46": {
  "name": "MARCEL_HAGAN",
  "type": "bigsmoke.model.act.Act",
  "class": "customized",
  "approach": "annotation",
  "file_path": "big_smoke/src/python/main/bigsmoke/data/acts.py",
  "lineno": "17",
  "column": "0",
  "context": "yth\")\n\nEMMANUEL_PAUL = Act(name=\"Emmanuel Paul\")\n\nMARCEL_HAGAN = Act(name=\"Marcel Hagan\")\n\nNAZ_OSMANOGLU = Act(name=\"Naz Osmanoglu\")\n\nMARC_S",
  "context_lines": "ROBBIE_FOX = Act(name=\"Robbie Fox\")\n\nALISHA_MAY = Act(name=\"Alisha May\")\n\nLAURA_SMYTH = Act(name=\"Laura Smyth\")\n\nEMMANUEL_PAUL = Act(name=\"Emmanuel Paul\")\n\nMARCEL_HAGAN = Act(name=\"Marcel Hagan\")\n\nNAZ_OSMANOGLU = Act(name=\"Naz Osmanoglu\")\n\nMARC_SALMON = Act(name=\"Marc Salmon\")\n\nDELEA_SHAND = Act(name=\"Delea Shand\", alias=\"Madame Chandelier’s Guide To The Opera\")\n\n",
  "slicing": "MARCEL_HAGAN = Act(name=\"Marcel Hagan\")\n"
 },
 "47": {
  "name": "NAZ_OSMANOGLU",
  "type": "bigsmoke.model.act.Act",
  "class": "customized",
  "approach": "annotation",
  "file_path": "big_smoke/src/python/main/bigsmoke/data/acts.py",
  "lineno": "19",
  "column": "0",
  "context": " Paul\")\n\nMARCEL_HAGAN = Act(name=\"Marcel Hagan\")\n\nNAZ_OSMANOGLU = Act(name=\"Naz Osmanoglu\")\n\nMARC_SALMON = Act(name=\"Marc Salmon\")\n\nDELEA_SHAN",
  "context_lines": "ALISHA_MAY = Act(name=\"Alisha May\")\n\nLAURA_SMYTH = Act(name=\"Laura Smyth\")\n\nEMMANUEL_PAUL = Act(name=\"Emmanuel Paul\")\n\nMARCEL_HAGAN = Act(name=\"Marcel Hagan\")\n\nNAZ_OSMANOGLU = Act(name=\"Naz Osmanoglu\")\n\nMARC_SALMON = Act(name=\"Marc Salmon\")\n\nDELEA_SHAND = Act(name=\"Delea Shand\", alias=\"Madame Chandelier’s Guide To The Opera\")\n\nDAVE_THOMSON = Act(name=\"Dave Thomson\")\n\n\n",
  "slicing": "NAZ_OSMANOGLU = Act(name=\"Naz Osmanoglu\")\n"
 },
 "48": {
  "name": "MARC_SALMON",
  "type": "bigsmoke.model.act.Act",
  "class": "customized",
  "approach": "annotation",
  "file_path": "big_smoke/src/python/main/bigsmoke/data/acts.py",
  "lineno": "21",
  "column": "0",
  "context": "gan\")\n\nNAZ_OSMANOGLU = Act(name=\"Naz Osmanoglu\")\n\nMARC_SALMON = Act(name=\"Marc Salmon\")\n\nDELEA_SHAND = Act(name=\"Delea Shand\", alias=\"Mada",
  "context_lines": "LAURA_SMYTH = Act(name=\"Laura Smyth\")\n\nEMMANUEL_PAUL = Act(name=\"Emmanuel Paul\")\n\nMARCEL_HAGAN = Act(name=\"Marcel Hagan\")\n\nNAZ_OSMANOGLU = Act(name=\"Naz Osmanoglu\")\n\nMARC_SALMON = Act(name=\"Marc Salmon\")\n\nDELEA_SHAND = Act(name=\"Delea Shand\", alias=\"Madame Chandelier’s Guide To The Opera\")\n\nDAVE_THOMSON = Act(name=\"Dave Thomson\")\n\n\nMARTY_WILLIAMS = Act(name=\"Marty Williams\")\n\n",
  "slicing": "MARC_SALMON = Act(name=\"Marc Salmon\")\n"
 },
 "49": {
  "name": "DELEA_SHAND",
  "type": "bigsmoke.model.act.Act",
  "class": "customized",
  "approach": "annotation",
  "file_path": "big_smoke/src/python/main/bigsmoke/data/acts.py",
  "lineno": "23",
  "column": "0",
  "context": "manoglu\")\n\nMARC_SALMON = Act(name=\"Marc Salmon\")\n\nDELEA_SHAND = Act(name=\"Delea Shand\", alias=\"Madame Chandelier’s Guide To The Opera\")\n\nDAVE_THOMSON = Act(name=\"Dave Thomson\")\n\n\nMARTY_W",
  "context_lines": "EMMANUEL_PAUL = Act(name=\"Emmanuel Paul\")\n\nMARCEL_HAGAN = Act(name=\"Marcel Hagan\")\n\nNAZ_OSMANOGLU = Act(name=\"Naz Osmanoglu\")\n\nMARC_SALMON = Act(name=\"Marc Salmon\")\n\nDELEA_SHAND = Act(name=\"Delea Shand\", alias=\"Madame Chandelier’s Guide To The Opera\")\n\nDAVE_THOMSON = Act(name=\"Dave Thomson\")\n\n\nMARTY_WILLIAMS = Act(name=\"Marty Williams\")\n\nPETER_HOSE = Act(name=\"Peter Hose\")\n\n",
  "slicing": "DELEA_SHAND = Act(name=\"Delea Shand\", alias=\"Madame Chandelier’s Guide To The Opera\")\n"
 },
 "50": {
  "name": "DAVE_THOMSON",
  "type": "bigsmoke.model.act.Act",
  "class": "customized",
  "approach": "annotation",
  "file_path": "big_smoke/src/python/main/bigsmoke/data/acts.py",
  "lineno": "25",
  "column": "0",
  "context": " alias=\"Madame Chandelier’s Guide To The Opera\")\n\nDAVE_THOMSON = Act(name=\"Dave Thomson\")\n\n\nMARTY_WILLIAMS = Act(name=\"Marty Williams\")\n\nPET",
  "context_lines": "MARCEL_HAGAN = Act(name=\"Marcel Hagan\")\n\nNAZ_OSMANOGLU = Act(name=\"Naz Osmanoglu\")\n\nMARC_SALMON = Act(name=\"Marc Salmon\")\n\nDELEA_SHAND = Act(name=\"Delea Shand\", alias=\"Madame Chandelier’s Guide To The Opera\")\n\nDAVE_THOMSON = Act(name=\"Dave Thomson\")\n\n\nMARTY_WILLIAMS = Act(name=\"Marty Williams\")\n\nPETER_HOSE = Act(name=\"Peter Hose\")\n\nARCHIE_BRROKES_WATSON = Act(name=\"Archie Brookes-Watson\")\n\n",
  "slicing": "DAVE_THOMSON = Act(name=\"Dave Thomson\")\n"
 },
 "51": {
  "name": "MARTY_WILLIAMS",
  "type": "bigsmoke.model.act.Act",
  "class": "customized",
  "approach": "annotation",
  "file_path": "big_smoke/src/python/main/bigsmoke/data/acts.py",
  "lineno": "28",
  "column": "0",
  "context": "pera\")\n\nDAVE_THOMSON = Act(name=\"Dave Thomson\")\n\n\nMARTY_WILLIAMS = Act(name=\"Marty Williams\")\n\nPETER_HOSE = Act(name=\"Peter Hose\")\n\nARCHIE_BRROK",
  "context_lines": "NAZ_OSMANOGLU = Act(name=\"Naz Osmanoglu\")\n\nMARC_SALMON = Act(name=\"Marc Salmon\")\n\nDELEA_SHAND = Act(name=\"Delea Shand\", alias=\"Madame Chandelier’s Guide To The Opera\")\n\nDAVE_THOMSON = Act(name=\"Dave Thomson\")\n\n\nMARTY_WILLIAMS = Act(name=\"Marty Williams\")\n\nPETER_HOSE = Act(name=\"Peter Hose\")\n\nARCHIE_BRROKES_WATSON = Act(name=\"Archie Brookes-Watson\")\n\nBOB_MUNRO = Act(name=\"Bob Munro\")\n\n",
  "slicing": "MARTY_WILLIAMS = Act(name=\"Marty Williams\")\n"
 },
 "52": {
  "name": "PETER_HOSE",
  "type": "bigsmoke.model.act.Act",
  "class": "customized",
  "approach": "annotation",
  "file_path": "big_smoke/src/python/main/bigsmoke/data/acts.py",
  "lineno": "30",
  "column": "0",
  "context": "\")\n\n\nMARTY_WILLIAMS = Act(name=\"Marty Williams\")\n\nPETER_HOSE = Act(name=\"Peter Hose\")\n\nARCHIE_BRROKES_WATSON = Act(name=\"Archie Brookes-",
  "context_lines": "MARC_SALMON = Act(name=\"Marc Salmon\")\n\nDELEA_SHAND = Act(name=\"Delea Shand\", alias=\"Madame Chandelier’s Guide To The Opera\")\n\nDAVE_THOMSON = Act(name=\"Dave Thomson\")\n\n\nMARTY_WILLIAMS = Act(name=\"Marty Williams\")\n\nPETER_HOSE = Act(name=\"Peter Hose\")\n\nARCHIE_BRROKES_WATSON = Act(name=\"Archie Brookes-Watson\")\n\nBOB_MUNRO = Act(name=\"Bob Munro\")\n\nDANIEL_MCKEON = Act(name=\"Daniel McKeon\")\n\n",
  "slicing": "PETER_HOSE = Act(name=\"Peter Hose\")\n"
 },
 "53": {
  "name": "ARCHIE_BRROKES_WATSON",
  "type": "bigsmoke.model.act.Act",
  "class": "customized",
  "approach": "annotation",
  "file_path": "big_smoke/src/python/main/bigsmoke/data/acts.py",
  "lineno": "32",
  "column": "0",
  "context": " Williams\")\n\nPETER_HOSE = Act(name=\"Peter Hose\")\n\nARCHIE_BRROKES_WATSON = Act(name=\"Archie Brookes-Watson\")\n\nBOB_MUNRO = Act(name=\"Bob Munro\")\n\nDANIEL_MCKEON ",
  "context_lines": "DELEA_SHAND = Act(name=\"Delea Shand\", alias=\"Madame Chandelier’s Guide To The Opera\")\n\nDAVE_THOMSON = Act(name=\"Dave Thomson\")\n\n\nMARTY_WILLIAMS = Act(name=\"Marty Williams\")\n\nPETER_HOSE = Act(name=\"Peter Hose\")\n\nARCHIE_BRROKES_WATSON = Act(name=\"Archie Brookes-Watson\")\n\nBOB_MUNRO = Act(name=\"Bob Munro\")\n\nDANIEL_MCKEON = Act(name=\"Daniel McKeon\")\n\nRICARDO_MOTTI = Act(name=\"Ricardo Motti\")\n\n",
  "slicing": "ARCHIE_BRROKES_WATSON = Act(name=\"Archie Brookes-Watson\")\n"
 },
 "54": {
  "name": "BOB_MUNRO",
  "type": "bigsmoke.model.act.Act",
  "class": "customized",
  "approach": "annotation",
  "file_path": "big_smoke/src/python/main/bigsmoke/data/acts.py",
  "lineno": "34",
  "column": "0",
  "context": "ROKES_WATSON = Act(name=\"Archie Brookes-Watson\")\n\nBOB_MUNRO = Act(name=\"Bob Munro\")\n\nDANIEL_MCKEON = Act(name=\"Daniel McKeon\")\n\nRICARD",
  "context_lines": "DAVE_THOMSON = Act(name=\"Dave Thomson\")\n\n\nMARTY_WILLIAMS = Act(name=\"Marty Williams\")\n\nPETER_HOSE = Act(name=\"Peter Hose\")\n\nARCHIE_BRROKES_WATSON = Act(name=\"Archie Brookes-Watson\")\n\nBOB_MUNRO = Act(name=\"Bob Munro\")\n\nDANIEL_MCKEON = Act(name=\"Daniel McKeon\")\n\nRICARDO_MOTTI = Act(name=\"Ricardo Motti\")\n\nDAVID_EAGLE = Act(name=\"David Eagle\")\n\n",
  "slicing": "BOB_MUNRO = Act(name=\"Bob Munro\")\n"
 },
 "55": {
  "name": "DANIEL_MCKEON",
  "type": "bigsmoke.model.act.Act",
  "class": "customized",
  "approach": "annotation",
  "file_path": "big_smoke/src/python/main/bigsmoke/data/acts.py",
  "lineno": "36",
  "column": "0",
  "context": "okes-Watson\")\n\nBOB_MUNRO = Act(name=\"Bob Munro\")\n\nDANIEL_MCKEON = Act(name=\"Daniel McKeon\")\n\nRICARDO_MOTTI = Act(name=\"Ricardo Motti\")\n\nDAVID_",
  "context_lines": "MARTY_WILLIAMS = Act(name=\"Marty Williams\")\n\nPETER_HOSE = Act(name=\"Peter Hose\")\n\nARCHIE_BRROKES_WATSON = Act(name=\"Archie Brookes-Watson\")\n\nBOB_MUNRO = Act(name=\"Bob Munro\")\n\nDANIEL_MCKEON = Act(name=\"Daniel McKeon\")\n\nRICARDO_MOTTI = Act(name=\"Ricardo Motti\")\n\nDAVID_EAGLE = Act(name=\"David Eagle\")\n\nHARI_SRISKANTHA = Act(name=\"Hari Sriskantha\")\n\n",
  "slicing": "DANIEL_MCKEON = Act(name=\"Daniel McKeon\")\n"
 },
 "56": {
  "name": "RICARDO_MOTTI",
  "type": "bigsmoke.model.act.Act",
  "class": "customized",
  "approach": "annotation",
  "file_path": "big_smoke/src/python/main/bigsmoke/data/acts.py",
  "lineno": "38",
  "column": "0",
  "context": "nro\")\n\nDANIEL_MCKEON = Act(name=\"Daniel McKeon\")\n\nRICARDO_MOTTI = Act(name=\"Ricardo Motti\")\n\nDAVID_EAGLE = Act(name=\"David Eagle\")\n\nHARI_SRISK",
  "context_lines": "PETER_HOSE = Act(name=\"Peter Hose\")\n\nARCHIE_BRROKES_WATSON = Act(name=\"Archie Brookes-Watson\")\n\nBOB_MUNRO = Act(name=\"Bob Munro\")\n\nDANIEL_MCKEON = Act(name=\"Daniel McKeon\")\n\nRICARDO_MOTTI = Act(name=\"Ricardo Motti\")\n\nDAVID_EAGLE = Act(name=\"David Eagle\")\n\nHARI_SRISKANTHA = Act(name=\"Hari Sriskantha\")\n\nSTEPHEN_CATLING = Act(name=\"Stephen Catling\")\n\n",
  "slicing": "RICARDO_MOTTI = Act(name=\"Ricardo Motti\")\n"
 },
 "57": {
  "name": "DAVID_EAGLE",
  "type": "bigsmoke.model.act.Act",
  "class": "customized",
  "approach": "annotation",
  "file_path": "big_smoke/src/python/main/bigsmoke/data/acts.py",
  "lineno": "40",
  "column": "0",
  "context": "eon\")\n\nRICARDO_MOTTI = Act(name=\"Ricardo Motti\")\n\nDAVID_EAGLE = Act(name=\"David Eagle\")\n\nHARI_SRISKANTHA = Act(name=\"Hari Sriskantha\")\n\nST",
  "context_lines": "ARCHIE_BRROKES_WATSON = Act(name=\"Archie Brookes-Watson\")\n\nBOB_MUNRO = Act(name=\"Bob Munro\")\n\nDANIEL_MCKEON = Act(name=\"Daniel McKeon\")\n\nRICARDO_MOTTI = Act(name=\"Ricardo Motti\")\n\nDAVID_EAGLE = Act(name=\"David Eagle\")\n\nHARI_SRISKANTHA = Act(name=\"Hari Sriskantha\")\n\nSTEPHEN_CATLING = Act(name=\"Stephen Catling\")\n\nBROOKE_HOERR = Act(name=\"Brooke Hoerr\")\n\n",
  "slicing": "DAVID_EAGLE = Act(name=\"David Eagle\")\n"
 },
 "58": {
  "name": "HARI_SRISKANTHA",
  "type": "bigsmoke.model.act.Act",
  "class": "customized",
  "approach": "annotation",
  "file_path": "big_smoke/src/python/main/bigsmoke/data/acts.py",
  "lineno": "42",
  "column": "0",
  "context": "o Motti\")\n\nDAVID_EAGLE = Act(name=\"David Eagle\")\n\nHARI_SRISKANTHA = Act(name=\"Hari Sriskantha\")\n\nSTEPHEN_CATLING = Act(name=\"Stephen Catling\")\n\nBR",
  "context_lines": "BOB_MUNRO = Act(name=\"Bob Munro\")\n\nDANIEL_MCKEON = Act(name=\"Daniel McKeon\")\n\nRICARDO_MOTTI = Act(name=\"Ricardo Motti\")\n\nDAVID_EAGLE = Act(name=\"David Eagle\")\n\nHARI_SRISKANTHA = Act(name=\"Hari Sriskantha\")\n\nSTEPHEN_CATLING = Act(name=\"Stephen Catling\")\n\nBROOKE_HOERR = Act(name=\"Brooke Hoerr\")\n\nNITYA_VARMA = Act(name=\"Nitya Varma\")\n\n",
  "slicing": "HARI_SRISKANTHA = Act(name=\"Hari Sriskantha\")\n"
 },
 "59": {
  "name": "STEPHEN_CATLING",
  "type": "bigsmoke.model.act.Act",
  "class": "customized",
  "approach": "annotation",
  "file_path": "big_smoke/src/python/main/bigsmoke/data/acts.py",
  "lineno": "44",
  "column": "0",
  "context": ")\n\nHARI_SRISKANTHA = Act(name=\"Hari Sriskantha\")\n\nSTEPHEN_CATLING = Act(name=\"Stephen Catling\")\n\nBROOKE_HOERR = Act(name=\"Brooke Hoerr\")\n\nNITYA_VA",
  "context_lines": "DANIEL_MCKEON = Act(name=\"Daniel McKeon\")\n\nRICARDO_MOTTI = Act(name=\"Ricardo Motti\")\n\nDAVID_EAGLE = Act(name=\"David Eagle\")\n\nHARI_SRISKANTHA = Act(name=\"Hari Sriskantha\")\n\nSTEPHEN_CATLING = Act(name=\"Stephen Catling\")\n\nBROOKE_HOERR = Act(name=\"Brooke Hoerr\")\n\nNITYA_VARMA = Act(name=\"Nitya Varma\")\n\nELLIOT_DALLAS = Act(name=\"Elliot Dallas\")\n\n",
  "slicing": "STEPHEN_CATLING = Act(name=\"Stephen Catling\")\n"
 },
 "60": {
  "name": "BROOKE_HOERR",
  "type": "bigsmoke.model.act.Act",
  "class": "customized",
  "approach": "annotation",
  "file_path": "big_smoke/src/python/main/bigsmoke/data/acts.py",
  "lineno": "46",
  "column": "0",
  "context": ")\n\nSTEPHEN_CATLING = Act(name=\"Stephen Catling\")\n\nBROOKE_HOERR = Act(name=\"Brooke Hoerr\")\n\nNITYA_VARMA = Act(name=\"Nitya Varma\")\n\nELLIOT_DAL",
  "context_lines": "RICARDO_MOTTI = Act(name=\"Ricardo Motti\")\n\nDAVID_EAGLE = Act(name=\"David Eagle\")\n\nHARI_SRISKANTHA = Act(name=\"Hari Sriskantha\")\n\nSTEPHEN_CATLING = Act(name=\"Stephen Catling\")\n\nBROOKE_HOERR = Act(name=\"Brooke Hoerr\")\n\nNITYA_VARMA = Act(name=\"Nitya Varma\")\n\nELLIOT_DALLAS = Act(name=\"Elliot Dallas\")\n\nKIRSTY_HUDSON = Act(name=\"Kirsty Hudson\")\n\n",
  "slicing": "BROOKE_HOERR = Act(name=\"Brooke Hoerr\")\n"
 },
 "61": {
  "name": "NITYA_VARMA",
  "type": "bigsmoke.model.act.Act",
  "class": "customized",
  "approach": "annotation",
  "file_path": "big_smoke/src/python/main/bigsmoke/data/acts.py",
  "lineno": "48",
  "column": "0",
  "context": "tling\")\n\nBROOKE_HOERR = Act(name=\"Brooke Hoerr\")\n\nNITYA_VARMA = Act(name=\"Nitya Varma\")\n\nELLIOT_DALLAS = Act(name=\"Elliot Dallas\")\n\nKIRSTY",
  "context_lines": "DAVID_EAGLE = Act(name=\"David Eagle\")\n\nHARI_SRISKANTHA = Act(name=\"Hari Sriskantha\")\n\nSTEPHEN_CATLING = Act(name=\"Stephen Catling\")\n\nBROOKE_HOERR = Act(name=\"Brooke Hoerr\")\n\nNITYA_VARMA = Act(name=\"Nitya Varma\")\n\nELLIOT_DALLAS = Act(name=\"Elliot Dallas\")\n\nKIRSTY_HUDSON = Act(name=\"Kirsty Hudson\")\n\nNICK_EVERRITT = Act(name=\"Nick Everitt\")\n\n",
  "slicing": "NITYA_VARMA = Act(name=\"Nitya Varma\")\n"
 },
 "62": {
  "name": "ELLIOT_DALLAS",
  "type": "bigsmoke.model.act.Act",
  "class": "customized",
  "approach": "annotation",
  "file_path": "big_smoke/src/python/main/bigsmoke/data/acts.py",
  "lineno": "50",
  "column": "0",
  "context": "e Hoerr\")\n\nNITYA_VARMA = Act(name=\"Nitya Varma\")\n\nELLIOT_DALLAS = Act(name=\"Elliot Dallas\")\n\nKIRSTY_HUDSON = Act(name=\"Kirsty Hudson\")\n\nNICK_E",
  "context_lines": "HARI_SRISKANTHA = Act(name=\"Hari Sriskantha\")\n\nSTEPHEN_CATLING = Act(name=\"Stephen Catling\")\n\nBROOKE_HOERR = Act(name=\"Brooke Hoerr\")\n\nNITYA_VARMA = Act(name=\"Nitya Varma\")\n\nELLIOT_DALLAS = Act(name=\"Elliot Dallas\")\n\nKIRSTY_HUDSON = Act(name=\"Kirsty Hudson\")\n\nNICK_EVERRITT = Act(name=\"Nick Everitt\")\n\nFATHIA_SARIPUSPITA = Act(name=\"Fathia Saripuspita\")\n\n",
  "slicing": "ELLIOT_DALLAS = Act(name=\"Elliot Dallas\")\n"
 },
 "63": {
  "name": "KIRSTY_HUDSON",
  "type": "bigsmoke.model.act.Act",
  "class": "customized",
  "approach": "annotation",
  "file_path": "big_smoke/src/python/main/bigsmoke/data/acts.py",
  "lineno": "52",
  "column": "0",
  "context": "rma\")\n\nELLIOT_DALLAS = Act(name=\"Elliot Dallas\")\n\nKIRSTY_HUDSON = Act(name=\"Kirsty Hudson\")\n\nNICK_EVERRITT = Act(name=\"Nick Everitt\")\n\nFATHIA_",
  "context_lines": "STEPHEN_CATLING = Act(name=\"Stephen Catling\")\n\nBROOKE_HOERR = Act(name=\"Brooke Hoerr\")\n\nNITYA_VARMA = Act(name=\"Nitya Varma\")\n\nELLIOT_DALLAS = Act(name=\"Elliot Dallas\")\n\nKIRSTY_HUDSON = Act(name=\"Kirsty Hudson\")\n\nNICK_EVERRITT = Act(name=\"Nick Everitt\")\n\nFATHIA_SARIPUSPITA = Act(name=\"Fathia Saripuspita\")\n\nSHAWN_HOULT = Act(name=\"Shawn Hoult\")\n\n",
  "slicing": "KIRSTY_HUDSON = Act(name=\"Kirsty Hudson\")\n"
 },
 "64": {
  "name": "NICK_EVERRITT",
  "type": "bigsmoke.model.act.Act",
  "class": "customized",
  "approach": "annotation",
  "file_path": "big_smoke/src/python/main/bigsmoke/data/acts.py",
  "lineno": "54",
  "column": "0",
  "context": "las\")\n\nKIRSTY_HUDSON = Act(name=\"Kirsty Hudson\")\n\nNICK_EVERRITT = Act(name=\"Nick Everitt\")\n\nFATHIA_SARIPUSPITA = Act(name=\"Fathia Saripuspita",
  "context_lines": "BROOKE_HOERR = Act(name=\"Brooke Hoerr\")\n\nNITYA_VARMA = Act(name=\"Nitya Varma\")\n\nELLIOT_DALLAS = Act(name=\"Elliot Dallas\")\n\nKIRSTY_HUDSON = Act(name=\"Kirsty Hudson\")\n\nNICK_EVERRITT = Act(name=\"Nick Everitt\")\n\nFATHIA_SARIPUSPITA = Act(name=\"Fathia Saripuspita\")\n\nSHAWN_HOULT = Act(name=\"Shawn Hoult\")\n\nSAMMY_HANNAH = Act(name=\"Sammy Hannah\")\n\n",
  "slicing": "NICK_EVERRITT = Act(name=\"Nick Everitt\")\n"
 },
 "65": {
  "name": "FATHIA_SARIPUSPITA",
  "type": "bigsmoke.model.act.Act",
  "class": "customized",
  "approach": "annotation",
  "file_path": "big_smoke/src/python/main/bigsmoke/data/acts.py",
  "lineno": "56",
  "column": "0",
  "context": "dson\")\n\nNICK_EVERRITT = Act(name=\"Nick Everitt\")\n\nFATHIA_SARIPUSPITA = Act(name=\"Fathia Saripuspita\")\n\nSHAWN_HOULT = Act(name=\"Shawn Hoult\")\n\nSAMMY_HANN",
  "context_lines": "NITYA_VARMA = Act(name=\"Nitya Varma\")\n\nELLIOT_DALLAS = Act(name=\"Elliot Dallas\")\n\nKIRSTY_HUDSON = Act(name=\"Kirsty Hudson\")\n\nNICK_EVERRITT = Act(name=\"Nick Everitt\")\n\nFATHIA_SARIPUSPITA = Act(name=\"Fathia Saripuspita\")\n\nSHAWN_HOULT = Act(name=\"Shawn Hoult\")\n\nSAMMY_HANNAH = Act(name=\"Sammy Hannah\")\n\nMO_OMAR = Act(name=\"Mo Omar\")\n\n",
  "slicing": "FATHIA_SARIPUSPITA = Act(name=\"Fathia Saripuspita\")\n"
 },
 "66": {
  "name": "SHAWN_HOULT",
  "type": "bigsmoke.model.act.Act",
  "class": "customized",
  "approach": "annotation",
  "file_path": "big_smoke/src/python/main/bigsmoke/data/acts.py",
  "lineno": "58",
  "column": "0",
  "context": "HIA_SARIPUSPITA = Act(name=\"Fathia Saripuspita\")\n\nSHAWN_HOULT = Act(name=\"Shawn Hoult\")\n\nSAMMY_HANNAH = Act(name=\"Sammy Hannah\")\n\nMO_OMAR ",
  "context_lines": "ELLIOT_DALLAS = Act(name=\"Elliot Dallas\")\n\nKIRSTY_HUDSON = Act(name=\"Kirsty Hudson\")\n\nNICK_EVERRITT = Act(name=\"Nick Everitt\")\n\nFATHIA_SARIPUSPITA = Act(name=\"Fathia Saripuspita\")\n\nSHAWN_HOULT = Act(name=\"Shawn Hoult\")\n\nSAMMY_HANNAH = Act(name=\"Sammy Hannah\")\n\nMO_OMAR = Act(name=\"Mo Omar\")\n\nJAKE_PICKFORD = Act(name=\"Jake Pickford\")\n\n",
  "slicing": "SHAWN_HOULT = Act(name=\"Shawn Hoult\")\n"
 },
 "67": {
  "name": "SAMMY_HANNAH",
  "type": "bigsmoke.model.act.Act",
  "class": "customized",
  "approach": "annotation",
  "file_path": "big_smoke/src/python/main/bigsmoke/data/acts.py",
  "lineno": "60",
  "column": "0",
  "context": "puspita\")\n\nSHAWN_HOULT = Act(name=\"Shawn Hoult\")\n\nSAMMY_HANNAH = Act(name=\"Sammy Hannah\")\n\nMO_OMAR = Act(name=\"Mo Omar\")\n\nJAKE_PICKFORD = Ac",
  "context_lines": "KIRSTY_HUDSON = Act(name=\"Kirsty Hudson\")\n\nNICK_EVERRITT = Act(name=\"Nick Everitt\")\n\nFATHIA_SARIPUSPITA = Act(name=\"Fathia Saripuspita\")\n\nSHAWN_HOULT = Act(name=\"Shawn Hoult\")\n\nSAMMY_HANNAH = Act(name=\"Sammy Hannah\")\n\nMO_OMAR = Act(name=\"Mo Omar\")\n\nJAKE_PICKFORD = Act(name=\"Jake Pickford\")\n\nMARIANA_FIEJO = Act(name=\"Mariana Fiejo\")\n\n",
  "slicing": "SAMMY_HANNAH = Act(name=\"Sammy Hannah\")\n"
 },
 "68": {
  "name": "MO_OMAR",
  "type": "bigsmoke.model.act.Act",
  "class": "customized",
  "approach": "annotation",
  "file_path": "big_smoke/src/python/main/bigsmoke/data/acts.py",
  "lineno": "62",
  "column": "0",
  "context": "Hoult\")\n\nSAMMY_HANNAH = Act(name=\"Sammy Hannah\")\n\nMO_OMAR = Act(name=\"Mo Omar\")\n\nJAKE_PICKFORD = Act(name=\"Jake Pickford\")\n\nMARIAN",
  "context_lines": "NICK_EVERRITT = Act(name=\"Nick Everitt\")\n\nFATHIA_SARIPUSPITA = Act(name=\"Fathia Saripuspita\")\n\nSHAWN_HOULT = Act(name=\"Shawn Hoult\")\n\nSAMMY_HANNAH = Act(name=\"Sammy Hannah\")\n\nMO_OMAR = Act(name=\"Mo Omar\")\n\nJAKE_PICKFORD = Act(name=\"Jake Pickford\")\n\nMARIANA_FIEJO = Act(name=\"Mariana Fiejo\")\n\nKURREN_VARMA = Act(name=\"Kurren Varma\")\n\n",
  "slicing": "MO_OMAR = Act(name=\"Mo Omar\")\n"
 },
 "69": {
  "name": "JAKE_PICKFORD",
  "type": "bigsmoke.model.act.Act",
  "class": "customized",
  "approach": "annotation",
  "file_path": "big_smoke/src/python/main/bigsmoke/data/acts.py",
  "lineno": "64",
  "column": "0",
  "context": "e=\"Sammy Hannah\")\n\nMO_OMAR = Act(name=\"Mo Omar\")\n\nJAKE_PICKFORD = Act(name=\"Jake Pickford\")\n\nMARIANA_FIEJO = Act(name=\"Mariana Fiejo\")\n\nKURREN",
  "context_lines": "FATHIA_SARIPUSPITA = Act(name=\"Fathia Saripuspita\")\n\nSHAWN_HOULT = Act(name=\"Shawn Hoult\")\n\nSAMMY_HANNAH = Act(name=\"Sammy Hannah\")\n\nMO_OMAR = Act(name=\"Mo Omar\")\n\nJAKE_PICKFORD = Act(name=\"Jake Pickford\")\n\nMARIANA_FIEJO = Act(name=\"Mariana Fiejo\")\n\nKURREN_VARMA = Act(name=\"Kurren Varma\")\n\nROSANNA_WOOD = Act(name=\"Rosanna Wood\")\n\n",
  "slicing": "JAKE_PICKFORD = Act(name=\"Jake Pickford\")\n"
 },
 "70": {
  "name": "MARIANA_FIEJO",
  "type": "bigsmoke.model.act.Act",
  "class": "customized",
  "approach": "annotation",
  "file_path": "big_smoke/src/python/main/bigsmoke/data/acts.py",
  "lineno": "66",
  "column": "0",
  "context": "mar\")\n\nJAKE_PICKFORD = Act(name=\"Jake Pickford\")\n\nMARIANA_FIEJO = Act(name=\"Mariana Fiejo\")\n\nKURREN_VARMA = Act(name=\"Kurren Varma\")\n\nROSANNA_",
  "context_lines": "SHAWN_HOULT = Act(name=\"Shawn Hoult\")\n\nSAMMY_HANNAH = Act(name=\"Sammy Hannah\")\n\nMO_OMAR = Act(name=\"Mo Omar\")\n\nJAKE_PICKFORD = Act(name=\"Jake Pickford\")\n\nMARIANA_FIEJO = Act(name=\"Mariana Fiejo\")\n\nKURREN_VARMA = Act(name=\"Kurren Varma\")\n\nROSANNA_WOOD = Act(name=\"Rosanna Wood\")\n\nMARA_MANKA = Act(name=\"Mara Mainka\")\n\n",
  "slicing": "MARIANA_FIEJO = Act(name=\"Mariana Fiejo\")\n"
 },
 "71": {
  "name": "KURREN_VARMA",
  "type": "bigsmoke.model.act.Act",
  "class": "customized",
  "approach": "annotation",
  "file_path": "big_smoke/src/python/main/bigsmoke/data/acts.py",
  "lineno": "68",
  "column": "0",
  "context": "ord\")\n\nMARIANA_FIEJO = Act(name=\"Mariana Fiejo\")\n\nKURREN_VARMA = Act(name=\"Kurren Varma\")\n\nROSANNA_WOOD = Act(name=\"Rosanna Wood\")\n\nMARA_MAN",
  "context_lines": "SAMMY_HANNAH = Act(name=\"Sammy Hannah\")\n\nMO_OMAR = Act(name=\"Mo Omar\")\n\nJAKE_PICKFORD = Act(name=\"Jake Pickford\")\n\nMARIANA_FIEJO = Act(name=\"Mariana Fiejo\")\n\nKURREN_VARMA = Act(name=\"Kurren Varma\")\n\nROSANNA_WOOD = Act(name=\"Rosanna Wood\")\n\nMARA_MANKA = Act(name=\"Mara Mainka\")\n\nLUKE_CHILTON = Act(name=\"Luke Chilton\")\n\n",
  "slicing": "KURREN_VARMA = Act(name=\"Kurren Varma\")\n"
 },
 "72": {
  "name": "ROSANNA_WOOD",
  "type": "bigsmoke.model.act.Act",
  "class": "customized",
  "approach": "annotation",
  "file_path": "big_smoke/src/python/main/bigsmoke/data/acts.py",
  "lineno": "70",
  "column": "0",
  "context": "Fiejo\")\n\nKURREN_VARMA = Act(name=\"Kurren Varma\")\n\nROSANNA_WOOD = Act(name=\"Rosanna Wood\")\n\nMARA_MANKA = Act(name=\"Mara Mainka\")\n\nLUKE_CHILTO",
  "context_lines": "MO_OMAR = Act(name=\"Mo Omar\")\n\nJAKE_PICKFORD = Act(name=\"Jake Pickford\")\n\nMARIANA_FIEJO = Act(name=\"Mariana Fiejo\")\n\nKURREN_VARMA = Act(name=\"Kurren Varma\")\n\nROSANNA_WOOD = Act(name=\"Rosanna Wood\")\n\nMARA_MANKA = Act(name=\"Mara Mainka\")\n\nLUKE_CHILTON = Act(name=\"Luke Chilton\")\n\nVASH_PERNIKAR = Act(name=\"Vash Pernikar\")\n\n",
  "slicing": "ROSANNA_WOOD = Act(name=\"Rosanna Wood\")\n"
 },
 "73": {
  "name": "MARA_MANKA",
  "type": "bigsmoke.model.act.Act",
  "class": "customized",
  "approach": "annotation",
  "file_path": "big_smoke/src/python/main/bigsmoke/data/acts.py",
  "lineno": "72",
  "column": "0",
  "context": "Varma\")\n\nROSANNA_WOOD = Act(name=\"Rosanna Wood\")\n\nMARA_MANKA = Act(name=\"Mara Mainka\")\n\nLUKE_CHILTON = Act(name=\"Luke Chilton\")\n\nVASH_PER",
  "context_lines": "JAKE_PICKFORD = Act(name=\"Jake Pickford\")\n\nMARIANA_FIEJO = Act(name=\"Mariana Fiejo\")\n\nKURREN_VARMA = Act(name=\"Kurren Varma\")\n\nROSANNA_WOOD = Act(name=\"Rosanna Wood\")\n\nMARA_MANKA = Act(name=\"Mara Mainka\")\n\nLUKE_CHILTON = Act(name=\"Luke Chilton\")\n\nVASH_PERNIKAR = Act(name=\"Vash Pernikar\")\n\nJAZ_MATTU = Act(name=\"Jaz Mattu\")\n\n",
  "slicing": "MARA_MANKA = Act(name=\"Mara Mainka\")\n"
 },
 "74": {
  "name": "LUKE_CHILTON",
  "type": "bigsmoke.model.act.Act",
  "class": "customized",
  "approach": "annotation",
  "file_path": "big_smoke/src/python/main/bigsmoke/data/acts.py",
  "lineno": "74",
  "column": "0",
  "context": "nna Wood\")\n\nMARA_MANKA = Act(name=\"Mara Mainka\")\n\nLUKE_CHILTON = Act(name=\"Luke Chilton\")\n\nVASH_PERNIKAR = Act(name=\"Vash Pernikar\")\n\nJAZ_MA",
  "context_lines": "MARIANA_FIEJO = Act(name=\"Mariana Fiejo\")\n\nKURREN_VARMA = Act(name=\"Kurren Varma\")\n\nROSANNA_WOOD = Act(name=\"Rosanna Wood\")\n\nMARA_MANKA = Act(name=\"Mara Mainka\")\n\nLUKE_CHILTON = Act(name=\"Luke Chilton\")\n\nVASH_PERNIKAR = Act(name=\"Vash Pernikar\")\n\nJAZ_MATTU = Act(name=\"Jaz Mattu\")\n\nTHOMAS_JAMES_ALLEN = Act(name=\"Thomas James Allen\")\n\n",
  "slicing": "LUKE_CHILTON = Act(name=\"Luke Chilton\")\n"
 },
 "75": {
  "name": "VASH_PERNIKAR",
  "type": "bigsmoke.model.act.Act",
  "class": "customized",
  "approach": "annotation",
  "file_path": "big_smoke/src/python/main/bigsmoke/data/acts.py",
  "lineno": "76",
  "column": "0",
  "context": "ainka\")\n\nLUKE_CHILTON = Act(name=\"Luke Chilton\")\n\nVASH_PERNIKAR = Act(name=\"Vash Pernikar\")\n\nJAZ_MATTU = Act(name=\"Jaz Mattu\")\n\nTHOMAS_JAMES_A",
  "context_lines": "KURREN_VARMA = Act(name=\"Kurren Varma\")\n\nROSANNA_WOOD = Act(name=\"Rosanna Wood\")\n\nMARA_MANKA = Act(name=\"Mara Mainka\")\n\nLUKE_CHILTON = Act(name=\"Luke Chilton\")\n\nVASH_PERNIKAR = Act(name=\"Vash Pernikar\")\n\nJAZ_MATTU = Act(name=\"Jaz Mattu\")\n\nTHOMAS_JAMES_ALLEN = Act(name=\"Thomas James Allen\")\n\nJAY_BENNETT = Act(name=\"Jay Bennett\", alias=\"Yasmine Day\")\n\n",
  "slicing": "VASH_PERNIKAR = Act(name=\"Vash Pernikar\")\n"
 },
 "76": {
  "name": "JAZ_MATTU",
  "type": "bigsmoke.model.act.Act",
  "class": "customized",
  "approach": "annotation",
  "file_path": "big_smoke/src/python/main/bigsmoke/data/acts.py",
  "lineno": "78",
  "column": "0",
  "context": "ton\")\n\nVASH_PERNIKAR = Act(name=\"Vash Pernikar\")\n\nJAZ_MATTU = Act(name=\"Jaz Mattu\")\n\nTHOMAS_JAMES_ALLEN = Act(name=\"Thomas James Allen",
  "context_lines": "ROSANNA_WOOD = Act(name=\"Rosanna Wood\")\n\nMARA_MANKA = Act(name=\"Mara Mainka\")\n\nLUKE_CHILTON = Act(name=\"Luke Chilton\")\n\nVASH_PERNIKAR = Act(name=\"Vash Pernikar\")\n\nJAZ_MATTU = Act(name=\"Jaz Mattu\")\n\nTHOMAS_JAMES_ALLEN = Act(name=\"Thomas James Allen\")\n\nJAY_BENNETT = Act(name=\"Jay Bennett\", alias=\"Yasmine Day\")\n\nCOLIN_ROTHWELL = Act(name=\"Colinn Rothwell\")\n\n",
  "slicing": "JAZ_MATTU = Act(name=\"Jaz Mattu\")\n"
 },
 "77": {
  "name": "THOMAS_JAMES_ALLEN",
  "type": "bigsmoke.model.act.Act",
  "class": "customized",
  "approach": "annotation",
  "file_path": "big_smoke/src/python/main/bigsmoke/data/acts.py",
  "lineno": "80",
  "column": "0",
  "context": "sh Pernikar\")\n\nJAZ_MATTU = Act(name=\"Jaz Mattu\")\n\nTHOMAS_JAMES_ALLEN = Act(name=\"Thomas James Allen\")\n\nJAY_BENNETT = Act(name=\"Jay Bennett\", alias=\"Yasm",
  "context_lines": "MARA_MANKA = Act(name=\"Mara Mainka\")\n\nLUKE_CHILTON = Act(name=\"Luke Chilton\")\n\nVASH_PERNIKAR = Act(name=\"Vash Pernikar\")\n\nJAZ_MATTU = Act(name=\"Jaz Mattu\")\n\nTHOMAS_JAMES_ALLEN = Act(name=\"Thomas James Allen\")\n\nJAY_BENNETT = Act(name=\"Jay Bennett\", alias=\"Yasmine Day\")\n\nCOLIN_ROTHWELL = Act(name=\"Colinn Rothwell\")\n\n",
  "slicing": "THOMAS_JAMES_ALLEN = Act(name=\"Thomas James Allen\")\n"
 },
 "78": {
  "name": "JAY_BENNETT",
  "type": "bigsmoke.model.act.Act",
  "class": "customized",
  "approach": "annotation",
  "file_path": "big_smoke/src/python/main/bigsmoke/data/acts.py",
  "lineno": "82",
  "column": "0",
  "context": "MAS_JAMES_ALLEN = Act(name=\"Thomas James Allen\")\n\nJAY_BENNETT = Act(name=\"Jay Bennett\", alias=\"Yasmine Day\")\n\nCOLIN_ROTHWELL = Act(name=\"Colinn Rothwell\")\n\nKAT",
  "context_lines": "LUKE_CHILTON = Act(name=\"Luke Chilton\")\n\nVASH_PERNIKAR = Act(name=\"Vash Pernikar\")\n\nJAZ_MATTU = Act(name=\"Jaz Mattu\")\n\nTHOMAS_JAMES_ALLEN = Act(name=\"Thomas James Allen\")\n\nJAY_BENNETT = Act(name=\"Jay Bennett\", alias=\"Yasmine Day\")\n\nCOLIN_ROTHWELL = Act(name=\"Colinn Rothwell\")\n\n",
  "slicing": "JAY_BENNETT = Act(name=\"Jay Bennett\", alias=\"Yasmine Day\")\n"
 },
 "79": {
  "name": "COLIN_ROTHWELL",
  "type": "bigsmoke.model.act.Act",
  "class": "customized",
  "approach": "annotation",
  "file_path": "big_smoke/src/python/main/bigsmoke/data/acts.py",
  "lineno": "84",
  "column": "0",
  "context": "T = Act(name=\"Jay Bennett\", alias=\"Yasmine Day\")\n\nCOLIN_ROTHWELL = Act(name=\"Colinn Rothwell\")\n\nKATIE_HANDLEY = Act(name=\"Katie Handley\")\n",
  "context_lines": "VASH_PERNIKAR = Act(name=\"Vash Pernikar\")\n\nJAZ_MATTU = Act(name=\"Jaz Mattu\")\n\nTHOMAS_JAMES_ALLEN = Act(name=\"Thomas James Allen\")\n\nJAY_BENNETT = Act(name=\"Jay Bennett\", alias=\"Yasmine Day\")\n\nCOLIN_ROTHWELL = Act(name=\"Colinn Rothwell\")\n\n",
  "slicing": "COLIN_ROTHWELL = Act(name=\"Colinn Rothwell\")\n"
 },
 "80": {
  "name": "KATIE_HANDLEY",
  "type": "bigsmoke.model.act.Act",
  "class": "customized",
  "approach": "annotation",
  "file_path": "big_smoke/src/python/main/bigsmoke/data/acts.py",
  "lineno": "86",
  "column": "0",
  "context": "\")\n\nCOLIN_ROTHWELL = Act(name=\"Colinn Rothwell\")\n\nKATIE_HANDLEY = Act(name=\"Katie Handley\")\n",
  "context_lines": "JAZ_MATTU = Act(name=\"Jaz Mattu\")\n\nTHOMAS_JAMES_ALLEN = Act(name=\"Thomas James Allen\")\n\nJAY_BENNETT = Act(name=\"Jay Bennett\", alias=\"Yasmine Day\")\n\nCOLIN_ROTHWELL = Act(name=\"Colinn Rothwell\")\n\nKATIE_HANDLEY = Act(name=\"Katie Handley\")\n",
  "slicing": "KATIE_HANDLEY = Act(name=\"Katie Handley\")\n"
 },
 "81": {
  "name": "t",
  "type": "UNKNOWN",
  "class": "unknown",
  "approach": "Pysonar2",
  "file_path": "big_smoke/src/python/tests/test_bigsmoke/templates/test_template.py",
  "lineno": "6",
  "column": "4",
  "context": "es import get_template\n\n\ndef test_template():\n    t: jinja2.Template = get_template(\"listings.html\")\n",
  "context_lines": "import jinja2\nfrom bigsmoke.templates import get_template\n\n\ndef test_template():\n    t: jinja2.Template = get_template(\"listings.html\")\n",
  "slicing": "    t: jinja2.Template = get_template(\"listings.html\")\n"
 },
 "82": {
  "name": "output_filename",
  "type": "str",
  "class": "build-in",
  "approach": "Pysonar2",
  "file_path": "big_smoke/src/python/main/bigsmoke/compile.py",
  "lineno": "7",
  "column": "9",
  "context": "bigsmoke.templates import get_template\n\n\ndef main(output_filename=\"listings.html\"):\n    template: jinja2.Template = get_template(\"list",
  "context_lines": "import jinja2\nfrom bigsmoke.data.main import get_model\nfrom bigsmoke.model.model import Model\nfrom bigsmoke.templates import get_template\n\n\ndef main(output_filename=\"listings.html\"):\n    template: jinja2.Template = get_template(\"listings.html\")\n    model: Model = get_model()\n    with open(output_filename, \"w\") as output_file:\n        output_file.write(template.render(m=model))\n\n\n",
  "slicing": "def main(output_filename=\"listings.html\"):\n"
 },
 "83": {
  "name": "file_name",
  "type": "str",
  "class": "build-in",
  "approach": "annotation",
  "file_path": "big_smoke/src/python/main/bigsmoke/templates/__init__.py",
  "lineno": "6",
  "column": "17",
  "context": "resource_string\n\nimport jinja2\n\n\ndef get_template(file_name: str) -> jinja2.Template:\n    # this_module = __import__('bigsmoke.templates",
  "context_lines": "from pkg_resources import resource_stream, resource_string\n\nimport jinja2\n\n\ndef get_template(file_name: str) -> jinja2.Template:\n    # this_module = __import__('bigsmoke.templates').templates\n    template_str: str = resource_string(\"bigsmoke.templates\", file_name).decode(\"UTF-8\")\n",
  "slicing": "def get_template(file_name: str) -> jinja2.Template:\n"
 },
 "84": {
  "name": "alias",
  "type": "str",
  "class": "build-in",
  "approach": "annotation",
  "file_path": "big_smoke/src/python/main/bigsmoke/model/act.py",
  "lineno": "10",
  "column": "28",
  "context": "Optional[str] = None\n\n    def performing_as(self, alias: str) -> \"Act\":\n        return Act(name=self.name, alias=alias)\n",
  "context_lines": "@dataclass\nclass Act:\n    name: str\n    alias: Optional[str] = None\n\n    def performing_as(self, alias: str) -> \"Act\":\n",
  "slicing": "    def performing_as(self, alias: str) -> \"Act\":\n"
 },
 "85": {
  "name": "events",
  "type": "dict",
  "class": "build-in",
  "approach": "annotation",
  "file_path": "big_smoke/src/python/main/bigsmoke/data/main.py",
  "lineno": "14",
  "column": "18",
  "context": ".date = datetime.date.today()\n\n\ndef filter_events(events: List[Event], the_date: datetime.date) -> List[Event]:\n    return [e for e in events if e.date > the_date",
  "context_lines": "from bigsmoke.model.location import Location\nfrom bigsmoke.model.model import Model\nfrom bigsmoke.model.series import Series\n\nTODAY: datetime.date = datetime.date.today()\n\n\ndef filter_events(events: List[Event], the_date: datetime.date) -> List[Event]:\n    return [e for e in events if e.date > the_date]\n\n\nthe_nell_of_old_drury = Location(\n    name=\"Nell of Old Drury\", address=\"29 Catherine Street, London WC2B 5JS\"\n)\n\n",
  "slicing": [
   "def filter_events(events: List[Event], the_date: datetime.date) -> List[Event]:\n",
   "    events=filter_events(events=BIG_SMOKE_EVENTS, the_date=TODAY),\n",
   "    events=filter_events(events=BIG_SMOKE_ALL_STARS_EVENTS, the_date=TODAY),\n"
  ]
 },
 "86": {
  "name": "the_date",
  "type": "UNKNOWN",
  "class": "unknown",
  "approach": "Pysonar2",
  "file_path": "big_smoke/src/python/main/bigsmoke/data/main.py",
  "lineno": "14",
  "column": "39",
  "context": ".today()\n\n\ndef filter_events(events: List[Event], the_date: datetime.date) -> List[Event]:\n    return [e for e in events if e.date > the_date",
  "context_lines": "from bigsmoke.model.location import Location\nfrom bigsmoke.model.model import Model\nfrom bigsmoke.model.series import Series\n\nTODAY: datetime.date = datetime.date.today()\n\n\ndef filter_events(events: List[Event], the_date: datetime.date) -> List[Event]:\n    return [e for e in events if e.date > the_date]\n\n\nthe_nell_of_old_drury = Location(\n    name=\"Nell of Old Drury\", address=\"29 Catherine Street, London WC2B 5JS\"\n)\n\n",
  "slicing": [
   "def filter_events(events: List[Event], the_date: datetime.date) -> List[Event]:\n",
   "    events=filter_events(events=BIG_SMOKE_EVENTS, the_date=TODAY),\n",
   "    events=filter_events(events=BIG_SMOKE_ALL_STARS_EVENTS, the_date=TODAY),\n"
  ]
 },
 "87": {
  "name": "date",
  "type": "UNKNOWN",
  "class": "unknown",
  "approach": "Pysonar2",
  "file_path": "big_smoke/src/python/main/bigsmoke/data/big_smoke.py",
  "lineno": "9",
  "column": "7",
  "context": "t\nfrom bigsmoke.model.event import Event\n\n\ndef bs(date: datetime.date, acts: List[Act]) -> Event:\n    return Event(date=date, acts=acts, mc=a.BROOKE",
  "context_lines": "from typing import List\n\nimport bigsmoke.data.acts as a\nfrom bigsmoke.model.act import Act\nfrom bigsmoke.model.event import Event\n\n\ndef bs(date: datetime.date, acts: List[Act]) -> Event:\n    return Event(date=date, acts=acts, mc=a.BROOKE_HOERR)\n\n\nBIG_SMOKE_EVENTS = [\n    bs(\n        date=datetime.date(2019, 5, 2),\n",
  "slicing": [
   "def bs(date: datetime.date, acts: List[Act]) -> Event:\n",
   "    bs(\n",
   "    bs(\n",
   "    bs(\n",
   "    bs(\n",
   "    bs(\n",
   "    bs(\n",
   "    bs(date=datetime.date(2019, 6, 13), acts=[a.DAVID_EAGLE, a.HARI_SRISKANTHA]),\n",
   "    bs(date=datetime.date(2019, 6, 20), acts=[a.STEPHEN_CATLING]),\n"
  ]
 },
 "88": {
  "name": "acts",
  "type": "dict",
  "class": "build-in",
  "approach": "annotation",
  "file_path": "big_smoke/src/python/main/bigsmoke/data/big_smoke.py",
  "lineno": "9",
  "column": "28",
  "context": ".event import Event\n\n\ndef bs(date: datetime.date, acts: List[Act]) -> Event:\n    return Event(date=date, acts=acts, mc=a.BROOKE",
  "context_lines": "from typing import List\n\nimport bigsmoke.data.acts as a\nfrom bigsmoke.model.act import Act\nfrom bigsmoke.model.event import Event\n\n\ndef bs(date: datetime.date, acts: List[Act]) -> Event:\n    return Event(date=date, acts=acts, mc=a.BROOKE_HOERR)\n\n\nBIG_SMOKE_EVENTS = [\n    bs(\n        date=datetime.date(2019, 5, 2),\n",
  "slicing": [
   "def bs(date: datetime.date, acts: List[Act]) -> Event:\n",
   "    bs(\n",
   "    bs(\n",
   "    bs(\n",
   "    bs(\n",
   "    bs(\n",
   "    bs(\n",
   "    bs(date=datetime.date(2019, 6, 13), acts=[a.DAVID_EAGLE, a.HARI_SRISKANTHA]),\n",
   "    bs(date=datetime.date(2019, 6, 20), acts=[a.STEPHEN_CATLING]),\n"
  ]
 },
 "89": {
  "name": "date",
  "type": "UNKNOWN",
  "class": "unknown",
  "approach": "Pysonar2",
  "file_path": "big_smoke/src/python/main/bigsmoke/data/big_smoke_all_stars.py",
  "lineno": "9",
  "column": "7",
  "context": "t\nfrom bigsmoke.model.event import Event\n\n\ndef bs(date: datetime.date, acts: List[Act]) -> Event:\n    return Event(date=date, acts=acts, mc=a.MARC_S",
  "context_lines": "from typing import List\n\nimport bigsmoke.data.acts as a\nfrom bigsmoke.model.act import Act\nfrom bigsmoke.model.event import Event\n\n\ndef bs(date: datetime.date, acts: List[Act]) -> Event:\n    return Event(date=date, acts=acts, mc=a.MARC_SALMON)\n\n\nBIG_SMOKE_ALL_STARS_EVENTS = [\n    bs(\n        date=datetime.date(2019, 5, 13),\n",
  "slicing": [
   "def bs(date: datetime.date, acts: List[Act]) -> Event:\n",
   "    bs(\n"
  ]
 },
 "90": {
  "name": "acts",
  "type": "dict",
  "class": "build-in",
  "approach": "annotation",
  "file_path": "big_smoke/src/python/main/bigsmoke/data/big_smoke_all_stars.py",
  "lineno": "9",
  "column": "28",
  "context": ".event import Event\n\n\ndef bs(date: datetime.date, acts: List[Act]) -> Event:\n    return Event(date=date, acts=acts, mc=a.MARC_S",
  "context_lines": "from typing import List\n\nimport bigsmoke.data.acts as a\nfrom bigsmoke.model.act import Act\nfrom bigsmoke.model.event import Event\n\n\ndef bs(date: datetime.date, acts: List[Act]) -> Event:\n    return Event(date=date, acts=acts, mc=a.MARC_SALMON)\n\n\nBIG_SMOKE_ALL_STARS_EVENTS = [\n    bs(\n        date=datetime.date(2019, 5, 13),\n",
  "slicing": [
   "def bs(date: datetime.date, acts: List[Act]) -> Event:\n",
   "    bs(\n"
  ]
 },
 "91": {
  "name": "DESCRIPTION",
  "type": "SHORT_DESCRIPTION",
  "class": "imported",
  "approach": "annotation",
  "file_path": "big_smoke/src/python/setup.py",
  "lineno": "17",
  "column": "4",
  "slicing": "['PROJECT_ROOT, _ = os.path.split(__file__)\\n', 'SHORT_DESCRIPTION = \"Demonstration\"\\n', '    DESCRIPTION = open(os.path.join(PROJECT_ROOT, \"readme.md\")).read()\\n', '    DESCRIPTION = SHORT_DESCRIPTION\\n', '    description=SHORT_DESCRIPTION,\\n', '    long_description=DESCRIPTION,\\n']",
  "context": "CT_ROOT, \"readme.md\")).read()\nexcept IOError:\n    DESCRIPTION = SHORT_DESCRIPTION\n\ntry:\n    REQUIREMENTS = list(open(\"requirements.t",
  "context_lines": "SHORT_DESCRIPTION = \"Demonstration\"\n\ntry:\n    DESCRIPTION = open(os.path.join(PROJECT_ROOT, \"readme.md\")).read()\nexcept IOError:\n    DESCRIPTION = SHORT_DESCRIPTION\n\ntry:\n    REQUIREMENTS = list(open(\"requirements.txt\").read().splitlines())\nexcept IOError:\n"
 },
 "92": {
  "name": "start_time",
  "type": "time",
  "class": "imported",
  "approach": "Pysonar2",
  "file_path": "big_smoke/src/python/main/bigsmoke/model/series.py",
  "lineno": "14",
  "column": "4",
  "slicing": "['    start_time: datetime.time = datetime.time(8, 0)\\n']",
  "context": "me: str\n    location: Location\n    about: str\n    start_time: datetime.time = datetime.time(8, 0)\n    price: str = \"Free\"\n    events: List[Event] = ",
  "context_lines": "class Series:\n    name: str\n    location: Location\n    about: str\n    start_time: datetime.time = datetime.time(8, 0)\n    price: str = \"Free\"\n"
 },
 "93": {
  "name": "date",
  "type": "UnDefined",
  "class": "imported",
  "approach": "Pysonar2",
  "file_path": "big_smoke/src/python/main/bigsmoke/model/event.py",
  "lineno": "12",
  "column": "4",
  "slicing": "['    date: datetime.date\\n']",
  "context": "odel.act import Act\n\n\n@dataclass\nclass Event:\n    date: datetime.date\n    mc: Act\n    acts: List[Act] = field(default_fa",
  "context_lines": "from attr import dataclass\n\nfrom bigsmoke.model.act import Act\n\n\n@dataclass\nclass Event:\n    date: datetime.date\n    mc: Act\n    acts: List[Act] = field(default_factory=list)\n\n    def num_acts(self) -> int:\n"
 },
 "94": {
  "name": "TODAY",
  "type": "date",
  "class": "imported",
  "approach": "Pysonar2",
  "file_path": "big_smoke/src/python/main/bigsmoke/data/main.py",
  "lineno": "11",
  "column": "0",
  "slicing": "['TODAY: datetime.date = datetime.date.today()\\n', '    events=filter_events(events=BIG_SMOKE_EVENTS, the_date=TODAY),\\n', '    events=filter_events(events=BIG_SMOKE_ALL_STARS_EVENTS, the_date=TODAY),\\n']",
  "context": "t Model\nfrom bigsmoke.model.series import Series\n\nTODAY: datetime.date = datetime.date.today()\n\n\ndef filter_events(events: List[Event], the_date:",
  "context_lines": "from bigsmoke.model.event import Event\nfrom bigsmoke.model.location import Location\nfrom bigsmoke.model.model import Model\nfrom bigsmoke.model.series import Series\n\nTODAY: datetime.date = datetime.date.today()\n\n\ndef filter_events(events: List[Event], the_date: datetime.date) -> List[Event]:\n    return [e for e in events if e.date > the_date]\n\n\nthe_nell_of_old_drury = Location(\n"
 },
 "95": {
  "name": "the_date",
  "type": "date",
  "class": "imported",
  "approach": "Pysonar2",
  "file_path": "big_smoke/src/python/main/bigsmoke/data/main.py",
  "lineno": "14",
  "column": "39",
  "slicing": "['def filter_events(events: List[Event], the_date: datetime.date) -> List[Event]:\\n', '    events=filter_events(events=BIG_SMOKE_EVENTS, the_date=TODAY),\\n', '    events=filter_events(events=BIG_SMOKE_ALL_STARS_EVENTS, the_date=TODAY),\\n']",
  "context": ".today()\n\n\ndef filter_events(events: List[Event], the_date: datetime.date) -> List[Event]:\n    return [e for e in events if e.date > the_date",
  "context_lines": "from bigsmoke.model.location import Location\nfrom bigsmoke.model.model import Model\nfrom bigsmoke.model.series import Series\n\nTODAY: datetime.date = datetime.date.today()\n\n\ndef filter_events(events: List[Event], the_date: datetime.date) -> List[Event]:\n    return [e for e in events if e.date > the_date]\n\n\nthe_nell_of_old_drury = Location(\n    name=\"Nell of Old Drury\", address=\"29 Catherine Street, London WC2B 5JS\"\n)\n\n"
 },
 "96": {
  "name": "date",
  "type": "date",
  "class": "imported",
  "approach": "Pysonar2",
  "file_path": "big_smoke/src/python/main/bigsmoke/data/big_smoke_all_stars.py",
  "lineno": "9",
  "column": "7",
  "slicing": "['def bs(date: datetime.date, acts: List[Act]) -> Event:\\n', '    bs(\\n']",
  "context": "t\nfrom bigsmoke.model.event import Event\n\n\ndef bs(date: datetime.date, acts: List[Act]) -> Event:\n    return Event(date=date, acts=acts, mc=a.MARC_S",
  "context_lines": "from typing import List\n\nimport bigsmoke.data.acts as a\nfrom bigsmoke.model.act import Act\nfrom bigsmoke.model.event import Event\n\n\ndef bs(date: datetime.date, acts: List[Act]) -> Event:\n    return Event(date=date, acts=acts, mc=a.MARC_SALMON)\n\n\nBIG_SMOKE_ALL_STARS_EVENTS = [\n    bs(\n        date=datetime.date(2019, 5, 13),\n"
 },
 "97": {
  "name": "date",
  "type": "date",
  "class": "imported",
  "approach": "Pysonar2",
  "file_path": "big_smoke/src/python/main/bigsmoke/data/big_smoke.py",
  "lineno": "9",
  "column": "7",
  "slicing": "['def bs(date: datetime.date, acts: List[Act]) -> Event:\\n', '    bs(\\n', '    bs(\\n', '    bs(\\n', '    bs(\\n', '    bs(\\n', '    bs(\\n', '    bs(date=datetime.date(2019, 6, 13), acts=[a.DAVID_EAGLE, a.HARI_SRISKANTHA]),\\n', '    bs(date=datetime.date(2019, 6, 20), acts=[a.STEPHEN_CATLING]),\\n']",
  "context": "t\nfrom bigsmoke.model.event import Event\n\n\ndef bs(date: datetime.date, acts: List[Act]) -> Event:\n    return Event(date=date, acts=acts, mc=a.BROOKE",
  "context_lines": "from typing import List\n\nimport bigsmoke.data.acts as a\nfrom bigsmoke.model.act import Act\nfrom bigsmoke.model.event import Event\n\n\ndef bs(date: datetime.date, acts: List[Act]) -> Event:\n    return Event(date=date, acts=acts, mc=a.BROOKE_HOERR)\n\n\nBIG_SMOKE_EVENTS = [\n    bs(\n        date=datetime.date(2019, 5, 2),\n"
 }
}