{
 "1": {
  "name": "REQUIREMETS_DEV_FILE",
  "type": "str",
  "class": "build-in",
  "approach": "Pysonar2",
  "file_path": "binningpy/setup.py",
  "lineno": "5",
  "column": "0",
  "context": " import setup, find_packages\nfrom os import path\n\nREQUIREMETS_DEV_FILE = 'requirements_dev.txt'\nREQUIREMETS_FILE = 'requirements.txt'\nPROJECTNAME ",
  "context_lines": "from codecs import open\nfrom setuptools import setup, find_packages\nfrom os import path\n\nREQUIREMETS_DEV_FILE = 'requirements_dev.txt'\nREQUIREMETS_FILE = 'requirements.txt'\nPROJECTNAME = 'binningpy'\nVERSION = '0.0.1'\nDESCRIPTION = 'simple tools'\n",
  "slicing": [
   "REQUIREMETS_DEV_FILE = 'requirements_dev.txt'\n",
   "with open(path.join(REQUIREMETS_DIR, REQUIREMETS_DEV_FILE), encoding='utf-8') as f:\n"
  ]
 },
 "2": {
  "name": "REQUIREMETS_FILE",
  "type": "str",
  "class": "build-in",
  "approach": "Pysonar2",
  "file_path": "binningpy/setup.py",
  "lineno": "6",
  "column": "0",
  "context": "th\n\nREQUIREMETS_DEV_FILE = 'requirements_dev.txt'\nREQUIREMETS_FILE = 'requirements.txt'\nPROJECTNAME = 'binningpy'\nVERSION = '0.0.1'\nDESCRI",
  "context_lines": "from codecs import open\nfrom setuptools import setup, find_packages\nfrom os import path\n\nREQUIREMETS_DEV_FILE = 'requirements_dev.txt'\nREQUIREMETS_FILE = 'requirements.txt'\nPROJECTNAME = 'binningpy'\nVERSION = '0.0.1'\nDESCRIPTION = 'simple tools'\nURL = ''\n",
  "slicing": [
   "REQUIREMETS_FILE = 'requirements.txt'\n",
   "with open(path.join(REQUIREMETS_DIR, REQUIREMETS_FILE), encoding='utf-8') as f:\n"
  ]
 },
 "3": {
  "name": "PROJECTNAME",
  "type": "str",
  "class": "build-in",
  "approach": "Pysonar2",
  "file_path": "binningpy/setup.py",
  "lineno": "7",
  "column": "0",
  "context": "ts_dev.txt'\nREQUIREMETS_FILE = 'requirements.txt'\nPROJECTNAME = 'binningpy'\nVERSION = '0.0.1'\nDESCRIPTION = 'simple tools'\nURL",
  "context_lines": "from setuptools import setup, find_packages\nfrom os import path\n\nREQUIREMETS_DEV_FILE = 'requirements_dev.txt'\nREQUIREMETS_FILE = 'requirements.txt'\nPROJECTNAME = 'binningpy'\nVERSION = '0.0.1'\nDESCRIPTION = 'simple tools'\nURL = ''\nAUTHOR = 'hsz'\n",
  "slicing": [
   "PROJECTNAME = 'binningpy'\n",
   "    name=PROJECTNAME,\n"
  ]
 },
 "4": {
  "name": "VERSION",
  "type": "str",
  "class": "build-in",
  "approach": "Pysonar2",
  "file_path": "binningpy/setup.py",
  "lineno": "8",
  "column": "0",
  "context": "LE = 'requirements.txt'\nPROJECTNAME = 'binningpy'\nVERSION = '0.0.1'\nDESCRIPTION = 'simple tools'\nURL = ''\nAUTHOR = 'hs",
  "context_lines": "from os import path\n\nREQUIREMETS_DEV_FILE = 'requirements_dev.txt'\nREQUIREMETS_FILE = 'requirements.txt'\nPROJECTNAME = 'binningpy'\nVERSION = '0.0.1'\nDESCRIPTION = 'simple tools'\nURL = ''\nAUTHOR = 'hsz'\nAUTHOR_EMAIL = ''\n",
  "slicing": [
   "VERSION = '0.0.1'\n",
   "    version=VERSION,\n"
  ]
 },
 "5": {
  "name": "DESCRIPTION",
  "type": "str",
  "class": "build-in",
  "approach": "Pysonar2",
  "file_path": "binningpy/setup.py",
  "lineno": "9",
  "column": "0",
  "context": ".txt'\nPROJECTNAME = 'binningpy'\nVERSION = '0.0.1'\nDESCRIPTION = 'simple tools'\nURL = ''\nAUTHOR = 'hsz'\nAUTHOR_EMAIL = ''\nLICENSE ",
  "context_lines": "REQUIREMETS_DEV_FILE = 'requirements_dev.txt'\nREQUIREMETS_FILE = 'requirements.txt'\nPROJECTNAME = 'binningpy'\nVERSION = '0.0.1'\nDESCRIPTION = 'simple tools'\nURL = ''\nAUTHOR = 'hsz'\nAUTHOR_EMAIL = ''\nLICENSE = 'MIT'\n",
  "slicing": [
   "DESCRIPTION = 'simple tools'\n",
   "    description=DESCRIPTION,\n"
  ]
 },
 "6": {
  "name": "URL",
  "type": "str",
  "class": "build-in",
  "approach": "Pysonar2",
  "file_path": "binningpy/setup.py",
  "lineno": "10",
  "column": "0",
  "context": "y'\nVERSION = '0.0.1'\nDESCRIPTION = 'simple tools'\nURL = ''\nAUTHOR = 'hsz'\nAUTHOR_EMAIL = ''\nLICENSE = 'MIT'\nC",
  "context_lines": "REQUIREMETS_FILE = 'requirements.txt'\nPROJECTNAME = 'binningpy'\nVERSION = '0.0.1'\nDESCRIPTION = 'simple tools'\nURL = ''\nAUTHOR = 'hsz'\nAUTHOR_EMAIL = ''\nLICENSE = 'MIT'\nCLASSIFIERS = [\n",
  "slicing": [
   "URL = ''\n",
   "    url=URL,\n"
  ]
 },
 "7": {
  "name": "AUTHOR",
  "type": "str",
  "class": "build-in",
  "approach": "Pysonar2",
  "file_path": "binningpy/setup.py",
  "lineno": "11",
  "column": "0",
  "context": "N = '0.0.1'\nDESCRIPTION = 'simple tools'\nURL = ''\nAUTHOR = 'hsz'\nAUTHOR_EMAIL = ''\nLICENSE = 'MIT'\nCLASSIFIERS = [\n",
  "context_lines": "PROJECTNAME = 'binningpy'\nVERSION = '0.0.1'\nDESCRIPTION = 'simple tools'\nURL = ''\nAUTHOR = 'hsz'\nAUTHOR_EMAIL = ''\nLICENSE = 'MIT'\nCLASSIFIERS = [\n    'Development Status :: 3 - Alpha',\n",
  "slicing": [
   "AUTHOR = 'hsz'\n",
   "    author=AUTHOR,\n"
  ]
 },
 "8": {
  "name": "AUTHOR_EMAIL",
  "type": "str",
  "class": "build-in",
  "approach": "Pysonar2",
  "file_path": "binningpy/setup.py",
  "lineno": "12",
  "column": "0",
  "context": "CRIPTION = 'simple tools'\nURL = ''\nAUTHOR = 'hsz'\nAUTHOR_EMAIL = ''\nLICENSE = 'MIT'\nCLASSIFIERS = [\n    'Development S",
  "context_lines": "VERSION = '0.0.1'\nDESCRIPTION = 'simple tools'\nURL = ''\nAUTHOR = 'hsz'\nAUTHOR_EMAIL = ''\nLICENSE = 'MIT'\nCLASSIFIERS = [\n    'Development Status :: 3 - Alpha',\n    'Intended Audience :: Developers',\n",
  "slicing": [
   "AUTHOR_EMAIL = ''\n",
   "    author_email=AUTHOR_EMAIL,\n"
  ]
 },
 "9": {
  "name": "LICENSE",
  "type": "str",
  "class": "build-in",
  "approach": "Pysonar2",
  "file_path": "binningpy/setup.py",
  "lineno": "13",
  "column": "0",
  "context": " tools'\nURL = ''\nAUTHOR = 'hsz'\nAUTHOR_EMAIL = ''\nLICENSE = 'MIT'\nCLASSIFIERS = [\n    'Development Status :: 3 - Alp",
  "context_lines": "DESCRIPTION = 'simple tools'\nURL = ''\nAUTHOR = 'hsz'\nAUTHOR_EMAIL = ''\nLICENSE = 'MIT'\nCLASSIFIERS = [\n    'Development Status :: 3 - Alpha',\n    'Intended Audience :: Developers',\n    'License :: OSI Approved :: MIT License',\n",
  "slicing": [
   "LICENSE = 'MIT'\n",
   "    license=LICENSE,\n"
  ]
 },
 "10": {
  "name": "CLASSIFIERS",
  "type": "list",
  "class": "build-in",
  "approach": "annotation",
  "file_path": "binningpy/setup.py",
  "lineno": "14",
  "column": "0",
  "context": "\nAUTHOR = 'hsz'\nAUTHOR_EMAIL = ''\nLICENSE = 'MIT'\nCLASSIFIERS = [\n    'Development Status :: 3 - Alpha',\n    'Intend",
  "context_lines": "URL = ''\nAUTHOR = 'hsz'\nAUTHOR_EMAIL = ''\nLICENSE = 'MIT'\nCLASSIFIERS = [\n    'Development Status :: 3 - Alpha',\n    'Intended Audience :: Developers',\n    'License :: OSI Approved :: MIT License',\n    'Programming Language :: Python :: 3.5',\n",
  "slicing": [
   "CLASSIFIERS = [\n",
   "    classifiers=CLASSIFIERS,\n"
  ]
 },
 "11": {
  "name": "KEYWORDS",
  "type": "list",
  "class": "build-in",
  "approach": "annotation",
  "file_path": "binningpy/setup.py",
  "lineno": "22",
  "column": "0",
  "context": ": 3.6',\n    'Topic :: Documentation :: Sphinx',\n]\nKEYWORDS = [\"tools\"]\nPACKAGES = find_packages(exclude=['contrib', 'docs",
  "context_lines": "    'Programming Language :: Python :: 3.5',\n    'Programming Language :: Python :: 3.6',\n    'Topic :: Documentation :: Sphinx',\n]\nKEYWORDS = [\"tools\"]\nPACKAGES = find_packages(exclude=['contrib', 'docs', 'test'])\nZIP_SAFE = False\n\nHERE = path.abspath(path.dirname(__file__))\nwith open(path.join(HERE, 'README.rst'), encoding='utf-8') as f:\n",
  "slicing": [
   "KEYWORDS = [\"tools\"]\n",
   "    keywords=KEYWORDS,\n"
  ]
 },
 "12": {
  "name": "PACKAGES",
  "type": "setuptools.find_packages",
  "class": "imported",
  "approach": "annotation",
  "file_path": "binningpy/setup.py",
  "lineno": "23",
  "column": "0",
  "context": " Documentation :: Sphinx',\n]\nKEYWORDS = [\"tools\"]\nPACKAGES = find_packages(exclude=['contrib', 'docs', 'test'])\nZIP_SAFE = False\n\nHERE = path.abspath(path.dirname",
  "context_lines": "    'Programming Language :: Python :: 3.6',\n    'Topic :: Documentation :: Sphinx',\n]\nKEYWORDS = [\"tools\"]\nPACKAGES = find_packages(exclude=['contrib', 'docs', 'test'])\nZIP_SAFE = False\n\nHERE = path.abspath(path.dirname(__file__))\nwith open(path.join(HERE, 'README.rst'), encoding='utf-8') as f:\n    LONG_DESCRIPTION = f.read()\n",
  "slicing": [
   "PACKAGES = find_packages(exclude=['contrib', 'docs', 'test'])\n",
   "    packages=PACKAGES,\n"
  ]
 },
 "13": {
  "name": "ZIP_SAFE",
  "type": "bool",
  "class": "build-in",
  "approach": "annotation",
  "file_path": "binningpy/setup.py",
  "lineno": "24",
  "column": "0",
  "context": "ind_packages(exclude=['contrib', 'docs', 'test'])\nZIP_SAFE = False\n\nHERE = path.abspath(path.dirname(__file__))\nwith ",
  "context_lines": "    'Topic :: Documentation :: Sphinx',\n]\nKEYWORDS = [\"tools\"]\nPACKAGES = find_packages(exclude=['contrib', 'docs', 'test'])\nZIP_SAFE = False\n\nHERE = path.abspath(path.dirname(__file__))\nwith open(path.join(HERE, 'README.rst'), encoding='utf-8') as f:\n    LONG_DESCRIPTION = f.read()\n",
  "slicing": [
   "ZIP_SAFE = False\n",
   "    zip_safe=ZIP_SAFE,\n"
  ]
 },
 "14": {
  "name": "HERE",
  "type": "str",
  "class": "build-in",
  "approach": "Pysonar2",
  "file_path": "binningpy/setup.py",
  "lineno": "26",
  "column": "0",
  "context": "de=['contrib', 'docs', 'test'])\nZIP_SAFE = False\n\nHERE = path.abspath(path.dirname(__file__))\nwith open(path.join(HERE, 'README.rst'), encoding=",
  "context_lines": "]\nKEYWORDS = [\"tools\"]\nPACKAGES = find_packages(exclude=['contrib', 'docs', 'test'])\nZIP_SAFE = False\n\nHERE = path.abspath(path.dirname(__file__))\nwith open(path.join(HERE, 'README.rst'), encoding='utf-8') as f:\n    LONG_DESCRIPTION = f.read()\nREQUIREMETS_DIR = path.join(HERE, \"requirements\")\n\nwith open(path.join(REQUIREMETS_DIR, REQUIREMETS_FILE), encoding='utf-8') as f:\n",
  "slicing": [
   "HERE = path.abspath(path.dirname(__file__))\n",
   "with open(path.join(HERE, 'README.rst'), encoding='utf-8') as f:\n",
   "REQUIREMETS_DIR = path.join(HERE, \"requirements\")\n",
   "with open(path.join(REQUIREMETS_DIR, REQUIREMETS_FILE), encoding='utf-8') as f:\n",
   "with open(path.join(REQUIREMETS_DIR, REQUIREMETS_DEV_FILE), encoding='utf-8') as f:\n"
  ]
 },
 "15": {
  "name": "LONG_DESCRIPTION",
  "type": "str",
  "class": "build-in",
  "approach": "Pysonar2",
  "file_path": "binningpy/setup.py",
  "lineno": "28",
  "column": "4",
  "context": "(HERE, 'README.rst'), encoding='utf-8') as f:\n    LONG_DESCRIPTION = f.read()\nREQUIREMETS_DIR = path.join(HERE, \"requirements\")\n",
  "context_lines": "PACKAGES = find_packages(exclude=['contrib', 'docs', 'test'])\nZIP_SAFE = False\n\nHERE = path.abspath(path.dirname(__file__))\nwith open(path.join(HERE, 'README.rst'), encoding='utf-8') as f:\n    LONG_DESCRIPTION = f.read()\nREQUIREMETS_DIR = path.join(HERE, \"requirements\")\n\nwith open(path.join(REQUIREMETS_DIR, REQUIREMETS_FILE), encoding='utf-8') as f:\n    REQUIREMETS = f.readlines()\n\nwith open(path.join(REQUIREMETS_DIR, REQUIREMETS_DEV_FILE), encoding='utf-8') as f:\n",
  "slicing": [
   "    LONG_DESCRIPTION = f.read()\n",
   "    long_description=LONG_DESCRIPTION,\n"
  ]
 },
 "16": {
  "name": "REQUIREMETS_DIR",
  "type": "str",
  "class": "build-in",
  "approach": "Pysonar2",
  "file_path": "binningpy/setup.py",
  "lineno": "29",
  "column": "0",
  "context": "ng='utf-8') as f:\n    LONG_DESCRIPTION = f.read()\nREQUIREMETS_DIR = path.join(HERE, \"requirements\")\n\nwith open(path.join(REQUIREMETS_DIR, REQUIREMETS_",
  "context_lines": "ZIP_SAFE = False\n\nHERE = path.abspath(path.dirname(__file__))\nwith open(path.join(HERE, 'README.rst'), encoding='utf-8') as f:\n    LONG_DESCRIPTION = f.read()\nREQUIREMETS_DIR = path.join(HERE, \"requirements\")\n\nwith open(path.join(REQUIREMETS_DIR, REQUIREMETS_FILE), encoding='utf-8') as f:\n    REQUIREMETS = f.readlines()\n\nwith open(path.join(REQUIREMETS_DIR, REQUIREMETS_DEV_FILE), encoding='utf-8') as f:\n",
  "slicing": [
   "REQUIREMETS_DIR = path.join(HERE, \"requirements\")\n",
   "with open(path.join(REQUIREMETS_DIR, REQUIREMETS_FILE), encoding='utf-8') as f:\n",
   "with open(path.join(REQUIREMETS_DIR, REQUIREMETS_DEV_FILE), encoding='utf-8') as f:\n"
  ]
 },
 "17": {
  "name": "REQUIREMETS",
  "type": "list",
  "class": "build-in",
  "approach": "Pysonar2",
  "file_path": "binningpy/setup.py",
  "lineno": "32",
  "column": "4",
  "context": "R, REQUIREMETS_FILE), encoding='utf-8') as f:\n    REQUIREMETS = f.readlines()\n\nwith open(path.join(REQUIREMETS_DIR, REQUIREMETS_",
  "context_lines": "with open(path.join(HERE, 'README.rst'), encoding='utf-8') as f:\n    LONG_DESCRIPTION = f.read()\nREQUIREMETS_DIR = path.join(HERE, \"requirements\")\n\nwith open(path.join(REQUIREMETS_DIR, REQUIREMETS_FILE), encoding='utf-8') as f:\n    REQUIREMETS = f.readlines()\n\nwith open(path.join(REQUIREMETS_DIR, REQUIREMETS_DEV_FILE), encoding='utf-8') as f:\n    REQUIREMETS_DEV = f.readlines()\n\n\nsetup(\n",
  "slicing": [
   "    REQUIREMETS = f.readlines()\n",
   "    install_requires=REQUIREMETS,\n"
  ]
 },
 "18": {
  "name": "REQUIREMETS_DEV",
  "type": "list",
  "class": "build-in",
  "approach": "Pysonar2",
  "file_path": "binningpy/setup.py",
  "lineno": "35",
  "column": "4",
  "context": "EQUIREMETS_DEV_FILE), encoding='utf-8') as f:\n    REQUIREMETS_DEV = f.readlines()\n\n\nsetup(\n    name=PROJECTNAME,\n    version=VERSION",
  "context_lines": "REQUIREMETS_DIR = path.join(HERE, \"requirements\")\n\nwith open(path.join(REQUIREMETS_DIR, REQUIREMETS_FILE), encoding='utf-8') as f:\n    REQUIREMETS = f.readlines()\n\nwith open(path.join(REQUIREMETS_DIR, REQUIREMETS_DEV_FILE), encoding='utf-8') as f:\n    REQUIREMETS_DEV = f.readlines()\n\n\nsetup(\n    name=PROJECTNAME,\n    version=VERSION,\n",
  "slicing": [
   "    REQUIREMETS_DEV = f.readlines()\n",
   "        'dev': REQUIREMETS_DEV\n"
  ]
 },
 "19": {
  "name": "bins",
  "type": "dict",
  "class": "build-in",
  "approach": "annotation",
  "file_path": "binningpy/binningpy/base.py",
  "lineno": "38",
  "column": "8",
  "context": "orm_item(self, item, features_line)->int:\n        bins = self._bins[features_line]\n        for i in range(len(bins) - 1):\n           ",
  "context_lines": "        self.bin_nbr = bin_nbr\n        self.confined = confined\n        self.copy = copy\n\n    def _transform_item(self, item, features_line)->int:\n        bins = self._bins[features_line]\n        for i in range(len(bins) - 1):\n            if self.confined:\n                if bins[i] <= item < bins[i + 1]:\n                    return i\n",
  "slicing": [
   "        bins = self._bins[features_line]\n",
   "        for i in range(len(bins) - 1):\n",
   "                if bins[i] <= item < bins[i + 1]:\n",
   "                    return i\n",
   "                if bins[i] <= item < bins[i + 1]:\n",
   "                    return i + 1\n",
   "                if item >= bins[-1]:\n",
   "                    return len(bins)\n",
   "                if item < bins[0]:\n",
   "            x[i] = self._transform_item(value, features_line)\n",
   "            return (bins[item],bins[item+1])\n",
   "                return (-np.inf,bins[item])\n",
   "            elif item == len(bins):\n",
   "                return (bins[-1],np.inf)\n",
   "                return (bins[item-1],bins[item])\n"
  ]
 },
 "20": {
  "name": "X",
  "type": "sklearn.utils.check_array",
  "class": "imported",
  "approach": "annotation",
  "file_path": "binningpy/binningpy/base.py",
  "lineno": "74",
  "column": "8",
  "context": "\"\n        check_is_fitted(self, '_bins')\n\n        X = check_array(X, copy=self.copy, dtype=FLOAT_DTYPES)\n        result = []\n        for features_line, x i",
  "context_lines": "        X : array-like, shape [n_samples, n_features]\n            Input data that will be transformed.\n        \"\"\"\n        check_is_fitted(self, '_bins')\n\n        X = check_array(X, copy=self.copy, dtype=FLOAT_DTYPES)\n        result = []\n        for features_line, x in enumerate(X.T):\n            result.append(self._transform(x, features_line))\n        return np.array(result, dtype=int).T\n\n",
  "slicing": [
   "        X = check_array(X, copy=self.copy, dtype=FLOAT_DTYPES)\n",
   "        for features_line, x in enumerate(X.T):\n",
   "            result.append(self._transform(x, features_line))\n",
   "        bins = self._bins[features_line]\n",
   "            return (bins[item],bins[item+1])\n",
   "                return (-np.inf,bins[item])\n",
   "            elif item == len(bins):\n",
   "                return (bins[-1],np.inf)\n",
   "                return (bins[item-1],bins[item])\n",
   "        for i, value in enumerate(x):\n",
   "            result.append(self._inverse_transform_item(value, features_line))\n",
   "        X = check_array(X, copy=self.copy)\n",
   "        for features_line, x in enumerate(X.T):\n",
   "            result.append(self._inverse_transform(x, features_line))\n"
  ]
 },
 "21": {
  "name": "result",
  "type": "list",
  "class": "build-in",
  "approach": "annotation",
  "file_path": "binningpy/binningpy/base.py",
  "lineno": "75",
  "column": "8",
  "context": "ay(X, copy=self.copy, dtype=FLOAT_DTYPES)\n        result = []\n        for features_line, x in enumerate(X.T):\n  ",
  "context_lines": "            Input data that will be transformed.\n        \"\"\"\n        check_is_fitted(self, '_bins')\n\n        X = check_array(X, copy=self.copy, dtype=FLOAT_DTYPES)\n        result = []\n        for features_line, x in enumerate(X.T):\n            result.append(self._transform(x, features_line))\n        return np.array(result, dtype=int).T\n\n    def _inverse_transform_item(self, item, features_line):\n",
  "slicing": [
   "        result = []\n",
   "            result.append(self._transform(x, features_line))\n",
   "        return np.array(result, dtype=int).T\n",
   "            result.append(self._inverse_transform_item(value, features_line))\n",
   "        return result\n",
   "            result.append(self._inverse_transform(x, features_line))\n",
   "        return result\n"
  ]
 },
 "22": {
  "name": "bins",
  "type": "dict",
  "class": "build-in",
  "approach": "annotation",
  "file_path": "binningpy/binningpy/base.py",
  "lineno": "81",
  "column": "8",
  "context": "ransform_item(self, item, features_line):\n        bins = self._bins[features_line]\n        #print(item)\n        if self.confined:\n   ",
  "context_lines": "        for features_line, x in enumerate(X.T):\n            result.append(self._transform(x, features_line))\n        return np.array(result, dtype=int).T\n\n    def _inverse_transform_item(self, item, features_line):\n        bins = self._bins[features_line]\n        #print(item)\n        if self.confined:\n            return (bins[item],bins[item+1])\n        else:\n",
  "slicing": [
   "        bins = self._bins[features_line]\n",
   "            return (bins[item],bins[item+1])\n",
   "                return (-np.inf,bins[item])\n",
   "            elif item == len(bins):\n",
   "                return (bins[-1],np.inf)\n",
   "                return (bins[item-1],bins[item])\n"
  ]
 },
 "23": {
  "name": "result",
  "type": "list",
  "class": "build-in",
  "approach": "annotation",
  "file_path": "binningpy/binningpy/base.py",
  "lineno": "95",
  "column": "8",
  "context": "inverse_transform(self,x, features_line):\n        result = []\n        for i, value in enumerate(x):\n            ",
  "context_lines": "                return (bins[-1],np.inf)\n            else:\n                return (bins[item-1],bins[item])\n        \n\n    def _inverse_transform(self,x, features_line):\n        result = []\n        for i, value in enumerate(x):\n            result.append(self._inverse_transform_item(value, features_line))\n        return result\n\n    def inverse_transform(self, X):\n",
  "slicing": [
   "        result = []\n",
   "            result.append(self._inverse_transform_item(value, features_line))\n",
   "        return result\n",
   "            result.append(self._inverse_transform(x, features_line))\n",
   "        return result\n"
  ]
 },
 "24": {
  "name": "X",
  "type": "sklearn.utils.check_array",
  "class": "imported",
  "approach": "annotation",
  "file_path": "binningpy/binningpy/base.py",
  "lineno": "110",
  "column": "8",
  "context": "\"\n        check_is_fitted(self, '_bins')\n\n        X = check_array(X, copy=self.copy)\n        result = []\n        for features_line, x i",
  "context_lines": "        X : array-like, shape [n_samples, n_features]\n            Input data that will be transformed. It cannot be sparse.\n        \"\"\"\n        check_is_fitted(self, '_bins')\n\n        X = check_array(X, copy=self.copy)\n        result = []\n        for features_line, x in enumerate(X.T):\n            result.append(self._inverse_transform(x, features_line))\n        return result\n\n",
  "slicing": [
   "        X = check_array(X, copy=self.copy)\n",
   "        for features_line, x in enumerate(X.T):\n",
   "            result.append(self._inverse_transform(x, features_line))\n"
  ]
 },
 "25": {
  "name": "result",
  "type": "list",
  "class": "build-in",
  "approach": "annotation",
  "file_path": "binningpy/binningpy/base.py",
  "lineno": "111",
  "column": "8",
  "context": "       X = check_array(X, copy=self.copy)\n        result = []\n        for features_line, x in enumerate(X.T):\n  ",
  "context_lines": "            Input data that will be transformed. It cannot be sparse.\n        \"\"\"\n        check_is_fitted(self, '_bins')\n\n        X = check_array(X, copy=self.copy)\n        result = []\n        for features_line, x in enumerate(X.T):\n            result.append(self._inverse_transform(x, features_line))\n        return result\n\n    def fit(self, X, y=None)->None:\n",
  "slicing": [
   "        result = []\n",
   "            result.append(self._inverse_transform(x, features_line))\n",
   "        return result\n"
  ]
 },
 "26": {
  "name": "__all__",
  "type": "list",
  "class": "build-in",
  "approach": "annotation",
  "file_path": "binningpy/binningpy/base.py",
  "lineno": "127",
  "column": "0",
  "context": "e. 没用\n\n        \"\"\"\n        raise NotImplemented\n\n\n__all__ = [\"BinningBase\"]\n",
  "context_lines": "            X (Sequence[float]): 待训练的连续型参数\n            y (Optional[Sequence[float]]): Defaults to None. 没用\n\n        \"\"\"\n        raise NotImplemented\n\n\n__all__ = [\"BinningBase\"]\n",
  "slicing": "__all__ = [\"BinningBase\"]\n"
 },
 "27": {
  "name": "X",
  "type": "sklearn.utils.check_array",
  "class": "imported",
  "approach": "annotation",
  "file_path": "binningpy/binningpy/unsupervised/constant_width.py",
  "lineno": "67",
  "column": "8",
  "context": " ``Pipeline`` compatibility.\n        \"\"\"\n\n        X = check_array(X, copy=self.copy, warn_on_dtype=True,\n                        estimator=self, dtype=FLOA",
  "context_lines": "            The data used to compute the mean and standard deviation\n            used for later scaling along the features axis.\n\n        y : Passthrough for ``Pipeline`` compatibility.\n        \"\"\"\n\n        X = check_array(X, copy=self.copy, warn_on_dtype=True,\n                        estimator=self, dtype=FLOAT_DTYPES)\n\n        data_min = np.min(X, axis=0)\n        data_max = np.max(X, axis=0)\n\n        # First pass\n",
  "slicing": [
   "        X = check_array(X, copy=self.copy, warn_on_dtype=True,\n",
   "        data_min = np.min(X, axis=0)\n",
   "        data_max = np.max(X, axis=0)\n",
   "            self._n_samples_seen = X.shape[0]\n",
   "            data_min = np.minimum(self._data_min, data_min)\n",
   "            data_max = np.maximum(self._data_max, data_max)\n",
   "            self._n_samples_seen += X.shape[0]\n",
   "        data_range = data_max - data_min\n",
   "        self._data_min = data_min\n",
   "        self._data_max = data_max\n",
   "        self._data_range = data_range\n",
   "                r = data_min + self._step * i\n",
   "                res.append(r)\n",
   "            res.append(data_max)\n",
   "                r = data_min + self._step * i\n",
   "                res.append(r)\n",
   "            res.append(data_max)\n"
  ]
 },
 "28": {
  "name": "data_min",
  "type": "UNKNOWN",
  "class": "unknown",
  "approach": "Pysonar2",
  "file_path": "binningpy/binningpy/unsupervised/constant_width.py",
  "lineno": "70",
  "column": "8",
  "context": "     estimator=self, dtype=FLOAT_DTYPES)\n\n        data_min = np.min(X, axis=0)\n        data_max = np.max(X, axis=0)\n\n        # Fi",
  "context_lines": "        y : Passthrough for ``Pipeline`` compatibility.\n        \"\"\"\n\n        X = check_array(X, copy=self.copy, warn_on_dtype=True,\n                        estimator=self, dtype=FLOAT_DTYPES)\n\n        data_min = np.min(X, axis=0)\n        data_max = np.max(X, axis=0)\n\n        # First pass\n        if not hasattr(self, '_n_samples_seen'):\n            self._n_samples_seen = X.shape[0]\n",
  "slicing": [
   "        data_min = np.min(X, axis=0)\n",
   "            data_min = np.minimum(self._data_min, data_min)\n",
   "        data_range = data_max - data_min\n",
   "        self._data_min = data_min\n",
   "        self._data_range = data_range\n",
   "                r = data_min + self._step * i\n",
   "                res.append(r)\n",
   "                r = data_min + self._step * i\n",
   "                res.append(r)\n"
  ]
 },
 "29": {
  "name": "data_max",
  "type": "UNKNOWN",
  "class": "unknown",
  "approach": "Pysonar2",
  "file_path": "binningpy/binningpy/unsupervised/constant_width.py",
  "lineno": "71",
  "column": "8",
  "context": "ES)\n\n        data_min = np.min(X, axis=0)\n        data_max = np.max(X, axis=0)\n\n        # First pass\n        if not hasattr(self,",
  "context_lines": "        \"\"\"\n\n        X = check_array(X, copy=self.copy, warn_on_dtype=True,\n                        estimator=self, dtype=FLOAT_DTYPES)\n\n        data_min = np.min(X, axis=0)\n        data_max = np.max(X, axis=0)\n\n        # First pass\n        if not hasattr(self, '_n_samples_seen'):\n            self._n_samples_seen = X.shape[0]\n",
  "slicing": [
   "        data_max = np.max(X, axis=0)\n",
   "            data_max = np.maximum(self._data_max, data_max)\n",
   "        data_range = data_max - data_min\n",
   "        self._data_max = data_max\n",
   "        self._data_range = data_range\n",
   "            res.append(data_max)\n",
   "            res.append(data_max)\n"
  ]
 },
 "30": {
  "name": "data_range",
  "type": "UNKNOWN",
  "class": "unknown",
  "approach": "Pysonar2",
  "file_path": "binningpy/binningpy/unsupervised/constant_width.py",
  "lineno": "82",
  "column": "8",
  "context": "      self._n_samples_seen += X.shape[0]\n\n        data_range = data_max - data_min\n        self._data_min = data_min\n        self._da",
  "context_lines": "        else:\n            data_min = np.minimum(self._data_min, data_min)\n            data_max = np.maximum(self._data_max, data_max)\n            self._n_samples_seen += X.shape[0]\n\n        data_range = data_max - data_min\n        self._data_min = data_min\n        self._data_max = data_max\n        self._data_range = data_range\n\n        if self.confined:\n",
  "slicing": [
   "        data_range = data_max - data_min\n",
   "        self._data_range = data_range\n"
  ]
 },
 "31": {
  "name": "res",
  "type": "list",
  "class": "build-in",
  "approach": "annotation",
  "file_path": "binningpy/binningpy/unsupervised/constant_width.py",
  "lineno": "90",
  "column": "12",
  "context": "((self._step.shape[0], self.bin_nbr))\n            res = []\n            for i in range(self.bin_nbr):\n        ",
  "context_lines": "        self._data_range = data_range\n\n        if self.confined:\n            self._step = self._data_range / self.bin_nbr\n            self._bins = np.zeros((self._step.shape[0], self.bin_nbr))\n            res = []\n            for i in range(self.bin_nbr):\n                r = data_min + self._step * i\n                res.append(r)\n            res.append(data_max)\n",
  "slicing": [
   "            res = []\n",
   "                res.append(r)\n",
   "            res.append(data_max)\n",
   "            bins = np.array(res)\n",
   "            bins[0] = bins[0] * 0.99 if bins[0] > 0 else bins[0] - 0.01\n",
   "            bins[-1] = bins[-1] * 1.01\n",
   "            self._bins = bins.T\n",
   "                res.append(r)\n",
   "            res.append(data_max)\n",
   "            bins = np.array(res)\n",
   "            self._bins = bins.T\n"
  ]
 },
 "32": {
  "name": "r",
  "type": "int",
  "class": "build-in",
  "approach": "Pysonar2",
  "file_path": "binningpy/binningpy/unsupervised/constant_width.py",
  "lineno": "92",
  "column": "16",
  "context": "    for i in range(self.bin_nbr):\n                r = data_min + self._step * i\n                res.append(r)\n            res.appe",
  "context_lines": "            self._step = self._data_range / self.bin_nbr\n            self._bins = np.zeros((self._step.shape[0], self.bin_nbr))\n            res = []\n            for i in range(self.bin_nbr):\n                r = data_min + self._step * i\n                res.append(r)\n            res.append(data_max)\n            bins = np.array(res)\n            # 最左和最右都扩大1%以囊括最小最大值\n",
  "slicing": [
   "                r = data_min + self._step * i\n",
   "                res.append(r)\n",
   "                res.append(r)\n"
  ]
 },
 "33": {
  "name": "bins",
  "type": "UNKNOWN",
  "class": "unknown",
  "approach": "Pysonar2",
  "file_path": "binningpy/binningpy/unsupervised/constant_width.py",
  "lineno": "95",
  "column": "12",
  "context": "d(r)\n            res.append(data_max)\n            bins = np.array(res)\n            # 最左和最右都扩大1%以囊括最小最大值\n            bins[",
  "context_lines": "            for i in range(self.bin_nbr):\n                r = data_min + self._step * i\n                res.append(r)\n            res.append(data_max)\n            bins = np.array(res)\n            # 最左和最右都扩大1%以囊括最小最大值\n            bins[0] = bins[0] * 0.99 if bins[0] > 0 else bins[0] - 0.01\n            bins[-1] = bins[-1] * 1.01\n            self._bins = bins.T\n",
  "slicing": [
   "            bins = np.array(res)\n",
   "            bins[0] = bins[0] * 0.99 if bins[0] > 0 else bins[0] - 0.01\n",
   "            bins[-1] = bins[-1] * 1.01\n",
   "            self._bins = bins.T\n",
   "            self._bins = bins.T\n"
  ]
 },
 "34": {
  "name": "data_min",
  "type": "UNKNOWN",
  "class": "unknown",
  "approach": "Pysonar2",
  "file_path": "binningpy/binningpy/unsupervised/constant_width.py",
  "lineno": "78",
  "column": "12",
  "context": "0]\n        # Next steps\n        else:\n            data_min = np.minimum(self._data_min, data_min)\n            data_max = np.maximum(self._data_max, ",
  "context_lines": "        if not hasattr(self, '_n_samples_seen'):\n            self._n_samples_seen = X.shape[0]\n        # Next steps\n        else:\n            data_min = np.minimum(self._data_min, data_min)\n            data_max = np.maximum(self._data_max, data_max)\n            self._n_samples_seen += X.shape[0]\n\n        data_range = data_max - data_min\n        self._data_min = data_min\n",
  "slicing": [
   "            data_min = np.minimum(self._data_min, data_min)\n",
   "        data_range = data_max - data_min\n",
   "        self._data_min = data_min\n",
   "        self._data_range = data_range\n",
   "                r = data_min + self._step * i\n",
   "                res.append(r)\n",
   "                r = data_min + self._step * i\n",
   "                res.append(r)\n"
  ]
 },
 "35": {
  "name": "data_max",
  "type": "UNKNOWN",
  "class": "unknown",
  "approach": "Pysonar2",
  "file_path": "binningpy/binningpy/unsupervised/constant_width.py",
  "lineno": "79",
  "column": "12",
  "context": " np.minimum(self._data_min, data_min)\n            data_max = np.maximum(self._data_max, data_max)\n            self._n_samples_seen += X.shape[0]\n\n  ",
  "context_lines": "            self._n_samples_seen = X.shape[0]\n        # Next steps\n        else:\n            data_min = np.minimum(self._data_min, data_min)\n            data_max = np.maximum(self._data_max, data_max)\n            self._n_samples_seen += X.shape[0]\n\n        data_range = data_max - data_min\n        self._data_min = data_min\n        self._data_max = data_max\n",
  "slicing": [
   "            data_max = np.maximum(self._data_max, data_max)\n",
   "        data_range = data_max - data_min\n",
   "        self._data_max = data_max\n",
   "        self._data_range = data_range\n",
   "            res.append(data_max)\n",
   "            res.append(data_max)\n"
  ]
 },
 "36": {
  "name": "res",
  "type": "list",
  "class": "build-in",
  "approach": "annotation",
  "file_path": "binningpy/binningpy/unsupervised/constant_width.py",
  "lineno": "103",
  "column": "12",
  "context": "._step.shape[0], (self.bin_nbr - 2)))\n            res = []\n            for i in range(self.bin_nbr - 2):\n    ",
  "context_lines": "            self._bins = bins.T\n        else:\n            self._step = self._data_range / (self.bin_nbr - 2)\n            self._bins = np.zeros((self._step.shape[0], (self.bin_nbr - 2)))\n            res = []\n            for i in range(self.bin_nbr - 2):\n                r = data_min + self._step * i\n                res.append(r)\n            res.append(data_max)\n",
  "slicing": [
   "            res = []\n",
   "                res.append(r)\n",
   "            res.append(data_max)\n",
   "            bins = np.array(res)\n",
   "            self._bins = bins.T\n"
  ]
 },
 "37": {
  "name": "r",
  "type": "int",
  "class": "build-in",
  "approach": "Pysonar2",
  "file_path": "binningpy/binningpy/unsupervised/constant_width.py",
  "lineno": "105",
  "column": "16",
  "context": "for i in range(self.bin_nbr - 2):\n                r = data_min + self._step * i\n                res.append(r)\n            res.appe",
  "context_lines": "            self._step = self._data_range / (self.bin_nbr - 2)\n            self._bins = np.zeros((self._step.shape[0], (self.bin_nbr - 2)))\n            res = []\n            for i in range(self.bin_nbr - 2):\n                r = data_min + self._step * i\n                res.append(r)\n            res.append(data_max)\n            bins = np.array(res)\n            self._bins = bins.T\n",
  "slicing": [
   "                r = data_min + self._step * i\n",
   "                res.append(r)\n"
  ]
 },
 "38": {
  "name": "bins",
  "type": "UNKNOWN",
  "class": "unknown",
  "approach": "Pysonar2",
  "file_path": "binningpy/binningpy/unsupervised/constant_width.py",
  "lineno": "108",
  "column": "12",
  "context": "d(r)\n            res.append(data_max)\n            bins = np.array(res)\n            self._bins = bins.T\n        return sel",
  "context_lines": "            for i in range(self.bin_nbr - 2):\n                r = data_min + self._step * i\n                res.append(r)\n            res.append(data_max)\n            bins = np.array(res)\n            self._bins = bins.T\n",
  "slicing": [
   "            bins = np.array(res)\n",
   "            self._bins = bins.T\n"
  ]
 },
 "39": {
  "name": "path",
  "type": "str",
  "class": "build-in",
  "approach": "annotation",
  "file_path": "binningpy/test/test_base.py",
  "lineno": "8",
  "column": "4",
  "context": ":\n    import sys\n    from pathlib import Path\n    path = str(\n        Path(__file__).absolute().parent.parent\n  ",
  "context_lines": "    from binningpy.base import BinningBase\nexcept:\n    import sys\n    from pathlib import Path\n    path = str(\n        Path(__file__).absolute().parent.parent\n    )\n    if path not in sys.path:\n        sys.path.append(path)\n",
  "slicing": [
   "    path = str(\n",
   "    if path not in sys.path:\n",
   "        sys.path.append(path)\n"
  ]
 },
 "40": {
  "name": "bb",
  "type": "binningpy.base.BinningBase",
  "class": "customized",
  "approach": "annotation",
  "file_path": "binningpy/test/test_base.py",
  "lineno": "41",
  "column": "12",
  "context": "ror, r\"bin number must be int\") as a:\n            bb = BinningBase(bin_nbr=1.2)\n\n        with self.assertRaisesRegex(AttributeErro",
  "context_lines": "    def tearDown(self):\n        print(\"instance tearDown\")\n\n    def test_BinningBase_init(self):\n        with self.assertRaisesRegex(AttributeError, r\"bin number must be int\") as a:\n            bb = BinningBase(bin_nbr=1.2)\n\n        with self.assertRaisesRegex(AttributeError, r\"bin number must > 0 when confined is True\") as a:\n            bb = BinningBase(bin_nbr=-1)\n\n        with self.assertRaisesRegex(AttributeError, r\"bin number must > 2 when confined is False\") as a:\n",
  "slicing": [
   "            bb = BinningBase(bin_nbr=1.2)\n",
   "        self.assertIsInstance(bb, BinningBase)\n",
   "        self.assertEqual(bb.bin_nbr, 3)\n",
   "        self.assertEqual(bb.confined, True)\n",
   "        self.assertEqual(bb.copy, True)\n",
   "        bb._bins = [[0, 2, 4, 6, 8]]\n",
   "        result = bb.transform(\n",
   "        assert all(map(lambda x: x[0][0] == x[1][0], zip(result, np.array(\n",
   "        y = bb.inverse_transform(result)\n",
   "        print(y)\n",
   "        bb._bins = [[2, 4, 6]]\n",
   "        result = bb.transform(\n",
   "        assert all(map(lambda x: x[0][0] == x[1][0], zip(result, np.array(\n"
  ]
 },
 "41": {
  "name": "bb",
  "type": "binningpy.base.BinningBase",
  "class": "customized",
  "approach": "annotation",
  "file_path": "binningpy/test/test_base.py",
  "lineno": "44",
  "column": "12",
  "context": "ust > 0 when confined is True\") as a:\n            bb = BinningBase(bin_nbr=-1)\n\n        with self.assertRaisesRegex(AttributeErro",
  "context_lines": "    def test_BinningBase_init(self):\n        with self.assertRaisesRegex(AttributeError, r\"bin number must be int\") as a:\n            bb = BinningBase(bin_nbr=1.2)\n\n        with self.assertRaisesRegex(AttributeError, r\"bin number must > 0 when confined is True\") as a:\n            bb = BinningBase(bin_nbr=-1)\n\n        with self.assertRaisesRegex(AttributeError, r\"bin number must > 2 when confined is False\") as a:\n            bb = BinningBase(bin_nbr=-1, confined=False)\n        bb = BinningBase(bin_nbr=3)\n",
  "slicing": [
   "            bb = BinningBase(bin_nbr=-1)\n",
   "        self.assertIsInstance(bb, BinningBase)\n",
   "        self.assertEqual(bb.bin_nbr, 3)\n",
   "        self.assertEqual(bb.confined, True)\n",
   "        self.assertEqual(bb.copy, True)\n",
   "        bb._bins = [[0, 2, 4, 6, 8]]\n",
   "        result = bb.transform(\n",
   "        assert all(map(lambda x: x[0][0] == x[1][0], zip(result, np.array(\n",
   "        y = bb.inverse_transform(result)\n",
   "        print(y)\n",
   "        bb._bins = [[2, 4, 6]]\n",
   "        result = bb.transform(\n",
   "        assert all(map(lambda x: x[0][0] == x[1][0], zip(result, np.array(\n"
  ]
 },
 "42": {
  "name": "bb",
  "type": "binningpy.base.BinningBase",
  "class": "customized",
  "approach": "annotation",
  "file_path": "binningpy/test/test_base.py",
  "lineno": "47",
  "column": "12",
  "context": "st > 2 when confined is False\") as a:\n            bb = BinningBase(bin_nbr=-1, confined=False)\n        bb = BinningBase(bin_nbr=3)\n        self.a",
  "context_lines": "            bb = BinningBase(bin_nbr=1.2)\n\n        with self.assertRaisesRegex(AttributeError, r\"bin number must > 0 when confined is True\") as a:\n            bb = BinningBase(bin_nbr=-1)\n\n        with self.assertRaisesRegex(AttributeError, r\"bin number must > 2 when confined is False\") as a:\n            bb = BinningBase(bin_nbr=-1, confined=False)\n        bb = BinningBase(bin_nbr=3)\n        self.assertIsInstance(bb, BinningBase)\n        self.assertEqual(bb.bin_nbr, 3)\n        self.assertEqual(bb.confined, True)\n",
  "slicing": [
   "            bb = BinningBase(bin_nbr=-1, confined=False)\n",
   "        self.assertIsInstance(bb, BinningBase)\n",
   "        self.assertEqual(bb.bin_nbr, 3)\n",
   "        self.assertEqual(bb.confined, True)\n",
   "        self.assertEqual(bb.copy, True)\n",
   "        bb._bins = [[0, 2, 4, 6, 8]]\n",
   "        result = bb.transform(\n",
   "        assert all(map(lambda x: x[0][0] == x[1][0], zip(result, np.array(\n",
   "        y = bb.inverse_transform(result)\n",
   "        print(y)\n",
   "        bb._bins = [[2, 4, 6]]\n",
   "        result = bb.transform(\n",
   "        assert all(map(lambda x: x[0][0] == x[1][0], zip(result, np.array(\n"
  ]
 },
 "43": {
  "name": "bb",
  "type": "binningpy.base.BinningBase",
  "class": "customized",
  "approach": "annotation",
  "file_path": "binningpy/test/test_base.py",
  "lineno": "48",
  "column": "8",
  "context": "= BinningBase(bin_nbr=-1, confined=False)\n        bb = BinningBase(bin_nbr=3)\n        self.assertIsInstance(bb, BinningBase)\n   ",
  "context_lines": "        with self.assertRaisesRegex(AttributeError, r\"bin number must > 0 when confined is True\") as a:\n            bb = BinningBase(bin_nbr=-1)\n\n        with self.assertRaisesRegex(AttributeError, r\"bin number must > 2 when confined is False\") as a:\n            bb = BinningBase(bin_nbr=-1, confined=False)\n        bb = BinningBase(bin_nbr=3)\n        self.assertIsInstance(bb, BinningBase)\n        self.assertEqual(bb.bin_nbr, 3)\n        self.assertEqual(bb.confined, True)\n        self.assertEqual(bb.copy, True)\n\n",
  "slicing": [
   "        bb = BinningBase(bin_nbr=3)\n",
   "        self.assertIsInstance(bb, BinningBase)\n",
   "        self.assertEqual(bb.bin_nbr, 3)\n",
   "        self.assertEqual(bb.confined, True)\n",
   "        self.assertEqual(bb.copy, True)\n",
   "        bb._bins = [[0, 2, 4, 6, 8]]\n",
   "        result = bb.transform(\n",
   "        assert all(map(lambda x: x[0][0] == x[1][0], zip(result, np.array(\n",
   "        y = bb.inverse_transform(result)\n",
   "        print(y)\n",
   "        bb._bins = [[2, 4, 6]]\n",
   "        result = bb.transform(\n",
   "        assert all(map(lambda x: x[0][0] == x[1][0], zip(result, np.array(\n"
  ]
 },
 "44": {
  "name": "bb",
  "type": "binningpy.base.BinningBase",
  "class": "customized",
  "approach": "annotation",
  "file_path": "binningpy/test/test_base.py",
  "lineno": "55",
  "column": "8",
  "context": ")\n\n    def test_confined_transform(self):\n        bb = BinningBase(4)\n        bb._bins = [[0, 2, 4, 6, 8]]\n        resul",
  "context_lines": "        self.assertEqual(bb.bin_nbr, 3)\n        self.assertEqual(bb.confined, True)\n        self.assertEqual(bb.copy, True)\n\n    def test_confined_transform(self):\n        bb = BinningBase(4)\n        bb._bins = [[0, 2, 4, 6, 8]]\n        result = bb.transform(\n            np.array([1, 1, 3, 3, 2, 1, 3, 5, 6, 7, 7, 2]).reshape(-1, 1))\n        assert all(map(lambda x: x[0][0] == x[1][0], zip(result, np.array(\n",
  "slicing": [
   "        bb = BinningBase(4)\n",
   "        bb._bins = [[0, 2, 4, 6, 8]]\n",
   "        result = bb.transform(\n",
   "        assert all(map(lambda x: x[0][0] == x[1][0], zip(result, np.array(\n",
   "        y = bb.inverse_transform(result)\n",
   "        print(y)\n",
   "        bb._bins = [[2, 4, 6]]\n",
   "        result = bb.transform(\n",
   "        assert all(map(lambda x: x[0][0] == x[1][0], zip(result, np.array(\n"
  ]
 },
 "45": {
  "name": "result",
  "type": "UNKNOWN",
  "class": "unknown",
  "approach": "Pysonar2",
  "file_path": "binningpy/test/test_base.py",
  "lineno": "57",
  "column": "8",
  "context": "e(4)\n        bb._bins = [[0, 2, 4, 6, 8]]\n        result = bb.transform(\n            np.array([1, 1, 3, 3, 2, 1, 3, 5, 6, 7",
  "context_lines": "        self.assertEqual(bb.copy, True)\n\n    def test_confined_transform(self):\n        bb = BinningBase(4)\n        bb._bins = [[0, 2, 4, 6, 8]]\n        result = bb.transform(\n            np.array([1, 1, 3, 3, 2, 1, 3, 5, 6, 7, 7, 2]).reshape(-1, 1))\n        assert all(map(lambda x: x[0][0] == x[1][0], zip(result, np.array(\n            [[0], [0], [1], [1], [1], [0], [1], [2], [3], [3], [3], [1]]))))\n        #print(result)\n",
  "slicing": [
   "        result = bb.transform(\n",
   "        assert all(map(lambda x: x[0][0] == x[1][0], zip(result, np.array(\n",
   "        y = bb.inverse_transform(result)\n",
   "        print(y)\n",
   "        assert all(map(lambda x: x[0][0] == x[1][0], zip(result, np.array(\n"
  ]
 },
 "46": {
  "name": "y",
  "type": "UNKNOWN",
  "class": "unknown",
  "approach": "Pysonar2",
  "file_path": "binningpy/test/test_base.py",
  "lineno": "62",
  "column": "8",
  "context": "[3], [3], [1]]))))\n        #print(result)\n        y = bb.inverse_transform(result)\n        print(y)\n\n    def test_unconfined_transfor",
  "context_lines": "            np.array([1, 1, 3, 3, 2, 1, 3, 5, 6, 7, 7, 2]).reshape(-1, 1))\n        assert all(map(lambda x: x[0][0] == x[1][0], zip(result, np.array(\n            [[0], [0], [1], [1], [1], [0], [1], [2], [3], [3], [3], [1]]))))\n        #print(result)\n        y = bb.inverse_transform(result)\n        print(y)\n\n    def test_unconfined_transform(self):\n        bb = BinningBase(4, confined=False)\n        bb._bins = [[2, 4, 6]]\n",
  "slicing": [
   "        y = bb.inverse_transform(result)\n",
   "        print(y)\n"
  ]
 },
 "47": {
  "name": "bb",
  "type": "binningpy.base.BinningBase",
  "class": "customized",
  "approach": "annotation",
  "file_path": "binningpy/test/test_base.py",
  "lineno": "66",
  "column": "8",
  "context": "\n    def test_unconfined_transform(self):\n        bb = BinningBase(4, confined=False)\n        bb._bins = [[2, 4, 6]]\n        result = bb",
  "context_lines": "        #print(result)\n        y = bb.inverse_transform(result)\n        print(y)\n\n    def test_unconfined_transform(self):\n        bb = BinningBase(4, confined=False)\n        bb._bins = [[2, 4, 6]]\n        result = bb.transform(\n            np.array([1, 1, 3, 3, 2, 1, 3, 5, 6, 7, 7, 2]).reshape(-1, 1))\n        #print(result)\n",
  "slicing": [
   "        bb = BinningBase(4, confined=False)\n",
   "        bb._bins = [[2, 4, 6]]\n",
   "        result = bb.transform(\n",
   "        assert all(map(lambda x: x[0][0] == x[1][0], zip(result, np.array(\n"
  ]
 },
 "48": {
  "name": "result",
  "type": "UNKNOWN",
  "class": "unknown",
  "approach": "Pysonar2",
  "file_path": "binningpy/test/test_base.py",
  "lineno": "68",
  "column": "8",
  "context": "ned=False)\n        bb._bins = [[2, 4, 6]]\n        result = bb.transform(\n            np.array([1, 1, 3, 3, 2, 1, 3, 5, 6, 7",
  "context_lines": "        print(y)\n\n    def test_unconfined_transform(self):\n        bb = BinningBase(4, confined=False)\n        bb._bins = [[2, 4, 6]]\n        result = bb.transform(\n            np.array([1, 1, 3, 3, 2, 1, 3, 5, 6, 7, 7, 2]).reshape(-1, 1))\n        #print(result)\n        assert all(map(lambda x: x[0][0] == x[1][0], zip(result, np.array(\n            [[0], [0], [1], [1], [1], [0], [1], [2], [3], [3], [3], [1]]))))\n\n\n",
  "slicing": [
   "        result = bb.transform(\n",
   "        assert all(map(lambda x: x[0][0] == x[1][0], zip(result, np.array(\n"
  ]
 },
 "49": {
  "name": "suite",
  "type": "UNKNOWN",
  "class": "unknown",
  "approach": "Pysonar2",
  "file_path": "binningpy/test/test_base.py",
  "lineno": "76",
  "column": "4",
  "context": "[3], [3], [1]]))))\n\n\ndef BinningBase_suite():\n    suite = unittest.TestSuite()\n    suite.addTest(TestBinningBase(\"test_BinningBas",
  "context_lines": "        #print(result)\n        assert all(map(lambda x: x[0][0] == x[1][0], zip(result, np.array(\n            [[0], [0], [1], [1], [1], [0], [1], [2], [3], [3], [3], [1]]))))\n\n\ndef BinningBase_suite():\n    suite = unittest.TestSuite()\n    suite.addTest(TestBinningBase(\"test_BinningBase_init\"))\n    suite.addTest(TestBinningBase(\"test_confined_transform\"))\n    suite.addTest(TestBinningBase(\"test_unconfined_transform\"))\n    return suite\n\n\n",
  "slicing": [
   "    suite = unittest.TestSuite()\n",
   "    suite.addTest(TestBinningBase(\"test_BinningBase_init\"))\n",
   "    suite.addTest(TestBinningBase(\"test_confined_transform\"))\n",
   "    suite.addTest(TestBinningBase(\"test_unconfined_transform\"))\n",
   "    return suite\n"
  ]
 },
 "50": {
  "name": "runner",
  "type": "UNKNOWN",
  "class": "unknown",
  "approach": "Pysonar2",
  "file_path": "binningpy/test/test_base.py",
  "lineno": "84",
  "column": "4",
  "context": "    return suite\n\n\nif __name__ == '__main__':\n    runner = unittest.TextTestRunner(verbosity=2)\n    test_suite = BinningBase_suite()\n    runner.ru",
  "context_lines": "    suite.addTest(TestBinningBase(\"test_confined_transform\"))\n    suite.addTest(TestBinningBase(\"test_unconfined_transform\"))\n    return suite\n\n\nif __name__ == '__main__':\n    runner = unittest.TextTestRunner(verbosity=2)\n    test_suite = BinningBase_suite()\n",
  "slicing": [
   "    runner = unittest.TextTestRunner(verbosity=2)\n",
   "    runner.run(test_suite)\n"
  ]
 },
 "51": {
  "name": "test_suite",
  "type": "UNKNOWN",
  "class": "unknown",
  "approach": "annotation",
  "file_path": "binningpy/test/test_base.py",
  "lineno": "85",
  "column": "4",
  "context": "runner = unittest.TextTestRunner(verbosity=2)\n    test_suite = BinningBase_suite()\n    runner.run(test_suite)\n",
  "context_lines": "    suite.addTest(TestBinningBase(\"test_unconfined_transform\"))\n    return suite\n\n\nif __name__ == '__main__':\n    runner = unittest.TextTestRunner(verbosity=2)\n    test_suite = BinningBase_suite()\n",
  "slicing": [
   "    test_suite = BinningBase_suite()\n",
   "    runner.run(test_suite)\n"
  ]
 },
 "52": {
  "name": "path",
  "type": "str",
  "class": "build-in",
  "approach": "annotation",
  "file_path": "binningpy/test/test_constant_width.py",
  "lineno": "8",
  "column": "4",
  "context": ":\n    import sys\n    from pathlib import Path\n    path = str(\n        Path(__file__).absolute().parent.parent\n  ",
  "context_lines": "    from binningpy.unsupervised.constant_width import ConstantWidthBinning\nexcept:\n    import sys\n    from pathlib import Path\n    path = str(\n        Path(__file__).absolute().parent.parent\n    )\n    if path not in sys.path:\n        sys.path.append(path)\n",
  "slicing": [
   "    path = str(\n",
   "    if path not in sys.path:\n",
   "        sys.path.append(path)\n"
  ]
 },
 "53": {
  "name": "bb",
  "type": "binningpy.unsupervised.constant_width.ConstantWidthBinning",
  "class": "customized",
  "approach": "annotation",
  "file_path": "binningpy/test/test_constant_width.py",
  "lineno": "40",
  "column": "8",
  "context": ")\n\n    def test_confined_transform(self):\n        bb = ConstantWidthBinning(4)\n        bb.fit(np.array([1, 1, 3, 3, 2, 1, 3, 5, 6",
  "context_lines": "        print(\"instance setUp\")\n\n    def tearDown(self):\n        print(\"instance tearDown\")\n\n    def test_confined_transform(self):\n        bb = ConstantWidthBinning(4)\n        bb.fit(np.array([1, 1, 3, 3, 2, 1, 3, 5, 6, 7, 7, 2]).reshape(-1, 1))\n        print(bb._bins)\n        result = bb.transform(np.array([1, 1, 3, 3, 2, 1, 3, 5, 6, 7, 7, 2]).reshape(-1, 1))\n        target_result = np.array([[0], [0], [1], [1], [0], [0], [1], [2], [3], [3], [3], [0]])\n",
  "slicing": [
   "        bb = ConstantWidthBinning(4)\n",
   "        bb.fit(np.array([1, 1, 3, 3, 2, 1, 3, 5, 6, 7, 7, 2]).reshape(-1, 1))\n",
   "        print(bb._bins)\n",
   "        result = bb.transform(np.array([1, 1, 3, 3, 2, 1, 3, 5, 6, 7, 7, 2]).reshape(-1, 1))\n",
   "        print(result)\n",
   "        assert all(map(lambda x: x[0][0] == x[1][0], zip(result, target_result)))\n"
  ]
 },
 "54": {
  "name": "result",
  "type": "UNKNOWN",
  "class": "unknown",
  "approach": "Pysonar2",
  "file_path": "binningpy/test/test_constant_width.py",
  "lineno": "43",
  "column": "8",
  "context": ").reshape(-1, 1))\n        print(bb._bins)\n        result = bb.transform(np.array([1, 1, 3, 3, 2, 1, 3, 5, 6, 7, 7, 2]).reshape(-1, 1))\n        target_result = np.array([[0], [0], [1], [",
  "context_lines": "    def test_confined_transform(self):\n        bb = ConstantWidthBinning(4)\n        bb.fit(np.array([1, 1, 3, 3, 2, 1, 3, 5, 6, 7, 7, 2]).reshape(-1, 1))\n        print(bb._bins)\n        result = bb.transform(np.array([1, 1, 3, 3, 2, 1, 3, 5, 6, 7, 7, 2]).reshape(-1, 1))\n        target_result = np.array([[0], [0], [1], [1], [0], [0], [1], [2], [3], [3], [3], [0]])\n        print(result)\n        assert all(map(lambda x: x[0][0] == x[1][0], zip(result, target_result)))\n\n\ndef BinningBase_suite():\n",
  "slicing": [
   "        result = bb.transform(np.array([1, 1, 3, 3, 2, 1, 3, 5, 6, 7, 7, 2]).reshape(-1, 1))\n",
   "        print(result)\n",
   "        assert all(map(lambda x: x[0][0] == x[1][0], zip(result, target_result)))\n"
  ]
 },
 "55": {
  "name": "target_result",
  "type": "UNKNOWN",
  "class": "unknown",
  "approach": "Pysonar2",
  "file_path": "binningpy/test/test_constant_width.py",
  "lineno": "44",
  "column": "8",
  "context": " 2, 1, 3, 5, 6, 7, 7, 2]).reshape(-1, 1))\n        target_result = np.array([[0], [0], [1], [1], [0], [0], [1], [2], [3], [3], [3], [0]])\n        print(result)\n        assert all(map(lambd",
  "context_lines": "        bb = ConstantWidthBinning(4)\n        bb.fit(np.array([1, 1, 3, 3, 2, 1, 3, 5, 6, 7, 7, 2]).reshape(-1, 1))\n        print(bb._bins)\n        result = bb.transform(np.array([1, 1, 3, 3, 2, 1, 3, 5, 6, 7, 7, 2]).reshape(-1, 1))\n        target_result = np.array([[0], [0], [1], [1], [0], [0], [1], [2], [3], [3], [3], [0]])\n        print(result)\n        assert all(map(lambda x: x[0][0] == x[1][0], zip(result, target_result)))\n\n\ndef BinningBase_suite():\n    suite = unittest.TestSuite()\n",
  "slicing": [
   "        target_result = np.array([[0], [0], [1], [1], [0], [0], [1], [2], [3], [3], [3], [0]])\n",
   "        assert all(map(lambda x: x[0][0] == x[1][0], zip(result, target_result)))\n"
  ]
 },
 "56": {
  "name": "suite",
  "type": "UNKNOWN",
  "class": "unknown",
  "approach": "Pysonar2",
  "file_path": "binningpy/test/test_constant_width.py",
  "lineno": "50",
  "column": "4",
  "context": ", target_result)))\n\n\ndef BinningBase_suite():\n    suite = unittest.TestSuite()\n    suite.addTest(TestConstantWidthBinning(\"test_c",
  "context_lines": "        target_result = np.array([[0], [0], [1], [1], [0], [0], [1], [2], [3], [3], [3], [0]])\n        print(result)\n        assert all(map(lambda x: x[0][0] == x[1][0], zip(result, target_result)))\n\n\ndef BinningBase_suite():\n    suite = unittest.TestSuite()\n    suite.addTest(TestConstantWidthBinning(\"test_confined_transform\"))\n    return suite\n\n\nif __name__ == '__main__':\n    runner = unittest.TextTestRunner(verbosity=2)\n",
  "slicing": [
   "    suite = unittest.TestSuite()\n",
   "    suite.addTest(TestConstantWidthBinning(\"test_confined_transform\"))\n",
   "    return suite\n"
  ]
 },
 "57": {
  "name": "runner",
  "type": "UNKNOWN",
  "class": "unknown",
  "approach": "Pysonar2",
  "file_path": "binningpy/test/test_constant_width.py",
  "lineno": "56",
  "column": "4",
  "context": "    return suite\n\n\nif __name__ == '__main__':\n    runner = unittest.TextTestRunner(verbosity=2)\n    test_suite = BinningBase_suite()\n    runner.ru",
  "context_lines": "    suite = unittest.TestSuite()\n    suite.addTest(TestConstantWidthBinning(\"test_confined_transform\"))\n    return suite\n\n\nif __name__ == '__main__':\n    runner = unittest.TextTestRunner(verbosity=2)\n    test_suite = BinningBase_suite()\n",
  "slicing": [
   "    runner = unittest.TextTestRunner(verbosity=2)\n",
   "    runner.run(test_suite)\n"
  ]
 },
 "58": {
  "name": "test_suite",
  "type": "UNKNOWN",
  "class": "unknown",
  "approach": "annotation",
  "file_path": "binningpy/test/test_constant_width.py",
  "lineno": "57",
  "column": "4",
  "context": "runner = unittest.TextTestRunner(verbosity=2)\n    test_suite = BinningBase_suite()\n    runner.run(test_suite)\n",
  "context_lines": "    suite.addTest(TestConstantWidthBinning(\"test_confined_transform\"))\n    return suite\n\n\nif __name__ == '__main__':\n    runner = unittest.TextTestRunner(verbosity=2)\n    test_suite = BinningBase_suite()\n",
  "slicing": [
   "    test_suite = BinningBase_suite()\n",
   "    runner.run(test_suite)\n"
  ]
 },
 "59": {
  "name": "bin_nbr",
  "type": "int",
  "class": "build-in",
  "approach": "annotation",
  "file_path": "binningpy/binningpy/base.py",
  "lineno": "25",
  "column": "23",
  "context": "组成的list,相邻两点左开右闭\n\n    \"\"\"\n\n    def __init__(self, bin_nbr: int=4, confined: bool=True, copy: bool=True)->None:\n        if not isinstance(bin_nbr, int):\n         ",
  "context_lines": "        copy (bool): 是否复制输入\n\n    Protected:\n        _bins (List[float]): 分箱的间隔位置组成的list,相邻两点左开右闭\n\n    \"\"\"\n\n    def __init__(self, bin_nbr: int=4, confined: bool=True, copy: bool=True)->None:\n        if not isinstance(bin_nbr, int):\n            raise AttributeError(\"bin number must be int\")\n        if confined and bin_nbr <= 0:\n            raise AttributeError(\"bin number must > 0 when confined is True\")\n",
  "slicing": "    def __init__(self, bin_nbr: int=4, confined: bool=True, copy: bool=True)->None:\n"
 },
 "60": {
  "name": "confined",
  "type": "bool",
  "class": "build-in",
  "approach": "annotation",
  "file_path": "binningpy/binningpy/base.py",
  "lineno": "25",
  "column": "39",
  "context": "\n\n    \"\"\"\n\n    def __init__(self, bin_nbr: int=4, confined: bool=True, copy: bool=True)->None:\n        if not isinstance(bin_nbr, int):\n         ",
  "context_lines": "        copy (bool): 是否复制输入\n\n    Protected:\n        _bins (List[float]): 分箱的间隔位置组成的list,相邻两点左开右闭\n\n    \"\"\"\n\n    def __init__(self, bin_nbr: int=4, confined: bool=True, copy: bool=True)->None:\n        if not isinstance(bin_nbr, int):\n            raise AttributeError(\"bin number must be int\")\n        if confined and bin_nbr <= 0:\n            raise AttributeError(\"bin number must > 0 when confined is True\")\n",
  "slicing": "    def __init__(self, bin_nbr: int=4, confined: bool=True, copy: bool=True)->None:\n"
 },
 "61": {
  "name": "copy",
  "type": "bool",
  "class": "build-in",
  "approach": "annotation",
  "file_path": "binningpy/binningpy/base.py",
  "lineno": "25",
  "column": "60",
  "context": "init__(self, bin_nbr: int=4, confined: bool=True, copy: bool=True)->None:\n        if not isinstance(bin_nbr, int):\n         ",
  "context_lines": "        copy (bool): 是否复制输入\n\n    Protected:\n        _bins (List[float]): 分箱的间隔位置组成的list,相邻两点左开右闭\n\n    \"\"\"\n\n    def __init__(self, bin_nbr: int=4, confined: bool=True, copy: bool=True)->None:\n        if not isinstance(bin_nbr, int):\n            raise AttributeError(\"bin number must be int\")\n        if confined and bin_nbr <= 0:\n            raise AttributeError(\"bin number must > 0 when confined is True\")\n",
  "slicing": "    def __init__(self, bin_nbr: int=4, confined: bool=True, copy: bool=True)->None:\n"
 },
 "62": {
  "name": "item",
  "type": "UNKNOWN",
  "class": "unknown",
  "approach": "Pysonar2",
  "file_path": "binningpy/binningpy/base.py",
  "lineno": "37",
  "column": "30",
  "context": "  self.copy = copy\n\n    def _transform_item(self, item, features_line)->int:\n        bins = self._bins[features_line]\n        f",
  "context_lines": "            raise AttributeError(\"bin number must > 2 when confined is False\")\n\n        self.bin_nbr = bin_nbr\n        self.confined = confined\n        self.copy = copy\n\n    def _transform_item(self, item, features_line)->int:\n        bins = self._bins[features_line]\n        for i in range(len(bins) - 1):\n            if self.confined:\n                if bins[i] <= item < bins[i + 1]:\n",
  "slicing": "    def _transform_item(self, item, features_line)->int:\n"
 },
 "63": {
  "name": "features_line",
  "type": "UNKNOWN",
  "class": "unknown",
  "approach": "Pysonar2",
  "file_path": "binningpy/binningpy/base.py",
  "lineno": "37",
  "column": "36",
  "context": ".copy = copy\n\n    def _transform_item(self, item, features_line)->int:\n        bins = self._bins[features_line]\n        f",
  "context_lines": "            raise AttributeError(\"bin number must > 2 when confined is False\")\n\n        self.bin_nbr = bin_nbr\n        self.confined = confined\n        self.copy = copy\n\n    def _transform_item(self, item, features_line)->int:\n        bins = self._bins[features_line]\n        for i in range(len(bins) - 1):\n            if self.confined:\n                if bins[i] <= item < bins[i + 1]:\n",
  "slicing": "    def _transform_item(self, item, features_line)->int:\n"
 },
 "64": {
  "name": "x",
  "type": "UNKNOWN",
  "class": "unknown",
  "approach": "Pysonar2",
  "file_path": "binningpy/binningpy/base.py",
  "lineno": "59",
  "column": "25",
  "context": "               return 0\n\n    def _transform(self, x, features_line):\n        for i, value in enumerate(x):\n            ",
  "context_lines": "                if item >= bins[-1]:\n                    return len(bins)\n                if item < bins[0]:\n                    return 0\n\n    def _transform(self, x, features_line):\n        for i, value in enumerate(x):\n            x[i] = self._transform_item(value, features_line)\n        return x\n\n    def transform(self, X):\n",
  "slicing": "    def _transform(self, x, features_line):\n"
 },
 "65": {
  "name": "features_line",
  "type": "UNKNOWN",
  "class": "unknown",
  "approach": "Pysonar2",
  "file_path": "binningpy/binningpy/base.py",
  "lineno": "59",
  "column": "28",
  "context": "            return 0\n\n    def _transform(self, x, features_line):\n        for i, value in enumerate(x):\n            ",
  "context_lines": "                if item >= bins[-1]:\n                    return len(bins)\n                if item < bins[0]:\n                    return 0\n\n    def _transform(self, x, features_line):\n        for i, value in enumerate(x):\n            x[i] = self._transform_item(value, features_line)\n        return x\n\n    def transform(self, X):\n",
  "slicing": "    def _transform(self, x, features_line):\n"
 },
 "66": {
  "name": "X",
  "type": "UNKNOWN",
  "class": "unknown",
  "approach": "Pysonar2",
  "file_path": "binningpy/binningpy/base.py",
  "lineno": "64",
  "column": "24",
  "context": "s_line)\n        return x\n\n    def transform(self, X):\n        \"\"\"连续数据变换为离散值.\n\n        Parameters\n       ",
  "context_lines": "    def _transform(self, x, features_line):\n        for i, value in enumerate(x):\n            x[i] = self._transform_item(value, features_line)\n        return x\n\n    def transform(self, X):\n        \"\"\"连续数据变换为离散值.\n\n        Parameters\n        ----------\n        X : array-like, shape [n_samples, n_features]\n",
  "slicing": "    def transform(self, X):\n"
 },
 "67": {
  "name": "item",
  "type": "UNKNOWN",
  "class": "unknown",
  "approach": "Pysonar2",
  "file_path": "binningpy/binningpy/base.py",
  "lineno": "80",
  "column": "38",
  "context": "ype=int).T\n\n    def _inverse_transform_item(self, item, features_line):\n        bins = self._bins[features_line]\n        #",
  "context_lines": "        result = []\n        for features_line, x in enumerate(X.T):\n            result.append(self._transform(x, features_line))\n        return np.array(result, dtype=int).T\n\n    def _inverse_transform_item(self, item, features_line):\n        bins = self._bins[features_line]\n        #print(item)\n        if self.confined:\n            return (bins[item],bins[item+1])\n",
  "slicing": "    def _inverse_transform_item(self, item, features_line):\n"
 },
 "68": {
  "name": "features_line",
  "type": "UNKNOWN",
  "class": "unknown",
  "approach": "Pysonar2",
  "file_path": "binningpy/binningpy/base.py",
  "lineno": "80",
  "column": "44",
  "context": "t).T\n\n    def _inverse_transform_item(self, item, features_line):\n        bins = self._bins[features_line]\n        #",
  "context_lines": "        result = []\n        for features_line, x in enumerate(X.T):\n            result.append(self._transform(x, features_line))\n        return np.array(result, dtype=int).T\n\n    def _inverse_transform_item(self, item, features_line):\n        bins = self._bins[features_line]\n        #print(item)\n        if self.confined:\n            return (bins[item],bins[item+1])\n",
  "slicing": "    def _inverse_transform_item(self, item, features_line):\n"
 },
 "69": {
  "name": "x",
  "type": "UNKNOWN",
  "class": "unknown",
  "approach": "Pysonar2",
  "file_path": "binningpy/binningpy/base.py",
  "lineno": "94",
  "column": "32",
  "context": "[item])\n        \n\n    def _inverse_transform(self,x, features_line):\n        result = []\n        for i, value in enumer",
  "context_lines": "            elif item == len(bins):\n                return (bins[-1],np.inf)\n            else:\n                return (bins[item-1],bins[item])\n        \n\n    def _inverse_transform(self,x, features_line):\n        result = []\n        for i, value in enumerate(x):\n            result.append(self._inverse_transform_item(value, features_line))\n        return result\n\n",
  "slicing": "    def _inverse_transform(self,x, features_line):\n"
 },
 "70": {
  "name": "features_line",
  "type": "UNKNOWN",
  "class": "unknown",
  "approach": "Pysonar2",
  "file_path": "binningpy/binningpy/base.py",
  "lineno": "94",
  "column": "35",
  "context": "em])\n        \n\n    def _inverse_transform(self,x, features_line):\n        result = []\n        for i, value in enumer",
  "context_lines": "            elif item == len(bins):\n                return (bins[-1],np.inf)\n            else:\n                return (bins[item-1],bins[item])\n        \n\n    def _inverse_transform(self,x, features_line):\n        result = []\n        for i, value in enumerate(x):\n            result.append(self._inverse_transform_item(value, features_line))\n        return result\n\n",
  "slicing": "    def _inverse_transform(self,x, features_line):\n"
 },
 "71": {
  "name": "X",
  "type": "UNKNOWN",
  "class": "unknown",
  "approach": "Pysonar2",
  "file_path": "binningpy/binningpy/base.py",
  "lineno": "100",
  "column": "32",
  "context": "   return result\n\n    def inverse_transform(self, X):\n        \"\"\"逆变换.\n\n        Parameters\n        ------",
  "context_lines": "        result = []\n        for i, value in enumerate(x):\n            result.append(self._inverse_transform_item(value, features_line))\n        return result\n\n    def inverse_transform(self, X):\n        \"\"\"逆变换.\n\n        Parameters\n        ----------\n        X : array-like, shape [n_samples, n_features]\n",
  "slicing": "    def inverse_transform(self, X):\n"
 },
 "72": {
  "name": "X",
  "type": "UNKNOWN",
  "class": "unknown",
  "approach": "Pysonar2",
  "file_path": "binningpy/binningpy/base.py",
  "lineno": "116",
  "column": "18",
  "context": "s_line))\n        return result\n\n    def fit(self, X, y=None)->None:\n        \"\"\"训练,未实现.\n\n        Args:\n            X (S",
  "context_lines": "        result = []\n        for features_line, x in enumerate(X.T):\n            result.append(self._inverse_transform(x, features_line))\n        return result\n\n    def fit(self, X, y=None)->None:\n        \"\"\"训练,未实现.\n\n        Args:\n            X (Sequence[float]): 待训练的连续型参数\n            y (Optional[Sequence[float]]): Defaults to None. 没用\n\n",
  "slicing": "    def fit(self, X, y=None)->None:\n"
 },
 "73": {
  "name": "y",
  "type": "UNKNOWN",
  "class": "unknown",
  "approach": "Pysonar2",
  "file_path": "binningpy/binningpy/base.py",
  "lineno": "116",
  "column": "21",
  "context": "ine))\n        return result\n\n    def fit(self, X, y=None)->None:\n        \"\"\"训练,未实现.\n\n        Args:\n            X (S",
  "context_lines": "        result = []\n        for features_line, x in enumerate(X.T):\n            result.append(self._inverse_transform(x, features_line))\n        return result\n\n    def fit(self, X, y=None)->None:\n        \"\"\"训练,未实现.\n\n        Args:\n            X (Sequence[float]): 待训练的连续型参数\n            y (Optional[Sequence[float]]): Defaults to None. 没用\n\n",
  "slicing": "    def fit(self, X, y=None)->None:\n"
 },
 "74": {
  "name": "X",
  "type": "UNKNOWN",
  "class": "unknown",
  "approach": "Pysonar2",
  "file_path": "binningpy/binningpy/unsupervised/constant_width.py",
  "lineno": "43",
  "column": "18",
  "context": "nge\n            del self._step\n\n    def fit(self, X, y=None)->None:\n        \"\"\"[summary]\n\n        Args:\n            X ",
  "context_lines": "            del self._data_max\n            del self._n_samples_seen\n            del self._data_range\n            del self._step\n\n    def fit(self, X, y=None)->None:\n        \"\"\"[summary]\n\n        Args:\n            X (Sequence[float]): 待训练的连续型参数\n            y (Optional[Sequence[float]]): Defaults to None. 没用\n\n",
  "slicing": "    def fit(self, X, y=None)->None:\n"
 },
 "75": {
  "name": "y",
  "type": "UNKNOWN",
  "class": "unknown",
  "approach": "Pysonar2",
  "file_path": "binningpy/binningpy/unsupervised/constant_width.py",
  "lineno": "43",
  "column": "21",
  "context": "\n            del self._step\n\n    def fit(self, X, y=None)->None:\n        \"\"\"[summary]\n\n        Args:\n            X ",
  "context_lines": "            del self._data_max\n            del self._n_samples_seen\n            del self._data_range\n            del self._step\n\n    def fit(self, X, y=None)->None:\n        \"\"\"[summary]\n\n        Args:\n            X (Sequence[float]): 待训练的连续型参数\n            y (Optional[Sequence[float]]): Defaults to None. 没用\n\n",
  "slicing": "    def fit(self, X, y=None)->None:\n"
 },
 "76": {
  "name": "X",
  "type": "UNKNOWN",
  "class": "unknown",
  "approach": "Pysonar2",
  "file_path": "binningpy/binningpy/unsupervised/constant_width.py",
  "lineno": "55",
  "column": "26",
  "context": "self.partial_fit(X, y)\n\n    def partial_fit(self, X, y=None)->None:\n        \"\"\"\n\n        Parameters\n        ----------",
  "context_lines": "        \"\"\"\n        # Reset internal state before fitting\n        self._reset()\n        return self.partial_fit(X, y)\n\n    def partial_fit(self, X, y=None)->None:\n        \"\"\"\n\n        Parameters\n        ----------\n        X : array-like, shape [n_samples, n_features]\n",
  "slicing": "    def partial_fit(self, X, y=None)->None:\n"
 },
 "77": {
  "name": "y",
  "type": "UNKNOWN",
  "class": "unknown",
  "approach": "Pysonar2",
  "file_path": "binningpy/binningpy/unsupervised/constant_width.py",
  "lineno": "55",
  "column": "29",
  "context": "f.partial_fit(X, y)\n\n    def partial_fit(self, X, y=None)->None:\n        \"\"\"\n\n        Parameters\n        ----------",
  "context_lines": "        \"\"\"\n        # Reset internal state before fitting\n        self._reset()\n        return self.partial_fit(X, y)\n\n    def partial_fit(self, X, y=None)->None:\n        \"\"\"\n\n        Parameters\n        ----------\n        X : array-like, shape [n_samples, n_features]\n",
  "slicing": "    def partial_fit(self, X, y=None)->None:\n"
 },
 "78": {
  "name": "cls",
  "type": "TestBinningBase",
  "class": "customized",
  "approach": "Pysonar2",
  "file_path": "binningpy/test/test_base.py",
  "lineno": "26",
  "column": "19",
  "context": "st.TestCase):\n    @classmethod\n    def setUpClass(cls):\n        print(\"setUpClass\")\n\n    @classmethod\n    ",
  "context_lines": "def tearDownModule():\n    print(\"tearUpModule\")\n\n\nclass TestBinningBase(unittest.TestCase):\n    @classmethod\n    def setUpClass(cls):\n        print(\"setUpClass\")\n\n    @classmethod\n    def tearDownClass(cls):\n        print(\"tearDownClass\")\n\n",
  "slicing": "    def setUpClass(cls):\n"
 },
 "79": {
  "name": "cls",
  "type": "TestBinningBase",
  "class": "customized",
  "approach": "Pysonar2",
  "file_path": "binningpy/test/test_base.py",
  "lineno": "30",
  "column": "22",
  "context": "UpClass\")\n\n    @classmethod\n    def tearDownClass(cls):\n        print(\"tearDownClass\")\n\n    def setUp(self",
  "context_lines": "    @classmethod\n    def setUpClass(cls):\n        print(\"setUpClass\")\n\n    @classmethod\n    def tearDownClass(cls):\n        print(\"tearDownClass\")\n\n    def setUp(self):\n        print(\"instance setUp\")\n\n    def tearDown(self):\n",
  "slicing": "    def tearDownClass(cls):\n"
 },
 "80": {
  "name": "cls",
  "type": "TestConstantWidthBinning",
  "class": "customized",
  "approach": "Pysonar2",
  "file_path": "binningpy/test/test_constant_width.py",
  "lineno": "26",
  "column": "19",
  "context": "st.TestCase):\n    @classmethod\n    def setUpClass(cls):\n        print(\"setUpClass\")\n\n    @classmethod\n    ",
  "context_lines": "def tearDownModule():\n    print(\"tearUpModule\")\n\n\nclass TestConstantWidthBinning(unittest.TestCase):\n    @classmethod\n    def setUpClass(cls):\n        print(\"setUpClass\")\n\n    @classmethod\n    def tearDownClass(cls):\n        print(\"tearDownClass\")\n\n",
  "slicing": "    def setUpClass(cls):\n"
 },
 "81": {
  "name": "cls",
  "type": "TestConstantWidthBinning",
  "class": "customized",
  "approach": "Pysonar2",
  "file_path": "binningpy/test/test_constant_width.py",
  "lineno": "30",
  "column": "22",
  "context": "UpClass\")\n\n    @classmethod\n    def tearDownClass(cls):\n        print(\"tearDownClass\")\n\n    def setUp(self",
  "context_lines": "    @classmethod\n    def setUpClass(cls):\n        print(\"setUpClass\")\n\n    @classmethod\n    def tearDownClass(cls):\n        print(\"tearDownClass\")\n\n    def setUp(self):\n        print(\"instance setUp\")\n\n    def tearDown(self):\n",
  "slicing": "    def tearDownClass(cls):\n"
 },
 "82": {
  "name": "suite",
  "type": "TestSuite",
  "class": "imported",
  "approach": "Pysonar2",
  "file_path": "binningpy/test/test_constant_width.py",
  "lineno": "50",
  "column": "4",
  "slicing": "['    path = str(\\n', '    if path not in sys.path:\\n', '        sys.path.append(path)\\n', '        bb = ConstantWidthBinning(4)\\n', '        bb.fit(np.array([1, 1, 3, 3, 2, 1, 3, 5, 6, 7, 7, 2]).reshape(-1, 1))\\n', '        print(bb._bins)\\n', '        result = bb.transform(np.array([1, 1, 3, 3, 2, 1, 3, 5, 6, 7, 7, 2]).reshape(-1, 1))\\n', '        target_result = np.array([[0], [0], [1], [1], [0], [0], [1], [2], [3], [3], [3], [0]])\\n', '        print(result)\\n', '        assert all(map(lambda x: x[0][0] == x[1][0], zip(result, target_result)))\\n', '    suite = unittest.TestSuite()\\n', '    suite.addTest(TestConstantWidthBinning(\"test_confined_transform\"))\\n', '    return suite\\n']",
  "context": ", target_result)))\n\n\ndef BinningBase_suite():\n    suite = unittest.TestSuite()\n    suite.addTest(TestConstantWidthBinning(\"test_c",
  "context_lines": "        target_result = np.array([[0], [0], [1], [1], [0], [0], [1], [2], [3], [3], [3], [0]])\n        print(result)\n        assert all(map(lambda x: x[0][0] == x[1][0], zip(result, target_result)))\n\n\ndef BinningBase_suite():\n    suite = unittest.TestSuite()\n    suite.addTest(TestConstantWidthBinning(\"test_confined_transform\"))\n    return suite\n\n\nif __name__ == '__main__':\n    runner = unittest.TextTestRunner(verbosity=2)\n"
 },
 "83": {
  "name": "runner",
  "type": "TextTestRunner",
  "class": "imported",
  "approach": "Pysonar2",
  "file_path": "binningpy/test/test_constant_width.py",
  "lineno": "56",
  "column": "4",
  "slicing": "['    path = str(\\n', '    if path not in sys.path:\\n', '        sys.path.append(path)\\n', '        bb = ConstantWidthBinning(4)\\n', '        bb.fit(np.array([1, 1, 3, 3, 2, 1, 3, 5, 6, 7, 7, 2]).reshape(-1, 1))\\n', '        print(bb._bins)\\n', '        result = bb.transform(np.array([1, 1, 3, 3, 2, 1, 3, 5, 6, 7, 7, 2]).reshape(-1, 1))\\n', '        target_result = np.array([[0], [0], [1], [1], [0], [0], [1], [2], [3], [3], [3], [0]])\\n', '        print(result)\\n', '        assert all(map(lambda x: x[0][0] == x[1][0], zip(result, target_result)))\\n', '    suite = unittest.TestSuite()\\n', '    suite.addTest(TestConstantWidthBinning(\"test_confined_transform\"))\\n', '    return suite\\n', '    runner = unittest.TextTestRunner(verbosity=2)\\n', '    runner.run(test_suite)\\n']",
  "context": "    return suite\n\n\nif __name__ == '__main__':\n    runner = unittest.TextTestRunner(verbosity=2)\n    test_suite = BinningBase_suite()\n    runner.ru",
  "context_lines": "    suite = unittest.TestSuite()\n    suite.addTest(TestConstantWidthBinning(\"test_confined_transform\"))\n    return suite\n\n\nif __name__ == '__main__':\n    runner = unittest.TextTestRunner(verbosity=2)\n    test_suite = BinningBase_suite()\n"
 },
 "84": {
  "name": "test_suite",
  "type": "BinningBase_suite",
  "class": "imported",
  "approach": "annotation",
  "file_path": "binningpy/test/test_constant_width.py",
  "lineno": "57",
  "column": "4",
  "slicing": "['    path = str(\\n', '    if path not in sys.path:\\n', '        sys.path.append(path)\\n', '        bb = ConstantWidthBinning(4)\\n', '        bb.fit(np.array([1, 1, 3, 3, 2, 1, 3, 5, 6, 7, 7, 2]).reshape(-1, 1))\\n', '        print(bb._bins)\\n', '        result = bb.transform(np.array([1, 1, 3, 3, 2, 1, 3, 5, 6, 7, 7, 2]).reshape(-1, 1))\\n', '        target_result = np.array([[0], [0], [1], [1], [0], [0], [1], [2], [3], [3], [3], [0]])\\n', '        print(result)\\n', '        assert all(map(lambda x: x[0][0] == x[1][0], zip(result, target_result)))\\n', '    suite = unittest.TestSuite()\\n', '    suite.addTest(TestConstantWidthBinning(\"test_confined_transform\"))\\n', '    return suite\\n', '    test_suite = BinningBase_suite()\\n', '    runner.run(test_suite)\\n']",
  "context": "runner = unittest.TextTestRunner(verbosity=2)\n    test_suite = BinningBase_suite()\n    runner.run(test_suite)\n",
  "context_lines": "    suite.addTest(TestConstantWidthBinning(\"test_confined_transform\"))\n    return suite\n\n\nif __name__ == '__main__':\n    runner = unittest.TextTestRunner(verbosity=2)\n    test_suite = BinningBase_suite()\n"
 },
 "85": {
  "name": "suite",
  "type": "TestSuite",
  "class": "imported",
  "approach": "Pysonar2",
  "file_path": "binningpy/test/test_base.py",
  "lineno": "76",
  "column": "4",
  "slicing": "['    path = str(\\n', '    if path not in sys.path:\\n', '        sys.path.append(path)\\n', '            bb = BinningBase(bin_nbr=1.2)\\n', '            bb = BinningBase(bin_nbr=-1)\\n', '            bb = BinningBase(bin_nbr=-1, confined=False)\\n', '        bb = BinningBase(bin_nbr=3)\\n', '        self.assertIsInstance(bb, BinningBase)\\n', '        self.assertEqual(bb.bin_nbr, 3)\\n', '        self.assertEqual(bb.confined, True)\\n', '        self.assertEqual(bb.copy, True)\\n', '        bb = BinningBase(4)\\n', '        bb._bins = [[0, 2, 4, 6, 8]]\\n', '        result = bb.transform(\\n', '        assert all(map(lambda x: x[0][0] == x[1][0], zip(result, np.array(\\n', '        y = bb.inverse_transform(result)\\n', '        print(y)\\n', '        bb = BinningBase(4, confined=False)\\n', '        bb._bins = [[2, 4, 6]]\\n', '        result = bb.transform(\\n', '        assert all(map(lambda x: x[0][0] == x[1][0], zip(result, np.array(\\n', '    suite = unittest.TestSuite()\\n', '    suite.addTest(TestBinningBase(\"test_BinningBase_init\"))\\n', '    suite.addTest(TestBinningBase(\"test_confined_transform\"))\\n', '    suite.addTest(TestBinningBase(\"test_unconfined_transform\"))\\n', '    return suite\\n']",
  "context": "[3], [3], [1]]))))\n\n\ndef BinningBase_suite():\n    suite = unittest.TestSuite()\n    suite.addTest(TestBinningBase(\"test_BinningBas",
  "context_lines": "        #print(result)\n        assert all(map(lambda x: x[0][0] == x[1][0], zip(result, np.array(\n            [[0], [0], [1], [1], [1], [0], [1], [2], [3], [3], [3], [1]]))))\n\n\ndef BinningBase_suite():\n    suite = unittest.TestSuite()\n    suite.addTest(TestBinningBase(\"test_BinningBase_init\"))\n    suite.addTest(TestBinningBase(\"test_confined_transform\"))\n    suite.addTest(TestBinningBase(\"test_unconfined_transform\"))\n    return suite\n\n\n"
 },
 "86": {
  "name": "runner",
  "type": "TextTestRunner",
  "class": "imported",
  "approach": "Pysonar2",
  "file_path": "binningpy/test/test_base.py",
  "lineno": "84",
  "column": "4",
  "slicing": "['    path = str(\\n', '    if path not in sys.path:\\n', '        sys.path.append(path)\\n', '            bb = BinningBase(bin_nbr=1.2)\\n', '            bb = BinningBase(bin_nbr=-1)\\n', '            bb = BinningBase(bin_nbr=-1, confined=False)\\n', '        bb = BinningBase(bin_nbr=3)\\n', '        self.assertIsInstance(bb, BinningBase)\\n', '        self.assertEqual(bb.bin_nbr, 3)\\n', '        self.assertEqual(bb.confined, True)\\n', '        self.assertEqual(bb.copy, True)\\n', '        bb = BinningBase(4)\\n', '        bb._bins = [[0, 2, 4, 6, 8]]\\n', '        result = bb.transform(\\n', '        assert all(map(lambda x: x[0][0] == x[1][0], zip(result, np.array(\\n', '        y = bb.inverse_transform(result)\\n', '        print(y)\\n', '        bb = BinningBase(4, confined=False)\\n', '        bb._bins = [[2, 4, 6]]\\n', '        result = bb.transform(\\n', '        assert all(map(lambda x: x[0][0] == x[1][0], zip(result, np.array(\\n', '    suite = unittest.TestSuite()\\n', '    suite.addTest(TestBinningBase(\"test_BinningBase_init\"))\\n', '    suite.addTest(TestBinningBase(\"test_confined_transform\"))\\n', '    suite.addTest(TestBinningBase(\"test_unconfined_transform\"))\\n', '    return suite\\n', '    runner = unittest.TextTestRunner(verbosity=2)\\n', '    runner.run(test_suite)\\n']",
  "context": "    return suite\n\n\nif __name__ == '__main__':\n    runner = unittest.TextTestRunner(verbosity=2)\n    test_suite = BinningBase_suite()\n    runner.ru",
  "context_lines": "    suite.addTest(TestBinningBase(\"test_confined_transform\"))\n    suite.addTest(TestBinningBase(\"test_unconfined_transform\"))\n    return suite\n\n\nif __name__ == '__main__':\n    runner = unittest.TextTestRunner(verbosity=2)\n    test_suite = BinningBase_suite()\n"
 },
 "87": {
  "name": "test_suite",
  "type": "BinningBase_suite",
  "class": "imported",
  "approach": "annotation",
  "file_path": "binningpy/test/test_base.py",
  "lineno": "85",
  "column": "4",
  "slicing": "['    path = str(\\n', '    if path not in sys.path:\\n', '        sys.path.append(path)\\n', '            bb = BinningBase(bin_nbr=1.2)\\n', '            bb = BinningBase(bin_nbr=-1)\\n', '            bb = BinningBase(bin_nbr=-1, confined=False)\\n', '        bb = BinningBase(bin_nbr=3)\\n', '        self.assertIsInstance(bb, BinningBase)\\n', '        self.assertEqual(bb.bin_nbr, 3)\\n', '        self.assertEqual(bb.confined, True)\\n', '        self.assertEqual(bb.copy, True)\\n', '        bb = BinningBase(4)\\n', '        bb._bins = [[0, 2, 4, 6, 8]]\\n', '        result = bb.transform(\\n', '        assert all(map(lambda x: x[0][0] == x[1][0], zip(result, np.array(\\n', '        y = bb.inverse_transform(result)\\n', '        print(y)\\n', '        bb = BinningBase(4, confined=False)\\n', '        bb._bins = [[2, 4, 6]]\\n', '        result = bb.transform(\\n', '        assert all(map(lambda x: x[0][0] == x[1][0], zip(result, np.array(\\n', '    suite = unittest.TestSuite()\\n', '    suite.addTest(TestBinningBase(\"test_BinningBase_init\"))\\n', '    suite.addTest(TestBinningBase(\"test_confined_transform\"))\\n', '    suite.addTest(TestBinningBase(\"test_unconfined_transform\"))\\n', '    return suite\\n', '    test_suite = BinningBase_suite()\\n', '    runner.run(test_suite)\\n']",
  "context": "runner = unittest.TextTestRunner(verbosity=2)\n    test_suite = BinningBase_suite()\n    runner.run(test_suite)\n",
  "context_lines": "    suite.addTest(TestBinningBase(\"test_unconfined_transform\"))\n    return suite\n\n\nif __name__ == '__main__':\n    runner = unittest.TextTestRunner(verbosity=2)\n    test_suite = BinningBase_suite()\n"
 }
}