{
 "1": {
  "name": "result",
  "type": "UNKNOWN",
  "class": "unknown",
  "approach": "annotation",
  "file_path": "C-Hack-API/c_hack_api/loggingInit.py",
  "lineno": "12",
  "column": "4",
  "context": " if not isinstance(b, dict):\n        return b\n    result = a\n    for key in b.keys():\n        value = b[key]\n  ",
  "context_lines": "from . import APP\n\n\ndef dict_merge(a, b):\n    if not isinstance(b, dict):\n        return b\n    result = a\n    for key in b.keys():\n        value = b[key]\n        if key in result and isinstance(result[key], dict):\n            result[key] = dict_merge(result[key], value)\n",
  "slicing": [
   "    result = a\n",
   "        if key in result and isinstance(result[key], dict):\n",
   "            result[key] = dict_merge(result[key], value)\n",
   "            result[key] = value\n",
   "    return result\n"
  ]
 },
 "2": {
  "name": "value",
  "type": "dict",
  "class": "build-in",
  "approach": "annotation",
  "file_path": "C-Hack-API/c_hack_api/loggingInit.py",
  "lineno": "14",
  "column": "8",
  "context": "b\n    result = a\n    for key in b.keys():\n        value = b[key]\n        if key in result and isinstance(result[key",
  "context_lines": "    if not isinstance(b, dict):\n        return b\n    result = a\n    for key in b.keys():\n        value = b[key]\n        if key in result and isinstance(result[key], dict):\n            result[key] = dict_merge(result[key], value)\n        else:\n            result[key] = value\n",
  "slicing": [
   "        value = b[key]\n",
   "            result[key] = dict_merge(result[key], value)\n",
   "            result[key] = value\n"
  ]
 },
 "3": {
  "name": "resultDict",
  "type": "dict",
  "class": "build-in",
  "approach": "annotation",
  "file_path": "C-Hack-API/c_hack_api/loggingInit.py",
  "lineno": "21",
  "column": "0",
  "context": "           result[key] = value\n    return result\n\nresultDict = {}\n\nfor f in APP.config['LOGGING_CONFIGS']:\n    fh = ",
  "context_lines": "            result[key] = dict_merge(result[key], value)\n        else:\n            result[key] = value\n    return result\n\nresultDict = {}\n\nfor f in APP.config['LOGGING_CONFIGS']:\n    fh = open(f, 'r')\n    newDict = json.load(fh)\n",
  "slicing": [
   "resultDict = {}\n",
   "    resultDict = dict_merge(resultDict, newDict)\n",
   "dictConfig(resultDict)\n"
  ]
 },
 "4": {
  "name": "fh",
  "type": "UNKNOWN",
  "class": "unknown",
  "approach": "annotation",
  "file_path": "C-Hack-API/c_hack_api/loggingInit.py",
  "lineno": "24",
  "column": "4",
  "context": "= {}\n\nfor f in APP.config['LOGGING_CONFIGS']:\n    fh = open(f, 'r')\n    newDict = json.load(fh)\n    resultDict = dict_",
  "context_lines": "            result[key] = value\n    return result\n\nresultDict = {}\n\nfor f in APP.config['LOGGING_CONFIGS']:\n    fh = open(f, 'r')\n    newDict = json.load(fh)\n    resultDict = dict_merge(resultDict, newDict)\n\ndictConfig(resultDict)\n\nAPP.logger: Logger\n",
  "slicing": [
   "    fh = open(f, 'r')\n",
   "    newDict = json.load(fh)\n",
   "    resultDict = dict_merge(resultDict, newDict)\n",
   "dictConfig(resultDict)\n"
  ]
 },
 "5": {
  "name": "newDict",
  "type": "UNKNOWN",
  "class": "unknown",
  "approach": "Pysonar2",
  "file_path": "C-Hack-API/c_hack_api/loggingInit.py",
  "lineno": "25",
  "column": "4",
  "context": "fig['LOGGING_CONFIGS']:\n    fh = open(f, 'r')\n    newDict = json.load(fh)\n    resultDict = dict_merge(resultDict, newDict)\n\n",
  "context_lines": "    return result\n\nresultDict = {}\n\nfor f in APP.config['LOGGING_CONFIGS']:\n    fh = open(f, 'r')\n    newDict = json.load(fh)\n    resultDict = dict_merge(resultDict, newDict)\n\ndictConfig(resultDict)\n\nAPP.logger: Logger\nAPP.logger.debug('Debug logging enabled')\n",
  "slicing": [
   "    newDict = json.load(fh)\n",
   "    resultDict = dict_merge(resultDict, newDict)\n",
   "dictConfig(resultDict)\n"
  ]
 },
 "6": {
  "name": "resultDict",
  "type": "UNKNOWN",
  "class": "unknown",
  "approach": "annotation",
  "file_path": "C-Hack-API/c_hack_api/loggingInit.py",
  "lineno": "26",
  "column": "4",
  "context": "fh = open(f, 'r')\n    newDict = json.load(fh)\n    resultDict = dict_merge(resultDict, newDict)\n\ndictConfig(resultDict)\n\nAPP.logger: Logger\nAPP.lo",
  "context_lines": "resultDict = {}\n\nfor f in APP.config['LOGGING_CONFIGS']:\n    fh = open(f, 'r')\n    newDict = json.load(fh)\n    resultDict = dict_merge(resultDict, newDict)\n\ndictConfig(resultDict)\n\nAPP.logger: Logger\nAPP.logger.debug('Debug logging enabled')\n",
  "slicing": [
   "    resultDict = dict_merge(resultDict, newDict)\n",
   "dictConfig(resultDict)\n"
  ]
 },
 "7": {
  "name": "DEBUG",
  "type": "bool",
  "class": "build-in",
  "approach": "annotation",
  "file_path": "C-Hack-API/c_hack_api/config.py",
  "lineno": "8",
  "column": "4",
  "context": "andint\nimport logging\n\n\nclass Config(object):\n    DEBUG = False\n    TESTING = False\n    RESTPLUS_VALIDATE = True\n ",
  "context_lines": "\"\"\"Module containing default config values.\"\"\"\n\nfrom random import randint\nimport logging\n\n\nclass Config(object):\n    DEBUG = False\n    TESTING = False\n    RESTPLUS_VALIDATE = True\n    SQLALCHEMY_DATABASE_URI = 'sqlite:////tmp/test.db'\n    SQLALCHEMY_TRACK_MODIFICATIONS = False\n",
  "slicing": "    DEBUG = False\n"
 },
 "8": {
  "name": "TESTING",
  "type": "bool",
  "class": "build-in",
  "approach": "annotation",
  "file_path": "C-Hack-API/c_hack_api/config.py",
  "lineno": "9",
  "column": "4",
  "context": "ing\n\n\nclass Config(object):\n    DEBUG = False\n    TESTING = False\n    RESTPLUS_VALIDATE = True\n    SQLALCHEMY_DATABA",
  "context_lines": "from random import randint\nimport logging\n\n\nclass Config(object):\n    DEBUG = False\n    TESTING = False\n    RESTPLUS_VALIDATE = True\n    SQLALCHEMY_DATABASE_URI = 'sqlite:////tmp/test.db'\n    SQLALCHEMY_TRACK_MODIFICATIONS = False\n    DB_UNIQUE_CONSTRAIN_FAIL = 'UNIQUE constraint failed'\n",
  "slicing": "    TESTING = False\n"
 },
 "9": {
  "name": "RESTPLUS_VALIDATE",
  "type": "bool",
  "class": "build-in",
  "approach": "annotation",
  "file_path": "C-Hack-API/c_hack_api/config.py",
  "lineno": "10",
  "column": "4",
  "context": "bject):\n    DEBUG = False\n    TESTING = False\n    RESTPLUS_VALIDATE = True\n    SQLALCHEMY_DATABASE_URI = 'sqlite:////tmp/test",
  "context_lines": "import logging\n\n\nclass Config(object):\n    DEBUG = False\n    TESTING = False\n    RESTPLUS_VALIDATE = True\n    SQLALCHEMY_DATABASE_URI = 'sqlite:////tmp/test.db'\n    SQLALCHEMY_TRACK_MODIFICATIONS = False\n    DB_UNIQUE_CONSTRAIN_FAIL = 'UNIQUE constraint failed'\n    URI_BASE_PATH = '/'\n\n",
  "slicing": "    RESTPLUS_VALIDATE = True\n"
 },
 "10": {
  "name": "SQLALCHEMY_DATABASE_URI",
  "type": "str",
  "class": "build-in",
  "approach": "Pysonar2",
  "file_path": "C-Hack-API/c_hack_api/config.py",
  "lineno": "11",
  "column": "4",
  "context": " TESTING = False\n    RESTPLUS_VALIDATE = True\n    SQLALCHEMY_DATABASE_URI = 'sqlite:////tmp/test.db'\n    SQLALCHEMY_TRACK_MODIFICATIONS = False\n    DB_",
  "context_lines": "class Config(object):\n    DEBUG = False\n    TESTING = False\n    RESTPLUS_VALIDATE = True\n    SQLALCHEMY_DATABASE_URI = 'sqlite:////tmp/test.db'\n    SQLALCHEMY_TRACK_MODIFICATIONS = False\n    DB_UNIQUE_CONSTRAIN_FAIL = 'UNIQUE constraint failed'\n    URI_BASE_PATH = '/'\n\n    LOGGING_CONFIGS = ['logging_config.json']\n\n",
  "slicing": "    SQLALCHEMY_DATABASE_URI = 'sqlite:////tmp/test.db'\n"
 },
 "11": {
  "name": "SQLALCHEMY_TRACK_MODIFICATIONS",
  "type": "bool",
  "class": "build-in",
  "approach": "annotation",
  "file_path": "C-Hack-API/c_hack_api/config.py",
  "lineno": "12",
  "column": "4",
  "context": "CHEMY_DATABASE_URI = 'sqlite:////tmp/test.db'\n    SQLALCHEMY_TRACK_MODIFICATIONS = False\n    DB_UNIQUE_CONSTRAIN_FAIL = 'UNIQUE constraint ",
  "context_lines": "    DEBUG = False\n    TESTING = False\n    RESTPLUS_VALIDATE = True\n    SQLALCHEMY_DATABASE_URI = 'sqlite:////tmp/test.db'\n    SQLALCHEMY_TRACK_MODIFICATIONS = False\n    DB_UNIQUE_CONSTRAIN_FAIL = 'UNIQUE constraint failed'\n    URI_BASE_PATH = '/'\n\n    LOGGING_CONFIGS = ['logging_config.json']\n\n    JSON_SORT_KEYS = False\n",
  "slicing": "    SQLALCHEMY_TRACK_MODIFICATIONS = False\n"
 },
 "12": {
  "name": "DB_UNIQUE_CONSTRAIN_FAIL",
  "type": "str",
  "class": "build-in",
  "approach": "Pysonar2",
  "file_path": "C-Hack-API/c_hack_api/config.py",
  "lineno": "13",
  "column": "4",
  "context": "b'\n    SQLALCHEMY_TRACK_MODIFICATIONS = False\n    DB_UNIQUE_CONSTRAIN_FAIL = 'UNIQUE constraint failed'\n    URI_BASE_PATH = '/'\n\n    LOGGING_CONFIGS = ['l",
  "context_lines": "    TESTING = False\n    RESTPLUS_VALIDATE = True\n    SQLALCHEMY_DATABASE_URI = 'sqlite:////tmp/test.db'\n    SQLALCHEMY_TRACK_MODIFICATIONS = False\n    DB_UNIQUE_CONSTRAIN_FAIL = 'UNIQUE constraint failed'\n    URI_BASE_PATH = '/'\n\n    LOGGING_CONFIGS = ['logging_config.json']\n\n    JSON_SORT_KEYS = False\n    JSONIFY_PRETTYPRINT_REGULAR = False\n",
  "slicing": "    DB_UNIQUE_CONSTRAIN_FAIL = 'UNIQUE constraint failed'\n"
 },
 "13": {
  "name": "URI_BASE_PATH",
  "type": "str",
  "class": "build-in",
  "approach": "Pysonar2",
  "file_path": "C-Hack-API/c_hack_api/config.py",
  "lineno": "14",
  "column": "4",
  "context": "E_CONSTRAIN_FAIL = 'UNIQUE constraint failed'\n    URI_BASE_PATH = '/'\n\n    LOGGING_CONFIGS = ['logging_config.json']\n\n  ",
  "context_lines": "    RESTPLUS_VALIDATE = True\n    SQLALCHEMY_DATABASE_URI = 'sqlite:////tmp/test.db'\n    SQLALCHEMY_TRACK_MODIFICATIONS = False\n    DB_UNIQUE_CONSTRAIN_FAIL = 'UNIQUE constraint failed'\n    URI_BASE_PATH = '/'\n\n    LOGGING_CONFIGS = ['logging_config.json']\n\n    JSON_SORT_KEYS = False\n    JSONIFY_PRETTYPRINT_REGULAR = False\n",
  "slicing": "    URI_BASE_PATH = '/'\n"
 },
 "14": {
  "name": "LOGGING_CONFIGS",
  "type": "list",
  "class": "build-in",
  "approach": "annotation",
  "file_path": "C-Hack-API/c_hack_api/config.py",
  "lineno": "16",
  "column": "4",
  "context": "E constraint failed'\n    URI_BASE_PATH = '/'\n\n    LOGGING_CONFIGS = ['logging_config.json']\n\n    JSON_SORT_KEYS = False\n    JSONIFY_PRETTYPRIN",
  "context_lines": "    SQLALCHEMY_DATABASE_URI = 'sqlite:////tmp/test.db'\n    SQLALCHEMY_TRACK_MODIFICATIONS = False\n    DB_UNIQUE_CONSTRAIN_FAIL = 'UNIQUE constraint failed'\n    URI_BASE_PATH = '/'\n\n    LOGGING_CONFIGS = ['logging_config.json']\n\n    JSON_SORT_KEYS = False\n    JSONIFY_PRETTYPRINT_REGULAR = False\n    RESTPLUS_JSON = {'indent': None}\n\n",
  "slicing": "    LOGGING_CONFIGS = ['logging_config.json']\n"
 },
 "15": {
  "name": "JSON_SORT_KEYS",
  "type": "bool",
  "class": "build-in",
  "approach": "annotation",
  "file_path": "C-Hack-API/c_hack_api/config.py",
  "lineno": "18",
  "column": "4",
  "context": "   LOGGING_CONFIGS = ['logging_config.json']\n\n    JSON_SORT_KEYS = False\n    JSONIFY_PRETTYPRINT_REGULAR = False\n    RESTPL",
  "context_lines": "    SQLALCHEMY_TRACK_MODIFICATIONS = False\n    DB_UNIQUE_CONSTRAIN_FAIL = 'UNIQUE constraint failed'\n    URI_BASE_PATH = '/'\n\n    LOGGING_CONFIGS = ['logging_config.json']\n\n    JSON_SORT_KEYS = False\n    JSONIFY_PRETTYPRINT_REGULAR = False\n    RESTPLUS_JSON = {'indent': None}\n\nclass ProductionConfig(Config):\n    pass\n\n",
  "slicing": "    JSON_SORT_KEYS = False\n"
 },
 "16": {
  "name": "JSONIFY_PRETTYPRINT_REGULAR",
  "type": "bool",
  "class": "build-in",
  "approach": "annotation",
  "file_path": "C-Hack-API/c_hack_api/config.py",
  "lineno": "19",
  "column": "4",
  "context": "ing_config.json']\n\n    JSON_SORT_KEYS = False\n    JSONIFY_PRETTYPRINT_REGULAR = False\n    RESTPLUS_JSON = {'indent': None}\n\nclass Produc",
  "context_lines": "    DB_UNIQUE_CONSTRAIN_FAIL = 'UNIQUE constraint failed'\n    URI_BASE_PATH = '/'\n\n    LOGGING_CONFIGS = ['logging_config.json']\n\n    JSON_SORT_KEYS = False\n    JSONIFY_PRETTYPRINT_REGULAR = False\n    RESTPLUS_JSON = {'indent': None}\n\nclass ProductionConfig(Config):\n    pass\n\nclass DebugConfig(Config):\n",
  "slicing": "    JSONIFY_PRETTYPRINT_REGULAR = False\n"
 },
 "17": {
  "name": "RESTPLUS_JSON",
  "type": "dict",
  "class": "build-in",
  "approach": "annotation",
  "file_path": "C-Hack-API/c_hack_api/config.py",
  "lineno": "20",
  "column": "4",
  "context": "False\n    JSONIFY_PRETTYPRINT_REGULAR = False\n    RESTPLUS_JSON = {'indent': None}\n\nclass ProductionConfig(Config):\n    pass\n\nclass D",
  "context_lines": "    URI_BASE_PATH = '/'\n\n    LOGGING_CONFIGS = ['logging_config.json']\n\n    JSON_SORT_KEYS = False\n    JSONIFY_PRETTYPRINT_REGULAR = False\n    RESTPLUS_JSON = {'indent': None}\n\nclass ProductionConfig(Config):\n    pass\n\nclass DebugConfig(Config):\n",
  "slicing": "    RESTPLUS_JSON = {'indent': None}\n"
 },
 "18": {
  "name": "DEBUG",
  "type": "bool",
  "class": "build-in",
  "approach": "annotation",
  "file_path": "C-Hack-API/c_hack_api/config.py",
  "lineno": "26",
  "column": "4",
  "context": "Config):\n    pass\n\nclass DebugConfig(Config):\n    DEBUG = True\n    SQLALCHEMY_DATABASE_URI = 'sqlite:////tmp/test",
  "context_lines": "    RESTPLUS_JSON = {'indent': None}\n\nclass ProductionConfig(Config):\n    pass\n\nclass DebugConfig(Config):\n    DEBUG = True\n    SQLALCHEMY_DATABASE_URI = 'sqlite:////tmp/test.db'\n\n    LOGGING_CONFIGS = ['logging_config.json', 'logging_config_debug.json']\n\nclass TestingConfig(Config):\n",
  "slicing": "    DEBUG = True\n"
 },
 "19": {
  "name": "SQLALCHEMY_DATABASE_URI",
  "type": "str",
  "class": "build-in",
  "approach": "Pysonar2",
  "file_path": "C-Hack-API/c_hack_api/config.py",
  "lineno": "27",
  "column": "4",
  "context": "\n\nclass DebugConfig(Config):\n    DEBUG = True\n    SQLALCHEMY_DATABASE_URI = 'sqlite:////tmp/test.db'\n\n    LOGGING_CONFIGS = ['logging_config.json', 'lo",
  "context_lines": "class ProductionConfig(Config):\n    pass\n\nclass DebugConfig(Config):\n    DEBUG = True\n    SQLALCHEMY_DATABASE_URI = 'sqlite:////tmp/test.db'\n\n    LOGGING_CONFIGS = ['logging_config.json', 'logging_config_debug.json']\n\nclass TestingConfig(Config):\n",
  "slicing": "    SQLALCHEMY_DATABASE_URI = 'sqlite:////tmp/test.db'\n"
 },
 "20": {
  "name": "LOGGING_CONFIGS",
  "type": "list",
  "class": "build-in",
  "approach": "annotation",
  "file_path": "C-Hack-API/c_hack_api/config.py",
  "lineno": "29",
  "column": "4",
  "context": "HEMY_DATABASE_URI = 'sqlite:////tmp/test.db'\n\n    LOGGING_CONFIGS = ['logging_config.json', 'logging_config_debug.json']\n\nclass TestingConfig(Config):\n    TESTING = True\n",
  "context_lines": "    pass\n\nclass DebugConfig(Config):\n    DEBUG = True\n    SQLALCHEMY_DATABASE_URI = 'sqlite:////tmp/test.db'\n\n    LOGGING_CONFIGS = ['logging_config.json', 'logging_config_debug.json']\n\nclass TestingConfig(Config):\n",
  "slicing": "    LOGGING_CONFIGS = ['logging_config.json', 'logging_config_debug.json']\n"
 },
 "21": {
  "name": "TESTING",
  "type": "bool",
  "class": "build-in",
  "approach": "annotation",
  "file_path": "C-Hack-API/c_hack_api/config.py",
  "lineno": "32",
  "column": "4",
  "context": "ig_debug.json']\n\nclass TestingConfig(Config):\n    TESTING = True\n",
  "context_lines": "    DEBUG = True\n    SQLALCHEMY_DATABASE_URI = 'sqlite:////tmp/test.db'\n\n    LOGGING_CONFIGS = ['logging_config.json', 'logging_config_debug.json']\n\nclass TestingConfig(Config):\n    TESTING = True\n",
  "slicing": "    TESTING = True\n"
 },
 "22": {
  "name": "APP",
  "type": "flask.Flask",
  "class": "imported",
  "approach": "annotation",
  "file_path": "C-Hack-API/c_hack_api/__init__.py",
  "lineno": "10",
  "column": "0",
  "context": "grate import Migrate\nfrom flask_cors import CORS\n\nAPP = Flask(__name__, instance_relative_config=True)  # type: Flask\n\nmode = APP.config['ENV'].upper()\nif mode == 'PROD",
  "context_lines": "from flask_sqlalchemy import SQLAlchemy\nfrom sqlalchemy.schema import MetaData\nfrom flask_migrate import Migrate\nfrom flask_cors import CORS\n\nAPP = Flask(__name__, instance_relative_config=True)  # type: Flask\n\nmode = APP.config['ENV'].upper()\nif mode == 'PRODUCTION':\n    APP.config.from_object('c_hack_api.config.ProductionConfig')\n",
  "slicing": [
   "APP = Flask(__name__, instance_relative_config=True)  # type: Flask\n",
   "mode = APP.config['ENV'].upper()\n",
   "if mode == 'PRODUCTION':\n",
   "    APP.config.from_object('c_hack_api.config.ProductionConfig')\n",
   "elif mode == 'DEBUG':\n",
   "    APP.config.from_object('c_hack_api.config.DebugConfig')\n",
   "elif mode == 'TEST':\n",
   "    APP.config.from_object('c_hack_api.config.TestingConfig')\n",
   "APP.config.from_pyfile('/etc/c-hack-api.conf', silent=True)\n",
   "APP.config.from_pyfile('c-hack-api.conf', silent=True)\n",
   "    APP.config.from_pyfile(environ.get('CONFIG_FILE', 'c-hack-api.conf'), silent=True)\n",
   "    APP.config[env_var] = environ.get(env_var, APP.config.get(env_var))\n",
   "DB = SQLAlchemy(APP, metadata=MetaData(naming_convention={\n",
   "MIGRATE: Migrate = Migrate(APP, DB)\n",
   "CORS(APP)\n"
  ]
 },
 "23": {
  "name": "mode",
  "type": "UNKNOWN",
  "class": "unknown",
  "approach": "Pysonar2",
  "file_path": "C-Hack-API/c_hack_api/__init__.py",
  "lineno": "12",
  "column": "0",
  "context": "_, instance_relative_config=True)  # type: Flask\n\nmode = APP.config['ENV'].upper()\nif mode == 'PRODUCTION':\n    APP.config.from_objec",
  "context_lines": "from sqlalchemy.schema import MetaData\nfrom flask_migrate import Migrate\nfrom flask_cors import CORS\n\nAPP = Flask(__name__, instance_relative_config=True)  # type: Flask\n\nmode = APP.config['ENV'].upper()\nif mode == 'PRODUCTION':\n    APP.config.from_object('c_hack_api.config.ProductionConfig')\nelif mode == 'DEBUG':\n    APP.config.from_object('c_hack_api.config.DebugConfig')\n",
  "slicing": [
   "mode = APP.config['ENV'].upper()\n",
   "if mode == 'PRODUCTION':\n",
   "elif mode == 'DEBUG':\n",
   "elif mode == 'TEST':\n"
  ]
 },
 "24": {
  "name": "CONFIG_KEYS",
  "type": "tuple",
  "class": "build-in",
  "approach": "annotation",
  "file_path": "C-Hack-API/c_hack_api/__init__.py",
  "lineno": "25",
  "column": "0",
  "context": "('CONFIG_FILE', 'c-hack-api.conf'), silent=True)\n\nCONFIG_KEYS = ('SQLALCHEMY_DATABASE_URI', 'JWT_SECRET_KEY')\nfor env_var in CONFIG_KEYS:\n    APP.config[env_var",
  "context_lines": "APP.config.from_pyfile('/etc/c-hack-api.conf', silent=True)\nAPP.config.from_pyfile('c-hack-api.conf', silent=True)\nif ('CONFIG_FILE' in environ):\n    APP.config.from_pyfile(environ.get('CONFIG_FILE', 'c-hack-api.conf'), silent=True)\n\nCONFIG_KEYS = ('SQLALCHEMY_DATABASE_URI', 'JWT_SECRET_KEY')\nfor env_var in CONFIG_KEYS:\n    APP.config[env_var] = environ.get(env_var, APP.config.get(env_var))\n\nfrom . import loggingInit\n\n\n# Setup DB with Migrations and bcrypt\n",
  "slicing": [
   "CONFIG_KEYS = ('SQLALCHEMY_DATABASE_URI', 'JWT_SECRET_KEY')\n",
   "for env_var in CONFIG_KEYS:\n",
   "    APP.config[env_var] = environ.get(env_var, APP.config.get(env_var))\n"
  ]
 },
 "25": {
  "name": "DB",
  "type": "flask_sqlalchemy.SQLAlchemy",
  "class": "imported",
  "approach": "annotation",
  "file_path": "C-Hack-API/c_hack_api/__init__.py",
  "lineno": "33",
  "column": "0",
  "context": "ggingInit\n\n\n# Setup DB with Migrations and bcrypt\nDB: SQLAlchemy\nDB = SQLAlchemy(APP, metadata=MetaData(naming_conv",
  "context_lines": "for env_var in CONFIG_KEYS:\n    APP.config[env_var] = environ.get(env_var, APP.config.get(env_var))\n\nfrom . import loggingInit\n\n\n# Setup DB with Migrations and bcrypt\nDB: SQLAlchemy\nDB = SQLAlchemy(APP, metadata=MetaData(naming_convention={\n    'pk': 'pk_%(table_name)s',\n    'fk': 'fk_%(table_name)s_%(column_0_name)s',\n    'ix': 'ix_%(table_name)s_%(column_0_name)s',\n",
  "slicing": [
   "DB: SQLAlchemy\n",
   "MIGRATE: Migrate = Migrate(APP, DB)\n"
  ]
 },
 "26": {
  "name": "DB",
  "type": "flask_sqlalchemy.SQLAlchemy",
  "class": "imported",
  "approach": "annotation",
  "file_path": "C-Hack-API/c_hack_api/__init__.py",
  "lineno": "34",
  "column": "0",
  "context": "etup DB with Migrations and bcrypt\nDB: SQLAlchemy\nDB = SQLAlchemy(APP, metadata=MetaData(naming_convention={\n    'pk': 'pk_%(table_name)s',\n    'fk': 'fk_%(tab",
  "context_lines": "    APP.config[env_var] = environ.get(env_var, APP.config.get(env_var))\n\nfrom . import loggingInit\n\n\n# Setup DB with Migrations and bcrypt\nDB: SQLAlchemy\nDB = SQLAlchemy(APP, metadata=MetaData(naming_convention={\n    'pk': 'pk_%(table_name)s',\n    'fk': 'fk_%(table_name)s_%(column_0_name)s',\n    'ix': 'ix_%(table_name)s_%(column_0_name)s',\n    'uq': 'uq_%(table_name)s_%(column_0_name)s',\n",
  "slicing": [
   "DB = SQLAlchemy(APP, metadata=MetaData(naming_convention={\n",
   "MIGRATE: Migrate = Migrate(APP, DB)\n"
  ]
 },
 "27": {
  "name": "MIGRATE",
  "type": "flask_migrate.Migrate",
  "class": "imported",
  "approach": "annotation",
  "file_path": "C-Hack-API/c_hack_api/__init__.py",
  "lineno": "42",
  "column": "0",
  "context": "'ck': 'ck_%(table_name)s_%(column_0_name)s',\n}))\n\nMIGRATE: Migrate = Migrate(APP, DB)\n\n# Setup Headers\nCORS(APP)\n\n# pylint: disable=C041",
  "context_lines": "    'ix': 'ix_%(table_name)s_%(column_0_name)s',\n    'uq': 'uq_%(table_name)s_%(column_0_name)s',\n    'ck': 'ck_%(table_name)s_%(column_0_name)s',\n}))\n\nMIGRATE: Migrate = Migrate(APP, DB)\n\n# Setup Headers\nCORS(APP)\n\n# pylint: disable=C0413\n",
  "slicing": "MIGRATE: Migrate = Migrate(APP, DB)\n"
 },
 "28": {
  "name": "STD_STRING_SIZE",
  "type": "int",
  "class": "build-in",
  "approach": "Pysonar2",
  "file_path": "C-Hack-API/c_hack_api/db_models/__init__.py",
  "lineno": "8",
  "column": "0",
  "context": "sqlalchemy import event\n\n\nfrom .. import APP, DB\n\nSTD_STRING_SIZE = 190  # Max size that allows Indices while using utf8mb4 in MySql DB\n\n\n\n\nif APP.config.get('SQLALCHEMY_DATABASE_URI', '",
  "context_lines": "import click\nfrom sqlalchemy.engine import Engine\nfrom sqlalchemy import event\n\n\nfrom .. import APP, DB\n\nSTD_STRING_SIZE = 190  # Max size that allows Indices while using utf8mb4 in MySql DB\n\n\n\n\nif APP.config.get('SQLALCHEMY_DATABASE_URI', '').startswith('sqlite://'):\n    @event.listens_for(Engine, 'connect')\n    def set_sqlite_pragma(dbapi_connection, connection_record):\n",
  "slicing": "STD_STRING_SIZE = 190  # Max size that allows Indices while using utf8mb4 in MySql DB\n"
 },
 "29": {
  "name": "cursor",
  "type": "UNKNOWN",
  "class": "unknown",
  "approach": "Pysonar2",
  "file_path": "C-Hack-API/c_hack_api/db_models/__init__.py",
  "lineno": "17",
  "column": "12",
  "context": "fig.get('SQLITE_FOREIGN_KEYS', True):\n            cursor = dbapi_connection.cursor()\n            cursor.execute(\"PRAGMA foreign_keys=ON",
  "context_lines": "if APP.config.get('SQLALCHEMY_DATABASE_URI', '').startswith('sqlite://'):\n    @event.listens_for(Engine, 'connect')\n    def set_sqlite_pragma(dbapi_connection, connection_record):\n        if APP.config.get('SQLITE_FOREIGN_KEYS', True):\n            cursor = dbapi_connection.cursor()\n            cursor.execute(\"PRAGMA foreign_keys=ON\")\n            cursor.close()\n\n\n@APP.cli.command('create_db')\ndef create_db():\n",
  "slicing": [
   "            cursor = dbapi_connection.cursor()\n",
   "            cursor.execute(\"PRAGMA foreign_keys=ON\")\n",
   "            cursor.close()\n"
  ]
 },
 "30": {
  "name": "__tablename__",
  "type": "str",
  "class": "build-in",
  "approach": "Pysonar2",
  "file_path": "C-Hack-API/c_hack_api/db_models/open_close.py",
  "lineno": "13",
  "column": "4",
  "context": "    The representation of a Beverage\n    \"\"\"\n\n    __tablename__ = 'OpenClose'\n\n    id = DB.Column(DB.Integer, primary_key=True)\n",
  "context_lines": "class OpenClose(DB.Model):\n    \"\"\"\n    The representation of a Beverage\n    \"\"\"\n\n    __tablename__ = 'OpenClose'\n\n    id = DB.Column(DB.Integer, primary_key=True)\n    begin = DB.Column(DB.BigInteger)\n    end = DB.Column(DB.BigInteger)\n",
  "slicing": "    __tablename__ = 'OpenClose'\n"
 },
 "31": {
  "name": "id",
  "type": "UNKNOWN",
  "class": "unknown",
  "approach": "Pysonar2",
  "file_path": "C-Hack-API/c_hack_api/db_models/open_close.py",
  "lineno": "15",
  "column": "4",
  "context": "age\n    \"\"\"\n\n    __tablename__ = 'OpenClose'\n\n    id = DB.Column(DB.Integer, primary_key=True)\n    begin = DB.Column(DB.BigInteger)\n    end = DB.",
  "context_lines": "    \"\"\"\n    The representation of a Beverage\n    \"\"\"\n\n    __tablename__ = 'OpenClose'\n\n    id = DB.Column(DB.Integer, primary_key=True)\n    begin = DB.Column(DB.BigInteger)\n    end = DB.Column(DB.BigInteger)\n    comment = DB.Column(DB.Text)\n\n    def __init__(self, begin: int, end: int, comment: str = \"\"):\n",
  "slicing": "    id = DB.Column(DB.Integer, primary_key=True)\n"
 },
 "32": {
  "name": "begin",
  "type": "UNKNOWN",
  "class": "unknown",
  "approach": "Pysonar2",
  "file_path": "C-Hack-API/c_hack_api/db_models/open_close.py",
  "lineno": "16",
  "column": "4",
  "context": " id = DB.Column(DB.Integer, primary_key=True)\n    begin = DB.Column(DB.BigInteger)\n    end = DB.Column(DB.BigInteger)\n    comment = D",
  "context_lines": "    The representation of a Beverage\n    \"\"\"\n\n    __tablename__ = 'OpenClose'\n\n    id = DB.Column(DB.Integer, primary_key=True)\n    begin = DB.Column(DB.BigInteger)\n    end = DB.Column(DB.BigInteger)\n    comment = DB.Column(DB.Text)\n\n    def __init__(self, begin: int, end: int, comment: str = \"\"):\n        self.begin = begin\n",
  "slicing": [
   "    begin = DB.Column(DB.BigInteger)\n",
   "        self.begin = begin\n",
   "        self.begin = begin\n"
  ]
 },
 "33": {
  "name": "end",
  "type": "UNKNOWN",
  "class": "unknown",
  "approach": "Pysonar2",
  "file_path": "C-Hack-API/c_hack_api/db_models/open_close.py",
  "lineno": "17",
  "column": "4",
  "context": "ey=True)\n    begin = DB.Column(DB.BigInteger)\n    end = DB.Column(DB.BigInteger)\n    comment = DB.Column(DB.Text)\n\n    def __init__",
  "context_lines": "    \"\"\"\n\n    __tablename__ = 'OpenClose'\n\n    id = DB.Column(DB.Integer, primary_key=True)\n    begin = DB.Column(DB.BigInteger)\n    end = DB.Column(DB.BigInteger)\n    comment = DB.Column(DB.Text)\n\n    def __init__(self, begin: int, end: int, comment: str = \"\"):\n        self.begin = begin\n        self.end = end\n",
  "slicing": [
   "    end = DB.Column(DB.BigInteger)\n",
   "        self.end = end\n",
   "        self.end = end\n"
  ]
 },
 "34": {
  "name": "comment",
  "type": "str",
  "class": "build-in",
  "approach": "Pysonar2",
  "file_path": "C-Hack-API/c_hack_api/db_models/open_close.py",
  "lineno": "18",
  "column": "4",
  "context": "igInteger)\n    end = DB.Column(DB.BigInteger)\n    comment = DB.Column(DB.Text)\n\n    def __init__(self, begin: int, end: int, comm",
  "context_lines": "    __tablename__ = 'OpenClose'\n\n    id = DB.Column(DB.Integer, primary_key=True)\n    begin = DB.Column(DB.BigInteger)\n    end = DB.Column(DB.BigInteger)\n    comment = DB.Column(DB.Text)\n\n    def __init__(self, begin: int, end: int, comment: str = \"\"):\n        self.begin = begin\n        self.end = end\n",
  "slicing": [
   "    comment = DB.Column(DB.Text)\n",
   "        self.comment = comment\n",
   "        self.comment = comment\n"
  ]
 },
 "35": {
  "name": "ROOT_MODEL",
  "type": "UNKNOWN",
  "class": "unknown",
  "approach": "Pysonar2",
  "file_path": "C-Hack-API/c_hack_api/api/api_models.py",
  "lineno": "9",
  "column": "0",
  "context": "port API\nfrom ..db_models import STD_STRING_SIZE\n\nROOT_MODEL = API.model('RootModel', {\n    'openClose': fields.Url('api.openclose_period_",
  "context_lines": "\"\"\"\n\nfrom flask_restplus import fields\nfrom . import API\nfrom ..db_models import STD_STRING_SIZE\n\nROOT_MODEL = API.model('RootModel', {\n    'openClose': fields.Url('api.openclose_period_list'),\n})\n\nOPEN_CLOSE_POST = API.model('OpenClosePOST', {\n    'begin': fields.Integer(title='Open From'),\n",
  "slicing": "ROOT_MODEL = API.model('RootModel', {\n"
 },
 "36": {
  "name": "OPEN_CLOSE_POST",
  "type": "UNKNOWN",
  "class": "unknown",
  "approach": "Pysonar2",
  "file_path": "C-Hack-API/c_hack_api/api/api_models.py",
  "lineno": "13",
  "column": "0",
  "context": "se': fields.Url('api.openclose_period_list'),\n})\n\nOPEN_CLOSE_POST = API.model('OpenClosePOST', {\n    'begin': fields.Integer(title='Open From'),\n  ",
  "context_lines": "from ..db_models import STD_STRING_SIZE\n\nROOT_MODEL = API.model('RootModel', {\n    'openClose': fields.Url('api.openclose_period_list'),\n})\n\nOPEN_CLOSE_POST = API.model('OpenClosePOST', {\n    'begin': fields.Integer(title='Open From'),\n    'end': fields.Integer(title='Open Until'),\n    'comment': fields.String(max_length=STD_STRING_SIZE, title='Comment'),\n})\n\n",
  "slicing": [
   "OPEN_CLOSE_POST = API.model('OpenClosePOST', {\n",
   "OPEN_CLOSE_GET = API.inherit('OpenCloseGET', OPEN_CLOSE_POST, {\n",
   "OPEN_CLOSE_PUT = API.inherit('OpenClosePUT', OPEN_CLOSE_POST, {})\n",
   "    'current_periods': fields.List(fields.Nested(OPEN_CLOSE_GET)),\n"
  ]
 },
 "37": {
  "name": "OPEN_CLOSE_GET",
  "type": "UNKNOWN",
  "class": "unknown",
  "approach": "Pysonar2",
  "file_path": "C-Hack-API/c_hack_api/api/api_models.py",
  "lineno": "19",
  "column": "0",
  "context": "max_length=STD_STRING_SIZE, title='Comment'),\n})\n\nOPEN_CLOSE_GET = API.inherit('OpenCloseGET', OPEN_CLOSE_POST, {\n    'id': fields.Integer(min=1, example=1, readonl",
  "context_lines": "    'begin': fields.Integer(title='Open From'),\n    'end': fields.Integer(title='Open Until'),\n    'comment': fields.String(max_length=STD_STRING_SIZE, title='Comment'),\n})\n\nOPEN_CLOSE_GET = API.inherit('OpenCloseGET', OPEN_CLOSE_POST, {\n    'id': fields.Integer(min=1, example=1, readonly=True, title='Internal Identifier'),\n})\n\nOPEN_CLOSE_PUT = API.inherit('OpenClosePUT', OPEN_CLOSE_POST, {})\n\nOPEN_CLOSE_NOW_GET = API.model('OpenCloseNowGET', {\n",
  "slicing": [
   "OPEN_CLOSE_GET = API.inherit('OpenCloseGET', OPEN_CLOSE_POST, {\n",
   "    'current_periods': fields.List(fields.Nested(OPEN_CLOSE_GET)),\n"
  ]
 },
 "38": {
  "name": "OPEN_CLOSE_PUT",
  "type": "UNKNOWN",
  "class": "unknown",
  "approach": "Pysonar2",
  "file_path": "C-Hack-API/c_hack_api/api/api_models.py",
  "lineno": "23",
  "column": "0",
  "context": " readonly=True, title='Internal Identifier'),\n})\n\nOPEN_CLOSE_PUT = API.inherit('OpenClosePUT', OPEN_CLOSE_POST, {})\n\nOPEN_CLOSE_NOW_GET = API.model('OpenCloseNowGET',",
  "context_lines": "})\n\nOPEN_CLOSE_GET = API.inherit('OpenCloseGET', OPEN_CLOSE_POST, {\n    'id': fields.Integer(min=1, example=1, readonly=True, title='Internal Identifier'),\n})\n\nOPEN_CLOSE_PUT = API.inherit('OpenClosePUT', OPEN_CLOSE_POST, {})\n\nOPEN_CLOSE_NOW_GET = API.model('OpenCloseNowGET', {\n    'state': fields.Boolean(title='Current State'),\n})\n\n",
  "slicing": "OPEN_CLOSE_PUT = API.inherit('OpenClosePUT', OPEN_CLOSE_POST, {})\n"
 },
 "39": {
  "name": "OPEN_CLOSE_NOW_GET",
  "type": "UNKNOWN",
  "class": "unknown",
  "approach": "Pysonar2",
  "file_path": "C-Hack-API/c_hack_api/api/api_models.py",
  "lineno": "25",
  "column": "0",
  "context": "API.inherit('OpenClosePUT', OPEN_CLOSE_POST, {})\n\nOPEN_CLOSE_NOW_GET = API.model('OpenCloseNowGET', {\n    'state': fields.Boolean(title='Current State')",
  "context_lines": "OPEN_CLOSE_GET = API.inherit('OpenCloseGET', OPEN_CLOSE_POST, {\n    'id': fields.Integer(min=1, example=1, readonly=True, title='Internal Identifier'),\n})\n\nOPEN_CLOSE_PUT = API.inherit('OpenClosePUT', OPEN_CLOSE_POST, {})\n\nOPEN_CLOSE_NOW_GET = API.model('OpenCloseNowGET', {\n    'state': fields.Boolean(title='Current State'),\n})\n\nOPEN_CLOSE_NOW_INFO_GET = API.inherit('OpenCloseNowInfoGET', OPEN_CLOSE_NOW_GET, {\n    'current_periods': fields.List(fields.Nested(OPEN_CLOSE_GET)),\n",
  "slicing": [
   "OPEN_CLOSE_NOW_GET = API.model('OpenCloseNowGET', {\n",
   "OPEN_CLOSE_NOW_INFO_GET = API.inherit('OpenCloseNowInfoGET', OPEN_CLOSE_NOW_GET, {\n",
   "OPEN_CLOSE_NEXT_CHANGE_GET = API.inherit('OpenCloseNextChangeGet', OPEN_CLOSE_NOW_GET, {\n"
  ]
 },
 "40": {
  "name": "OPEN_CLOSE_NOW_INFO_GET",
  "type": "UNKNOWN",
  "class": "unknown",
  "approach": "Pysonar2",
  "file_path": "C-Hack-API/c_hack_api/api/api_models.py",
  "lineno": "29",
  "column": "0",
  "context": "tate': fields.Boolean(title='Current State'),\n})\n\nOPEN_CLOSE_NOW_INFO_GET = API.inherit('OpenCloseNowInfoGET', OPEN_CLOSE_NOW_GET, {\n    'current_periods': fields.List(fields.Nested(O",
  "context_lines": "OPEN_CLOSE_PUT = API.inherit('OpenClosePUT', OPEN_CLOSE_POST, {})\n\nOPEN_CLOSE_NOW_GET = API.model('OpenCloseNowGET', {\n    'state': fields.Boolean(title='Current State'),\n})\n\nOPEN_CLOSE_NOW_INFO_GET = API.inherit('OpenCloseNowInfoGET', OPEN_CLOSE_NOW_GET, {\n    'current_periods': fields.List(fields.Nested(OPEN_CLOSE_GET)),\n})\n\nOPEN_CLOSE_NEXT_CHANGE_GET = API.inherit('OpenCloseNextChangeGet', OPEN_CLOSE_NOW_GET, {\n    'next_change': fields.Integer(title='Next change'),\n",
  "slicing": "OPEN_CLOSE_NOW_INFO_GET = API.inherit('OpenCloseNowInfoGET', OPEN_CLOSE_NOW_GET, {\n"
 },
 "41": {
  "name": "OPEN_CLOSE_NEXT_CHANGE_GET",
  "type": "UNKNOWN",
  "class": "unknown",
  "approach": "Pysonar2",
  "file_path": "C-Hack-API/c_hack_api/api/api_models.py",
  "lineno": "33",
  "column": "0",
  "context": ": fields.List(fields.Nested(OPEN_CLOSE_GET)),\n})\n\nOPEN_CLOSE_NEXT_CHANGE_GET = API.inherit('OpenCloseNextChangeGet', OPEN_CLOSE_NOW_GET, {\n    'next_change': fields.Integer(title='Next chan",
  "context_lines": "})\n\nOPEN_CLOSE_NOW_INFO_GET = API.inherit('OpenCloseNowInfoGET', OPEN_CLOSE_NOW_GET, {\n    'current_periods': fields.List(fields.Nested(OPEN_CLOSE_GET)),\n})\n\nOPEN_CLOSE_NEXT_CHANGE_GET = API.inherit('OpenCloseNextChangeGet', OPEN_CLOSE_NOW_GET, {\n    'next_change': fields.Integer(title='Next change'),\n",
  "slicing": "OPEN_CLOSE_NEXT_CHANGE_GET = API.inherit('OpenCloseNextChangeGet', OPEN_CLOSE_NOW_GET, {\n"
 },
 "42": {
  "name": "API_BLUEPRINT",
  "type": "flask.Blueprint",
  "class": "imported",
  "approach": "annotation",
  "file_path": "C-Hack-API/c_hack_api/api/__init__.py",
  "lineno": "9",
  "column": "0",
  "context": " Api, Resource, abort, marshal\nfrom .. import APP\nAPI_BLUEPRINT = Blueprint('api', __name__)\n\ndef render_root(self):\n    return self.make_respo",
  "context_lines": "from functools import wraps\nfrom flask import Blueprint\nfrom flask_restplus import Api, Resource, abort, marshal\nfrom .. import APP\nAPI_BLUEPRINT = Blueprint('api', __name__)\n\ndef render_root(self):\n    return self.make_response(marshal({}, ROOT_MODEL), 200)\n\nApi.render_root = render_root\n",
  "slicing": [
   "API_BLUEPRINT = Blueprint('api', __name__)\n",
   "API = Api(API_BLUEPRINT, version='0.1', title='C-Hack API', doc='/doc/',\n",
   "@API.errorhandler\n",
   "APP.register_blueprint(API_BLUEPRINT, url_prefix='')\n",
   "ROOT_NS = API.namespace('default', path='/')\n",
   "@ROOT_NS.route('/')\n",
   "    @API.doc(security=None)\n",
   "    @API.marshal_with(ROOT_MODEL)\n",
   "API.render_root = RootResource.get\n"
  ]
 },
 "43": {
  "name": "API",
  "type": "flask_restplus.Api",
  "class": "imported",
  "approach": "annotation",
  "file_path": "C-Hack-API/c_hack_api/api/__init__.py",
  "lineno": "17",
  "column": "0",
  "context": "root\nApi.base_path = APP.config['URI_BASE_PATH']\n\nAPI = Api(API_BLUEPRINT, version='0.1', title='C-Hack API', doc='/doc/',\n          description='The C-Hack API.', endpoint=",
  "context_lines": "def render_root(self):\n    return self.make_response(marshal({}, ROOT_MODEL), 200)\n\nApi.render_root = render_root\nApi.base_path = APP.config['URI_BASE_PATH']\n\nAPI = Api(API_BLUEPRINT, version='0.1', title='C-Hack API', doc='/doc/',\n          description='The C-Hack API.', endpoint=APP.config['URI_BASE_PATH'])\n\n# pylint: disable=C0413\nfrom .api_models import ROOT_MODEL\n\n\n\n@API.errorhandler\n",
  "slicing": [
   "API = Api(API_BLUEPRINT, version='0.1', title='C-Hack API', doc='/doc/',\n",
   "@API.errorhandler\n",
   "ROOT_NS = API.namespace('default', path='/')\n",
   "@ROOT_NS.route('/')\n",
   "    @API.doc(security=None)\n",
   "    @API.marshal_with(ROOT_MODEL)\n",
   "API.render_root = RootResource.get\n"
  ]
 },
 "44": {
  "name": "ROOT_NS",
  "type": "UNKNOWN",
  "class": "unknown",
  "approach": "Pysonar2",
  "file_path": "C-Hack-API/c_hack_api/api/__init__.py",
  "lineno": "36",
  "column": "0",
  "context": "register_blueprint(API_BLUEPRINT, url_prefix='')\n\nROOT_NS = API.namespace('default', path='/')\n\n@ROOT_NS.route('/')\nclass RootResource(Resource):",
  "context_lines": "    \"\"\"\n    #APP.logger.exception()\n    return {'message': error.message}, 500\n\n\nAPP.register_blueprint(API_BLUEPRINT, url_prefix='')\n\nROOT_NS = API.namespace('default', path='/')\n\n@ROOT_NS.route('/')\nclass RootResource(Resource):\n    \"\"\"\n",
  "slicing": [
   "ROOT_NS = API.namespace('default', path='/')\n",
   "@ROOT_NS.route('/')\n"
  ]
 },
 "45": {
  "name": "OPEN_CLOSE_NS",
  "type": "UNKNOWN",
  "class": "unknown",
  "approach": "Pysonar2",
  "file_path": "C-Hack-API/c_hack_api/api/open_close.py",
  "lineno": "13",
  "column": "0",
  "context": " DB\nfrom ..db_models.open_close import OpenClose\n\nOPEN_CLOSE_NS = API.namespace('openclose', description='OpenClose Endpoint', path='/open-close')\n\n\n@OPEN_CLOSE_NS.route('/')\nclass PeriodList(Resou",
  "context_lines": "from . import API, APP\nfrom .api_models import OPEN_CLOSE_GET, OPEN_CLOSE_POST, OPEN_CLOSE_PUT, OPEN_CLOSE_NOW_GET, OPEN_CLOSE_NOW_INFO_GET, OPEN_CLOSE_NEXT_CHANGE_GET\n\nfrom .. import DB\nfrom ..db_models.open_close import OpenClose\n\nOPEN_CLOSE_NS = API.namespace('openclose', description='OpenClose Endpoint', path='/open-close')\n\n\n@OPEN_CLOSE_NS.route('/')\nclass PeriodList(Resource):\n    \"\"\"\n",
  "slicing": [
   "OPEN_CLOSE_NS = API.namespace('openclose', description='OpenClose Endpoint', path='/open-close')\n",
   "@OPEN_CLOSE_NS.route('/')\n",
   "    @OPEN_CLOSE_NS.doc(model=OPEN_CLOSE_GET, body=OPEN_CLOSE_POST)\n",
   "    @OPEN_CLOSE_NS.response(201, 'Created.')\n",
   "    @OPEN_CLOSE_NS.response(400, \"Argument Error!\")\n",
   "@OPEN_CLOSE_NS.route('/now/')\n",
   "@OPEN_CLOSE_NS.route('/now-detailed/')\n",
   "@OPEN_CLOSE_NS.route('/next-change/')\n",
   "@OPEN_CLOSE_NS.route('/<int:period_id>/')\n",
   "    @OPEN_CLOSE_NS.response(404, 'Specified period does not found!')\n",
   "    @OPEN_CLOSE_NS.doc(model=OPEN_CLOSE_GET, body=OPEN_CLOSE_PUT)\n",
   "    @OPEN_CLOSE_NS.response(404, 'Specified period not found!')\n",
   "    @OPEN_CLOSE_NS.response(404, 'Specified period not found!')\n",
   "    @OPEN_CLOSE_NS.response(204, 'Specified period was deleted!')\n"
  ]
 },
 "46": {
  "name": "new",
  "type": "db_models.open_close.OpenClose",
  "class": "customized",
  "approach": "annotation",
  "file_path": "C-Hack-API/c_hack_api/api/open_close.py",
  "lineno": "38",
  "column": "8",
  "context": " a new period to the database\n        \"\"\"\n        new = OpenClose(**request.get_json())\n        if new.begin >= new.end:\n            abort",
  "context_lines": "    def post(self):\n        \"\"\"\n        Add a new period to the database\n        \"\"\"\n        new = OpenClose(**request.get_json())\n        if new.begin >= new.end:\n            abort(400, \"begin must be befor end\")\n        DB.session.add(new)\n        DB.session.commit()\n",
  "slicing": [
   "        new = OpenClose(**request.get_json())\n",
   "        if new.begin >= new.end:\n",
   "        DB.session.add(new)\n",
   "        return marshal(new, OPEN_CLOSE_GET), 201\n"
  ]
 },
 "47": {
  "name": "now",
  "type": "int",
  "class": "build-in",
  "approach": "annotation",
  "file_path": "C-Hack-API/c_hack_api/api/open_close.py",
  "lineno": "55",
  "column": "8",
  "context": " pylint: disable=R0201\n    def get(self):\n        now = int(time())\n        \"\"\"\n        Get current state\n        \"\"\"\n",
  "context_lines": "    \"\"\"\n\n    @API.marshal_with(OPEN_CLOSE_NOW_GET)\n    # pylint: disable=R0201\n    def get(self):\n        now = int(time())\n        \"\"\"\n        Get current state\n        \"\"\"\n        state = (OpenClose.query.filter(and_(OpenClose.begin < now), (OpenClose.end > now)).count() > 0)\n",
  "slicing": [
   "        now = int(time())\n",
   "        state = (OpenClose.query.filter(and_(OpenClose.begin < now), (OpenClose.end > now)).count() > 0)\n",
   "        return {'state': state}, 200\n",
   "        periods = OpenClose.query.filter(and_(OpenClose.begin < now), (OpenClose.end > now)).all()\n",
   "        return {'state': len(periods) > 0, 'current_periods': periods}, 200\n",
   "        state = (OpenClose.query.filter(and_(OpenClose.begin < now), (OpenClose.end > now)).count() > 0)\n",
   "        periods = OpenClose.query.filter(OpenClose.end > now).order_by(OpenClose.end.asc())\n",
   "        if state:\n",
   "            end = OpenClose.query.filter(and_(OpenClose.begin < now), (OpenClose.end > now)).order_by(OpenClose.end.desc()).first().end\n",
   "            for x in periods:\n",
   "                if x.end >= end and x.begin <= end:\n",
   "                    end = x.end\n",
   "            next_change = end\n",
   "            if len(OpenClose.query.filter(OpenClose.end > now).all()) == 0:\n",
   "                next_change = OpenClose.query.filter(OpenClose.begin > now).order_by(OpenClose.begin.asc()).first().begin\n",
   "        return {'state': state, 'next_change': next_change}\n"
  ]
 },
 "48": {
  "name": "state",
  "type": "bool",
  "class": "build-in",
  "approach": "Pysonar2",
  "file_path": "C-Hack-API/c_hack_api/api/open_close.py",
  "lineno": "59",
  "column": "8",
  "context": "\"\"\"\n        Get current state\n        \"\"\"\n        state = (OpenClose.query.filter(and_(OpenClose.begin < now), (OpenClose.end > now)).count() > 0)\n        return {'state': state}, 200\n\n\n@OPEN_CLOSE",
  "context_lines": "        now = int(time())\n        \"\"\"\n        Get current state\n        \"\"\"\n        state = (OpenClose.query.filter(and_(OpenClose.begin < now), (OpenClose.end > now)).count() > 0)\n        return {'state': state}, 200\n\n\n@OPEN_CLOSE_NS.route('/now-detailed/')\nclass NowInPeriodDetailed(Resource):\n    \"\"\"\n",
  "slicing": [
   "        state = (OpenClose.query.filter(and_(OpenClose.begin < now), (OpenClose.end > now)).count() > 0)\n",
   "        return {'state': state}, 200\n",
   "        if state:\n",
   "        return {'state': state, 'next_change': next_change}\n"
  ]
 },
 "49": {
  "name": "now",
  "type": "int",
  "class": "build-in",
  "approach": "annotation",
  "file_path": "C-Hack-API/c_hack_api/api/open_close.py",
  "lineno": "72",
  "column": "8",
  "context": " pylint: disable=R0201\n    def get(self):\n        now = int(time())\n        \"\"\"\n        Get current state\n        \"\"\"\n",
  "context_lines": "    \"\"\"\n\n    @API.marshal_with(OPEN_CLOSE_NOW_INFO_GET)\n    # pylint: disable=R0201\n    def get(self):\n        now = int(time())\n        \"\"\"\n        Get current state\n        \"\"\"\n        periods = OpenClose.query.filter(and_(OpenClose.begin < now), (OpenClose.end > now)).all()\n",
  "slicing": [
   "        now = int(time())\n",
   "        periods = OpenClose.query.filter(and_(OpenClose.begin < now), (OpenClose.end > now)).all()\n",
   "        return {'state': len(periods) > 0, 'current_periods': periods}, 200\n",
   "        state = (OpenClose.query.filter(and_(OpenClose.begin < now), (OpenClose.end > now)).count() > 0)\n",
   "        periods = OpenClose.query.filter(OpenClose.end > now).order_by(OpenClose.end.asc())\n",
   "        if state:\n",
   "            end = OpenClose.query.filter(and_(OpenClose.begin < now), (OpenClose.end > now)).order_by(OpenClose.end.desc()).first().end\n",
   "            for x in periods:\n",
   "                if x.end >= end and x.begin <= end:\n",
   "                    end = x.end\n",
   "            next_change = end\n",
   "            if len(OpenClose.query.filter(OpenClose.end > now).all()) == 0:\n",
   "                next_change = OpenClose.query.filter(OpenClose.begin > now).order_by(OpenClose.begin.asc()).first().begin\n",
   "        return {'state': state, 'next_change': next_change}\n"
  ]
 },
 "50": {
  "name": "periods",
  "type": "UNKNOWN",
  "class": "unknown",
  "approach": "Pysonar2",
  "file_path": "C-Hack-API/c_hack_api/api/open_close.py",
  "lineno": "76",
  "column": "8",
  "context": "\"\"\"\n        Get current state\n        \"\"\"\n        periods = OpenClose.query.filter(and_(OpenClose.begin < now), (OpenClose.end > now)).all()\n        return {'state': len(periods) > 0, 'curren",
  "context_lines": "        now = int(time())\n        \"\"\"\n        Get current state\n        \"\"\"\n        periods = OpenClose.query.filter(and_(OpenClose.begin < now), (OpenClose.end > now)).all()\n        return {'state': len(periods) > 0, 'current_periods': periods}, 200\n\n\n@OPEN_CLOSE_NS.route('/next-change/')\nclass NextChange(Resource):\n    \"\"\"\n",
  "slicing": [
   "        periods = OpenClose.query.filter(and_(OpenClose.begin < now), (OpenClose.end > now)).all()\n",
   "        return {'state': len(periods) > 0, 'current_periods': periods}, 200\n",
   "            for x in periods:\n",
   "                if x.end >= end and x.begin <= end:\n",
   "                    end = x.end\n",
   "            next_change = end\n",
   "        return {'state': state, 'next_change': next_change}\n"
  ]
 },
 "51": {
  "name": "now",
  "type": "int",
  "class": "build-in",
  "approach": "annotation",
  "file_path": "C-Hack-API/c_hack_api/api/open_close.py",
  "lineno": "92",
  "column": "8",
  "context": "\"\"\"\n        Get current state\n        \"\"\"\n        now = int(time())\n        state = (OpenClose.query.filter(and_(OpenC",
  "context_lines": "    def get(self):\n        \"\"\"\n        Get current state\n        \"\"\"\n        now = int(time())\n        state = (OpenClose.query.filter(and_(OpenClose.begin < now), (OpenClose.end > now)).count() > 0)\n        periods = OpenClose.query.filter(OpenClose.end > now).order_by(OpenClose.end.asc())\n        if state:\n            end = OpenClose.query.filter(and_(OpenClose.begin < now), (OpenClose.end > now)).order_by(OpenClose.end.desc()).first().end\n",
  "slicing": [
   "        now = int(time())\n",
   "        state = (OpenClose.query.filter(and_(OpenClose.begin < now), (OpenClose.end > now)).count() > 0)\n",
   "        periods = OpenClose.query.filter(OpenClose.end > now).order_by(OpenClose.end.asc())\n",
   "        if state:\n",
   "            end = OpenClose.query.filter(and_(OpenClose.begin < now), (OpenClose.end > now)).order_by(OpenClose.end.desc()).first().end\n",
   "            for x in periods:\n",
   "                if x.end >= end and x.begin <= end:\n",
   "                    end = x.end\n",
   "            next_change = end\n",
   "            if len(OpenClose.query.filter(OpenClose.end > now).all()) == 0:\n",
   "                next_change = OpenClose.query.filter(OpenClose.begin > now).order_by(OpenClose.begin.asc()).first().begin\n",
   "        return {'state': state, 'next_change': next_change}\n"
  ]
 },
 "52": {
  "name": "state",
  "type": "bool",
  "class": "build-in",
  "approach": "Pysonar2",
  "file_path": "C-Hack-API/c_hack_api/api/open_close.py",
  "lineno": "93",
  "column": "8",
  "context": "ate\n        \"\"\"\n        now = int(time())\n        state = (OpenClose.query.filter(and_(OpenClose.begin < now), (OpenClose.end > now)).count() > 0)\n        periods = OpenClose.query.filter(OpenClose",
  "context_lines": "        \"\"\"\n        Get current state\n        \"\"\"\n        now = int(time())\n        state = (OpenClose.query.filter(and_(OpenClose.begin < now), (OpenClose.end > now)).count() > 0)\n        periods = OpenClose.query.filter(OpenClose.end > now).order_by(OpenClose.end.asc())\n        if state:\n            end = OpenClose.query.filter(and_(OpenClose.begin < now), (OpenClose.end > now)).order_by(OpenClose.end.desc()).first().end\n            for x in periods:\n",
  "slicing": [
   "        state = (OpenClose.query.filter(and_(OpenClose.begin < now), (OpenClose.end > now)).count() > 0)\n",
   "        if state:\n",
   "        return {'state': state, 'next_change': next_change}\n"
  ]
 },
 "53": {
  "name": "periods",
  "type": "UNKNOWN",
  "class": "unknown",
  "approach": "Pysonar2",
  "file_path": "C-Hack-API/c_hack_api/api/open_close.py",
  "lineno": "94",
  "column": "8",
  "context": "now), (OpenClose.end > now)).count() > 0)\n        periods = OpenClose.query.filter(OpenClose.end > now).order_by(OpenClose.end.asc())\n        if state:\n            end = OpenClose.quer",
  "context_lines": "        Get current state\n        \"\"\"\n        now = int(time())\n        state = (OpenClose.query.filter(and_(OpenClose.begin < now), (OpenClose.end > now)).count() > 0)\n        periods = OpenClose.query.filter(OpenClose.end > now).order_by(OpenClose.end.asc())\n        if state:\n            end = OpenClose.query.filter(and_(OpenClose.begin < now), (OpenClose.end > now)).order_by(OpenClose.end.desc()).first().end\n            for x in periods:\n                if x.end >= end and x.begin <= end:\n",
  "slicing": [
   "        periods = OpenClose.query.filter(OpenClose.end > now).order_by(OpenClose.end.asc())\n",
   "            for x in periods:\n",
   "                if x.end >= end and x.begin <= end:\n",
   "                    end = x.end\n",
   "            next_change = end\n",
   "        return {'state': state, 'next_change': next_change}\n"
  ]
 },
 "54": {
  "name": "end",
  "type": "UNKNOWN",
  "class": "unknown",
  "approach": "Pysonar2",
  "file_path": "C-Hack-API/c_hack_api/api/open_close.py",
  "lineno": "96",
  "column": "12",
  "context": "penClose.end.asc())\n        if state:\n            end = OpenClose.query.filter(and_(OpenClose.begin < now), (OpenClose.end > now)).order_by(OpenClose.end.desc()).first().end\n            for x in periods:\n                if x",
  "context_lines": "        now = int(time())\n        state = (OpenClose.query.filter(and_(OpenClose.begin < now), (OpenClose.end > now)).count() > 0)\n        periods = OpenClose.query.filter(OpenClose.end > now).order_by(OpenClose.end.asc())\n        if state:\n            end = OpenClose.query.filter(and_(OpenClose.begin < now), (OpenClose.end > now)).order_by(OpenClose.end.desc()).first().end\n            for x in periods:\n                if x.end >= end and x.begin <= end:\n                    end = x.end\n                    continue\n",
  "slicing": [
   "            end = OpenClose.query.filter(and_(OpenClose.begin < now), (OpenClose.end > now)).order_by(OpenClose.end.desc()).first().end\n",
   "                if x.end >= end and x.begin <= end:\n",
   "            next_change = end\n",
   "        return {'state': state, 'next_change': next_change}\n"
  ]
 },
 "55": {
  "name": "end",
  "type": "UNKNOWN",
  "class": "unknown",
  "approach": "Pysonar2",
  "file_path": "C-Hack-API/c_hack_api/api/open_close.py",
  "lineno": "99",
  "column": "20",
  "context": "nd >= end and x.begin <= end:\n                    end = x.end\n                    continue\n                break",
  "context_lines": "        if state:\n            end = OpenClose.query.filter(and_(OpenClose.begin < now), (OpenClose.end > now)).order_by(OpenClose.end.desc()).first().end\n            for x in periods:\n                if x.end >= end and x.begin <= end:\n                    end = x.end\n                    continue\n                break\n            next_change = end\n\n\n        else:\n",
  "slicing": [
   "                    end = x.end\n",
   "            next_change = end\n",
   "        return {'state': state, 'next_change': next_change}\n"
  ]
 },
 "56": {
  "name": "next_change",
  "type": "UNKNOWN",
  "class": "unknown",
  "approach": "annotation",
  "file_path": "C-Hack-API/c_hack_api/api/open_close.py",
  "lineno": "102",
  "column": "12",
  "context": "       continue\n                break\n            next_change = end\n\n\n        else:\n            if len(OpenClose.query",
  "context_lines": "                if x.end >= end and x.begin <= end:\n                    end = x.end\n                    continue\n                break\n            next_change = end\n\n\n        else:\n            if len(OpenClose.query.filter(OpenClose.end > now).all()) == 0:\n                next_change = None\n",
  "slicing": [
   "            next_change = end\n",
   "        return {'state': state, 'next_change': next_change}\n"
  ]
 },
 "57": {
  "name": "next_change",
  "type": "UNKNOWN",
  "class": "unknown",
  "approach": "annotation",
  "file_path": "C-Hack-API/c_hack_api/api/open_close.py",
  "lineno": "107",
  "column": "16",
  "context": "OpenClose.end > now).all()) == 0:\n                next_change = None\n            else:\n                next_change = Op",
  "context_lines": "                break\n            next_change = end\n\n\n        else:\n            if len(OpenClose.query.filter(OpenClose.end > now).all()) == 0:\n                next_change = None\n            else:\n                next_change = OpenClose.query.filter(OpenClose.begin > now).order_by(OpenClose.begin.asc()).first().begin\n        return {'state': state, 'next_change': next_change}\n\n@OPEN_CLOSE_NS.route('/<int:period_id>/')\n",
  "slicing": [
   "                next_change = None\n",
   "        return {'state': state, 'next_change': next_change}\n"
  ]
 },
 "58": {
  "name": "next_change",
  "type": "UNKNOWN",
  "class": "unknown",
  "approach": "Pysonar2",
  "file_path": "C-Hack-API/c_hack_api/api/open_close.py",
  "lineno": "109",
  "column": "16",
  "context": "t_change = None\n            else:\n                next_change = OpenClose.query.filter(OpenClose.begin > now).order_by(OpenClose.begin.asc()).first().begin\n        return {'state': state, 'next_change': nex",
  "context_lines": "        else:\n            if len(OpenClose.query.filter(OpenClose.end > now).all()) == 0:\n                next_change = None\n            else:\n                next_change = OpenClose.query.filter(OpenClose.begin > now).order_by(OpenClose.begin.asc()).first().begin\n        return {'state': state, 'next_change': next_change}\n\n@OPEN_CLOSE_NS.route('/<int:period_id>/')\nclass PeriodDetail(Resource):\n    \"\"\"\n",
  "slicing": [
   "                next_change = OpenClose.query.filter(OpenClose.begin > now).order_by(OpenClose.begin.asc()).first().begin\n",
   "        return {'state': state, 'next_change': next_change}\n"
  ]
 },
 "59": {
  "name": "period",
  "type": "UNKNOWN",
  "class": "unknown",
  "approach": "Pysonar2",
  "file_path": "C-Hack-API/c_hack_api/api/open_close.py",
  "lineno": "125",
  "column": "8",
  "context": "he details of a single period\n        \"\"\"\n        period = OpenClose.query.filter(OpenClose.id == period_id).first()\n        if period is None:\n            abort(404, ",
  "context_lines": "    def get(self, period_id):\n        \"\"\"\n        Get the details of a single period\n        \"\"\"\n        period = OpenClose.query.filter(OpenClose.id == period_id).first()\n        if period is None:\n            abort(404, 'Specified period does not exist!')\n        return period\n\n    @OPEN_CLOSE_NS.doc(model=OPEN_CLOSE_GET, body=OPEN_CLOSE_PUT)\n",
  "slicing": [
   "        period = OpenClose.query.filter(OpenClose.id == period_id).first()\n",
   "        if period is None:\n",
   "        return period\n",
   "        if period is None:\n",
   "        period.update(**request.get_json())\n",
   "        return marshal(period, OPEN_CLOSE_GET), 200\n",
   "        if period is None:\n",
   "        DB.session.delete(period)\n"
  ]
 },
 "60": {
  "name": "period",
  "type": "UNKNOWN",
  "class": "unknown",
  "approach": "Pysonar2",
  "file_path": "C-Hack-API/c_hack_api/api/open_close.py",
  "lineno": "137",
  "column": "8",
  "context": "       Update a single period\n        \"\"\"\n        period = OpenClose.query.filter(OpenClose.id == period_id).first()\n\n        if period is None:\n            abort(404,",
  "context_lines": "    def put(self, period_id):\n        \"\"\"\n        Update a single period\n        \"\"\"\n        period = OpenClose.query.filter(OpenClose.id == period_id).first()\n\n        if period is None:\n            abort(404, 'Specified period not found!')\n\n        period.update(**request.get_json())\n",
  "slicing": [
   "        period = OpenClose.query.filter(OpenClose.id == period_id).first()\n",
   "        if period is None:\n",
   "        period.update(**request.get_json())\n",
   "        return marshal(period, OPEN_CLOSE_GET), 200\n",
   "        if period is None:\n",
   "        DB.session.delete(period)\n"
  ]
 },
 "61": {
  "name": "period",
  "type": "UNKNOWN",
  "class": "unknown",
  "approach": "Pysonar2",
  "file_path": "C-Hack-API/c_hack_api/api/open_close.py",
  "lineno": "153",
  "column": "8",
  "context": "  Drop the period from the DB\n        \"\"\"\n        period = OpenClose.query.filter(OpenClose.id == period_id).first()\n\n        if period is None:\n            abort(404,",
  "context_lines": "    def delete(self, period_id):\n        \"\"\"\n        Drop the period from the DB\n        \"\"\"\n        period = OpenClose.query.filter(OpenClose.id == period_id).first()\n\n        if period is None:\n            abort(404, 'Specified period not found!')\n\n        DB.session.delete(period)\n",
  "slicing": [
   "        period = OpenClose.query.filter(OpenClose.id == period_id).first()\n",
   "        if period is None:\n",
   "        DB.session.delete(period)\n"
  ]
 },
 "62": {
  "name": "debug_blueprint",
  "type": "flask.Blueprint",
  "class": "imported",
  "approach": "annotation",
  "file_path": "C-Hack-API/c_hack_api/debug_routes/__init__.py",
  "lineno": "13",
  "column": "0",
  "context": "should only be loaded if DEBUG mode is active!\")\n\ndebug_blueprint = Blueprint('debug_routes', __name__, template_folder='templates',\n                            static_folder='static'",
  "context_lines": "from flask import Blueprint, render_template\nfrom .. import APP\n\nif not APP.config['DEBUG']:\n    raise ImportWarning(\"This Module should only be loaded if DEBUG mode is active!\")\n\ndebug_blueprint = Blueprint('debug_routes', __name__, template_folder='templates',\n                            static_folder='static')\n\n\n@debug_blueprint.route('/')\n@debug_blueprint.route('/index')\ndef index():\n",
  "slicing": [
   "debug_blueprint = Blueprint('debug_routes', __name__, template_folder='templates',\n",
   "@debug_blueprint.route('/')\n",
   "@debug_blueprint.route('/index')\n",
   "APP.register_blueprint(debug_blueprint, url_prefix='/debug')\n"
  ]
 },
 "63": {
  "name": "output",
  "type": "list",
  "class": "build-in",
  "approach": "annotation",
  "file_path": "C-Hack-API/c_hack_api/debug_routes/__init__.py",
  "lineno": "20",
  "column": "4",
  "context": "@debug_blueprint.route('/index')\ndef index():\n    output = []\n    for rule in APP.url_map.iter_rules():\n\n       ",
  "context_lines": "                            static_folder='static')\n\n\n@debug_blueprint.route('/')\n@debug_blueprint.route('/index')\ndef index():\n    output = []\n    for rule in APP.url_map.iter_rules():\n\n        line = {\n            'endpoint': rule.endpoint,\n            'methods': ', '.join(rule.methods),\n",
  "slicing": [
   "    output = []\n",
   "        output.append(line)\n",
   "    output.sort(key=lambda x: x['url'])\n",
   "                           routes=output)\n"
  ]
 },
 "64": {
  "name": "line",
  "type": "dict",
  "class": "build-in",
  "approach": "annotation",
  "file_path": "C-Hack-API/c_hack_api/debug_routes/__init__.py",
  "lineno": "23",
  "column": "8",
  "context": "   for rule in APP.url_map.iter_rules():\n\n        line = {\n            'endpoint': rule.endpoint,\n           ",
  "context_lines": "@debug_blueprint.route('/index')\ndef index():\n    output = []\n    for rule in APP.url_map.iter_rules():\n\n        line = {\n            'endpoint': rule.endpoint,\n            'methods': ', '.join(rule.methods),\n            'url': rule.rule\n        }\n",
  "slicing": [
   "        line = {\n",
   "        output.append(line)\n"
  ]
 },
 "65": {
  "name": "a",
  "type": "dict",
  "class": "build-in",
  "approach": "Pysonar2",
  "file_path": "C-Hack-API/c_hack_api/loggingInit.py",
  "lineno": "9",
  "column": "15",
  "context": "\n\nimport json\n\nfrom . import APP\n\n\ndef dict_merge(a, b):\n    if not isinstance(b, dict):\n        return b\n ",
  "context_lines": "from logging.config import dictConfig\nfrom logging import Logger\n\nimport json\n\nfrom . import APP\n\n\ndef dict_merge(a, b):\n    if not isinstance(b, dict):\n        return b\n    result = a\n    for key in b.keys():\n",
  "slicing": [
   "def dict_merge(a, b):\n",
   "    result = a\n",
   "    for key in b.keys():\n",
   "        value = b[key]\n",
   "        if key in result and isinstance(result[key], dict):\n",
   "            result[key] = dict_merge(result[key], value)\n",
   "            result[key] = value\n",
   "    return result\n",
   "resultDict = {}\n",
   "for f in APP.config['LOGGING_CONFIGS']:\n",
   "    fh = open(f, 'r')\n",
   "    newDict = json.load(fh)\n",
   "    resultDict = dict_merge(resultDict, newDict)\n",
   "dictConfig(resultDict)\n"
  ]
 },
 "66": {
  "name": "b",
  "type": "UNKNOWN",
  "class": "unknown",
  "approach": "Pysonar2",
  "file_path": "C-Hack-API/c_hack_api/loggingInit.py",
  "lineno": "9",
  "column": "18",
  "context": "mport json\n\nfrom . import APP\n\n\ndef dict_merge(a, b):\n    if not isinstance(b, dict):\n        return b\n ",
  "context_lines": "from logging.config import dictConfig\nfrom logging import Logger\n\nimport json\n\nfrom . import APP\n\n\ndef dict_merge(a, b):\n    if not isinstance(b, dict):\n        return b\n    result = a\n    for key in b.keys():\n",
  "slicing": [
   "def dict_merge(a, b):\n",
   "    result = a\n",
   "    for key in b.keys():\n",
   "        value = b[key]\n",
   "        if key in result and isinstance(result[key], dict):\n",
   "            result[key] = dict_merge(result[key], value)\n",
   "            result[key] = value\n",
   "    return result\n",
   "resultDict = {}\n",
   "for f in APP.config['LOGGING_CONFIGS']:\n",
   "    fh = open(f, 'r')\n",
   "    newDict = json.load(fh)\n",
   "    resultDict = dict_merge(resultDict, newDict)\n",
   "dictConfig(resultDict)\n"
  ]
 },
 "67": {
  "name": "dbapi_connection",
  "type": "UNKNOWN",
  "class": "unknown",
  "approach": "Pysonar2",
  "file_path": "C-Hack-API/c_hack_api/db_models/__init__.py",
  "lineno": "15",
  "column": "26",
  "context": "_for(Engine, 'connect')\n    def set_sqlite_pragma(dbapi_connection, connection_record):\n        if APP.config.get('SQLITE_FOREIGN_KEYS', T",
  "context_lines": "from .. import APP, DB\n\nSTD_STRING_SIZE = 190  # Max size that allows Indices while using utf8mb4 in MySql DB\n\n\n\n\nif APP.config.get('SQLALCHEMY_DATABASE_URI', '').startswith('sqlite://'):\n    @event.listens_for(Engine, 'connect')\n    def set_sqlite_pragma(dbapi_connection, connection_record):\n        if APP.config.get('SQLITE_FOREIGN_KEYS', True):\n            cursor = dbapi_connection.cursor()\n            cursor.execute(\"PRAGMA foreign_keys=ON\")\n            cursor.close()\n\n\n",
  "slicing": "    def set_sqlite_pragma(dbapi_connection, connection_record):\n"
 },
 "68": {
  "name": "connection_record",
  "type": "UNKNOWN",
  "class": "unknown",
  "approach": "Pysonar2",
  "file_path": "C-Hack-API/c_hack_api/db_models/__init__.py",
  "lineno": "15",
  "column": "44",
  "context": "ect')\n    def set_sqlite_pragma(dbapi_connection, connection_record):\n        if APP.config.get('SQLITE_FOREIGN_KEYS', T",
  "context_lines": "from .. import APP, DB\n\nSTD_STRING_SIZE = 190  # Max size that allows Indices while using utf8mb4 in MySql DB\n\n\n\n\nif APP.config.get('SQLALCHEMY_DATABASE_URI', '').startswith('sqlite://'):\n    @event.listens_for(Engine, 'connect')\n    def set_sqlite_pragma(dbapi_connection, connection_record):\n        if APP.config.get('SQLITE_FOREIGN_KEYS', True):\n            cursor = dbapi_connection.cursor()\n            cursor.execute(\"PRAGMA foreign_keys=ON\")\n            cursor.close()\n\n\n",
  "slicing": "    def set_sqlite_pragma(dbapi_connection, connection_record):\n"
 },
 "69": {
  "name": "begin",
  "type": "int",
  "class": "build-in",
  "approach": "annotation",
  "file_path": "C-Hack-API/c_hack_api/db_models/open_close.py",
  "lineno": "20",
  "column": "23",
  "context": "ment = DB.Column(DB.Text)\n\n    def __init__(self, begin: int, end: int, comment: str = \"\"):\n        self.begin = begin\n        self.end = end\n",
  "context_lines": "    id = DB.Column(DB.Integer, primary_key=True)\n    begin = DB.Column(DB.BigInteger)\n    end = DB.Column(DB.BigInteger)\n    comment = DB.Column(DB.Text)\n\n    def __init__(self, begin: int, end: int, comment: str = \"\"):\n        self.begin = begin\n        self.end = end\n        self.comment = comment\n\n    def update(self, begin: int, end: int, comment: str = \"\"):\n",
  "slicing": "    def __init__(self, begin: int, end: int, comment: str = \"\"):\n"
 },
 "70": {
  "name": "end",
  "type": "int",
  "class": "build-in",
  "approach": "annotation",
  "file_path": "C-Hack-API/c_hack_api/db_models/open_close.py",
  "lineno": "20",
  "column": "35",
  "context": "lumn(DB.Text)\n\n    def __init__(self, begin: int, end: int, comment: str = \"\"):\n        self.begin = begin\n        self.end = end\n",
  "context_lines": "    id = DB.Column(DB.Integer, primary_key=True)\n    begin = DB.Column(DB.BigInteger)\n    end = DB.Column(DB.BigInteger)\n    comment = DB.Column(DB.Text)\n\n    def __init__(self, begin: int, end: int, comment: str = \"\"):\n        self.begin = begin\n        self.end = end\n        self.comment = comment\n\n    def update(self, begin: int, end: int, comment: str = \"\"):\n",
  "slicing": "    def __init__(self, begin: int, end: int, comment: str = \"\"):\n"
 },
 "71": {
  "name": "comment",
  "type": "str",
  "class": "build-in",
  "approach": "annotation",
  "file_path": "C-Hack-API/c_hack_api/db_models/open_close.py",
  "lineno": "20",
  "column": "45",
  "context": "xt)\n\n    def __init__(self, begin: int, end: int, comment: str = \"\"):\n        self.begin = begin\n        self.end = end\n",
  "context_lines": "    id = DB.Column(DB.Integer, primary_key=True)\n    begin = DB.Column(DB.BigInteger)\n    end = DB.Column(DB.BigInteger)\n    comment = DB.Column(DB.Text)\n\n    def __init__(self, begin: int, end: int, comment: str = \"\"):\n        self.begin = begin\n        self.end = end\n        self.comment = comment\n\n    def update(self, begin: int, end: int, comment: str = \"\"):\n",
  "slicing": "    def __init__(self, begin: int, end: int, comment: str = \"\"):\n"
 },
 "72": {
  "name": "begin",
  "type": "int",
  "class": "build-in",
  "approach": "annotation",
  "file_path": "C-Hack-API/c_hack_api/db_models/open_close.py",
  "lineno": "25",
  "column": "21",
  "context": "     self.comment = comment\n\n    def update(self, begin: int, end: int, comment: str = \"\"):\n        self.begin = begin\n        self.end = end\n",
  "context_lines": "    def __init__(self, begin: int, end: int, comment: str = \"\"):\n        self.begin = begin\n        self.end = end\n        self.comment = comment\n\n    def update(self, begin: int, end: int, comment: str = \"\"):\n        self.begin = begin\n        self.end = end\n",
  "slicing": "    def update(self, begin: int, end: int, comment: str = \"\"):\n"
 },
 "73": {
  "name": "end",
  "type": "int",
  "class": "build-in",
  "approach": "annotation",
  "file_path": "C-Hack-API/c_hack_api/db_models/open_close.py",
  "lineno": "25",
  "column": "33",
  "context": "mment = comment\n\n    def update(self, begin: int, end: int, comment: str = \"\"):\n        self.begin = begin\n        self.end = end\n",
  "context_lines": "    def __init__(self, begin: int, end: int, comment: str = \"\"):\n        self.begin = begin\n        self.end = end\n        self.comment = comment\n\n    def update(self, begin: int, end: int, comment: str = \"\"):\n        self.begin = begin\n        self.end = end\n",
  "slicing": "    def update(self, begin: int, end: int, comment: str = \"\"):\n"
 },
 "74": {
  "name": "comment",
  "type": "str",
  "class": "build-in",
  "approach": "annotation",
  "file_path": "C-Hack-API/c_hack_api/db_models/open_close.py",
  "lineno": "25",
  "column": "43",
  "context": "mment\n\n    def update(self, begin: int, end: int, comment: str = \"\"):\n        self.begin = begin\n        self.end = end\n",
  "context_lines": "    def __init__(self, begin: int, end: int, comment: str = \"\"):\n        self.begin = begin\n        self.end = end\n        self.comment = comment\n\n    def update(self, begin: int, end: int, comment: str = \"\"):\n        self.begin = begin\n        self.end = end\n",
  "slicing": "    def update(self, begin: int, end: int, comment: str = \"\"):\n"
 },
 "75": {
  "name": "error",
  "type": "UNKNOWN",
  "class": "unknown",
  "approach": "Pysonar2",
  "file_path": "C-Hack-API/c_hack_api/api/__init__.py",
  "lineno": "26",
  "column": "25",
  "context": "DEL\n\n\n\n@API.errorhandler\ndef default_errorhandler(error):\n    \"\"\"\n    Handler function for a logging all err",
  "context_lines": "          description='The C-Hack API.', endpoint=APP.config['URI_BASE_PATH'])\n\n# pylint: disable=C0413\nfrom .api_models import ROOT_MODEL\n\n\n\n@API.errorhandler\ndef default_errorhandler(error):\n    \"\"\"\n    Handler function for a logging all errors\n    \"\"\"\n    #APP.logger.exception()\n",
  "slicing": "def default_errorhandler(error):\n"
 },
 "76": {
  "name": "period_id",
  "type": "UNKNOWN",
  "class": "unknown",
  "approach": "Pysonar2",
  "file_path": "C-Hack-API/c_hack_api/api/open_close.py",
  "lineno": "121",
  "column": "18",
  "context": "!')\n    # pylint: disable=R0201\n    def get(self, period_id):\n        \"\"\"\n        Get the details of a single pe",
  "context_lines": "    \"\"\"\n\n    @API.marshal_with(OPEN_CLOSE_GET)\n    @OPEN_CLOSE_NS.response(404, 'Specified period does not found!')\n    # pylint: disable=R0201\n    def get(self, period_id):\n        \"\"\"\n        Get the details of a single period\n        \"\"\"\n        period = OpenClose.query.filter(OpenClose.id == period_id).first()\n",
  "slicing": "    def get(self, period_id):\n"
 },
 "77": {
  "name": "period_id",
  "type": "UNKNOWN",
  "class": "unknown",
  "approach": "Pysonar2",
  "file_path": "C-Hack-API/c_hack_api/api/open_close.py",
  "lineno": "133",
  "column": "18",
  "context": "!')\n    # pylint: disable=R0201\n    def put(self, period_id):\n        \"\"\"\n        Update a single period\n       ",
  "context_lines": "        return period\n\n    @OPEN_CLOSE_NS.doc(model=OPEN_CLOSE_GET, body=OPEN_CLOSE_PUT)\n    @OPEN_CLOSE_NS.response(404, 'Specified period not found!')\n    # pylint: disable=R0201\n    def put(self, period_id):\n        \"\"\"\n        Update a single period\n        \"\"\"\n        period = OpenClose.query.filter(OpenClose.id == period_id).first()\n\n",
  "slicing": "    def put(self, period_id):\n"
 },
 "78": {
  "name": "period_id",
  "type": "UNKNOWN",
  "class": "unknown",
  "approach": "Pysonar2",
  "file_path": "C-Hack-API/c_hack_api/api/open_close.py",
  "lineno": "149",
  "column": "21",
  "context": "\n    # pylint: disable=R0201\n    def delete(self, period_id):\n        \"\"\"\n        Drop the period from the DB\n  ",
  "context_lines": "        return marshal(period, OPEN_CLOSE_GET), 200\n\n    @OPEN_CLOSE_NS.response(404, 'Specified period not found!')\n    @OPEN_CLOSE_NS.response(204, 'Specified period was deleted!')\n    # pylint: disable=R0201\n    def delete(self, period_id):\n        \"\"\"\n        Drop the period from the DB\n        \"\"\"\n        period = OpenClose.query.filter(OpenClose.id == period_id).first()\n\n",
  "slicing": "    def delete(self, period_id):\n"
 }
}