{
 "1": {
  "name": "namespace",
  "type": "str",
  "class": "build-in",
  "approach": "annotation",
  "file_path": "cachepot/example/__init__.py",
  "lineno": "11",
  "column": "4",
  "context": "leFileSystemCacheStore(CacheStore[str, Any]):\n    namespace: str\n\n    def __init__(\n        self,\n        namespace",
  "context_lines": "from cachepot.serializer.pickle import PickleSerializer\nfrom cachepot.serializer.str import StringSerializer\nfrom cachepot.store import CacheStore\n\n\nclass SimpleFileSystemCacheStore(CacheStore[str, Any]):\n    namespace: str\n\n    def __init__(\n        self,\n        namespace: str,\n",
  "slicing": [
   "    namespace: str\n",
   "            namespace=namespace,\n",
   "            namespace=namespace,\n"
  ]
 },
 "2": {
  "name": "namespace",
  "type": "str",
  "class": "build-in",
  "approach": "annotation",
  "file_path": "cachepot/example/__init__.py",
  "lineno": "29",
  "column": "4",
  "context": "temJSONCacheStore(CacheStore[str, JSONType]):\n    namespace: str\n\n    def __init__(\n        self,\n        namespace",
  "context_lines": "            backend=FileSystemCacheBackend(directory),\n            default_expire_seconds=3600,\n        )\n\n\nclass FileSystemJSONCacheStore(CacheStore[str, JSONType]):\n    namespace: str\n\n    def __init__(\n        self,\n        namespace: str,\n",
  "slicing": [
   "    namespace: str\n",
   "            namespace=namespace,\n"
  ]
 },
 "3": {
  "name": "cachestore",
  "type": "SimpleFileSystemCacheStore",
  "class": "customized",
  "approach": "annotation",
  "file_path": "cachepot/example/__init__.py",
  "lineno": "47",
  "column": "4",
  "context": "600,\n        )\n\n\ndef example_usage() -> None:\n    cachestore = SimpleFileSystemCacheStore('example', directory='./tmp')\n    cachestore.put('x', 1)\n    assert cachestore.g",
  "context_lines": "            backend=FileSystemCacheBackend(directory),\n            default_expire_seconds=3600,\n        )\n\n\ndef example_usage() -> None:\n    cachestore = SimpleFileSystemCacheStore('example', directory='./tmp')\n    cachestore.put('x', 1)\n    assert cachestore.get('x') == 1\n    cachestore.remove('x')\n    assert cachestore.get('x') is None\n",
  "slicing": [
   "    cachestore = SimpleFileSystemCacheStore('example', directory='./tmp')\n",
   "    cachestore.put('x', 1)\n",
   "    assert cachestore.get('x') == 1\n",
   "    cachestore.remove('x')\n",
   "    assert cachestore.get('x') is None\n",
   "    assert cachestore.proxy(lambda: 3)(cache_key='y') == 3\n",
   "    assert cachestore.proxy(lambda: 3)(cache_key='y') == 3\n"
  ]
 },
 "4": {
  "name": "cachestore",
  "type": "cachepot.store.CacheStore",
  "class": "customized",
  "approach": "annotation",
  "file_path": "cachepot/tests/test_store.py",
  "lineno": "16",
  "column": "12",
  "context": "file.TemporaryDirectory() as tmpdir:\n\n            cachestore = CacheStore(\n                namespace='testing',\n             ",
  "context_lines": "from cachepot.store import CacheStore\n\n\nclass TestCacheStore(unittest.TestCase):\n\n    def test_basis(self) -> None:\n        with tempfile.TemporaryDirectory() as tmpdir:\n\n            cachestore = CacheStore(\n                namespace='testing',\n                key_serializer=StringSerializer(),\n                value_serializer=PickleSerializer(),\n                backend=FileSystemCacheBackend(tmpdir),\n",
  "slicing": [
   "            cachestore = CacheStore(\n",
   "            cachestore.put('x', 1)\n",
   "            self.assertEqual(cachestore.get('x'), 1)\n",
   "            cachestore.remove('x')\n",
   "            self.assertEqual(cachestore.get('x'), None)\n",
   "            self.assertEqual(cachestore.proxy(lambda: 3)(cache_key='y'), 3)\n",
   "            self.assertEqual(cachestore.proxy(lambda: 3)(cache_key='y'), 3)\n",
   "            self.assertEqual(cachestore.get('y'), 3)\n",
   "            self.assertEqual(cachestore.get('y'), None)\n",
   "            self.assertEqual(cachestore.proxy(lambda: 3)(cache_key='y'), 3)\n"
  ]
 },
 "5": {
  "name": "r",
  "type": "UNKNOWN",
  "class": "unknown",
  "approach": "Pysonar2",
  "file_path": "cachepot/tests/backend/test_redis.py",
  "lineno": "12",
  "column": "8",
  "context": "st_various_connection_like(self) -> None:\n        r = redis.Redis(host='localhost', port=6379, db=0)\n        cachestore = RedisCacheBackend(r)\n        ",
  "context_lines": "import redis\n\nfrom cachepot.backend.redis import RedisCacheBackend\n\n\nclass TestRedisCacheBackend(unittest.TestCase):\n\n    def test_various_connection_like(self) -> None:\n        r = redis.Redis(host='localhost', port=6379, db=0)\n        cachestore = RedisCacheBackend(r)\n        self.assertEqual(cachestore.load(b'1'), None)\n        cachestore.save(b'1', b'2', expire_seconds=1)\n        self.assertEqual(cachestore.load(b'1'), b'2')\n",
  "slicing": [
   "        r = redis.Redis(host='localhost', port=6379, db=0)\n",
   "        cachestore = RedisCacheBackend(r)\n",
   "        self.assertEqual(cachestore.load(b'1'), None)\n",
   "        cachestore.save(b'1', b'2', expire_seconds=1)\n",
   "        self.assertEqual(cachestore.load(b'1'), b'2')\n",
   "        cachestore.delete(b'1')\n",
   "        self.assertEqual(cachestore.load(b'1'), None)\n",
   "        cachestore = RedisCacheBackend(r)\n",
   "        cachestore.save(b'1', b'2', expire_seconds=1)\n",
   "        self.assertEqual(cachestore.load(b'1'), b'2')\n",
   "        self.assertEqual(cachestore.load(b'1'), None)\n"
  ]
 },
 "6": {
  "name": "cachestore",
  "type": "cachepot.backend.redis.RedisCacheBackend",
  "class": "customized",
  "approach": "annotation",
  "file_path": "cachepot/tests/backend/test_redis.py",
  "lineno": "13",
  "column": "8",
  "context": ".Redis(host='localhost', port=6379, db=0)\n        cachestore = RedisCacheBackend(r)\n        self.assertEqual(cachestore.load(b'1'), No",
  "context_lines": "from cachepot.backend.redis import RedisCacheBackend\n\n\nclass TestRedisCacheBackend(unittest.TestCase):\n\n    def test_various_connection_like(self) -> None:\n        r = redis.Redis(host='localhost', port=6379, db=0)\n        cachestore = RedisCacheBackend(r)\n        self.assertEqual(cachestore.load(b'1'), None)\n        cachestore.save(b'1', b'2', expire_seconds=1)\n        self.assertEqual(cachestore.load(b'1'), b'2')\n        cachestore.delete(b'1')\n",
  "slicing": [
   "        cachestore = RedisCacheBackend(r)\n",
   "        self.assertEqual(cachestore.load(b'1'), None)\n",
   "        cachestore.save(b'1', b'2', expire_seconds=1)\n",
   "        self.assertEqual(cachestore.load(b'1'), b'2')\n",
   "        cachestore.delete(b'1')\n",
   "        self.assertEqual(cachestore.load(b'1'), None)\n",
   "        cachestore.save(b'1', b'2', expire_seconds=1)\n",
   "        self.assertEqual(cachestore.load(b'1'), b'2')\n",
   "        self.assertEqual(cachestore.load(b'1'), None)\n"
  ]
 },
 "7": {
  "name": "r",
  "type": "UNKNOWN",
  "class": "unknown",
  "approach": "Pysonar2",
  "file_path": "cachepot/tests/backend/test_redis.py",
  "lineno": "21",
  "column": "8",
  "context": "None)\n\n    def test_expire(self) -> None:\n        r = redis.Redis(host='localhost', port=6379, db=0)\n        cachestore = RedisCacheBackend(r)\n        ",
  "context_lines": "        self.assertEqual(cachestore.load(b'1'), b'2')\n        cachestore.delete(b'1')\n        self.assertEqual(cachestore.load(b'1'), None)\n\n    def test_expire(self) -> None:\n        r = redis.Redis(host='localhost', port=6379, db=0)\n        cachestore = RedisCacheBackend(r)\n        cachestore.save(b'1', b'2', expire_seconds=1)\n        self.assertEqual(cachestore.load(b'1'), b'2')\n        time.sleep(2)\n",
  "slicing": [
   "        r = redis.Redis(host='localhost', port=6379, db=0)\n",
   "        cachestore = RedisCacheBackend(r)\n",
   "        cachestore.save(b'1', b'2', expire_seconds=1)\n",
   "        self.assertEqual(cachestore.load(b'1'), b'2')\n",
   "        self.assertEqual(cachestore.load(b'1'), None)\n"
  ]
 },
 "8": {
  "name": "cachestore",
  "type": "cachepot.backend.redis.RedisCacheBackend",
  "class": "customized",
  "approach": "annotation",
  "file_path": "cachepot/tests/backend/test_redis.py",
  "lineno": "22",
  "column": "8",
  "context": ".Redis(host='localhost', port=6379, db=0)\n        cachestore = RedisCacheBackend(r)\n        cachestore.save(b'1', b'2', expire_seconds",
  "context_lines": "        cachestore.delete(b'1')\n        self.assertEqual(cachestore.load(b'1'), None)\n\n    def test_expire(self) -> None:\n        r = redis.Redis(host='localhost', port=6379, db=0)\n        cachestore = RedisCacheBackend(r)\n        cachestore.save(b'1', b'2', expire_seconds=1)\n        self.assertEqual(cachestore.load(b'1'), b'2')\n        time.sleep(2)\n",
  "slicing": [
   "        cachestore = RedisCacheBackend(r)\n",
   "        cachestore.save(b'1', b'2', expire_seconds=1)\n",
   "        self.assertEqual(cachestore.load(b'1'), b'2')\n",
   "        self.assertEqual(cachestore.load(b'1'), None)\n"
  ]
 },
 "9": {
  "name": "cachestore",
  "type": "cachepot.backend.filesystem.FileSystemCacheBackend",
  "class": "customized",
  "approach": "annotation",
  "file_path": "cachepot/tests/backend/test_filesystem.py",
  "lineno": "13",
  "column": "12",
  "context": "pfile.TemporaryDirectory() as tmpdir:\n            cachestore = FileSystemCacheBackend(pathlib.Path(tmpdir))\n            self.assertEqual(cachestore.load(b'1')",
  "context_lines": "from cachepot.backend.filesystem import FileSystemCacheBackend\n\n\nclass TestFileSystemCacheBackend(unittest.TestCase):\n\n    def test_various_pathlike(self) -> None:\n        with tempfile.TemporaryDirectory() as tmpdir:\n            cachestore = FileSystemCacheBackend(pathlib.Path(tmpdir))\n            self.assertEqual(cachestore.load(b'1'), None)\n            cachestore.save(b'1', b'2', expire_seconds=1)\n            self.assertEqual(cachestore.load(b'1'), b'2')\n            cachestore.delete(b'1')\n",
  "slicing": [
   "            cachestore = FileSystemCacheBackend(pathlib.Path(tmpdir))\n",
   "            self.assertEqual(cachestore.load(b'1'), None)\n",
   "            cachestore.save(b'1', b'2', expire_seconds=1)\n",
   "            self.assertEqual(cachestore.load(b'1'), b'2')\n",
   "            cachestore.delete(b'1')\n",
   "            self.assertEqual(cachestore.load(b'1'), None)\n",
   "            self.assertEqual(cachestore.load(b'3'), None)\n",
   "            cachestore.save(b'3', b'4', expire_seconds=1)\n",
   "            self.assertEqual(cachestore.load(b'3'), b'4')\n",
   "            cachestore.delete(b'3')\n",
   "            self.assertEqual(cachestore.load(b'3'), None)\n",
   "            cachestore.save(b'1', b'2', expire_seconds=1)\n",
   "            self.assertEqual(cachestore.load(b'1'), b'2')\n",
   "            self.assertEqual(cachestore.load(b'1'), None)\n"
  ]
 },
 "10": {
  "name": "cachestore",
  "type": "cachepot.backend.filesystem.FileSystemCacheBackend",
  "class": "customized",
  "approach": "annotation",
  "file_path": "cachepot/tests/backend/test_filesystem.py",
  "lineno": "21",
  "column": "12",
  "context": "pfile.TemporaryDirectory() as tmpdir:\n            cachestore = FileSystemCacheBackend(tmpdir)\n            self.assertEqual(cachestore.load(b'3')",
  "context_lines": "            self.assertEqual(cachestore.load(b'1'), b'2')\n            cachestore.delete(b'1')\n            self.assertEqual(cachestore.load(b'1'), None)\n\n        with tempfile.TemporaryDirectory() as tmpdir:\n            cachestore = FileSystemCacheBackend(tmpdir)\n            self.assertEqual(cachestore.load(b'3'), None)\n            cachestore.save(b'3', b'4', expire_seconds=1)\n            self.assertEqual(cachestore.load(b'3'), b'4')\n            cachestore.delete(b'3')\n",
  "slicing": [
   "            cachestore = FileSystemCacheBackend(tmpdir)\n",
   "            self.assertEqual(cachestore.load(b'3'), None)\n",
   "            cachestore.save(b'3', b'4', expire_seconds=1)\n",
   "            self.assertEqual(cachestore.load(b'3'), b'4')\n",
   "            cachestore.delete(b'3')\n",
   "            self.assertEqual(cachestore.load(b'3'), None)\n",
   "            cachestore.save(b'1', b'2', expire_seconds=1)\n",
   "            self.assertEqual(cachestore.load(b'1'), b'2')\n",
   "            self.assertEqual(cachestore.load(b'1'), None)\n"
  ]
 },
 "11": {
  "name": "cachestore",
  "type": "cachepot.backend.filesystem.FileSystemCacheBackend",
  "class": "customized",
  "approach": "annotation",
  "file_path": "cachepot/tests/backend/test_filesystem.py",
  "lineno": "30",
  "column": "12",
  "context": "pfile.TemporaryDirectory() as tmpdir:\n            cachestore = FileSystemCacheBackend(pathlib.Path(tmpdir))\n            cachestore.save(b'1', b'2', expire_sec",
  "context_lines": "            cachestore.delete(b'3')\n            self.assertEqual(cachestore.load(b'3'), None)\n\n    def test_expire(self) -> None:\n        with tempfile.TemporaryDirectory() as tmpdir:\n            cachestore = FileSystemCacheBackend(pathlib.Path(tmpdir))\n            cachestore.save(b'1', b'2', expire_seconds=1)\n            self.assertEqual(cachestore.load(b'1'), b'2')\n            time.sleep(2)\n",
  "slicing": [
   "            cachestore = FileSystemCacheBackend(pathlib.Path(tmpdir))\n",
   "            cachestore.save(b'1', b'2', expire_seconds=1)\n",
   "            self.assertEqual(cachestore.load(b'1'), b'2')\n",
   "            self.assertEqual(cachestore.load(b'1'), None)\n"
  ]
 },
 "12": {
  "name": "cachestore",
  "type": "cachepot.backend.sqlite.SQLiteCacheBackend",
  "class": "customized",
  "approach": "annotation",
  "file_path": "cachepot/tests/backend/test_sqlite.py",
  "lineno": "13",
  "column": "12",
  "context": "h tempfile.NamedTemporaryFile() as f:\n            cachestore = SQLiteCacheBackend(pathlib.Path(f.name))\n            self.assertEqual(cachestore.load(b'1')",
  "context_lines": "from cachepot.backend.sqlite import SQLiteCacheBackend\n\n\nclass TestSQLiteCacheBackend(unittest.TestCase):\n\n    def test_various_connection_like(self) -> None:\n        with tempfile.NamedTemporaryFile() as f:\n            cachestore = SQLiteCacheBackend(pathlib.Path(f.name))\n            self.assertEqual(cachestore.load(b'1'), None)\n            cachestore.save(b'1', b'2', expire_seconds=1)\n            self.assertEqual(cachestore.load(b'1'), b'2')\n            cachestore.delete(b'1')\n",
  "slicing": [
   "            cachestore = FileSystemCacheBackend(pathlib.Path(tmpdir))\n",
   "            self.assertEqual(cachestore.load(b'1'), None)\n",
   "            cachestore.save(b'1', b'2', expire_seconds=1)\n",
   "            self.assertEqual(cachestore.load(b'1'), b'2')\n",
   "            cachestore.delete(b'1')\n",
   "            self.assertEqual(cachestore.load(b'1'), None)\n",
   "            self.assertEqual(cachestore.load(b'3'), None)\n",
   "            cachestore.save(b'3', b'4', expire_seconds=1)\n",
   "            self.assertEqual(cachestore.load(b'3'), b'4')\n",
   "            cachestore.delete(b'3')\n",
   "            self.assertEqual(cachestore.load(b'3'), None)\n",
   "            cachestore.save(b'1', b'2', expire_seconds=1)\n",
   "            self.assertEqual(cachestore.load(b'1'), b'2')\n",
   "            self.assertEqual(cachestore.load(b'1'), None)\n"
  ]
 },
 "13": {
  "name": "cachestore",
  "type": "cachepot.backend.sqlite.SQLiteCacheBackend",
  "class": "customized",
  "approach": "annotation",
  "file_path": "cachepot/tests/backend/test_sqlite.py",
  "lineno": "21",
  "column": "12",
  "context": "h tempfile.NamedTemporaryFile() as f:\n            cachestore = SQLiteCacheBackend(f.name)\n            self.assertEqual(cachestore.load(b'3')",
  "context_lines": "            self.assertEqual(cachestore.load(b'1'), b'2')\n            cachestore.delete(b'1')\n            self.assertEqual(cachestore.load(b'1'), None)\n\n        with tempfile.NamedTemporaryFile() as f:\n            cachestore = SQLiteCacheBackend(f.name)\n            self.assertEqual(cachestore.load(b'3'), None)\n            cachestore.save(b'3', b'4', expire_seconds=1)\n            self.assertEqual(cachestore.load(b'3'), b'4')\n            cachestore.delete(b'3')\n",
  "slicing": [
   "            cachestore = FileSystemCacheBackend(tmpdir)\n",
   "            self.assertEqual(cachestore.load(b'3'), None)\n",
   "            cachestore.save(b'3', b'4', expire_seconds=1)\n",
   "            self.assertEqual(cachestore.load(b'3'), b'4')\n",
   "            cachestore.delete(b'3')\n",
   "            self.assertEqual(cachestore.load(b'3'), None)\n",
   "            cachestore.save(b'1', b'2', expire_seconds=1)\n",
   "            self.assertEqual(cachestore.load(b'1'), b'2')\n",
   "            self.assertEqual(cachestore.load(b'1'), None)\n"
  ]
 },
 "14": {
  "name": "cachestore",
  "type": "cachepot.backend.sqlite.SQLiteCacheBackend",
  "class": "customized",
  "approach": "annotation",
  "file_path": "cachepot/tests/backend/test_sqlite.py",
  "lineno": "30",
  "column": "12",
  "context": "h tempfile.NamedTemporaryFile() as f:\n            cachestore = SQLiteCacheBackend(f.name)\n            cachestore.save(b'1', b'2', expire_sec",
  "context_lines": "            cachestore.delete(b'3')\n            self.assertEqual(cachestore.load(b'3'), None)\n\n    def test_expire(self) -> None:\n        with tempfile.NamedTemporaryFile() as f:\n            cachestore = SQLiteCacheBackend(f.name)\n            cachestore.save(b'1', b'2', expire_seconds=1)\n            self.assertEqual(cachestore.load(b'1'), b'2')\n            time.sleep(2)\n",
  "slicing": [
   "            cachestore = FileSystemCacheBackend(pathlib.Path(tmpdir))\n",
   "            cachestore.save(b'1', b'2', expire_seconds=1)\n",
   "            self.assertEqual(cachestore.load(b'1'), b'2')\n",
   "            self.assertEqual(cachestore.load(b'1'), None)\n"
  ]
 },
 "15": {
  "name": "serializer",
  "type": "cachepot.serializer.json.JSONSerializer",
  "class": "customized",
  "approach": "annotation",
  "file_path": "cachepot/tests/serializer/test_json.py",
  "lineno": "8",
  "column": "8",
  "context": "  def test_json_serializer(self) -> None:\n        serializer = JSONSerializer()\n\n        patterns = [\n            {'a': 1},\n      ",
  "context_lines": "import unittest\n\nfrom cachepot.serializer.json import JSONSerializer\n\n\nclass TestJSONSerializer(unittest.TestCase):\n    def test_json_serializer(self) -> None:\n        serializer = JSONSerializer()\n\n        patterns = [\n            {'a': 1},\n            [1, 2, 3],\n",
  "slicing": [
   "        serializer = JSONSerializer()\n",
   "            serialized = serializer.serialize(original)  # type: ignore\n",
   "            deserialized = serializer.deserialize(serialized)\n",
   "            self.assertEqual(deserialized, original)\n"
  ]
 },
 "16": {
  "name": "patterns",
  "type": "list",
  "class": "build-in",
  "approach": "annotation",
  "file_path": "cachepot/tests/serializer/test_json.py",
  "lineno": "10",
  "column": "8",
  "context": "e:\n        serializer = JSONSerializer()\n\n        patterns = [\n            {'a': 1},\n            [1, 2, 3],\n     ",
  "context_lines": "from cachepot.serializer.json import JSONSerializer\n\n\nclass TestJSONSerializer(unittest.TestCase):\n    def test_json_serializer(self) -> None:\n        serializer = JSONSerializer()\n\n        patterns = [\n            {'a': 1},\n            [1, 2, 3],\n            1,\n            1.2,\n",
  "slicing": [
   "        patterns = [\n",
   "        for original in patterns:\n",
   "            serialized = serializer.serialize(original)  # type: ignore\n",
   "            deserialized = serializer.deserialize(serialized)\n",
   "            self.assertEqual(deserialized, original)\n"
  ]
 },
 "17": {
  "name": "serialized",
  "type": "UNKNOWN",
  "class": "unknown",
  "approach": "Pysonar2",
  "file_path": "cachepot/tests/serializer/test_json.py",
  "lineno": "23",
  "column": "12",
  "context": " ]\n\n        for original in patterns:\n            serialized = serializer.serialize(original)  # type: ignore\n            deserialized = serializer.deserialize(",
  "context_lines": "            ],\n            [[[[[[['yes']]]]]]],\n        ]\n\n        for original in patterns:\n            serialized = serializer.serialize(original)  # type: ignore\n            deserialized = serializer.deserialize(serialized)\n",
  "slicing": [
   "            serialized = serializer.serialize(original)  # type: ignore\n",
   "            deserialized = serializer.deserialize(serialized)\n",
   "            self.assertEqual(deserialized, original)\n"
  ]
 },
 "18": {
  "name": "deserialized",
  "type": "UNKNOWN",
  "class": "unknown",
  "approach": "Pysonar2",
  "file_path": "cachepot/tests/serializer/test_json.py",
  "lineno": "24",
  "column": "12",
  "context": "r.serialize(original)  # type: ignore\n            deserialized = serializer.deserialize(serialized)\n            self.assertEqual(deserialized, origina",
  "context_lines": "            [[[[[[['yes']]]]]]],\n        ]\n\n        for original in patterns:\n            serialized = serializer.serialize(original)  # type: ignore\n            deserialized = serializer.deserialize(serialized)\n",
  "slicing": [
   "            deserialized = serializer.deserialize(serialized)\n",
   "            self.assertEqual(deserialized, original)\n"
  ]
 },
 "19": {
  "name": "x",
  "type": "int",
  "class": "build-in",
  "approach": "annotation",
  "file_path": "cachepot/tests/serializer/test_pickle.py",
  "lineno": "9",
  "column": "4",
  "context": "import PickleSerializer\n\n\n@dataclass\nclass A:\n    x: int\n\n\nclass TestPickleSerializer(unittest.TestCase):\n ",
  "context_lines": "from dataclasses import dataclass\n\nfrom cachepot.serializer.pickle import PickleSerializer\n\n\n@dataclass\nclass A:\n    x: int\n\n\nclass TestPickleSerializer(unittest.TestCase):\n    def test_pickle_serializer(self) -> None:\n        serializer = PickleSerializer()\n\n",
  "slicing": "    x: int\n"
 },
 "20": {
  "name": "serializer",
  "type": "cachepot.serializer.pickle.PickleSerializer",
  "class": "customized",
  "approach": "annotation",
  "file_path": "cachepot/tests/serializer/test_pickle.py",
  "lineno": "14",
  "column": "8",
  "context": "def test_pickle_serializer(self) -> None:\n        serializer = PickleSerializer()\n\n        patterns = [\n            1,\n            '",
  "context_lines": "class A:\n    x: int\n\n\nclass TestPickleSerializer(unittest.TestCase):\n    def test_pickle_serializer(self) -> None:\n        serializer = PickleSerializer()\n\n        patterns = [\n            1,\n            'yes',\n",
  "slicing": [
   "        serializer = PickleSerializer()\n",
   "            serialized = serializer.serialize(original)\n",
   "            deserialized = serializer.deserialize(serialized)\n",
   "            self.assertEqual(deserialized, original)\n"
  ]
 },
 "21": {
  "name": "patterns",
  "type": "list",
  "class": "build-in",
  "approach": "annotation",
  "file_path": "cachepot/tests/serializer/test_pickle.py",
  "lineno": "16",
  "column": "8",
  "context": "\n        serializer = PickleSerializer()\n\n        patterns = [\n            1,\n            'yes',\n            str,",
  "context_lines": "    x: int\n\n\nclass TestPickleSerializer(unittest.TestCase):\n    def test_pickle_serializer(self) -> None:\n        serializer = PickleSerializer()\n\n        patterns = [\n            1,\n            'yes',\n            str,\n            int,\n",
  "slicing": [
   "        patterns = [\n",
   "        for original in patterns:\n",
   "            serialized = serializer.serialize(original)\n",
   "            deserialized = serializer.deserialize(serialized)\n",
   "            self.assertEqual(deserialized, original)\n"
  ]
 },
 "22": {
  "name": "serialized",
  "type": "UNKNOWN",
  "class": "unknown",
  "approach": "Pysonar2",
  "file_path": "cachepot/tests/serializer/test_pickle.py",
  "lineno": "26",
  "column": "12",
  "context": " ]\n\n        for original in patterns:\n            serialized = serializer.serialize(original)\n            deserialized = serializer.deserialize(",
  "context_lines": "            A,\n            A(x=100),\n        ]\n\n        for original in patterns:\n            serialized = serializer.serialize(original)\n            deserialized = serializer.deserialize(serialized)\n",
  "slicing": [
   "            serialized = serializer.serialize(original)\n",
   "            deserialized = serializer.deserialize(serialized)\n",
   "            self.assertEqual(deserialized, original)\n"
  ]
 },
 "23": {
  "name": "deserialized",
  "type": "UNKNOWN",
  "class": "unknown",
  "approach": "Pysonar2",
  "file_path": "cachepot/tests/serializer/test_pickle.py",
  "lineno": "27",
  "column": "12",
  "context": "ized = serializer.serialize(original)\n            deserialized = serializer.deserialize(serialized)\n            self.assertEqual(deserialized, origina",
  "context_lines": "            A(x=100),\n        ]\n\n        for original in patterns:\n            serialized = serializer.serialize(original)\n            deserialized = serializer.deserialize(serialized)\n",
  "slicing": [
   "            deserialized = serializer.deserialize(serialized)\n",
   "            self.assertEqual(deserialized, original)\n"
  ]
 },
 "24": {
  "name": "serializer",
  "type": "cachepot.serializer.str.StringSerializer",
  "class": "customized",
  "approach": "annotation",
  "file_path": "cachepot/tests/serializer/test_str.py",
  "lineno": "9",
  "column": "8",
  "context": "   def test_str_serializer(self) -> None:\n        serializer = StringSerializer()\n\n        patterns = [\n            'yes',\n         ",
  "context_lines": "import unittest\n\nfrom cachepot.serializer.str import StringSerializer\n\n\nclass TestStringSerializer(unittest.TestCase):\n    def test_str_serializer(self) -> None:\n        serializer = StringSerializer()\n\n        patterns = [\n            'yes',\n            string.ascii_letters,\n",
  "slicing": [
   "        serializer = StringSerializer()\n",
   "            serialized = serializer.serialize(original)\n",
   "            deserialized = serializer.deserialize(serialized)\n",
   "            self.assertEqual(deserialized, original)\n"
  ]
 },
 "25": {
  "name": "patterns",
  "type": "list",
  "class": "build-in",
  "approach": "annotation",
  "file_path": "cachepot/tests/serializer/test_str.py",
  "lineno": "11",
  "column": "8",
  "context": "\n        serializer = StringSerializer()\n\n        patterns = [\n            'yes',\n            string.ascii_letter",
  "context_lines": "from cachepot.serializer.str import StringSerializer\n\n\nclass TestStringSerializer(unittest.TestCase):\n    def test_str_serializer(self) -> None:\n        serializer = StringSerializer()\n\n        patterns = [\n            'yes',\n            string.ascii_letters,\n            string.ascii_lowercase,\n            string.ascii_uppercase,\n",
  "slicing": [
   "        patterns = [\n",
   "        for original in patterns:\n",
   "            serialized = serializer.serialize(original)\n",
   "            deserialized = serializer.deserialize(serialized)\n",
   "            self.assertEqual(deserialized, original)\n"
  ]
 },
 "26": {
  "name": "serialized",
  "type": "UNKNOWN",
  "class": "unknown",
  "approach": "Pysonar2",
  "file_path": "cachepot/tests/serializer/test_str.py",
  "lineno": "26",
  "column": "12",
  "context": " ]\n\n        for original in patterns:\n            serialized = serializer.serialize(original)\n            deserialized = serializer.deserialize(",
  "context_lines": "            string.whitespace,\n            '❗',  # emoji\n        ]\n\n        for original in patterns:\n            serialized = serializer.serialize(original)\n            deserialized = serializer.deserialize(serialized)\n",
  "slicing": [
   "            serialized = serializer.serialize(original)\n",
   "            deserialized = serializer.deserialize(serialized)\n",
   "            self.assertEqual(deserialized, original)\n"
  ]
 },
 "27": {
  "name": "deserialized",
  "type": "UNKNOWN",
  "class": "unknown",
  "approach": "Pysonar2",
  "file_path": "cachepot/tests/serializer/test_str.py",
  "lineno": "27",
  "column": "12",
  "context": "ized = serializer.serialize(original)\n            deserialized = serializer.deserialize(serialized)\n            self.assertEqual(deserialized, origina",
  "context_lines": "            '❗',  # emoji\n        ]\n\n        for original in patterns:\n            serialized = serializer.serialize(original)\n            deserialized = serializer.deserialize(serialized)\n",
  "slicing": [
   "            deserialized = serializer.deserialize(serialized)\n",
   "            self.assertEqual(deserialized, original)\n"
  ]
 },
 "28": {
  "name": "ExpireSeconds",
  "type": "dict",
  "class": "build-in",
  "approach": "annotation",
  "file_path": "cachepot/cachepot/expire.py",
  "lineno": "4",
  "column": "0",
  "context": "tetime import timedelta\nfrom typing import Union\n\nExpireSeconds = Union[int, float, timedelta]\n\n\ndef to_timedelta(expire_seconds: ExpireSeconds) ",
  "context_lines": "from datetime import timedelta\nfrom typing import Union\n\nExpireSeconds = Union[int, float, timedelta]\n\n\ndef to_timedelta(expire_seconds: ExpireSeconds) -> timedelta:\n    if isinstance(expire_seconds, (int, float)):\n        return timedelta(seconds=expire_seconds)\n",
  "slicing": [
   "ExpireSeconds = Union[int, float, timedelta]\n",
   "def to_timedelta(expire_seconds: ExpireSeconds) -> timedelta:\n"
  ]
 },
 "29": {
  "name": "T",
  "type": "typing.TypeVar",
  "class": "imported",
  "approach": "annotation",
  "file_path": "cachepot/cachepot/store/__init__.py",
  "lineno": "9",
  "column": "0",
  "context": "om cachepot.serializer import SerializerProtocol\n\nT = TypeVar('T', contravariant=True)\nS = TypeVar('S')\n\n\nclass CacheStoreProtocol(Protoc",
  "context_lines": "from typing_extensions import Protocol\n\nfrom cachepot.backend import CacheBackendProtocol\nfrom cachepot.expire import ExpireSeconds\nfrom cachepot.serializer import SerializerProtocol\n\nT = TypeVar('T', contravariant=True)\nS = TypeVar('S')\n\n\nclass CacheStoreProtocol(Protocol[T, S]):\n    def get(self, key: T) -> Optional[S]:\n        ...\n\n",
  "slicing": [
   "T = TypeVar('T', contravariant=True)\n",
   "class CacheStoreProtocol(Protocol[T, S]):\n",
   "    def get(self, key: T) -> Optional[S]:\n",
   "    def put(self, key: T, value: S,\n",
   "    def remove(self, key: T) -> None:\n",
   "class CacheStore(CacheStoreProtocol[T, S]):\n",
   "    key_serializer: SerializerProtocol[T]\n",
   "        key_serializer: SerializerProtocol[T],\n",
   "        self.key_serializer = key_serializer\n",
   "    def __get_real_key(self, key: T) -> bytes:\n",
   "    def get(self, key: T) -> Optional[S]:\n",
   "    def put(self, key: T, value: S,\n",
   "                   cache_key: T,\n",
   "    def remove(self, key: T) -> None:\n"
  ]
 },
 "30": {
  "name": "S",
  "type": "typing.TypeVar",
  "class": "imported",
  "approach": "annotation",
  "file_path": "cachepot/cachepot/store/__init__.py",
  "lineno": "10",
  "column": "0",
  "context": "zerProtocol\n\nT = TypeVar('T', contravariant=True)\nS = TypeVar('S')\n\n\nclass CacheStoreProtocol(Protocol[T, S]):\n    de",
  "context_lines": "from cachepot.backend import CacheBackendProtocol\nfrom cachepot.expire import ExpireSeconds\nfrom cachepot.serializer import SerializerProtocol\n\nT = TypeVar('T', contravariant=True)\nS = TypeVar('S')\n\n\nclass CacheStoreProtocol(Protocol[T, S]):\n    def get(self, key: T) -> Optional[S]:\n        ...\n\n",
  "slicing": [
   "S = TypeVar('S')\n",
   "class CacheStoreProtocol(Protocol[T, S]):\n",
   "    def get(self, key: T) -> Optional[S]:\n",
   "    def put(self, key: T, value: S,\n",
   "              original_function: Callable[..., S]\n",
   "              ) -> Callable[..., S]:\n",
   "class CacheStore(CacheStoreProtocol[T, S]):\n",
   "    value_serializer: SerializerProtocol[S]\n",
   "        value_serializer: SerializerProtocol[S],\n",
   "        self.value_serializer = value_serializer\n",
   "    def get(self, key: T) -> Optional[S]:\n",
   "    def put(self, key: T, value: S,\n",
   "              original_function: Callable[..., S]\n",
   "              ) -> Callable[..., S]:\n",
   "                   **kwargs: Any) -> S:\n"
  ]
 },
 "31": {
  "name": "namespace",
  "type": "str",
  "class": "build-in",
  "approach": "annotation",
  "file_path": "cachepot/cachepot/store/__init__.py",
  "lineno": "31",
  "column": "4",
  "context": "\n\nclass CacheStore(CacheStoreProtocol[T, S]):\n    namespace: str\n    key_serializer: SerializerProtocol[T]\n    valu",
  "context_lines": "        ...\n\n    def remove(self, key: T) -> None:\n        ...\n\n\nclass CacheStore(CacheStoreProtocol[T, S]):\n    namespace: str\n    key_serializer: SerializerProtocol[T]\n    value_serializer: SerializerProtocol[S]\n    backend: CacheBackendProtocol\n    default_expire_seconds: ExpireSeconds\n\n",
  "slicing": [
   "    namespace: str\n",
   "        self.namespace = namespace\n"
  ]
 },
 "32": {
  "name": "key_serializer",
  "type": "dict",
  "class": "build-in",
  "approach": "annotation",
  "file_path": "cachepot/cachepot/store/__init__.py",
  "lineno": "32",
  "column": "4",
  "context": "CacheStoreProtocol[T, S]):\n    namespace: str\n    key_serializer: SerializerProtocol[T]\n    value_serializer: SerializerProtocol[S]\n    ba",
  "context_lines": "    def remove(self, key: T) -> None:\n        ...\n\n\nclass CacheStore(CacheStoreProtocol[T, S]):\n    namespace: str\n    key_serializer: SerializerProtocol[T]\n    value_serializer: SerializerProtocol[S]\n    backend: CacheBackendProtocol\n    default_expire_seconds: ExpireSeconds\n\n    def __init__(\n",
  "slicing": [
   "    key_serializer: SerializerProtocol[T]\n",
   "        self.key_serializer = key_serializer\n"
  ]
 },
 "33": {
  "name": "value_serializer",
  "type": "dict",
  "class": "build-in",
  "approach": "annotation",
  "file_path": "cachepot/cachepot/store/__init__.py",
  "lineno": "33",
  "column": "4",
  "context": "str\n    key_serializer: SerializerProtocol[T]\n    value_serializer: SerializerProtocol[S]\n    backend: CacheBackendProtocol\n    default_expi",
  "context_lines": "        ...\n\n\nclass CacheStore(CacheStoreProtocol[T, S]):\n    namespace: str\n    key_serializer: SerializerProtocol[T]\n    value_serializer: SerializerProtocol[S]\n    backend: CacheBackendProtocol\n    default_expire_seconds: ExpireSeconds\n\n    def __init__(\n        self,\n",
  "slicing": [
   "    value_serializer: SerializerProtocol[S]\n",
   "        self.value_serializer = value_serializer\n"
  ]
 },
 "34": {
  "name": "backend",
  "type": "cachepot.backend.CacheBackendProtocol",
  "class": "customized",
  "approach": "annotation",
  "file_path": "cachepot/cachepot/store/__init__.py",
  "lineno": "34",
  "column": "4",
  "context": "]\n    value_serializer: SerializerProtocol[S]\n    backend: CacheBackendProtocol\n    default_expire_seconds: ExpireSeconds\n\n    def",
  "context_lines": "class CacheStore(CacheStoreProtocol[T, S]):\n    namespace: str\n    key_serializer: SerializerProtocol[T]\n    value_serializer: SerializerProtocol[S]\n    backend: CacheBackendProtocol\n    default_expire_seconds: ExpireSeconds\n\n    def __init__(\n        self,\n        namespace: str,\n",
  "slicing": [
   "    backend: CacheBackendProtocol\n",
   "        self.backend = backend\n"
  ]
 },
 "35": {
  "name": "default_expire_seconds",
  "type": "cachepot.expire.ExpireSeconds",
  "class": "imported",
  "approach": "annotation",
  "file_path": "cachepot/cachepot/store/__init__.py",
  "lineno": "35",
  "column": "4",
  "context": "Protocol[S]\n    backend: CacheBackendProtocol\n    default_expire_seconds: ExpireSeconds\n\n    def __init__(\n        self,\n        namespace",
  "context_lines": "    namespace: str\n    key_serializer: SerializerProtocol[T]\n    value_serializer: SerializerProtocol[S]\n    backend: CacheBackendProtocol\n    default_expire_seconds: ExpireSeconds\n\n    def __init__(\n        self,\n        namespace: str,\n",
  "slicing": [
   "    default_expire_seconds: ExpireSeconds\n",
   "        self.default_expire_seconds = default_expire_seconds\n"
  ]
 },
 "36": {
  "name": "serialized_key",
  "type": "UNKNOWN",
  "class": "unknown",
  "approach": "Pysonar2",
  "file_path": "cachepot/cachepot/store/__init__.py",
  "lineno": "52",
  "column": "8",
  "context": "ef __get_real_key(self, key: T) -> bytes:\n        serialized_key = self.key_serializer.serialize(key)\n        return self.namespace.encode() + b':' + se",
  "context_lines": "        self.value_serializer = value_serializer\n        self.backend = backend\n        self.default_expire_seconds = default_expire_seconds\n\n    def __get_real_key(self, key: T) -> bytes:\n        serialized_key = self.key_serializer.serialize(key)\n        return self.namespace.encode() + b':' + serialized_key\n\n    def get(self, key: T) -> Optional[S]:\n        real_key = self.__get_real_key(key)\n        loaded = self.backend.load(real_key)\n",
  "slicing": [
   "        serialized_key = self.key_serializer.serialize(key)\n",
   "        return self.namespace.encode() + b':' + serialized_key\n"
  ]
 },
 "37": {
  "name": "real_key",
  "type": "bytes",
  "class": "build-in",
  "approach": "Pysonar2",
  "file_path": "cachepot/cachepot/store/__init__.py",
  "lineno": "56",
  "column": "8",
  "context": "    def get(self, key: T) -> Optional[S]:\n        real_key = self.__get_real_key(key)\n        loaded = self.backend.load(real_key)\n     ",
  "context_lines": "    def __get_real_key(self, key: T) -> bytes:\n        serialized_key = self.key_serializer.serialize(key)\n        return self.namespace.encode() + b':' + serialized_key\n\n    def get(self, key: T) -> Optional[S]:\n        real_key = self.__get_real_key(key)\n        loaded = self.backend.load(real_key)\n        if loaded is None:\n            return None\n        return self.value_serializer.deserialize(loaded)\n\n",
  "slicing": [
   "        real_key = self.__get_real_key(key)\n",
   "        loaded = self.backend.load(real_key)\n",
   "        if loaded is None:\n",
   "        return self.value_serializer.deserialize(loaded)\n",
   "        self.backend.save(real_key,\n",
   "        self.backend.delete(real_key)\n"
  ]
 },
 "38": {
  "name": "loaded",
  "type": "UNKNOWN",
  "class": "unknown",
  "approach": "Pysonar2",
  "file_path": "cachepot/cachepot/store/__init__.py",
  "lineno": "57",
  "column": "8",
  "context": "      real_key = self.__get_real_key(key)\n        loaded = self.backend.load(real_key)\n        if loaded is None:\n            return None",
  "context_lines": "        serialized_key = self.key_serializer.serialize(key)\n        return self.namespace.encode() + b':' + serialized_key\n\n    def get(self, key: T) -> Optional[S]:\n        real_key = self.__get_real_key(key)\n        loaded = self.backend.load(real_key)\n        if loaded is None:\n            return None\n        return self.value_serializer.deserialize(loaded)\n\n    def put(self, key: T, value: S,\n",
  "slicing": [
   "        loaded = self.backend.load(real_key)\n",
   "        if loaded is None:\n",
   "        return self.value_serializer.deserialize(loaded)\n"
  ]
 },
 "39": {
  "name": "expire_seconds",
  "type": "UNKNOWN",
  "class": "unknown",
  "approach": "Pysonar2",
  "file_path": "cachepot/cachepot/store/__init__.py",
  "lineno": "65",
  "column": "12",
  "context": "e:\n        if expire_seconds is None:\n            expire_seconds = self.default_expire_seconds\n        real_key = self.__get_real_key(key)\n      ",
  "context_lines": "        return self.value_serializer.deserialize(loaded)\n\n    def put(self, key: T, value: S,\n            *, expire_seconds: Optional[ExpireSeconds] = None) -> None:\n        if expire_seconds is None:\n            expire_seconds = self.default_expire_seconds\n        real_key = self.__get_real_key(key)\n        serialized_value = self.value_serializer.serialize(value)\n        self.backend.save(real_key,\n                          serialized_value,\n",
  "slicing": [
   "            expire_seconds = self.default_expire_seconds\n",
   "                          expire_seconds=expire_seconds)\n",
   "            self.put(cache_key, result, expire_seconds=expire_seconds)\n"
  ]
 },
 "40": {
  "name": "real_key",
  "type": "bytes",
  "class": "build-in",
  "approach": "Pysonar2",
  "file_path": "cachepot/cachepot/store/__init__.py",
  "lineno": "66",
  "column": "8",
  "context": "ire_seconds = self.default_expire_seconds\n        real_key = self.__get_real_key(key)\n        serialized_value = self.value_serializer.s",
  "context_lines": "    def put(self, key: T, value: S,\n            *, expire_seconds: Optional[ExpireSeconds] = None) -> None:\n        if expire_seconds is None:\n            expire_seconds = self.default_expire_seconds\n        real_key = self.__get_real_key(key)\n        serialized_value = self.value_serializer.serialize(value)\n        self.backend.save(real_key,\n                          serialized_value,\n                          expire_seconds=expire_seconds)\n\n",
  "slicing": [
   "        real_key = self.__get_real_key(key)\n",
   "        self.backend.save(real_key,\n",
   "        self.backend.delete(real_key)\n"
  ]
 },
 "41": {
  "name": "serialized_value",
  "type": "UNKNOWN",
  "class": "unknown",
  "approach": "Pysonar2",
  "file_path": "cachepot/cachepot/store/__init__.py",
  "lineno": "67",
  "column": "8",
  "context": "      real_key = self.__get_real_key(key)\n        serialized_value = self.value_serializer.serialize(value)\n        self.backend.save(real_key,\n              ",
  "context_lines": "            *, expire_seconds: Optional[ExpireSeconds] = None) -> None:\n        if expire_seconds is None:\n            expire_seconds = self.default_expire_seconds\n        real_key = self.__get_real_key(key)\n        serialized_value = self.value_serializer.serialize(value)\n        self.backend.save(real_key,\n                          serialized_value,\n                          expire_seconds=expire_seconds)\n\n    def proxy(self,\n",
  "slicing": [
   "        serialized_value = self.value_serializer.serialize(value)\n",
   "                          serialized_value,\n"
  ]
 },
 "42": {
  "name": "cached_result",
  "type": "UNKNOWN",
  "class": "unknown",
  "approach": "Pysonar2",
  "file_path": "cachepot/cachepot/store/__init__.py",
  "lineno": "80",
  "column": "12",
  "context": "                 **kwargs: Any) -> S:\n            cached_result = self.get(cache_key)\n            if cached_result is not None:\n        ",
  "context_lines": "        def _proxy(*args: Any,\n                   cache_key: T,\n                   expire_seconds: Optional[ExpireSeconds] = None,\n                   **kwargs: Any) -> S:\n            cached_result = self.get(cache_key)\n            if cached_result is not None:\n                return cached_result\n\n            result = original_function(*args, **kwargs)\n            self.put(cache_key, result, expire_seconds=expire_seconds)\n",
  "slicing": [
   "            cached_result = self.get(cache_key)\n",
   "            if cached_result is not None:\n",
   "                return cached_result\n"
  ]
 },
 "43": {
  "name": "result",
  "type": "UNKNOWN",
  "class": "unknown",
  "approach": "annotation",
  "file_path": "cachepot/cachepot/store/__init__.py",
  "lineno": "84",
  "column": "12",
  "context": "                return cached_result\n\n            result = original_function(*args, **kwargs)\n            self.put(cache_key, result, expire_sec",
  "context_lines": "                   **kwargs: Any) -> S:\n            cached_result = self.get(cache_key)\n            if cached_result is not None:\n                return cached_result\n\n            result = original_function(*args, **kwargs)\n            self.put(cache_key, result, expire_seconds=expire_seconds)\n            return result\n\n        return _proxy\n\n    def remove(self, key: T) -> None:\n",
  "slicing": [
   "            result = original_function(*args, **kwargs)\n",
   "            self.put(cache_key, result, expire_seconds=expire_seconds)\n",
   "            return result\n"
  ]
 },
 "44": {
  "name": "real_key",
  "type": "bytes",
  "class": "build-in",
  "approach": "Pysonar2",
  "file_path": "cachepot/cachepot/store/__init__.py",
  "lineno": "91",
  "column": "8",
  "context": "xy\n\n    def remove(self, key: T) -> None:\n        real_key = self.__get_real_key(key)\n        self.backend.delete(real_key)\n",
  "context_lines": "            self.put(cache_key, result, expire_seconds=expire_seconds)\n            return result\n\n        return _proxy\n\n    def remove(self, key: T) -> None:\n        real_key = self.__get_real_key(key)\n",
  "slicing": [
   "        real_key = self.__get_real_key(key)\n",
   "        self.backend.delete(real_key)\n"
  ]
 },
 "45": {
  "name": "PathLike",
  "type": "dict",
  "class": "build-in",
  "approach": "annotation",
  "file_path": "cachepot/cachepot/backend/filesystem.py",
  "lineno": "11",
  "column": "0",
  "context": "chepot.expire import ExpireSeconds, to_timedelta\n\nPathLike = Union[pathlib.Path, str]\n\n\nclass FileSystemCacheBackend(CacheBackendProtoco",
  "context_lines": "from datetime import datetime\nfrom typing import BinaryIO, Optional, Union, cast\n\nfrom cachepot.backend import CacheBackendProtocol\nfrom cachepot.expire import ExpireSeconds, to_timedelta\n\nPathLike = Union[pathlib.Path, str]\n\n\nclass FileSystemCacheBackend(CacheBackendProtocol):\n    path: pathlib.Path\n\n    def __init__(self, path: PathLike):\n",
  "slicing": [
   "PathLike = Union[pathlib.Path, str]\n",
   "    def __init__(self, path: PathLike):\n"
  ]
 },
 "46": {
  "name": "path",
  "type": "UNKNOWN",
  "class": "unknown",
  "approach": "Pysonar2",
  "file_path": "cachepot/cachepot/backend/filesystem.py",
  "lineno": "15",
  "column": "4",
  "context": "FileSystemCacheBackend(CacheBackendProtocol):\n    path: pathlib.Path\n\n    def __init__(self, path: PathLike):\n        i",
  "context_lines": "from cachepot.backend import CacheBackendProtocol\nfrom cachepot.expire import ExpireSeconds, to_timedelta\n\nPathLike = Union[pathlib.Path, str]\n\n\nclass FileSystemCacheBackend(CacheBackendProtocol):\n    path: pathlib.Path\n\n    def __init__(self, path: PathLike):\n        if isinstance(path, str):\n            self.path = pathlib.Path(path)\n",
  "slicing": [
   "    path: pathlib.Path\n",
   "        if isinstance(path, str):\n",
   "            self.path = pathlib.Path(path)\n",
   "            self.path = path\n",
   "        if not path.exists() or path.is_dir():\n",
   "        if path.stat().st_mtime < time.mktime(datetime.now().timetuple()):\n",
   "        with cast(BinaryIO, path.open('rb')) as f:\n"
  ]
 },
 "47": {
  "name": "expire_at",
  "type": "datetime.datetime",
  "class": "imported",
  "approach": "Pysonar2",
  "file_path": "cachepot/cachepot/backend/filesystem.py",
  "lineno": "30",
  "column": "8",
  "context": "  expire_seconds: ExpireSeconds) -> None:\n        expire_at = datetime.now() + to_timedelta(expire_seconds)\n        expire_timestamp = time.mktime(expire_at.t",
  "context_lines": "    def save(self,\n             key: bytes,\n             value: bytes,\n             expire_seconds: ExpireSeconds) -> None:\n        expire_at = datetime.now() + to_timedelta(expire_seconds)\n        expire_timestamp = time.mktime(expire_at.timetuple())\n\n        realpath = self.__get_real_path(key)\n        with cast(BinaryIO, realpath.open('wb')) as f:\n            f.write(value)\n",
  "slicing": [
   "        expire_at = datetime.now() + to_timedelta(expire_seconds)\n",
   "        expire_timestamp = time.mktime(expire_at.timetuple())\n",
   "        os.utime(str(realpath), (expire_timestamp, expire_timestamp))\n"
  ]
 },
 "48": {
  "name": "expire_timestamp",
  "type": "int",
  "class": "build-in",
  "approach": "Pysonar2",
  "file_path": "cachepot/cachepot/backend/filesystem.py",
  "lineno": "31",
  "column": "8",
  "context": "time.now() + to_timedelta(expire_seconds)\n        expire_timestamp = time.mktime(expire_at.timetuple())\n\n        realpath = self.__get_real_path(key)\n    ",
  "context_lines": "             key: bytes,\n             value: bytes,\n             expire_seconds: ExpireSeconds) -> None:\n        expire_at = datetime.now() + to_timedelta(expire_seconds)\n        expire_timestamp = time.mktime(expire_at.timetuple())\n\n        realpath = self.__get_real_path(key)\n        with cast(BinaryIO, realpath.open('wb')) as f:\n            f.write(value)\n",
  "slicing": [
   "        expire_timestamp = time.mktime(expire_at.timetuple())\n",
   "        os.utime(str(realpath), (expire_timestamp, expire_timestamp))\n"
  ]
 },
 "49": {
  "name": "realpath",
  "type": "UNKNOWN",
  "class": "unknown",
  "approach": "Pysonar2",
  "file_path": "cachepot/cachepot/backend/filesystem.py",
  "lineno": "33",
  "column": "8",
  "context": "amp = time.mktime(expire_at.timetuple())\n\n        realpath = self.__get_real_path(key)\n        with cast(BinaryIO, realpath.open('wb')) a",
  "context_lines": "             value: bytes,\n             expire_seconds: ExpireSeconds) -> None:\n        expire_at = datetime.now() + to_timedelta(expire_seconds)\n        expire_timestamp = time.mktime(expire_at.timetuple())\n\n        realpath = self.__get_real_path(key)\n        with cast(BinaryIO, realpath.open('wb')) as f:\n            f.write(value)\n        os.utime(str(realpath), (expire_timestamp, expire_timestamp))\n\n    def load(self, key: bytes) -> Optional[bytes]:\n",
  "slicing": [
   "        realpath = self.__get_real_path(key)\n",
   "        with cast(BinaryIO, realpath.open('wb')) as f:\n",
   "        os.utime(str(realpath), (expire_timestamp, expire_timestamp))\n"
  ]
 },
 "50": {
  "name": "path",
  "type": "UNKNOWN",
  "class": "unknown",
  "approach": "Pysonar2",
  "file_path": "cachepot/cachepot/backend/filesystem.py",
  "lineno": "39",
  "column": "8",
  "context": "oad(self, key: bytes) -> Optional[bytes]:\n        path = self.__get_real_path(key)\n        if not path.exists() or path.is_dir():\n   ",
  "context_lines": "        with cast(BinaryIO, realpath.open('wb')) as f:\n            f.write(value)\n        os.utime(str(realpath), (expire_timestamp, expire_timestamp))\n\n    def load(self, key: bytes) -> Optional[bytes]:\n        path = self.__get_real_path(key)\n        if not path.exists() or path.is_dir():\n            return None\n        if path.stat().st_mtime < time.mktime(datetime.now().timetuple()):\n            return None\n",
  "slicing": [
   "        path = self.__get_real_path(key)\n",
   "        if not path.exists() or path.is_dir():\n",
   "        if path.stat().st_mtime < time.mktime(datetime.now().timetuple()):\n",
   "        with cast(BinaryIO, path.open('rb')) as f:\n"
  ]
 },
 "51": {
  "name": "redis_connection",
  "type": "UNKNOWN",
  "class": "unknown",
  "approach": "Pysonar2",
  "file_path": "cachepot/cachepot/backend/redis.py",
  "lineno": "10",
  "column": "4",
  "context": "lass RedisCacheBackend(CacheBackendProtocol):\n    redis_connection: redis.Redis\n\n    def __init__(self, redis_connection: redis.Re",
  "context_lines": "import redis\n\nfrom cachepot.backend import CacheBackendProtocol\nfrom cachepot.expire import ExpireSeconds, to_timedelta\n\n\nclass RedisCacheBackend(CacheBackendProtocol):\n    redis_connection: redis.Redis\n\n    def __init__(self, redis_connection: redis.Redis):\n        self.redis = redis_connection\n\n    def save(self,\n",
  "slicing": [
   "    redis_connection: redis.Redis\n",
   "        self.redis = redis_connection\n"
  ]
 },
 "52": {
  "name": "ConnectionLike",
  "type": "dict",
  "class": "build-in",
  "approach": "annotation",
  "file_path": "cachepot/cachepot/backend/sqlite.py",
  "lineno": "9",
  "column": "0",
  "context": "chepot.expire import ExpireSeconds, to_timedelta\n\nConnectionLike = Union[str, pathlib.Path, sqlite3.Connection]\n\n\nclass SQLiteCacheBackend(CacheBackendProtocol):\n",
  "context_lines": "from datetime import datetime\nfrom typing import Optional, Union, cast\n\nfrom cachepot.backend import CacheBackendProtocol\nfrom cachepot.expire import ExpireSeconds, to_timedelta\n\nConnectionLike = Union[str, pathlib.Path, sqlite3.Connection]\n\n\nclass SQLiteCacheBackend(CacheBackendProtocol):\n    conn: sqlite3.Connection\n\n    def __init__(self, conn: ConnectionLike):\n",
  "slicing": [
   "ConnectionLike = Union[str, pathlib.Path, sqlite3.Connection]\n",
   "    def __init__(self, conn: ConnectionLike):\n"
  ]
 },
 "53": {
  "name": "conn",
  "type": "UNKNOWN",
  "class": "unknown",
  "approach": "Pysonar2",
  "file_path": "cachepot/cachepot/backend/sqlite.py",
  "lineno": "13",
  "column": "4",
  "context": "ass SQLiteCacheBackend(CacheBackendProtocol):\n    conn: sqlite3.Connection\n\n    def __init__(self, conn: ConnectionLike):\n   ",
  "context_lines": "from cachepot.backend import CacheBackendProtocol\nfrom cachepot.expire import ExpireSeconds, to_timedelta\n\nConnectionLike = Union[str, pathlib.Path, sqlite3.Connection]\n\n\nclass SQLiteCacheBackend(CacheBackendProtocol):\n    conn: sqlite3.Connection\n\n    def __init__(self, conn: ConnectionLike):\n        if isinstance(conn, str):\n            conn = sqlite3.connect(conn)\n",
  "slicing": [
   "    conn: sqlite3.Connection\n",
   "        if isinstance(conn, str):\n",
   "            conn = sqlite3.connect(conn)\n",
   "        elif isinstance(conn, pathlib.Path):\n",
   "            conn = sqlite3.connect(conn)\n",
   "        conn.text_factory = bytes\n",
   "        conn.execute('''\\\n",
   "        conn.execute('''\\\n",
   "        self.conn = conn\n"
  ]
 },
 "54": {
  "name": "conn",
  "type": "UNKNOWN",
  "class": "unknown",
  "approach": "Pysonar2",
  "file_path": "cachepot/cachepot/backend/sqlite.py",
  "lineno": "17",
  "column": "12",
  "context": "e):\n        if isinstance(conn, str):\n            conn = sqlite3.connect(conn)\n        elif isinstance(conn, pathlib.Path):\n     ",
  "context_lines": "class SQLiteCacheBackend(CacheBackendProtocol):\n    conn: sqlite3.Connection\n\n    def __init__(self, conn: ConnectionLike):\n        if isinstance(conn, str):\n            conn = sqlite3.connect(conn)\n        elif isinstance(conn, pathlib.Path):\n            conn = sqlite3.connect(conn)\n        conn.text_factory = bytes\n        conn.execute('''\\\n",
  "slicing": [
   "            conn = sqlite3.connect(conn)\n",
   "        elif isinstance(conn, pathlib.Path):\n",
   "            conn = sqlite3.connect(conn)\n",
   "        conn.text_factory = bytes\n",
   "        conn.execute('''\\\n",
   "        conn.execute('''\\\n",
   "        self.conn = conn\n"
  ]
 },
 "55": {
  "name": "conn",
  "type": "UNKNOWN",
  "class": "unknown",
  "approach": "Pysonar2",
  "file_path": "cachepot/cachepot/backend/sqlite.py",
  "lineno": "19",
  "column": "12",
  "context": " elif isinstance(conn, pathlib.Path):\n            conn = sqlite3.connect(conn)\n        conn.text_factory = bytes\n        conn.exe",
  "context_lines": "    def __init__(self, conn: ConnectionLike):\n        if isinstance(conn, str):\n            conn = sqlite3.connect(conn)\n        elif isinstance(conn, pathlib.Path):\n            conn = sqlite3.connect(conn)\n        conn.text_factory = bytes\n        conn.execute('''\\\nCREATE TABLE IF NOT EXISTS cachepot\n           ( key BLOB PRIMARY KEY\n",
  "slicing": [
   "            conn = sqlite3.connect(conn)\n",
   "        conn.text_factory = bytes\n",
   "        conn.execute('''\\\n",
   "        conn.execute('''\\\n",
   "        self.conn = conn\n"
  ]
 },
 "56": {
  "name": "expire_at",
  "type": "datetime.datetime",
  "class": "imported",
  "approach": "Pysonar2",
  "file_path": "cachepot/cachepot/backend/sqlite.py",
  "lineno": "40",
  "column": "8",
  "context": "  expire_seconds: ExpireSeconds) -> None:\n        expire_at = datetime.now() + to_timedelta(expire_seconds)\n        self.conn.execute('''\\\nINSERT OR REPLACE I",
  "context_lines": "             key: bytes,\n             value: bytes,\n             *,\n             expire_seconds: ExpireSeconds) -> None:\n        expire_at = datetime.now() + to_timedelta(expire_seconds)\n        self.conn.execute('''\\\nINSERT OR REPLACE INTO cachepot\n            (key, value, expire_at)\n     VALUES (?, ?, ?)''', (key, value, expire_at))\n",
  "slicing": [
   "        expire_at = datetime.now() + to_timedelta(expire_seconds)\n",
   "     VALUES (?, ?, ?)''', (key, value, expire_at))\n"
  ]
 },
 "57": {
  "name": "current_datetime",
  "type": "datetime.datetime",
  "class": "imported",
  "approach": "Pysonar2",
  "file_path": "cachepot/cachepot/backend/sqlite.py",
  "lineno": "48",
  "column": "8",
  "context": "oad(self, key: bytes) -> Optional[bytes]:\n        current_datetime = datetime.now()\n        result = self.conn.execute('''\\\n        SE",
  "context_lines": "            (key, value, expire_at)\n     VALUES (?, ?, ?)''', (key, value, expire_at))\n        self.conn.commit()\n\n    def load(self, key: bytes) -> Optional[bytes]:\n        current_datetime = datetime.now()\n        result = self.conn.execute('''\\\n        SELECT value\n          FROM cachepot\n         WHERE key = ?\n",
  "slicing": [
   "        current_datetime = datetime.now()\n",
   "           AND expire_at > ?''', (key, current_datetime)).fetchone()\n"
  ]
 },
 "58": {
  "name": "result",
  "type": "UNKNOWN",
  "class": "unknown",
  "approach": "Pysonar2",
  "file_path": "cachepot/cachepot/backend/sqlite.py",
  "lineno": "49",
  "column": "8",
  "context": "        current_datetime = datetime.now()\n        result = self.conn.execute('''\\\n        SELECT value\n          FROM cachepot\n     ",
  "context_lines": "     VALUES (?, ?, ?)''', (key, value, expire_at))\n        self.conn.commit()\n\n    def load(self, key: bytes) -> Optional[bytes]:\n        current_datetime = datetime.now()\n        result = self.conn.execute('''\\\n        SELECT value\n          FROM cachepot\n         WHERE key = ?\n           AND expire_at > ?''', (key, current_datetime)).fetchone()\n",
  "slicing": [
   "        result = self.conn.execute('''\\\n",
   "        if result:\n",
   "            return cast(bytes, result[0])\n"
  ]
 },
 "59": {
  "name": "T",
  "type": "typing.TypeVar",
  "class": "imported",
  "approach": "annotation",
  "file_path": "cachepot/cachepot/serializer/__init__.py",
  "lineno": "5",
  "column": "0",
  "context": " TypeVar\n\nfrom typing_extensions import Protocol\n\nT = TypeVar('T')\n\n\nclass SerializerProtocol(Protocol[T]):\n    def s",
  "context_lines": "from typing import TypeVar\n\nfrom typing_extensions import Protocol\n\nT = TypeVar('T')\n\n\nclass SerializerProtocol(Protocol[T]):\n    def serialize(self, data: T) -> bytes:\n        ...\n\n",
  "slicing": [
   "T = TypeVar('T')\n",
   "class SerializerProtocol(Protocol[T]):\n",
   "    def serialize(self, data: T) -> bytes:\n",
   "    def deserialize(self, serialized_data: bytes) -> T:\n"
  ]
 },
 "60": {
  "name": "JSONType",
  "type": "dict",
  "class": "build-in",
  "approach": "annotation",
  "file_path": "cachepot/cachepot/serializer/json.py",
  "lineno": "8",
  "column": "0",
  "context": "e]]\n# https://github.com/python/typing/issues/182\nJSONType = Union[\n    str, int, float,\n    Dict[str, Any],\n    List[",
  "context_lines": "from typing import Any, Dict, List, Union, cast\n\nfrom cachepot.serializer import SerializerProtocol\n\n# JSONType = Union[str, int, float, Dict[str, JSONType], List[JSONType]]\n# https://github.com/python/typing/issues/182\nJSONType = Union[\n    str, int, float,\n    Dict[str, Any],\n    List[Any]\n]\n\n\n",
  "slicing": [
   "JSONType = Union[\n",
   "class JSONSerializer(SerializerProtocol[JSONType]):\n",
   "    def serialize(self, data: JSONType) -> bytes:\n",
   "    def deserialize(self, serialized_data: bytes) -> JSONType:\n",
   "        return cast(JSONType, json.loads(serialized_data.decode()))\n"
  ]
 },
 "61": {
  "name": "namespace",
  "type": "str",
  "class": "build-in",
  "approach": "annotation",
  "file_path": "cachepot/example/__init__.py",
  "lineno": "15",
  "column": "8",
  "context": "ace: str\n\n    def __init__(\n        self,\n        namespace: str,\n        *,\n        directory: str = 'tmp',\n    ):\n",
  "context_lines": "class SimpleFileSystemCacheStore(CacheStore[str, Any]):\n    namespace: str\n\n    def __init__(\n        self,\n        namespace: str,\n        *,\n        directory: str = 'tmp',\n    ):\n        super().__init__(\n",
  "slicing": "        namespace: str,\n"
 },
 "62": {
  "name": "namespace",
  "type": "str",
  "class": "build-in",
  "approach": "annotation",
  "file_path": "cachepot/example/__init__.py",
  "lineno": "33",
  "column": "8",
  "context": "ace: str\n\n    def __init__(\n        self,\n        namespace: str,\n        *,\n        directory: str = 'tmp',\n    ):\n",
  "context_lines": "class FileSystemJSONCacheStore(CacheStore[str, JSONType]):\n    namespace: str\n\n    def __init__(\n        self,\n        namespace: str,\n        *,\n        directory: str = 'tmp',\n    ):\n        super().__init__(\n",
  "slicing": "        namespace: str,\n"
 },
 "63": {
  "name": "expire_seconds",
  "type": "UNKNOWN",
  "class": "unknown",
  "approach": "annotation",
  "file_path": "cachepot/cachepot/expire.py",
  "lineno": "7",
  "column": "17",
  "context": "= Union[int, float, timedelta]\n\n\ndef to_timedelta(expire_seconds: ExpireSeconds) -> timedelta:\n    if isinstance(expire_seconds, (int, float)):\n ",
  "context_lines": "from datetime import timedelta\nfrom typing import Union\n\nExpireSeconds = Union[int, float, timedelta]\n\n\ndef to_timedelta(expire_seconds: ExpireSeconds) -> timedelta:\n    if isinstance(expire_seconds, (int, float)):\n        return timedelta(seconds=expire_seconds)\n",
  "slicing": "def to_timedelta(expire_seconds: ExpireSeconds) -> timedelta:\n"
 },
 "64": {
  "name": "key",
  "type": "UNKNOWN",
  "class": "unknown",
  "approach": "annotation",
  "file_path": "cachepot/cachepot/store/__init__.py",
  "lineno": "14",
  "column": "18",
  "context": "eStoreProtocol(Protocol[T, S]):\n    def get(self, key: T) -> Optional[S]:\n        ...\n\n    def put(self, key: T, value: S,\n ",
  "context_lines": "from cachepot.serializer import SerializerProtocol\n\nT = TypeVar('T', contravariant=True)\nS = TypeVar('S')\n\n\nclass CacheStoreProtocol(Protocol[T, S]):\n    def get(self, key: T) -> Optional[S]:\n        ...\n\n    def put(self, key: T, value: S,\n            *, expire_seconds: Optional[ExpireSeconds] = None) -> None:\n        ...\n\n",
  "slicing": "    def get(self, key: T) -> Optional[S]:\n"
 },
 "65": {
  "name": "key",
  "type": "UNKNOWN",
  "class": "unknown",
  "approach": "annotation",
  "file_path": "cachepot/cachepot/store/__init__.py",
  "lineno": "17",
  "column": "18",
  "context": "T) -> Optional[S]:\n        ...\n\n    def put(self, key: T, value: S,\n            *, expire_seconds: Optional[ExpireSeco",
  "context_lines": "S = TypeVar('S')\n\n\nclass CacheStoreProtocol(Protocol[T, S]):\n    def get(self, key: T) -> Optional[S]:\n        ...\n\n    def put(self, key: T, value: S,\n            *, expire_seconds: Optional[ExpireSeconds] = None) -> None:\n        ...\n\n    def proxy(self,\n              original_function: Callable[..., S]\n",
  "slicing": "    def put(self, key: T, value: S,\n"
 },
 "66": {
  "name": "value",
  "type": "UNKNOWN",
  "class": "unknown",
  "approach": "annotation",
  "file_path": "cachepot/cachepot/store/__init__.py",
  "lineno": "17",
  "column": "26",
  "context": "tional[S]:\n        ...\n\n    def put(self, key: T, value: S,\n            *, expire_seconds: Optional[ExpireSeco",
  "context_lines": "S = TypeVar('S')\n\n\nclass CacheStoreProtocol(Protocol[T, S]):\n    def get(self, key: T) -> Optional[S]:\n        ...\n\n    def put(self, key: T, value: S,\n            *, expire_seconds: Optional[ExpireSeconds] = None) -> None:\n        ...\n\n    def proxy(self,\n              original_function: Callable[..., S]\n",
  "slicing": "    def put(self, key: T, value: S,\n"
 },
 "67": {
  "name": "original_function",
  "type": "dict",
  "class": "build-in",
  "approach": "annotation",
  "file_path": "cachepot/cachepot/store/__init__.py",
  "lineno": "22",
  "column": "14",
  "context": "e:\n        ...\n\n    def proxy(self,\n              original_function: Callable[..., S]\n              ) -> Callable[..., S]:\n        ...\n\n",
  "context_lines": "    def put(self, key: T, value: S,\n            *, expire_seconds: Optional[ExpireSeconds] = None) -> None:\n        ...\n\n    def proxy(self,\n              original_function: Callable[..., S]\n              ) -> Callable[..., S]:\n        ...\n\n    def remove(self, key: T) -> None:\n        ...\n\n\n",
  "slicing": "              original_function: Callable[..., S]\n"
 },
 "68": {
  "name": "key",
  "type": "UNKNOWN",
  "class": "unknown",
  "approach": "annotation",
  "file_path": "cachepot/cachepot/store/__init__.py",
  "lineno": "26",
  "column": "21",
  "context": "llable[..., S]:\n        ...\n\n    def remove(self, key: T) -> None:\n        ...\n\n\nclass CacheStore(CacheStoreProtocol[",
  "context_lines": "    def proxy(self,\n              original_function: Callable[..., S]\n              ) -> Callable[..., S]:\n        ...\n\n    def remove(self, key: T) -> None:\n        ...\n\n\nclass CacheStore(CacheStoreProtocol[T, S]):\n    namespace: str\n    key_serializer: SerializerProtocol[T]\n",
  "slicing": "    def remove(self, key: T) -> None:\n"
 },
 "69": {
  "name": "namespace",
  "type": "str",
  "class": "build-in",
  "approach": "annotation",
  "file_path": "cachepot/cachepot/store/__init__.py",
  "lineno": "39",
  "column": "8",
  "context": "eSeconds\n\n    def __init__(\n        self,\n        namespace: str,\n        backend: CacheBackendProtocol,\n        key",
  "context_lines": "    backend: CacheBackendProtocol\n    default_expire_seconds: ExpireSeconds\n\n    def __init__(\n        self,\n        namespace: str,\n        backend: CacheBackendProtocol,\n        key_serializer: SerializerProtocol[T],\n        value_serializer: SerializerProtocol[S],\n        default_expire_seconds: ExpireSeconds,\n",
  "slicing": "        namespace: str,\n"
 },
 "70": {
  "name": "backend",
  "type": "CacheBackendProtocol",
  "class": "customized",
  "approach": "annotation",
  "file_path": "cachepot/cachepot/store/__init__.py",
  "lineno": "40",
  "column": "8",
  "context": "__(\n        self,\n        namespace: str,\n        backend: CacheBackendProtocol,\n        key_serializer: SerializerProtocol[T],\n   ",
  "context_lines": "    default_expire_seconds: ExpireSeconds\n\n    def __init__(\n        self,\n        namespace: str,\n        backend: CacheBackendProtocol,\n        key_serializer: SerializerProtocol[T],\n        value_serializer: SerializerProtocol[S],\n        default_expire_seconds: ExpireSeconds,\n    ):\n",
  "slicing": "        backend: CacheBackendProtocol,\n"
 },
 "71": {
  "name": "key_serializer",
  "type": "dict",
  "class": "build-in",
  "approach": "annotation",
  "file_path": "cachepot/cachepot/store/__init__.py",
  "lineno": "41",
  "column": "8",
  "context": "r,\n        backend: CacheBackendProtocol,\n        key_serializer: SerializerProtocol[T],\n        value_serializer: SerializerProtocol[S],\n ",
  "context_lines": "    def __init__(\n        self,\n        namespace: str,\n        backend: CacheBackendProtocol,\n        key_serializer: SerializerProtocol[T],\n        value_serializer: SerializerProtocol[S],\n        default_expire_seconds: ExpireSeconds,\n    ):\n        self.namespace = namespace\n",
  "slicing": "        key_serializer: SerializerProtocol[T],\n"
 },
 "72": {
  "name": "value_serializer",
  "type": "dict",
  "class": "build-in",
  "approach": "annotation",
  "file_path": "cachepot/cachepot/store/__init__.py",
  "lineno": "42",
  "column": "8",
  "context": "   key_serializer: SerializerProtocol[T],\n        value_serializer: SerializerProtocol[S],\n        default_expire_seconds: ExpireSeconds,\n   ",
  "context_lines": "        self,\n        namespace: str,\n        backend: CacheBackendProtocol,\n        key_serializer: SerializerProtocol[T],\n        value_serializer: SerializerProtocol[S],\n        default_expire_seconds: ExpireSeconds,\n    ):\n        self.namespace = namespace\n        self.key_serializer = key_serializer\n",
  "slicing": "        value_serializer: SerializerProtocol[S],\n"
 },
 "73": {
  "name": "default_expire_seconds",
  "type": "UNKNOWN",
  "class": "unknown",
  "approach": "annotation",
  "file_path": "cachepot/cachepot/store/__init__.py",
  "lineno": "43",
  "column": "8",
  "context": " value_serializer: SerializerProtocol[S],\n        default_expire_seconds: ExpireSeconds,\n    ):\n        self.namespace = namespace\n        ",
  "context_lines": "        namespace: str,\n        backend: CacheBackendProtocol,\n        key_serializer: SerializerProtocol[T],\n        value_serializer: SerializerProtocol[S],\n        default_expire_seconds: ExpireSeconds,\n    ):\n        self.namespace = namespace\n        self.key_serializer = key_serializer\n        self.value_serializer = value_serializer\n",
  "slicing": "        default_expire_seconds: ExpireSeconds,\n"
 },
 "74": {
  "name": "key",
  "type": "UNKNOWN",
  "class": "unknown",
  "approach": "annotation",
  "file_path": "cachepot/cachepot/store/__init__.py",
  "lineno": "51",
  "column": "29",
  "context": "ault_expire_seconds\n\n    def __get_real_key(self, key: T) -> bytes:\n        serialized_key = self.key_serializer.seria",
  "context_lines": "        self.key_serializer = key_serializer\n        self.value_serializer = value_serializer\n        self.backend = backend\n        self.default_expire_seconds = default_expire_seconds\n\n    def __get_real_key(self, key: T) -> bytes:\n        serialized_key = self.key_serializer.serialize(key)\n        return self.namespace.encode() + b':' + serialized_key\n\n    def get(self, key: T) -> Optional[S]:\n        real_key = self.__get_real_key(key)\n",
  "slicing": "    def __get_real_key(self, key: T) -> bytes:\n"
 },
 "75": {
  "name": "key",
  "type": "UNKNOWN",
  "class": "unknown",
  "approach": "annotation",
  "file_path": "cachepot/cachepot/store/__init__.py",
  "lineno": "55",
  "column": "18",
  "context": "code() + b':' + serialized_key\n\n    def get(self, key: T) -> Optional[S]:\n        real_key = self.__get_real_key(key)\n      ",
  "context_lines": "        self.default_expire_seconds = default_expire_seconds\n\n    def __get_real_key(self, key: T) -> bytes:\n        serialized_key = self.key_serializer.serialize(key)\n        return self.namespace.encode() + b':' + serialized_key\n\n    def get(self, key: T) -> Optional[S]:\n        real_key = self.__get_real_key(key)\n        loaded = self.backend.load(real_key)\n        if loaded is None:\n            return None\n",
  "slicing": "    def get(self, key: T) -> Optional[S]:\n"
 },
 "76": {
  "name": "key",
  "type": "UNKNOWN",
  "class": "unknown",
  "approach": "annotation",
  "file_path": "cachepot/cachepot/store/__init__.py",
  "lineno": "62",
  "column": "18",
  "context": "serializer.deserialize(loaded)\n\n    def put(self, key: T, value: S,\n            *, expire_seconds: Optional[ExpireSeco",
  "context_lines": "        loaded = self.backend.load(real_key)\n        if loaded is None:\n            return None\n        return self.value_serializer.deserialize(loaded)\n\n    def put(self, key: T, value: S,\n            *, expire_seconds: Optional[ExpireSeconds] = None) -> None:\n        if expire_seconds is None:\n            expire_seconds = self.default_expire_seconds\n        real_key = self.__get_real_key(key)\n",
  "slicing": "    def put(self, key: T, value: S,\n"
 },
 "77": {
  "name": "value",
  "type": "UNKNOWN",
  "class": "unknown",
  "approach": "annotation",
  "file_path": "cachepot/cachepot/store/__init__.py",
  "lineno": "62",
  "column": "26",
  "context": "er.deserialize(loaded)\n\n    def put(self, key: T, value: S,\n            *, expire_seconds: Optional[ExpireSeco",
  "context_lines": "        loaded = self.backend.load(real_key)\n        if loaded is None:\n            return None\n        return self.value_serializer.deserialize(loaded)\n\n    def put(self, key: T, value: S,\n            *, expire_seconds: Optional[ExpireSeconds] = None) -> None:\n        if expire_seconds is None:\n            expire_seconds = self.default_expire_seconds\n        real_key = self.__get_real_key(key)\n",
  "slicing": "    def put(self, key: T, value: S,\n"
 },
 "78": {
  "name": "original_function",
  "type": "dict",
  "class": "build-in",
  "approach": "annotation",
  "file_path": "cachepot/cachepot/store/__init__.py",
  "lineno": "73",
  "column": "14",
  "context": "xpire_seconds)\n\n    def proxy(self,\n              original_function: Callable[..., S]\n              ) -> Callable[..., S]:\n\n        def ",
  "context_lines": "        self.backend.save(real_key,\n                          serialized_value,\n                          expire_seconds=expire_seconds)\n\n    def proxy(self,\n              original_function: Callable[..., S]\n              ) -> Callable[..., S]:\n\n        def _proxy(*args: Any,\n                   cache_key: T,\n                   expire_seconds: Optional[ExpireSeconds] = None,\n",
  "slicing": "              original_function: Callable[..., S]\n"
 },
 "79": {
  "name": "key",
  "type": "UNKNOWN",
  "class": "unknown",
  "approach": "annotation",
  "file_path": "cachepot/cachepot/store/__init__.py",
  "lineno": "90",
  "column": "21",
  "context": "sult\n\n        return _proxy\n\n    def remove(self, key: T) -> None:\n        real_key = self.__get_real_key(key)\n      ",
  "context_lines": "            result = original_function(*args, **kwargs)\n            self.put(cache_key, result, expire_seconds=expire_seconds)\n            return result\n\n        return _proxy\n\n    def remove(self, key: T) -> None:\n        real_key = self.__get_real_key(key)\n",
  "slicing": "    def remove(self, key: T) -> None:\n"
 },
 "80": {
  "name": "path",
  "type": "UNKNOWN",
  "class": "unknown",
  "approach": "annotation",
  "file_path": "cachepot/cachepot/backend/filesystem.py",
  "lineno": "17",
  "column": "23",
  "context": "):\n    path: pathlib.Path\n\n    def __init__(self, path: PathLike):\n        if isinstance(path, str):\n            self",
  "context_lines": "from cachepot.expire import ExpireSeconds, to_timedelta\n\nPathLike = Union[pathlib.Path, str]\n\n\nclass FileSystemCacheBackend(CacheBackendProtocol):\n    path: pathlib.Path\n\n    def __init__(self, path: PathLike):\n        if isinstance(path, str):\n            self.path = pathlib.Path(path)\n        else:\n            self.path = path\n\n",
  "slicing": "    def __init__(self, path: PathLike):\n"
 },
 "81": {
  "name": "key",
  "type": "bytes",
  "class": "build-in",
  "approach": "annotation",
  "file_path": "cachepot/cachepot/backend/filesystem.py",
  "lineno": "23",
  "column": "30",
  "context": "  self.path = path\n\n    def __get_real_path(self, key: bytes) -> pathlib.Path:\n        return self.path / hashlib.sha256(key).hex",
  "context_lines": "        if isinstance(path, str):\n            self.path = pathlib.Path(path)\n        else:\n            self.path = path\n\n    def __get_real_path(self, key: bytes) -> pathlib.Path:\n        return self.path / hashlib.sha256(key).hexdigest()\n\n    def save(self,\n             key: bytes,\n             value: bytes,\n",
  "slicing": "    def __get_real_path(self, key: bytes) -> pathlib.Path:\n"
 },
 "82": {
  "name": "key",
  "type": "bytes",
  "class": "build-in",
  "approach": "annotation",
  "file_path": "cachepot/cachepot/backend/filesystem.py",
  "lineno": "27",
  "column": "13",
  "context": "key).hexdigest()\n\n    def save(self,\n             key: bytes,\n             value: bytes,\n             expire_sec",
  "context_lines": "            self.path = path\n\n    def __get_real_path(self, key: bytes) -> pathlib.Path:\n        return self.path / hashlib.sha256(key).hexdigest()\n\n    def save(self,\n             key: bytes,\n             value: bytes,\n             expire_seconds: ExpireSeconds) -> None:\n        expire_at = datetime.now() + to_timedelta(expire_seconds)\n        expire_timestamp = time.mktime(expire_at.timetuple())\n\n",
  "slicing": "             key: bytes,\n"
 },
 "83": {
  "name": "value",
  "type": "bytes",
  "class": "build-in",
  "approach": "annotation",
  "file_path": "cachepot/cachepot/backend/filesystem.py",
  "lineno": "28",
  "column": "13",
  "context": " save(self,\n             key: bytes,\n             value: bytes,\n             expire_seconds: ExpireSeconds) -> Non",
  "context_lines": "    def __get_real_path(self, key: bytes) -> pathlib.Path:\n        return self.path / hashlib.sha256(key).hexdigest()\n\n    def save(self,\n             key: bytes,\n             value: bytes,\n             expire_seconds: ExpireSeconds) -> None:\n        expire_at = datetime.now() + to_timedelta(expire_seconds)\n        expire_timestamp = time.mktime(expire_at.timetuple())\n\n        realpath = self.__get_real_path(key)\n",
  "slicing": "             value: bytes,\n"
 },
 "84": {
  "name": "expire_seconds",
  "type": "UNKNOWN",
  "class": "unknown",
  "approach": "annotation",
  "file_path": "cachepot/cachepot/backend/filesystem.py",
  "lineno": "29",
  "column": "13",
  "context": "y: bytes,\n             value: bytes,\n             expire_seconds: ExpireSeconds) -> None:\n        expire_at = datetime.now() + to_timedelta(",
  "context_lines": "        return self.path / hashlib.sha256(key).hexdigest()\n\n    def save(self,\n             key: bytes,\n             value: bytes,\n             expire_seconds: ExpireSeconds) -> None:\n        expire_at = datetime.now() + to_timedelta(expire_seconds)\n        expire_timestamp = time.mktime(expire_at.timetuple())\n\n        realpath = self.__get_real_path(key)\n        with cast(BinaryIO, realpath.open('wb')) as f:\n",
  "slicing": "             expire_seconds: ExpireSeconds) -> None:\n"
 },
 "85": {
  "name": "key",
  "type": "bytes",
  "class": "build-in",
  "approach": "annotation",
  "file_path": "cachepot/cachepot/backend/filesystem.py",
  "lineno": "38",
  "column": "19",
  "context": "timestamp, expire_timestamp))\n\n    def load(self, key: bytes) -> Optional[bytes]:\n        path = self.__get_real_path(key)\n        i",
  "context_lines": "        realpath = self.__get_real_path(key)\n        with cast(BinaryIO, realpath.open('wb')) as f:\n            f.write(value)\n        os.utime(str(realpath), (expire_timestamp, expire_timestamp))\n\n    def load(self, key: bytes) -> Optional[bytes]:\n        path = self.__get_real_path(key)\n        if not path.exists() or path.is_dir():\n            return None\n        if path.stat().st_mtime < time.mktime(datetime.now().timetuple()):\n",
  "slicing": "    def load(self, key: bytes) -> Optional[bytes]:\n"
 },
 "86": {
  "name": "key",
  "type": "bytes",
  "class": "build-in",
  "approach": "annotation",
  "file_path": "cachepot/cachepot/backend/filesystem.py",
  "lineno": "47",
  "column": "21",
  "context": "            return f.read()\n\n    def delete(self, key: bytes) -> None:\n        try:\n            self.__get_real_path(key)",
  "context_lines": "        if path.stat().st_mtime < time.mktime(datetime.now().timetuple()):\n            return None\n        with cast(BinaryIO, path.open('rb')) as f:\n            return f.read()\n\n    def delete(self, key: bytes) -> None:\n        try:\n            self.__get_real_path(key).unlink()\n        except FileNotFoundError:\n",
  "slicing": "    def delete(self, key: bytes) -> None:\n"
 },
 "87": {
  "name": "key",
  "type": "bytes",
  "class": "build-in",
  "approach": "annotation",
  "file_path": "cachepot/cachepot/backend/__init__.py",
  "lineno": "11",
  "column": "13",
  "context": "tocol(Protocol):\n\n    def save(self,\n             key: bytes,\n             value: bytes,\n             *,\n       ",
  "context_lines": "from typing_extensions import Protocol\n\nfrom cachepot.expire import ExpireSeconds\n\n\nclass CacheBackendProtocol(Protocol):\n\n    def save(self,\n             key: bytes,\n             value: bytes,\n             *,\n             expire_seconds: ExpireSeconds) -> None:\n        ...\n\n",
  "slicing": "             key: bytes,\n"
 },
 "88": {
  "name": "value",
  "type": "bytes",
  "class": "build-in",
  "approach": "annotation",
  "file_path": "cachepot/cachepot/backend/__init__.py",
  "lineno": "12",
  "column": "13",
  "context": " save(self,\n             key: bytes,\n             value: bytes,\n             *,\n             expire_seconds: Expir",
  "context_lines": "from cachepot.expire import ExpireSeconds\n\n\nclass CacheBackendProtocol(Protocol):\n\n    def save(self,\n             key: bytes,\n             value: bytes,\n             *,\n             expire_seconds: ExpireSeconds) -> None:\n        ...\n\n    def load(self, key: bytes) -> Optional[bytes]:\n",
  "slicing": "             value: bytes,\n"
 },
 "89": {
  "name": "key",
  "type": "bytes",
  "class": "build-in",
  "approach": "annotation",
  "file_path": "cachepot/cachepot/backend/__init__.py",
  "lineno": "17",
  "column": "19",
  "context": "Seconds) -> None:\n        ...\n\n    def load(self, key: bytes) -> Optional[bytes]:\n        ...\n\n    def delete(self, key: bytes) -> N",
  "context_lines": "             value: bytes,\n             *,\n             expire_seconds: ExpireSeconds) -> None:\n        ...\n\n    def load(self, key: bytes) -> Optional[bytes]:\n        ...\n\n    def delete(self, key: bytes) -> None:\n",
  "slicing": "    def load(self, key: bytes) -> Optional[bytes]:\n"
 },
 "90": {
  "name": "key",
  "type": "bytes",
  "class": "build-in",
  "approach": "annotation",
  "file_path": "cachepot/cachepot/backend/__init__.py",
  "lineno": "20",
  "column": "21",
  "context": "ptional[bytes]:\n        ...\n\n    def delete(self, key: bytes) -> None:\n        ...\n",
  "context_lines": "             expire_seconds: ExpireSeconds) -> None:\n        ...\n\n    def load(self, key: bytes) -> Optional[bytes]:\n        ...\n\n    def delete(self, key: bytes) -> None:\n",
  "slicing": "    def delete(self, key: bytes) -> None:\n"
 },
 "91": {
  "name": "redis_connection",
  "type": "UNKNOWN",
  "class": "unknown",
  "approach": "Pysonar2",
  "file_path": "cachepot/cachepot/backend/redis.py",
  "lineno": "12",
  "column": "23",
  "context": "s_connection: redis.Redis\n\n    def __init__(self, redis_connection: redis.Redis):\n        self.redis = redis_connection\n\n    def sav",
  "context_lines": "from cachepot.backend import CacheBackendProtocol\nfrom cachepot.expire import ExpireSeconds, to_timedelta\n\n\nclass RedisCacheBackend(CacheBackendProtocol):\n    redis_connection: redis.Redis\n\n    def __init__(self, redis_connection: redis.Redis):\n        self.redis = redis_connection\n\n    def save(self,\n             key: bytes,\n             value: bytes,\n",
  "slicing": "    def __init__(self, redis_connection: redis.Redis):\n"
 },
 "92": {
  "name": "key",
  "type": "bytes",
  "class": "build-in",
  "approach": "annotation",
  "file_path": "cachepot/cachepot/backend/redis.py",
  "lineno": "16",
  "column": "13",
  "context": "redis_connection\n\n    def save(self,\n             key: bytes,\n             value: bytes,\n             *,\n       ",
  "context_lines": "    redis_connection: redis.Redis\n\n    def __init__(self, redis_connection: redis.Redis):\n        self.redis = redis_connection\n\n    def save(self,\n             key: bytes,\n             value: bytes,\n             *,\n             expire_seconds: ExpireSeconds) -> None:\n        with self.redis.pipeline() as pipe:\n",
  "slicing": "             key: bytes,\n"
 },
 "93": {
  "name": "value",
  "type": "bytes",
  "class": "build-in",
  "approach": "annotation",
  "file_path": "cachepot/cachepot/backend/redis.py",
  "lineno": "17",
  "column": "13",
  "context": " save(self,\n             key: bytes,\n             value: bytes,\n             *,\n             expire_seconds: Expir",
  "context_lines": "    def __init__(self, redis_connection: redis.Redis):\n        self.redis = redis_connection\n\n    def save(self,\n             key: bytes,\n             value: bytes,\n             *,\n             expire_seconds: ExpireSeconds) -> None:\n        with self.redis.pipeline() as pipe:\n            pipe.set(key, value)\n",
  "slicing": "             value: bytes,\n"
 },
 "94": {
  "name": "key",
  "type": "bytes",
  "class": "build-in",
  "approach": "annotation",
  "file_path": "cachepot/cachepot/backend/redis.py",
  "lineno": "25",
  "column": "19",
  "context": "))\n            pipe.execute()\n\n    def load(self, key: bytes) -> Optional[bytes]:\n        return cast(bytes, self.redis.get(key))\n\n ",
  "context_lines": "        with self.redis.pipeline() as pipe:\n            pipe.set(key, value)\n            pipe.expire(key, to_timedelta(expire_seconds))\n            pipe.execute()\n\n    def load(self, key: bytes) -> Optional[bytes]:\n        return cast(bytes, self.redis.get(key))\n\n    def delete(self, key: bytes) -> None:\n",
  "slicing": "    def load(self, key: bytes) -> Optional[bytes]:\n"
 },
 "95": {
  "name": "key",
  "type": "bytes",
  "class": "build-in",
  "approach": "annotation",
  "file_path": "cachepot/cachepot/backend/redis.py",
  "lineno": "28",
  "column": "21",
  "context": "bytes, self.redis.get(key))\n\n    def delete(self, key: bytes) -> None:\n        self.redis.delete(key)\n",
  "context_lines": "            pipe.expire(key, to_timedelta(expire_seconds))\n            pipe.execute()\n\n    def load(self, key: bytes) -> Optional[bytes]:\n        return cast(bytes, self.redis.get(key))\n\n    def delete(self, key: bytes) -> None:\n",
  "slicing": "    def delete(self, key: bytes) -> None:\n"
 },
 "96": {
  "name": "conn",
  "type": "UNKNOWN",
  "class": "unknown",
  "approach": "annotation",
  "file_path": "cachepot/cachepot/backend/sqlite.py",
  "lineno": "15",
  "column": "23",
  "context": " conn: sqlite3.Connection\n\n    def __init__(self, conn: ConnectionLike):\n        if isinstance(conn, str):\n            conn",
  "context_lines": "from cachepot.expire import ExpireSeconds, to_timedelta\n\nConnectionLike = Union[str, pathlib.Path, sqlite3.Connection]\n\n\nclass SQLiteCacheBackend(CacheBackendProtocol):\n    conn: sqlite3.Connection\n\n    def __init__(self, conn: ConnectionLike):\n        if isinstance(conn, str):\n            conn = sqlite3.connect(conn)\n        elif isinstance(conn, pathlib.Path):\n            conn = sqlite3.connect(conn)\n",
  "slicing": "    def __init__(self, conn: ConnectionLike):\n"
 },
 "97": {
  "name": "key",
  "type": "bytes",
  "class": "build-in",
  "approach": "annotation",
  "file_path": "cachepot/cachepot/backend/sqlite.py",
  "lineno": "36",
  "column": "13",
  "context": "self.conn = conn\n\n    def save(self,\n             key: bytes,\n             value: bytes,\n             *,\n       ",
  "context_lines": "                  , expire_at\n                  )''')\n        self.conn = conn\n\n    def save(self,\n             key: bytes,\n             value: bytes,\n             *,\n             expire_seconds: ExpireSeconds) -> None:\n        expire_at = datetime.now() + to_timedelta(expire_seconds)\n",
  "slicing": "             key: bytes,\n"
 },
 "98": {
  "name": "value",
  "type": "bytes",
  "class": "build-in",
  "approach": "annotation",
  "file_path": "cachepot/cachepot/backend/sqlite.py",
  "lineno": "37",
  "column": "13",
  "context": " save(self,\n             key: bytes,\n             value: bytes,\n             *,\n             expire_seconds: Expir",
  "context_lines": "                  )''')\n        self.conn = conn\n\n    def save(self,\n             key: bytes,\n             value: bytes,\n             *,\n             expire_seconds: ExpireSeconds) -> None:\n        expire_at = datetime.now() + to_timedelta(expire_seconds)\n        self.conn.execute('''\\\n",
  "slicing": "             value: bytes,\n"
 },
 "99": {
  "name": "key",
  "type": "bytes",
  "class": "build-in",
  "approach": "annotation",
  "file_path": "cachepot/cachepot/backend/sqlite.py",
  "lineno": "47",
  "column": "19",
  "context": "))\n        self.conn.commit()\n\n    def load(self, key: bytes) -> Optional[bytes]:\n        current_datetime = datetime.now()\n        ",
  "context_lines": "INSERT OR REPLACE INTO cachepot\n            (key, value, expire_at)\n     VALUES (?, ?, ?)''', (key, value, expire_at))\n        self.conn.commit()\n\n    def load(self, key: bytes) -> Optional[bytes]:\n        current_datetime = datetime.now()\n        result = self.conn.execute('''\\\n        SELECT value\n          FROM cachepot\n",
  "slicing": "    def load(self, key: bytes) -> Optional[bytes]:\n"
 },
 "100": {
  "name": "key",
  "type": "bytes",
  "class": "build-in",
  "approach": "annotation",
  "file_path": "cachepot/cachepot/backend/sqlite.py",
  "lineno": "58",
  "column": "21",
  "context": "ult[0])\n        return None\n\n    def delete(self, key: bytes) -> None:\n        self.conn.execute('''\\\n        DELETE\n    ",
  "context_lines": "           AND expire_at > ?''', (key, current_datetime)).fetchone()\n        if result:\n            return cast(bytes, result[0])\n        return None\n\n    def delete(self, key: bytes) -> None:\n        self.conn.execute('''\\\n        DELETE\n          FROM cachepot\n         WHERE key = ?''', (key,))\n",
  "slicing": "    def delete(self, key: bytes) -> None:\n"
 },
 "101": {
  "name": "data",
  "type": "str",
  "class": "build-in",
  "approach": "annotation",
  "file_path": "cachepot/cachepot/serializer/str.py",
  "lineno": "6",
  "column": "24",
  "context": "erializerProtocol[str]):\n\n    def serialize(self, data: str) -> bytes:\n        return data.encode()\n\n    def deserialize(",
  "context_lines": "from cachepot.serializer import SerializerProtocol\n\n\nclass StringSerializer(SerializerProtocol[str]):\n\n    def serialize(self, data: str) -> bytes:\n        return data.encode()\n\n    def deserialize(self, serialized_data: bytes) -> str:\n",
  "slicing": "    def serialize(self, data: str) -> bytes:\n"
 },
 "102": {
  "name": "serialized_data",
  "type": "bytes",
  "class": "build-in",
  "approach": "annotation",
  "file_path": "cachepot/cachepot/serializer/str.py",
  "lineno": "9",
  "column": "26",
  "context": "  return data.encode()\n\n    def deserialize(self, serialized_data: bytes) -> str:\n        return serialized_data.decode()\n",
  "context_lines": "from cachepot.serializer import SerializerProtocol\n\n\nclass StringSerializer(SerializerProtocol[str]):\n\n    def serialize(self, data: str) -> bytes:\n        return data.encode()\n\n    def deserialize(self, serialized_data: bytes) -> str:\n",
  "slicing": "    def deserialize(self, serialized_data: bytes) -> str:\n"
 },
 "103": {
  "name": "data",
  "type": "UNKNOWN",
  "class": "unknown",
  "approach": "annotation",
  "file_path": "cachepot/cachepot/serializer/__init__.py",
  "lineno": "9",
  "column": "24",
  "context": "zerProtocol(Protocol[T]):\n    def serialize(self, data: T) -> bytes:\n        ...\n\n    def deserialize(self, serialized_",
  "context_lines": "from typing import TypeVar\n\nfrom typing_extensions import Protocol\n\nT = TypeVar('T')\n\n\nclass SerializerProtocol(Protocol[T]):\n    def serialize(self, data: T) -> bytes:\n        ...\n\n    def deserialize(self, serialized_data: bytes) -> T:\n",
  "slicing": "    def serialize(self, data: T) -> bytes:\n"
 },
 "104": {
  "name": "serialized_data",
  "type": "bytes",
  "class": "build-in",
  "approach": "annotation",
  "file_path": "cachepot/cachepot/serializer/__init__.py",
  "lineno": "12",
  "column": "26",
  "context": " -> bytes:\n        ...\n\n    def deserialize(self, serialized_data: bytes) -> T:\n        ...\n",
  "context_lines": "T = TypeVar('T')\n\n\nclass SerializerProtocol(Protocol[T]):\n    def serialize(self, data: T) -> bytes:\n        ...\n\n    def deserialize(self, serialized_data: bytes) -> T:\n",
  "slicing": "    def deserialize(self, serialized_data: bytes) -> T:\n"
 },
 "105": {
  "name": "data",
  "type": "UNKNOWN",
  "class": "unknown",
  "approach": "annotation",
  "file_path": "cachepot/cachepot/serializer/json.py",
  "lineno": "17",
  "column": "24",
  "context": "izerProtocol[JSONType]):\n\n    def serialize(self, data: JSONType) -> bytes:\n        return json.dumps(data,\n                  ",
  "context_lines": "    Dict[str, Any],\n    List[Any]\n]\n\n\nclass JSONSerializer(SerializerProtocol[JSONType]):\n\n    def serialize(self, data: JSONType) -> bytes:\n        return json.dumps(data,\n                          sort_keys=True,\n                          separators=(',', ':')).encode()\n\n    def deserialize(self, serialized_data: bytes) -> JSONType:\n",
  "slicing": "    def serialize(self, data: JSONType) -> bytes:\n"
 },
 "106": {
  "name": "serialized_data",
  "type": "bytes",
  "class": "build-in",
  "approach": "annotation",
  "file_path": "cachepot/cachepot/serializer/json.py",
  "lineno": "22",
  "column": "26",
  "context": "s=(',', ':')).encode()\n\n    def deserialize(self, serialized_data: bytes) -> JSONType:\n        return cast(JSONType, json.loads(serialize",
  "context_lines": "    def serialize(self, data: JSONType) -> bytes:\n        return json.dumps(data,\n                          sort_keys=True,\n                          separators=(',', ':')).encode()\n\n    def deserialize(self, serialized_data: bytes) -> JSONType:\n",
  "slicing": "    def deserialize(self, serialized_data: bytes) -> JSONType:\n"
 },
 "107": {
  "name": "data",
  "type": "UNKNOWN",
  "class": "unknown",
  "approach": "annotation",
  "file_path": "cachepot/cachepot/serializer/pickle.py",
  "lineno": "9",
  "column": "24",
  "context": "erializerProtocol[Any]):\n\n    def serialize(self, data: Any) -> bytes:\n        return pickle.dumps(data)\n\n    def deseria",
  "context_lines": "import pickle\nfrom typing import Any\n\nfrom cachepot.serializer import SerializerProtocol\n\n\nclass PickleSerializer(SerializerProtocol[Any]):\n\n    def serialize(self, data: Any) -> bytes:\n        return pickle.dumps(data)\n\n    def deserialize(self, serialized_data: bytes) -> Any:\n",
  "slicing": "    def serialize(self, data: Any) -> bytes:\n"
 },
 "108": {
  "name": "serialized_data",
  "type": "bytes",
  "class": "build-in",
  "approach": "annotation",
  "file_path": "cachepot/cachepot/serializer/pickle.py",
  "lineno": "12",
  "column": "26",
  "context": "urn pickle.dumps(data)\n\n    def deserialize(self, serialized_data: bytes) -> Any:\n        return pickle.loads(serialized_data)\n",
  "context_lines": "from cachepot.serializer import SerializerProtocol\n\n\nclass PickleSerializer(SerializerProtocol[Any]):\n\n    def serialize(self, data: Any) -> bytes:\n        return pickle.dumps(data)\n\n    def deserialize(self, serialized_data: bytes) -> Any:\n",
  "slicing": "    def deserialize(self, serialized_data: bytes) -> Any:\n"
 }
}