{
 "1": {
  "name": "readme",
  "type": "str",
  "class": "build-in",
  "approach": "Pysonar2",
  "file_path": "caleb/setup.py",
  "lineno": "16",
  "column": "0",
  "context": "rom distutils.core import setup\n\n\nimport os.path\n\nreadme = ''\nhere = os.path.abspath(os.path.dirname(__file__))\n",
  "context_lines": "    from setuptools import setup\nexcept ImportError:\n    from distutils.core import setup\n\n\nimport os.path\n\nreadme = ''\nhere = os.path.abspath(os.path.dirname(__file__))\nreadme_path = os.path.join(here, 'README.rst')\nif os.path.exists(readme_path):\n    with open(readme_path, 'rb') as stream:\n",
  "slicing": [
   "readme = ''\n",
   "    long_description=readme,\n"
  ]
 },
 "2": {
  "name": "here",
  "type": "UNKNOWN",
  "class": "unknown",
  "approach": "Pysonar2",
  "file_path": "caleb/setup.py",
  "lineno": "17",
  "column": "0",
  "context": "s.core import setup\n\n\nimport os.path\n\nreadme = ''\nhere = os.path.abspath(os.path.dirname(__file__))\nreadme_path = os.path.join(here, 'README.rst')\nif ",
  "context_lines": "except ImportError:\n    from distutils.core import setup\n\n\nimport os.path\n\nreadme = ''\nhere = os.path.abspath(os.path.dirname(__file__))\nreadme_path = os.path.join(here, 'README.rst')\nif os.path.exists(readme_path):\n    with open(readme_path, 'rb') as stream:\n        readme = stream.read().decode('utf8')\n\n\n",
  "slicing": [
   "here = os.path.abspath(os.path.dirname(__file__))\n",
   "readme_path = os.path.join(here, 'README.rst')\n",
   "if os.path.exists(readme_path):\n",
   "    with open(readme_path, 'rb') as stream:\n"
  ]
 },
 "3": {
  "name": "readme_path",
  "type": "UNKNOWN",
  "class": "unknown",
  "approach": "Pysonar2",
  "file_path": "caleb/setup.py",
  "lineno": "18",
  "column": "0",
  "context": "here = os.path.abspath(os.path.dirname(__file__))\nreadme_path = os.path.join(here, 'README.rst')\nif os.path.exists(readme_path):\n    with open(read",
  "context_lines": "    from distutils.core import setup\n\n\nimport os.path\n\nreadme = ''\nhere = os.path.abspath(os.path.dirname(__file__))\nreadme_path = os.path.join(here, 'README.rst')\nif os.path.exists(readme_path):\n    with open(readme_path, 'rb') as stream:\n        readme = stream.read().decode('utf8')\n\n\nsetup(\n",
  "slicing": [
   "readme_path = os.path.join(here, 'README.rst')\n",
   "if os.path.exists(readme_path):\n",
   "    with open(readme_path, 'rb') as stream:\n"
  ]
 },
 "4": {
  "name": "readme",
  "type": "str",
  "class": "build-in",
  "approach": "Pysonar2",
  "file_path": "caleb/setup.py",
  "lineno": "21",
  "column": "8",
  "context": "  with open(readme_path, 'rb') as stream:\n        readme = stream.read().decode('utf8')\n\n\nsetup(\n    long_description=readme,\n    name='ca",
  "context_lines": "here = os.path.abspath(os.path.dirname(__file__))\nreadme_path = os.path.join(here, 'README.rst')\nif os.path.exists(readme_path):\n    with open(readme_path, 'rb') as stream:\n        readme = stream.read().decode('utf8')\n\n\nsetup(\n    long_description=readme,\n    name='caleb',\n",
  "slicing": [
   "        readme = stream.read().decode('utf8')\n",
   "    long_description=readme,\n"
  ]
 },
 "5": {
  "name": "parser",
  "type": "UNKNOWN",
  "class": "unknown",
  "approach": "Pysonar2",
  "file_path": "caleb/caleb/cmdline.py",
  "lineno": "11",
  "column": "4",
  "context": "def make_parser() -> argparse.ArgumentParser:\n    parser = argparse.ArgumentParser()\n    parser.add_argument(\"input_name\", nargs=\"?\")\n ",
  "context_lines": "from .__version__ import __version__\nfrom .app import Application\nfrom .reference import Reference\n\n\ndef make_parser() -> argparse.ArgumentParser:\n    parser = argparse.ArgumentParser()\n    parser.add_argument(\"input_name\", nargs=\"?\")\n    parser.add_argument(\n        \"-t\",\n        \"--take-first\",\n",
  "slicing": [
   "    parser = argparse.ArgumentParser()\n",
   "    parser.add_argument(\"input_name\", nargs=\"?\")\n",
   "    parser.add_argument(\n",
   "    parser.add_argument(\n",
   "    parser.add_argument(\"--version\", help=\"Outputs the version\", action=\"store_true\")\n",
   "    parser.add_argument(\n",
   "    parser.add_argument(\n",
   "    parser.add_argument(\n",
   "    return parser\n",
   "    args = parser.parse_args(sys.argv[1:])\n",
   "    if args.version:\n",
   "    elif args.get_this_key is not None:\n",
   "        ref = Reference(key=args.get_this_key, method=args.method)\n",
   "        print(ref.bibtex())\n",
   "    elif args.input_name is None:\n",
   "    if args.verbose == 0:\n",
   "    elif args.verbose == 1:\n",
   "    elif args.verbose >= 2:\n",
   "    app = Application(args.input_name, take_first=args.take_first, method=args.method)\n",
   "    app.go(dry_run=args.dry_run)\n"
  ]
 },
 "6": {
  "name": "parser",
  "type": "UNKNOWN",
  "class": "unknown",
  "approach": "annotation",
  "file_path": "caleb/caleb/cmdline.py",
  "lineno": "46",
  "column": "4",
  "context": "  )\n    return parser\n\n\ndef launch() -> None:\n    parser = make_parser()\n    args = parser.parse_args(sys.argv[1:])\n\n    # ",
  "context_lines": "        action=\"store_true\",\n    )\n    return parser\n\n\ndef launch() -> None:\n    parser = make_parser()\n    args = parser.parse_args(sys.argv[1:])\n\n    # User is asking for version\n    if args.version:\n        print(__version__)\n",
  "slicing": [
   "    parser = make_parser()\n",
   "    args = parser.parse_args(sys.argv[1:])\n",
   "    if args.version:\n",
   "    elif args.get_this_key is not None:\n",
   "        ref = Reference(key=args.get_this_key, method=args.method)\n",
   "        print(ref.bibtex())\n",
   "    elif args.input_name is None:\n",
   "    if args.verbose == 0:\n",
   "    elif args.verbose == 1:\n",
   "    elif args.verbose >= 2:\n",
   "    app = Application(args.input_name, take_first=args.take_first, method=args.method)\n",
   "    app.go(dry_run=args.dry_run)\n"
  ]
 },
 "7": {
  "name": "args",
  "type": "UNKNOWN",
  "class": "unknown",
  "approach": "Pysonar2",
  "file_path": "caleb/caleb/cmdline.py",
  "lineno": "47",
  "column": "4",
  "context": " launch() -> None:\n    parser = make_parser()\n    args = parser.parse_args(sys.argv[1:])\n\n    # User is asking for version\n    if args.vers",
  "context_lines": "    )\n    return parser\n\n\ndef launch() -> None:\n    parser = make_parser()\n    args = parser.parse_args(sys.argv[1:])\n\n    # User is asking for version\n    if args.version:\n        print(__version__)\n",
  "slicing": [
   "    args = parser.parse_args(sys.argv[1:])\n",
   "    if args.version:\n",
   "    elif args.get_this_key is not None:\n",
   "        ref = Reference(key=args.get_this_key, method=args.method)\n",
   "        print(ref.bibtex())\n",
   "    elif args.input_name is None:\n",
   "    if args.verbose == 0:\n",
   "    elif args.verbose == 1:\n",
   "    elif args.verbose >= 2:\n",
   "    app = Application(args.input_name, take_first=args.take_first, method=args.method)\n",
   "    app.go(dry_run=args.dry_run)\n"
  ]
 },
 "8": {
  "name": "app",
  "type": "app.Application",
  "class": "customized",
  "approach": "annotation",
  "file_path": "caleb/caleb/cmdline.py",
  "lineno": "68",
  "column": "4",
  "context": "     logging.basicConfig(level=logging.INFO)\n\n    app = Application(args.input_name, take_first=args.take_first, method=args.method)\n    app.go(dry_run=args.dry_run)\n",
  "context_lines": "    elif args.verbose == 1:\n        logging.basicConfig(level=logging.WARNING)\n    elif args.verbose >= 2:\n        logging.basicConfig(level=logging.INFO)\n\n    app = Application(args.input_name, take_first=args.take_first, method=args.method)\n",
  "slicing": [
   "    app = Application(args.input_name, take_first=args.take_first, method=args.method)\n",
   "    app.go(dry_run=args.dry_run)\n"
  ]
 },
 "9": {
  "name": "ref",
  "type": "reference.Reference",
  "class": "customized",
  "approach": "annotation",
  "file_path": "caleb/caleb/cmdline.py",
  "lineno": "54",
  "column": "8",
  "context": ")\n    elif args.get_this_key is not None:\n        ref = Reference(key=args.get_this_key, method=args.method)\n        print(ref.bibtex())\n        sys.exit(0)\n  ",
  "context_lines": "    if args.version:\n        print(__version__)\n        sys.exit(0)\n    elif args.get_this_key is not None:\n        ref = Reference(key=args.get_this_key, method=args.method)\n        print(ref.bibtex())\n        sys.exit(0)\n    elif args.input_name is None:\n        print(\"Need input name\")\n",
  "slicing": [
   "        ref = Reference(key=args.get_this_key, method=args.method)\n",
   "        print(ref.bibtex())\n"
  ]
 },
 "10": {
  "name": "spaced_key",
  "type": "UNKNOWN",
  "class": "unknown",
  "approach": "Pysonar2",
  "file_path": "caleb/caleb/reference.py",
  "lineno": "24",
  "column": "8",
  "context": "ey\n\n        # replace underscore by space\n        spaced_key = key.replace(\"_\", \" \")\n\n        # data for query\n        self.pieces = sp",
  "context_lines": "    \"\"\"\n\n    def __init__(self, key: str, method: str = \"crossref\") -> None:\n        self.key = key\n\n        # replace underscore by space\n        spaced_key = key.replace(\"_\", \" \")\n\n        # data for query\n        self.pieces = spaced_key.split(\":\")\n\n        self.method = method\n\n",
  "slicing": [
   "        spaced_key = key.replace(\"_\", \" \")\n",
   "        self.pieces = spaced_key.split(\":\")\n"
  ]
 },
 "11": {
  "name": "r",
  "type": "UNKNOWN",
  "class": "unknown",
  "approach": "Pysonar2",
  "file_path": "caleb/caleb/reference.py",
  "lineno": "55",
  "column": "8",
  "context": "        self.payload[\"format\"] = \"bibtex\"\n        r = requests.get(\"https://mathscinet.ams.org/mrlookup\", params=self.payload)\n        output = r.text\n\n        # set existence a",
  "context_lines": "            str: A bibtex entry.\n        \"\"\"\n        self.payload = dict(zip([\"au\", \"ti\", \"year\"], self.pieces))\n        self.payload[\"format\"] = \"bibtex\"\n        r = requests.get(\"https://mathscinet.ams.org/mrlookup\", params=self.payload)\n        output = r.text\n\n        # set existence and uniqueness\n        num_results = output.count(\"<pre>\")\n        if num_results == 0:\n",
  "slicing": [
   "        r = requests.get(\"https://mathscinet.ams.org/mrlookup\", params=self.payload)\n",
   "        output = r.text\n",
   "        num_results = output.count(\"<pre>\")\n",
   "        if num_results == 0:\n",
   "        elif num_results == 1:\n",
   "        bibtex = output.split(\"<pre>\")[1].split(\"</pre>\")[0].strip(\"\\n\")\n",
   "        a, b = bibtex.split(\"{\", 1)\n",
   "        self._bibtex = a + \"{\" + self.key + \",\\n\" + b.split(\",\\n\", 1)[1]\n",
   "        self._bibtex = a + \"{\" + self.key + \",\" + b.split(\",\", 1)[1]\n"
  ]
 },
 "12": {
  "name": "output",
  "type": "UNKNOWN",
  "class": "unknown",
  "approach": "Pysonar2",
  "file_path": "caleb/caleb/reference.py",
  "lineno": "56",
  "column": "8",
  "context": "t.ams.org/mrlookup\", params=self.payload)\n        output = r.text\n\n        # set existence and uniqueness\n        nu",
  "context_lines": "        \"\"\"\n        self.payload = dict(zip([\"au\", \"ti\", \"year\"], self.pieces))\n        self.payload[\"format\"] = \"bibtex\"\n        r = requests.get(\"https://mathscinet.ams.org/mrlookup\", params=self.payload)\n        output = r.text\n\n        # set existence and uniqueness\n        num_results = output.count(\"<pre>\")\n        if num_results == 0:\n",
  "slicing": [
   "        output = r.text\n",
   "        num_results = output.count(\"<pre>\")\n",
   "        if num_results == 0:\n",
   "        elif num_results == 1:\n",
   "        bibtex = output.split(\"<pre>\")[1].split(\"</pre>\")[0].strip(\"\\n\")\n",
   "        a, b = bibtex.split(\"{\", 1)\n",
   "        self._bibtex = a + \"{\" + self.key + \",\\n\" + b.split(\",\\n\", 1)[1]\n",
   "        self._bibtex = a + \"{\" + self.key + \",\" + b.split(\",\", 1)[1]\n"
  ]
 },
 "13": {
  "name": "num_results",
  "type": "UNKNOWN",
  "class": "unknown",
  "approach": "Pysonar2",
  "file_path": "caleb/caleb/reference.py",
  "lineno": "59",
  "column": "8",
  "context": "t\n\n        # set existence and uniqueness\n        num_results = output.count(\"<pre>\")\n        if num_results == 0:\n            self._exi",
  "context_lines": "        self.payload[\"format\"] = \"bibtex\"\n        r = requests.get(\"https://mathscinet.ams.org/mrlookup\", params=self.payload)\n        output = r.text\n\n        # set existence and uniqueness\n        num_results = output.count(\"<pre>\")\n        if num_results == 0:\n            self._exists = False\n            return\n        elif num_results == 1:\n",
  "slicing": [
   "        num_results = output.count(\"<pre>\")\n",
   "        if num_results == 0:\n",
   "        elif num_results == 1:\n"
  ]
 },
 "14": {
  "name": "bibtex",
  "type": "UNKNOWN",
  "class": "unknown",
  "approach": "Pysonar2",
  "file_path": "caleb/caleb/reference.py",
  "lineno": "71",
  "column": "8",
  "context": "st* correct. We just have to fix the key.\n        bibtex = output.split(\"<pre>\")[1].split(\"</pre>\")[0].strip(\"\\n\")\n\n        # Here we assume the first line is always",
  "context_lines": "        else:\n            self._exists = True\n            self._is_unique = False\n\n        # This is *almost* correct. We just have to fix the key.\n        bibtex = output.split(\"<pre>\")[1].split(\"</pre>\")[0].strip(\"\\n\")\n\n        # Here we assume the first line is always\n        # @something {OLD_CITATION,\\n\n        # Replace OLD_CITATION with citation\n",
  "slicing": [
   "        bibtex = output.split(\"<pre>\")[1].split(\"</pre>\")[0].strip(\"\\n\")\n",
   "        a, b = bibtex.split(\"{\", 1)\n",
   "        self._bibtex = a + \"{\" + self.key + \",\\n\" + b.split(\",\\n\", 1)[1]\n",
   "        self._bibtex = a + \"{\" + self.key + \",\" + b.split(\",\", 1)[1]\n"
  ]
 },
 "15": {
  "name": "a",
  "type": "UNKNOWN",
  "class": "unknown",
  "approach": "Pysonar2",
  "file_path": "caleb/caleb/reference.py",
  "lineno": "77",
  "column": "8",
  "context": "      # Use { and ,\\n to find and replace\n        a, b = bibtex.split(\"{\", 1)\n        self._bibtex = a + \"{\" + self.key + \",\\n\" ",
  "context_lines": "        # Here we assume the first line is always\n        # @something {OLD_CITATION,\\n\n        # Replace OLD_CITATION with citation\n        # Use { and ,\\n to find and replace\n        a, b = bibtex.split(\"{\", 1)\n        self._bibtex = a + \"{\" + self.key + \",\\n\" + b.split(\",\\n\", 1)[1]\n        return\n\n    def _get_bibtex_crossref(self) -> None:\n        \"\"\"Internal function to fetch the bibtex entry and determine existence\n",
  "slicing": [
   "        a, b = bibtex.split(\"{\", 1)\n",
   "        self._bibtex = a + \"{\" + self.key + \",\\n\" + b.split(\",\\n\", 1)[1]\n",
   "        self._bibtex = a + \"{\" + self.key + \",\" + b.split(\",\", 1)[1]\n"
  ]
 },
 "16": {
  "name": "b",
  "type": "UNKNOWN",
  "class": "unknown",
  "approach": "Pysonar2",
  "file_path": "caleb/caleb/reference.py",
  "lineno": "77",
  "column": "11",
  "context": "   # Use { and ,\\n to find and replace\n        a, b = bibtex.split(\"{\", 1)\n        self._bibtex = a + \"{\" + self.key + \",\\n\" ",
  "context_lines": "        # Here we assume the first line is always\n        # @something {OLD_CITATION,\\n\n        # Replace OLD_CITATION with citation\n        # Use { and ,\\n to find and replace\n        a, b = bibtex.split(\"{\", 1)\n        self._bibtex = a + \"{\" + self.key + \",\\n\" + b.split(\",\\n\", 1)[1]\n        return\n\n    def _get_bibtex_crossref(self) -> None:\n        \"\"\"Internal function to fetch the bibtex entry and determine existence\n",
  "slicing": [
   "        a, b = bibtex.split(\"{\", 1)\n",
   "        self._bibtex = a + \"{\" + self.key + \",\\n\" + b.split(\",\\n\", 1)[1]\n",
   "        self._bibtex = a + \"{\" + self.key + \",\" + b.split(\",\", 1)[1]\n"
  ]
 },
 "17": {
  "name": "queries",
  "type": "dict",
  "class": "build-in",
  "approach": "annotation",
  "file_path": "caleb/caleb/reference.py",
  "lineno": "91",
  "column": "8",
  "context": "         str: A bibtex entry.\n        \"\"\"\n        queries = dict(\n            zip([\"query.author\", \"query.title\", \"q",
  "context_lines": "            Results are cached.\n\n        Returns:\n            str: A bibtex entry.\n        \"\"\"\n        queries = dict(\n            zip([\"query.author\", \"query.title\", \"query.bibliographic\"], self.pieces)\n        )\n        queries[\"sort\"] = \"relevance\"\n\n        iter_pub = iterate_publications_as_json(queries=queries)\n",
  "slicing": [
   "        queries = dict(\n",
   "        queries[\"sort\"] = \"relevance\"\n",
   "        iter_pub = iterate_publications_as_json(queries=queries)\n",
   "            doi = next(iter_pub)[\"DOI\"]\n",
   "            next(iter_pub)\n",
   "        raw_bibtex: str = get_publication_as_refstring(doi, \"bibtex\")\n",
   "        a, b = raw_bibtex.split(\"{\", 1)\n",
   "        self._bibtex = a + \"{\" + self.key + \",\" + b.split(\",\", 1)[1]\n"
  ]
 },
 "18": {
  "name": "iter_pub",
  "type": "crossref_commons.iteration.iterate_publications_as_json",
  "class": "imported",
  "approach": "annotation",
  "file_path": "caleb/caleb/reference.py",
  "lineno": "96",
  "column": "8",
  "context": " )\n        queries[\"sort\"] = \"relevance\"\n\n        iter_pub = iterate_publications_as_json(queries=queries)\n        try:\n            doi = next(iter_pub)[\"DOI",
  "context_lines": "        queries = dict(\n            zip([\"query.author\", \"query.title\", \"query.bibliographic\"], self.pieces)\n        )\n        queries[\"sort\"] = \"relevance\"\n\n        iter_pub = iterate_publications_as_json(queries=queries)\n        try:\n            doi = next(iter_pub)[\"DOI\"]\n            self._exists = True\n        except StopIteration:\n",
  "slicing": [
   "        iter_pub = iterate_publications_as_json(queries=queries)\n",
   "            doi = next(iter_pub)[\"DOI\"]\n",
   "            next(iter_pub)\n",
   "        raw_bibtex: str = get_publication_as_refstring(doi, \"bibtex\")\n",
   "        a, b = raw_bibtex.split(\"{\", 1)\n",
   "        self._bibtex = a + \"{\" + self.key + \",\" + b.split(\",\", 1)[1]\n"
  ]
 },
 "19": {
  "name": "raw_bibtex",
  "type": "str",
  "class": "build-in",
  "approach": "annotation",
  "file_path": "caleb/caleb/reference.py",
  "lineno": "111",
  "column": "8",
  "context": "ge the citation key to\n        # self.key\n        raw_bibtex: str = get_publication_as_refstring(doi, \"bibtex\")\n\n        # Here we assume the first line is always",
  "context_lines": "        except StopIteration:\n            self._is_unique = True\n\n        # This is almost correct! We just need to change the citation key to\n        # self.key\n        raw_bibtex: str = get_publication_as_refstring(doi, \"bibtex\")\n\n        # Here we assume the first line is always\n        # @something {OLD_CITATION,\n        # Replace OLD_CITATION with citation\n",
  "slicing": [
   "        raw_bibtex: str = get_publication_as_refstring(doi, \"bibtex\")\n",
   "        a, b = raw_bibtex.split(\"{\", 1)\n",
   "        self._bibtex = a + \"{\" + self.key + \",\" + b.split(\",\", 1)[1]\n"
  ]
 },
 "20": {
  "name": "a",
  "type": "UNKNOWN",
  "class": "unknown",
  "approach": "Pysonar2",
  "file_path": "caleb/caleb/reference.py",
  "lineno": "117",
  "column": "8",
  "context": "        # Use { and , to find and replace\n        a, b = raw_bibtex.split(\"{\", 1)\n        self._bibtex = a + \"{\" + self.key + \",\" + ",
  "context_lines": "        # Here we assume the first line is always\n        # @something {OLD_CITATION,\n        # Replace OLD_CITATION with citation\n        # Use { and , to find and replace\n        a, b = raw_bibtex.split(\"{\", 1)\n        self._bibtex = a + \"{\" + self.key + \",\" + b.split(\",\", 1)[1]\n\n        # Remove leading whitespace if necessary\n        if self._bibtex[0] == \" \":\n            self._bibtex = self._bibtex[1:]\n",
  "slicing": [
   "        a, b = raw_bibtex.split(\"{\", 1)\n",
   "        self._bibtex = a + \"{\" + self.key + \",\" + b.split(\",\", 1)[1]\n"
  ]
 },
 "21": {
  "name": "b",
  "type": "UNKNOWN",
  "class": "unknown",
  "approach": "Pysonar2",
  "file_path": "caleb/caleb/reference.py",
  "lineno": "117",
  "column": "11",
  "context": "     # Use { and , to find and replace\n        a, b = raw_bibtex.split(\"{\", 1)\n        self._bibtex = a + \"{\" + self.key + \",\" + ",
  "context_lines": "        # Here we assume the first line is always\n        # @something {OLD_CITATION,\n        # Replace OLD_CITATION with citation\n        # Use { and , to find and replace\n        a, b = raw_bibtex.split(\"{\", 1)\n        self._bibtex = a + \"{\" + self.key + \",\" + b.split(\",\", 1)[1]\n\n        # Remove leading whitespace if necessary\n        if self._bibtex[0] == \" \":\n            self._bibtex = self._bibtex[1:]\n",
  "slicing": [
   "        a, b = raw_bibtex.split(\"{\", 1)\n",
   "        self._bibtex = a + \"{\" + self.key + \",\" + b.split(\",\", 1)[1]\n"
  ]
 },
 "22": {
  "name": "doi",
  "type": "dict",
  "class": "build-in",
  "approach": "annotation",
  "file_path": "caleb/caleb/reference.py",
  "lineno": "98",
  "column": "12",
  "context": "as_json(queries=queries)\n        try:\n            doi = next(iter_pub)[\"DOI\"]\n            self._exists = True\n        except Sto",
  "context_lines": "        )\n        queries[\"sort\"] = \"relevance\"\n\n        iter_pub = iterate_publications_as_json(queries=queries)\n        try:\n            doi = next(iter_pub)[\"DOI\"]\n            self._exists = True\n        except StopIteration:\n            self._exists = False\n            return\n",
  "slicing": [
   "            doi = next(iter_pub)[\"DOI\"]\n",
   "        raw_bibtex: str = get_publication_as_refstring(doi, \"bibtex\")\n",
   "        a, b = raw_bibtex.split(\"{\", 1)\n",
   "        self._bibtex = a + \"{\" + self.key + \",\" + b.split(\",\", 1)[1]\n"
  ]
 },
 "23": {
  "name": "filename",
  "type": "str",
  "class": "build-in",
  "approach": "Pysonar2",
  "file_path": "caleb/caleb/app.py",
  "lineno": "24",
  "column": "8",
  "context": " by removing .tex and .aux, if necessary.\n        filename, file_extension = os.path.splitext(input_name)\n        if file_extension in [\".tex\", \".aux\"]:\n   ",
  "context_lines": "    def __init__(\n        self, input_name: str, take_first: bool = False, method: str = \"crossref\"\n    ):\n        # Normalize name by removing .tex and .aux, if necessary.\n        filename, file_extension = os.path.splitext(input_name)\n        if file_extension in [\".tex\", \".aux\"]:\n            input_name = filename\n\n        # Set filenames\n        aux_file = input_name + \".aux\"\n",
  "slicing": [
   "        filename, file_extension = os.path.splitext(input_name)\n",
   "            input_name = filename\n",
   "        aux_file = input_name + \".aux\"\n",
   "        aux_h = AuxHandler(aux_file)\n",
   "        bib_file_name = aux_h.bibdata() + \".bib\"\n",
   "        dirname = os.path.dirname(aux_file)\n",
   "        bib_file = os.path.join(dirname, bib_file_name)\n",
   "        logging.info(f\"aux file: {aux_file}\")\n",
   "        logging.info(f\"bib file: {bib_file}\")\n",
   "        self.aux_file = aux_file\n",
   "        self.bib_file = bib_file\n",
   "        requested_citation_keys = aux_h.citation_keys()\n",
   "        missing_cits = requested_citation_keys.difference(existing_bibs)\n",
   "        logging.info(f\"List of missing citations: {missing_cits}\")\n",
   "        entries_to_append = self.get_all(missing_cits)\n",
   "            print(entries_to_append)\n",
   "        bib_h.append(entries_to_append)\n",
   "        for key in missing_cits:\n",
   "            bibtex = self.get_single(key)\n",
   "            logging.info(f\"Appending: \\n{bibtex}\")\n",
   "            ans = ans + bibtex + \"\\n\"\n",
   "        return ans\n",
   "        logging.info(f\"Working on: {key}\")\n",
   "        new_bib = Reference(key, method=self.method)\n",
   "        if not new_bib.exists():\n",
   "            logging.warning(f\"No results found for: {key}\")\n",
   "        elif not new_bib.is_unique():\n",
   "            logging.warning(f\"Multiple results found for: {key}\")\n",
   "        return new_bib.bibtex()\n"
  ]
 },
 "24": {
  "name": "file_extension",
  "type": "str",
  "class": "build-in",
  "approach": "Pysonar2",
  "file_path": "caleb/caleb/app.py",
  "lineno": "24",
  "column": "18",
  "context": "ng .tex and .aux, if necessary.\n        filename, file_extension = os.path.splitext(input_name)\n        if file_extension in [\".tex\", \".aux\"]:\n   ",
  "context_lines": "    def __init__(\n        self, input_name: str, take_first: bool = False, method: str = \"crossref\"\n    ):\n        # Normalize name by removing .tex and .aux, if necessary.\n        filename, file_extension = os.path.splitext(input_name)\n        if file_extension in [\".tex\", \".aux\"]:\n            input_name = filename\n\n        # Set filenames\n        aux_file = input_name + \".aux\"\n",
  "slicing": [
   "        filename, file_extension = os.path.splitext(input_name)\n",
   "        if file_extension in [\".tex\", \".aux\"]:\n"
  ]
 },
 "25": {
  "name": "input_name",
  "type": "UNKNOWN",
  "class": "unknown",
  "approach": "annotation",
  "file_path": "caleb/caleb/app.py",
  "lineno": "26",
  "column": "12",
  "context": "f file_extension in [\".tex\", \".aux\"]:\n            input_name = filename\n\n        # Set filenames\n        aux_file = input_",
  "context_lines": "    ):\n        # Normalize name by removing .tex and .aux, if necessary.\n        filename, file_extension = os.path.splitext(input_name)\n        if file_extension in [\".tex\", \".aux\"]:\n            input_name = filename\n\n        # Set filenames\n        aux_file = input_name + \".aux\"\n        aux_h = AuxHandler(aux_file)\n",
  "slicing": [
   "            input_name = filename\n",
   "        aux_file = input_name + \".aux\"\n",
   "        aux_h = AuxHandler(aux_file)\n",
   "        bib_file_name = aux_h.bibdata() + \".bib\"\n",
   "        dirname = os.path.dirname(aux_file)\n",
   "        bib_file = os.path.join(dirname, bib_file_name)\n",
   "        logging.info(f\"aux file: {aux_file}\")\n",
   "        logging.info(f\"bib file: {bib_file}\")\n",
   "        self.aux_file = aux_file\n",
   "        self.bib_file = bib_file\n",
   "        requested_citation_keys = aux_h.citation_keys()\n",
   "        missing_cits = requested_citation_keys.difference(existing_bibs)\n",
   "        logging.info(f\"List of missing citations: {missing_cits}\")\n",
   "        entries_to_append = self.get_all(missing_cits)\n",
   "            print(entries_to_append)\n",
   "        bib_h.append(entries_to_append)\n",
   "        for key in missing_cits:\n",
   "            bibtex = self.get_single(key)\n",
   "            logging.info(f\"Appending: \\n{bibtex}\")\n",
   "            ans = ans + bibtex + \"\\n\"\n",
   "        return ans\n",
   "        logging.info(f\"Working on: {key}\")\n",
   "        new_bib = Reference(key, method=self.method)\n",
   "        if not new_bib.exists():\n",
   "            logging.warning(f\"No results found for: {key}\")\n",
   "        elif not new_bib.is_unique():\n",
   "            logging.warning(f\"Multiple results found for: {key}\")\n",
   "        return new_bib.bibtex()\n"
  ]
 },
 "26": {
  "name": "aux_file",
  "type": "str",
  "class": "build-in",
  "approach": "Pysonar2",
  "file_path": "caleb/caleb/app.py",
  "lineno": "29",
  "column": "8",
  "context": "_name = filename\n\n        # Set filenames\n        aux_file = input_name + \".aux\"\n        aux_h = AuxHandler(aux_file)\n        bib_f",
  "context_lines": "        filename, file_extension = os.path.splitext(input_name)\n        if file_extension in [\".tex\", \".aux\"]:\n            input_name = filename\n\n        # Set filenames\n        aux_file = input_name + \".aux\"\n        aux_h = AuxHandler(aux_file)\n        bib_file_name = aux_h.bibdata() + \".bib\"\n\n        dirname = os.path.dirname(aux_file)\n        bib_file = os.path.join(dirname, bib_file_name)\n\n",
  "slicing": [
   "        aux_file = input_name + \".aux\"\n",
   "        aux_h = AuxHandler(aux_file)\n",
   "        bib_file_name = aux_h.bibdata() + \".bib\"\n",
   "        dirname = os.path.dirname(aux_file)\n",
   "        bib_file = os.path.join(dirname, bib_file_name)\n",
   "        logging.info(f\"aux file: {aux_file}\")\n",
   "        logging.info(f\"bib file: {bib_file}\")\n",
   "        self.aux_file = aux_file\n",
   "        self.bib_file = bib_file\n",
   "        requested_citation_keys = aux_h.citation_keys()\n",
   "        missing_cits = requested_citation_keys.difference(existing_bibs)\n",
   "        logging.info(f\"List of missing citations: {missing_cits}\")\n",
   "        entries_to_append = self.get_all(missing_cits)\n",
   "            print(entries_to_append)\n",
   "        bib_h.append(entries_to_append)\n",
   "        for key in missing_cits:\n",
   "            bibtex = self.get_single(key)\n",
   "            logging.info(f\"Appending: \\n{bibtex}\")\n",
   "            ans = ans + bibtex + \"\\n\"\n",
   "        return ans\n",
   "        logging.info(f\"Working on: {key}\")\n",
   "        new_bib = Reference(key, method=self.method)\n",
   "        if not new_bib.exists():\n",
   "            logging.warning(f\"No results found for: {key}\")\n",
   "        elif not new_bib.is_unique():\n",
   "            logging.warning(f\"Multiple results found for: {key}\")\n",
   "        return new_bib.bibtex()\n"
  ]
 },
 "27": {
  "name": "aux_h",
  "type": "file_handler.AuxHandler",
  "class": "customized",
  "approach": "annotation",
  "file_path": "caleb/caleb/app.py",
  "lineno": "30",
  "column": "8",
  "context": "es\n        aux_file = input_name + \".aux\"\n        aux_h = AuxHandler(aux_file)\n        bib_file_name = aux_h.bibdata() + \".bib\"\n\n",
  "context_lines": "        if file_extension in [\".tex\", \".aux\"]:\n            input_name = filename\n\n        # Set filenames\n        aux_file = input_name + \".aux\"\n        aux_h = AuxHandler(aux_file)\n        bib_file_name = aux_h.bibdata() + \".bib\"\n\n        dirname = os.path.dirname(aux_file)\n        bib_file = os.path.join(dirname, bib_file_name)\n\n        logging.info(f\"aux file: {aux_file}\")\n",
  "slicing": [
   "        aux_h = AuxHandler(aux_file)\n",
   "        bib_file_name = aux_h.bibdata() + \".bib\"\n",
   "        bib_file = os.path.join(dirname, bib_file_name)\n",
   "        logging.info(f\"bib file: {bib_file}\")\n",
   "        self.bib_file = bib_file\n",
   "        requested_citation_keys = aux_h.citation_keys()\n",
   "        missing_cits = requested_citation_keys.difference(existing_bibs)\n",
   "        logging.info(f\"List of missing citations: {missing_cits}\")\n",
   "        entries_to_append = self.get_all(missing_cits)\n",
   "            print(entries_to_append)\n",
   "        bib_h.append(entries_to_append)\n",
   "        for key in missing_cits:\n",
   "            bibtex = self.get_single(key)\n",
   "            logging.info(f\"Appending: \\n{bibtex}\")\n",
   "            ans = ans + bibtex + \"\\n\"\n",
   "        return ans\n",
   "        logging.info(f\"Working on: {key}\")\n",
   "        new_bib = Reference(key, method=self.method)\n",
   "        if not new_bib.exists():\n",
   "            logging.warning(f\"No results found for: {key}\")\n",
   "        elif not new_bib.is_unique():\n",
   "            logging.warning(f\"Multiple results found for: {key}\")\n",
   "        return new_bib.bibtex()\n"
  ]
 },
 "28": {
  "name": "bib_file_name",
  "type": "UNKNOWN",
  "class": "unknown",
  "approach": "Pysonar2",
  "file_path": "caleb/caleb/app.py",
  "lineno": "31",
  "column": "8",
  "context": "aux\"\n        aux_h = AuxHandler(aux_file)\n        bib_file_name = aux_h.bibdata() + \".bib\"\n\n        dirname = os.path.dirname(aux_file)\n     ",
  "context_lines": "            input_name = filename\n\n        # Set filenames\n        aux_file = input_name + \".aux\"\n        aux_h = AuxHandler(aux_file)\n        bib_file_name = aux_h.bibdata() + \".bib\"\n\n        dirname = os.path.dirname(aux_file)\n        bib_file = os.path.join(dirname, bib_file_name)\n\n        logging.info(f\"aux file: {aux_file}\")\n",
  "slicing": [
   "        bib_file_name = aux_h.bibdata() + \".bib\"\n",
   "        bib_file = os.path.join(dirname, bib_file_name)\n",
   "        logging.info(f\"bib file: {bib_file}\")\n",
   "        self.bib_file = bib_file\n"
  ]
 },
 "29": {
  "name": "dirname",
  "type": "str",
  "class": "build-in",
  "approach": "Pysonar2",
  "file_path": "caleb/caleb/app.py",
  "lineno": "33",
  "column": "8",
  "context": "bib_file_name = aux_h.bibdata() + \".bib\"\n\n        dirname = os.path.dirname(aux_file)\n        bib_file = os.path.join(dirname, bib_file_",
  "context_lines": "        # Set filenames\n        aux_file = input_name + \".aux\"\n        aux_h = AuxHandler(aux_file)\n        bib_file_name = aux_h.bibdata() + \".bib\"\n\n        dirname = os.path.dirname(aux_file)\n        bib_file = os.path.join(dirname, bib_file_name)\n\n        logging.info(f\"aux file: {aux_file}\")\n        logging.info(f\"bib file: {bib_file}\")\n        self.aux_file = aux_file\n",
  "slicing": [
   "        dirname = os.path.dirname(aux_file)\n",
   "        bib_file = os.path.join(dirname, bib_file_name)\n",
   "        logging.info(f\"bib file: {bib_file}\")\n",
   "        self.bib_file = bib_file\n"
  ]
 },
 "30": {
  "name": "bib_file",
  "type": "str",
  "class": "build-in",
  "approach": "Pysonar2",
  "file_path": "caleb/caleb/app.py",
  "lineno": "34",
  "column": "8",
  "context": "      dirname = os.path.dirname(aux_file)\n        bib_file = os.path.join(dirname, bib_file_name)\n\n        logging.info(f\"aux file: {aux_file}\")\n   ",
  "context_lines": "        aux_file = input_name + \".aux\"\n        aux_h = AuxHandler(aux_file)\n        bib_file_name = aux_h.bibdata() + \".bib\"\n\n        dirname = os.path.dirname(aux_file)\n        bib_file = os.path.join(dirname, bib_file_name)\n\n        logging.info(f\"aux file: {aux_file}\")\n        logging.info(f\"bib file: {bib_file}\")\n        self.aux_file = aux_file\n",
  "slicing": [
   "        bib_file = os.path.join(dirname, bib_file_name)\n",
   "        logging.info(f\"bib file: {bib_file}\")\n",
   "        self.bib_file = bib_file\n"
  ]
 },
 "31": {
  "name": "aux_h",
  "type": "file_handler.AuxHandler",
  "class": "customized",
  "approach": "annotation",
  "file_path": "caleb/caleb/app.py",
  "lineno": "54",
  "column": "8",
  "context": "r we use `ams` or `crossref`.\n        \"\"\"\n        aux_h = AuxHandler(self.aux_file)\n        bib_h = BibHandler(self.bib_file)\n\n       ",
  "context_lines": "        Args:\n            take_first (bool): Whether to just take the first bibtex entry.\n            method (str): Determines whether we use `ams` or `crossref`.\n        \"\"\"\n        aux_h = AuxHandler(self.aux_file)\n        bib_h = BibHandler(self.bib_file)\n\n        requested_citation_keys = aux_h.citation_keys()\n        existing_bibs = bib_h.citation_keys()\n        missing_cits = requested_citation_keys.difference(existing_bibs)\n",
  "slicing": [
   "        aux_h = AuxHandler(self.aux_file)\n",
   "        requested_citation_keys = aux_h.citation_keys()\n",
   "        missing_cits = requested_citation_keys.difference(existing_bibs)\n",
   "        logging.info(f\"List of missing citations: {missing_cits}\")\n",
   "        entries_to_append = self.get_all(missing_cits)\n",
   "            print(entries_to_append)\n",
   "        bib_h.append(entries_to_append)\n",
   "        for key in missing_cits:\n",
   "            bibtex = self.get_single(key)\n",
   "            logging.info(f\"Appending: \\n{bibtex}\")\n",
   "            ans = ans + bibtex + \"\\n\"\n",
   "        return ans\n",
   "        logging.info(f\"Working on: {key}\")\n",
   "        new_bib = Reference(key, method=self.method)\n",
   "        if not new_bib.exists():\n",
   "            logging.warning(f\"No results found for: {key}\")\n",
   "        elif not new_bib.is_unique():\n",
   "            logging.warning(f\"Multiple results found for: {key}\")\n",
   "        return new_bib.bibtex()\n"
  ]
 },
 "32": {
  "name": "bib_h",
  "type": "file_handler.BibHandler",
  "class": "customized",
  "approach": "annotation",
  "file_path": "caleb/caleb/app.py",
  "lineno": "55",
  "column": "8",
  "context": "        aux_h = AuxHandler(self.aux_file)\n        bib_h = BibHandler(self.bib_file)\n\n        requested_citation_keys = aux_h.citation_",
  "context_lines": "            take_first (bool): Whether to just take the first bibtex entry.\n            method (str): Determines whether we use `ams` or `crossref`.\n        \"\"\"\n        aux_h = AuxHandler(self.aux_file)\n        bib_h = BibHandler(self.bib_file)\n\n        requested_citation_keys = aux_h.citation_keys()\n        existing_bibs = bib_h.citation_keys()\n        missing_cits = requested_citation_keys.difference(existing_bibs)\n",
  "slicing": [
   "        bib_h = BibHandler(self.bib_file)\n",
   "        existing_bibs = bib_h.citation_keys()\n",
   "        missing_cits = requested_citation_keys.difference(existing_bibs)\n",
   "        logging.info(f\"List of missing citations: {missing_cits}\")\n",
   "        entries_to_append = self.get_all(missing_cits)\n",
   "            print(entries_to_append)\n",
   "        bib_h.append(entries_to_append)\n",
   "        for key in missing_cits:\n",
   "            bibtex = self.get_single(key)\n",
   "            logging.info(f\"Appending: \\n{bibtex}\")\n",
   "            ans = ans + bibtex + \"\\n\"\n",
   "        return ans\n",
   "        logging.info(f\"Working on: {key}\")\n",
   "        new_bib = Reference(key, method=self.method)\n",
   "        if not new_bib.exists():\n",
   "            logging.warning(f\"No results found for: {key}\")\n",
   "        elif not new_bib.is_unique():\n",
   "            logging.warning(f\"Multiple results found for: {key}\")\n",
   "        return new_bib.bibtex()\n"
  ]
 },
 "33": {
  "name": "requested_citation_keys",
  "type": "UNKNOWN",
  "class": "unknown",
  "approach": "Pysonar2",
  "file_path": "caleb/caleb/app.py",
  "lineno": "57",
  "column": "8",
  "context": "       bib_h = BibHandler(self.bib_file)\n\n        requested_citation_keys = aux_h.citation_keys()\n        existing_bibs = bib_h.citation_keys()\n    ",
  "context_lines": "            method (str): Determines whether we use `ams` or `crossref`.\n        \"\"\"\n        aux_h = AuxHandler(self.aux_file)\n        bib_h = BibHandler(self.bib_file)\n\n        requested_citation_keys = aux_h.citation_keys()\n        existing_bibs = bib_h.citation_keys()\n        missing_cits = requested_citation_keys.difference(existing_bibs)\n        logging.info(f\"List of missing citations: {missing_cits}\")\n\n        entries_to_append = self.get_all(missing_cits)\n",
  "slicing": [
   "        requested_citation_keys = aux_h.citation_keys()\n",
   "        missing_cits = requested_citation_keys.difference(existing_bibs)\n",
   "        logging.info(f\"List of missing citations: {missing_cits}\")\n",
   "        entries_to_append = self.get_all(missing_cits)\n",
   "            print(entries_to_append)\n",
   "        bib_h.append(entries_to_append)\n",
   "        for key in missing_cits:\n",
   "            bibtex = self.get_single(key)\n",
   "            logging.info(f\"Appending: \\n{bibtex}\")\n",
   "            ans = ans + bibtex + \"\\n\"\n",
   "        return ans\n",
   "        logging.info(f\"Working on: {key}\")\n",
   "        new_bib = Reference(key, method=self.method)\n",
   "        if not new_bib.exists():\n",
   "            logging.warning(f\"No results found for: {key}\")\n",
   "        elif not new_bib.is_unique():\n",
   "            logging.warning(f\"Multiple results found for: {key}\")\n",
   "        return new_bib.bibtex()\n"
  ]
 },
 "34": {
  "name": "existing_bibs",
  "type": "UNKNOWN",
  "class": "unknown",
  "approach": "Pysonar2",
  "file_path": "caleb/caleb/app.py",
  "lineno": "58",
  "column": "8",
  "context": "ted_citation_keys = aux_h.citation_keys()\n        existing_bibs = bib_h.citation_keys()\n        missing_cits = requested_citation_keys.dif",
  "context_lines": "        \"\"\"\n        aux_h = AuxHandler(self.aux_file)\n        bib_h = BibHandler(self.bib_file)\n\n        requested_citation_keys = aux_h.citation_keys()\n        existing_bibs = bib_h.citation_keys()\n        missing_cits = requested_citation_keys.difference(existing_bibs)\n        logging.info(f\"List of missing citations: {missing_cits}\")\n\n        entries_to_append = self.get_all(missing_cits)\n        if dry_run:\n",
  "slicing": [
   "        existing_bibs = bib_h.citation_keys()\n",
   "        missing_cits = requested_citation_keys.difference(existing_bibs)\n",
   "        logging.info(f\"List of missing citations: {missing_cits}\")\n",
   "        entries_to_append = self.get_all(missing_cits)\n",
   "            print(entries_to_append)\n",
   "        bib_h.append(entries_to_append)\n",
   "        for key in missing_cits:\n",
   "            bibtex = self.get_single(key)\n",
   "            logging.info(f\"Appending: \\n{bibtex}\")\n",
   "            ans = ans + bibtex + \"\\n\"\n",
   "        return ans\n",
   "        logging.info(f\"Working on: {key}\")\n",
   "        new_bib = Reference(key, method=self.method)\n",
   "        if not new_bib.exists():\n",
   "            logging.warning(f\"No results found for: {key}\")\n",
   "        elif not new_bib.is_unique():\n",
   "            logging.warning(f\"Multiple results found for: {key}\")\n",
   "        return new_bib.bibtex()\n"
  ]
 },
 "35": {
  "name": "missing_cits",
  "type": "UNKNOWN",
  "class": "unknown",
  "approach": "Pysonar2",
  "file_path": "caleb/caleb/app.py",
  "lineno": "59",
  "column": "8",
  "context": "    existing_bibs = bib_h.citation_keys()\n        missing_cits = requested_citation_keys.difference(existing_bibs)\n        logging.info(f\"List of missing citations: ",
  "context_lines": "        aux_h = AuxHandler(self.aux_file)\n        bib_h = BibHandler(self.bib_file)\n\n        requested_citation_keys = aux_h.citation_keys()\n        existing_bibs = bib_h.citation_keys()\n        missing_cits = requested_citation_keys.difference(existing_bibs)\n        logging.info(f\"List of missing citations: {missing_cits}\")\n\n        entries_to_append = self.get_all(missing_cits)\n        if dry_run:\n            print(entries_to_append)\n\n",
  "slicing": [
   "        missing_cits = requested_citation_keys.difference(existing_bibs)\n",
   "        logging.info(f\"List of missing citations: {missing_cits}\")\n",
   "        entries_to_append = self.get_all(missing_cits)\n",
   "            print(entries_to_append)\n",
   "        bib_h.append(entries_to_append)\n",
   "        for key in missing_cits:\n",
   "            bibtex = self.get_single(key)\n",
   "            logging.info(f\"Appending: \\n{bibtex}\")\n",
   "            ans = ans + bibtex + \"\\n\"\n",
   "        return ans\n",
   "        logging.info(f\"Working on: {key}\")\n",
   "        new_bib = Reference(key, method=self.method)\n",
   "        if not new_bib.exists():\n",
   "            logging.warning(f\"No results found for: {key}\")\n",
   "        elif not new_bib.is_unique():\n",
   "            logging.warning(f\"Multiple results found for: {key}\")\n",
   "        return new_bib.bibtex()\n"
  ]
 },
 "36": {
  "name": "entries_to_append",
  "type": "str",
  "class": "build-in",
  "approach": "Pysonar2",
  "file_path": "caleb/caleb/app.py",
  "lineno": "62",
  "column": "8",
  "context": "t of missing citations: {missing_cits}\")\n\n        entries_to_append = self.get_all(missing_cits)\n        if dry_run:\n            print(entries_to_a",
  "context_lines": "        requested_citation_keys = aux_h.citation_keys()\n        existing_bibs = bib_h.citation_keys()\n        missing_cits = requested_citation_keys.difference(existing_bibs)\n        logging.info(f\"List of missing citations: {missing_cits}\")\n\n        entries_to_append = self.get_all(missing_cits)\n        if dry_run:\n            print(entries_to_append)\n\n        bib_h.append(entries_to_append)\n\n    def get_all(self, missing_cits: Set[str]) -> str:\n",
  "slicing": [
   "        entries_to_append = self.get_all(missing_cits)\n",
   "            print(entries_to_append)\n",
   "        bib_h.append(entries_to_append)\n"
  ]
 },
 "37": {
  "name": "ans",
  "type": "str",
  "class": "build-in",
  "approach": "Pysonar2",
  "file_path": "caleb/caleb/app.py",
  "lineno": "77",
  "column": "8",
  "context": "ex entries as a single string\n        \"\"\"\n        ans = \"\"\n        for key in missing_cits:\n            bibte",
  "context_lines": "            missing_cits (list of str): a list of citation keys\n\n        Returns:\n            str: all bibtex entries as a single string\n        \"\"\"\n        ans = \"\"\n        for key in missing_cits:\n            bibtex = self.get_single(key)\n            logging.info(f\"Appending: \\n{bibtex}\")\n            ans = ans + bibtex + \"\\n\"\n",
  "slicing": [
   "        ans = \"\"\n",
   "            ans = ans + bibtex + \"\\n\"\n",
   "        return ans\n"
  ]
 },
 "38": {
  "name": "bibtex",
  "type": "str",
  "class": "build-in",
  "approach": "Pysonar2",
  "file_path": "caleb/caleb/app.py",
  "lineno": "79",
  "column": "12",
  "context": "= \"\"\n        for key in missing_cits:\n            bibtex = self.get_single(key)\n            logging.info(f\"Appending: \\n{bibtex}\")",
  "context_lines": "            str: all bibtex entries as a single string\n        \"\"\"\n        ans = \"\"\n        for key in missing_cits:\n            bibtex = self.get_single(key)\n            logging.info(f\"Appending: \\n{bibtex}\")\n            ans = ans + bibtex + \"\\n\"\n        return ans\n\n    def get_single(self, key: str) -> str:\n",
  "slicing": [
   "            bibtex = self.get_single(key)\n",
   "            logging.info(f\"Appending: \\n{bibtex}\")\n",
   "            ans = ans + bibtex + \"\\n\"\n",
   "        return ans\n"
  ]
 },
 "39": {
  "name": "ans",
  "type": "str",
  "class": "build-in",
  "approach": "Pysonar2",
  "file_path": "caleb/caleb/app.py",
  "lineno": "81",
  "column": "12",
  "context": "ogging.info(f\"Appending: \\n{bibtex}\")\n            ans = ans + bibtex + \"\\n\"\n        return ans\n\n    def get_single(self, key: ",
  "context_lines": "        ans = \"\"\n        for key in missing_cits:\n            bibtex = self.get_single(key)\n            logging.info(f\"Appending: \\n{bibtex}\")\n            ans = ans + bibtex + \"\\n\"\n        return ans\n\n    def get_single(self, key: str) -> str:\n        \"\"\"Retrieve a citation given the key.\n\n        Args:\n",
  "slicing": [
   "            ans = ans + bibtex + \"\\n\"\n",
   "        return ans\n"
  ]
 },
 "40": {
  "name": "new_bib",
  "type": "reference.Reference",
  "class": "customized",
  "approach": "annotation",
  "file_path": "caleb/caleb/app.py",
  "lineno": "94",
  "column": "8",
  "context": "       logging.info(f\"Working on: {key}\")\n        new_bib = Reference(key, method=self.method)\n        if not new_bib.exists():\n            loggi",
  "context_lines": "        Returns:\n            str: a bibtex citation\n        \"\"\"\n        logging.info(f\"Working on: {key}\")\n        new_bib = Reference(key, method=self.method)\n        if not new_bib.exists():\n            logging.warning(f\"No results found for: {key}\")\n            return \"\"\n        elif not new_bib.is_unique():\n",
  "slicing": [
   "        new_bib = Reference(key, method=self.method)\n",
   "        if not new_bib.exists():\n",
   "        elif not new_bib.is_unique():\n",
   "        return new_bib.bibtex()\n"
  ]
 },
 "41": {
  "name": "citation_keys",
  "type": "set",
  "class": "build-in",
  "approach": "annotation",
  "file_path": "caleb/caleb/file_handler.py",
  "lineno": "28",
  "column": "12",
  "context": "  with open(self.filename, \"r\") as f:\n            citation_keys = set()\n            for line in f:\n                if line",
  "context_lines": "        Returns:\n            set: Set of citation key found in this .aux file.\n        \"\"\"\n        with open(self.filename, \"r\") as f:\n            citation_keys = set()\n            for line in f:\n                if line.startswith(\"\\\\citation{\"):\n                    citation = line[10:-2]\n                    if citation.count(\":\"):\n",
  "slicing": [
   "            citation_keys = set()\n",
   "                        citation_keys.add(citation)\n",
   "        return citation_keys\n"
  ]
 },
 "42": {
  "name": "citation",
  "type": "dict",
  "class": "build-in",
  "approach": "annotation",
  "file_path": "caleb/caleb/file_handler.py",
  "lineno": "31",
  "column": "20",
  "context": "ne.startswith(\"\\\\citation{\"):\n                    citation = line[10:-2]\n                    if citation.count(\":\"):\n      ",
  "context_lines": "        with open(self.filename, \"r\") as f:\n            citation_keys = set()\n            for line in f:\n                if line.startswith(\"\\\\citation{\"):\n                    citation = line[10:-2]\n                    if citation.count(\":\"):\n                        citation_keys.add(citation)\n        return citation_keys\n\n    def bibdata(self) -> str:\n",
  "slicing": [
   "                    citation = line[10:-2]\n",
   "                    if citation.count(\":\"):\n",
   "                        citation_keys.add(citation)\n"
  ]
 },
 "43": {
  "name": "bibdata",
  "type": "dict",
  "class": "build-in",
  "approach": "annotation",
  "file_path": "caleb/caleb/file_handler.py",
  "lineno": "46",
  "column": "20",
  "context": "ine.startswith(\"\\\\bibdata{\"):\n                    bibdata = line[9:-2]\n                    return bibdata\n        raise L",
  "context_lines": "        \"\"\"\n        with open(self.filename, \"r\") as f:\n            for line in f:\n                if line.startswith(\"\\\\bibdata{\"):\n                    bibdata = line[9:-2]\n                    return bibdata\n        raise LookupError(\"bibdata entry not found\")\n\n\nclass BibHandler(FileHandler):\n    \"\"\"Class for handling .bib files.\n",
  "slicing": [
   "                    bibdata = line[9:-2]\n",
   "                    return bibdata\n"
  ]
 },
 "44": {
  "name": "all_entries",
  "type": "set",
  "class": "build-in",
  "approach": "annotation",
  "file_path": "caleb/caleb/file_handler.py",
  "lineno": "64",
  "column": "8",
  "context": " key found in this .bib file.\n        \"\"\"\n        all_entries = set()\n        try:\n            with open(self.filename, ",
  "context_lines": "            If `self.filename` is not a file, this will return an empty set.\n\n        Returns:\n            set: Set of citation key found in this .bib file.\n        \"\"\"\n        all_entries = set()\n        try:\n            with open(self.filename, \"r\") as f:\n                for line in f:\n                    if line.startswith(\"@\"):\n",
  "slicing": [
   "        all_entries = set()\n",
   "                        all_entries.add(line.split(\"{\", 1)[1].split(\",\", 1)[0])\n",
   "        return all_entries\n"
  ]
 },
 "45": {
  "name": "__version__",
  "type": "str",
  "class": "build-in",
  "approach": "Pysonar2",
  "file_path": "caleb/caleb/__version__.py",
  "lineno": "1",
  "column": "0",
  "context": "__version__ = \"0.7.0\"\n",
  "context_lines": "__version__ = \"0.7.0\"\n",
  "slicing": "__version__ = \"0.7.0\"\n"
 },
 "46": {
  "name": "tex_dir",
  "type": "pathlib.Path",
  "class": "imported",
  "approach": "annotation",
  "file_path": "caleb/tests/test_general.py",
  "lineno": "7",
  "column": "0",
  "context": "cation\nfrom caleb.file_handler import AuxHandler\n\ntex_dir = Path(\"tests/tex_files\")\ncontrol_bib_dir = tex_dir / \"control_bibs\"\n\n\ndef c",
  "context_lines": "from pathlib import Path\nfrom shutil import copy\n\nfrom caleb.app import Application\nfrom caleb.file_handler import AuxHandler\n\ntex_dir = Path(\"tests/tex_files\")\ncontrol_bib_dir = tex_dir / \"control_bibs\"\n\n\ndef cmp_files(f1, f2):\n    with open(f1, \"r\") as fh1:\n        s1 = set(fh1.read().splitlines()).difference(set([\"\"]))\n",
  "slicing": [
   "tex_dir = Path(\"tests/tex_files\")\n",
   "control_bib_dir = tex_dir / \"control_bibs\"\n",
   "    test_file = tex_dir / \"test.aux\"\n",
   "    test_file = copy(test_file, tmp_path)\n",
   "    app = Application(str(test_file), take_first=True)\n",
   "    app.go()\n",
   "    test_bib = (tmp_path / AuxHandler(str(test_file)).bibdata()).with_suffix(\".bib\")\n",
   "    control_bib = control_bib_dir / \"take_all.bib\"\n",
   "    assert cmp_files(test_bib, control_bib)\n",
   "    test_file = tex_dir / \"test.aux\"\n",
   "    partial_file = tex_dir / \"biblio.bib\"\n",
   "    test_file = copy(test_file, tmp_path)\n",
   "    copy(partial_file, tmp_path)\n",
   "    app = Application(str(test_file), take_first=False)\n",
   "    app.go()\n",
   "    test_bib = (tmp_path / AuxHandler(str(test_file)).bibdata()).with_suffix(\".bib\")\n",
   "    control_bib = control_bib_dir / \"not_take_all.bib\"\n",
   "    assert cmp_files(test_bib, control_bib)\n"
  ]
 },
 "47": {
  "name": "control_bib_dir",
  "type": "str",
  "class": "build-in",
  "approach": "Pysonar2",
  "file_path": "caleb/tests/test_general.py",
  "lineno": "8",
  "column": "0",
  "context": "ort AuxHandler\n\ntex_dir = Path(\"tests/tex_files\")\ncontrol_bib_dir = tex_dir / \"control_bibs\"\n\n\ndef cmp_files(f1, f2):\n    with open(f1, \"r\") as",
  "context_lines": "from shutil import copy\n\nfrom caleb.app import Application\nfrom caleb.file_handler import AuxHandler\n\ntex_dir = Path(\"tests/tex_files\")\ncontrol_bib_dir = tex_dir / \"control_bibs\"\n\n\ndef cmp_files(f1, f2):\n    with open(f1, \"r\") as fh1:\n        s1 = set(fh1.read().splitlines()).difference(set([\"\"]))\n",
  "slicing": [
   "control_bib_dir = tex_dir / \"control_bibs\"\n",
   "    control_bib = control_bib_dir / \"take_all.bib\"\n",
   "    assert cmp_files(test_bib, control_bib)\n",
   "    control_bib = control_bib_dir / \"not_take_all.bib\"\n",
   "    assert cmp_files(test_bib, control_bib)\n"
  ]
 },
 "48": {
  "name": "s1",
  "type": "UNKNOWN",
  "class": "unknown",
  "approach": "Pysonar2",
  "file_path": "caleb/tests/test_general.py",
  "lineno": "13",
  "column": "8",
  "context": "s(f1, f2):\n    with open(f1, \"r\") as fh1:\n        s1 = set(fh1.read().splitlines()).difference(set([\"\"]))\n    with open(f2, \"r\") as fh2:\n        s2 = set(fh",
  "context_lines": "tex_dir = Path(\"tests/tex_files\")\ncontrol_bib_dir = tex_dir / \"control_bibs\"\n\n\ndef cmp_files(f1, f2):\n    with open(f1, \"r\") as fh1:\n        s1 = set(fh1.read().splitlines()).difference(set([\"\"]))\n    with open(f2, \"r\") as fh2:\n        s2 = set(fh2.read().splitlines()).difference(set([\"\"]))\n    return s1 == s2\n\n\ndef test_clean_take_all(tmp_path):\n",
  "slicing": [
   "        s1 = set(fh1.read().splitlines()).difference(set([\"\"]))\n",
   "    return s1 == s2\n"
  ]
 },
 "49": {
  "name": "s2",
  "type": "UNKNOWN",
  "class": "unknown",
  "approach": "Pysonar2",
  "file_path": "caleb/tests/test_general.py",
  "lineno": "15",
  "column": "8",
  "context": "set([\"\"]))\n    with open(f2, \"r\") as fh2:\n        s2 = set(fh2.read().splitlines()).difference(set([\"\"]))\n    return s1 == s2\n\n\ndef test_clean_take_all(tmp_",
  "context_lines": "def cmp_files(f1, f2):\n    with open(f1, \"r\") as fh1:\n        s1 = set(fh1.read().splitlines()).difference(set([\"\"]))\n    with open(f2, \"r\") as fh2:\n        s2 = set(fh2.read().splitlines()).difference(set([\"\"]))\n    return s1 == s2\n\n\ndef test_clean_take_all(tmp_path):\n    \"\"\"Test a tex file with an empty bib without the --take-first flag.\n    \"\"\"\n",
  "slicing": [
   "        s2 = set(fh2.read().splitlines()).difference(set([\"\"]))\n",
   "    return s1 == s2\n"
  ]
 },
 "50": {
  "name": "test_file",
  "type": "str",
  "class": "build-in",
  "approach": "Pysonar2",
  "file_path": "caleb/tests/test_general.py",
  "lineno": "22",
  "column": "4",
  "context": "ty bib without the --take-first flag.\n    \"\"\"\n    test_file = tex_dir / \"test.aux\"\n\n    # Copy to tmp_path and work from there\n    te",
  "context_lines": "    return s1 == s2\n\n\ndef test_clean_take_all(tmp_path):\n    \"\"\"Test a tex file with an empty bib without the --take-first flag.\n    \"\"\"\n    test_file = tex_dir / \"test.aux\"\n\n    # Copy to tmp_path and work from there\n    test_file = copy(test_file, tmp_path)\n\n    # Run caleb\n",
  "slicing": [
   "    test_file = tex_dir / \"test.aux\"\n",
   "    test_file = copy(test_file, tmp_path)\n",
   "    app = Application(str(test_file), take_first=True)\n",
   "    app.go()\n",
   "    test_bib = (tmp_path / AuxHandler(str(test_file)).bibdata()).with_suffix(\".bib\")\n",
   "    assert cmp_files(test_bib, control_bib)\n",
   "    test_file = copy(test_file, tmp_path)\n",
   "    app = Application(str(test_file), take_first=False)\n",
   "    app.go()\n",
   "    test_bib = (tmp_path / AuxHandler(str(test_file)).bibdata()).with_suffix(\".bib\")\n",
   "    assert cmp_files(test_bib, control_bib)\n"
  ]
 },
 "51": {
  "name": "test_file",
  "type": "shutil.copy",
  "class": "imported",
  "approach": "annotation",
  "file_path": "caleb/tests/test_general.py",
  "lineno": "25",
  "column": "4",
  "context": "\"\n\n    # Copy to tmp_path and work from there\n    test_file = copy(test_file, tmp_path)\n\n    # Run caleb\n    app = Application(str(test_fi",
  "context_lines": "    \"\"\"Test a tex file with an empty bib without the --take-first flag.\n    \"\"\"\n    test_file = tex_dir / \"test.aux\"\n\n    # Copy to tmp_path and work from there\n    test_file = copy(test_file, tmp_path)\n\n    # Run caleb\n    app = Application(str(test_file), take_first=True)\n    app.go()\n",
  "slicing": [
   "    test_file = copy(test_file, tmp_path)\n",
   "    app = Application(str(test_file), take_first=True)\n",
   "    app.go()\n",
   "    test_bib = (tmp_path / AuxHandler(str(test_file)).bibdata()).with_suffix(\".bib\")\n",
   "    assert cmp_files(test_bib, control_bib)\n",
   "    test_file = copy(test_file, tmp_path)\n",
   "    app = Application(str(test_file), take_first=False)\n",
   "    app.go()\n",
   "    test_bib = (tmp_path / AuxHandler(str(test_file)).bibdata()).with_suffix(\".bib\")\n",
   "    assert cmp_files(test_bib, control_bib)\n"
  ]
 },
 "52": {
  "name": "app",
  "type": "caleb.app.Application",
  "class": "customized",
  "approach": "annotation",
  "file_path": "caleb/tests/test_general.py",
  "lineno": "28",
  "column": "4",
  "context": " = copy(test_file, tmp_path)\n\n    # Run caleb\n    app = Application(str(test_file), take_first=True)\n    app.go()\n    test_bib = (tmp_path / AuxHandler",
  "context_lines": "    test_file = tex_dir / \"test.aux\"\n\n    # Copy to tmp_path and work from there\n    test_file = copy(test_file, tmp_path)\n\n    # Run caleb\n    app = Application(str(test_file), take_first=True)\n    app.go()\n    test_bib = (tmp_path / AuxHandler(str(test_file)).bibdata()).with_suffix(\".bib\")\n\n    control_bib = control_bib_dir / \"take_all.bib\"\n\n    # Compare with control\n",
  "slicing": [
   "    app = Application(str(test_file), take_first=True)\n",
   "    app.go()\n",
   "    app.go()\n"
  ]
 },
 "53": {
  "name": "test_bib",
  "type": "UNKNOWN",
  "class": "unknown",
  "approach": "Pysonar2",
  "file_path": "caleb/tests/test_general.py",
  "lineno": "30",
  "column": "4",
  "context": "str(test_file), take_first=True)\n    app.go()\n    test_bib = (tmp_path / AuxHandler(str(test_file)).bibdata()).with_suffix(\".bib\")\n\n    control_bib = control_bib_dir / \"take_all.bib",
  "context_lines": "    test_file = copy(test_file, tmp_path)\n\n    # Run caleb\n    app = Application(str(test_file), take_first=True)\n    app.go()\n    test_bib = (tmp_path / AuxHandler(str(test_file)).bibdata()).with_suffix(\".bib\")\n\n    control_bib = control_bib_dir / \"take_all.bib\"\n\n    # Compare with control\n    assert cmp_files(test_bib, control_bib)\n\n\n",
  "slicing": [
   "    test_bib = (tmp_path / AuxHandler(str(test_file)).bibdata()).with_suffix(\".bib\")\n",
   "    assert cmp_files(test_bib, control_bib)\n",
   "    assert cmp_files(test_bib, control_bib)\n"
  ]
 },
 "54": {
  "name": "control_bib",
  "type": "str",
  "class": "build-in",
  "approach": "Pysonar2",
  "file_path": "caleb/tests/test_general.py",
  "lineno": "32",
  "column": "4",
  "context": "r(test_file)).bibdata()).with_suffix(\".bib\")\n\n    control_bib = control_bib_dir / \"take_all.bib\"\n\n    # Compare with control\n    assert cmp_files(t",
  "context_lines": "    # Run caleb\n    app = Application(str(test_file), take_first=True)\n    app.go()\n    test_bib = (tmp_path / AuxHandler(str(test_file)).bibdata()).with_suffix(\".bib\")\n\n    control_bib = control_bib_dir / \"take_all.bib\"\n\n    # Compare with control\n    assert cmp_files(test_bib, control_bib)\n\n\ndef test_dirty_not_take_all(tmp_path):\n",
  "slicing": [
   "    control_bib = control_bib_dir / \"take_all.bib\"\n",
   "    assert cmp_files(test_bib, control_bib)\n",
   "    assert cmp_files(test_bib, control_bib)\n"
  ]
 },
 "55": {
  "name": "test_file",
  "type": "str",
  "class": "build-in",
  "approach": "Pysonar2",
  "file_path": "caleb/tests/test_general.py",
  "lineno": "41",
  "column": "4",
  "context": "ty bib without the --take-first flag.\n    \"\"\"\n    test_file = tex_dir / \"test.aux\"\n    partial_file = tex_dir / \"biblio.bib\"\n\n    # C",
  "context_lines": "    assert cmp_files(test_bib, control_bib)\n\n\ndef test_dirty_not_take_all(tmp_path):\n    \"\"\"Test a tex file with an empty bib without the --take-first flag.\n    \"\"\"\n    test_file = tex_dir / \"test.aux\"\n    partial_file = tex_dir / \"biblio.bib\"\n\n    # Copy to tmp_path and work from there\n    test_file = copy(test_file, tmp_path)\n    copy(partial_file, tmp_path)\n\n",
  "slicing": [
   "    test_file = tex_dir / \"test.aux\"\n",
   "    test_file = copy(test_file, tmp_path)\n",
   "    app = Application(str(test_file), take_first=False)\n",
   "    app.go()\n",
   "    test_bib = (tmp_path / AuxHandler(str(test_file)).bibdata()).with_suffix(\".bib\")\n",
   "    assert cmp_files(test_bib, control_bib)\n"
  ]
 },
 "56": {
  "name": "partial_file",
  "type": "str",
  "class": "build-in",
  "approach": "Pysonar2",
  "file_path": "caleb/tests/test_general.py",
  "lineno": "42",
  "column": "4",
  "context": "\n    \"\"\"\n    test_file = tex_dir / \"test.aux\"\n    partial_file = tex_dir / \"biblio.bib\"\n\n    # Copy to tmp_path and work from there\n    te",
  "context_lines": "def test_dirty_not_take_all(tmp_path):\n    \"\"\"Test a tex file with an empty bib without the --take-first flag.\n    \"\"\"\n    test_file = tex_dir / \"test.aux\"\n    partial_file = tex_dir / \"biblio.bib\"\n\n    # Copy to tmp_path and work from there\n    test_file = copy(test_file, tmp_path)\n    copy(partial_file, tmp_path)\n\n",
  "slicing": [
   "    partial_file = tex_dir / \"biblio.bib\"\n",
   "    copy(partial_file, tmp_path)\n"
  ]
 },
 "57": {
  "name": "test_file",
  "type": "shutil.copy",
  "class": "imported",
  "approach": "annotation",
  "file_path": "caleb/tests/test_general.py",
  "lineno": "45",
  "column": "4",
  "context": "\"\n\n    # Copy to tmp_path and work from there\n    test_file = copy(test_file, tmp_path)\n    copy(partial_file, tmp_path)\n\n    # Run caleb\n",
  "context_lines": "    \"\"\"\n    test_file = tex_dir / \"test.aux\"\n    partial_file = tex_dir / \"biblio.bib\"\n\n    # Copy to tmp_path and work from there\n    test_file = copy(test_file, tmp_path)\n    copy(partial_file, tmp_path)\n\n    # Run caleb\n    app = Application(str(test_file), take_first=False)\n    app.go()\n",
  "slicing": [
   "    test_file = copy(test_file, tmp_path)\n",
   "    app = Application(str(test_file), take_first=False)\n",
   "    app.go()\n",
   "    test_bib = (tmp_path / AuxHandler(str(test_file)).bibdata()).with_suffix(\".bib\")\n",
   "    assert cmp_files(test_bib, control_bib)\n"
  ]
 },
 "58": {
  "name": "app",
  "type": "caleb.app.Application",
  "class": "customized",
  "approach": "annotation",
  "file_path": "caleb/tests/test_general.py",
  "lineno": "49",
  "column": "4",
  "context": "copy(partial_file, tmp_path)\n\n    # Run caleb\n    app = Application(str(test_file), take_first=False)\n    app.go()\n    test_bib = (tmp_path / AuxHandler",
  "context_lines": "    # Copy to tmp_path and work from there\n    test_file = copy(test_file, tmp_path)\n    copy(partial_file, tmp_path)\n\n    # Run caleb\n    app = Application(str(test_file), take_first=False)\n    app.go()\n    test_bib = (tmp_path / AuxHandler(str(test_file)).bibdata()).with_suffix(\".bib\")\n\n    control_bib = control_bib_dir / \"not_take_all.bib\"\n\n    # Compare with control\n",
  "slicing": [
   "    app = Application(str(test_file), take_first=False)\n",
   "    app.go()\n"
  ]
 },
 "59": {
  "name": "test_bib",
  "type": "UNKNOWN",
  "class": "unknown",
  "approach": "Pysonar2",
  "file_path": "caleb/tests/test_general.py",
  "lineno": "51",
  "column": "4",
  "context": "tr(test_file), take_first=False)\n    app.go()\n    test_bib = (tmp_path / AuxHandler(str(test_file)).bibdata()).with_suffix(\".bib\")\n\n    control_bib = control_bib_dir / \"not_take_all",
  "context_lines": "    copy(partial_file, tmp_path)\n\n    # Run caleb\n    app = Application(str(test_file), take_first=False)\n    app.go()\n    test_bib = (tmp_path / AuxHandler(str(test_file)).bibdata()).with_suffix(\".bib\")\n\n    control_bib = control_bib_dir / \"not_take_all.bib\"\n\n    # Compare with control\n",
  "slicing": [
   "    test_bib = (tmp_path / AuxHandler(str(test_file)).bibdata()).with_suffix(\".bib\")\n",
   "    assert cmp_files(test_bib, control_bib)\n"
  ]
 },
 "60": {
  "name": "control_bib",
  "type": "str",
  "class": "build-in",
  "approach": "Pysonar2",
  "file_path": "caleb/tests/test_general.py",
  "lineno": "53",
  "column": "4",
  "context": "r(test_file)).bibdata()).with_suffix(\".bib\")\n\n    control_bib = control_bib_dir / \"not_take_all.bib\"\n\n    # Compare with control\n    assert cmp_files(t",
  "context_lines": "    # Run caleb\n    app = Application(str(test_file), take_first=False)\n    app.go()\n    test_bib = (tmp_path / AuxHandler(str(test_file)).bibdata()).with_suffix(\".bib\")\n\n    control_bib = control_bib_dir / \"not_take_all.bib\"\n\n    # Compare with control\n",
  "slicing": [
   "    control_bib = control_bib_dir / \"not_take_all.bib\"\n",
   "    assert cmp_files(test_bib, control_bib)\n"
  ]
 },
 "61": {
  "name": "aux_clean_keys",
  "type": "set",
  "class": "build-in",
  "approach": "annotation",
  "file_path": "caleb/tests/consts.py",
  "lineno": "1",
  "column": "0",
  "context": "aux_clean_keys = {\n    \"mazur:eisenstein\",\n    \"mazur:modular:2000\",\n",
  "context_lines": "aux_clean_keys = {\n    \"mazur:eisenstein\",\n    \"mazur:modular:2000\",\n    \"ribet:galois_real_multiplication\",\n}\n\n",
  "slicing": "aux_clean_keys = {\n"
 },
 "62": {
  "name": "aux_dirty_keys",
  "type": "set",
  "class": "build-in",
  "approach": "annotation",
  "file_path": "caleb/tests/consts.py",
  "lineno": "7",
  "column": "0",
  "context": "2000\",\n    \"ribet:galois_real_multiplication\",\n}\n\naux_dirty_keys = {\n    \"mazur:eisenstein\",\n    \"mazur:modular:2000\",\n",
  "context_lines": "    \"mazur:eisenstein\",\n    \"mazur:modular:2000\",\n    \"ribet:galois_real_multiplication\",\n}\n\naux_dirty_keys = {\n    \"mazur:eisenstein\",\n    \"mazur:modular:2000\",\n    \"ribet:galois_real_multiplication\",\n    \"fermat:marvelous_proof\",\n",
  "slicing": "aux_dirty_keys = {\n"
 },
 "63": {
  "name": "bib_dirty_keys",
  "type": "set",
  "class": "build-in",
  "approach": "annotation",
  "file_path": "caleb/tests/consts.py",
  "lineno": "14",
  "column": "0",
  "context": "multiplication\",\n    \"fermat:marvelous_proof\",\n}\n\nbib_dirty_keys = {\"mazur:eisenstein\"}\n\nmazur_eisenstein_citation = \"@article {mazur:eise",
  "context_lines": "    \"mazur:modular:2000\",\n    \"ribet:galois_real_multiplication\",\n    \"fermat:marvelous_proof\",\n}\n\nbib_dirty_keys = {\"mazur:eisenstein\"}\n\n",
  "slicing": "bib_dirty_keys = {\"mazur:eisenstein\"}\n"
 },
 "64": {
  "name": "mazur_eisenstein_citation",
  "type": "str",
  "class": "build-in",
  "approach": "Pysonar2",
  "file_path": "caleb/tests/consts.py",
  "lineno": "16",
  "column": "0",
  "context": "proof\",\n}\n\nbib_dirty_keys = {\"mazur:eisenstein\"}\n\nmazur_eisenstein_citation = \"@article {mazur:eisenstein,\\n    AUTHOR = {Mazur, B.},\\n     TITLE = {Modular curves and the {E}isenstein ideal},\\n      NOTE = {With an appendix by Mazur and M. Rapoport},\\n   JOURNAL = {Inst. Hautes \\\\'{E}tudes Sci. Publ. Math.},\\n  FJOURNAL = {Institut des Hautes \\\\'{E}tudes Scientifiques. Publications\\n              Math\\\\'{e}matiques},\\n    NUMBER = {47},\\n      YEAR = {1977},\\n     PAGES = {33--186 (1978)},\\n      ISSN = {0073-8301},\\n   MRCLASS = {14G25 (10D05)},\\n  MRNUMBER = {488287},\\nMRREVIEWER = {M. Ohta},\\n       URL = {http://www.numdam.org/item?id=PMIHES_1977__47__33_0},\\n}\"\n",
  "context_lines": "    \"ribet:galois_real_multiplication\",\n    \"fermat:marvelous_proof\",\n}\n\nbib_dirty_keys = {\"mazur:eisenstein\"}\n\nmazur_eisenstein_citation = \"@article {mazur:eisenstein,\\n    AUTHOR = {Mazur, B.},\\n     TITLE = {Modular curves and the {E}isenstein ideal},\\n      NOTE = {With an appendix by Mazur and M. Rapoport},\\n   JOURNAL = {Inst. Hautes \\\\'{E}tudes Sci. Publ. Math.},\\n  FJOURNAL = {Institut des Hautes \\\\'{E}tudes Scientifiques. Publications\\n              Math\\\\'{e}matiques},\\n    NUMBER = {47},\\n      YEAR = {1977},\\n     PAGES = {33--186 (1978)},\\n      ISSN = {0073-8301},\\n   MRCLASS = {14G25 (10D05)},\\n  MRNUMBER = {488287},\\nMRREVIEWER = {M. Ohta},\\n       URL = {http://www.numdam.org/item?id=PMIHES_1977__47__33_0},\\n}\"\n",
  "slicing": "mazur_eisenstein_citation = \"@article {mazur:eisenstein,\\n    AUTHOR = {Mazur, B.},\\n     TITLE = {Modular curves and the {E}isenstein ideal},\\n      NOTE = {With an appendix by Mazur and M. Rapoport},\\n   JOURNAL = {Inst. Hautes \\\\'{E}tudes Sci. Publ. Math.},\\n  FJOURNAL = {Institut des Hautes \\\\'{E}tudes Scientifiques. Publications\\n              Math\\\\'{e}matiques},\\n    NUMBER = {47},\\n      YEAR = {1977},\\n     PAGES = {33--186 (1978)},\\n      ISSN = {0073-8301},\\n   MRCLASS = {14G25 (10D05)},\\n  MRNUMBER = {488287},\\nMRREVIEWER = {M. Ohta},\\n       URL = {http://www.numdam.org/item?id=PMIHES_1977__47__33_0},\\n}\"\n"
 },
 "65": {
  "name": "version",
  "type": "UNKNOWN",
  "class": "unknown",
  "approach": "Pysonar2",
  "file_path": "caleb/tests/test_cmdline.py",
  "lineno": "9",
  "column": "4",
  "context": "nstein_citation\n\n\ndef test_version_request():\n    version = subprocess.check_output([\"poetry\", \"run\", \"caleb\", \"--version\"])\n    assert version.decode(\"utf-8\")[:-1] == __versi",
  "context_lines": "import subprocess\n\nfrom caleb.__version__ import __version__\n\nfrom .consts import mazur_eisenstein_citation\n\n\ndef test_version_request():\n    version = subprocess.check_output([\"poetry\", \"run\", \"caleb\", \"--version\"])\n    assert version.decode(\"utf-8\")[:-1] == __version__\n\n\ndef test_missing_argument():\n    try:\n        subprocess.check_output([\"poetry\", \"run\", \"caleb\"])\n",
  "slicing": [
   "    version = subprocess.check_output([\"poetry\", \"run\", \"caleb\", \"--version\"])\n",
   "    assert version.decode(\"utf-8\")[:-1] == __version__\n"
  ]
 },
 "66": {
  "name": "mazur",
  "type": "UNKNOWN",
  "class": "unknown",
  "approach": "Pysonar2",
  "file_path": "caleb/tests/test_cmdline.py",
  "lineno": "21",
  "column": "4",
  "context": " \"Need input name\"\n\n\ndef test_get_this_key():\n    mazur = subprocess.check_output(\n        [\n            \"poetry\",\n            \"run\",",
  "context_lines": "        subprocess.check_output([\"poetry\", \"run\", \"caleb\"])\n    except subprocess.CalledProcessError as e:\n        assert e.output.decode(\"utf-8\")[:-1] == \"Need input name\"\n\n\ndef test_get_this_key():\n    mazur = subprocess.check_output(\n        [\n            \"poetry\",\n            \"run\",\n            \"caleb\",\n",
  "slicing": [
   "    mazur = subprocess.check_output(\n",
   "    assert mazur.decode(\"utf-8\")[:-1] == mazur_eisenstein_citation\n"
  ]
 },
 "67": {
  "name": "tex_dir",
  "type": "pathlib.Path",
  "class": "imported",
  "approach": "annotation",
  "file_path": "caleb/tests/test_file_handler.py",
  "lineno": "10",
  "column": "0",
  "context": "ytest\n\nfrom caleb.file_handler import AuxHandler\n\ntex_dir = Path(\"tests/tex_files\")\n\n\ndef test_no_bibdata():\n    test_file = tex_dir /",
  "context_lines": "\"\"\"\n\nfrom pathlib import Path\n\nimport pytest\n\nfrom caleb.file_handler import AuxHandler\n\ntex_dir = Path(\"tests/tex_files\")\n\n\ndef test_no_bibdata():\n    test_file = tex_dir / \"bad.aux\"\n    auxh = AuxHandler(str(test_file))\n",
  "slicing": [
   "tex_dir = Path(\"tests/tex_files\")\n",
   "    test_file = tex_dir / \"bad.aux\"\n",
   "    auxh = AuxHandler(str(test_file))\n",
   "        auxh.bibdata()\n"
  ]
 },
 "68": {
  "name": "test_file",
  "type": "str",
  "class": "build-in",
  "approach": "Pysonar2",
  "file_path": "caleb/tests/test_file_handler.py",
  "lineno": "14",
  "column": "4",
  "context": "h(\"tests/tex_files\")\n\n\ndef test_no_bibdata():\n    test_file = tex_dir / \"bad.aux\"\n    auxh = AuxHandler(str(test_file))\n    with pyt",
  "context_lines": "import pytest\n\nfrom caleb.file_handler import AuxHandler\n\ntex_dir = Path(\"tests/tex_files\")\n\n\ndef test_no_bibdata():\n    test_file = tex_dir / \"bad.aux\"\n    auxh = AuxHandler(str(test_file))\n    with pytest.raises(LookupError):\n",
  "slicing": [
   "    test_file = tex_dir / \"bad.aux\"\n",
   "    auxh = AuxHandler(str(test_file))\n",
   "        auxh.bibdata()\n"
  ]
 },
 "69": {
  "name": "auxh",
  "type": "caleb.file_handler.AuxHandler",
  "class": "customized",
  "approach": "annotation",
  "file_path": "caleb/tests/test_file_handler.py",
  "lineno": "15",
  "column": "4",
  "context": "ibdata():\n    test_file = tex_dir / \"bad.aux\"\n    auxh = AuxHandler(str(test_file))\n    with pytest.raises(LookupError):\n        auxh.",
  "context_lines": "from caleb.file_handler import AuxHandler\n\ntex_dir = Path(\"tests/tex_files\")\n\n\ndef test_no_bibdata():\n    test_file = tex_dir / \"bad.aux\"\n    auxh = AuxHandler(str(test_file))\n    with pytest.raises(LookupError):\n",
  "slicing": [
   "    auxh = AuxHandler(str(test_file))\n",
   "        auxh.bibdata()\n"
  ]
 },
 "70": {
  "name": "ref",
  "type": "caleb.reference.Reference",
  "class": "customized",
  "approach": "annotation",
  "file_path": "caleb/tests/test_reference.py",
  "lineno": "13",
  "column": "4",
  "context": "    # the crossref version yields a heisenbug\n    ref = Reference(\"mazur:eisenstein\", method=\"ams\")\n    assert ref.exists()\n    assert ref.is_unique()",
  "context_lines": "from caleb.reference import Reference\n\nfrom .consts import mazur_eisenstein_citation\n\n\ndef test_when_exists_and_is_unique():\n    # the crossref version yields a heisenbug\n    ref = Reference(\"mazur:eisenstein\", method=\"ams\")\n    assert ref.exists()\n    assert ref.is_unique()\n    assert ref.bibtex() == mazur_eisenstein_citation\n\n\ndef test_when_exists_and_not_is_unique():\n",
  "slicing": [
   "    ref = Reference(\"mazur:eisenstein\", method=\"ams\")\n",
   "    assert ref.exists()\n",
   "    assert ref.is_unique()\n",
   "    assert ref.bibtex() == mazur_eisenstein_citation\n",
   "    assert ref.exists()\n",
   "    assert not ref.is_unique()\n",
   "    assert ref.exists()\n",
   "    assert not ref.is_unique()\n",
   "    assert ref.exists()\n",
   "    assert ref.is_unique()\n",
   "    assert ref.exists()\n",
   "    assert ref.is_unique()\n",
   "    assert not ref.exists()\n",
   "        ref.is_unique()\n",
   "    assert ref.bibtex() == \"\"\n",
   "    assert not ref.exists()\n",
   "        ref.is_unique()\n",
   "    assert ref.bibtex() == \"\"\n",
   "        ref.bibtex()\n"
  ]
 },
 "71": {
  "name": "ref",
  "type": "caleb.reference.Reference",
  "class": "customized",
  "approach": "annotation",
  "file_path": "caleb/tests/test_reference.py",
  "lineno": "20",
  "column": "4",
  "context": "n\n\n\ndef test_when_exists_and_not_is_unique():\n    ref = Reference(\"mazur:modular\", method=\"crossref\")\n    assert ref.exists()\n    assert not ref.is_uniq",
  "context_lines": "    assert ref.exists()\n    assert ref.is_unique()\n    assert ref.bibtex() == mazur_eisenstein_citation\n\n\ndef test_when_exists_and_not_is_unique():\n    ref = Reference(\"mazur:modular\", method=\"crossref\")\n    assert ref.exists()\n    assert not ref.is_unique()\n\n    ref = Reference(\"mazur:modular\", method=\"ams\")\n    assert ref.exists()\n",
  "slicing": [
   "    ref = Reference(\"mazur:modular\", method=\"crossref\")\n",
   "    assert ref.exists()\n",
   "    assert not ref.is_unique()\n",
   "    assert ref.exists()\n",
   "    assert not ref.is_unique()\n",
   "    assert ref.exists()\n",
   "    assert ref.is_unique()\n",
   "    assert ref.exists()\n",
   "    assert ref.is_unique()\n",
   "    assert not ref.exists()\n",
   "        ref.is_unique()\n",
   "    assert ref.bibtex() == \"\"\n",
   "    assert not ref.exists()\n",
   "        ref.is_unique()\n",
   "    assert ref.bibtex() == \"\"\n",
   "        ref.bibtex()\n"
  ]
 },
 "72": {
  "name": "ref",
  "type": "caleb.reference.Reference",
  "class": "customized",
  "approach": "annotation",
  "file_path": "caleb/tests/test_reference.py",
  "lineno": "24",
  "column": "4",
  "context": " ref.exists()\n    assert not ref.is_unique()\n\n    ref = Reference(\"mazur:modular\", method=\"ams\")\n    assert ref.exists()\n    assert not ref.is_uniq",
  "context_lines": "def test_when_exists_and_not_is_unique():\n    ref = Reference(\"mazur:modular\", method=\"crossref\")\n    assert ref.exists()\n    assert not ref.is_unique()\n\n    ref = Reference(\"mazur:modular\", method=\"ams\")\n    assert ref.exists()\n    assert not ref.is_unique()\n\n\ndef test_when_exists_and_is_unique_with_year():\n    ref = Reference(\"mazur:modular:2000\", method=\"crossref\")\n",
  "slicing": [
   "    ref = Reference(\"mazur:modular\", method=\"ams\")\n",
   "    assert ref.exists()\n",
   "    assert not ref.is_unique()\n",
   "    assert ref.exists()\n",
   "    assert ref.is_unique()\n",
   "    assert ref.exists()\n",
   "    assert ref.is_unique()\n",
   "    assert not ref.exists()\n",
   "        ref.is_unique()\n",
   "    assert ref.bibtex() == \"\"\n",
   "    assert not ref.exists()\n",
   "        ref.is_unique()\n",
   "    assert ref.bibtex() == \"\"\n",
   "        ref.bibtex()\n"
  ]
 },
 "73": {
  "name": "ref",
  "type": "caleb.reference.Reference",
  "class": "customized",
  "approach": "annotation",
  "file_path": "caleb/tests/test_reference.py",
  "lineno": "30",
  "column": "4",
  "context": "f test_when_exists_and_is_unique_with_year():\n    ref = Reference(\"mazur:modular:2000\", method=\"crossref\")\n    assert ref.exists()\n    assert ref.is_unique()",
  "context_lines": "    ref = Reference(\"mazur:modular\", method=\"ams\")\n    assert ref.exists()\n    assert not ref.is_unique()\n\n\ndef test_when_exists_and_is_unique_with_year():\n    ref = Reference(\"mazur:modular:2000\", method=\"crossref\")\n    assert ref.exists()\n    assert ref.is_unique()\n\n    ref = Reference(\"mazur:modular:2000\", method=\"ams\")\n    assert ref.exists()\n",
  "slicing": [
   "    ref = Reference(\"mazur:modular:2000\", method=\"crossref\")\n",
   "    assert ref.exists()\n",
   "    assert ref.is_unique()\n",
   "    assert ref.exists()\n",
   "    assert ref.is_unique()\n",
   "    assert not ref.exists()\n",
   "        ref.is_unique()\n",
   "    assert ref.bibtex() == \"\"\n",
   "    assert not ref.exists()\n",
   "        ref.is_unique()\n",
   "    assert ref.bibtex() == \"\"\n",
   "        ref.bibtex()\n"
  ]
 },
 "74": {
  "name": "ref",
  "type": "caleb.reference.Reference",
  "class": "customized",
  "approach": "annotation",
  "file_path": "caleb/tests/test_reference.py",
  "lineno": "34",
  "column": "4",
  "context": "sert ref.exists()\n    assert ref.is_unique()\n\n    ref = Reference(\"mazur:modular:2000\", method=\"ams\")\n    assert ref.exists()\n    assert ref.is_unique()",
  "context_lines": "def test_when_exists_and_is_unique_with_year():\n    ref = Reference(\"mazur:modular:2000\", method=\"crossref\")\n    assert ref.exists()\n    assert ref.is_unique()\n\n    ref = Reference(\"mazur:modular:2000\", method=\"ams\")\n    assert ref.exists()\n    assert ref.is_unique()\n\n\ndef test_when_not_exists_and_not_is_unique():\n    ref = Reference(\"fermat:marvelous\", method=\"crossref\")\n",
  "slicing": [
   "    ref = Reference(\"mazur:modular:2000\", method=\"ams\")\n",
   "    assert ref.exists()\n",
   "    assert ref.is_unique()\n",
   "    assert not ref.exists()\n",
   "        ref.is_unique()\n",
   "    assert ref.bibtex() == \"\"\n",
   "    assert not ref.exists()\n",
   "        ref.is_unique()\n",
   "    assert ref.bibtex() == \"\"\n",
   "        ref.bibtex()\n"
  ]
 },
 "75": {
  "name": "ref",
  "type": "caleb.reference.Reference",
  "class": "customized",
  "approach": "annotation",
  "file_path": "caleb/tests/test_reference.py",
  "lineno": "40",
  "column": "4",
  "context": "def test_when_not_exists_and_not_is_unique():\n    ref = Reference(\"fermat:marvelous\", method=\"crossref\")\n    assert not ref.exists()\n    with pytest.raises",
  "context_lines": "    ref = Reference(\"mazur:modular:2000\", method=\"ams\")\n    assert ref.exists()\n    assert ref.is_unique()\n\n\ndef test_when_not_exists_and_not_is_unique():\n    ref = Reference(\"fermat:marvelous\", method=\"crossref\")\n    assert not ref.exists()\n    with pytest.raises(ValueError):\n        ref.is_unique()\n    assert ref.bibtex() == \"\"\n\n",
  "slicing": [
   "    ref = Reference(\"fermat:marvelous\", method=\"crossref\")\n",
   "    assert not ref.exists()\n",
   "        ref.is_unique()\n",
   "    assert ref.bibtex() == \"\"\n",
   "    assert not ref.exists()\n",
   "        ref.is_unique()\n",
   "    assert ref.bibtex() == \"\"\n",
   "        ref.bibtex()\n"
  ]
 },
 "76": {
  "name": "ref",
  "type": "caleb.reference.Reference",
  "class": "customized",
  "approach": "annotation",
  "file_path": "caleb/tests/test_reference.py",
  "lineno": "46",
  "column": "4",
  "context": "ef.is_unique()\n    assert ref.bibtex() == \"\"\n\n    ref = Reference(\"fermat:marvelous\", method=\"ams\")\n    assert not ref.exists()\n    with pytest.raises",
  "context_lines": "    assert not ref.exists()\n    with pytest.raises(ValueError):\n        ref.is_unique()\n    assert ref.bibtex() == \"\"\n\n    ref = Reference(\"fermat:marvelous\", method=\"ams\")\n    assert not ref.exists()\n    with pytest.raises(ValueError):\n        ref.is_unique()\n    assert ref.bibtex() == \"\"\n\n\n",
  "slicing": [
   "    ref = Reference(\"fermat:marvelous\", method=\"ams\")\n",
   "    assert not ref.exists()\n",
   "        ref.is_unique()\n",
   "    assert ref.bibtex() == \"\"\n",
   "        ref.bibtex()\n"
  ]
 },
 "77": {
  "name": "ref",
  "type": "caleb.reference.Reference",
  "class": "customized",
  "approach": "annotation",
  "file_path": "caleb/tests/test_reference.py",
  "lineno": "54",
  "column": "4",
  "context": "x() == \"\"\n\n\ndef test_notimplemented_method():\n    ref = Reference(\"fermat:marvelous\", method=\"magic\")\n    with pytest.raises(NotImplementedError):\n     ",
  "context_lines": "    with pytest.raises(ValueError):\n        ref.is_unique()\n    assert ref.bibtex() == \"\"\n\n\ndef test_notimplemented_method():\n    ref = Reference(\"fermat:marvelous\", method=\"magic\")\n    with pytest.raises(NotImplementedError):\n",
  "slicing": [
   "    ref = Reference(\"fermat:marvelous\", method=\"magic\")\n",
   "        ref.bibtex()\n"
  ]
 },
 "78": {
  "name": "key",
  "type": "str",
  "class": "build-in",
  "approach": "annotation",
  "file_path": "caleb/caleb/reference.py",
  "lineno": "20",
  "column": "23",
  "context": "ced with a space.\n    \"\"\"\n\n    def __init__(self, key: str, method: str = \"crossref\") -> None:\n        self.key = key\n\n        # replace undersco",
  "context_lines": "    Note:\n        The key is assumed to be the form `author:title:year` or\n        `author:title`. Underscores are replaced with a space.\n    \"\"\"\n\n    def __init__(self, key: str, method: str = \"crossref\") -> None:\n        self.key = key\n\n        # replace underscore by space\n        spaced_key = key.replace(\"_\", \" \")\n\n        # data for query\n",
  "slicing": "    def __init__(self, key: str, method: str = \"crossref\") -> None:\n"
 },
 "79": {
  "name": "method",
  "type": "str",
  "class": "build-in",
  "approach": "annotation",
  "file_path": "caleb/caleb/reference.py",
  "lineno": "20",
  "column": "33",
  "context": " space.\n    \"\"\"\n\n    def __init__(self, key: str, method: str = \"crossref\") -> None:\n        self.key = key\n\n        # replace undersco",
  "context_lines": "    Note:\n        The key is assumed to be the form `author:title:year` or\n        `author:title`. Underscores are replaced with a space.\n    \"\"\"\n\n    def __init__(self, key: str, method: str = \"crossref\") -> None:\n        self.key = key\n\n        # replace underscore by space\n        spaced_key = key.replace(\"_\", \" \")\n\n        # data for query\n",
  "slicing": "    def __init__(self, key: str, method: str = \"crossref\") -> None:\n"
 },
 "80": {
  "name": "input_name",
  "type": "str",
  "class": "build-in",
  "approach": "annotation",
  "file_path": "caleb/caleb/app.py",
  "lineno": "21",
  "column": "14",
  "context": " to add.\n    \"\"\"\n\n    def __init__(\n        self, input_name: str, take_first: bool = False, method: str = \"crossref\"\n    ):\n        # Normalize name by removing .tex a",
  "context_lines": "    Args:\n        input_name (str): Path to tex file whose bib entries we need to add.\n    \"\"\"\n\n    def __init__(\n        self, input_name: str, take_first: bool = False, method: str = \"crossref\"\n    ):\n        # Normalize name by removing .tex and .aux, if necessary.\n        filename, file_extension = os.path.splitext(input_name)\n        if file_extension in [\".tex\", \".aux\"]:\n",
  "slicing": "        self, input_name: str, take_first: bool = False, method: str = \"crossref\"\n"
 },
 "81": {
  "name": "take_first",
  "type": "bool",
  "class": "build-in",
  "approach": "annotation",
  "file_path": "caleb/caleb/app.py",
  "lineno": "21",
  "column": "31",
  "context": "\n    def __init__(\n        self, input_name: str, take_first: bool = False, method: str = \"crossref\"\n    ):\n        # Normalize name by removing .tex a",
  "context_lines": "    Args:\n        input_name (str): Path to tex file whose bib entries we need to add.\n    \"\"\"\n\n    def __init__(\n        self, input_name: str, take_first: bool = False, method: str = \"crossref\"\n    ):\n        # Normalize name by removing .tex and .aux, if necessary.\n        filename, file_extension = os.path.splitext(input_name)\n        if file_extension in [\".tex\", \".aux\"]:\n",
  "slicing": "        self, input_name: str, take_first: bool = False, method: str = \"crossref\"\n"
 },
 "82": {
  "name": "method",
  "type": "str",
  "class": "build-in",
  "approach": "annotation",
  "file_path": "caleb/caleb/app.py",
  "lineno": "21",
  "column": "57",
  "context": " self, input_name: str, take_first: bool = False, method: str = \"crossref\"\n    ):\n        # Normalize name by removing .tex a",
  "context_lines": "    Args:\n        input_name (str): Path to tex file whose bib entries we need to add.\n    \"\"\"\n\n    def __init__(\n        self, input_name: str, take_first: bool = False, method: str = \"crossref\"\n    ):\n        # Normalize name by removing .tex and .aux, if necessary.\n        filename, file_extension = os.path.splitext(input_name)\n        if file_extension in [\".tex\", \".aux\"]:\n",
  "slicing": "        self, input_name: str, take_first: bool = False, method: str = \"crossref\"\n"
 },
 "83": {
  "name": "dry_run",
  "type": "bool",
  "class": "build-in",
  "approach": "annotation",
  "file_path": "caleb/caleb/app.py",
  "lineno": "47",
  "column": "17",
  "context": "   self.take_first = take_first\n\n    def go(self, dry_run: bool = False) -> None:\n        \"\"\"Fill in the bibtex entries.\n\n        Ar",
  "context_lines": "        logging.info(f\"Using {method} for citations\")\n        self.method = method\n\n        logging.info(f\"Taking first citation found: {take_first}\")\n        self.take_first = take_first\n\n    def go(self, dry_run: bool = False) -> None:\n        \"\"\"Fill in the bibtex entries.\n\n        Args:\n            take_first (bool): Whether to just take the first bibtex entry.\n            method (str): Determines whether we use `ams` or `crossref`.\n",
  "slicing": "    def go(self, dry_run: bool = False) -> None:\n"
 },
 "84": {
  "name": "missing_cits",
  "type": "dict",
  "class": "build-in",
  "approach": "annotation",
  "file_path": "caleb/caleb/app.py",
  "lineno": "68",
  "column": "22",
  "context": ".append(entries_to_append)\n\n    def get_all(self, missing_cits: Set[str]) -> str:\n        \"\"\"Retrieve all citations given the keys.\n",
  "context_lines": "        entries_to_append = self.get_all(missing_cits)\n        if dry_run:\n            print(entries_to_append)\n\n        bib_h.append(entries_to_append)\n\n    def get_all(self, missing_cits: Set[str]) -> str:\n        \"\"\"Retrieve all citations given the keys.\n\n        Args:\n            missing_cits (list of str): a list of citation keys\n\n        Returns:\n",
  "slicing": "    def get_all(self, missing_cits: Set[str]) -> str:\n"
 },
 "85": {
  "name": "key",
  "type": "str",
  "class": "build-in",
  "approach": "annotation",
  "file_path": "caleb/caleb/app.py",
  "lineno": "84",
  "column": "25",
  "context": "\"\\n\"\n        return ans\n\n    def get_single(self, key: str) -> str:\n        \"\"\"Retrieve a citation given the key.\n\n   ",
  "context_lines": "            bibtex = self.get_single(key)\n            logging.info(f\"Appending: \\n{bibtex}\")\n            ans = ans + bibtex + \"\\n\"\n        return ans\n\n    def get_single(self, key: str) -> str:\n        \"\"\"Retrieve a citation given the key.\n\n        Args:\n            key (str): the citation key\n\n        Returns:\n",
  "slicing": "    def get_single(self, key: str) -> str:\n"
 },
 "86": {
  "name": "filename",
  "type": "str",
  "class": "build-in",
  "approach": "annotation",
  "file_path": "caleb/caleb/file_handler.py",
  "lineno": "13",
  "column": "23",
  "context": "x and .bib files.\n    \"\"\"\n\n    def __init__(self, filename: str) -> None:\n        self.filename = filename\n\n\nclass AuxHandle",
  "context_lines": "from typing import Set\n\n\nclass FileHandler:\n    \"\"\"Generic class for handling .aux and .bib files.\n    \"\"\"\n\n    def __init__(self, filename: str) -> None:\n        self.filename = filename\n\n\nclass AuxHandler(FileHandler):\n    \"\"\"Class for handling .aux files.\n    \"\"\"\n\n",
  "slicing": "    def __init__(self, filename: str) -> None:\n"
 },
 "87": {
  "name": "string",
  "type": "str",
  "class": "build-in",
  "approach": "annotation",
  "file_path": "caleb/caleb/file_handler.py",
  "lineno": "74",
  "column": "21",
  "context": "\n        return all_entries\n\n    def append(self, string: str) -> None:\n        \"\"\"Append string to this .bib file.\n\n     ",
  "context_lines": "                        all_entries.add(line.split(\"{\", 1)[1].split(\",\", 1)[0])\n        except FileNotFoundError:\n            pass\n        return all_entries\n\n    def append(self, string: str) -> None:\n        \"\"\"Append string to this .bib file.\n\n        Args:\n            string (str): the string to appended.\n        \"\"\"\n",
  "slicing": "    def append(self, string: str) -> None:\n"
 },
 "88": {
  "name": "f1",
  "type": "UNKNOWN",
  "class": "unknown",
  "approach": "Pysonar2",
  "file_path": "caleb/tests/test_general.py",
  "lineno": "11",
  "column": "14",
  "context": "ib_dir = tex_dir / \"control_bibs\"\n\n\ndef cmp_files(f1, f2):\n    with open(f1, \"r\") as fh1:\n        s1 = set(fh",
  "context_lines": "from caleb.app import Application\nfrom caleb.file_handler import AuxHandler\n\ntex_dir = Path(\"tests/tex_files\")\ncontrol_bib_dir = tex_dir / \"control_bibs\"\n\n\ndef cmp_files(f1, f2):\n    with open(f1, \"r\") as fh1:\n        s1 = set(fh1.read().splitlines()).difference(set([\"\"]))\n    with open(f2, \"r\") as fh2:\n        s2 = set(fh2.read().splitlines()).difference(set([\"\"]))\n",
  "slicing": [
   "def cmp_files(f1, f2):\n",
   "    with open(f1, \"r\") as fh1:\n",
   "    assert cmp_files(test_bib, control_bib)\n",
   "    assert cmp_files(test_bib, control_bib)\n"
  ]
 },
 "89": {
  "name": "f2",
  "type": "str",
  "class": "build-in",
  "approach": "Pysonar2",
  "file_path": "caleb/tests/test_general.py",
  "lineno": "11",
  "column": "18",
  "context": "ir = tex_dir / \"control_bibs\"\n\n\ndef cmp_files(f1, f2):\n    with open(f1, \"r\") as fh1:\n        s1 = set(fh",
  "context_lines": "from caleb.app import Application\nfrom caleb.file_handler import AuxHandler\n\ntex_dir = Path(\"tests/tex_files\")\ncontrol_bib_dir = tex_dir / \"control_bibs\"\n\n\ndef cmp_files(f1, f2):\n    with open(f1, \"r\") as fh1:\n        s1 = set(fh1.read().splitlines()).difference(set([\"\"]))\n    with open(f2, \"r\") as fh2:\n        s2 = set(fh2.read().splitlines()).difference(set([\"\"]))\n",
  "slicing": [
   "def cmp_files(f1, f2):\n",
   "    with open(f2, \"r\") as fh2:\n",
   "    assert cmp_files(test_bib, control_bib)\n",
   "    assert cmp_files(test_bib, control_bib)\n"
  ]
 },
 "90": {
  "name": "tmp_path",
  "type": "UNKNOWN",
  "class": "unknown",
  "approach": "Pysonar2",
  "file_path": "caleb/tests/test_general.py",
  "lineno": "19",
  "column": "24",
  "context": "]))\n    return s1 == s2\n\n\ndef test_clean_take_all(tmp_path):\n    \"\"\"Test a tex file with an empty bib without t",
  "context_lines": "        s1 = set(fh1.read().splitlines()).difference(set([\"\"]))\n    with open(f2, \"r\") as fh2:\n        s2 = set(fh2.read().splitlines()).difference(set([\"\"]))\n    return s1 == s2\n\n\ndef test_clean_take_all(tmp_path):\n    \"\"\"Test a tex file with an empty bib without the --take-first flag.\n    \"\"\"\n    test_file = tex_dir / \"test.aux\"\n\n    # Copy to tmp_path and work from there\n",
  "slicing": "def test_clean_take_all(tmp_path):\n"
 },
 "91": {
  "name": "tmp_path",
  "type": "UNKNOWN",
  "class": "unknown",
  "approach": "Pysonar2",
  "file_path": "caleb/tests/test_general.py",
  "lineno": "38",
  "column": "28",
  "context": "t_bib, control_bib)\n\n\ndef test_dirty_not_take_all(tmp_path):\n    \"\"\"Test a tex file with an empty bib without t",
  "context_lines": "    test_bib = (tmp_path / AuxHandler(str(test_file)).bibdata()).with_suffix(\".bib\")\n\n    control_bib = control_bib_dir / \"take_all.bib\"\n\n    # Compare with control\n    assert cmp_files(test_bib, control_bib)\n\n\ndef test_dirty_not_take_all(tmp_path):\n    \"\"\"Test a tex file with an empty bib without the --take-first flag.\n    \"\"\"\n    test_file = tex_dir / \"test.aux\"\n    partial_file = tex_dir / \"biblio.bib\"\n\n",
  "slicing": "def test_dirty_not_take_all(tmp_path):\n"
 }
}