{
 "1": {
  "name": "pageurl",
  "type": "str",
  "class": "build-in",
  "approach": "Pysonar2",
  "file_path": "CarbonEmissionSuite/test_generic.py",
  "lineno": "49",
  "column": "8",
  "context": "50)\n\n    def test_urlCheckResponse(self):\n        pageurl = \"http://google.co.uk/dfhsdkfnksldf\"\n        try:\n            response = DBEISCarbonFac",
  "context_lines": "    def test_future_year(self):\n        with self.assertRaises(ValueError):\n            DBEISCarbonFactors.CarbonFactors(2050)\n\n    def test_urlCheckResponse(self):\n        pageurl = \"http://google.co.uk/dfhsdkfnksldf\"\n        try:\n            response = DBEISCarbonFactors.CarbonFactors.urlCheck(self, pageurl)\n            if response is False:\n                pass\n",
  "slicing": [
   "        pageurl = \"http://google.co.uk/dfhsdkfnksldf\"\n",
   "            response = DBEISCarbonFactors.CarbonFactors.urlCheck(self, pageurl)\n",
   "            if response is False:\n",
   "            elif response is True:\n"
  ]
 },
 "2": {
  "name": "response",
  "type": "bool",
  "class": "build-in",
  "approach": "Pysonar2",
  "file_path": "CarbonEmissionSuite/test_generic.py",
  "lineno": "51",
  "column": "12",
  "context": "gle.co.uk/dfhsdkfnksldf\"\n        try:\n            response = DBEISCarbonFactors.CarbonFactors.urlCheck(self, pageurl)\n            if response is False:\n                ",
  "context_lines": "            DBEISCarbonFactors.CarbonFactors(2050)\n\n    def test_urlCheckResponse(self):\n        pageurl = \"http://google.co.uk/dfhsdkfnksldf\"\n        try:\n            response = DBEISCarbonFactors.CarbonFactors.urlCheck(self, pageurl)\n            if response is False:\n                pass\n            elif response is True:\n                self.fail(\"\\nReturned a True value\")\n",
  "slicing": [
   "            response = DBEISCarbonFactors.CarbonFactors.urlCheck(self, pageurl)\n",
   "            if response is False:\n",
   "            elif response is True:\n"
  ]
 },
 "3": {
  "name": "now",
  "type": "str",
  "class": "build-in",
  "approach": "Pysonar2",
  "file_path": "CarbonEmissionSuite/DBEISCarbonFactors.py",
  "lineno": "31",
  "column": "4",
  "context": "om bs4 import BeautifulSoup\nimport wget\n\ntry:\n    now = time.strftime(\"%c\")\n    Now = time.localtime()\n    logging.basicConfig",
  "context_lines": "import logging\nfrom bs4 import BeautifulSoup\nimport wget\n\ntry:\n    now = time.strftime(\"%c\")\n    Now = time.localtime()\n    logging.basicConfig(filename=os.path.join(\"DBEISCFLog.log\"),\n                        level=logging.INFO)\n    logging.info(f'\\nDate and Time:\\n {now}' \n",
  "slicing": [
   "    now = time.strftime(\"%c\")\n",
   "    logging.info(f'\\nDate and Time:\\n {now}' \n"
  ]
 },
 "4": {
  "name": "Now",
  "type": "UNKNOWN",
  "class": "unknown",
  "approach": "Pysonar2",
  "file_path": "CarbonEmissionSuite/DBEISCarbonFactors.py",
  "lineno": "32",
  "column": "4",
  "context": "port wget\n\ntry:\n    now = time.strftime(\"%c\")\n    Now = time.localtime()\n    logging.basicConfig(filename=os.path.join(\"DBE",
  "context_lines": "from bs4 import BeautifulSoup\nimport wget\n\ntry:\n    now = time.strftime(\"%c\")\n    Now = time.localtime()\n    logging.basicConfig(filename=os.path.join(\"DBEISCFLog.log\"),\n                        level=logging.INFO)\n    logging.info(f'\\nDate and Time:\\n {now}' \n                 '\\n-------------------------------\\n')\n",
  "slicing": [
   "    Now = time.localtime()\n",
   "            if 2014 <= year <= Now[0]+1:\n",
   "    for i in range(2014,Now[0]+1):\n",
   "            CarbonFactors(i)\n"
  ]
 },
 "5": {
  "name": "request",
  "type": "UNKNOWN",
  "class": "unknown",
  "approach": "Pysonar2",
  "file_path": "CarbonEmissionSuite/DBEISCarbonFactors.py",
  "lineno": "114",
  "column": "8",
  "context": "ead of the url and checks the status code\n        request = requests.head(pageurl)\n        if request.status_code == 200:\n           ",
  "context_lines": "                     f\"Year: {self.year} has been downloaded and assimilated \"\n                     \"into the database\\n\")\n         \n    def urlCheck(self, pageurl):\n        #This function retrives the head of the url and checks the status code\n        request = requests.head(pageurl)\n        if request.status_code == 200:\n            return True\n        else:\n            return False\n\n",
  "slicing": [
   "        request = requests.head(pageurl)\n",
   "        if request.status_code == 200:\n",
   "        soup = BeautifulSoup(request.text,\"lxml\")\n",
   "        links = soup.select(\"a[href*=uploads]\")\n",
   "        for link in links:         \n",
   "            linkList.append(link.get('href'))\n"
  ]
 },
 "6": {
  "name": "request",
  "type": "UNKNOWN",
  "class": "unknown",
  "approach": "Pysonar2",
  "file_path": "CarbonEmissionSuite/DBEISCarbonFactors.py",
  "lineno": "126",
  "column": "8",
  "context": "ns self.downloadLink\n        \"\"\"\n        \n        request = requests.get(self.pageurl)\n        soup = BeautifulSoup(request.text,\"lxml\")\n",
  "context_lines": "        \"\"\"\n        This function provides a downloads webpage from where the carbon\n        factors can be downloaded and returns self.downloadLink\n        \"\"\"\n        \n        request = requests.get(self.pageurl)\n        soup = BeautifulSoup(request.text,\"lxml\")\n        URLPrepend = 'https://www.gov.uk'\n        linkList = []\n        links = soup.select(\"a[href*=uploads]\")\n        \n",
  "slicing": [
   "        request = requests.get(self.pageurl)\n",
   "        soup = BeautifulSoup(request.text,\"lxml\")\n",
   "        links = soup.select(\"a[href*=uploads]\")\n",
   "        for link in links:         \n",
   "            linkList.append(link.get('href'))\n"
  ]
 },
 "7": {
  "name": "soup",
  "type": "bs4.BeautifulSoup",
  "class": "imported",
  "approach": "annotation",
  "file_path": "CarbonEmissionSuite/DBEISCarbonFactors.py",
  "lineno": "127",
  "column": "8",
  "context": "     request = requests.get(self.pageurl)\n        soup = BeautifulSoup(request.text,\"lxml\")\n        URLPrepend = 'https://www.gov.uk'\n        ",
  "context_lines": "        This function provides a downloads webpage from where the carbon\n        factors can be downloaded and returns self.downloadLink\n        \"\"\"\n        \n        request = requests.get(self.pageurl)\n        soup = BeautifulSoup(request.text,\"lxml\")\n        URLPrepend = 'https://www.gov.uk'\n        linkList = []\n        links = soup.select(\"a[href*=uploads]\")\n        \n        for link in links:         \n",
  "slicing": [
   "        soup = BeautifulSoup(request.text,\"lxml\")\n",
   "        links = soup.select(\"a[href*=uploads]\")\n",
   "        for link in links:         \n",
   "            linkList.append(link.get('href'))\n"
  ]
 },
 "8": {
  "name": "URLPrepend",
  "type": "str",
  "class": "build-in",
  "approach": "Pysonar2",
  "file_path": "CarbonEmissionSuite/DBEISCarbonFactors.py",
  "lineno": "128",
  "column": "8",
  "context": "soup = BeautifulSoup(request.text,\"lxml\")\n        URLPrepend = 'https://www.gov.uk'\n        linkList = []\n        links = soup.select(",
  "context_lines": "        factors can be downloaded and returns self.downloadLink\n        \"\"\"\n        \n        request = requests.get(self.pageurl)\n        soup = BeautifulSoup(request.text,\"lxml\")\n        URLPrepend = 'https://www.gov.uk'\n        linkList = []\n        links = soup.select(\"a[href*=uploads]\")\n        \n        for link in links:         \n            linkList.append(link.get('href'))\n        \n",
  "slicing": [
   "        URLPrepend = 'https://www.gov.uk'\n",
   "            self.downloadLink = ''.join([URLPrepend,\n"
  ]
 },
 "9": {
  "name": "linkList",
  "type": "list",
  "class": "build-in",
  "approach": "annotation",
  "file_path": "CarbonEmissionSuite/DBEISCarbonFactors.py",
  "lineno": "129",
  "column": "8",
  "context": "        URLPrepend = 'https://www.gov.uk'\n        linkList = []\n        links = soup.select(\"a[href*=uploads]\")\n  ",
  "context_lines": "        \"\"\"\n        \n        request = requests.get(self.pageurl)\n        soup = BeautifulSoup(request.text,\"lxml\")\n        URLPrepend = 'https://www.gov.uk'\n        linkList = []\n        links = soup.select(\"a[href*=uploads]\")\n        \n        for link in links:         \n            linkList.append(link.get('href'))\n        \n        try:\n",
  "slicing": [
   "        linkList = []\n",
   "            linkList.append(link.get('href'))\n",
   "            self.DownloadInfo = self.linkTypeFunc(linkList)\n"
  ]
 },
 "10": {
  "name": "links",
  "type": "UNKNOWN",
  "class": "unknown",
  "approach": "Pysonar2",
  "file_path": "CarbonEmissionSuite/DBEISCarbonFactors.py",
  "lineno": "130",
  "column": "8",
  "context": "https://www.gov.uk'\n        linkList = []\n        links = soup.select(\"a[href*=uploads]\")\n        \n        for link in links:         \n     ",
  "context_lines": "        request = requests.get(self.pageurl)\n        soup = BeautifulSoup(request.text,\"lxml\")\n        URLPrepend = 'https://www.gov.uk'\n        linkList = []\n        links = soup.select(\"a[href*=uploads]\")\n        \n        for link in links:         \n            linkList.append(link.get('href'))\n        \n        try:\n",
  "slicing": [
   "        links = soup.select(\"a[href*=uploads]\")\n",
   "        for link in links:         \n",
   "            linkList.append(link.get('href'))\n"
  ]
 },
 "11": {
  "name": "substringFlatFile",
  "type": "str",
  "class": "build-in",
  "approach": "Pysonar2",
  "file_path": "CarbonEmissionSuite/DBEISCarbonFactors.py",
  "lineno": "152",
  "column": "8",
  "context": "    to the FetchCF function.\n        \"\"\"\n\n        substringFlatFile = \"Flat\"\n        substringFlatFile2 = \"flat\"\n\n        for e",
  "context_lines": "        file first, then an advanced file, and finally an old style advanced\n        file.  This subfunction returns the downloadLink and fileType variable\n        to the FetchCF function.\n        \"\"\"\n\n        substringFlatFile = \"Flat\"\n        substringFlatFile2 = \"flat\"\n\n        for entry in listLinks:\n            if (entry.find(substringFlatFile) != -1 \n            or entry.find(substringFlatFile2) != -1):\n",
  "slicing": [
   "        substringFlatFile = \"Flat\"\n",
   "            if (entry.find(substringFlatFile) != -1 \n"
  ]
 },
 "12": {
  "name": "substringFlatFile2",
  "type": "str",
  "class": "build-in",
  "approach": "Pysonar2",
  "file_path": "CarbonEmissionSuite/DBEISCarbonFactors.py",
  "lineno": "153",
  "column": "8",
  "context": "  \"\"\"\n\n        substringFlatFile = \"Flat\"\n        substringFlatFile2 = \"flat\"\n\n        for entry in listLinks:\n            if (e",
  "context_lines": "        file.  This subfunction returns the downloadLink and fileType variable\n        to the FetchCF function.\n        \"\"\"\n\n        substringFlatFile = \"Flat\"\n        substringFlatFile2 = \"flat\"\n\n        for entry in listLinks:\n            if (entry.find(substringFlatFile) != -1 \n            or entry.find(substringFlatFile2) != -1):\n",
  "slicing": [
   "        substringFlatFile2 = \"flat\"\n",
   "            or entry.find(substringFlatFile2) != -1):\n"
  ]
 },
 "13": {
  "name": "Flatfile",
  "type": "UNKNOWN",
  "class": "unknown",
  "approach": "annotation",
  "file_path": "CarbonEmissionSuite/DBEISCarbonFactors.py",
  "lineno": "158",
  "column": "16",
  "context": ".find(substringFlatFile2) != -1):\n                Flatfile = entry\n                return Flatfile\n    \n    def downl",
  "context_lines": "        substringFlatFile2 = \"flat\"\n\n        for entry in listLinks:\n            if (entry.find(substringFlatFile) != -1 \n            or entry.find(substringFlatFile2) != -1):\n                Flatfile = entry\n                return Flatfile\n    \n    def downloadFile(self):\n        '''\n        This function takes the download link generated in the FetchCF \n",
  "slicing": [
   "                Flatfile = entry\n",
   "                return Flatfile\n"
  ]
 },
 "14": {
  "name": "fo",
  "type": "UNKNOWN",
  "class": "unknown",
  "approach": "annotation",
  "file_path": "CarbonEmissionSuite/DBEISCarbonFactors.py",
  "lineno": "169",
  "column": "12",
  "context": "in question)\n        '''\n        try:\n            fo = open(self.DownloadLocation, 'r')\n            fo.close()\n        except FileNotFound",
  "context_lines": "        the DownloadLocation variable (which contains the name of the file\n        linked to the year in question)\n        '''\n        try:\n            fo = open(self.DownloadLocation, 'r')\n            fo.close()\n        except FileNotFoundError:\n            try:\n                os.makedirs(self.downloadDir,exist_ok=True)\n",
  "slicing": [
   "            fo = open(self.DownloadLocation, 'r')\n",
   "            fo.close()\n"
  ]
 },
 "15": {
  "name": "conn",
  "type": "UNKNOWN",
  "class": "unknown",
  "approach": "Pysonar2",
  "file_path": "CarbonEmissionSuite/DBEISCarbonFactors.py",
  "lineno": "182",
  "column": "8",
  "context": "thin the db, and nothing more\n        '''\n        conn = sqlite3.connect(database)\n        c = conn.cursor()\n        Year = str(self.",
  "context_lines": "    def sqlCreateTable(self,database):\n        '''\n        This function creates the sqlite table within the db, and nothing more\n        '''\n        conn = sqlite3.connect(database)\n        c = conn.cursor()\n        Year = str(self.year)\n        self.tableName = f\"Year_{Year}\"\n        try:\n",
  "slicing": [
   "        conn = sqlite3.connect(database)\n",
   "        c = conn.cursor()\n",
   "            c.execute(table_sql)            \n",
   "            conn.commit()\n",
   "            conn.close()\n",
   "        c = conn.cursor()        \n",
   "            c.execute(f\"DELETE FROM {self.tableName}\")\n",
   "                c.execute(insert_sql, d)\n",
   "            conn.commit()\n",
   "            conn.close()     \n",
   "            conn.rollback()\n"
  ]
 },
 "16": {
  "name": "c",
  "type": "UNKNOWN",
  "class": "unknown",
  "approach": "Pysonar2",
  "file_path": "CarbonEmissionSuite/DBEISCarbonFactors.py",
  "lineno": "183",
  "column": "8",
  "context": "\n        conn = sqlite3.connect(database)\n        c = conn.cursor()\n        Year = str(self.year)\n        self.tableNa",
  "context_lines": "        '''\n        This function creates the sqlite table within the db, and nothing more\n        '''\n        conn = sqlite3.connect(database)\n        c = conn.cursor()\n        Year = str(self.year)\n        self.tableName = f\"Year_{Year}\"\n        try:\n            table_sql = f\"\"\"CREATE TABLE {self.tableName} (\n",
  "slicing": [
   "        c = conn.cursor()\n",
   "            c.execute(table_sql)            \n",
   "            c.execute(f\"DELETE FROM {self.tableName}\")\n",
   "                c.execute(insert_sql, d)\n"
  ]
 },
 "17": {
  "name": "Year",
  "type": "str",
  "class": "build-in",
  "approach": "annotation",
  "file_path": "CarbonEmissionSuite/DBEISCarbonFactors.py",
  "lineno": "184",
  "column": "8",
  "context": "nnect(database)\n        c = conn.cursor()\n        Year = str(self.year)\n        self.tableName = f\"Year_{Year}\"\n        tr",
  "context_lines": "        This function creates the sqlite table within the db, and nothing more\n        '''\n        conn = sqlite3.connect(database)\n        c = conn.cursor()\n        Year = str(self.year)\n        self.tableName = f\"Year_{Year}\"\n        try:\n            table_sql = f\"\"\"CREATE TABLE {self.tableName} (\n            id integer PRIMARY KEY,\n",
  "slicing": [
   "        Year = str(self.year)\n",
   "        self.tableName = f\"Year_{Year}\"\n"
  ]
 },
 "18": {
  "name": "table_sql",
  "type": "str",
  "class": "build-in",
  "approach": "Pysonar2",
  "file_path": "CarbonEmissionSuite/DBEISCarbonFactors.py",
  "lineno": "187",
  "column": "12",
  "context": "bleName = f\"Year_{Year}\"\n        try:\n            table_sql = f\"\"\"CREATE TABLE {self.tableName} (\n            id integer PRIMARY KEY,\n            Sc",
  "context_lines": "        c = conn.cursor()\n        Year = str(self.year)\n        self.tableName = f\"Year_{Year}\"\n        try:\n            table_sql = f\"\"\"CREATE TABLE {self.tableName} (\n            id integer PRIMARY KEY,\n            Scope text NOT NULL,\n            Level_1 text NOT NULL,\n            Level_2 text NOT NULL,\n",
  "slicing": [
   "            table_sql = f\"\"\"CREATE TABLE {self.tableName} (\n",
   "            c.execute(table_sql)            \n"
  ]
 },
 "19": {
  "name": "wb",
  "type": "UNKNOWN",
  "class": "unknown",
  "approach": "Pysonar2",
  "file_path": "CarbonEmissionSuite/DBEISCarbonFactors.py",
  "lineno": "216",
  "column": "8",
  "context": "or the SQLite object\n        \"\"\"\n        \n        wb = xlrd.open_workbook(self.DownloadLocation)\n        ws = wb.sheet_by_name(\"Factors by Category",
  "context_lines": "        hd = Dictionary of heading row values\n        conn = Connection to the SQLite object\n        c = Cursor for the SQLite object\n        \"\"\"\n        \n        wb = xlrd.open_workbook(self.DownloadLocation)\n        ws = wb.sheet_by_name(\"Factors by Category\")\n        hd = {}\n        conn = sqlite3.connect(database)\n        c = conn.cursor()        \n        \n",
  "slicing": [
   "        wb = xlrd.open_workbook(self.DownloadLocation)\n",
   "        ws = wb.sheet_by_name(\"Factors by Category\")\n",
   "            for col in range(0,ws.ncols):\n",
   "                if ws.cell(row,col).value == \"Scope\":\n",
   "        for col in range(0,ws.ncols):         \n",
   "            if ws.cell(HeaderRow,col).value == hd1:\n",
   "                hd['hd1'] = col\n",
   "            if ws.cell(HeaderRow,col).value.find(hd2) != -1:\n",
   "                hd['hd2'] = col\n",
   "            if ws.cell(HeaderRow,col).value.find(hd3) != -1:\n",
   "                hd['hd3'] = col\n",
   "            if ws.cell(HeaderRow,col).value.find(hd4) != -1:\n",
   "                hd['hd4'] = col\n",
   "            if ws.cell(HeaderRow,col).value.find(hd5) != -1:\n",
   "                hd['hd5'] = col\n",
   "            if ws.cell(HeaderRow,col).value.find(hd6) != -1:\n",
   "                hd['hd6'] = col\n",
   "            if ws.cell(HeaderRow,col).value == hd7:\n",
   "                hd['hd7'] = col\n",
   "            if ws.cell(HeaderRow,col).value == hd8:\n",
   "                hd['hd8'] = col\n",
   "            if ws.cell(HeaderRow,col).value.find(hd9) != -1:\n",
   "                hd['hd9'] = col\n",
   "            for row in range(ValuesRow,ws.nrows):\n",
   "                    if ws.cell(row,col).value == \"N/A\":\n",
   "                        d.append(ws.cell(row,col).value)          \n"
  ]
 },
 "20": {
  "name": "ws",
  "type": "UNKNOWN",
  "class": "unknown",
  "approach": "Pysonar2",
  "file_path": "CarbonEmissionSuite/DBEISCarbonFactors.py",
  "lineno": "217",
  "column": "8",
  "context": "xlrd.open_workbook(self.DownloadLocation)\n        ws = wb.sheet_by_name(\"Factors by Category\")\n        hd = {}\n        conn = sqlite3.connect(dat",
  "context_lines": "        conn = Connection to the SQLite object\n        c = Cursor for the SQLite object\n        \"\"\"\n        \n        wb = xlrd.open_workbook(self.DownloadLocation)\n        ws = wb.sheet_by_name(\"Factors by Category\")\n        hd = {}\n        conn = sqlite3.connect(database)\n        c = conn.cursor()        \n        \n        \"\"\"\n",
  "slicing": [
   "        ws = wb.sheet_by_name(\"Factors by Category\")\n",
   "            for col in range(0,ws.ncols):\n",
   "                if ws.cell(row,col).value == \"Scope\":\n",
   "        for col in range(0,ws.ncols):         \n",
   "            if ws.cell(HeaderRow,col).value == hd1:\n",
   "                hd['hd1'] = col\n",
   "            if ws.cell(HeaderRow,col).value.find(hd2) != -1:\n",
   "                hd['hd2'] = col\n",
   "            if ws.cell(HeaderRow,col).value.find(hd3) != -1:\n",
   "                hd['hd3'] = col\n",
   "            if ws.cell(HeaderRow,col).value.find(hd4) != -1:\n",
   "                hd['hd4'] = col\n",
   "            if ws.cell(HeaderRow,col).value.find(hd5) != -1:\n",
   "                hd['hd5'] = col\n",
   "            if ws.cell(HeaderRow,col).value.find(hd6) != -1:\n",
   "                hd['hd6'] = col\n",
   "            if ws.cell(HeaderRow,col).value == hd7:\n",
   "                hd['hd7'] = col\n",
   "            if ws.cell(HeaderRow,col).value == hd8:\n",
   "                hd['hd8'] = col\n",
   "            if ws.cell(HeaderRow,col).value.find(hd9) != -1:\n",
   "                hd['hd9'] = col\n",
   "            for row in range(ValuesRow,ws.nrows):\n",
   "                    if ws.cell(row,col).value == \"N/A\":\n",
   "                        d.append(ws.cell(row,col).value)          \n"
  ]
 },
 "21": {
  "name": "hd",
  "type": "dict",
  "class": "build-in",
  "approach": "annotation",
  "file_path": "CarbonEmissionSuite/DBEISCarbonFactors.py",
  "lineno": "218",
  "column": "8",
  "context": "= wb.sheet_by_name(\"Factors by Category\")\n        hd = {}\n        conn = sqlite3.connect(database)\n        c",
  "context_lines": "        c = Cursor for the SQLite object\n        \"\"\"\n        \n        wb = xlrd.open_workbook(self.DownloadLocation)\n        ws = wb.sheet_by_name(\"Factors by Category\")\n        hd = {}\n        conn = sqlite3.connect(database)\n        c = conn.cursor()        \n        \n        \"\"\"\n        Lets set out the columns that we want with the variable headings 'hdX'\n",
  "slicing": [
   "        hd = {}\n",
   "                hd['hd1'] = col\n",
   "                hd['hd2'] = col\n",
   "                hd['hd3'] = col\n",
   "                hd['hd4'] = col\n",
   "                hd['hd5'] = col\n",
   "                hd['hd6'] = col\n",
   "                hd['hd7'] = col\n",
   "                hd['hd8'] = col\n",
   "                hd['hd9'] = col\n",
   "                for dT,col in hd.items():\n",
   "                    if ws.cell(row,col).value == \"N/A\":\n",
   "                        d.append(ws.cell(row,col).value)          \n"
  ]
 },
 "22": {
  "name": "conn",
  "type": "UNKNOWN",
  "class": "unknown",
  "approach": "Pysonar2",
  "file_path": "CarbonEmissionSuite/DBEISCarbonFactors.py",
  "lineno": "219",
  "column": "8",
  "context": "me(\"Factors by Category\")\n        hd = {}\n        conn = sqlite3.connect(database)\n        c = conn.cursor()        \n        \n       ",
  "context_lines": "        \"\"\"\n        \n        wb = xlrd.open_workbook(self.DownloadLocation)\n        ws = wb.sheet_by_name(\"Factors by Category\")\n        hd = {}\n        conn = sqlite3.connect(database)\n        c = conn.cursor()        \n        \n        \"\"\"\n        Lets set out the columns that we want with the variable headings 'hdX'\n        \"\"\"\n",
  "slicing": [
   "        conn = sqlite3.connect(database)\n",
   "        c = conn.cursor()        \n",
   "            c.execute(f\"DELETE FROM {self.tableName}\")\n",
   "                c.execute(insert_sql, d)\n",
   "            conn.commit()\n",
   "            conn.close()     \n",
   "            conn.rollback()\n"
  ]
 },
 "23": {
  "name": "c",
  "type": "UNKNOWN",
  "class": "unknown",
  "approach": "Pysonar2",
  "file_path": "CarbonEmissionSuite/DBEISCarbonFactors.py",
  "lineno": "220",
  "column": "8",
  "context": "\n        conn = sqlite3.connect(database)\n        c = conn.cursor()        \n        \n        \"\"\"\n        Lets set out the colu",
  "context_lines": "        wb = xlrd.open_workbook(self.DownloadLocation)\n        ws = wb.sheet_by_name(\"Factors by Category\")\n        hd = {}\n        conn = sqlite3.connect(database)\n        c = conn.cursor()        \n        \n        \"\"\"\n        Lets set out the columns that we want with the variable headings 'hdX'\n        \"\"\"\n",
  "slicing": [
   "        c = conn.cursor()        \n",
   "            c.execute(f\"DELETE FROM {self.tableName}\")\n",
   "                c.execute(insert_sql, d)\n"
  ]
 },
 "24": {
  "name": "hd1",
  "type": "str",
  "class": "build-in",
  "approach": "Pysonar2",
  "file_path": "CarbonEmissionSuite/DBEISCarbonFactors.py",
  "lineno": "225",
  "column": "8",
  "context": "h the variable headings 'hdX'\n        \"\"\"\n        hd1 = \"Scope\"\n        hd2 = \"Level 1\"\n        hd3 = \"Level 2\"\n  ",
  "context_lines": "        c = conn.cursor()        \n        \n        \"\"\"\n        Lets set out the columns that we want with the variable headings 'hdX'\n        \"\"\"\n        hd1 = \"Scope\"\n        hd2 = \"Level 1\"\n        hd3 = \"Level 2\"\n        hd4 = \"Level 3\"\n        hd5 = \"Level 4\"\n",
  "slicing": [
   "        hd1 = \"Scope\"\n",
   "            if ws.cell(HeaderRow,col).value == hd1:\n"
  ]
 },
 "25": {
  "name": "hd2",
  "type": "str",
  "class": "build-in",
  "approach": "Pysonar2",
  "file_path": "CarbonEmissionSuite/DBEISCarbonFactors.py",
  "lineno": "226",
  "column": "8",
  "context": "s 'hdX'\n        \"\"\"\n        hd1 = \"Scope\"\n        hd2 = \"Level 1\"\n        hd3 = \"Level 2\"\n        hd4 = \"Level 3\"\n  ",
  "context_lines": "        \"\"\"\n        Lets set out the columns that we want with the variable headings 'hdX'\n        \"\"\"\n        hd1 = \"Scope\"\n        hd2 = \"Level 1\"\n        hd3 = \"Level 2\"\n        hd4 = \"Level 3\"\n        hd5 = \"Level 4\"\n        hd6 = \"Column Text\"\n",
  "slicing": [
   "        hd2 = \"Level 1\"\n",
   "            if ws.cell(HeaderRow,col).value.find(hd2) != -1:\n"
  ]
 },
 "26": {
  "name": "hd3",
  "type": "str",
  "class": "build-in",
  "approach": "Pysonar2",
  "file_path": "CarbonEmissionSuite/DBEISCarbonFactors.py",
  "lineno": "227",
  "column": "8",
  "context": "    hd1 = \"Scope\"\n        hd2 = \"Level 1\"\n        hd3 = \"Level 2\"\n        hd4 = \"Level 3\"\n        hd5 = \"Level 4\"\n  ",
  "context_lines": "        Lets set out the columns that we want with the variable headings 'hdX'\n        \"\"\"\n        hd1 = \"Scope\"\n        hd2 = \"Level 1\"\n        hd3 = \"Level 2\"\n        hd4 = \"Level 3\"\n        hd5 = \"Level 4\"\n        hd6 = \"Column Text\"\n        hd7 = \"UOM\"\n",
  "slicing": [
   "        hd3 = \"Level 2\"\n",
   "            if ws.cell(HeaderRow,col).value.find(hd3) != -1:\n"
  ]
 },
 "27": {
  "name": "hd4",
  "type": "str",
  "class": "build-in",
  "approach": "Pysonar2",
  "file_path": "CarbonEmissionSuite/DBEISCarbonFactors.py",
  "lineno": "228",
  "column": "8",
  "context": "  hd2 = \"Level 1\"\n        hd3 = \"Level 2\"\n        hd4 = \"Level 3\"\n        hd5 = \"Level 4\"\n        hd6 = \"Column Text",
  "context_lines": "        \"\"\"\n        hd1 = \"Scope\"\n        hd2 = \"Level 1\"\n        hd3 = \"Level 2\"\n        hd4 = \"Level 3\"\n        hd5 = \"Level 4\"\n        hd6 = \"Column Text\"\n        hd7 = \"UOM\"\n        hd8 = \"GHG\"\n",
  "slicing": [
   "        hd4 = \"Level 3\"\n",
   "            if ws.cell(HeaderRow,col).value.find(hd4) != -1:\n"
  ]
 },
 "28": {
  "name": "hd5",
  "type": "str",
  "class": "build-in",
  "approach": "Pysonar2",
  "file_path": "CarbonEmissionSuite/DBEISCarbonFactors.py",
  "lineno": "229",
  "column": "8",
  "context": "  hd3 = \"Level 2\"\n        hd4 = \"Level 3\"\n        hd5 = \"Level 4\"\n        hd6 = \"Column Text\"\n        hd7 = \"UOM\"\n  ",
  "context_lines": "        hd1 = \"Scope\"\n        hd2 = \"Level 1\"\n        hd3 = \"Level 2\"\n        hd4 = \"Level 3\"\n        hd5 = \"Level 4\"\n        hd6 = \"Column Text\"\n        hd7 = \"UOM\"\n        hd8 = \"GHG\"\n        hd9 = \"Factor\"\n        \n",
  "slicing": [
   "        hd5 = \"Level 4\"\n",
   "            if ws.cell(HeaderRow,col).value.find(hd5) != -1:\n"
  ]
 },
 "29": {
  "name": "hd6",
  "type": "str",
  "class": "build-in",
  "approach": "Pysonar2",
  "file_path": "CarbonEmissionSuite/DBEISCarbonFactors.py",
  "lineno": "230",
  "column": "8",
  "context": "  hd4 = \"Level 3\"\n        hd5 = \"Level 4\"\n        hd6 = \"Column Text\"\n        hd7 = \"UOM\"\n        hd8 = \"GHG\"\n        hd",
  "context_lines": "        hd2 = \"Level 1\"\n        hd3 = \"Level 2\"\n        hd4 = \"Level 3\"\n        hd5 = \"Level 4\"\n        hd6 = \"Column Text\"\n        hd7 = \"UOM\"\n        hd8 = \"GHG\"\n        hd9 = \"Factor\"\n        \n        \"\"\"\n",
  "slicing": [
   "        hd6 = \"Column Text\"\n",
   "            if ws.cell(HeaderRow,col).value.find(hd6) != -1:\n"
  ]
 },
 "30": {
  "name": "hd7",
  "type": "str",
  "class": "build-in",
  "approach": "Pysonar2",
  "file_path": "CarbonEmissionSuite/DBEISCarbonFactors.py",
  "lineno": "231",
  "column": "8",
  "context": "5 = \"Level 4\"\n        hd6 = \"Column Text\"\n        hd7 = \"UOM\"\n        hd8 = \"GHG\"\n        hd9 = \"Factor\"\n       ",
  "context_lines": "        hd3 = \"Level 2\"\n        hd4 = \"Level 3\"\n        hd5 = \"Level 4\"\n        hd6 = \"Column Text\"\n        hd7 = \"UOM\"\n        hd8 = \"GHG\"\n        hd9 = \"Factor\"\n        \n        \"\"\"\n        Lets clear the table before we write to it to avoid duplicate \n",
  "slicing": [
   "        hd7 = \"UOM\"\n",
   "            if ws.cell(HeaderRow,col).value == hd7:\n"
  ]
 },
 "31": {
  "name": "hd8",
  "type": "str",
  "class": "build-in",
  "approach": "Pysonar2",
  "file_path": "CarbonEmissionSuite/DBEISCarbonFactors.py",
  "lineno": "232",
  "column": "8",
  "context": "  hd6 = \"Column Text\"\n        hd7 = \"UOM\"\n        hd8 = \"GHG\"\n        hd9 = \"Factor\"\n        \n        \"\"\"\n      ",
  "context_lines": "        hd4 = \"Level 3\"\n        hd5 = \"Level 4\"\n        hd6 = \"Column Text\"\n        hd7 = \"UOM\"\n        hd8 = \"GHG\"\n        hd9 = \"Factor\"\n        \n        \"\"\"\n        Lets clear the table before we write to it to avoid duplicate \n        information\n",
  "slicing": [
   "        hd8 = \"GHG\"\n",
   "            if ws.cell(HeaderRow,col).value == hd8:\n"
  ]
 },
 "32": {
  "name": "hd9",
  "type": "str",
  "class": "build-in",
  "approach": "Pysonar2",
  "file_path": "CarbonEmissionSuite/DBEISCarbonFactors.py",
  "lineno": "233",
  "column": "8",
  "context": "\"\n        hd7 = \"UOM\"\n        hd8 = \"GHG\"\n        hd9 = \"Factor\"\n        \n        \"\"\"\n        Lets clear the table ",
  "context_lines": "        hd5 = \"Level 4\"\n        hd6 = \"Column Text\"\n        hd7 = \"UOM\"\n        hd8 = \"GHG\"\n        hd9 = \"Factor\"\n        \n        \"\"\"\n        Lets clear the table before we write to it to avoid duplicate \n        information\n",
  "slicing": [
   "        hd9 = \"Factor\"\n",
   "            if ws.cell(HeaderRow,col).value.find(hd9) != -1:\n"
  ]
 },
 "33": {
  "name": "HeaderRow",
  "type": "int",
  "class": "build-in",
  "approach": "Pysonar2",
  "file_path": "CarbonEmissionSuite/DBEISCarbonFactors.py",
  "lineno": "253",
  "column": "8",
  "context": "ite\n        database\n        \"\"\"\n        \n        HeaderRow = 0\n        \n        for row in range(0,10):\n         ",
  "context_lines": "        \"\"\"\n        Now lets scan the excel file for our data and write it to the sqlite\n        database\n        \"\"\"\n        \n        HeaderRow = 0\n        \n        for row in range(0,10):\n            for col in range(0,ws.ncols):\n                if ws.cell(row,col).value == \"Scope\":\n",
  "slicing": [
   "        HeaderRow = 0\n",
   "        ValuesRow = HeaderRow + 1\n",
   "            if ws.cell(HeaderRow,col).value == hd1:\n",
   "            if ws.cell(HeaderRow,col).value.find(hd2) != -1:\n",
   "            if ws.cell(HeaderRow,col).value.find(hd3) != -1:\n",
   "            if ws.cell(HeaderRow,col).value.find(hd4) != -1:\n",
   "            if ws.cell(HeaderRow,col).value.find(hd5) != -1:\n",
   "            if ws.cell(HeaderRow,col).value.find(hd6) != -1:\n",
   "            if ws.cell(HeaderRow,col).value == hd7:\n",
   "            if ws.cell(HeaderRow,col).value == hd8:\n",
   "            if ws.cell(HeaderRow,col).value.find(hd9) != -1:\n",
   "            for row in range(ValuesRow,ws.nrows):\n",
   "                    if ws.cell(row,col).value == \"N/A\":\n",
   "                        d.append(ws.cell(row,col).value)          \n"
  ]
 },
 "34": {
  "name": "HeaderRow",
  "type": "UNKNOWN",
  "class": "unknown",
  "approach": "annotation",
  "file_path": "CarbonEmissionSuite/DBEISCarbonFactors.py",
  "lineno": "258",
  "column": "20",
  "context": "ll(row,col).value == \"Scope\":\n                    HeaderRow = row\n                    \n        ValuesRow = HeaderRow",
  "context_lines": "        HeaderRow = 0\n        \n        for row in range(0,10):\n            for col in range(0,ws.ncols):\n                if ws.cell(row,col).value == \"Scope\":\n                    HeaderRow = row\n                    \n        ValuesRow = HeaderRow + 1\n        \n        for col in range(0,ws.ncols):         \n            if ws.cell(HeaderRow,col).value == hd1:\n",
  "slicing": [
   "                    HeaderRow = row\n",
   "        ValuesRow = HeaderRow + 1\n",
   "            if ws.cell(HeaderRow,col).value == hd1:\n",
   "            if ws.cell(HeaderRow,col).value.find(hd2) != -1:\n",
   "            if ws.cell(HeaderRow,col).value.find(hd3) != -1:\n",
   "            if ws.cell(HeaderRow,col).value.find(hd4) != -1:\n",
   "            if ws.cell(HeaderRow,col).value.find(hd5) != -1:\n",
   "            if ws.cell(HeaderRow,col).value.find(hd6) != -1:\n",
   "            if ws.cell(HeaderRow,col).value == hd7:\n",
   "            if ws.cell(HeaderRow,col).value == hd8:\n",
   "            if ws.cell(HeaderRow,col).value.find(hd9) != -1:\n",
   "            for row in range(ValuesRow,ws.nrows):\n",
   "                    if ws.cell(row,col).value == \"N/A\":\n",
   "                        d.append(ws.cell(row,col).value)          \n"
  ]
 },
 "35": {
  "name": "ValuesRow",
  "type": "int",
  "class": "build-in",
  "approach": "Pysonar2",
  "file_path": "CarbonEmissionSuite/DBEISCarbonFactors.py",
  "lineno": "260",
  "column": "8",
  "context": "     HeaderRow = row\n                    \n        ValuesRow = HeaderRow + 1\n        \n        for col in range(0,ws.ncols):    ",
  "context_lines": "        for row in range(0,10):\n            for col in range(0,ws.ncols):\n                if ws.cell(row,col).value == \"Scope\":\n                    HeaderRow = row\n                    \n        ValuesRow = HeaderRow + 1\n        \n        for col in range(0,ws.ncols):         \n            if ws.cell(HeaderRow,col).value == hd1:\n                hd['hd1'] = col\n",
  "slicing": [
   "        ValuesRow = HeaderRow + 1\n",
   "            for row in range(ValuesRow,ws.nrows):\n",
   "                    if ws.cell(row,col).value == \"N/A\":\n",
   "                        d.append(ws.cell(row,col).value)          \n"
  ]
 },
 "36": {
  "name": "d",
  "type": "list",
  "class": "build-in",
  "approach": "annotation",
  "file_path": "CarbonEmissionSuite/DBEISCarbonFactors.py",
  "lineno": "286",
  "column": "16",
  "context": "row in range(ValuesRow,ws.nrows):\n                d = []\n                for dT,col in hd.items():\n        ",
  "context_lines": "            else:\n                pass\n        \n        try:\n            for row in range(ValuesRow,ws.nrows):\n                d = []\n                for dT,col in hd.items():\n                    if ws.cell(row,col).value == \"N/A\":\n                        d.append(0)\n                    else:\n",
  "slicing": [
   "                d = []\n",
   "                        d.append(0)\n",
   "                        d.append(ws.cell(row,col).value)          \n",
   "                c.execute(insert_sql, d)\n"
  ]
 },
 "37": {
  "name": "insert_sql",
  "type": "str",
  "class": "build-in",
  "approach": "Pysonar2",
  "file_path": "CarbonEmissionSuite/DBEISCarbonFactors.py",
  "lineno": "292",
  "column": "16",
  "context": "ws.cell(row,col).value)          \n                insert_sql = f\"\"\"INSERT INTO {self.tableName} (Scope, Level_1,\n                Level_2, Level_3, Level_4, Columnt",
  "context_lines": "                    if ws.cell(row,col).value == \"N/A\":\n                        d.append(0)\n                    else:\n                        d.append(ws.cell(row,col).value)          \n                insert_sql = f\"\"\"INSERT INTO {self.tableName} (Scope, Level_1,\n                Level_2, Level_3, Level_4, Columntext, UOM, GHG,\n                GHG_Conversion_Factor) VALUES (?, ?, ?, ?, ?, ?, ?, ?, ?)\"\"\"\n                c.execute(insert_sql, d)\n            conn.commit()\n",
  "slicing": [
   "                insert_sql = f\"\"\"INSERT INTO {self.tableName} (Scope, Level_1,\n",
   "                c.execute(insert_sql, d)\n"
  ]
 },
 "38": {
  "name": "start",
  "type": "int",
  "class": "build-in",
  "approach": "Pysonar2",
  "file_path": "CarbonEmissionSuite/DBEISCarbonFactors.py",
  "lineno": "310",
  "column": "4",
  "context": "f __name__ == \"__main__\":  # pragma: no cover\n    start = time.time()\n    count = 0\n    for i in range(2014,Now[0]+1):\n ",
  "context_lines": "Definition of the instances for testing\n\nFrom 2014 onwards we have flat files, and before that advanced...\n\"\"\"\n\nif __name__ == \"__main__\":  # pragma: no cover\n    start = time.time()\n    count = 0\n    for i in range(2014,Now[0]+1):\n        try:\n            CarbonFactors(i)\n",
  "slicing": [
   "    start = time.time()\n",
   "    print(f\"Completed, I ran {count} operations.  It took\"\n"
  ]
 },
 "39": {
  "name": "count",
  "type": "int",
  "class": "build-in",
  "approach": "Pysonar2",
  "file_path": "CarbonEmissionSuite/DBEISCarbonFactors.py",
  "lineno": "311",
  "column": "4",
  "context": ":  # pragma: no cover\n    start = time.time()\n    count = 0\n    for i in range(2014,Now[0]+1):\n        try:\n  ",
  "context_lines": "From 2014 onwards we have flat files, and before that advanced...\n\"\"\"\n\nif __name__ == \"__main__\":  # pragma: no cover\n    start = time.time()\n    count = 0\n    for i in range(2014,Now[0]+1):\n        try:\n            CarbonFactors(i)\n            count = count + 1\n",
  "slicing": [
   "    count = 0\n",
   "            count = count + 1\n",
   "    print(f\"Completed, I ran {count} operations.  It took\"\n"
  ]
 },
 "40": {
  "name": "count",
  "type": "int",
  "class": "build-in",
  "approach": "Pysonar2",
  "file_path": "CarbonEmissionSuite/DBEISCarbonFactors.py",
  "lineno": "315",
  "column": "12",
  "context": "    try:\n            CarbonFactors(i)\n            count = count + 1\n        except Exception as e:\n            logging",
  "context_lines": "    count = 0\n    for i in range(2014,Now[0]+1):\n        try:\n            CarbonFactors(i)\n            count = count + 1\n        except Exception as e:\n            logging.debug(f\"Error: {e}\")\n            pass\n\n    end = time.time()    \n",
  "slicing": [
   "            count = count + 1\n",
   "    print(f\"Completed, I ran {count} operations.  It took\"\n"
  ]
 },
 "41": {
  "name": "end",
  "type": "int",
  "class": "build-in",
  "approach": "Pysonar2",
  "file_path": "CarbonEmissionSuite/DBEISCarbonFactors.py",
  "lineno": "320",
  "column": "4",
  "context": "ogging.debug(f\"Error: {e}\")\n            pass\n\n    end = time.time()    \n    print(f\"Completed, I ran {count} operations.  ",
  "context_lines": "            count = count + 1\n        except Exception as e:\n            logging.debug(f\"Error: {e}\")\n            pass\n\n    end = time.time()    \n    print(f\"Completed, I ran {count} operations.  It took\"\n",
  "slicing": [
   "    end = time.time()    \n",
   "    print(f\"Completed, I ran {count} operations.  It took\"\n"
  ]
 },
 "42": {
  "name": "year",
  "type": "int",
  "class": "build-in",
  "approach": "Pysonar2",
  "file_path": "CarbonEmissionSuite/DBEISCarbonFactors.py",
  "lineno": "49",
  "column": "22",
  "context": "SQLite\n    database\n    \"\"\"\n    def __init__(self,year):\n        #Provide the year and return a class insta",
  "context_lines": "    This class which will contain the year, url, and carbon factors\n    Each instance of the class will have its own table within the SQLite\n    database\n    \"\"\"\n    def __init__(self,year):\n        #Provide the year and return a class instance\n        #Set up the variables here\n        try:\n            int(year)\n",
  "slicing": "    def __init__(self,year):\n"
 },
 "43": {
  "name": "pageurl",
  "type": "str",
  "class": "build-in",
  "approach": "Pysonar2",
  "file_path": "CarbonEmissionSuite/DBEISCarbonFactors.py",
  "lineno": "112",
  "column": "23",
  "context": "the database\\n\")\n         \n    def urlCheck(self, pageurl):\n        #This function retrives the head of the ur",
  "context_lines": "                     \"Created table within database with name: \"\n                     f\"{self.tableName}\\n\"\n                     f\"Year: {self.year} has been downloaded and assimilated \"\n                     \"into the database\\n\")\n         \n    def urlCheck(self, pageurl):\n        #This function retrives the head of the url and checks the status code\n        request = requests.head(pageurl)\n        if request.status_code == 200:\n            return True\n",
  "slicing": "    def urlCheck(self, pageurl):\n"
 },
 "44": {
  "name": "listLinks",
  "type": "list",
  "class": "build-in",
  "approach": "Pysonar2",
  "file_path": "CarbonEmissionSuite/DBEISCarbonFactors.py",
  "lineno": "143",
  "column": "26",
  "context": "heuselessweb.com/\"\n    \n    def linkTypeFunc(self,listLinks):\n        \"\"\"\n        This subfunction is called fro",
  "context_lines": "                                         self.DownloadInfo])\n        except Exception as e:\n            logging.critical(f\"\\nError: {e}\\n\")\n            self.downloadLink = \"https://theuselessweb.com/\"\n    \n    def linkTypeFunc(self,listLinks):\n        \"\"\"\n        This subfunction is called from the FetchCF function and accepts a\n        list of urls from the webpage.  The function will then look for a flat\n        file first, then an advanced file, and finally an old style advanced\n",
  "slicing": "    def linkTypeFunc(self,listLinks):\n"
 },
 "45": {
  "name": "database",
  "type": "str",
  "class": "build-in",
  "approach": "Pysonar2",
  "file_path": "CarbonEmissionSuite/DBEISCarbonFactors.py",
  "lineno": "178",
  "column": "28",
  "context": "OWNLOAD: {e}\\n\")\n    \n    def sqlCreateTable(self,database):\n        '''\n        This function creates the sqli",
  "context_lines": "                os.makedirs(self.downloadDir,exist_ok=True)\n                wget.download(self.downloadLink,self.DownloadLocation)\n            except Exception as e:  # pragma: no cover\n                print(f\"ERROR WITH DOWNLOAD: {e}\\n\")\n    \n    def sqlCreateTable(self,database):\n        '''\n        This function creates the sqlite table within the db, and nothing more\n        '''\n        conn = sqlite3.connect(database)\n",
  "slicing": "    def sqlCreateTable(self,database):\n"
 },
 "46": {
  "name": "database",
  "type": "str",
  "class": "build-in",
  "approach": "Pysonar2",
  "file_path": "CarbonEmissionSuite/DBEISCarbonFactors.py",
  "lineno": "206",
  "column": "29",
  "context": "\")\n            \n    \n    def sqlDumpFlatFile(self,database):\n        \"\"\"\n        wb = Workbook\n        ws = Wor",
  "context_lines": "            conn.close()\n        except sqlite3.Error as e:  # pragma: no cover\n            logging.debug(\"Error when creating table named: \"\n                         f\"{self.tableName}.\\nError: {e}\")\n            \n    \n    def sqlDumpFlatFile(self,database):\n        \"\"\"\n        wb = Workbook\n        ws = Worksheet\n        d = Dictionary of values to be written to the SQL file (row by row)\n",
  "slicing": "    def sqlDumpFlatFile(self,database):\n"
 }
}