{
 "1": {
  "name": "readme",
  "type": "str",
  "class": "build-in",
  "approach": "Pysonar2",
  "file_path": "cde-cli/setup.py",
  "lineno": "9",
  "column": "4",
  "context": "ages\n\nwith open('README.rst') as readme_file:\n    readme = readme_file.read()\n\n\n# TODO\nrequirements = [\n    'GitPython',\n    \"Cl",
  "context_lines": "# -*- coding: utf-8 -*-\n\n\"\"\"The setup script.\"\"\"\n\nfrom setuptools import setup, find_packages\n\nwith open('README.rst') as readme_file:\n    readme = readme_file.read()\n\n\n# TODO\nrequirements = [\n    'GitPython',\n",
  "slicing": [
   "    readme = readme_file.read()\n",
   "    long_description=readme,\n"
  ]
 },
 "2": {
  "name": "requirements",
  "type": "list",
  "class": "build-in",
  "approach": "annotation",
  "file_path": "cde-cli/setup.py",
  "lineno": "13",
  "column": "0",
  "context": "me_file:\n    readme = readme_file.read()\n\n\n# TODO\nrequirements = [\n    'GitPython',\n    \"Click>=6.0\",\n    \"ruamel.yam",
  "context_lines": "from setuptools import setup, find_packages\n\nwith open('README.rst') as readme_file:\n    readme = readme_file.read()\n\n\n# TODO\nrequirements = [\n    'GitPython',\n    \"Click>=6.0\",\n    \"ruamel.yaml\",\n    \"docker\",\n",
  "slicing": [
   "requirements = [\n",
   "    install_requires=requirements,\n"
  ]
 },
 "3": {
  "name": "test_requirements",
  "type": "list",
  "class": "build-in",
  "approach": "annotation",
  "file_path": "cde-cli/setup.py",
  "lineno": "20",
  "column": "0",
  "context": "  \"ruamel.yaml\",\n    \"docker\",\n    \"dockerpty\",\n]\ntest_requirements = []\n\nsetup(\n    name='cde-cli',\n    version='0.3.1',\n ",
  "context_lines": "    \"ruamel.yaml\",\n    \"docker\",\n    \"dockerpty\",\n]\ntest_requirements = []\n\nsetup(\n    name='cde-cli',\n    version='0.3.1',\n",
  "slicing": [
   "test_requirements = []\n",
   "    tests_require=test_requirements,\n"
  ]
 },
 "4": {
  "name": "runner",
  "type": "click.testing.CliRunner",
  "class": "imported",
  "approach": "annotation",
  "file_path": "cde-cli/tests/test_cde.py",
  "lineno": "29",
  "column": "4",
  "context": "and_line_interface():\n    \"\"\"Test the CLI.\"\"\"\n    runner = CliRunner()\n    result = runner.invoke(cli.main)\n    assert re",
  "context_lines": "def test_content(response):\n    pass\n\n\ndef test_command_line_interface():\n    \"\"\"Test the CLI.\"\"\"\n    runner = CliRunner()\n    result = runner.invoke(cli.main)\n    assert result.exit_code == 0\n    help_result = runner.invoke(cli.main, ['--help'])\n    assert help_result.exit_code == 0\n",
  "slicing": [
   "    runner = CliRunner()\n",
   "    result = runner.invoke(cli.main)\n",
   "    assert result.exit_code == 0\n",
   "    help_result = runner.invoke(cli.main, ['--help'])\n",
   "    assert help_result.exit_code == 0\n",
   "    assert '--help  Show this message and exit.' in help_result.output\n"
  ]
 },
 "5": {
  "name": "result",
  "type": "UNKNOWN",
  "class": "unknown",
  "approach": "Pysonar2",
  "file_path": "cde-cli/tests/test_cde.py",
  "lineno": "30",
  "column": "4",
  "context": " \"\"\"Test the CLI.\"\"\"\n    runner = CliRunner()\n    result = runner.invoke(cli.main)\n    assert result.exit_code == 0\n    help_result =",
  "context_lines": "    pass\n\n\ndef test_command_line_interface():\n    \"\"\"Test the CLI.\"\"\"\n    runner = CliRunner()\n    result = runner.invoke(cli.main)\n    assert result.exit_code == 0\n    help_result = runner.invoke(cli.main, ['--help'])\n    assert help_result.exit_code == 0\n",
  "slicing": [
   "    result = runner.invoke(cli.main)\n",
   "    assert result.exit_code == 0\n"
  ]
 },
 "6": {
  "name": "help_result",
  "type": "UNKNOWN",
  "class": "unknown",
  "approach": "Pysonar2",
  "file_path": "cde-cli/tests/test_cde.py",
  "lineno": "32",
  "column": "4",
  "context": "ke(cli.main)\n    assert result.exit_code == 0\n    help_result = runner.invoke(cli.main, ['--help'])\n    assert help_result.exit_code == 0\n    assert '",
  "context_lines": "    \"\"\"Test the CLI.\"\"\"\n    runner = CliRunner()\n    result = runner.invoke(cli.main)\n    assert result.exit_code == 0\n    help_result = runner.invoke(cli.main, ['--help'])\n    assert help_result.exit_code == 0\n",
  "slicing": [
   "    help_result = runner.invoke(cli.main, ['--help'])\n",
   "    assert help_result.exit_code == 0\n",
   "    assert '--help  Show this message and exit.' in help_result.output\n"
  ]
 },
 "7": {
  "name": "CFG",
  "type": "UNKNOWN",
  "class": "unknown",
  "approach": "annotation",
  "file_path": "cde-cli/cde/cli.py",
  "lineno": "15",
  "column": "0",
  "context": "it.exc\n\nimport cde.config\n# import cde.container\n\nCFG = None\nrepo_sync_result = collections.namedtuple(\n    'Sy",
  "context_lines": "import git\nimport git.exc\n\nimport cde.config\n# import cde.container\n\nCFG = None\nrepo_sync_result = collections.namedtuple(\n    'SyncResult', ['count_push', 'count_pull', 'changed'])\n\n\n@click.group()\ndef main():\n",
  "slicing": [
   "CFG = None\n",
   "    if not cde.config.validate(CFG):\n",
   "@repo.command()\n",
   "    for name, repo_cfg in CFG.get('repos', {}).items():\n",
   "        if name in exclude:\n",
   "            click.echo('🙈 {} skipped.'.format(name) + '                     ')\n",
   "        path = Path('.') / name\n",
   "        if os.path.exists(path):\n",
   "            print('▽ {} fetching...'.format(name), end='', flush=True)\n",
   "            repo = git.Repo(str(path))\n",
   "            prev_branch = repo.active_branch\n",
   "            for remote in repo.remotes:\n",
   "                remote.fetch()\n",
   "            msg = f'\\r▽ {name} fetched, analyzing changes'\n",
   "            print(msg, end='', flush=True)\n",
   "            if repo.is_dirty():\n",
   "                        f'\\r✖ {name} dirty, not updating          ', fg='red')\n",
   "                    stashed_changes = diff_count(repo)\n",
   "                    repo.git.stash('save', 'cde sync')\n",
   "                result = update_repo(repo, branch)\n",
   "                click.secho(f'\\r✖ {name} ERROR, not updating: {e}', fg='red')\n",
   "            print('▽ {} cloning...'.format(name), end='', flush=True)\n",
   "            repo = git.Repo.clone_from(repo_cfg['url'], str(path))\n",
   "        out = click.style(f'\\r✔ {name}')\n",
   "        out += f' [{repo.active_branch}'\n",
   "        if result.count_pull:\n",
   "            out += f' ↓·{result.count_pull}'\n",
   "        if result.count_push:\n",
   "            out += f' ↑·{result.count_push}'\n",
   "        branch_changed = repo.active_branch != prev_branch\n",
   "        if stashed_changes is not None:\n",
   "            if result.changed or branch_changed:\n",
   "                out += f'📦·{stashed_changes}'\n",
   "                repo.git.stash('pop')\n",
   "        if result.count_push and result.count_pull:\n",
   "            out += f'(SHA1: {repo.rev_parse(str(repo.active_branch))})'\n",
   "        click.echo(out + '                     ')\n",
   "    name = name.upper().replace('-', '_')\n",
   "    return name\n",
   "    for name, repo in CFG['repos'].items():\n",
   "        if 'commit' not in repo:\n",
   "        env_var = env_var_name(name)\n",
   "        print('{}={}'.format(env_var, repo['commit']))\n"
  ]
 },
 "8": {
  "name": "repo_sync_result",
  "type": "UNKNOWN",
  "class": "unknown",
  "approach": "Pysonar2",
  "file_path": "cde-cli/cde/cli.py",
  "lineno": "16",
  "column": "0",
  "context": "ort cde.config\n# import cde.container\n\nCFG = None\nrepo_sync_result = collections.namedtuple(\n    'SyncResult', ['count_push', 'count_pull', 'ch",
  "context_lines": "import git.exc\n\nimport cde.config\n# import cde.container\n\nCFG = None\nrepo_sync_result = collections.namedtuple(\n    'SyncResult', ['count_push', 'count_pull', 'changed'])\n\n\n@click.group()\ndef main():\n    global CFG\n",
  "slicing": [
   "repo_sync_result = collections.namedtuple(\n",
   "    return repo_sync_result(count_push, count_pull, changed)\n",
   "        result = repo_sync_result(0, 0, False)\n",
   "            result = repo_sync_result(0, 0, changed=True)\n",
   "        if result.count_pull:\n",
   "            out += f' ↓·{result.count_pull}'\n",
   "        if result.count_push:\n",
   "            out += f' ↑·{result.count_push}'\n",
   "            if result.changed or branch_changed:\n",
   "        if result.count_push and result.count_pull:\n",
   "        click.echo(out + '                     ')\n"
  ]
 },
 "9": {
  "name": "CFG",
  "type": "UNKNOWN",
  "class": "unknown",
  "approach": "UNKNOWN",
  "file_path": "cde-cli/cde/cli.py",
  "lineno": "23",
  "column": "4",
  "context": ")\n\n\n@click.group()\ndef main():\n    global CFG\n    CFG = cde.config.load()\n    if not cde.config.validate(CFG):\n        sys.e",
  "context_lines": "    'SyncResult', ['count_push', 'count_pull', 'changed'])\n\n\n@click.group()\ndef main():\n    global CFG\n    CFG = cde.config.load()\n    if not cde.config.validate(CFG):\n        sys.exit(1)\n\n\n# @main.command()\n# def shell():\n",
  "slicing": [
   "    CFG = cde.config.load()\n",
   "    if not cde.config.validate(CFG):\n",
   "@repo.command()\n",
   "    for name, repo_cfg in CFG.get('repos', {}).items():\n",
   "        if name in exclude:\n",
   "            click.echo('🙈 {} skipped.'.format(name) + '                     ')\n",
   "        path = Path('.') / name\n",
   "        if os.path.exists(path):\n",
   "            print('▽ {} fetching...'.format(name), end='', flush=True)\n",
   "            repo = git.Repo(str(path))\n",
   "            prev_branch = repo.active_branch\n",
   "            for remote in repo.remotes:\n",
   "                remote.fetch()\n",
   "            msg = f'\\r▽ {name} fetched, analyzing changes'\n",
   "            print(msg, end='', flush=True)\n",
   "            if repo.is_dirty():\n",
   "                        f'\\r✖ {name} dirty, not updating          ', fg='red')\n",
   "                    stashed_changes = diff_count(repo)\n",
   "                    repo.git.stash('save', 'cde sync')\n",
   "                result = update_repo(repo, branch)\n",
   "                click.secho(f'\\r✖ {name} ERROR, not updating: {e}', fg='red')\n",
   "            print('▽ {} cloning...'.format(name), end='', flush=True)\n",
   "            repo = git.Repo.clone_from(repo_cfg['url'], str(path))\n",
   "        out = click.style(f'\\r✔ {name}')\n",
   "        out += f' [{repo.active_branch}'\n",
   "        if result.count_pull:\n",
   "            out += f' ↓·{result.count_pull}'\n",
   "        if result.count_push:\n",
   "            out += f' ↑·{result.count_push}'\n",
   "        branch_changed = repo.active_branch != prev_branch\n",
   "        if stashed_changes is not None:\n",
   "            if result.changed or branch_changed:\n",
   "                out += f'📦·{stashed_changes}'\n",
   "                repo.git.stash('pop')\n",
   "        if result.count_push and result.count_pull:\n",
   "            out += f'(SHA1: {repo.rev_parse(str(repo.active_branch))})'\n",
   "        click.echo(out + '                     ')\n",
   "    name = name.upper().replace('-', '_')\n",
   "    return name\n",
   "    for name, repo in CFG['repos'].items():\n",
   "        if 'commit' not in repo:\n",
   "        env_var = env_var_name(name)\n",
   "        print('{}={}'.format(env_var, repo['commit']))\n"
  ]
 },
 "10": {
  "name": "remote",
  "type": "str",
  "class": "build-in",
  "approach": "Pysonar2",
  "file_path": "cde-cli/cde/cli.py",
  "lineno": "46",
  "column": "4",
  "context": "           repo.git.checkout('master', '--')\n\n    remote = f'{repo.active_branch}' + '@{u}'\n    count_pull = len(\n        list(repo.iter_commi",
  "context_lines": "        try:\n            repo.git.checkout(target_branch, '--')\n        except git.exc.GitCommandError:\n            repo.git.checkout('master', '--')\n\n    remote = f'{repo.active_branch}' + '@{u}'\n    count_pull = len(\n        list(repo.iter_commits(f'{repo.active_branch}..{remote}')))\n    count_push = len(\n        list(repo.iter_commits(f'{remote}..{repo.active_branch}')))\n",
  "slicing": [
   "    remote = f'{repo.active_branch}' + '@{u}'\n",
   "        list(repo.iter_commits(f'{repo.active_branch}..{remote}')))\n",
   "        list(repo.iter_commits(f'{remote}..{repo.active_branch}')))\n",
   "                remote.fetch()\n"
  ]
 },
 "11": {
  "name": "count_pull",
  "type": "UNKNOWN",
  "class": "unknown",
  "approach": "annotation",
  "file_path": "cde-cli/cde/cli.py",
  "lineno": "47",
  "column": "4",
  "context": "    remote = f'{repo.active_branch}' + '@{u}'\n    count_pull = len(\n        list(repo.iter_commits(f'{repo.active_bran",
  "context_lines": "            repo.git.checkout(target_branch, '--')\n        except git.exc.GitCommandError:\n            repo.git.checkout('master', '--')\n\n    remote = f'{repo.active_branch}' + '@{u}'\n    count_pull = len(\n        list(repo.iter_commits(f'{repo.active_branch}..{remote}')))\n    count_push = len(\n        list(repo.iter_commits(f'{remote}..{repo.active_branch}')))\n    changed = False\n\n",
  "slicing": [
   "    count_pull = len(\n",
   "    if count_push == 0 and count_pull:\n",
   "    return repo_sync_result(count_push, count_pull, changed)\n"
  ]
 },
 "12": {
  "name": "count_push",
  "type": "UNKNOWN",
  "class": "unknown",
  "approach": "annotation",
  "file_path": "cde-cli/cde/cli.py",
  "lineno": "49",
  "column": "4",
  "context": "_commits(f'{repo.active_branch}..{remote}')))\n    count_push = len(\n        list(repo.iter_commits(f'{remote}..{repo.a",
  "context_lines": "            repo.git.checkout('master', '--')\n\n    remote = f'{repo.active_branch}' + '@{u}'\n    count_pull = len(\n        list(repo.iter_commits(f'{repo.active_branch}..{remote}')))\n    count_push = len(\n        list(repo.iter_commits(f'{remote}..{repo.active_branch}')))\n    changed = False\n\n    if count_push == 0 and count_pull:\n        changed = True\n",
  "slicing": [
   "    count_push = len(\n",
   "    if count_push == 0 and count_pull:\n",
   "    return repo_sync_result(count_push, count_pull, changed)\n"
  ]
 },
 "13": {
  "name": "changed",
  "type": "bool",
  "class": "build-in",
  "approach": "annotation",
  "file_path": "cde-cli/cde/cli.py",
  "lineno": "51",
  "column": "4",
  "context": "_commits(f'{remote}..{repo.active_branch}')))\n    changed = False\n\n    if count_push == 0 and count_pull:\n        ch",
  "context_lines": "    count_pull = len(\n        list(repo.iter_commits(f'{repo.active_branch}..{remote}')))\n    count_push = len(\n        list(repo.iter_commits(f'{remote}..{repo.active_branch}')))\n    changed = False\n\n    if count_push == 0 and count_pull:\n        changed = True\n        # TODO, not just assome 'origin' does exist\n",
  "slicing": [
   "    changed = False\n",
   "    return repo_sync_result(count_push, count_pull, changed)\n"
  ]
 },
 "14": {
  "name": "changed",
  "type": "bool",
  "class": "build-in",
  "approach": "annotation",
  "file_path": "cde-cli/cde/cli.py",
  "lineno": "54",
  "column": "8",
  "context": "e\n\n    if count_push == 0 and count_pull:\n        changed = True\n        # TODO, not just assome 'origin' does exis",
  "context_lines": "    count_push = len(\n        list(repo.iter_commits(f'{remote}..{repo.active_branch}')))\n    changed = False\n\n    if count_push == 0 and count_pull:\n        changed = True\n        # TODO, not just assome 'origin' does exist\n        repo.remotes['origin'].pull(\"--rebase\")\n\n    return repo_sync_result(count_push, count_pull, changed)\n\n\ndef diff_count(repo):\n",
  "slicing": [
   "        changed = True\n",
   "    return repo_sync_result(count_push, count_pull, changed)\n"
  ]
 },
 "15": {
  "name": "change_types",
  "type": "tuple",
  "class": "build-in",
  "approach": "annotation",
  "file_path": "cde-cli/cde/cli.py",
  "lineno": "64",
  "column": "4",
  "context": "\n    \"\"\"Count the number of local changes\"\"\"\n\n    change_types = ('A', 'D', 'R', 'M', 'T')\n    diff_index = repo.index.diff(None)\n\n    # TODO",
  "context_lines": "        repo.remotes['origin'].pull(\"--rebase\")\n\n    return repo_sync_result(count_push, count_pull, changed)\n\n\ndef diff_count(repo):\n    \"\"\"Count the number of local changes\"\"\"\n\n    change_types = ('A', 'D', 'R', 'M', 'T')\n    diff_index = repo.index.diff(None)\n\n    # TODO Better way to count all changes\n    total = 0\n    for change_type in change_types:\n",
  "slicing": [
   "    change_types = ('A', 'D', 'R', 'M', 'T')\n",
   "    for change_type in change_types:\n",
   "        change_iterable = diff_index.iter_change_type(change_type)\n",
   "        for diff in change_iterable:\n"
  ]
 },
 "16": {
  "name": "diff_index",
  "type": "UNKNOWN",
  "class": "unknown",
  "approach": "Pysonar2",
  "file_path": "cde-cli/cde/cli.py",
  "lineno": "65",
  "column": "4",
  "context": "\n    change_types = ('A', 'D', 'R', 'M', 'T')\n    diff_index = repo.index.diff(None)\n\n    # TODO Better way to count all changes\n    to",
  "context_lines": "    return repo_sync_result(count_push, count_pull, changed)\n\n\ndef diff_count(repo):\n    \"\"\"Count the number of local changes\"\"\"\n\n    change_types = ('A', 'D', 'R', 'M', 'T')\n    diff_index = repo.index.diff(None)\n\n    # TODO Better way to count all changes\n    total = 0\n    for change_type in change_types:\n",
  "slicing": [
   "    diff_index = repo.index.diff(None)\n",
   "        change_iterable = diff_index.iter_change_type(change_type)\n",
   "        for diff in change_iterable:\n"
  ]
 },
 "17": {
  "name": "total",
  "type": "int",
  "class": "build-in",
  "approach": "Pysonar2",
  "file_path": "cde-cli/cde/cli.py",
  "lineno": "68",
  "column": "4",
  "context": ")\n\n    # TODO Better way to count all changes\n    total = 0\n    for change_type in change_types:\n        chang",
  "context_lines": "    \"\"\"Count the number of local changes\"\"\"\n\n    change_types = ('A', 'D', 'R', 'M', 'T')\n    diff_index = repo.index.diff(None)\n\n    # TODO Better way to count all changes\n    total = 0\n    for change_type in change_types:\n        change_iterable = diff_index.iter_change_type(change_type)\n\n        for diff in change_iterable:\n            total += 1\n\n",
  "slicing": [
   "    total = 0\n",
   "    return total\n"
  ]
 },
 "18": {
  "name": "change_iterable",
  "type": "UNKNOWN",
  "class": "unknown",
  "approach": "Pysonar2",
  "file_path": "cde-cli/cde/cli.py",
  "lineno": "70",
  "column": "8",
  "context": " = 0\n    for change_type in change_types:\n        change_iterable = diff_index.iter_change_type(change_type)\n\n        for diff in change_iterable:\n            ",
  "context_lines": "    diff_index = repo.index.diff(None)\n\n    # TODO Better way to count all changes\n    total = 0\n    for change_type in change_types:\n        change_iterable = diff_index.iter_change_type(change_type)\n\n        for diff in change_iterable:\n            total += 1\n\n    return total\n\n\n",
  "slicing": [
   "        change_iterable = diff_index.iter_change_type(change_type)\n",
   "        for diff in change_iterable:\n"
  ]
 },
 "19": {
  "name": "total",
  "type": "int",
  "class": "build-in",
  "approach": "Pysonar2",
  "file_path": "cde-cli/cde/cli.py",
  "lineno": "73",
  "column": "12",
  "context": "\n        for diff in change_iterable:\n            total += 1\n\n    return total\n\n\n@repo.command()\n@click.option(",
  "context_lines": "    total = 0\n    for change_type in change_types:\n        change_iterable = diff_index.iter_change_type(change_type)\n\n        for diff in change_iterable:\n            total += 1\n\n    return total\n\n\n@repo.command()\n@click.option(\n",
  "slicing": [
   "            total += 1\n",
   "    return total\n"
  ]
 },
 "20": {
  "name": "path",
  "type": "UNKNOWN",
  "class": "unknown",
  "approach": "Pysonar2",
  "file_path": "cde-cli/cde/cli.py",
  "lineno": "110",
  "column": "8",
  "context": "                 ')\n            continue\n\n        path = Path('.') / name\n\n        result = repo_sync_result(0, 0, False)\n  ",
  "context_lines": "    for name, repo_cfg in CFG.get('repos', {}).items():\n        if name in exclude:\n            click.echo('🙈 {} skipped.'.format(name) + '                     ')\n            continue\n\n        path = Path('.') / name\n\n        result = repo_sync_result(0, 0, False)\n        stashed_changes = None\n        prev_branch = None\n\n",
  "slicing": [
   "@repo.command()\n",
   "        path = Path('.') / name\n",
   "        if os.path.exists(path):\n",
   "            repo = git.Repo(str(path))\n",
   "            prev_branch = repo.active_branch\n",
   "            for remote in repo.remotes:\n",
   "                remote.fetch()\n",
   "            if repo.is_dirty():\n",
   "                    stashed_changes = diff_count(repo)\n",
   "                    repo.git.stash('save', 'cde sync')\n",
   "                result = update_repo(repo, branch)\n",
   "            repo = git.Repo.clone_from(repo_cfg['url'], str(path))\n",
   "        out += f' [{repo.active_branch}'\n",
   "        if result.count_pull:\n",
   "            out += f' ↓·{result.count_pull}'\n",
   "        if result.count_push:\n",
   "            out += f' ↑·{result.count_push}'\n",
   "        branch_changed = repo.active_branch != prev_branch\n",
   "        if stashed_changes is not None:\n",
   "            if result.changed or branch_changed:\n",
   "                out += f'📦·{stashed_changes}'\n",
   "                repo.git.stash('pop')\n",
   "        if result.count_push and result.count_pull:\n",
   "            out += f'(SHA1: {repo.rev_parse(str(repo.active_branch))})'\n",
   "        click.echo(out + '                     ')\n",
   "        if 'commit' not in repo:\n",
   "        print('{}={}'.format(env_var, repo['commit']))\n"
  ]
 },
 "21": {
  "name": "result",
  "type": "UNKNOWN",
  "class": "unknown",
  "approach": "annotation",
  "file_path": "cde-cli/cde/cli.py",
  "lineno": "112",
  "column": "8",
  "context": "ontinue\n\n        path = Path('.') / name\n\n        result = repo_sync_result(0, 0, False)\n        stashed_changes = None\n        prev_branch",
  "context_lines": "        if name in exclude:\n            click.echo('🙈 {} skipped.'.format(name) + '                     ')\n            continue\n\n        path = Path('.') / name\n\n        result = repo_sync_result(0, 0, False)\n        stashed_changes = None\n        prev_branch = None\n\n        if os.path.exists(path):\n            # todo check remote URL\n",
  "slicing": [
   "        result = repo_sync_result(0, 0, False)\n",
   "        if result.count_pull:\n",
   "            out += f' ↓·{result.count_pull}'\n",
   "        if result.count_push:\n",
   "            out += f' ↑·{result.count_push}'\n",
   "            if result.changed or branch_changed:\n",
   "        if result.count_push and result.count_pull:\n",
   "        click.echo(out + '                     ')\n"
  ]
 },
 "22": {
  "name": "stashed_changes",
  "type": "UNKNOWN",
  "class": "unknown",
  "approach": "annotation",
  "file_path": "cde-cli/cde/cli.py",
  "lineno": "113",
  "column": "8",
  "context": "   result = repo_sync_result(0, 0, False)\n        stashed_changes = None\n        prev_branch = None\n\n        if os.path.exi",
  "context_lines": "            click.echo('🙈 {} skipped.'.format(name) + '                     ')\n            continue\n\n        path = Path('.') / name\n\n        result = repo_sync_result(0, 0, False)\n        stashed_changes = None\n        prev_branch = None\n\n        if os.path.exists(path):\n            # todo check remote URL\n            print('▽ {} fetching...'.format(name), end='', flush=True)\n",
  "slicing": [
   "        stashed_changes = None\n",
   "        if stashed_changes is not None:\n",
   "                out += f'📦·{stashed_changes}'\n",
   "        click.echo(out + '                     ')\n"
  ]
 },
 "23": {
  "name": "prev_branch",
  "type": "UNKNOWN",
  "class": "unknown",
  "approach": "annotation",
  "file_path": "cde-cli/cde/cli.py",
  "lineno": "114",
  "column": "8",
  "context": " 0, False)\n        stashed_changes = None\n        prev_branch = None\n\n        if os.path.exists(path):\n            # to",
  "context_lines": "            continue\n\n        path = Path('.') / name\n\n        result = repo_sync_result(0, 0, False)\n        stashed_changes = None\n        prev_branch = None\n\n        if os.path.exists(path):\n            # todo check remote URL\n            print('▽ {} fetching...'.format(name), end='', flush=True)\n",
  "slicing": [
   "        prev_branch = None\n",
   "        branch_changed = repo.active_branch != prev_branch\n",
   "            if result.changed or branch_changed:\n"
  ]
 },
 "24": {
  "name": "repo",
  "type": "UNKNOWN",
  "class": "unknown",
  "approach": "Pysonar2",
  "file_path": "cde-cli/cde/cli.py",
  "lineno": "119",
  "column": "12",
  "context": "..'.format(name), end='', flush=True)\n            repo = git.Repo(str(path))\n            prev_branch = repo.active_branch\n\n    ",
  "context_lines": "        prev_branch = None\n\n        if os.path.exists(path):\n            # todo check remote URL\n            print('▽ {} fetching...'.format(name), end='', flush=True)\n            repo = git.Repo(str(path))\n            prev_branch = repo.active_branch\n\n            for remote in repo.remotes:\n                remote.fetch()\n            msg = f'\\r▽ {name} fetched, analyzing changes'\n",
  "slicing": [
   "@repo.command()\n",
   "            repo = git.Repo(str(path))\n",
   "            prev_branch = repo.active_branch\n",
   "            for remote in repo.remotes:\n",
   "                remote.fetch()\n",
   "            if repo.is_dirty():\n",
   "                    stashed_changes = diff_count(repo)\n",
   "                    repo.git.stash('save', 'cde sync')\n",
   "                result = update_repo(repo, branch)\n",
   "        out += f' [{repo.active_branch}'\n",
   "        if result.count_pull:\n",
   "            out += f' ↓·{result.count_pull}'\n",
   "        if result.count_push:\n",
   "            out += f' ↑·{result.count_push}'\n",
   "        branch_changed = repo.active_branch != prev_branch\n",
   "        if stashed_changes is not None:\n",
   "            if result.changed or branch_changed:\n",
   "                out += f'📦·{stashed_changes}'\n",
   "                repo.git.stash('pop')\n",
   "        if result.count_push and result.count_pull:\n",
   "            out += f'(SHA1: {repo.rev_parse(str(repo.active_branch))})'\n",
   "        click.echo(out + '                     ')\n",
   "        if 'commit' not in repo:\n",
   "        print('{}={}'.format(env_var, repo['commit']))\n"
  ]
 },
 "25": {
  "name": "prev_branch",
  "type": "UNKNOWN",
  "class": "unknown",
  "approach": "Pysonar2",
  "file_path": "cde-cli/cde/cli.py",
  "lineno": "120",
  "column": "12",
  "context": "           repo = git.Repo(str(path))\n            prev_branch = repo.active_branch\n\n            for remote in repo.remotes:\n         ",
  "context_lines": "        if os.path.exists(path):\n            # todo check remote URL\n            print('▽ {} fetching...'.format(name), end='', flush=True)\n            repo = git.Repo(str(path))\n            prev_branch = repo.active_branch\n\n            for remote in repo.remotes:\n                remote.fetch()\n            msg = f'\\r▽ {name} fetched, analyzing changes'\n",
  "slicing": [
   "            prev_branch = repo.active_branch\n",
   "        branch_changed = repo.active_branch != prev_branch\n",
   "            if result.changed or branch_changed:\n"
  ]
 },
 "26": {
  "name": "msg",
  "type": "str",
  "class": "build-in",
  "approach": "Pysonar2",
  "file_path": "cde-cli/cde/cli.py",
  "lineno": "124",
  "column": "12",
  "context": "motes:\n                remote.fetch()\n            msg = f'\\r▽ {name} fetched, analyzing changes'\n            print(msg, end='', flush=True)\n       ",
  "context_lines": "            repo = git.Repo(str(path))\n            prev_branch = repo.active_branch\n\n            for remote in repo.remotes:\n                remote.fetch()\n            msg = f'\\r▽ {name} fetched, analyzing changes'\n            print(msg, end='', flush=True)\n            if repo.is_dirty():\n                if not stash:\n                    click.secho(\n",
  "slicing": [
   "            msg = f'\\r▽ {name} fetched, analyzing changes'\n",
   "            print(msg, end='', flush=True)\n"
  ]
 },
 "27": {
  "name": "flags",
  "type": "str",
  "class": "build-in",
  "approach": "Pysonar2",
  "file_path": "cde-cli/cde/cli.py",
  "lineno": "146",
  "column": "8",
  "context": "t = repo_sync_result(0, 0, changed=True)\n\n        flags = ''\n        # ' ↓·62↑·1|✚'\n        # if changed -> BOL",
  "context_lines": "        else:\n            print('▽ {} cloning...'.format(name), end='', flush=True)\n\n            repo = git.Repo.clone_from(repo_cfg['url'], str(path))\n            result = repo_sync_result(0, 0, changed=True)\n\n        flags = ''\n        # ' ↓·62↑·1|✚'\n        # if changed -> BOLD\n        out = click.style(f'\\r✔ {name}')\n        out += f' [{repo.active_branch}'\n\n",
  "slicing": "        flags = ''\n"
 },
 "28": {
  "name": "out",
  "type": "UNKNOWN",
  "class": "unknown",
  "approach": "Pysonar2",
  "file_path": "cde-cli/cde/cli.py",
  "lineno": "149",
  "column": "8",
  "context": "' ↓·62↑·1|✚'\n        # if changed -> BOLD\n        out = click.style(f'\\r✔ {name}')\n        out += f' [{repo.active_branch}'\n\n        ",
  "context_lines": "            result = repo_sync_result(0, 0, changed=True)\n\n        flags = ''\n        # ' ↓·62↑·1|✚'\n        # if changed -> BOLD\n        out = click.style(f'\\r✔ {name}')\n        out += f' [{repo.active_branch}'\n\n        if result.count_pull:\n            out += f' ↓·{result.count_pull}'\n        if result.count_push:\n",
  "slicing": [
   "        out = click.style(f'\\r✔ {name}')\n",
   "        click.echo(out + '                     ')\n"
  ]
 },
 "29": {
  "name": "out",
  "type": "str",
  "class": "build-in",
  "approach": "Pysonar2",
  "file_path": "cde-cli/cde/cli.py",
  "lineno": "150",
  "column": "8",
  "context": "\n        out = click.style(f'\\r✔ {name}')\n        out += f' [{repo.active_branch}'\n\n        if result.count_pull:\n            out += ",
  "context_lines": "        flags = ''\n        # ' ↓·62↑·1|✚'\n        # if changed -> BOLD\n        out = click.style(f'\\r✔ {name}')\n        out += f' [{repo.active_branch}'\n\n        if result.count_pull:\n            out += f' ↓·{result.count_pull}'\n        if result.count_push:\n",
  "slicing": [
   "        out += f' [{repo.active_branch}'\n",
   "        click.echo(out + '                     ')\n"
  ]
 },
 "30": {
  "name": "out",
  "type": "str",
  "class": "build-in",
  "approach": "Pysonar2",
  "file_path": "cde-cli/cde/cli.py",
  "lineno": "153",
  "column": "12",
  "context": "anch}'\n\n        if result.count_pull:\n            out += f' ↓·{result.count_pull}'\n        if result.count_push:\n            out += f",
  "context_lines": "        # if changed -> BOLD\n        out = click.style(f'\\r✔ {name}')\n        out += f' [{repo.active_branch}'\n\n        if result.count_pull:\n            out += f' ↓·{result.count_pull}'\n        if result.count_push:\n            out += f' ↑·{result.count_push}'\n\n        branch_changed = repo.active_branch != prev_branch\n        if stashed_changes is not None:\n",
  "slicing": [
   "            out += f' ↓·{result.count_pull}'\n",
   "        click.echo(out + '                     ')\n"
  ]
 },
 "31": {
  "name": "out",
  "type": "str",
  "class": "build-in",
  "approach": "Pysonar2",
  "file_path": "cde-cli/cde/cli.py",
  "lineno": "155",
  "column": "12",
  "context": "_pull}'\n        if result.count_push:\n            out += f' ↑·{result.count_push}'\n\n        branch_changed = repo.active_branch != pr",
  "context_lines": "        out += f' [{repo.active_branch}'\n\n        if result.count_pull:\n            out += f' ↓·{result.count_pull}'\n        if result.count_push:\n            out += f' ↑·{result.count_push}'\n\n        branch_changed = repo.active_branch != prev_branch\n        if stashed_changes is not None:\n            if result.changed or branch_changed:\n",
  "slicing": [
   "            out += f' ↑·{result.count_push}'\n",
   "        click.echo(out + '                     ')\n"
  ]
 },
 "32": {
  "name": "branch_changed",
  "type": "bool",
  "class": "build-in",
  "approach": "Pysonar2",
  "file_path": "cde-cli/cde/cli.py",
  "lineno": "157",
  "column": "8",
  "context": "        out += f' ↑·{result.count_push}'\n\n        branch_changed = repo.active_branch != prev_branch\n        if stashed_changes is not None:\n          ",
  "context_lines": "        if result.count_pull:\n            out += f' ↓·{result.count_pull}'\n        if result.count_push:\n            out += f' ↑·{result.count_push}'\n\n        branch_changed = repo.active_branch != prev_branch\n        if stashed_changes is not None:\n            if result.changed or branch_changed:\n                out += f'📦·{stashed_changes}'\n            else:\n",
  "slicing": [
   "        branch_changed = repo.active_branch != prev_branch\n",
   "            if result.changed or branch_changed:\n"
  ]
 },
 "33": {
  "name": "out",
  "type": "str",
  "class": "build-in",
  "approach": "Pysonar2",
  "file_path": "cde-cli/cde/cli.py",
  "lineno": "160",
  "column": "16",
  "context": "result.changed or branch_changed:\n                out += f'📦·{stashed_changes}'\n            else:\n                # No need to kee",
  "context_lines": "            out += f' ↑·{result.count_push}'\n\n        branch_changed = repo.active_branch != prev_branch\n        if stashed_changes is not None:\n            if result.changed or branch_changed:\n                out += f'📦·{stashed_changes}'\n            else:\n                # No need to keep the stash if we did not sync anything\n                repo.git.stash('pop')\n\n        if result.count_push and result.count_pull:\n",
  "slicing": [
   "                out += f'📦·{stashed_changes}'\n",
   "        click.echo(out + '                     ')\n"
  ]
 },
 "34": {
  "name": "out",
  "type": "str",
  "class": "build-in",
  "approach": "Pysonar2",
  "file_path": "cde-cli/cde/cli.py",
  "lineno": "166",
  "column": "12",
  "context": "ult.count_push and result.count_pull:\n            out += click.style(' not pulled', bold=True)\n\n        out += ']'\n\n        if verbose:\n         ",
  "context_lines": "            else:\n                # No need to keep the stash if we did not sync anything\n                repo.git.stash('pop')\n\n        if result.count_push and result.count_pull:\n            out += click.style(' not pulled', bold=True)\n\n        out += ']'\n\n        if verbose:\n            out += f'(SHA1: {repo.rev_parse(str(repo.active_branch))})'\n\n",
  "slicing": [
   "            out += click.style(' not pulled', bold=True)\n",
   "        click.echo(out + '                     ')\n"
  ]
 },
 "35": {
  "name": "out",
  "type": "str",
  "class": "build-in",
  "approach": "Pysonar2",
  "file_path": "cde-cli/cde/cli.py",
  "lineno": "168",
  "column": "8",
  "context": "+= click.style(' not pulled', bold=True)\n\n        out += ']'\n\n        if verbose:\n            out += f'(SHA1: {",
  "context_lines": "                # No need to keep the stash if we did not sync anything\n                repo.git.stash('pop')\n\n        if result.count_push and result.count_pull:\n            out += click.style(' not pulled', bold=True)\n\n        out += ']'\n\n        if verbose:\n            out += f'(SHA1: {repo.rev_parse(str(repo.active_branch))})'\n\n        # TODO make something more... sensible with whitespaces\n",
  "slicing": [
   "        out += ']'\n",
   "        click.echo(out + '                     ')\n"
  ]
 },
 "36": {
  "name": "out",
  "type": "str",
  "class": "build-in",
  "approach": "Pysonar2",
  "file_path": "cde-cli/cde/cli.py",
  "lineno": "171",
  "column": "12",
  "context": "      out += ']'\n\n        if verbose:\n            out += f'(SHA1: {repo.rev_parse(str(repo.active_branch))})'\n\n        # TODO make something more... sensible wi",
  "context_lines": "        if result.count_push and result.count_pull:\n            out += click.style(' not pulled', bold=True)\n\n        out += ']'\n\n        if verbose:\n            out += f'(SHA1: {repo.rev_parse(str(repo.active_branch))})'\n\n        # TODO make something more... sensible with whitespaces\n        # click.get_terminal_size()\n        click.echo(out + '                     ')\n\n\n",
  "slicing": [
   "            out += f'(SHA1: {repo.rev_parse(str(repo.active_branch))})'\n",
   "        click.echo(out + '                     ')\n"
  ]
 },
 "37": {
  "name": "stashed_changes",
  "type": "UNKNOWN",
  "class": "unknown",
  "approach": "annotation",
  "file_path": "cde-cli/cde/cli.py",
  "lineno": "132",
  "column": "20",
  "context": "ontinue\n                else:\n                    stashed_changes = diff_count(repo)\n                    repo.git.stash('save', 'cde sy",
  "context_lines": "                    click.secho(\n                        f'\\r✖ {name} dirty, not updating          ', fg='red')\n                    continue\n                else:\n                    stashed_changes = diff_count(repo)\n                    repo.git.stash('save', 'cde sync')\n\n            try:\n                result = update_repo(repo, branch)\n            except TypeError as e:\n",
  "slicing": [
   "                    stashed_changes = diff_count(repo)\n",
   "        if stashed_changes is not None:\n",
   "                out += f'📦·{stashed_changes}'\n",
   "        click.echo(out + '                     ')\n"
  ]
 },
 "38": {
  "name": "result",
  "type": "UNKNOWN",
  "class": "unknown",
  "approach": "annotation",
  "file_path": "cde-cli/cde/cli.py",
  "lineno": "136",
  "column": "16",
  "context": "e', 'cde sync')\n\n            try:\n                result = update_repo(repo, branch)\n            except TypeError as e:\n               ",
  "context_lines": "                else:\n                    stashed_changes = diff_count(repo)\n                    repo.git.stash('save', 'cde sync')\n\n            try:\n                result = update_repo(repo, branch)\n            except TypeError as e:\n                click.secho(f'\\r✖ {name} ERROR, not updating: {e}', fg='red')\n                continue\n        else:\n",
  "slicing": [
   "                result = update_repo(repo, branch)\n",
   "        if result.count_pull:\n",
   "            out += f' ↓·{result.count_pull}'\n",
   "        if result.count_push:\n",
   "            out += f' ↑·{result.count_push}'\n",
   "            if result.changed or branch_changed:\n",
   "        if result.count_push and result.count_pull:\n",
   "        click.echo(out + '                     ')\n"
  ]
 },
 "39": {
  "name": "repo",
  "type": "UNKNOWN",
  "class": "unknown",
  "approach": "Pysonar2",
  "file_path": "cde-cli/cde/cli.py",
  "lineno": "143",
  "column": "12",
  "context": ".'.format(name), end='', flush=True)\n\n            repo = git.Repo.clone_from(repo_cfg['url'], str(path))\n            result = repo_sync_result(0, 0, change",
  "context_lines": "                click.secho(f'\\r✖ {name} ERROR, not updating: {e}', fg='red')\n                continue\n        else:\n            print('▽ {} cloning...'.format(name), end='', flush=True)\n\n            repo = git.Repo.clone_from(repo_cfg['url'], str(path))\n            result = repo_sync_result(0, 0, changed=True)\n\n        flags = ''\n        # ' ↓·62↑·1|✚'\n        # if changed -> BOLD\n",
  "slicing": [
   "@repo.command()\n",
   "            repo = git.Repo.clone_from(repo_cfg['url'], str(path))\n",
   "        out += f' [{repo.active_branch}'\n",
   "        branch_changed = repo.active_branch != prev_branch\n",
   "            if result.changed or branch_changed:\n",
   "                repo.git.stash('pop')\n",
   "            out += f'(SHA1: {repo.rev_parse(str(repo.active_branch))})'\n",
   "        click.echo(out + '                     ')\n",
   "        if 'commit' not in repo:\n",
   "        print('{}={}'.format(env_var, repo['commit']))\n"
  ]
 },
 "40": {
  "name": "result",
  "type": "UNKNOWN",
  "class": "unknown",
  "approach": "annotation",
  "file_path": "cde-cli/cde/cli.py",
  "lineno": "144",
  "column": "12",
  "context": "lone_from(repo_cfg['url'], str(path))\n            result = repo_sync_result(0, 0, changed=True)\n\n        flags = ''\n        # ' ↓·62↑·1|✚'\n       ",
  "context_lines": "                continue\n        else:\n            print('▽ {} cloning...'.format(name), end='', flush=True)\n\n            repo = git.Repo.clone_from(repo_cfg['url'], str(path))\n            result = repo_sync_result(0, 0, changed=True)\n\n        flags = ''\n        # ' ↓·62↑·1|✚'\n        # if changed -> BOLD\n",
  "slicing": [
   "            result = repo_sync_result(0, 0, changed=True)\n",
   "        if result.count_pull:\n",
   "            out += f' ↓·{result.count_pull}'\n",
   "        if result.count_push:\n",
   "            out += f' ↑·{result.count_push}'\n",
   "            if result.changed or branch_changed:\n",
   "        if result.count_push and result.count_pull:\n",
   "        click.echo(out + '                     ')\n"
  ]
 },
 "41": {
  "name": "name",
  "type": "UNKNOWN",
  "class": "unknown",
  "approach": "Pysonar2",
  "file_path": "cde-cli/cde/cli.py",
  "lineno": "179",
  "column": "4",
  "context": "                 ')\n\n\ndef env_var_name(name):\n    name = name.upper().replace('-', '_')\n    return name\n\n\n@main.command()\ndef env():\n    f",
  "context_lines": "        # TODO make something more... sensible with whitespaces\n        # click.get_terminal_size()\n        click.echo(out + '                     ')\n\n\ndef env_var_name(name):\n    name = name.upper().replace('-', '_')\n    return name\n\n\n@main.command()\ndef env():\n    for name, repo in CFG['repos'].items():\n",
  "slicing": [
   "    name = name.upper().replace('-', '_')\n",
   "    return name\n",
   "        env_var = env_var_name(name)\n",
   "        print('{}={}'.format(env_var, repo['commit']))\n"
  ]
 },
 "42": {
  "name": "env_var",
  "type": "UNKNOWN",
  "class": "unknown",
  "approach": "annotation",
  "file_path": "cde-cli/cde/cli.py",
  "lineno": "189",
  "column": "8",
  "context": "ommit' not in repo:\n            continue\n\n        env_var = env_var_name(name)\n        print('{}={}'.format(env_var, repo['commit",
  "context_lines": "def env():\n    for name, repo in CFG['repos'].items():\n        if 'commit' not in repo:\n            continue\n\n        env_var = env_var_name(name)\n        print('{}={}'.format(env_var, repo['commit']))\n\n\n@main.command()\ndef check():\n    import cde.check\n",
  "slicing": [
   "        env_var = env_var_name(name)\n",
   "        print('{}={}'.format(env_var, repo['commit']))\n"
  ]
 },
 "43": {
  "name": "DEFAULT_CFG_PATH",
  "type": "UNKNOWN",
  "class": "unknown",
  "approach": "Pysonar2",
  "file_path": "cde-cli/cde/config.py",
  "lineno": "7",
  "column": "0",
  "context": "athlib import Path\n\nfrom ruamel.yaml import YAML\n\nDEFAULT_CFG_PATH = Path('.') / Path('.cde.yml')\nyaml = YAML(typ='safe')\nyaml.allow_duplicate_keys ",
  "context_lines": "import os\nimport re\nfrom pathlib import Path\n\nfrom ruamel.yaml import YAML\n\nDEFAULT_CFG_PATH = Path('.') / Path('.cde.yml')\nyaml = YAML(typ='safe')\nyaml.allow_duplicate_keys = False\nyaml.default_flow_style = False\n\n\ndef validate(cfg):\n",
  "slicing": [
   "DEFAULT_CFG_PATH = Path('.') / Path('.cde.yml')\n",
   "        path = DEFAULT_CFG_PATH\n",
   "    if not os.path.exists(path):\n",
   "    data = yaml.load(open(path))\n",
   "    data.setdefault('repos', {})\n",
   "    return data\n",
   "    if path is None:\n",
   "        path = DEFAULT_CFG_PATH\n",
   "    yaml.dump(cfg, path)\n"
  ]
 },
 "44": {
  "name": "yaml",
  "type": "ruamel.yaml.YAML",
  "class": "imported",
  "approach": "annotation",
  "file_path": "cde-cli/cde/config.py",
  "lineno": "8",
  "column": "0",
  "context": "\n\nDEFAULT_CFG_PATH = Path('.') / Path('.cde.yml')\nyaml = YAML(typ='safe')\nyaml.allow_duplicate_keys = False\nyaml.default_flo",
  "context_lines": "import re\nfrom pathlib import Path\n\nfrom ruamel.yaml import YAML\n\nDEFAULT_CFG_PATH = Path('.') / Path('.cde.yml')\nyaml = YAML(typ='safe')\nyaml.allow_duplicate_keys = False\nyaml.default_flow_style = False\n\n\ndef validate(cfg):\n    ok = True\n",
  "slicing": [
   "yaml = YAML(typ='safe')\n",
   "yaml.allow_duplicate_keys = False\n",
   "yaml.default_flow_style = False\n",
   "    data = yaml.load(open(path))\n",
   "    data.setdefault('repos', {})\n",
   "    return data\n",
   "    yaml.dump(cfg, path)\n"
  ]
 },
 "45": {
  "name": "ok",
  "type": "bool",
  "class": "build-in",
  "approach": "annotation",
  "file_path": "cde-cli/cde/config.py",
  "lineno": "14",
  "column": "4",
  "context": "fault_flow_style = False\n\n\ndef validate(cfg):\n    ok = True\n    repo_name_re = '^[a-z][a-z0-9-]*$'\n    repo_na",
  "context_lines": "yaml = YAML(typ='safe')\nyaml.allow_duplicate_keys = False\nyaml.default_flow_style = False\n\n\ndef validate(cfg):\n    ok = True\n    repo_name_re = '^[a-z][a-z0-9-]*$'\n    repo_name = re.compile(repo_name_re)\n    for name, repo in cfg.get('repos', {}).items():\n        if not repo_name.match(name):\n",
  "slicing": [
   "    ok = True\n",
   "    return ok\n"
  ]
 },
 "46": {
  "name": "repo_name_re",
  "type": "str",
  "class": "build-in",
  "approach": "Pysonar2",
  "file_path": "cde-cli/cde/config.py",
  "lineno": "15",
  "column": "4",
  "context": "le = False\n\n\ndef validate(cfg):\n    ok = True\n    repo_name_re = '^[a-z][a-z0-9-]*$'\n    repo_name = re.compile(repo_name_re)\n    for n",
  "context_lines": "yaml.allow_duplicate_keys = False\nyaml.default_flow_style = False\n\n\ndef validate(cfg):\n    ok = True\n    repo_name_re = '^[a-z][a-z0-9-]*$'\n    repo_name = re.compile(repo_name_re)\n    for name, repo in cfg.get('repos', {}).items():\n        if not repo_name.match(name):\n            msg = 'repo-keys must be {} but {} not'\n",
  "slicing": [
   "    repo_name_re = '^[a-z][a-z0-9-]*$'\n",
   "    repo_name = re.compile(repo_name_re)\n",
   "        if not repo_name.match(name):\n",
   "            print(msg.format(repo_name_re[1:-1], repr(name)))\n"
  ]
 },
 "47": {
  "name": "repo_name",
  "type": "UNKNOWN",
  "class": "unknown",
  "approach": "Pysonar2",
  "file_path": "cde-cli/cde/config.py",
  "lineno": "16",
  "column": "4",
  "context": "= True\n    repo_name_re = '^[a-z][a-z0-9-]*$'\n    repo_name = re.compile(repo_name_re)\n    for name, repo in cfg.get('repos', {}).items()",
  "context_lines": "yaml.default_flow_style = False\n\n\ndef validate(cfg):\n    ok = True\n    repo_name_re = '^[a-z][a-z0-9-]*$'\n    repo_name = re.compile(repo_name_re)\n    for name, repo in cfg.get('repos', {}).items():\n        if not repo_name.match(name):\n            msg = 'repo-keys must be {} but {} not'\n            print(msg.format(repo_name_re[1:-1], repr(name)))\n",
  "slicing": [
   "    repo_name = re.compile(repo_name_re)\n",
   "        if not repo_name.match(name):\n"
  ]
 },
 "48": {
  "name": "msg",
  "type": "str",
  "class": "build-in",
  "approach": "Pysonar2",
  "file_path": "cde-cli/cde/config.py",
  "lineno": "19",
  "column": "12",
  "context": "        if not repo_name.match(name):\n            msg = 'repo-keys must be {} but {} not'\n            print(msg.format(repo_name_re[1:-1], r",
  "context_lines": "    repo_name_re = '^[a-z][a-z0-9-]*$'\n    repo_name = re.compile(repo_name_re)\n    for name, repo in cfg.get('repos', {}).items():\n        if not repo_name.match(name):\n            msg = 'repo-keys must be {} but {} not'\n            print(msg.format(repo_name_re[1:-1], repr(name)))\n            ok = False\n\n    return ok\n\n\ndef load(path=None):\n",
  "slicing": [
   "            msg = 'repo-keys must be {} but {} not'\n",
   "            print(msg.format(repo_name_re[1:-1], repr(name)))\n"
  ]
 },
 "49": {
  "name": "ok",
  "type": "bool",
  "class": "build-in",
  "approach": "annotation",
  "file_path": "cde-cli/cde/config.py",
  "lineno": "21",
  "column": "12",
  "context": "rmat(repo_name_re[1:-1], repr(name)))\n            ok = False\n\n    return ok\n\n\ndef load(path=None):\n    if path ",
  "context_lines": "    for name, repo in cfg.get('repos', {}).items():\n        if not repo_name.match(name):\n            msg = 'repo-keys must be {} but {} not'\n            print(msg.format(repo_name_re[1:-1], repr(name)))\n            ok = False\n\n    return ok\n\n\ndef load(path=None):\n    if path is None:\n",
  "slicing": [
   "            ok = False\n",
   "    return ok\n"
  ]
 },
 "50": {
  "name": "path",
  "type": "UNKNOWN",
  "class": "unknown",
  "approach": "annotation",
  "file_path": "cde-cli/cde/config.py",
  "lineno": "28",
  "column": "8",
  "context": "def load(path=None):\n    if path is None:\n        path = DEFAULT_CFG_PATH\n\n    if not os.path.exists(path):\n        return {",
  "context_lines": "            ok = False\n\n    return ok\n\n\ndef load(path=None):\n    if path is None:\n        path = DEFAULT_CFG_PATH\n\n    if not os.path.exists(path):\n        return {}\n\n    data = yaml.load(open(path))\n",
  "slicing": [
   "        path = DEFAULT_CFG_PATH\n",
   "    if not os.path.exists(path):\n",
   "    data = yaml.load(open(path))\n",
   "    data.setdefault('repos', {})\n",
   "    return data\n",
   "    if path is None:\n",
   "    yaml.dump(cfg, path)\n"
  ]
 },
 "51": {
  "name": "data",
  "type": "UNKNOWN",
  "class": "unknown",
  "approach": "Pysonar2",
  "file_path": "cde-cli/cde/config.py",
  "lineno": "33",
  "column": "4",
  "context": " not os.path.exists(path):\n        return {}\n\n    data = yaml.load(open(path))\n    data.setdefault('repos', {})\n    return data\n\n",
  "context_lines": "    if path is None:\n        path = DEFAULT_CFG_PATH\n\n    if not os.path.exists(path):\n        return {}\n\n    data = yaml.load(open(path))\n    data.setdefault('repos', {})\n    return data\n\n\ndef store(cfg, path=None):\n    if path is None:\n",
  "slicing": [
   "    data = yaml.load(open(path))\n",
   "    data.setdefault('repos', {})\n",
   "    return data\n"
  ]
 },
 "52": {
  "name": "path",
  "type": "UNKNOWN",
  "class": "unknown",
  "approach": "annotation",
  "file_path": "cde-cli/cde/config.py",
  "lineno": "40",
  "column": "8",
  "context": "ore(cfg, path=None):\n    if path is None:\n        path = DEFAULT_CFG_PATH\n\n    yaml.dump(cfg, path)\n",
  "context_lines": "    data.setdefault('repos', {})\n    return data\n\n\ndef store(cfg, path=None):\n    if path is None:\n        path = DEFAULT_CFG_PATH\n\n",
  "slicing": [
   "        path = DEFAULT_CFG_PATH\n",
   "    yaml.dump(cfg, path)\n"
  ]
 },
 "53": {
  "name": "lines",
  "type": "list",
  "class": "build-in",
  "approach": "Pysonar2",
  "file_path": "cde-cli/cde/check.py",
  "lineno": "14",
  "column": "4",
  "context": " rules)\n    # and split into a list of lines:\n    lines = docstring.expandtabs().splitlines()\n    # Determine minimum indentation (first line do",
  "context_lines": "    if not docstring:\n        return ''\n    # Convert tabs to spaces (following the normal Python rules)\n    # and split into a list of lines:\n    lines = docstring.expandtabs().splitlines()\n    # Determine minimum indentation (first line doesn't count):\n    indent = 1000\n    for line in lines[1:]:\n        stripped = line.lstrip()\n",
  "slicing": [
   "    lines = docstring.expandtabs().splitlines()\n",
   "    for line in lines[1:]:\n",
   "        stripped = line.lstrip()\n",
   "        if stripped:\n",
   "            indent = min(indent, len(line) - len(stripped))\n",
   "    trimmed = [lines[0].strip()]\n",
   "    if indent < 1000:\n",
   "        for line in lines[1:]:\n",
   "            trimmed.append(line[indent:].rstrip())\n",
   "    while trimmed and not trimmed[-1]:\n",
   "        trimmed.pop()\n",
   "    while trimmed and not trimmed[0]:\n",
   "        trimmed.pop(0)\n",
   "    trimmed = ['  {}'.format(line) for line in trimmed]\n",
   "    return '\\n'.join(trimmed)\n"
  ]
 },
 "54": {
  "name": "indent",
  "type": "int",
  "class": "build-in",
  "approach": "Pysonar2",
  "file_path": "cde-cli/cde/check.py",
  "lineno": "16",
  "column": "4",
  "context": "nimum indentation (first line doesn't count):\n    indent = 1000\n    for line in lines[1:]:\n        stripped = line",
  "context_lines": "    # Convert tabs to spaces (following the normal Python rules)\n    # and split into a list of lines:\n    lines = docstring.expandtabs().splitlines()\n    # Determine minimum indentation (first line doesn't count):\n    indent = 1000\n    for line in lines[1:]:\n        stripped = line.lstrip()\n        if stripped:\n            indent = min(indent, len(line) - len(stripped))\n",
  "slicing": [
   "    indent = 1000\n",
   "            indent = min(indent, len(line) - len(stripped))\n",
   "    if indent < 1000:\n",
   "            trimmed.append(line[indent:].rstrip())\n"
  ]
 },
 "55": {
  "name": "stripped",
  "type": "str",
  "class": "build-in",
  "approach": "Pysonar2",
  "file_path": "cde-cli/cde/check.py",
  "lineno": "18",
  "column": "8",
  "context": " indent = 1000\n    for line in lines[1:]:\n        stripped = line.lstrip()\n        if stripped:\n            indent = min(inde",
  "context_lines": "    lines = docstring.expandtabs().splitlines()\n    # Determine minimum indentation (first line doesn't count):\n    indent = 1000\n    for line in lines[1:]:\n        stripped = line.lstrip()\n        if stripped:\n            indent = min(indent, len(line) - len(stripped))\n    # Remove indentation (first line is special):\n    trimmed = [lines[0].strip()]\n",
  "slicing": [
   "        stripped = line.lstrip()\n",
   "        if stripped:\n",
   "            indent = min(indent, len(line) - len(stripped))\n",
   "    if indent < 1000:\n",
   "            trimmed.append(line[indent:].rstrip())\n"
  ]
 },
 "56": {
  "name": "indent",
  "type": "UNKNOWN",
  "class": "unknown",
  "approach": "annotation",
  "file_path": "cde-cli/cde/check.py",
  "lineno": "20",
  "column": "12",
  "context": " = line.lstrip()\n        if stripped:\n            indent = min(indent, len(line) - len(stripped))\n    # Remove indentation (first line is special):\n",
  "context_lines": "    indent = 1000\n    for line in lines[1:]:\n        stripped = line.lstrip()\n        if stripped:\n            indent = min(indent, len(line) - len(stripped))\n    # Remove indentation (first line is special):\n    trimmed = [lines[0].strip()]\n    if indent < 1000:\n        for line in lines[1:]:\n",
  "slicing": [
   "            indent = min(indent, len(line) - len(stripped))\n",
   "    if indent < 1000:\n",
   "            trimmed.append(line[indent:].rstrip())\n"
  ]
 },
 "57": {
  "name": "trimmed",
  "type": "list",
  "class": "build-in",
  "approach": "annotation",
  "file_path": "cde-cli/cde/check.py",
  "lineno": "22",
  "column": "4",
  "context": "# Remove indentation (first line is special):\n    trimmed = [lines[0].strip()]\n    if indent < 1000:\n        for line in lines[1:",
  "context_lines": "        stripped = line.lstrip()\n        if stripped:\n            indent = min(indent, len(line) - len(stripped))\n    # Remove indentation (first line is special):\n    trimmed = [lines[0].strip()]\n    if indent < 1000:\n        for line in lines[1:]:\n            trimmed.append(line[indent:].rstrip())\n    # Strip off trailing and leading blank lines:\n",
  "slicing": [
   "    trimmed = [lines[0].strip()]\n",
   "            trimmed.append(line[indent:].rstrip())\n",
   "    while trimmed and not trimmed[-1]:\n",
   "        trimmed.pop()\n",
   "    while trimmed and not trimmed[0]:\n",
   "        trimmed.pop(0)\n",
   "    trimmed = ['  {}'.format(line) for line in trimmed]\n",
   "    return '\\n'.join(trimmed)\n"
  ]
 },
 "58": {
  "name": "trimmed",
  "type": "list",
  "class": "build-in",
  "approach": "annotation",
  "file_path": "cde-cli/cde/check.py",
  "lineno": "33",
  "column": "4",
  "context": "trimmed.pop(0)\n\n    # indent everythin by two\n    trimmed = ['  {}'.format(line) for line in trimmed]\n    # Return a single string:\n    return '\\n'.join",
  "context_lines": "        trimmed.pop()\n    while trimmed and not trimmed[0]:\n        trimmed.pop(0)\n\n    # indent everythin by two\n    trimmed = ['  {}'.format(line) for line in trimmed]\n    # Return a single string:\n    return '\\n'.join(trimmed)\n\n\ndef check_uid():\n    \"\"\"UID must be defined as environment variable.  Add the following\n",
  "slicing": [
   "    trimmed = ['  {}'.format(line) for line in trimmed]\n",
   "    return '\\n'.join(trimmed)\n"
  ]
 },
 "59": {
  "name": "max_map_count",
  "type": "int",
  "class": "build-in",
  "approach": "annotation",
  "file_path": "cde-cli/cde/check.py",
  "lineno": "53",
  "column": "4",
  "context": "tl.conf:\n         vm.max_map_count=262144\"\"\"\n\n    max_map_count = int(open('/proc/sys/vm/max_map_count').read())\n    return max_map_count >= 262144\n\n\ndef check_doc",
  "context_lines": "       $ sysctl -w vm.max_map_count=262144\n\n       To persist the limit you have to add the following line\n       to your /etc/sysctl.d/99-sysctl.conf:\n         vm.max_map_count=262144\"\"\"\n\n    max_map_count = int(open('/proc/sys/vm/max_map_count').read())\n    return max_map_count >= 262144\n\n\ndef check_docker():\n    \"\"\"\"\"\"\n    cmd = ['docker', 'version']\n",
  "slicing": [
   "    max_map_count = int(open('/proc/sys/vm/max_map_count').read())\n",
   "    return max_map_count >= 262144\n"
  ]
 },
 "60": {
  "name": "cmd",
  "type": "list",
  "class": "build-in",
  "approach": "annotation",
  "file_path": "cde-cli/cde/check.py",
  "lineno": "59",
  "column": "4",
  "context": "nt >= 262144\n\n\ndef check_docker():\n    \"\"\"\"\"\"\n    cmd = ['docker', 'version']\n    try:\n        proc = subprocess.Popen(\n        ",
  "context_lines": "    max_map_count = int(open('/proc/sys/vm/max_map_count').read())\n    return max_map_count >= 262144\n\n\ndef check_docker():\n    \"\"\"\"\"\"\n    cmd = ['docker', 'version']\n    try:\n        proc = subprocess.Popen(\n            cmd, stdout=subprocess.PIPE, stderr=subprocess.PIPE)\n    except FileNotFoundError:\n",
  "slicing": [
   "    cmd = ['docker', 'version']\n",
   "            cmd, stdout=subprocess.PIPE, stderr=subprocess.PIPE)\n",
   "            cmd, stdout=subprocess.PIPE, stderr=subprocess.PIPE)\n"
  ]
 },
 "61": {
  "name": "stdout_data",
  "type": "UNKNOWN",
  "class": "unknown",
  "approach": "Pysonar2",
  "file_path": "cde-cli/cde/check.py",
  "lineno": "66",
  "column": "4",
  "context": "er executable not found'\n        return False\n    stdout_data, stderr_data = proc.communicate()\n    if stderr_data != b'':\n        check_docker.__",
  "context_lines": "            cmd, stdout=subprocess.PIPE, stderr=subprocess.PIPE)\n    except FileNotFoundError:\n        check_docker.__doc__ += 'docker executable not found'\n        return False\n    stdout_data, stderr_data = proc.communicate()\n    if stderr_data != b'':\n        check_docker.__doc__ += stderr_data.decode('utf-8')\n        return False\n\n    # TODO check minimum version of docker\n",
  "slicing": "    stdout_data, stderr_data = proc.communicate()\n"
 },
 "62": {
  "name": "stderr_data",
  "type": "UNKNOWN",
  "class": "unknown",
  "approach": "Pysonar2",
  "file_path": "cde-cli/cde/check.py",
  "lineno": "66",
  "column": "17",
  "context": " not found'\n        return False\n    stdout_data, stderr_data = proc.communicate()\n    if stderr_data != b'':\n        check_docker.__",
  "context_lines": "            cmd, stdout=subprocess.PIPE, stderr=subprocess.PIPE)\n    except FileNotFoundError:\n        check_docker.__doc__ += 'docker executable not found'\n        return False\n    stdout_data, stderr_data = proc.communicate()\n    if stderr_data != b'':\n        check_docker.__doc__ += stderr_data.decode('utf-8')\n        return False\n\n    # TODO check minimum version of docker\n",
  "slicing": [
   "    stdout_data, stderr_data = proc.communicate()\n",
   "    if stderr_data != b'':\n",
   "        check_docker.__doc__ += stderr_data.decode('utf-8')\n",
   "    if stderr_data != b'':\n",
   "        check_docker.__doc__ += stderr_data.decode('utf-8')\n"
  ]
 },
 "63": {
  "name": "proc",
  "type": "UNKNOWN",
  "class": "unknown",
  "approach": "Pysonar2",
  "file_path": "cde-cli/cde/check.py",
  "lineno": "61",
  "column": "8",
  "context": "\n    cmd = ['docker', 'version']\n    try:\n        proc = subprocess.Popen(\n            cmd, stdout=subprocess.PIPE, stderr=su",
  "context_lines": "def check_docker():\n    \"\"\"\"\"\"\n    cmd = ['docker', 'version']\n    try:\n        proc = subprocess.Popen(\n            cmd, stdout=subprocess.PIPE, stderr=subprocess.PIPE)\n    except FileNotFoundError:\n        check_docker.__doc__ += 'docker executable not found'\n        return False\n",
  "slicing": [
   "        proc = subprocess.Popen(\n",
   "    stdout_data, stderr_data = proc.communicate()\n",
   "    if stderr_data != b'':\n",
   "        check_docker.__doc__ += stderr_data.decode('utf-8')\n",
   "    stdout_data, stderr_data = proc.communicate()\n",
   "    if stderr_data != b'':\n",
   "        check_docker.__doc__ += stderr_data.decode('utf-8')\n"
  ]
 },
 "64": {
  "name": "cmd",
  "type": "list",
  "class": "build-in",
  "approach": "annotation",
  "file_path": "cde-cli/cde/check.py",
  "lineno": "77",
  "column": "4",
  "context": "True\n\n\ndef check_docker_compose():\n    \"\"\"\"\"\"\n    cmd = ['docker-compose', 'version']\n    try:\n        proc = subprocess.Popen(\n        ",
  "context_lines": "    # TODO check minimum version of docker\n    return True\n\n\ndef check_docker_compose():\n    \"\"\"\"\"\"\n    cmd = ['docker-compose', 'version']\n    try:\n        proc = subprocess.Popen(\n            cmd, stdout=subprocess.PIPE, stderr=subprocess.PIPE)\n    except FileNotFoundError:\n",
  "slicing": [
   "    cmd = ['docker-compose', 'version']\n",
   "            cmd, stdout=subprocess.PIPE, stderr=subprocess.PIPE)\n"
  ]
 },
 "65": {
  "name": "stdout_data",
  "type": "UNKNOWN",
  "class": "unknown",
  "approach": "Pysonar2",
  "file_path": "cde-cli/cde/check.py",
  "lineno": "84",
  "column": "4",
  "context": "se executable not found'\n        return False\n    stdout_data, stderr_data = proc.communicate()\n    if stderr_data != b'':\n        check_docker.__",
  "context_lines": "            cmd, stdout=subprocess.PIPE, stderr=subprocess.PIPE)\n    except FileNotFoundError:\n        check_docker.__doc__ += 'docker-compose executable not found'\n        return False\n    stdout_data, stderr_data = proc.communicate()\n    if stderr_data != b'':\n        check_docker.__doc__ += stderr_data.decode('utf-8')\n        return False\n\n    # TODO check minimum version of docker compose\n",
  "slicing": "    stdout_data, stderr_data = proc.communicate()\n"
 },
 "66": {
  "name": "stderr_data",
  "type": "UNKNOWN",
  "class": "unknown",
  "approach": "Pysonar2",
  "file_path": "cde-cli/cde/check.py",
  "lineno": "84",
  "column": "17",
  "context": " not found'\n        return False\n    stdout_data, stderr_data = proc.communicate()\n    if stderr_data != b'':\n        check_docker.__",
  "context_lines": "            cmd, stdout=subprocess.PIPE, stderr=subprocess.PIPE)\n    except FileNotFoundError:\n        check_docker.__doc__ += 'docker-compose executable not found'\n        return False\n    stdout_data, stderr_data = proc.communicate()\n    if stderr_data != b'':\n        check_docker.__doc__ += stderr_data.decode('utf-8')\n        return False\n\n    # TODO check minimum version of docker compose\n",
  "slicing": [
   "    stdout_data, stderr_data = proc.communicate()\n",
   "    if stderr_data != b'':\n",
   "        check_docker.__doc__ += stderr_data.decode('utf-8')\n"
  ]
 },
 "67": {
  "name": "proc",
  "type": "UNKNOWN",
  "class": "unknown",
  "approach": "Pysonar2",
  "file_path": "cde-cli/cde/check.py",
  "lineno": "79",
  "column": "8",
  "context": " = ['docker-compose', 'version']\n    try:\n        proc = subprocess.Popen(\n            cmd, stdout=subprocess.PIPE, stderr=su",
  "context_lines": "def check_docker_compose():\n    \"\"\"\"\"\"\n    cmd = ['docker-compose', 'version']\n    try:\n        proc = subprocess.Popen(\n            cmd, stdout=subprocess.PIPE, stderr=subprocess.PIPE)\n    except FileNotFoundError:\n        check_docker.__doc__ += 'docker-compose executable not found'\n        return False\n",
  "slicing": [
   "        proc = subprocess.Popen(\n",
   "    stdout_data, stderr_data = proc.communicate()\n",
   "    if stderr_data != b'':\n",
   "        check_docker.__doc__ += stderr_data.decode('utf-8')\n"
  ]
 },
 "68": {
  "name": "checks",
  "type": "list",
  "class": "build-in",
  "approach": "annotation",
  "file_path": "cde-cli/cde/check.py",
  "lineno": "94",
  "column": "4",
  "context": " docker compose\n    return True\n\n\ndef main():\n    checks = [check_uid, check_map_count, check_docker, check_docker_compose]\n    ok = True\n    for check in checks:\n        nam",
  "context_lines": "        return False\n\n    # TODO check minimum version of docker compose\n    return True\n\n\ndef main():\n    checks = [check_uid, check_map_count, check_docker, check_docker_compose]\n    ok = True\n    for check in checks:\n        name = check.__name__\n        if check():\n",
  "slicing": [
   "    checks = [check_uid, check_map_count, check_docker, check_docker_compose]\n",
   "    for check in checks:\n",
   "        name = check.__name__\n",
   "        if check():\n",
   "            msg = '✔ {}'.format(name)\n",
   "            click.echo(click.style(msg, fg='green'))\n",
   "            msg = '✖ {}'.format(name)\n",
   "            click.echo(click.style(msg, fg='red'))\n",
   "            click.echo(trim(check.__doc__))\n"
  ]
 },
 "69": {
  "name": "ok",
  "type": "bool",
  "class": "build-in",
  "approach": "annotation",
  "file_path": "cde-cli/cde/check.py",
  "lineno": "95",
  "column": "4",
  "context": "ap_count, check_docker, check_docker_compose]\n    ok = True\n    for check in checks:\n        name = check.__na",
  "context_lines": "    # TODO check minimum version of docker compose\n    return True\n\n\ndef main():\n    checks = [check_uid, check_map_count, check_docker, check_docker_compose]\n    ok = True\n    for check in checks:\n        name = check.__name__\n        if check():\n            msg = '✔ {}'.format(name)\n",
  "slicing": [
   "    ok = True\n",
   "    if not ok:\n"
  ]
 },
 "70": {
  "name": "name",
  "type": "UNKNOWN",
  "class": "unknown",
  "approach": "Pysonar2",
  "file_path": "cde-cli/cde/check.py",
  "lineno": "97",
  "column": "8",
  "context": "e]\n    ok = True\n    for check in checks:\n        name = check.__name__\n        if check():\n            msg = '✔ {}'.forma",
  "context_lines": "def main():\n    checks = [check_uid, check_map_count, check_docker, check_docker_compose]\n    ok = True\n    for check in checks:\n        name = check.__name__\n        if check():\n            msg = '✔ {}'.format(name)\n            click.echo(click.style(msg, fg='green'))\n        else:\n",
  "slicing": [
   "        name = check.__name__\n",
   "            msg = '✔ {}'.format(name)\n",
   "            click.echo(click.style(msg, fg='green'))\n",
   "            msg = '✖ {}'.format(name)\n",
   "            click.echo(click.style(msg, fg='red'))\n"
  ]
 },
 "71": {
  "name": "msg",
  "type": "str",
  "class": "build-in",
  "approach": "Pysonar2",
  "file_path": "cde-cli/cde/check.py",
  "lineno": "99",
  "column": "12",
  "context": " = check.__name__\n        if check():\n            msg = '✔ {}'.format(name)\n            click.echo(click.style(msg, fg='green'",
  "context_lines": "    ok = True\n    for check in checks:\n        name = check.__name__\n        if check():\n            msg = '✔ {}'.format(name)\n            click.echo(click.style(msg, fg='green'))\n        else:\n            msg = '✖ {}'.format(name)\n            click.echo(click.style(msg, fg='red'))\n",
  "slicing": [
   "            msg = '✔ {}'.format(name)\n",
   "            click.echo(click.style(msg, fg='green'))\n",
   "            click.echo(click.style(msg, fg='red'))\n"
  ]
 },
 "72": {
  "name": "msg",
  "type": "str",
  "class": "build-in",
  "approach": "Pysonar2",
  "file_path": "cde-cli/cde/check.py",
  "lineno": "102",
  "column": "12",
  "context": "style(msg, fg='green'))\n        else:\n            msg = '✖ {}'.format(name)\n            click.echo(click.style(msg, fg='red'))",
  "context_lines": "        if check():\n            msg = '✔ {}'.format(name)\n            click.echo(click.style(msg, fg='green'))\n        else:\n            msg = '✖ {}'.format(name)\n            click.echo(click.style(msg, fg='red'))\n            click.echo(trim(check.__doc__))\n            ok = False\n\n    if not ok:\n",
  "slicing": [
   "            msg = '✖ {}'.format(name)\n",
   "            click.echo(click.style(msg, fg='red'))\n"
  ]
 },
 "73": {
  "name": "ok",
  "type": "bool",
  "class": "build-in",
  "approach": "annotation",
  "file_path": "cde-cli/cde/check.py",
  "lineno": "105",
  "column": "12",
  "context": "      click.echo(trim(check.__doc__))\n            ok = False\n\n    if not ok:\n        sys.exit(1)\n\n\nif __name__ ",
  "context_lines": "        else:\n            msg = '✖ {}'.format(name)\n            click.echo(click.style(msg, fg='red'))\n            click.echo(trim(check.__doc__))\n            ok = False\n\n    if not ok:\n        sys.exit(1)\n\n\nif __name__ == '__main__':\n",
  "slicing": [
   "            ok = False\n",
   "    if not ok:\n"
  ]
 },
 "74": {
  "name": "__author__",
  "type": "str",
  "class": "build-in",
  "approach": "Pysonar2",
  "file_path": "cde-cli/cde/__init__.py",
  "lineno": "4",
  "column": "0",
  "context": "f-8 -*-\n\"\"\"Top-level package for CLI for CDE.\"\"\"\n\n__author__ = \"\"\"Florian Ludwig\"\"\"\n__email__ = 'f.ludwig@greyrook.com'\n__version__ = ",
  "context_lines": "# -*- coding: utf-8 -*-\n\"\"\"Top-level package for CLI for CDE.\"\"\"\n\n__author__ = \"\"\"Florian Ludwig\"\"\"\n__email__ = 'f.ludwig@greyrook.com'\n",
  "slicing": "__author__ = \"\"\"Florian Ludwig\"\"\"\n"
 },
 "75": {
  "name": "__email__",
  "type": "str",
  "class": "build-in",
  "approach": "Pysonar2",
  "file_path": "cde-cli/cde/__init__.py",
  "lineno": "5",
  "column": "0",
  "context": "LI for CDE.\"\"\"\n\n__author__ = \"\"\"Florian Ludwig\"\"\"\n__email__ = 'f.ludwig@greyrook.com'\n__version__ = '0.3.1'\n",
  "context_lines": "# -*- coding: utf-8 -*-\n\"\"\"Top-level package for CLI for CDE.\"\"\"\n\n__author__ = \"\"\"Florian Ludwig\"\"\"\n__email__ = 'f.ludwig@greyrook.com'\n",
  "slicing": "__email__ = 'f.ludwig@greyrook.com'\n"
 },
 "76": {
  "name": "__version__",
  "type": "str",
  "class": "build-in",
  "approach": "Pysonar2",
  "file_path": "cde-cli/cde/__init__.py",
  "lineno": "6",
  "column": "0",
  "context": "ian Ludwig\"\"\"\n__email__ = 'f.ludwig@greyrook.com'\n__version__ = '0.3.1'\n",
  "context_lines": "# -*- coding: utf-8 -*-\n\"\"\"Top-level package for CLI for CDE.\"\"\"\n\n__author__ = \"\"\"Florian Ludwig\"\"\"\n__email__ = 'f.ludwig@greyrook.com'\n__version__ = '0.3.1'\n",
  "slicing": "__version__ = '0.3.1'\n"
 },
 "77": {
  "name": "response",
  "type": "UNKNOWN",
  "class": "unknown",
  "approach": "Pysonar2",
  "file_path": "cde-cli/tests/test_cde.py",
  "lineno": "23",
  "column": "17",
  "context": "dreyr/cookiecutter-pypackage')\n\n\ndef test_content(response):\n    pass\n\n\ndef test_command_line_interface():\n    ",
  "context_lines": "    See more at: http://doc.pytest.org/en/latest/fixture.html\n    \"\"\"\n    # import requests\n    # return requests.get('https://github.com/audreyr/cookiecutter-pypackage')\n\n\ndef test_content(response):\n    pass\n\n\ndef test_command_line_interface():\n    \"\"\"Test the CLI.\"\"\"\n    runner = CliRunner()\n",
  "slicing": "def test_content(response):\n"
 },
 "78": {
  "name": "repo",
  "type": "UNKNOWN",
  "class": "unknown",
  "approach": "Pysonar2",
  "file_path": "cde-cli/cde/cli.py",
  "lineno": "39",
  "column": "16",
  "context": "in.group()\ndef repo():\n    pass\n\n\ndef update_repo(repo, target_branch):\n    if target_branch:\n        try:\n            rep",
  "context_lines": "#     cm.shell(cfg['image'], cfg['tag'])\n\n\n@main.group()\ndef repo():\n    pass\n\n\ndef update_repo(repo, target_branch):\n    if target_branch:\n        try:\n            repo.git.checkout(target_branch, '--')\n        except git.exc.GitCommandError:\n",
  "slicing": [
   "CFG = None\n",
   "repo_sync_result = collections.namedtuple(\n",
   "    CFG = cde.config.load()\n",
   "    if not cde.config.validate(CFG):\n",
   "def update_repo(repo, target_branch):\n",
   "            repo.git.checkout(target_branch, '--')\n",
   "    remote = f'{repo.active_branch}' + '@{u}'\n",
   "    count_pull = len(\n",
   "        list(repo.iter_commits(f'{repo.active_branch}..{remote}')))\n",
   "    count_push = len(\n",
   "        list(repo.iter_commits(f'{remote}..{repo.active_branch}')))\n",
   "    changed = False\n",
   "    if count_push == 0 and count_pull:\n",
   "        changed = True\n",
   "    return repo_sync_result(count_push, count_pull, changed)\n",
   "def diff_count(repo):\n",
   "    change_types = ('A', 'D', 'R', 'M', 'T')\n",
   "    diff_index = repo.index.diff(None)\n",
   "    total = 0\n",
   "    for change_type in change_types:\n",
   "        change_iterable = diff_index.iter_change_type(change_type)\n",
   "        for diff in change_iterable:\n",
   "            total += 1\n",
   "    return total\n",
   "@repo.command()\n",
   "    for name, repo_cfg in CFG.get('repos', {}).items():\n",
   "        if name in exclude:\n",
   "            click.echo('🙈 {} skipped.'.format(name) + '                     ')\n",
   "        path = Path('.') / name\n",
   "        result = repo_sync_result(0, 0, False)\n",
   "        stashed_changes = None\n",
   "        prev_branch = None\n",
   "        if os.path.exists(path):\n",
   "            print('▽ {} fetching...'.format(name), end='', flush=True)\n",
   "            repo = git.Repo(str(path))\n",
   "            prev_branch = repo.active_branch\n",
   "            for remote in repo.remotes:\n",
   "                remote.fetch()\n",
   "            msg = f'\\r▽ {name} fetched, analyzing changes'\n",
   "            print(msg, end='', flush=True)\n",
   "            if repo.is_dirty():\n",
   "                        f'\\r✖ {name} dirty, not updating          ', fg='red')\n",
   "                    stashed_changes = diff_count(repo)\n",
   "                    repo.git.stash('save', 'cde sync')\n",
   "                result = update_repo(repo, branch)\n",
   "                click.secho(f'\\r✖ {name} ERROR, not updating: {e}', fg='red')\n",
   "            print('▽ {} cloning...'.format(name), end='', flush=True)\n",
   "            repo = git.Repo.clone_from(repo_cfg['url'], str(path))\n",
   "            result = repo_sync_result(0, 0, changed=True)\n",
   "        out = click.style(f'\\r✔ {name}')\n",
   "        out += f' [{repo.active_branch}'\n",
   "        if result.count_pull:\n",
   "            out += f' ↓·{result.count_pull}'\n",
   "        if result.count_push:\n",
   "            out += f' ↑·{result.count_push}'\n",
   "        branch_changed = repo.active_branch != prev_branch\n",
   "        if stashed_changes is not None:\n",
   "            if result.changed or branch_changed:\n",
   "                out += f'📦·{stashed_changes}'\n",
   "                repo.git.stash('pop')\n",
   "        if result.count_push and result.count_pull:\n",
   "            out += click.style(' not pulled', bold=True)\n",
   "        out += ']'\n",
   "            out += f'(SHA1: {repo.rev_parse(str(repo.active_branch))})'\n",
   "        click.echo(out + '                     ')\n",
   "def env_var_name(name):\n",
   "    name = name.upper().replace('-', '_')\n",
   "    return name\n",
   "    for name, repo in CFG['repos'].items():\n",
   "        if 'commit' not in repo:\n",
   "        env_var = env_var_name(name)\n",
   "        print('{}={}'.format(env_var, repo['commit']))\n"
  ]
 },
 "79": {
  "name": "target_branch",
  "type": "UNKNOWN",
  "class": "unknown",
  "approach": "Pysonar2",
  "file_path": "cde-cli/cde/cli.py",
  "lineno": "39",
  "column": "22",
  "context": "up()\ndef repo():\n    pass\n\n\ndef update_repo(repo, target_branch):\n    if target_branch:\n        try:\n            rep",
  "context_lines": "#     cm.shell(cfg['image'], cfg['tag'])\n\n\n@main.group()\ndef repo():\n    pass\n\n\ndef update_repo(repo, target_branch):\n    if target_branch:\n        try:\n            repo.git.checkout(target_branch, '--')\n        except git.exc.GitCommandError:\n",
  "slicing": [
   "CFG = None\n",
   "repo_sync_result = collections.namedtuple(\n",
   "    CFG = cde.config.load()\n",
   "    if not cde.config.validate(CFG):\n",
   "def update_repo(repo, target_branch):\n",
   "            repo.git.checkout(target_branch, '--')\n",
   "    remote = f'{repo.active_branch}' + '@{u}'\n",
   "    count_pull = len(\n",
   "        list(repo.iter_commits(f'{repo.active_branch}..{remote}')))\n",
   "    count_push = len(\n",
   "        list(repo.iter_commits(f'{remote}..{repo.active_branch}')))\n",
   "    changed = False\n",
   "    if count_push == 0 and count_pull:\n",
   "        changed = True\n",
   "    return repo_sync_result(count_push, count_pull, changed)\n",
   "def diff_count(repo):\n",
   "    change_types = ('A', 'D', 'R', 'M', 'T')\n",
   "    diff_index = repo.index.diff(None)\n",
   "    total = 0\n",
   "    for change_type in change_types:\n",
   "        change_iterable = diff_index.iter_change_type(change_type)\n",
   "        for diff in change_iterable:\n",
   "            total += 1\n",
   "    return total\n",
   "@repo.command()\n",
   "    for name, repo_cfg in CFG.get('repos', {}).items():\n",
   "        if name in exclude:\n",
   "            click.echo('🙈 {} skipped.'.format(name) + '                     ')\n",
   "        path = Path('.') / name\n",
   "        result = repo_sync_result(0, 0, False)\n",
   "        stashed_changes = None\n",
   "        prev_branch = None\n",
   "        if os.path.exists(path):\n",
   "            print('▽ {} fetching...'.format(name), end='', flush=True)\n",
   "            repo = git.Repo(str(path))\n",
   "            prev_branch = repo.active_branch\n",
   "            for remote in repo.remotes:\n",
   "                remote.fetch()\n",
   "            msg = f'\\r▽ {name} fetched, analyzing changes'\n",
   "            print(msg, end='', flush=True)\n",
   "            if repo.is_dirty():\n",
   "                        f'\\r✖ {name} dirty, not updating          ', fg='red')\n",
   "                    stashed_changes = diff_count(repo)\n",
   "                    repo.git.stash('save', 'cde sync')\n",
   "                result = update_repo(repo, branch)\n",
   "                click.secho(f'\\r✖ {name} ERROR, not updating: {e}', fg='red')\n",
   "            print('▽ {} cloning...'.format(name), end='', flush=True)\n",
   "            repo = git.Repo.clone_from(repo_cfg['url'], str(path))\n",
   "            result = repo_sync_result(0, 0, changed=True)\n",
   "        out = click.style(f'\\r✔ {name}')\n",
   "        out += f' [{repo.active_branch}'\n",
   "        if result.count_pull:\n",
   "            out += f' ↓·{result.count_pull}'\n",
   "        if result.count_push:\n",
   "            out += f' ↑·{result.count_push}'\n",
   "        branch_changed = repo.active_branch != prev_branch\n",
   "        if stashed_changes is not None:\n",
   "            if result.changed or branch_changed:\n",
   "                out += f'📦·{stashed_changes}'\n",
   "                repo.git.stash('pop')\n",
   "        if result.count_push and result.count_pull:\n",
   "            out += click.style(' not pulled', bold=True)\n",
   "        out += ']'\n",
   "            out += f'(SHA1: {repo.rev_parse(str(repo.active_branch))})'\n",
   "        click.echo(out + '                     ')\n",
   "def env_var_name(name):\n",
   "    name = name.upper().replace('-', '_')\n",
   "    return name\n",
   "    for name, repo in CFG['repos'].items():\n",
   "        if 'commit' not in repo:\n",
   "        env_var = env_var_name(name)\n",
   "        print('{}={}'.format(env_var, repo['commit']))\n"
  ]
 },
 "80": {
  "name": "repo",
  "type": "UNKNOWN",
  "class": "unknown",
  "approach": "Pysonar2",
  "file_path": "cde-cli/cde/cli.py",
  "lineno": "61",
  "column": "15",
  "context": "count_push, count_pull, changed)\n\n\ndef diff_count(repo):\n    \"\"\"Count the number of local changes\"\"\"\n\n    c",
  "context_lines": "        changed = True\n        # TODO, not just assome 'origin' does exist\n        repo.remotes['origin'].pull(\"--rebase\")\n\n    return repo_sync_result(count_push, count_pull, changed)\n\n\ndef diff_count(repo):\n    \"\"\"Count the number of local changes\"\"\"\n\n    change_types = ('A', 'D', 'R', 'M', 'T')\n    diff_index = repo.index.diff(None)\n\n    # TODO Better way to count all changes\n",
  "slicing": [
   "CFG = None\n",
   "repo_sync_result = collections.namedtuple(\n",
   "    CFG = cde.config.load()\n",
   "    if not cde.config.validate(CFG):\n",
   "def update_repo(repo, target_branch):\n",
   "            repo.git.checkout(target_branch, '--')\n",
   "    remote = f'{repo.active_branch}' + '@{u}'\n",
   "    count_pull = len(\n",
   "        list(repo.iter_commits(f'{repo.active_branch}..{remote}')))\n",
   "    count_push = len(\n",
   "        list(repo.iter_commits(f'{remote}..{repo.active_branch}')))\n",
   "    changed = False\n",
   "    if count_push == 0 and count_pull:\n",
   "        changed = True\n",
   "    return repo_sync_result(count_push, count_pull, changed)\n",
   "def diff_count(repo):\n",
   "    change_types = ('A', 'D', 'R', 'M', 'T')\n",
   "    diff_index = repo.index.diff(None)\n",
   "    total = 0\n",
   "    for change_type in change_types:\n",
   "        change_iterable = diff_index.iter_change_type(change_type)\n",
   "        for diff in change_iterable:\n",
   "            total += 1\n",
   "    return total\n",
   "@repo.command()\n",
   "    for name, repo_cfg in CFG.get('repos', {}).items():\n",
   "        if name in exclude:\n",
   "            click.echo('🙈 {} skipped.'.format(name) + '                     ')\n",
   "        path = Path('.') / name\n",
   "        result = repo_sync_result(0, 0, False)\n",
   "        stashed_changes = None\n",
   "        prev_branch = None\n",
   "        if os.path.exists(path):\n",
   "            print('▽ {} fetching...'.format(name), end='', flush=True)\n",
   "            repo = git.Repo(str(path))\n",
   "            prev_branch = repo.active_branch\n",
   "            for remote in repo.remotes:\n",
   "                remote.fetch()\n",
   "            msg = f'\\r▽ {name} fetched, analyzing changes'\n",
   "            print(msg, end='', flush=True)\n",
   "            if repo.is_dirty():\n",
   "                        f'\\r✖ {name} dirty, not updating          ', fg='red')\n",
   "                    stashed_changes = diff_count(repo)\n",
   "                    repo.git.stash('save', 'cde sync')\n",
   "                result = update_repo(repo, branch)\n",
   "                click.secho(f'\\r✖ {name} ERROR, not updating: {e}', fg='red')\n",
   "            print('▽ {} cloning...'.format(name), end='', flush=True)\n",
   "            repo = git.Repo.clone_from(repo_cfg['url'], str(path))\n",
   "            result = repo_sync_result(0, 0, changed=True)\n",
   "        out = click.style(f'\\r✔ {name}')\n",
   "        out += f' [{repo.active_branch}'\n",
   "        if result.count_pull:\n",
   "            out += f' ↓·{result.count_pull}'\n",
   "        if result.count_push:\n",
   "            out += f' ↑·{result.count_push}'\n",
   "        branch_changed = repo.active_branch != prev_branch\n",
   "        if stashed_changes is not None:\n",
   "            if result.changed or branch_changed:\n",
   "                out += f'📦·{stashed_changes}'\n",
   "                repo.git.stash('pop')\n",
   "        if result.count_push and result.count_pull:\n",
   "            out += click.style(' not pulled', bold=True)\n",
   "        out += ']'\n",
   "            out += f'(SHA1: {repo.rev_parse(str(repo.active_branch))})'\n",
   "        click.echo(out + '                     ')\n",
   "def env_var_name(name):\n",
   "    name = name.upper().replace('-', '_')\n",
   "    return name\n",
   "    for name, repo in CFG['repos'].items():\n",
   "        if 'commit' not in repo:\n",
   "        env_var = env_var_name(name)\n",
   "        print('{}={}'.format(env_var, repo['commit']))\n"
  ]
 },
 "81": {
  "name": "branch",
  "type": "UNKNOWN",
  "class": "unknown",
  "approach": "Pysonar2",
  "file_path": "cde-cli/cde/cli.py",
  "lineno": "104",
  "column": "9",
  "context": "pos from the update',\n    multiple=True)\ndef sync(branch, verbose, stash, exclude):\n    for name, repo_cfg in CFG.get('repos', {}).ite",
  "context_lines": "@click.option(\n    '--exclude',\n    help='Explicitly exclude repos from the update',\n    multiple=True)\ndef sync(branch, verbose, stash, exclude):\n    for name, repo_cfg in CFG.get('repos', {}).items():\n        if name in exclude:\n            click.echo('🙈 {} skipped.'.format(name) + '                     ')\n            continue\n\n",
  "slicing": "def sync(branch, verbose, stash, exclude):\n"
 },
 "82": {
  "name": "verbose",
  "type": "UNKNOWN",
  "class": "unknown",
  "approach": "Pysonar2",
  "file_path": "cde-cli/cde/cli.py",
  "lineno": "104",
  "column": "17",
  "context": " the update',\n    multiple=True)\ndef sync(branch, verbose, stash, exclude):\n    for name, repo_cfg in CFG.get('repos', {}).ite",
  "context_lines": "@click.option(\n    '--exclude',\n    help='Explicitly exclude repos from the update',\n    multiple=True)\ndef sync(branch, verbose, stash, exclude):\n    for name, repo_cfg in CFG.get('repos', {}).items():\n        if name in exclude:\n            click.echo('🙈 {} skipped.'.format(name) + '                     ')\n            continue\n\n",
  "slicing": "def sync(branch, verbose, stash, exclude):\n"
 },
 "83": {
  "name": "stash",
  "type": "UNKNOWN",
  "class": "unknown",
  "approach": "Pysonar2",
  "file_path": "cde-cli/cde/cli.py",
  "lineno": "104",
  "column": "26",
  "context": "te',\n    multiple=True)\ndef sync(branch, verbose, stash, exclude):\n    for name, repo_cfg in CFG.get('repos', {}).ite",
  "context_lines": "@click.option(\n    '--exclude',\n    help='Explicitly exclude repos from the update',\n    multiple=True)\ndef sync(branch, verbose, stash, exclude):\n    for name, repo_cfg in CFG.get('repos', {}).items():\n        if name in exclude:\n            click.echo('🙈 {} skipped.'.format(name) + '                     ')\n            continue\n\n",
  "slicing": "def sync(branch, verbose, stash, exclude):\n"
 },
 "84": {
  "name": "exclude",
  "type": "UNKNOWN",
  "class": "unknown",
  "approach": "Pysonar2",
  "file_path": "cde-cli/cde/cli.py",
  "lineno": "104",
  "column": "33",
  "context": "  multiple=True)\ndef sync(branch, verbose, stash, exclude):\n    for name, repo_cfg in CFG.get('repos', {}).ite",
  "context_lines": "@click.option(\n    '--exclude',\n    help='Explicitly exclude repos from the update',\n    multiple=True)\ndef sync(branch, verbose, stash, exclude):\n    for name, repo_cfg in CFG.get('repos', {}).items():\n        if name in exclude:\n            click.echo('🙈 {} skipped.'.format(name) + '                     ')\n            continue\n\n",
  "slicing": "def sync(branch, verbose, stash, exclude):\n"
 },
 "85": {
  "name": "name",
  "type": "UNKNOWN",
  "class": "unknown",
  "approach": "Pysonar2",
  "file_path": "cde-cli/cde/cli.py",
  "lineno": "178",
  "column": "17",
  "context": "out + '                     ')\n\n\ndef env_var_name(name):\n    name = name.upper().replace('-', '_')\n    retu",
  "context_lines": "            out += f'(SHA1: {repo.rev_parse(str(repo.active_branch))})'\n\n        # TODO make something more... sensible with whitespaces\n        # click.get_terminal_size()\n        click.echo(out + '                     ')\n\n\ndef env_var_name(name):\n    name = name.upper().replace('-', '_')\n    return name\n\n\n@main.command()\ndef env():\n",
  "slicing": [
   "CFG = None\n",
   "repo_sync_result = collections.namedtuple(\n",
   "    CFG = cde.config.load()\n",
   "    if not cde.config.validate(CFG):\n",
   "def update_repo(repo, target_branch):\n",
   "            repo.git.checkout(target_branch, '--')\n",
   "    remote = f'{repo.active_branch}' + '@{u}'\n",
   "    count_pull = len(\n",
   "        list(repo.iter_commits(f'{repo.active_branch}..{remote}')))\n",
   "    count_push = len(\n",
   "        list(repo.iter_commits(f'{remote}..{repo.active_branch}')))\n",
   "    changed = False\n",
   "    if count_push == 0 and count_pull:\n",
   "        changed = True\n",
   "    return repo_sync_result(count_push, count_pull, changed)\n",
   "def diff_count(repo):\n",
   "    change_types = ('A', 'D', 'R', 'M', 'T')\n",
   "    diff_index = repo.index.diff(None)\n",
   "    total = 0\n",
   "    for change_type in change_types:\n",
   "        change_iterable = diff_index.iter_change_type(change_type)\n",
   "        for diff in change_iterable:\n",
   "            total += 1\n",
   "    return total\n",
   "@repo.command()\n",
   "    for name, repo_cfg in CFG.get('repos', {}).items():\n",
   "        if name in exclude:\n",
   "            click.echo('🙈 {} skipped.'.format(name) + '                     ')\n",
   "        path = Path('.') / name\n",
   "        result = repo_sync_result(0, 0, False)\n",
   "        stashed_changes = None\n",
   "        prev_branch = None\n",
   "        if os.path.exists(path):\n",
   "            print('▽ {} fetching...'.format(name), end='', flush=True)\n",
   "            repo = git.Repo(str(path))\n",
   "            prev_branch = repo.active_branch\n",
   "            for remote in repo.remotes:\n",
   "                remote.fetch()\n",
   "            msg = f'\\r▽ {name} fetched, analyzing changes'\n",
   "            print(msg, end='', flush=True)\n",
   "            if repo.is_dirty():\n",
   "                        f'\\r✖ {name} dirty, not updating          ', fg='red')\n",
   "                    stashed_changes = diff_count(repo)\n",
   "                    repo.git.stash('save', 'cde sync')\n",
   "                result = update_repo(repo, branch)\n",
   "                click.secho(f'\\r✖ {name} ERROR, not updating: {e}', fg='red')\n",
   "            print('▽ {} cloning...'.format(name), end='', flush=True)\n",
   "            repo = git.Repo.clone_from(repo_cfg['url'], str(path))\n",
   "            result = repo_sync_result(0, 0, changed=True)\n",
   "        out = click.style(f'\\r✔ {name}')\n",
   "        out += f' [{repo.active_branch}'\n",
   "        if result.count_pull:\n",
   "            out += f' ↓·{result.count_pull}'\n",
   "        if result.count_push:\n",
   "            out += f' ↑·{result.count_push}'\n",
   "        branch_changed = repo.active_branch != prev_branch\n",
   "        if stashed_changes is not None:\n",
   "            if result.changed or branch_changed:\n",
   "                out += f'📦·{stashed_changes}'\n",
   "                repo.git.stash('pop')\n",
   "        if result.count_push and result.count_pull:\n",
   "            out += click.style(' not pulled', bold=True)\n",
   "        out += ']'\n",
   "            out += f'(SHA1: {repo.rev_parse(str(repo.active_branch))})'\n",
   "        click.echo(out + '                     ')\n",
   "def env_var_name(name):\n",
   "    name = name.upper().replace('-', '_')\n",
   "    return name\n",
   "    for name, repo in CFG['repos'].items():\n",
   "        if 'commit' not in repo:\n",
   "        env_var = env_var_name(name)\n",
   "        print('{}={}'.format(env_var, repo['commit']))\n"
  ]
 },
 "86": {
  "name": "cfg",
  "type": "UNKNOWN",
  "class": "unknown",
  "approach": "Pysonar2",
  "file_path": "cde-cli/cde/config.py",
  "lineno": "13",
  "column": "13",
  "context": "se\nyaml.default_flow_style = False\n\n\ndef validate(cfg):\n    ok = True\n    repo_name_re = '^[a-z][a-z0-9-]*",
  "context_lines": "DEFAULT_CFG_PATH = Path('.') / Path('.cde.yml')\nyaml = YAML(typ='safe')\nyaml.allow_duplicate_keys = False\nyaml.default_flow_style = False\n\n\ndef validate(cfg):\n    ok = True\n    repo_name_re = '^[a-z][a-z0-9-]*$'\n    repo_name = re.compile(repo_name_re)\n    for name, repo in cfg.get('repos', {}).items():\n",
  "slicing": "def validate(cfg):\n"
 },
 "87": {
  "name": "path",
  "type": "UNKNOWN",
  "class": "unknown",
  "approach": "Pysonar2",
  "file_path": "cde-cli/cde/config.py",
  "lineno": "26",
  "column": "9",
  "context": "\n            ok = False\n\n    return ok\n\n\ndef load(path=None):\n    if path is None:\n        path = DEFAULT_CFG_PA",
  "context_lines": "            msg = 'repo-keys must be {} but {} not'\n            print(msg.format(repo_name_re[1:-1], repr(name)))\n            ok = False\n\n    return ok\n\n\ndef load(path=None):\n    if path is None:\n        path = DEFAULT_CFG_PATH\n\n    if not os.path.exists(path):\n        return {}\n\n",
  "slicing": "def load(path=None):\n"
 },
 "88": {
  "name": "cfg",
  "type": "UNKNOWN",
  "class": "unknown",
  "approach": "Pysonar2",
  "file_path": "cde-cli/cde/config.py",
  "lineno": "38",
  "column": "10",
  "context": "tdefault('repos', {})\n    return data\n\n\ndef store(cfg, path=None):\n    if path is None:\n        path = DEFAULT_CFG_PA",
  "context_lines": "        return {}\n\n    data = yaml.load(open(path))\n    data.setdefault('repos', {})\n    return data\n\n\ndef store(cfg, path=None):\n    if path is None:\n        path = DEFAULT_CFG_PATH\n\n",
  "slicing": "def store(cfg, path=None):\n"
 },
 "89": {
  "name": "path",
  "type": "UNKNOWN",
  "class": "unknown",
  "approach": "Pysonar2",
  "file_path": "cde-cli/cde/config.py",
  "lineno": "38",
  "column": "15",
  "context": "ult('repos', {})\n    return data\n\n\ndef store(cfg, path=None):\n    if path is None:\n        path = DEFAULT_CFG_PA",
  "context_lines": "        return {}\n\n    data = yaml.load(open(path))\n    data.setdefault('repos', {})\n    return data\n\n\ndef store(cfg, path=None):\n    if path is None:\n        path = DEFAULT_CFG_PATH\n\n",
  "slicing": "def store(cfg, path=None):\n"
 },
 "90": {
  "name": "docstring",
  "type": "str",
  "class": "build-in",
  "approach": "Pysonar2",
  "file_path": "cde-cli/cde/check.py",
  "lineno": "8",
  "column": "9",
  "context": "rt sys\nimport subprocess\n\nimport click\n\n\ndef trim(docstring):\n    \"\"\"from https://www.python.org/dev/peps/pep-02",
  "context_lines": "import os\nimport sys\nimport subprocess\n\nimport click\n\n\ndef trim(docstring):\n    \"\"\"from https://www.python.org/dev/peps/pep-0257/\"\"\"\n    if not docstring:\n        return ''\n    # Convert tabs to spaces (following the normal Python rules)\n",
  "slicing": [
   "def trim(docstring):\n",
   "    lines = docstring.expandtabs().splitlines()\n",
   "    indent = 1000\n",
   "    for line in lines[1:]:\n",
   "        stripped = line.lstrip()\n",
   "        if stripped:\n",
   "            indent = min(indent, len(line) - len(stripped))\n",
   "    trimmed = [lines[0].strip()]\n",
   "    if indent < 1000:\n",
   "        for line in lines[1:]:\n",
   "            trimmed.append(line[indent:].rstrip())\n",
   "    while trimmed and not trimmed[-1]:\n",
   "        trimmed.pop()\n",
   "    while trimmed and not trimmed[0]:\n",
   "        trimmed.pop(0)\n",
   "    trimmed = ['  {}'.format(line) for line in trimmed]\n",
   "    return '\\n'.join(trimmed)\n"
  ]
 }
}