{
 "1": {
  "name": "fig",
  "type": "UNKNOWN",
  "class": "unknown",
  "approach": "Pysonar2",
  "file_path": "celluloid/test_celluloid.py",
  "lineno": "13",
  "column": "4",
  "context": "ef test_single():\n    \"\"\"Test plt.figure()\"\"\"\n    fig = plt.figure()\n    camera = Camera(fig)\n\n    for _ in range(10):\n",
  "context_lines": "from matplotlib import pyplot as plt\n\nfrom celluloid import Camera\n\n\ndef test_single():\n    \"\"\"Test plt.figure()\"\"\"\n    fig = plt.figure()\n    camera = Camera(fig)\n\n    for _ in range(10):\n        plt.plot(range(5))\n        plt.plot(-np.arange(5))\n",
  "slicing": [
   "    fig = plt.figure()\n",
   "    camera = Camera(fig)\n",
   "        artists = camera.snap()\n",
   "        assert len(artists) == 2\n",
   "    assert sum(len(x) for x in camera._photos) == 2 * 10\n",
   "    anim = camera.animate()\n",
   "    assert len(list(anim.frame_seq)) == 10\n",
   "    camera = Camera(fig)\n",
   "    artists = camera.snap()\n",
   "    assert len(artists) == 2\n",
   "    artists = camera.snap()\n",
   "    assert sum(len(x) for x in camera._photos) == 4\n",
   "    anim = camera.animate()\n",
   "    assert len(list(anim.frame_seq)) == 2\n",
   "    artists = camera.snap()\n",
   "    assert len(artists) == 2\n",
   "    artists = camera.snap()\n",
   "    assert len(artists) == 2\n",
   "    assert camera._photos[0][1].texts[0]._text == 'hello'\n",
   "    assert camera._photos[1][1].texts[0]._text == 'world'\n",
   "    assert sum(len(x) for x in camera._photos) == 4\n",
   "    anim = camera.animate()\n",
   "    assert len(list(anim.frame_seq)) == 2\n",
   "    artists = camera.snap()\n",
   "    assert len(artists) == 1\n",
   "    artists = camera.snap()\n",
   "    assert len(artists) == 1\n",
   "    assert sum(len(x) for x in camera._photos) == 2\n",
   "    anim = camera.animate()\n",
   "    assert len(list(anim.frame_seq)) == 2\n"
  ]
 },
 "2": {
  "name": "camera",
  "type": "celluloid.Camera",
  "class": "customized",
  "approach": "annotation",
  "file_path": "celluloid/test_celluloid.py",
  "lineno": "14",
  "column": "4",
  "context": "\"\"Test plt.figure()\"\"\"\n    fig = plt.figure()\n    camera = Camera(fig)\n\n    for _ in range(10):\n        plt.plot(range(5)",
  "context_lines": "from celluloid import Camera\n\n\ndef test_single():\n    \"\"\"Test plt.figure()\"\"\"\n    fig = plt.figure()\n    camera = Camera(fig)\n\n    for _ in range(10):\n        plt.plot(range(5))\n        plt.plot(-np.arange(5))\n",
  "slicing": [
   "    camera = Camera(fig)\n",
   "        artists = camera.snap()\n",
   "        assert len(artists) == 2\n",
   "    assert sum(len(x) for x in camera._photos) == 2 * 10\n",
   "    anim = camera.animate()\n",
   "    assert len(list(anim.frame_seq)) == 10\n",
   "    artists = camera.snap()\n",
   "    assert len(artists) == 2\n",
   "    artists = camera.snap()\n",
   "    assert sum(len(x) for x in camera._photos) == 4\n",
   "    anim = camera.animate()\n",
   "    assert len(list(anim.frame_seq)) == 2\n",
   "    artists = camera.snap()\n",
   "    assert len(artists) == 2\n",
   "    artists = camera.snap()\n",
   "    assert len(artists) == 2\n",
   "    assert camera._photos[0][1].texts[0]._text == 'hello'\n",
   "    assert camera._photos[1][1].texts[0]._text == 'world'\n",
   "    assert sum(len(x) for x in camera._photos) == 4\n",
   "    anim = camera.animate()\n",
   "    assert len(list(anim.frame_seq)) == 2\n",
   "    artists = camera.snap()\n",
   "    assert len(artists) == 1\n",
   "    artists = camera.snap()\n",
   "    assert len(artists) == 1\n",
   "    assert sum(len(x) for x in camera._photos) == 2\n",
   "    anim = camera.animate()\n",
   "    assert len(list(anim.frame_seq)) == 2\n"
  ]
 },
 "3": {
  "name": "artists",
  "type": "list",
  "class": "build-in",
  "approach": "Pysonar2",
  "file_path": "celluloid/test_celluloid.py",
  "lineno": "19",
  "column": "8",
  "context": "range(5))\n        plt.plot(-np.arange(5))\n        artists = camera.snap()\n        assert len(artists) == 2\n\n    # pylint: di",
  "context_lines": "    camera = Camera(fig)\n\n    for _ in range(10):\n        plt.plot(range(5))\n        plt.plot(-np.arange(5))\n        artists = camera.snap()\n        assert len(artists) == 2\n\n    # pylint: disable=protected-access\n    assert sum(len(x) for x in camera._photos) == 2 * 10\n\n    anim = camera.animate()\n",
  "slicing": [
   "        artists = camera.snap()\n",
   "        assert len(artists) == 2\n",
   "    assert len(artists) == 2\n",
   "    assert len(artists) == 2\n",
   "    assert len(artists) == 2\n",
   "    assert len(artists) == 1\n",
   "    assert len(artists) == 1\n"
  ]
 },
 "4": {
  "name": "anim",
  "type": "UNKNOWN",
  "class": "unknown",
  "approach": "Pysonar2",
  "file_path": "celluloid/test_celluloid.py",
  "lineno": "25",
  "column": "4",
  "context": "um(len(x) for x in camera._photos) == 2 * 10\n\n    anim = camera.animate()\n    assert len(list(anim.frame_seq)) == 10\n\n\ndef t",
  "context_lines": "        artists = camera.snap()\n        assert len(artists) == 2\n\n    # pylint: disable=protected-access\n    assert sum(len(x) for x in camera._photos) == 2 * 10\n\n    anim = camera.animate()\n    assert len(list(anim.frame_seq)) == 10\n\n\ndef test_two_axes():\n    \"\"\"Test subplots.\"\"\"\n    fig, axes = plt.subplots(2)\n",
  "slicing": [
   "    anim = camera.animate()\n",
   "    assert len(list(anim.frame_seq)) == 10\n",
   "    assert len(list(anim.frame_seq)) == 2\n",
   "    assert len(list(anim.frame_seq)) == 2\n",
   "    assert len(list(anim.frame_seq)) == 2\n"
  ]
 },
 "5": {
  "name": "fig",
  "type": "UNKNOWN",
  "class": "unknown",
  "approach": "Pysonar2",
  "file_path": "celluloid/test_celluloid.py",
  "lineno": "31",
  "column": "4",
  "context": "def test_two_axes():\n    \"\"\"Test subplots.\"\"\"\n    fig, axes = plt.subplots(2)\n    camera = Camera(fig)\n    axes[0].plot(np.zeros",
  "context_lines": "    anim = camera.animate()\n    assert len(list(anim.frame_seq)) == 10\n\n\ndef test_two_axes():\n    \"\"\"Test subplots.\"\"\"\n    fig, axes = plt.subplots(2)\n    camera = Camera(fig)\n    axes[0].plot(np.zeros(100))\n    axes[1].plot(np.zeros(100))\n    artists = camera.snap()\n",
  "slicing": [
   "    fig, axes = plt.subplots(2)\n",
   "    camera = Camera(fig)\n",
   "    artists = camera.snap()\n",
   "    assert len(artists) == 2\n",
   "    artists = camera.snap()\n",
   "    assert sum(len(x) for x in camera._photos) == 4\n",
   "    anim = camera.animate()\n",
   "    assert len(list(anim.frame_seq)) == 2\n",
   "    artists = camera.snap()\n",
   "    assert len(artists) == 2\n",
   "    artists = camera.snap()\n",
   "    assert len(artists) == 2\n",
   "    assert camera._photos[0][1].texts[0]._text == 'hello'\n",
   "    assert camera._photos[1][1].texts[0]._text == 'world'\n",
   "    assert sum(len(x) for x in camera._photos) == 4\n",
   "    anim = camera.animate()\n",
   "    assert len(list(anim.frame_seq)) == 2\n",
   "    artists = camera.snap()\n",
   "    assert len(artists) == 1\n",
   "    artists = camera.snap()\n",
   "    assert len(artists) == 1\n",
   "    assert sum(len(x) for x in camera._photos) == 2\n",
   "    anim = camera.animate()\n",
   "    assert len(list(anim.frame_seq)) == 2\n"
  ]
 },
 "6": {
  "name": "axes",
  "type": "UNKNOWN",
  "class": "unknown",
  "approach": "Pysonar2",
  "file_path": "celluloid/test_celluloid.py",
  "lineno": "31",
  "column": "9",
  "context": "est_two_axes():\n    \"\"\"Test subplots.\"\"\"\n    fig, axes = plt.subplots(2)\n    camera = Camera(fig)\n    axes[0].plot(np.zeros",
  "context_lines": "    anim = camera.animate()\n    assert len(list(anim.frame_seq)) == 10\n\n\ndef test_two_axes():\n    \"\"\"Test subplots.\"\"\"\n    fig, axes = plt.subplots(2)\n    camera = Camera(fig)\n    axes[0].plot(np.zeros(100))\n    axes[1].plot(np.zeros(100))\n    artists = camera.snap()\n",
  "slicing": [
   "    fig, axes = plt.subplots(2)\n",
   "    axes[0].plot(np.zeros(100))\n",
   "    axes[1].plot(np.zeros(100))\n",
   "    axes[0].plot(np.ones(100))\n",
   "    axes[1].plot(np.ones(100))\n"
  ]
 },
 "7": {
  "name": "camera",
  "type": "celluloid.Camera",
  "class": "customized",
  "approach": "annotation",
  "file_path": "celluloid/test_celluloid.py",
  "lineno": "32",
  "column": "4",
  "context": " subplots.\"\"\"\n    fig, axes = plt.subplots(2)\n    camera = Camera(fig)\n    axes[0].plot(np.zeros(100))\n    axes[1].plot(n",
  "context_lines": "    assert len(list(anim.frame_seq)) == 10\n\n\ndef test_two_axes():\n    \"\"\"Test subplots.\"\"\"\n    fig, axes = plt.subplots(2)\n    camera = Camera(fig)\n    axes[0].plot(np.zeros(100))\n    axes[1].plot(np.zeros(100))\n    artists = camera.snap()\n    assert len(artists) == 2\n\n",
  "slicing": [
   "    camera = Camera(fig)\n",
   "    artists = camera.snap()\n",
   "    assert len(artists) == 2\n",
   "    artists = camera.snap()\n",
   "    assert sum(len(x) for x in camera._photos) == 4\n",
   "    anim = camera.animate()\n",
   "    assert len(list(anim.frame_seq)) == 2\n",
   "    artists = camera.snap()\n",
   "    assert len(artists) == 2\n",
   "    artists = camera.snap()\n",
   "    assert len(artists) == 2\n",
   "    assert camera._photos[0][1].texts[0]._text == 'hello'\n",
   "    assert camera._photos[1][1].texts[0]._text == 'world'\n",
   "    assert sum(len(x) for x in camera._photos) == 4\n",
   "    anim = camera.animate()\n",
   "    assert len(list(anim.frame_seq)) == 2\n",
   "    artists = camera.snap()\n",
   "    assert len(artists) == 1\n",
   "    artists = camera.snap()\n",
   "    assert len(artists) == 1\n",
   "    assert sum(len(x) for x in camera._photos) == 2\n",
   "    anim = camera.animate()\n",
   "    assert len(list(anim.frame_seq)) == 2\n"
  ]
 },
 "8": {
  "name": "artists",
  "type": "list",
  "class": "build-in",
  "approach": "Pysonar2",
  "file_path": "celluloid/test_celluloid.py",
  "lineno": "35",
  "column": "4",
  "context": "p.zeros(100))\n    axes[1].plot(np.zeros(100))\n    artists = camera.snap()\n    assert len(artists) == 2\n\n    axes[0].plot(np.",
  "context_lines": "    fig, axes = plt.subplots(2)\n    camera = Camera(fig)\n    axes[0].plot(np.zeros(100))\n    axes[1].plot(np.zeros(100))\n    artists = camera.snap()\n    assert len(artists) == 2\n\n    axes[0].plot(np.ones(100))\n    axes[1].plot(np.ones(100))\n    artists = camera.snap()\n\n",
  "slicing": [
   "    artists = camera.snap()\n",
   "    assert len(artists) == 2\n",
   "    assert len(artists) == 2\n",
   "    assert len(artists) == 2\n",
   "    assert len(artists) == 1\n",
   "    assert len(artists) == 1\n"
  ]
 },
 "9": {
  "name": "artists",
  "type": "list",
  "class": "build-in",
  "approach": "Pysonar2",
  "file_path": "celluloid/test_celluloid.py",
  "lineno": "40",
  "column": "4",
  "context": "(np.ones(100))\n    axes[1].plot(np.ones(100))\n    artists = camera.snap()\n\n    # pylint: disable=protected-access\n    assert",
  "context_lines": "    artists = camera.snap()\n    assert len(artists) == 2\n\n    axes[0].plot(np.ones(100))\n    axes[1].plot(np.ones(100))\n    artists = camera.snap()\n\n    # pylint: disable=protected-access\n    assert sum(len(x) for x in camera._photos) == 4\n\n    anim = camera.animate()\n",
  "slicing": [
   "    artists = camera.snap()\n",
   "    assert len(artists) == 2\n",
   "    assert len(artists) == 2\n",
   "    assert len(artists) == 1\n",
   "    assert len(artists) == 1\n"
  ]
 },
 "10": {
  "name": "anim",
  "type": "UNKNOWN",
  "class": "unknown",
  "approach": "Pysonar2",
  "file_path": "celluloid/test_celluloid.py",
  "lineno": "45",
  "column": "4",
  "context": "ert sum(len(x) for x in camera._photos) == 4\n\n    anim = camera.animate()\n    assert len(list(anim.frame_seq)) == 2\n\n\ndef te",
  "context_lines": "    axes[1].plot(np.ones(100))\n    artists = camera.snap()\n\n    # pylint: disable=protected-access\n    assert sum(len(x) for x in camera._photos) == 4\n\n    anim = camera.animate()\n    assert len(list(anim.frame_seq)) == 2\n\n\ndef test_legends():\n    \"\"\"Test subplots.\"\"\"\n    camera = Camera(plt.figure())\n\n",
  "slicing": [
   "    anim = camera.animate()\n",
   "    assert len(list(anim.frame_seq)) == 2\n",
   "    assert len(list(anim.frame_seq)) == 2\n",
   "    assert len(list(anim.frame_seq)) == 2\n"
  ]
 },
 "11": {
  "name": "camera",
  "type": "celluloid.Camera",
  "class": "customized",
  "approach": "annotation",
  "file_path": "celluloid/test_celluloid.py",
  "lineno": "51",
  "column": "4",
  "context": "\ndef test_legends():\n    \"\"\"Test subplots.\"\"\"\n    camera = Camera(plt.figure())\n\n    plt.legend(plt.plot(range(5)), ['hello'])\n   ",
  "context_lines": "    anim = camera.animate()\n    assert len(list(anim.frame_seq)) == 2\n\n\ndef test_legends():\n    \"\"\"Test subplots.\"\"\"\n    camera = Camera(plt.figure())\n\n    plt.legend(plt.plot(range(5)), ['hello'])\n    artists = camera.snap()\n    assert len(artists) == 2\n\n",
  "slicing": [
   "    camera = Camera(plt.figure())\n",
   "    artists = camera.snap()\n",
   "    assert len(artists) == 2\n",
   "    artists = camera.snap()\n",
   "    assert len(artists) == 2\n",
   "    assert camera._photos[0][1].texts[0]._text == 'hello'\n",
   "    assert camera._photos[1][1].texts[0]._text == 'world'\n",
   "    assert sum(len(x) for x in camera._photos) == 4\n",
   "    anim = camera.animate()\n",
   "    assert len(list(anim.frame_seq)) == 2\n",
   "    artists = camera.snap()\n",
   "    assert len(artists) == 1\n",
   "    artists = camera.snap()\n",
   "    assert len(artists) == 1\n",
   "    assert sum(len(x) for x in camera._photos) == 2\n",
   "    anim = camera.animate()\n",
   "    assert len(list(anim.frame_seq)) == 2\n"
  ]
 },
 "12": {
  "name": "artists",
  "type": "list",
  "class": "build-in",
  "approach": "Pysonar2",
  "file_path": "celluloid/test_celluloid.py",
  "lineno": "54",
  "column": "4",
  "context": "    plt.legend(plt.plot(range(5)), ['hello'])\n    artists = camera.snap()\n    assert len(artists) == 2\n\n    plt.legend(plt.p",
  "context_lines": "def test_legends():\n    \"\"\"Test subplots.\"\"\"\n    camera = Camera(plt.figure())\n\n    plt.legend(plt.plot(range(5)), ['hello'])\n    artists = camera.snap()\n    assert len(artists) == 2\n\n    plt.legend(plt.plot(range(5)), ['world'])\n    artists = camera.snap()\n    assert len(artists) == 2\n\n",
  "slicing": [
   "    artists = camera.snap()\n",
   "    assert len(artists) == 2\n",
   "    assert len(artists) == 2\n",
   "    assert len(artists) == 1\n",
   "    assert len(artists) == 1\n"
  ]
 },
 "13": {
  "name": "artists",
  "type": "list",
  "class": "build-in",
  "approach": "Pysonar2",
  "file_path": "celluloid/test_celluloid.py",
  "lineno": "58",
  "column": "4",
  "context": "    plt.legend(plt.plot(range(5)), ['world'])\n    artists = camera.snap()\n    assert len(artists) == 2\n\n    # pylint: disabl",
  "context_lines": "    plt.legend(plt.plot(range(5)), ['hello'])\n    artists = camera.snap()\n    assert len(artists) == 2\n\n    plt.legend(plt.plot(range(5)), ['world'])\n    artists = camera.snap()\n    assert len(artists) == 2\n\n    # pylint: disable=protected-access\n    assert camera._photos[0][1].texts[0]._text == 'hello'\n    assert camera._photos[1][1].texts[0]._text == 'world'\n\n",
  "slicing": [
   "    artists = camera.snap()\n",
   "    assert len(artists) == 2\n",
   "    assert len(artists) == 1\n",
   "    assert len(artists) == 1\n"
  ]
 },
 "14": {
  "name": "anim",
  "type": "UNKNOWN",
  "class": "unknown",
  "approach": "Pysonar2",
  "file_path": "celluloid/test_celluloid.py",
  "lineno": "68",
  "column": "4",
  "context": "ert sum(len(x) for x in camera._photos) == 4\n\n    anim = camera.animate()\n    assert len(list(anim.frame_seq)) == 2\n\n\ndef te",
  "context_lines": "    assert camera._photos[0][1].texts[0]._text == 'hello'\n    assert camera._photos[1][1].texts[0]._text == 'world'\n\n    # pylint: disable=protected-access\n    assert sum(len(x) for x in camera._photos) == 4\n\n    anim = camera.animate()\n    assert len(list(anim.frame_seq)) == 2\n\n\ndef test_images():\n    \"\"\"Test subplots.\"\"\"\n    camera = Camera(plt.figure())\n\n",
  "slicing": [
   "    anim = camera.animate()\n",
   "    assert len(list(anim.frame_seq)) == 2\n",
   "    assert len(list(anim.frame_seq)) == 2\n"
  ]
 },
 "15": {
  "name": "camera",
  "type": "celluloid.Camera",
  "class": "customized",
  "approach": "annotation",
  "file_path": "celluloid/test_celluloid.py",
  "lineno": "74",
  "column": "4",
  "context": "\n\ndef test_images():\n    \"\"\"Test subplots.\"\"\"\n    camera = Camera(plt.figure())\n\n    plt.imshow(np.ones((5, 5)))\n    artists = cam",
  "context_lines": "    anim = camera.animate()\n    assert len(list(anim.frame_seq)) == 2\n\n\ndef test_images():\n    \"\"\"Test subplots.\"\"\"\n    camera = Camera(plt.figure())\n\n    plt.imshow(np.ones((5, 5)))\n    artists = camera.snap()\n    assert len(artists) == 1\n\n",
  "slicing": [
   "    camera = Camera(plt.figure())\n",
   "    artists = camera.snap()\n",
   "    assert len(artists) == 1\n",
   "    artists = camera.snap()\n",
   "    assert len(artists) == 1\n",
   "    assert sum(len(x) for x in camera._photos) == 2\n",
   "    anim = camera.animate()\n",
   "    assert len(list(anim.frame_seq)) == 2\n"
  ]
 },
 "16": {
  "name": "artists",
  "type": "list",
  "class": "build-in",
  "approach": "Pysonar2",
  "file_path": "celluloid/test_celluloid.py",
  "lineno": "77",
  "column": "4",
  "context": "lt.figure())\n\n    plt.imshow(np.ones((5, 5)))\n    artists = camera.snap()\n    assert len(artists) == 1\n\n    plt.imshow(np.ze",
  "context_lines": "def test_images():\n    \"\"\"Test subplots.\"\"\"\n    camera = Camera(plt.figure())\n\n    plt.imshow(np.ones((5, 5)))\n    artists = camera.snap()\n    assert len(artists) == 1\n\n    plt.imshow(np.zeros((5, 5)))\n    artists = camera.snap()\n    assert len(artists) == 1\n\n",
  "slicing": [
   "    artists = camera.snap()\n",
   "    assert len(artists) == 1\n",
   "    assert len(artists) == 1\n"
  ]
 },
 "17": {
  "name": "artists",
  "type": "list",
  "class": "build-in",
  "approach": "Pysonar2",
  "file_path": "celluloid/test_celluloid.py",
  "lineno": "81",
  "column": "4",
  "context": "tists) == 1\n\n    plt.imshow(np.zeros((5, 5)))\n    artists = camera.snap()\n    assert len(artists) == 1\n\n    # pylint: disabl",
  "context_lines": "    plt.imshow(np.ones((5, 5)))\n    artists = camera.snap()\n    assert len(artists) == 1\n\n    plt.imshow(np.zeros((5, 5)))\n    artists = camera.snap()\n    assert len(artists) == 1\n\n    # pylint: disable=protected-access\n    assert sum(len(x) for x in camera._photos) == 2\n\n    anim = camera.animate()\n",
  "slicing": [
   "    artists = camera.snap()\n",
   "    assert len(artists) == 1\n"
  ]
 },
 "18": {
  "name": "anim",
  "type": "UNKNOWN",
  "class": "unknown",
  "approach": "Pysonar2",
  "file_path": "celluloid/test_celluloid.py",
  "lineno": "87",
  "column": "4",
  "context": "ert sum(len(x) for x in camera._photos) == 2\n\n    anim = camera.animate()\n    assert len(list(anim.frame_seq)) == 2\n",
  "context_lines": "    artists = camera.snap()\n    assert len(artists) == 1\n\n    # pylint: disable=protected-access\n    assert sum(len(x) for x in camera._photos) == 2\n\n    anim = camera.animate()\n",
  "slicing": [
   "    anim = camera.animate()\n",
   "    assert len(list(anim.frame_seq)) == 2\n"
  ]
 },
 "19": {
  "name": "__version__",
  "type": "str",
  "class": "build-in",
  "approach": "Pysonar2",
  "file_path": "celluloid/celluloid.py",
  "lineno": "10",
  "column": "0",
  "context": "rom matplotlib.animation import ArtistAnimation\n\n\n__version__ = '0.2.0'\n\n\nclass Camera:\n    \"\"\"Make animations easier.\"\"\"\n",
  "context_lines": "from collections import defaultdict\n\nfrom matplotlib.figure import Figure\nfrom matplotlib.artist import Artist\nfrom matplotlib.animation import ArtistAnimation\n\n\n__version__ = '0.2.0'\n\n\nclass Camera:\n    \"\"\"Make animations easier.\"\"\"\n\n    def __init__(self, figure: Figure) -> None:\n",
  "slicing": "__version__ = '0.2.0'\n"
 },
 "20": {
  "name": "frame_artists",
  "type": "dict",
  "class": "build-in",
  "approach": "annotation",
  "file_path": "celluloid/celluloid.py",
  "lineno": "29",
  "column": "8",
  "context": "\"\"Capture current state of the figure.\"\"\"\n        frame_artists: List[Artist] = []\n        for i, axis in enumerate(self._figure.axes",
  "context_lines": "        }\n        self._photos: List[List[Artist]] = []\n\n    def snap(self) -> List[Artist]:\n        \"\"\"Capture current state of the figure.\"\"\"\n        frame_artists: List[Artist] = []\n        for i, axis in enumerate(self._figure.axes):\n            if axis.legend_ is not None:\n                axis.add_artist(axis.legend_)\n            for name in self._offsets:\n",
  "slicing": [
   "        frame_artists: List[Artist] = []\n",
   "        self._photos.append(frame_artists)\n",
   "        return frame_artists\n"
  ]
 },
 "21": {
  "name": "new_artists",
  "type": "dict",
  "class": "build-in",
  "approach": "annotation",
  "file_path": "celluloid/celluloid.py",
  "lineno": "34",
  "column": "16",
  "context": "       for name in self._offsets:\n                new_artists = getattr(axis, name)[self._offsets[name][i]:]\n                frame_artists += new_artists\n     ",
  "context_lines": "        for i, axis in enumerate(self._figure.axes):\n            if axis.legend_ is not None:\n                axis.add_artist(axis.legend_)\n            for name in self._offsets:\n                new_artists = getattr(axis, name)[self._offsets[name][i]:]\n                frame_artists += new_artists\n                self._offsets[name][i] += len(new_artists)\n        self._photos.append(frame_artists)\n        return frame_artists\n\n",
  "slicing": [
   "                new_artists = getattr(axis, name)[self._offsets[name][i]:]\n",
   "                frame_artists += new_artists\n",
   "                self._offsets[name][i] += len(new_artists)\n",
   "        self._photos.append(frame_artists)\n",
   "        return frame_artists\n"
  ]
 },
 "22": {
  "name": "frame_artists",
  "type": "UNKNOWN",
  "class": "unknown",
  "approach": "annotation",
  "file_path": "celluloid/celluloid.py",
  "lineno": "35",
  "column": "16",
  "context": "s, name)[self._offsets[name][i]:]\n                frame_artists += new_artists\n                self._offsets[name][i] += len(new_",
  "context_lines": "            if axis.legend_ is not None:\n                axis.add_artist(axis.legend_)\n            for name in self._offsets:\n                new_artists = getattr(axis, name)[self._offsets[name][i]:]\n                frame_artists += new_artists\n                self._offsets[name][i] += len(new_artists)\n        self._photos.append(frame_artists)\n        return frame_artists\n\n    def animate(self, *args, **kwargs) -> ArtistAnimation:\n",
  "slicing": [
   "                frame_artists += new_artists\n",
   "        self._photos.append(frame_artists)\n",
   "        return frame_artists\n"
  ]
 },
 "23": {
  "name": "fig",
  "type": "UNKNOWN",
  "class": "unknown",
  "approach": "Pysonar2",
  "file_path": "celluloid/examples/legends.py",
  "lineno": "9",
  "column": "0",
  "context": "mport pyplot as plt\nfrom celluloid import Camera\n\nfig = plt.figure()\ncamera = Camera(fig)\nfor i in range(5):\n    t = pl",
  "context_lines": "import matplotlib\nmatplotlib.use('Agg')\nfrom matplotlib import pyplot as plt\nfrom celluloid import Camera\n\nfig = plt.figure()\ncamera = Camera(fig)\nfor i in range(5):\n    t = plt.plot(range(i, i + 5))\n    plt.legend(t, [f'line {i}'])\n",
  "slicing": [
   "fig = plt.figure()\n",
   "camera = Camera(fig)\n",
   "    camera.snap()\n",
   "animation = camera.animate(interval=300, blit=True)\n",
   "animation.save(\n"
  ]
 },
 "24": {
  "name": "camera",
  "type": "celluloid.Camera",
  "class": "customized",
  "approach": "annotation",
  "file_path": "celluloid/examples/legends.py",
  "lineno": "10",
  "column": "0",
  "context": "\nfrom celluloid import Camera\n\nfig = plt.figure()\ncamera = Camera(fig)\nfor i in range(5):\n    t = plt.plot(range(i, i + 5",
  "context_lines": "matplotlib.use('Agg')\nfrom matplotlib import pyplot as plt\nfrom celluloid import Camera\n\nfig = plt.figure()\ncamera = Camera(fig)\nfor i in range(5):\n    t = plt.plot(range(i, i + 5))\n    plt.legend(t, [f'line {i}'])\n    camera.snap()\n",
  "slicing": [
   "camera = Camera(fig)\n",
   "    camera.snap()\n",
   "animation = camera.animate(interval=300, blit=True)\n",
   "animation.save(\n"
  ]
 },
 "25": {
  "name": "t",
  "type": "UNKNOWN",
  "class": "unknown",
  "approach": "Pysonar2",
  "file_path": "celluloid/examples/legends.py",
  "lineno": "12",
  "column": "4",
  "context": "ure()\ncamera = Camera(fig)\nfor i in range(5):\n    t = plt.plot(range(i, i + 5))\n    plt.legend(t, [f'line {i}'])\n    camera.snap()",
  "context_lines": "from celluloid import Camera\n\nfig = plt.figure()\ncamera = Camera(fig)\nfor i in range(5):\n    t = plt.plot(range(i, i + 5))\n    plt.legend(t, [f'line {i}'])\n    camera.snap()\nanimation = camera.animate(interval=300, blit=True)\nanimation.save(\n",
  "slicing": [
   "    t = plt.plot(range(i, i + 5))\n",
   "    plt.legend(t, [f'line {i}'])\n"
  ]
 },
 "26": {
  "name": "animation",
  "type": "UNKNOWN",
  "class": "unknown",
  "approach": "Pysonar2",
  "file_path": "celluloid/examples/legends.py",
  "lineno": "15",
  "column": "0",
  "context": "   plt.legend(t, [f'line {i}'])\n    camera.snap()\nanimation = camera.animate(interval=300, blit=True)\nanimation.save(\n    'legends.mp4',\n    dpi=100,\n  ",
  "context_lines": "for i in range(5):\n    t = plt.plot(range(i, i + 5))\n    plt.legend(t, [f'line {i}'])\n    camera.snap()\nanimation = camera.animate(interval=300, blit=True)\nanimation.save(\n    'legends.mp4',\n    dpi=100,\n    savefig_kwargs={\n",
  "slicing": [
   "animation = camera.animate(interval=300, blit=True)\n",
   "animation.save(\n"
  ]
 },
 "27": {
  "name": "fig",
  "type": "UNKNOWN",
  "class": "unknown",
  "approach": "Pysonar2",
  "file_path": "celluloid/examples/simple.py",
  "lineno": "9",
  "column": "0",
  "context": "mport pyplot as plt\nfrom celluloid import Camera\n\nfig = plt.figure()\ncamera = Camera(fig)\nfor i in range(10):\n    plt.p",
  "context_lines": "import matplotlib\nmatplotlib.use('Agg')\nfrom matplotlib import pyplot as plt\nfrom celluloid import Camera\n\nfig = plt.figure()\ncamera = Camera(fig)\nfor i in range(10):\n    plt.plot([i] * 10)\n    camera.snap()\n",
  "slicing": [
   "fig = plt.figure()\n",
   "camera = Camera(fig)\n",
   "    camera.snap()\n",
   "animation = camera.animate(interval=300, blit=True)\n",
   "animation.save(\n"
  ]
 },
 "28": {
  "name": "camera",
  "type": "celluloid.Camera",
  "class": "customized",
  "approach": "annotation",
  "file_path": "celluloid/examples/simple.py",
  "lineno": "10",
  "column": "0",
  "context": "\nfrom celluloid import Camera\n\nfig = plt.figure()\ncamera = Camera(fig)\nfor i in range(10):\n    plt.plot([i] * 10)\n    cam",
  "context_lines": "matplotlib.use('Agg')\nfrom matplotlib import pyplot as plt\nfrom celluloid import Camera\n\nfig = plt.figure()\ncamera = Camera(fig)\nfor i in range(10):\n    plt.plot([i] * 10)\n    camera.snap()\nanimation = camera.animate(interval=100, blit=True)\n",
  "slicing": [
   "camera = Camera(fig)\n",
   "    camera.snap()\n",
   "animation = camera.animate(interval=300, blit=True)\n",
   "animation.save(\n"
  ]
 },
 "29": {
  "name": "animation",
  "type": "UNKNOWN",
  "class": "unknown",
  "approach": "Pysonar2",
  "file_path": "celluloid/examples/simple.py",
  "lineno": "14",
  "column": "0",
  "context": "nge(10):\n    plt.plot([i] * 10)\n    camera.snap()\nanimation = camera.animate(interval=100, blit=True)\nanimation.save(\n    'simple.mp4',\n    dpi=100,\n   ",
  "context_lines": "camera = Camera(fig)\nfor i in range(10):\n    plt.plot([i] * 10)\n    camera.snap()\nanimation = camera.animate(interval=100, blit=True)\nanimation.save(\n    'simple.mp4',\n    dpi=100,\n    savefig_kwargs={\n",
  "slicing": [
   "animation = camera.animate(interval=100, blit=True)\n",
   "animation.save(\n"
  ]
 },
 "30": {
  "name": "fig",
  "type": "UNKNOWN",
  "class": "unknown",
  "approach": "Pysonar2",
  "file_path": "celluloid/examples/sines.py",
  "lineno": "10",
  "column": "0",
  "context": "mport pyplot as plt\nfrom celluloid import Camera\n\nfig, axes = plt.subplots(2)\ncamera = Camera(fig)\nt = np.linspace(0, 2 * np.pi,",
  "context_lines": "import matplotlib\nmatplotlib.use('Agg')\nfrom matplotlib import pyplot as plt\nfrom celluloid import Camera\n\nfig, axes = plt.subplots(2)\ncamera = Camera(fig)\nt = np.linspace(0, 2 * np.pi, 128, endpoint=False)\nfor i in t:\n    axes[0].plot(t, np.sin(t + i), color='blue')\n",
  "slicing": [
   "fig, axes = plt.subplots(2)\n",
   "camera = Camera(fig)\n",
   "    camera.snap()\n",
   "animation = camera.animate(interval=50, blit=True)\n",
   "animation.save(\n"
  ]
 },
 "31": {
  "name": "axes",
  "type": "UNKNOWN",
  "class": "unknown",
  "approach": "Pysonar2",
  "file_path": "celluloid/examples/sines.py",
  "lineno": "10",
  "column": "5",
  "context": " pyplot as plt\nfrom celluloid import Camera\n\nfig, axes = plt.subplots(2)\ncamera = Camera(fig)\nt = np.linspace(0, 2 * np.pi,",
  "context_lines": "import matplotlib\nmatplotlib.use('Agg')\nfrom matplotlib import pyplot as plt\nfrom celluloid import Camera\n\nfig, axes = plt.subplots(2)\ncamera = Camera(fig)\nt = np.linspace(0, 2 * np.pi, 128, endpoint=False)\nfor i in t:\n    axes[0].plot(t, np.sin(t + i), color='blue')\n",
  "slicing": [
   "fig, axes = plt.subplots(2)\n",
   "    axes[0].plot(t, np.sin(t + i), color='blue')\n",
   "    axes[1].plot(t, np.sin(t - i), color='blue')\n"
  ]
 },
 "32": {
  "name": "camera",
  "type": "celluloid.Camera",
  "class": "customized",
  "approach": "annotation",
  "file_path": "celluloid/examples/sines.py",
  "lineno": "11",
  "column": "0",
  "context": "luloid import Camera\n\nfig, axes = plt.subplots(2)\ncamera = Camera(fig)\nt = np.linspace(0, 2 * np.pi, 128, endpoint=False)",
  "context_lines": "matplotlib.use('Agg')\nfrom matplotlib import pyplot as plt\nfrom celluloid import Camera\n\nfig, axes = plt.subplots(2)\ncamera = Camera(fig)\nt = np.linspace(0, 2 * np.pi, 128, endpoint=False)\nfor i in t:\n    axes[0].plot(t, np.sin(t + i), color='blue')\n    axes[1].plot(t, np.sin(t - i), color='blue')\n",
  "slicing": [
   "camera = Camera(fig)\n",
   "    camera.snap()\n",
   "animation = camera.animate(interval=50, blit=True)\n",
   "animation.save(\n"
  ]
 },
 "33": {
  "name": "t",
  "type": "UNKNOWN",
  "class": "unknown",
  "approach": "Pysonar2",
  "file_path": "celluloid/examples/sines.py",
  "lineno": "12",
  "column": "0",
  "context": "\nfig, axes = plt.subplots(2)\ncamera = Camera(fig)\nt = np.linspace(0, 2 * np.pi, 128, endpoint=False)\nfor i in t:\n    axes[0].plot(t, np.sin(t + i), col",
  "context_lines": "from matplotlib import pyplot as plt\nfrom celluloid import Camera\n\nfig, axes = plt.subplots(2)\ncamera = Camera(fig)\nt = np.linspace(0, 2 * np.pi, 128, endpoint=False)\nfor i in t:\n    axes[0].plot(t, np.sin(t + i), color='blue')\n    axes[1].plot(t, np.sin(t - i), color='blue')\n    camera.snap()\n",
  "slicing": [
   "t = np.linspace(0, 2 * np.pi, 128, endpoint=False)\n",
   "for i in t:\n",
   "    axes[0].plot(t, np.sin(t + i), color='blue')\n",
   "    axes[1].plot(t, np.sin(t - i), color='blue')\n"
  ]
 },
 "34": {
  "name": "animation",
  "type": "UNKNOWN",
  "class": "unknown",
  "approach": "Pysonar2",
  "file_path": "celluloid/examples/sines.py",
  "lineno": "17",
  "column": "0",
  "context": "t, np.sin(t - i), color='blue')\n    camera.snap()\nanimation = camera.animate(interval=50, blit=True)\nanimation.save(\n    'sines.mp4',\n    dpi=100,\n    ",
  "context_lines": "for i in t:\n    axes[0].plot(t, np.sin(t + i), color='blue')\n    axes[1].plot(t, np.sin(t - i), color='blue')\n    camera.snap()\nanimation = camera.animate(interval=50, blit=True)\nanimation.save(\n    'sines.mp4',\n    dpi=100,\n    savefig_kwargs={\n",
  "slicing": [
   "animation = camera.animate(interval=50, blit=True)\n",
   "animation.save(\n"
  ]
 },
 "35": {
  "name": "fig",
  "type": "UNKNOWN",
  "class": "unknown",
  "approach": "Pysonar2",
  "file_path": "celluloid/examples/complex.py",
  "lineno": "12",
  "column": "0",
  "context": "om tqdm import tqdm\nfrom celluloid import Camera\n\nfig = plt.figure()\n# hack to remove border\n# https://stackoverflow.co",
  "context_lines": "from matplotlib import pyplot as plt\nfrom matplotlib.colors import hsv_to_rgb\nfrom tqdm import tqdm\nfrom celluloid import Camera\n\nfig = plt.figure()\n# hack to remove border\n# https://stackoverflow.com/a/37810568/744520\nfig.set_size_inches(4, 4, forward=False)\nax = plt.Axes(fig, [0, 0, 1, 1])\n",
  "slicing": [
   "fig = plt.figure()\n",
   "fig.set_size_inches(4, 4, forward=False)\n",
   "ax = plt.Axes(fig, [0, 0, 1, 1])\n",
   "ax.set_axis_off()\n",
   "fig.add_axes(ax)\n",
   "camera = Camera(fig)\n",
   "    ax.imshow(rgb)\n",
   "    camera.snap()\n",
   "animation = camera.animate(interval=50, blit=True)\n",
   "animation.save(\n"
  ]
 },
 "36": {
  "name": "ax",
  "type": "UNKNOWN",
  "class": "unknown",
  "approach": "Pysonar2",
  "file_path": "celluloid/examples/complex.py",
  "lineno": "16",
  "column": "0",
  "context": "8/744520\nfig.set_size_inches(4, 4, forward=False)\nax = plt.Axes(fig, [0, 0, 1, 1])\nax.set_axis_off()\nfig.add_axes(ax)\ncamera = Camera",
  "context_lines": "fig = plt.figure()\n# hack to remove border\n# https://stackoverflow.com/a/37810568/744520\nfig.set_size_inches(4, 4, forward=False)\nax = plt.Axes(fig, [0, 0, 1, 1])\nax.set_axis_off()\nfig.add_axes(ax)\ncamera = Camera(fig)\n\nfor a in tqdm(np.linspace(0, 2 * np.pi, 30, endpoint=False)):\n",
  "slicing": [
   "ax = plt.Axes(fig, [0, 0, 1, 1])\n",
   "ax.set_axis_off()\n",
   "fig.add_axes(ax)\n",
   "    ax.imshow(rgb)\n"
  ]
 },
 "37": {
  "name": "camera",
  "type": "celluloid.Camera",
  "class": "customized",
  "approach": "annotation",
  "file_path": "celluloid/examples/complex.py",
  "lineno": "19",
  "column": "0",
  "context": " [0, 0, 1, 1])\nax.set_axis_off()\nfig.add_axes(ax)\ncamera = Camera(fig)\n\nfor a in tqdm(np.linspace(0, 2 * np.pi, 30, endpo",
  "context_lines": "fig.set_size_inches(4, 4, forward=False)\nax = plt.Axes(fig, [0, 0, 1, 1])\nax.set_axis_off()\nfig.add_axes(ax)\ncamera = Camera(fig)\n\nfor a in tqdm(np.linspace(0, 2 * np.pi, 30, endpoint=False)):\n    x = np.linspace(-3, 3, 800)\n    X, Y = np.meshgrid(x, x)\n",
  "slicing": [
   "camera = Camera(fig)\n",
   "    camera.snap()\n",
   "animation = camera.animate(interval=50, blit=True)\n",
   "animation.save(\n"
  ]
 },
 "38": {
  "name": "x",
  "type": "UNKNOWN",
  "class": "unknown",
  "approach": "Pysonar2",
  "file_path": "celluloid/examples/complex.py",
  "lineno": "22",
  "column": "4",
  "context": ".linspace(0, 2 * np.pi, 30, endpoint=False)):\n    x = np.linspace(-3, 3, 800)\n    X, Y = np.meshgrid(x, x)\n    x = X + 1j * Y\n  ",
  "context_lines": "ax.set_axis_off()\nfig.add_axes(ax)\ncamera = Camera(fig)\n\nfor a in tqdm(np.linspace(0, 2 * np.pi, 30, endpoint=False)):\n    x = np.linspace(-3, 3, 800)\n    X, Y = np.meshgrid(x, x)\n    x = X + 1j * Y\n    y = (x ** 2 - 2.5) * (x - 2.5 * 1j) * (x + 2.5 * 1j) * (x - 2 - 1j) ** 2 / ((x - np.exp(1j * a)) ** 2 * (x - np.exp(1j * 2 * a)) ** 2)\n\n    H = np.angle(y) / (2 * np.pi) + .5\n",
  "slicing": [
   "    x = np.linspace(-3, 3, 800)\n",
   "    X, Y = np.meshgrid(x, x)\n",
   "    x = X + 1j * Y\n",
   "    y = (x ** 2 - 2.5) * (x - 2.5 * 1j) * (x + 2.5 * 1j) * (x - 2 - 1j) ** 2 / ((x - np.exp(1j * a)) ** 2 * (x - np.exp(1j * 2 * a)) ** 2)\n",
   "    H = np.angle(y) / (2 * np.pi) + .5\n",
   "    r = np.log2(1. + np.abs(y))\n",
   "    S = (1. + np.abs(np.sin(2. * np.pi * r))) / 2.\n",
   "    V = (1. + np.abs(np.cos(2. * np.pi * r))) / 2.\n",
   "    rgb = hsv_to_rgb(np.dstack((H, S, V)))\n",
   "    ax.imshow(rgb)\n"
  ]
 },
 "39": {
  "name": "X",
  "type": "UNKNOWN",
  "class": "unknown",
  "approach": "Pysonar2",
  "file_path": "celluloid/examples/complex.py",
  "lineno": "23",
  "column": "4",
  "context": "oint=False)):\n    x = np.linspace(-3, 3, 800)\n    X, Y = np.meshgrid(x, x)\n    x = X + 1j * Y\n    y = (x ** 2 - 2.5) * (x - 2",
  "context_lines": "fig.add_axes(ax)\ncamera = Camera(fig)\n\nfor a in tqdm(np.linspace(0, 2 * np.pi, 30, endpoint=False)):\n    x = np.linspace(-3, 3, 800)\n    X, Y = np.meshgrid(x, x)\n    x = X + 1j * Y\n    y = (x ** 2 - 2.5) * (x - 2.5 * 1j) * (x + 2.5 * 1j) * (x - 2 - 1j) ** 2 / ((x - np.exp(1j * a)) ** 2 * (x - np.exp(1j * 2 * a)) ** 2)\n\n    H = np.angle(y) / (2 * np.pi) + .5\n    r = np.log2(1. + np.abs(y))\n",
  "slicing": [
   "    X, Y = np.meshgrid(x, x)\n",
   "    x = X + 1j * Y\n",
   "    y = (x ** 2 - 2.5) * (x - 2.5 * 1j) * (x + 2.5 * 1j) * (x - 2 - 1j) ** 2 / ((x - np.exp(1j * a)) ** 2 * (x - np.exp(1j * 2 * a)) ** 2)\n",
   "    H = np.angle(y) / (2 * np.pi) + .5\n",
   "    r = np.log2(1. + np.abs(y))\n",
   "    S = (1. + np.abs(np.sin(2. * np.pi * r))) / 2.\n",
   "    V = (1. + np.abs(np.cos(2. * np.pi * r))) / 2.\n",
   "    rgb = hsv_to_rgb(np.dstack((H, S, V)))\n",
   "    ax.imshow(rgb)\n"
  ]
 },
 "40": {
  "name": "Y",
  "type": "UNKNOWN",
  "class": "unknown",
  "approach": "Pysonar2",
  "file_path": "celluloid/examples/complex.py",
  "lineno": "23",
  "column": "7",
  "context": "t=False)):\n    x = np.linspace(-3, 3, 800)\n    X, Y = np.meshgrid(x, x)\n    x = X + 1j * Y\n    y = (x ** 2 - 2.5) * (x - 2",
  "context_lines": "fig.add_axes(ax)\ncamera = Camera(fig)\n\nfor a in tqdm(np.linspace(0, 2 * np.pi, 30, endpoint=False)):\n    x = np.linspace(-3, 3, 800)\n    X, Y = np.meshgrid(x, x)\n    x = X + 1j * Y\n    y = (x ** 2 - 2.5) * (x - 2.5 * 1j) * (x + 2.5 * 1j) * (x - 2 - 1j) ** 2 / ((x - np.exp(1j * a)) ** 2 * (x - np.exp(1j * 2 * a)) ** 2)\n\n    H = np.angle(y) / (2 * np.pi) + .5\n    r = np.log2(1. + np.abs(y))\n",
  "slicing": [
   "    X, Y = np.meshgrid(x, x)\n",
   "    x = X + 1j * Y\n",
   "    y = (x ** 2 - 2.5) * (x - 2.5 * 1j) * (x + 2.5 * 1j) * (x - 2 - 1j) ** 2 / ((x - np.exp(1j * a)) ** 2 * (x - np.exp(1j * 2 * a)) ** 2)\n",
   "    H = np.angle(y) / (2 * np.pi) + .5\n",
   "    r = np.log2(1. + np.abs(y))\n",
   "    S = (1. + np.abs(np.sin(2. * np.pi * r))) / 2.\n",
   "    V = (1. + np.abs(np.cos(2. * np.pi * r))) / 2.\n",
   "    rgb = hsv_to_rgb(np.dstack((H, S, V)))\n",
   "    ax.imshow(rgb)\n"
  ]
 },
 "41": {
  "name": "x",
  "type": "complex",
  "class": "build-in",
  "approach": "Pysonar2",
  "file_path": "celluloid/examples/complex.py",
  "lineno": "24",
  "column": "4",
  "context": "pace(-3, 3, 800)\n    X, Y = np.meshgrid(x, x)\n    x = X + 1j * Y\n    y = (x ** 2 - 2.5) * (x - 2.5 * 1j) * (x + 2.5",
  "context_lines": "camera = Camera(fig)\n\nfor a in tqdm(np.linspace(0, 2 * np.pi, 30, endpoint=False)):\n    x = np.linspace(-3, 3, 800)\n    X, Y = np.meshgrid(x, x)\n    x = X + 1j * Y\n    y = (x ** 2 - 2.5) * (x - 2.5 * 1j) * (x + 2.5 * 1j) * (x - 2 - 1j) ** 2 / ((x - np.exp(1j * a)) ** 2 * (x - np.exp(1j * 2 * a)) ** 2)\n\n    H = np.angle(y) / (2 * np.pi) + .5\n    r = np.log2(1. + np.abs(y))\n    S = (1. + np.abs(np.sin(2. * np.pi * r))) / 2.\n",
  "slicing": [
   "    x = X + 1j * Y\n",
   "    y = (x ** 2 - 2.5) * (x - 2.5 * 1j) * (x + 2.5 * 1j) * (x - 2 - 1j) ** 2 / ((x - np.exp(1j * a)) ** 2 * (x - np.exp(1j * 2 * a)) ** 2)\n",
   "    H = np.angle(y) / (2 * np.pi) + .5\n",
   "    r = np.log2(1. + np.abs(y))\n",
   "    S = (1. + np.abs(np.sin(2. * np.pi * r))) / 2.\n",
   "    V = (1. + np.abs(np.cos(2. * np.pi * r))) / 2.\n",
   "    rgb = hsv_to_rgb(np.dstack((H, S, V)))\n",
   "    ax.imshow(rgb)\n"
  ]
 },
 "42": {
  "name": "y",
  "type": "complex",
  "class": "build-in",
  "approach": "Pysonar2",
  "file_path": "celluloid/examples/complex.py",
  "lineno": "25",
  "column": "4",
  "context": "  X, Y = np.meshgrid(x, x)\n    x = X + 1j * Y\n    y = (x ** 2 - 2.5) * (x - 2.5 * 1j) * (x + 2.5 * 1j) * (x - 2 - 1j) ** 2 / ((x - np.exp(1j * a)) ** 2 * (x - np.exp(1j * 2 * a)) ** 2)\n\n    H = np.angle(y) / (2 * np.pi) + .5\n    r = np",
  "context_lines": "for a in tqdm(np.linspace(0, 2 * np.pi, 30, endpoint=False)):\n    x = np.linspace(-3, 3, 800)\n    X, Y = np.meshgrid(x, x)\n    x = X + 1j * Y\n    y = (x ** 2 - 2.5) * (x - 2.5 * 1j) * (x + 2.5 * 1j) * (x - 2 - 1j) ** 2 / ((x - np.exp(1j * a)) ** 2 * (x - np.exp(1j * 2 * a)) ** 2)\n\n    H = np.angle(y) / (2 * np.pi) + .5\n    r = np.log2(1. + np.abs(y))\n    S = (1. + np.abs(np.sin(2. * np.pi * r))) / 2.\n",
  "slicing": [
   "    y = (x ** 2 - 2.5) * (x - 2.5 * 1j) * (x + 2.5 * 1j) * (x - 2 - 1j) ** 2 / ((x - np.exp(1j * a)) ** 2 * (x - np.exp(1j * 2 * a)) ** 2)\n",
   "    H = np.angle(y) / (2 * np.pi) + .5\n",
   "    r = np.log2(1. + np.abs(y))\n",
   "    S = (1. + np.abs(np.sin(2. * np.pi * r))) / 2.\n",
   "    V = (1. + np.abs(np.cos(2. * np.pi * r))) / 2.\n",
   "    rgb = hsv_to_rgb(np.dstack((H, S, V)))\n",
   "    ax.imshow(rgb)\n"
  ]
 },
 "43": {
  "name": "H",
  "type": "int",
  "class": "build-in",
  "approach": "Pysonar2",
  "file_path": "celluloid/examples/complex.py",
  "lineno": "27",
  "column": "4",
  "context": " * a)) ** 2 * (x - np.exp(1j * 2 * a)) ** 2)\n\n    H = np.angle(y) / (2 * np.pi) + .5\n    r = np.log2(1. + np.abs(y))\n    S = (1. + np.a",
  "context_lines": "    x = np.linspace(-3, 3, 800)\n    X, Y = np.meshgrid(x, x)\n    x = X + 1j * Y\n    y = (x ** 2 - 2.5) * (x - 2.5 * 1j) * (x + 2.5 * 1j) * (x - 2 - 1j) ** 2 / ((x - np.exp(1j * a)) ** 2 * (x - np.exp(1j * 2 * a)) ** 2)\n\n    H = np.angle(y) / (2 * np.pi) + .5\n    r = np.log2(1. + np.abs(y))\n    S = (1. + np.abs(np.sin(2. * np.pi * r))) / 2.\n    V = (1. + np.abs(np.cos(2. * np.pi * r))) / 2.\n\n    rgb = hsv_to_rgb(np.dstack((H, S, V)))\n",
  "slicing": [
   "    H = np.angle(y) / (2 * np.pi) + .5\n",
   "    rgb = hsv_to_rgb(np.dstack((H, S, V)))\n",
   "    ax.imshow(rgb)\n"
  ]
 },
 "44": {
  "name": "r",
  "type": "UNKNOWN",
  "class": "unknown",
  "approach": "Pysonar2",
  "file_path": "celluloid/examples/complex.py",
  "lineno": "28",
  "column": "4",
  "context": "** 2)\n\n    H = np.angle(y) / (2 * np.pi) + .5\n    r = np.log2(1. + np.abs(y))\n    S = (1. + np.abs(np.sin(2. * np.pi * r))) / 2.",
  "context_lines": "    X, Y = np.meshgrid(x, x)\n    x = X + 1j * Y\n    y = (x ** 2 - 2.5) * (x - 2.5 * 1j) * (x + 2.5 * 1j) * (x - 2 - 1j) ** 2 / ((x - np.exp(1j * a)) ** 2 * (x - np.exp(1j * 2 * a)) ** 2)\n\n    H = np.angle(y) / (2 * np.pi) + .5\n    r = np.log2(1. + np.abs(y))\n    S = (1. + np.abs(np.sin(2. * np.pi * r))) / 2.\n    V = (1. + np.abs(np.cos(2. * np.pi * r))) / 2.\n\n    rgb = hsv_to_rgb(np.dstack((H, S, V)))\n    ax.imshow(rgb)\n",
  "slicing": [
   "    r = np.log2(1. + np.abs(y))\n",
   "    S = (1. + np.abs(np.sin(2. * np.pi * r))) / 2.\n",
   "    V = (1. + np.abs(np.cos(2. * np.pi * r))) / 2.\n",
   "    rgb = hsv_to_rgb(np.dstack((H, S, V)))\n",
   "    ax.imshow(rgb)\n"
  ]
 },
 "45": {
  "name": "S",
  "type": "float",
  "class": "build-in",
  "approach": "Pysonar2",
  "file_path": "celluloid/examples/complex.py",
  "lineno": "29",
  "column": "4",
  "context": "* np.pi) + .5\n    r = np.log2(1. + np.abs(y))\n    S = (1. + np.abs(np.sin(2. * np.pi * r))) / 2.\n    V = (1. + np.abs(np.cos(2. * np.pi * r))) / 2.",
  "context_lines": "    x = X + 1j * Y\n    y = (x ** 2 - 2.5) * (x - 2.5 * 1j) * (x + 2.5 * 1j) * (x - 2 - 1j) ** 2 / ((x - np.exp(1j * a)) ** 2 * (x - np.exp(1j * 2 * a)) ** 2)\n\n    H = np.angle(y) / (2 * np.pi) + .5\n    r = np.log2(1. + np.abs(y))\n    S = (1. + np.abs(np.sin(2. * np.pi * r))) / 2.\n    V = (1. + np.abs(np.cos(2. * np.pi * r))) / 2.\n\n    rgb = hsv_to_rgb(np.dstack((H, S, V)))\n    ax.imshow(rgb)\n    camera.snap()\n",
  "slicing": [
   "    S = (1. + np.abs(np.sin(2. * np.pi * r))) / 2.\n",
   "    rgb = hsv_to_rgb(np.dstack((H, S, V)))\n",
   "    ax.imshow(rgb)\n"
  ]
 },
 "46": {
  "name": "V",
  "type": "float",
  "class": "build-in",
  "approach": "Pysonar2",
  "file_path": "celluloid/examples/complex.py",
  "lineno": "30",
  "column": "4",
  "context": " = (1. + np.abs(np.sin(2. * np.pi * r))) / 2.\n    V = (1. + np.abs(np.cos(2. * np.pi * r))) / 2.\n\n    rgb = hsv_to_rgb(np.dstack((H, S, V)))\n    ax",
  "context_lines": "    y = (x ** 2 - 2.5) * (x - 2.5 * 1j) * (x + 2.5 * 1j) * (x - 2 - 1j) ** 2 / ((x - np.exp(1j * a)) ** 2 * (x - np.exp(1j * 2 * a)) ** 2)\n\n    H = np.angle(y) / (2 * np.pi) + .5\n    r = np.log2(1. + np.abs(y))\n    S = (1. + np.abs(np.sin(2. * np.pi * r))) / 2.\n    V = (1. + np.abs(np.cos(2. * np.pi * r))) / 2.\n\n    rgb = hsv_to_rgb(np.dstack((H, S, V)))\n    ax.imshow(rgb)\n    camera.snap()\n",
  "slicing": [
   "    V = (1. + np.abs(np.cos(2. * np.pi * r))) / 2.\n",
   "    rgb = hsv_to_rgb(np.dstack((H, S, V)))\n",
   "    ax.imshow(rgb)\n"
  ]
 },
 "47": {
  "name": "rgb",
  "type": "matplotlib.colors.hsv_to_rgb",
  "class": "imported",
  "approach": "annotation",
  "file_path": "celluloid/examples/complex.py",
  "lineno": "32",
  "column": "4",
  "context": "= (1. + np.abs(np.cos(2. * np.pi * r))) / 2.\n\n    rgb = hsv_to_rgb(np.dstack((H, S, V)))\n    ax.imshow(rgb)\n    camera.snap()\nanimation = c",
  "context_lines": "    H = np.angle(y) / (2 * np.pi) + .5\n    r = np.log2(1. + np.abs(y))\n    S = (1. + np.abs(np.sin(2. * np.pi * r))) / 2.\n    V = (1. + np.abs(np.cos(2. * np.pi * r))) / 2.\n\n    rgb = hsv_to_rgb(np.dstack((H, S, V)))\n    ax.imshow(rgb)\n    camera.snap()\nanimation = camera.animate(interval=50, blit=True)\nanimation.save(\n",
  "slicing": [
   "    rgb = hsv_to_rgb(np.dstack((H, S, V)))\n",
   "    ax.imshow(rgb)\n"
  ]
 },
 "48": {
  "name": "animation",
  "type": "UNKNOWN",
  "class": "unknown",
  "approach": "Pysonar2",
  "file_path": "celluloid/examples/complex.py",
  "lineno": "35",
  "column": "0",
  "context": "((H, S, V)))\n    ax.imshow(rgb)\n    camera.snap()\nanimation = camera.animate(interval=50, blit=True)\nanimation.save(\n    'complex.mp4',\n    dpi=100,\n  ",
  "context_lines": "    V = (1. + np.abs(np.cos(2. * np.pi * r))) / 2.\n\n    rgb = hsv_to_rgb(np.dstack((H, S, V)))\n    ax.imshow(rgb)\n    camera.snap()\nanimation = camera.animate(interval=50, blit=True)\nanimation.save(\n    'complex.mp4',\n    dpi=100,\n    savefig_kwargs={\n",
  "slicing": [
   "animation = camera.animate(interval=50, blit=True)\n",
   "animation.save(\n"
  ]
 },
 "49": {
  "name": "figure",
  "type": "UNKNOWN",
  "class": "unknown",
  "approach": "annotation",
  "file_path": "celluloid/celluloid.py",
  "lineno": "16",
  "column": "23",
  "context": "ake animations easier.\"\"\"\n\n    def __init__(self, figure: Figure) -> None:\n        \"\"\"Create camera from matplotlib figure.\"\"",
  "context_lines": "from matplotlib.animation import ArtistAnimation\n\n\n__version__ = '0.2.0'\n\n\nclass Camera:\n    \"\"\"Make animations easier.\"\"\"\n\n    def __init__(self, figure: Figure) -> None:\n        \"\"\"Create camera from matplotlib figure.\"\"\"\n        self._figure = figure\n        # need to keep track off artists for each axis\n        self._offsets: Dict[str, Dict[int, int]] = {\n",
  "slicing": "    def __init__(self, figure: Figure) -> None:\n"
 }
}