{
 "1": {
  "name": "install_requires",
  "type": "list",
  "class": "build-in",
  "approach": "Pysonar2",
  "file_path": "chainerdml/setup.py",
  "lineno": "5",
  "column": "4",
  "context": "pen('requirements.txt') as requirements_file:\n    install_requires = requirements_file.read().splitlines()\n\nsetup(\n    author='hrsma2i',\n    author_email='hr",
  "context_lines": "from setuptools import setup, find_packages\n\n\nwith open('requirements.txt') as requirements_file:\n    install_requires = requirements_file.read().splitlines()\n\nsetup(\n    author='hrsma2i',\n    author_email='hrs.ma2i@gmail.com',\n",
  "slicing": [
   "    install_requires = requirements_file.read().splitlines()\n",
   "    install_requires=install_requires,\n"
  ]
 },
 "2": {
  "name": "SIMILARITIES",
  "type": "list",
  "class": "build-in",
  "approach": "annotation",
  "file_path": "chainerdml/chainerdml/constants.py",
  "lineno": "1",
  "column": "0",
  "context": "SIMILARITIES = [\"dot\", \"cosine\"]\nDISTANCES = [\"euclidean\"]\nMETRIC_TYPES = SIMILARIT",
  "context_lines": "SIMILARITIES = [\"dot\", \"cosine\"]\nDISTANCES = [\"euclidean\"]\nMETRIC_TYPES = SIMILARITIES + DISTANCES\n",
  "slicing": [
   "SIMILARITIES = [\"dot\", \"cosine\"]\n",
   "METRIC_TYPES = SIMILARITIES + DISTANCES\n"
  ]
 },
 "3": {
  "name": "DISTANCES",
  "type": "list",
  "class": "build-in",
  "approach": "annotation",
  "file_path": "chainerdml/chainerdml/constants.py",
  "lineno": "2",
  "column": "0",
  "context": "SIMILARITIES = [\"dot\", \"cosine\"]\nDISTANCES = [\"euclidean\"]\nMETRIC_TYPES = SIMILARITIES + DISTANCES\nLOSS_TYPES",
  "context_lines": "SIMILARITIES = [\"dot\", \"cosine\"]\nDISTANCES = [\"euclidean\"]\nMETRIC_TYPES = SIMILARITIES + DISTANCES\n",
  "slicing": [
   "DISTANCES = [\"euclidean\"]\n",
   "METRIC_TYPES = SIMILARITIES + DISTANCES\n"
  ]
 },
 "4": {
  "name": "METRIC_TYPES",
  "type": "list",
  "class": "build-in",
  "approach": "Pysonar2",
  "file_path": "chainerdml/chainerdml/constants.py",
  "lineno": "3",
  "column": "0",
  "context": "IES = [\"dot\", \"cosine\"]\nDISTANCES = [\"euclidean\"]\nMETRIC_TYPES = SIMILARITIES + DISTANCES\nLOSS_TYPES = [\"hinge\", \"softmax\"]\n",
  "context_lines": "SIMILARITIES = [\"dot\", \"cosine\"]\nDISTANCES = [\"euclidean\"]\nMETRIC_TYPES = SIMILARITIES + DISTANCES\n",
  "slicing": "METRIC_TYPES = SIMILARITIES + DISTANCES\n"
 },
 "5": {
  "name": "LOSS_TYPES",
  "type": "list",
  "class": "build-in",
  "approach": "annotation",
  "file_path": "chainerdml/chainerdml/constants.py",
  "lineno": "4",
  "column": "0",
  "context": "clidean\"]\nMETRIC_TYPES = SIMILARITIES + DISTANCES\nLOSS_TYPES = [\"hinge\", \"softmax\"]\n",
  "context_lines": "SIMILARITIES = [\"dot\", \"cosine\"]\nDISTANCES = [\"euclidean\"]\nMETRIC_TYPES = SIMILARITIES + DISTANCES\nLOSS_TYPES = [\"hinge\", \"softmax\"]\n",
  "slicing": "LOSS_TYPES = [\"hinge\", \"softmax\"]\n"
 },
 "6": {
  "name": "metric_names_apn",
  "type": "list",
  "class": "build-in",
  "approach": "annotation",
  "file_path": "chainerdml/chainerdml/npair_loss.py",
  "lineno": "12",
  "column": "4",
  "context": "t METRIC_TYPES, LOSS_TYPES\n\n\nclass NpairLoss:\n    metric_names_apn = [\"anc_pos\", \"anc_neg\", \"pos_neg_u\", \"pos_neg_v\"]\n    metric_names_norms = [\"norm_u\", \"norm_v\"]\n\n   ",
  "context_lines": "    euclidean_pairwise_distances,\n)\nfrom chainerdml.constants import METRIC_TYPES, LOSS_TYPES\n\n\nclass NpairLoss:\n    metric_names_apn = [\"anc_pos\", \"anc_neg\", \"pos_neg_u\", \"pos_neg_v\"]\n    metric_names_norms = [\"norm_u\", \"norm_v\"]\n\n    def __init__(\n        self,\n        metric_type=\"dot\",\n",
  "slicing": "    metric_names_apn = [\"anc_pos\", \"anc_neg\", \"pos_neg_u\", \"pos_neg_v\"]\n"
 },
 "7": {
  "name": "metric_names_norms",
  "type": "list",
  "class": "build-in",
  "approach": "annotation",
  "file_path": "chainerdml/chainerdml/npair_loss.py",
  "lineno": "13",
  "column": "4",
  "context": "nc_pos\", \"anc_neg\", \"pos_neg_u\", \"pos_neg_v\"]\n    metric_names_norms = [\"norm_u\", \"norm_v\"]\n\n    def __init__(\n        self,\n        metric_ty",
  "context_lines": ")\nfrom chainerdml.constants import METRIC_TYPES, LOSS_TYPES\n\n\nclass NpairLoss:\n    metric_names_apn = [\"anc_pos\", \"anc_neg\", \"pos_neg_u\", \"pos_neg_v\"]\n    metric_names_norms = [\"norm_u\", \"norm_v\"]\n\n    def __init__(\n        self,\n        metric_type=\"dot\",\n",
  "slicing": "    metric_names_norms = [\"norm_u\", \"norm_v\"]\n"
 },
 "8": {
  "name": "checklist",
  "type": "list",
  "class": "build-in",
  "approach": "annotation",
  "file_path": "chainerdml/chainerdml/npair_loss.py",
  "lineno": "46",
  "column": "8",
  "context": "   self._verify()\n\n    def _verify(self):\n        checklist = [\n            (\n                self.metric_type not",
  "context_lines": "        self.bidirectional = bidirectional\n        self.cache = cache\n\n        self._verify()\n\n    def _verify(self):\n        checklist = [\n            (\n                self.metric_type not in METRIC_TYPES,\n                ValueError(\n                    \"`metric_type` must be selected from {}.\".format(\n",
  "slicing": [
   "        checklist = [\n",
   "        for cond, err in checklist:\n",
   "            if cond:\n",
   "                raise err\n"
  ]
 },
 "9": {
  "name": "u",
  "type": "UNKNOWN",
  "class": "unknown",
  "approach": "Pysonar2",
  "file_path": "chainerdml/chainerdml/npair_loss.py",
  "lineno": "85",
  "column": "12",
  "context": "   \"\"\"\n\n        if self.l2_normalize:\n            u = F.normalize(u, axis=1)\n            v = F.normalize(v, axis=1)\n\n        me",
  "context_lines": "        Return:\n            loss (Variable (1, ))\n        \"\"\"\n\n        if self.l2_normalize:\n            u = F.normalize(u, axis=1)\n            v = F.normalize(v, axis=1)\n\n        metrics = self.calc_metric_matrix(u, v)\n\n        if self.bidirectional:\n            B_u, B_v = metrics.shape\n",
  "slicing": [
   "            u = F.normalize(u, axis=1)\n",
   "        metrics = self.calc_metric_matrix(u, v)\n",
   "            B_u, B_v = metrics.shape\n",
   "            if B_u != B_v:\n",
   "            xp = cuda.get_array_module(metrics)\n",
   "            labels = xp.arange(B_u)\n",
   "        loss = self.lossfun(metrics, labels=labels)\n",
   "            self.metrics = metrics\n",
   "            self.labels = labels\n",
   "            self.u = u\n",
   "        return loss\n",
   "            metrics = euclidean_pairwise_distances(u, v)\n",
   "            metrics = F.matmul(u, v, transb=True)\n",
   "        return metrics\n",
   "            loss = npair_hinge(metrics, labels, metric_type, margin)\n",
   "            loss = F.softmax_cross_entropy(metrics, labels)\n",
   "                loss += npair_hinge(metrics.T, labels, metric_type, margin)\n",
   "                loss += F.softmax_cross_entropy(metrics.T, labels)\n",
   "        return loss\n",
   "        xp = cuda.get_array_module(metrics)\n",
   "        B_u, B_v = metrics.shape\n",
   "            metric_ap = metrics[xp.arange(B_u), labels].reshape(-1, 1)\n",
   "            anc_pos = F.mean(metric_ap)\n",
   "            mask = xp.ones_like(metrics)\n",
   "            mask[xp.arange(B_u), labels] = 0\n",
   "            anc_neg = F.sum(mask * metrics) / mask.sum()\n",
   "            metrics_u = self.calc_metric_matrix(u, u)\n",
   "            mask_u = xp.ones_like(metrics_u)\n",
   "            mask_u[xp.arange(B_u), xp.arange(B_u)] = 0\n",
   "            pos_neg_u = F.sum(mask_u * metrics_u) / mask_u.sum()\n",
   "            mask_v = xp.ones_like(metrics_v)\n",
   "            mask_v[xp.arange(B_v), xp.arange(B_v)] = 0\n",
   "            pos_neg_v = F.sum(mask_v * metrics_v) / mask_v.sum()\n",
   "                anc_pos = F.sqrt(anc_pos)\n",
   "                anc_neg = F.sqrt(anc_neg)\n",
   "                pos_neg_u = F.sqrt(pos_neg_u)\n",
   "                pos_neg_v = F.sqrt(pos_neg_v)\n",
   "        anc_pos = anc_pos.data\n",
   "        anc_neg = anc_neg.data\n",
   "        pos_neg_u = pos_neg_u.data\n",
   "        pos_neg_v = pos_neg_v.data\n",
   "                self.metric_names_apn, [anc_pos, anc_neg, pos_neg_u, pos_neg_v]\n",
   "            norm_u = F.mean(F.sqrt(F.batch_l2_norm_squared(u))).data\n",
   "        return dict(zip(self.metric_names_norms, [norm_u, norm_v]))\n"
  ]
 },
 "10": {
  "name": "v",
  "type": "UNKNOWN",
  "class": "unknown",
  "approach": "Pysonar2",
  "file_path": "chainerdml/chainerdml/npair_loss.py",
  "lineno": "86",
  "column": "12",
  "context": "           u = F.normalize(u, axis=1)\n            v = F.normalize(v, axis=1)\n\n        metrics = self.calc_metric_matrix(u, v)\n\n",
  "context_lines": "            loss (Variable (1, ))\n        \"\"\"\n\n        if self.l2_normalize:\n            u = F.normalize(u, axis=1)\n            v = F.normalize(v, axis=1)\n\n        metrics = self.calc_metric_matrix(u, v)\n\n        if self.bidirectional:\n            B_u, B_v = metrics.shape\n",
  "slicing": [
   "            v = F.normalize(v, axis=1)\n",
   "        metrics = self.calc_metric_matrix(u, v)\n",
   "            B_u, B_v = metrics.shape\n",
   "            if B_u != B_v:\n",
   "            xp = cuda.get_array_module(metrics)\n",
   "            labels = xp.arange(B_u)\n",
   "        loss = self.lossfun(metrics, labels=labels)\n",
   "            self.metrics = metrics\n",
   "            self.labels = labels\n",
   "            self.v = v\n",
   "        return loss\n",
   "            metrics = euclidean_pairwise_distances(u, v)\n",
   "            metrics = F.matmul(u, v, transb=True)\n",
   "        return metrics\n",
   "            loss = npair_hinge(metrics, labels, metric_type, margin)\n",
   "            loss = F.softmax_cross_entropy(metrics, labels)\n",
   "                loss += npair_hinge(metrics.T, labels, metric_type, margin)\n",
   "                loss += F.softmax_cross_entropy(metrics.T, labels)\n",
   "        return loss\n",
   "        xp = cuda.get_array_module(metrics)\n",
   "        B_u, B_v = metrics.shape\n",
   "            metric_ap = metrics[xp.arange(B_u), labels].reshape(-1, 1)\n",
   "            anc_pos = F.mean(metric_ap)\n",
   "            mask = xp.ones_like(metrics)\n",
   "            mask[xp.arange(B_u), labels] = 0\n",
   "            anc_neg = F.sum(mask * metrics) / mask.sum()\n",
   "            mask_u = xp.ones_like(metrics_u)\n",
   "            mask_u[xp.arange(B_u), xp.arange(B_u)] = 0\n",
   "            pos_neg_u = F.sum(mask_u * metrics_u) / mask_u.sum()\n",
   "            metrics_v = self.calc_metric_matrix(v, v)\n",
   "            mask_v = xp.ones_like(metrics_v)\n",
   "            mask_v[xp.arange(B_v), xp.arange(B_v)] = 0\n",
   "            pos_neg_v = F.sum(mask_v * metrics_v) / mask_v.sum()\n",
   "                anc_pos = F.sqrt(anc_pos)\n",
   "                anc_neg = F.sqrt(anc_neg)\n",
   "                pos_neg_u = F.sqrt(pos_neg_u)\n",
   "                pos_neg_v = F.sqrt(pos_neg_v)\n",
   "        anc_pos = anc_pos.data\n",
   "        anc_neg = anc_neg.data\n",
   "        pos_neg_u = pos_neg_u.data\n",
   "        pos_neg_v = pos_neg_v.data\n",
   "                self.metric_names_apn, [anc_pos, anc_neg, pos_neg_u, pos_neg_v]\n",
   "            norm_v = F.mean(F.sqrt(F.batch_l2_norm_squared(v))).data\n",
   "        return dict(zip(self.metric_names_norms, [norm_u, norm_v]))\n"
  ]
 },
 "11": {
  "name": "metrics",
  "type": "UNKNOWN",
  "class": "unknown",
  "approach": "Pysonar2",
  "file_path": "chainerdml/chainerdml/npair_loss.py",
  "lineno": "88",
  "column": "8",
  "context": ")\n            v = F.normalize(v, axis=1)\n\n        metrics = self.calc_metric_matrix(u, v)\n\n        if self.bidirectional:\n            B_u, B",
  "context_lines": "        \"\"\"\n\n        if self.l2_normalize:\n            u = F.normalize(u, axis=1)\n            v = F.normalize(v, axis=1)\n\n        metrics = self.calc_metric_matrix(u, v)\n\n        if self.bidirectional:\n            B_u, B_v = metrics.shape\n            if B_u != B_v:\n",
  "slicing": [
   "        metrics = self.calc_metric_matrix(u, v)\n",
   "            B_u, B_v = metrics.shape\n",
   "            if B_u != B_v:\n",
   "            xp = cuda.get_array_module(metrics)\n",
   "            labels = xp.arange(B_u)\n",
   "        loss = self.lossfun(metrics, labels=labels)\n",
   "            self.metrics = metrics\n",
   "            self.labels = labels\n",
   "        return loss\n",
   "        return metrics\n",
   "            loss = npair_hinge(metrics, labels, metric_type, margin)\n",
   "            loss = F.softmax_cross_entropy(metrics, labels)\n",
   "                loss += npair_hinge(metrics.T, labels, metric_type, margin)\n",
   "                loss += F.softmax_cross_entropy(metrics.T, labels)\n",
   "        return loss\n",
   "        xp = cuda.get_array_module(metrics)\n",
   "        B_u, B_v = metrics.shape\n",
   "            metric_ap = metrics[xp.arange(B_u), labels].reshape(-1, 1)\n",
   "            anc_pos = F.mean(metric_ap)\n",
   "            mask = xp.ones_like(metrics)\n",
   "            mask[xp.arange(B_u), labels] = 0\n",
   "            anc_neg = F.sum(mask * metrics) / mask.sum()\n",
   "            mask_u = xp.ones_like(metrics_u)\n",
   "            mask_u[xp.arange(B_u), xp.arange(B_u)] = 0\n",
   "            pos_neg_u = F.sum(mask_u * metrics_u) / mask_u.sum()\n",
   "            mask_v = xp.ones_like(metrics_v)\n",
   "            mask_v[xp.arange(B_v), xp.arange(B_v)] = 0\n",
   "            pos_neg_v = F.sum(mask_v * metrics_v) / mask_v.sum()\n",
   "                anc_pos = F.sqrt(anc_pos)\n",
   "                anc_neg = F.sqrt(anc_neg)\n",
   "                pos_neg_u = F.sqrt(pos_neg_u)\n",
   "                pos_neg_v = F.sqrt(pos_neg_v)\n",
   "        anc_pos = anc_pos.data\n",
   "        anc_neg = anc_neg.data\n",
   "        pos_neg_u = pos_neg_u.data\n",
   "        pos_neg_v = pos_neg_v.data\n",
   "                self.metric_names_apn, [anc_pos, anc_neg, pos_neg_u, pos_neg_v]\n"
  ]
 },
 "12": {
  "name": "B_u",
  "type": "UNKNOWN",
  "class": "unknown",
  "approach": "Pysonar2",
  "file_path": "chainerdml/chainerdml/npair_loss.py",
  "lineno": "91",
  "column": "12",
  "context": "u, v)\n\n        if self.bidirectional:\n            B_u, B_v = metrics.shape\n            if B_u != B_v:\n                raise V",
  "context_lines": "            u = F.normalize(u, axis=1)\n            v = F.normalize(v, axis=1)\n\n        metrics = self.calc_metric_matrix(u, v)\n\n        if self.bidirectional:\n            B_u, B_v = metrics.shape\n            if B_u != B_v:\n                raise ValueError(\n                    \"B_u and B_v must be the same when bidirectional.\"\n                )\n",
  "slicing": [
   "            B_u, B_v = metrics.shape\n",
   "            if B_u != B_v:\n",
   "            labels = xp.arange(B_u)\n",
   "        loss = self.lossfun(metrics, labels=labels)\n",
   "            self.labels = labels\n",
   "        return loss\n",
   "            loss = npair_hinge(metrics, labels, metric_type, margin)\n",
   "            loss = F.softmax_cross_entropy(metrics, labels)\n",
   "                loss += npair_hinge(metrics.T, labels, metric_type, margin)\n",
   "                loss += F.softmax_cross_entropy(metrics.T, labels)\n",
   "        return loss\n",
   "            metric_ap = metrics[xp.arange(B_u), labels].reshape(-1, 1)\n",
   "            anc_pos = F.mean(metric_ap)\n",
   "            mask[xp.arange(B_u), labels] = 0\n",
   "            mask_u[xp.arange(B_u), xp.arange(B_u)] = 0\n",
   "                anc_pos = F.sqrt(anc_pos)\n",
   "        anc_pos = anc_pos.data\n",
   "                self.metric_names_apn, [anc_pos, anc_neg, pos_neg_u, pos_neg_v]\n"
  ]
 },
 "13": {
  "name": "B_v",
  "type": "UNKNOWN",
  "class": "unknown",
  "approach": "Pysonar2",
  "file_path": "chainerdml/chainerdml/npair_loss.py",
  "lineno": "91",
  "column": "17",
  "context": "\n\n        if self.bidirectional:\n            B_u, B_v = metrics.shape\n            if B_u != B_v:\n                raise V",
  "context_lines": "            u = F.normalize(u, axis=1)\n            v = F.normalize(v, axis=1)\n\n        metrics = self.calc_metric_matrix(u, v)\n\n        if self.bidirectional:\n            B_u, B_v = metrics.shape\n            if B_u != B_v:\n                raise ValueError(\n                    \"B_u and B_v must be the same when bidirectional.\"\n                )\n",
  "slicing": [
   "            B_u, B_v = metrics.shape\n",
   "            if B_u != B_v:\n",
   "            mask_v[xp.arange(B_v), xp.arange(B_v)] = 0\n"
  ]
 },
 "14": {
  "name": "xp",
  "type": "UNKNOWN",
  "class": "unknown",
  "approach": "Pysonar2",
  "file_path": "chainerdml/chainerdml/npair_loss.py",
  "lineno": "96",
  "column": "12",
  "context": "hen bidirectional.\"\n                )\n            xp = cuda.get_array_module(metrics)\n            labels = xp.arange(B_u)\n            # ",
  "context_lines": "            if B_u != B_v:\n                raise ValueError(\n                    \"B_u and B_v must be the same when bidirectional.\"\n                )\n            xp = cuda.get_array_module(metrics)\n            labels = xp.arange(B_u)\n            # labels: (B_u, )\n\n        loss = self.lossfun(metrics, labels=labels)\n\n        # for report\n",
  "slicing": [
   "            xp = cuda.get_array_module(metrics)\n",
   "            labels = xp.arange(B_u)\n",
   "        loss = self.lossfun(metrics, labels=labels)\n",
   "            self.labels = labels\n",
   "        return loss\n",
   "            loss = npair_hinge(metrics, labels, metric_type, margin)\n",
   "            loss = F.softmax_cross_entropy(metrics, labels)\n",
   "                loss += npair_hinge(metrics.T, labels, metric_type, margin)\n",
   "                loss += F.softmax_cross_entropy(metrics.T, labels)\n",
   "        return loss\n",
   "            metric_ap = metrics[xp.arange(B_u), labels].reshape(-1, 1)\n",
   "            anc_pos = F.mean(metric_ap)\n",
   "            mask = xp.ones_like(metrics)\n",
   "            mask[xp.arange(B_u), labels] = 0\n",
   "            anc_neg = F.sum(mask * metrics) / mask.sum()\n",
   "            mask_u = xp.ones_like(metrics_u)\n",
   "            mask_u[xp.arange(B_u), xp.arange(B_u)] = 0\n",
   "            pos_neg_u = F.sum(mask_u * metrics_u) / mask_u.sum()\n",
   "            mask_v = xp.ones_like(metrics_v)\n",
   "            mask_v[xp.arange(B_v), xp.arange(B_v)] = 0\n",
   "            pos_neg_v = F.sum(mask_v * metrics_v) / mask_v.sum()\n",
   "                anc_pos = F.sqrt(anc_pos)\n",
   "                anc_neg = F.sqrt(anc_neg)\n",
   "                pos_neg_u = F.sqrt(pos_neg_u)\n",
   "                pos_neg_v = F.sqrt(pos_neg_v)\n",
   "        anc_pos = anc_pos.data\n",
   "        anc_neg = anc_neg.data\n",
   "        pos_neg_u = pos_neg_u.data\n",
   "        pos_neg_v = pos_neg_v.data\n",
   "                self.metric_names_apn, [anc_pos, anc_neg, pos_neg_u, pos_neg_v]\n"
  ]
 },
 "15": {
  "name": "labels",
  "type": "UNKNOWN",
  "class": "unknown",
  "approach": "Pysonar2",
  "file_path": "chainerdml/chainerdml/npair_loss.py",
  "lineno": "97",
  "column": "12",
  "context": "  xp = cuda.get_array_module(metrics)\n            labels = xp.arange(B_u)\n            # labels: (B_u, )\n\n        loss = self",
  "context_lines": "                raise ValueError(\n                    \"B_u and B_v must be the same when bidirectional.\"\n                )\n            xp = cuda.get_array_module(metrics)\n            labels = xp.arange(B_u)\n            # labels: (B_u, )\n\n        loss = self.lossfun(metrics, labels=labels)\n\n        # for report\n        if self.cache:\n",
  "slicing": [
   "            labels = xp.arange(B_u)\n",
   "        loss = self.lossfun(metrics, labels=labels)\n",
   "            self.labels = labels\n",
   "        return loss\n",
   "            loss = npair_hinge(metrics, labels, metric_type, margin)\n",
   "            loss = F.softmax_cross_entropy(metrics, labels)\n",
   "                loss += npair_hinge(metrics.T, labels, metric_type, margin)\n",
   "                loss += F.softmax_cross_entropy(metrics.T, labels)\n",
   "        return loss\n",
   "            metric_ap = metrics[xp.arange(B_u), labels].reshape(-1, 1)\n",
   "            anc_pos = F.mean(metric_ap)\n",
   "            mask[xp.arange(B_u), labels] = 0\n",
   "                anc_pos = F.sqrt(anc_pos)\n",
   "        anc_pos = anc_pos.data\n",
   "                self.metric_names_apn, [anc_pos, anc_neg, pos_neg_u, pos_neg_v]\n"
  ]
 },
 "16": {
  "name": "loss",
  "type": "int",
  "class": "build-in",
  "approach": "Pysonar2",
  "file_path": "chainerdml/chainerdml/npair_loss.py",
  "lineno": "100",
  "column": "8",
  "context": "range(B_u)\n            # labels: (B_u, )\n\n        loss = self.lossfun(metrics, labels=labels)\n\n        # for report\n        if self.cache:\n     ",
  "context_lines": "                )\n            xp = cuda.get_array_module(metrics)\n            labels = xp.arange(B_u)\n            # labels: (B_u, )\n\n        loss = self.lossfun(metrics, labels=labels)\n\n        # for report\n        if self.cache:\n            self.metrics = metrics\n",
  "slicing": [
   "        loss = self.lossfun(metrics, labels=labels)\n",
   "        return loss\n",
   "        return loss\n"
  ]
 },
 "17": {
  "name": "metrics",
  "type": "chainerdml.functions.math.euclidean_pairwise_distances.euclidean_pairwise_distances",
  "class": "imported",
  "approach": "annotation",
  "file_path": "chainerdml/chainerdml/npair_loss.py",
  "lineno": "125",
  "column": "12",
  "context": "           raise NotImplementedError\n\n            metrics = euclidean_pairwise_distances(u, v)\n        else:\n            metrics = F.matmul(u, v,",
  "context_lines": "        \"\"\"\n        if self.metric_type == \"euclidean\":\n            if not self.bidirectional:\n                raise NotImplementedError\n\n            metrics = euclidean_pairwise_distances(u, v)\n        else:\n            metrics = F.matmul(u, v, transb=True)\n        # metrics: (b, b)\n\n        return metrics\n\n",
  "slicing": [
   "            metrics = euclidean_pairwise_distances(u, v)\n",
   "        return metrics\n",
   "            loss = npair_hinge(metrics, labels, metric_type, margin)\n",
   "            loss = F.softmax_cross_entropy(metrics, labels)\n",
   "                loss += npair_hinge(metrics.T, labels, metric_type, margin)\n",
   "                loss += F.softmax_cross_entropy(metrics.T, labels)\n",
   "        return loss\n",
   "        xp = cuda.get_array_module(metrics)\n",
   "        B_u, B_v = metrics.shape\n",
   "            metric_ap = metrics[xp.arange(B_u), labels].reshape(-1, 1)\n",
   "            anc_pos = F.mean(metric_ap)\n",
   "            mask = xp.ones_like(metrics)\n",
   "            mask[xp.arange(B_u), labels] = 0\n",
   "            anc_neg = F.sum(mask * metrics) / mask.sum()\n",
   "            mask_u = xp.ones_like(metrics_u)\n",
   "            mask_u[xp.arange(B_u), xp.arange(B_u)] = 0\n",
   "            pos_neg_u = F.sum(mask_u * metrics_u) / mask_u.sum()\n",
   "            mask_v = xp.ones_like(metrics_v)\n",
   "            mask_v[xp.arange(B_v), xp.arange(B_v)] = 0\n",
   "            pos_neg_v = F.sum(mask_v * metrics_v) / mask_v.sum()\n",
   "                anc_pos = F.sqrt(anc_pos)\n",
   "                anc_neg = F.sqrt(anc_neg)\n",
   "                pos_neg_u = F.sqrt(pos_neg_u)\n",
   "                pos_neg_v = F.sqrt(pos_neg_v)\n",
   "        anc_pos = anc_pos.data\n",
   "        anc_neg = anc_neg.data\n",
   "        pos_neg_u = pos_neg_u.data\n",
   "        pos_neg_v = pos_neg_v.data\n",
   "                self.metric_names_apn, [anc_pos, anc_neg, pos_neg_u, pos_neg_v]\n"
  ]
 },
 "18": {
  "name": "metrics",
  "type": "UNKNOWN",
  "class": "unknown",
  "approach": "Pysonar2",
  "file_path": "chainerdml/chainerdml/npair_loss.py",
  "lineno": "127",
  "column": "12",
  "context": "airwise_distances(u, v)\n        else:\n            metrics = F.matmul(u, v, transb=True)\n        # metrics: (b, b)\n\n        return metrics\n",
  "context_lines": "            if not self.bidirectional:\n                raise NotImplementedError\n\n            metrics = euclidean_pairwise_distances(u, v)\n        else:\n            metrics = F.matmul(u, v, transb=True)\n        # metrics: (b, b)\n\n        return metrics\n\n    def lossfun(self, metrics, labels):\n        \"\"\"\n",
  "slicing": [
   "            metrics = F.matmul(u, v, transb=True)\n",
   "        return metrics\n",
   "            loss = npair_hinge(metrics, labels, metric_type, margin)\n",
   "            loss = F.softmax_cross_entropy(metrics, labels)\n",
   "                loss += npair_hinge(metrics.T, labels, metric_type, margin)\n",
   "                loss += F.softmax_cross_entropy(metrics.T, labels)\n",
   "        return loss\n",
   "        xp = cuda.get_array_module(metrics)\n",
   "        B_u, B_v = metrics.shape\n",
   "            metric_ap = metrics[xp.arange(B_u), labels].reshape(-1, 1)\n",
   "            anc_pos = F.mean(metric_ap)\n",
   "            mask = xp.ones_like(metrics)\n",
   "            mask[xp.arange(B_u), labels] = 0\n",
   "            anc_neg = F.sum(mask * metrics) / mask.sum()\n",
   "            mask_u = xp.ones_like(metrics_u)\n",
   "            mask_u[xp.arange(B_u), xp.arange(B_u)] = 0\n",
   "            pos_neg_u = F.sum(mask_u * metrics_u) / mask_u.sum()\n",
   "            mask_v = xp.ones_like(metrics_v)\n",
   "            mask_v[xp.arange(B_v), xp.arange(B_v)] = 0\n",
   "            pos_neg_v = F.sum(mask_v * metrics_v) / mask_v.sum()\n",
   "                anc_pos = F.sqrt(anc_pos)\n",
   "                anc_neg = F.sqrt(anc_neg)\n",
   "                pos_neg_u = F.sqrt(pos_neg_u)\n",
   "                pos_neg_v = F.sqrt(pos_neg_v)\n",
   "        anc_pos = anc_pos.data\n",
   "        anc_neg = anc_neg.data\n",
   "        pos_neg_u = pos_neg_u.data\n",
   "        pos_neg_v = pos_neg_v.data\n",
   "                self.metric_names_apn, [anc_pos, anc_neg, pos_neg_u, pos_neg_v]\n"
  ]
 },
 "19": {
  "name": "metric_type",
  "type": "str",
  "class": "build-in",
  "approach": "Pysonar2",
  "file_path": "chainerdml/chainerdml/npair_loss.py",
  "lineno": "143",
  "column": "8",
  "context": "        loss (Variable (1, ))\n        \"\"\"\n        metric_type = self.metric_type\n        loss_type = self.loss_type\n        margin ",
  "context_lines": "                This is needed when `bidirectional is False`.\n        Return:\n            loss (Variable (1, ))\n        \"\"\"\n        metric_type = self.metric_type\n        loss_type = self.loss_type\n        margin = self.margin\n\n        # anchor is u.\n        if loss_type == \"hinge\":\n",
  "slicing": [
   "        metric_type = self.metric_type\n",
   "            loss = npair_hinge(metrics, labels, metric_type, margin)\n",
   "            if metric_type not in [\"dot\", \"cosine\"]:\n",
   "                loss += npair_hinge(metrics.T, labels, metric_type, margin)\n",
   "        return loss\n"
  ]
 },
 "20": {
  "name": "loss_type",
  "type": "str",
  "class": "build-in",
  "approach": "Pysonar2",
  "file_path": "chainerdml/chainerdml/npair_loss.py",
  "lineno": "144",
  "column": "8",
  "context": "\"\"\n        metric_type = self.metric_type\n        loss_type = self.loss_type\n        margin = self.margin\n\n        # anchor is ",
  "context_lines": "        Return:\n            loss (Variable (1, ))\n        \"\"\"\n        metric_type = self.metric_type\n        loss_type = self.loss_type\n        margin = self.margin\n\n        # anchor is u.\n        if loss_type == \"hinge\":\n            loss = npair_hinge(metrics, labels, metric_type, margin)\n",
  "slicing": [
   "        loss_type = self.loss_type\n",
   "        if loss_type == \"hinge\":\n",
   "        elif loss_type == \"softmax\":\n",
   "            if loss_type == \"hinge\":\n",
   "            elif loss_type == \"softmax\":\n"
  ]
 },
 "21": {
  "name": "margin",
  "type": "float",
  "class": "build-in",
  "approach": "Pysonar2",
  "file_path": "chainerdml/chainerdml/npair_loss.py",
  "lineno": "145",
  "column": "8",
  "context": "c_type\n        loss_type = self.loss_type\n        margin = self.margin\n\n        # anchor is u.\n        if loss_type == \"h",
  "context_lines": "            loss (Variable (1, ))\n        \"\"\"\n        metric_type = self.metric_type\n        loss_type = self.loss_type\n        margin = self.margin\n\n        # anchor is u.\n        if loss_type == \"hinge\":\n            loss = npair_hinge(metrics, labels, metric_type, margin)\n",
  "slicing": [
   "        margin = self.margin\n",
   "            loss = npair_hinge(metrics, labels, metric_type, margin)\n",
   "                loss += npair_hinge(metrics.T, labels, metric_type, margin)\n",
   "        return loss\n"
  ]
 },
 "22": {
  "name": "loss",
  "type": "chainerdml.functions.loss.npair_hinge.npair_hinge",
  "class": "imported",
  "approach": "annotation",
  "file_path": "chainerdml/chainerdml/npair_loss.py",
  "lineno": "149",
  "column": "12",
  "context": "s u.\n        if loss_type == \"hinge\":\n            loss = npair_hinge(metrics, labels, metric_type, margin)\n        elif loss_type == \"softmax\":\n            i",
  "context_lines": "        loss_type = self.loss_type\n        margin = self.margin\n\n        # anchor is u.\n        if loss_type == \"hinge\":\n            loss = npair_hinge(metrics, labels, metric_type, margin)\n        elif loss_type == \"softmax\":\n            if metric_type not in [\"dot\", \"cosine\"]:\n                raise ValueError(\n                    \"metric_type must be a kind of similarties\\\n",
  "slicing": [
   "            loss = npair_hinge(metrics, labels, metric_type, margin)\n",
   "        return loss\n"
  ]
 },
 "23": {
  "name": "loss",
  "type": "chainerdml.functions.loss.npair_hinge.npair_hinge",
  "class": "imported",
  "approach": "annotation",
  "file_path": "chainerdml/chainerdml/npair_loss.py",
  "lineno": "161",
  "column": "16",
  "context": "         if loss_type == \"hinge\":\n                loss += npair_hinge(metrics.T, labels, metric_type, margin)\n            elif loss_type == \"softmax\":\n         ",
  "context_lines": "            loss = F.softmax_cross_entropy(metrics, labels)\n\n        # anchor is v.\n        if self.bidirectional:\n            if loss_type == \"hinge\":\n                loss += npair_hinge(metrics.T, labels, metric_type, margin)\n            elif loss_type == \"softmax\":\n                loss += F.softmax_cross_entropy(metrics.T, labels)\n            loss /= 2\n\n        return loss\n\n",
  "slicing": [
   "                loss += npair_hinge(metrics.T, labels, metric_type, margin)\n",
   "        return loss\n"
  ]
 },
 "24": {
  "name": "loss",
  "type": "int",
  "class": "build-in",
  "approach": "Pysonar2",
  "file_path": "chainerdml/chainerdml/npair_loss.py",
  "lineno": "164",
  "column": "12",
  "context": "tmax_cross_entropy(metrics.T, labels)\n            loss /= 2\n\n        return loss\n\n    @property\n    def anc_po",
  "context_lines": "            if loss_type == \"hinge\":\n                loss += npair_hinge(metrics.T, labels, metric_type, margin)\n            elif loss_type == \"softmax\":\n                loss += F.softmax_cross_entropy(metrics.T, labels)\n            loss /= 2\n\n        return loss\n\n    @property\n    def anc_pos_neg(self):\n",
  "slicing": [
   "            loss /= 2\n",
   "        return loss\n"
  ]
 },
 "25": {
  "name": "loss",
  "type": "UNKNOWN",
  "class": "unknown",
  "approach": "Pysonar2",
  "file_path": "chainerdml/chainerdml/npair_loss.py",
  "lineno": "156",
  "column": "12",
  "context": "_type is `softmax`\"\n                )\n            loss = F.softmax_cross_entropy(metrics, labels)\n\n        # anchor is v.\n        if self.bidirectio",
  "context_lines": "                raise ValueError(\n                    \"metric_type must be a kind of similarties\\\n                    when loss_type is `softmax`\"\n                )\n            loss = F.softmax_cross_entropy(metrics, labels)\n\n        # anchor is v.\n        if self.bidirectional:\n            if loss_type == \"hinge\":\n",
  "slicing": [
   "            loss = F.softmax_cross_entropy(metrics, labels)\n",
   "        return loss\n"
  ]
 },
 "26": {
  "name": "loss",
  "type": "UNKNOWN",
  "class": "unknown",
  "approach": "Pysonar2",
  "file_path": "chainerdml/chainerdml/npair_loss.py",
  "lineno": "163",
  "column": "16",
  "context": "     elif loss_type == \"softmax\":\n                loss += F.softmax_cross_entropy(metrics.T, labels)\n            loss /= 2\n\n        return loss\n\n    @p",
  "context_lines": "        if self.bidirectional:\n            if loss_type == \"hinge\":\n                loss += npair_hinge(metrics.T, labels, metric_type, margin)\n            elif loss_type == \"softmax\":\n                loss += F.softmax_cross_entropy(metrics.T, labels)\n            loss /= 2\n\n        return loss\n\n    @property\n    def anc_pos_neg(self):\n",
  "slicing": [
   "                loss += F.softmax_cross_entropy(metrics.T, labels)\n",
   "        return loss\n"
  ]
 },
 "27": {
  "name": "metrics",
  "type": "UNKNOWN",
  "class": "unknown",
  "approach": "Pysonar2",
  "file_path": "chainerdml/chainerdml/npair_loss.py",
  "lineno": "178",
  "column": "8",
  "context": "   pos_neg_v (xp.array (1, ))\n        \"\"\"\n        metrics = self.metrics\n        # metrics: (b_u, b_v)\n        u = self.u\n ",
  "context_lines": "                anc_neg (xp.array (1, ))\n                pos_neg_u (xp.array (1, ))\n                pos_neg_v (xp.array (1, ))\n        \"\"\"\n        metrics = self.metrics\n        # metrics: (b_u, b_v)\n        u = self.u\n        v = self.v\n        # u|v: (b_, emb)\n",
  "slicing": [
   "        metrics = self.metrics\n",
   "        xp = cuda.get_array_module(metrics)\n",
   "        B_u, B_v = metrics.shape\n",
   "            metric_ap = metrics[xp.arange(B_u), labels].reshape(-1, 1)\n",
   "            anc_pos = F.mean(metric_ap)\n",
   "            mask = xp.ones_like(metrics)\n",
   "            mask[xp.arange(B_u), labels] = 0\n",
   "            anc_neg = F.sum(mask * metrics) / mask.sum()\n",
   "            mask_u = xp.ones_like(metrics_u)\n",
   "            mask_u[xp.arange(B_u), xp.arange(B_u)] = 0\n",
   "            pos_neg_u = F.sum(mask_u * metrics_u) / mask_u.sum()\n",
   "            mask_v = xp.ones_like(metrics_v)\n",
   "            mask_v[xp.arange(B_v), xp.arange(B_v)] = 0\n",
   "            pos_neg_v = F.sum(mask_v * metrics_v) / mask_v.sum()\n",
   "                anc_pos = F.sqrt(anc_pos)\n",
   "                anc_neg = F.sqrt(anc_neg)\n",
   "                pos_neg_u = F.sqrt(pos_neg_u)\n",
   "                pos_neg_v = F.sqrt(pos_neg_v)\n",
   "        anc_pos = anc_pos.data\n",
   "        anc_neg = anc_neg.data\n",
   "        pos_neg_u = pos_neg_u.data\n",
   "        pos_neg_v = pos_neg_v.data\n",
   "                self.metric_names_apn, [anc_pos, anc_neg, pos_neg_u, pos_neg_v]\n"
  ]
 },
 "28": {
  "name": "u",
  "type": "UNKNOWN",
  "class": "unknown",
  "approach": "Pysonar2",
  "file_path": "chainerdml/chainerdml/npair_loss.py",
  "lineno": "180",
  "column": "8",
  "context": "elf.metrics\n        # metrics: (b_u, b_v)\n        u = self.u\n        v = self.v\n        # u|v: (b_, emb)\n      ",
  "context_lines": "                pos_neg_v (xp.array (1, ))\n        \"\"\"\n        metrics = self.metrics\n        # metrics: (b_u, b_v)\n        u = self.u\n        v = self.v\n        # u|v: (b_, emb)\n        labels = self.labels\n\n        xp = cuda.get_array_module(metrics)\n",
  "slicing": [
   "        u = self.u\n",
   "            metrics_u = self.calc_metric_matrix(u, u)\n",
   "            mask_u = xp.ones_like(metrics_u)\n",
   "            mask_u[xp.arange(B_u), xp.arange(B_u)] = 0\n",
   "            pos_neg_u = F.sum(mask_u * metrics_u) / mask_u.sum()\n",
   "                pos_neg_u = F.sqrt(pos_neg_u)\n",
   "        pos_neg_u = pos_neg_u.data\n",
   "                self.metric_names_apn, [anc_pos, anc_neg, pos_neg_u, pos_neg_v]\n",
   "            norm_u = F.mean(F.sqrt(F.batch_l2_norm_squared(u))).data\n",
   "        return dict(zip(self.metric_names_norms, [norm_u, norm_v]))\n"
  ]
 },
 "29": {
  "name": "v",
  "type": "UNKNOWN",
  "class": "unknown",
  "approach": "Pysonar2",
  "file_path": "chainerdml/chainerdml/npair_loss.py",
  "lineno": "181",
  "column": "8",
  "context": " # metrics: (b_u, b_v)\n        u = self.u\n        v = self.v\n        # u|v: (b_, emb)\n        labels = self.lab",
  "context_lines": "        \"\"\"\n        metrics = self.metrics\n        # metrics: (b_u, b_v)\n        u = self.u\n        v = self.v\n        # u|v: (b_, emb)\n        labels = self.labels\n\n        xp = cuda.get_array_module(metrics)\n        B_u, B_v = metrics.shape\n\n",
  "slicing": [
   "        v = self.v\n",
   "            metrics_v = self.calc_metric_matrix(v, v)\n",
   "            mask_v = xp.ones_like(metrics_v)\n",
   "            mask_v[xp.arange(B_v), xp.arange(B_v)] = 0\n",
   "            pos_neg_v = F.sum(mask_v * metrics_v) / mask_v.sum()\n",
   "                pos_neg_v = F.sqrt(pos_neg_v)\n",
   "        pos_neg_v = pos_neg_v.data\n",
   "                self.metric_names_apn, [anc_pos, anc_neg, pos_neg_u, pos_neg_v]\n",
   "            norm_v = F.mean(F.sqrt(F.batch_l2_norm_squared(v))).data\n",
   "        return dict(zip(self.metric_names_norms, [norm_u, norm_v]))\n"
  ]
 },
 "30": {
  "name": "labels",
  "type": "UNKNOWN",
  "class": "unknown",
  "approach": "Pysonar2",
  "file_path": "chainerdml/chainerdml/npair_loss.py",
  "lineno": "183",
  "column": "8",
  "context": "      v = self.v\n        # u|v: (b_, emb)\n        labels = self.labels\n\n        xp = cuda.get_array_module(metrics)\n     ",
  "context_lines": "        # metrics: (b_u, b_v)\n        u = self.u\n        v = self.v\n        # u|v: (b_, emb)\n        labels = self.labels\n\n        xp = cuda.get_array_module(metrics)\n        B_u, B_v = metrics.shape\n\n        with using_config(\"train\", False), using_config(\n",
  "slicing": [
   "        labels = self.labels\n",
   "            metric_ap = metrics[xp.arange(B_u), labels].reshape(-1, 1)\n",
   "            anc_pos = F.mean(metric_ap)\n",
   "            mask[xp.arange(B_u), labels] = 0\n",
   "                anc_pos = F.sqrt(anc_pos)\n",
   "        anc_pos = anc_pos.data\n",
   "                self.metric_names_apn, [anc_pos, anc_neg, pos_neg_u, pos_neg_v]\n"
  ]
 },
 "31": {
  "name": "xp",
  "type": "UNKNOWN",
  "class": "unknown",
  "approach": "Pysonar2",
  "file_path": "chainerdml/chainerdml/npair_loss.py",
  "lineno": "185",
  "column": "8",
  "context": ": (b_, emb)\n        labels = self.labels\n\n        xp = cuda.get_array_module(metrics)\n        B_u, B_v = metrics.shape\n\n        with usi",
  "context_lines": "        u = self.u\n        v = self.v\n        # u|v: (b_, emb)\n        labels = self.labels\n\n        xp = cuda.get_array_module(metrics)\n        B_u, B_v = metrics.shape\n\n        with using_config(\"train\", False), using_config(\n            \"enable_backprop\", False\n        ):\n\n",
  "slicing": [
   "        xp = cuda.get_array_module(metrics)\n",
   "            metric_ap = metrics[xp.arange(B_u), labels].reshape(-1, 1)\n",
   "            anc_pos = F.mean(metric_ap)\n",
   "            mask = xp.ones_like(metrics)\n",
   "            mask[xp.arange(B_u), labels] = 0\n",
   "            anc_neg = F.sum(mask * metrics) / mask.sum()\n",
   "            mask_u = xp.ones_like(metrics_u)\n",
   "            mask_u[xp.arange(B_u), xp.arange(B_u)] = 0\n",
   "            pos_neg_u = F.sum(mask_u * metrics_u) / mask_u.sum()\n",
   "            mask_v = xp.ones_like(metrics_v)\n",
   "            mask_v[xp.arange(B_v), xp.arange(B_v)] = 0\n",
   "            pos_neg_v = F.sum(mask_v * metrics_v) / mask_v.sum()\n",
   "                anc_pos = F.sqrt(anc_pos)\n",
   "                anc_neg = F.sqrt(anc_neg)\n",
   "                pos_neg_u = F.sqrt(pos_neg_u)\n",
   "                pos_neg_v = F.sqrt(pos_neg_v)\n",
   "        anc_pos = anc_pos.data\n",
   "        anc_neg = anc_neg.data\n",
   "        pos_neg_u = pos_neg_u.data\n",
   "        pos_neg_v = pos_neg_v.data\n",
   "                self.metric_names_apn, [anc_pos, anc_neg, pos_neg_u, pos_neg_v]\n"
  ]
 },
 "32": {
  "name": "B_u",
  "type": "UNKNOWN",
  "class": "unknown",
  "approach": "Pysonar2",
  "file_path": "chainerdml/chainerdml/npair_loss.py",
  "lineno": "186",
  "column": "8",
  "context": "      xp = cuda.get_array_module(metrics)\n        B_u, B_v = metrics.shape\n\n        with using_config(\"train\", False), using_",
  "context_lines": "        v = self.v\n        # u|v: (b_, emb)\n        labels = self.labels\n\n        xp = cuda.get_array_module(metrics)\n        B_u, B_v = metrics.shape\n\n        with using_config(\"train\", False), using_config(\n            \"enable_backprop\", False\n        ):\n\n",
  "slicing": [
   "        B_u, B_v = metrics.shape\n",
   "            metric_ap = metrics[xp.arange(B_u), labels].reshape(-1, 1)\n",
   "            anc_pos = F.mean(metric_ap)\n",
   "            mask[xp.arange(B_u), labels] = 0\n",
   "            mask_u[xp.arange(B_u), xp.arange(B_u)] = 0\n",
   "                anc_pos = F.sqrt(anc_pos)\n",
   "        anc_pos = anc_pos.data\n",
   "                self.metric_names_apn, [anc_pos, anc_neg, pos_neg_u, pos_neg_v]\n"
  ]
 },
 "33": {
  "name": "B_v",
  "type": "UNKNOWN",
  "class": "unknown",
  "approach": "Pysonar2",
  "file_path": "chainerdml/chainerdml/npair_loss.py",
  "lineno": "186",
  "column": "13",
  "context": " xp = cuda.get_array_module(metrics)\n        B_u, B_v = metrics.shape\n\n        with using_config(\"train\", False), using_",
  "context_lines": "        v = self.v\n        # u|v: (b_, emb)\n        labels = self.labels\n\n        xp = cuda.get_array_module(metrics)\n        B_u, B_v = metrics.shape\n\n        with using_config(\"train\", False), using_config(\n            \"enable_backprop\", False\n        ):\n\n",
  "slicing": [
   "        B_u, B_v = metrics.shape\n",
   "            mask_v[xp.arange(B_v), xp.arange(B_v)] = 0\n"
  ]
 },
 "34": {
  "name": "metric_ap",
  "type": "UNKNOWN",
  "class": "unknown",
  "approach": "Pysonar2",
  "file_path": "chainerdml/chainerdml/npair_loss.py",
  "lineno": "193",
  "column": "12",
  "context": "s between anchor and positive samples\n            metric_ap = metrics[xp.arange(B_u), labels].reshape(-1, 1)\n            # metric_ap: (B_u, 1)\n            anc_",
  "context_lines": "        with using_config(\"train\", False), using_config(\n            \"enable_backprop\", False\n        ):\n\n            # metrics between anchor and positive samples\n            metric_ap = metrics[xp.arange(B_u), labels].reshape(-1, 1)\n            # metric_ap: (B_u, 1)\n            anc_pos = F.mean(metric_ap)\n\n            # to get anc_neg (for multiplying zero to metric_ap)\n            mask = xp.ones_like(metrics)\n",
  "slicing": [
   "            metric_ap = metrics[xp.arange(B_u), labels].reshape(-1, 1)\n",
   "            anc_pos = F.mean(metric_ap)\n",
   "                anc_pos = F.sqrt(anc_pos)\n",
   "        anc_pos = anc_pos.data\n",
   "                self.metric_names_apn, [anc_pos, anc_neg, pos_neg_u, pos_neg_v]\n"
  ]
 },
 "35": {
  "name": "anc_pos",
  "type": "UNKNOWN",
  "class": "unknown",
  "approach": "Pysonar2",
  "file_path": "chainerdml/chainerdml/npair_loss.py",
  "lineno": "195",
  "column": "12",
  "context": " 1)\n            # metric_ap: (B_u, 1)\n            anc_pos = F.mean(metric_ap)\n\n            # to get anc_neg (for multiplying zer",
  "context_lines": "        ):\n\n            # metrics between anchor and positive samples\n            metric_ap = metrics[xp.arange(B_u), labels].reshape(-1, 1)\n            # metric_ap: (B_u, 1)\n            anc_pos = F.mean(metric_ap)\n\n            # to get anc_neg (for multiplying zero to metric_ap)\n            mask = xp.ones_like(metrics)\n            mask[xp.arange(B_u), labels] = 0\n",
  "slicing": [
   "            anc_pos = F.mean(metric_ap)\n",
   "                anc_pos = F.sqrt(anc_pos)\n",
   "        anc_pos = anc_pos.data\n",
   "                self.metric_names_apn, [anc_pos, anc_neg, pos_neg_u, pos_neg_v]\n"
  ]
 },
 "36": {
  "name": "mask",
  "type": "UNKNOWN",
  "class": "unknown",
  "approach": "Pysonar2",
  "file_path": "chainerdml/chainerdml/npair_loss.py",
  "lineno": "198",
  "column": "12",
  "context": "g (for multiplying zero to metric_ap)\n            mask = xp.ones_like(metrics)\n            mask[xp.arange(B_u), labels] = 0\n     ",
  "context_lines": "            metric_ap = metrics[xp.arange(B_u), labels].reshape(-1, 1)\n            # metric_ap: (B_u, 1)\n            anc_pos = F.mean(metric_ap)\n\n            # to get anc_neg (for multiplying zero to metric_ap)\n            mask = xp.ones_like(metrics)\n            mask[xp.arange(B_u), labels] = 0\n            # mask: (B_u, B_v)\n            anc_neg = F.sum(mask * metrics) / mask.sum()\n\n            metrics_u = self.calc_metric_matrix(u, u)\n",
  "slicing": [
   "            mask = xp.ones_like(metrics)\n",
   "            mask[xp.arange(B_u), labels] = 0\n",
   "            anc_neg = F.sum(mask * metrics) / mask.sum()\n",
   "                anc_neg = F.sqrt(anc_neg)\n",
   "        anc_neg = anc_neg.data\n",
   "                self.metric_names_apn, [anc_pos, anc_neg, pos_neg_u, pos_neg_v]\n"
  ]
 },
 "37": {
  "name": "anc_neg",
  "type": "UNKNOWN",
  "class": "unknown",
  "approach": "Pysonar2",
  "file_path": "chainerdml/chainerdml/npair_loss.py",
  "lineno": "201",
  "column": "12",
  "context": "s] = 0\n            # mask: (B_u, B_v)\n            anc_neg = F.sum(mask * metrics) / mask.sum()\n\n            metrics_u = self.calc_metric_matrix(u",
  "context_lines": "            # to get anc_neg (for multiplying zero to metric_ap)\n            mask = xp.ones_like(metrics)\n            mask[xp.arange(B_u), labels] = 0\n            # mask: (B_u, B_v)\n            anc_neg = F.sum(mask * metrics) / mask.sum()\n\n            metrics_u = self.calc_metric_matrix(u, u)\n            mask_u = xp.ones_like(metrics_u)\n            mask_u[xp.arange(B_u), xp.arange(B_u)] = 0\n",
  "slicing": [
   "            anc_neg = F.sum(mask * metrics) / mask.sum()\n",
   "                anc_neg = F.sqrt(anc_neg)\n",
   "        anc_neg = anc_neg.data\n",
   "                self.metric_names_apn, [anc_pos, anc_neg, pos_neg_u, pos_neg_v]\n"
  ]
 },
 "38": {
  "name": "metrics_u",
  "type": "UNKNOWN",
  "class": "unknown",
  "approach": "Pysonar2",
  "file_path": "chainerdml/chainerdml/npair_loss.py",
  "lineno": "203",
  "column": "12",
  "context": "= F.sum(mask * metrics) / mask.sum()\n\n            metrics_u = self.calc_metric_matrix(u, u)\n            mask_u = xp.ones_like(metrics_u)\n     ",
  "context_lines": "            mask = xp.ones_like(metrics)\n            mask[xp.arange(B_u), labels] = 0\n            # mask: (B_u, B_v)\n            anc_neg = F.sum(mask * metrics) / mask.sum()\n\n            metrics_u = self.calc_metric_matrix(u, u)\n            mask_u = xp.ones_like(metrics_u)\n            mask_u[xp.arange(B_u), xp.arange(B_u)] = 0\n            # mask: (B_u, B_u)\n            pos_neg_u = F.sum(mask_u * metrics_u) / mask_u.sum()\n\n",
  "slicing": [
   "            metrics_u = self.calc_metric_matrix(u, u)\n",
   "            mask_u = xp.ones_like(metrics_u)\n",
   "            mask_u[xp.arange(B_u), xp.arange(B_u)] = 0\n",
   "            pos_neg_u = F.sum(mask_u * metrics_u) / mask_u.sum()\n",
   "                pos_neg_u = F.sqrt(pos_neg_u)\n",
   "        pos_neg_u = pos_neg_u.data\n",
   "                self.metric_names_apn, [anc_pos, anc_neg, pos_neg_u, pos_neg_v]\n"
  ]
 },
 "39": {
  "name": "mask_u",
  "type": "UNKNOWN",
  "class": "unknown",
  "approach": "Pysonar2",
  "file_path": "chainerdml/chainerdml/npair_loss.py",
  "lineno": "204",
  "column": "12",
  "context": "ics_u = self.calc_metric_matrix(u, u)\n            mask_u = xp.ones_like(metrics_u)\n            mask_u[xp.arange(B_u), xp.arange(B_u)]",
  "context_lines": "            mask[xp.arange(B_u), labels] = 0\n            # mask: (B_u, B_v)\n            anc_neg = F.sum(mask * metrics) / mask.sum()\n\n            metrics_u = self.calc_metric_matrix(u, u)\n            mask_u = xp.ones_like(metrics_u)\n            mask_u[xp.arange(B_u), xp.arange(B_u)] = 0\n            # mask: (B_u, B_u)\n            pos_neg_u = F.sum(mask_u * metrics_u) / mask_u.sum()\n\n            metrics_v = self.calc_metric_matrix(v, v)\n",
  "slicing": [
   "            mask_u = xp.ones_like(metrics_u)\n",
   "            mask_u[xp.arange(B_u), xp.arange(B_u)] = 0\n",
   "            pos_neg_u = F.sum(mask_u * metrics_u) / mask_u.sum()\n",
   "                pos_neg_u = F.sqrt(pos_neg_u)\n",
   "        pos_neg_u = pos_neg_u.data\n",
   "                self.metric_names_apn, [anc_pos, anc_neg, pos_neg_u, pos_neg_v]\n"
  ]
 },
 "40": {
  "name": "pos_neg_u",
  "type": "UNKNOWN",
  "class": "unknown",
  "approach": "Pysonar2",
  "file_path": "chainerdml/chainerdml/npair_loss.py",
  "lineno": "207",
  "column": "12",
  "context": ")] = 0\n            # mask: (B_u, B_u)\n            pos_neg_u = F.sum(mask_u * metrics_u) / mask_u.sum()\n\n            metrics_v = self.calc_metric_matrix(v",
  "context_lines": "            metrics_u = self.calc_metric_matrix(u, u)\n            mask_u = xp.ones_like(metrics_u)\n            mask_u[xp.arange(B_u), xp.arange(B_u)] = 0\n            # mask: (B_u, B_u)\n            pos_neg_u = F.sum(mask_u * metrics_u) / mask_u.sum()\n\n            metrics_v = self.calc_metric_matrix(v, v)\n            mask_v = xp.ones_like(metrics_v)\n            mask_v[xp.arange(B_v), xp.arange(B_v)] = 0\n",
  "slicing": [
   "            pos_neg_u = F.sum(mask_u * metrics_u) / mask_u.sum()\n",
   "                pos_neg_u = F.sqrt(pos_neg_u)\n",
   "        pos_neg_u = pos_neg_u.data\n",
   "                self.metric_names_apn, [anc_pos, anc_neg, pos_neg_u, pos_neg_v]\n"
  ]
 },
 "41": {
  "name": "metrics_v",
  "type": "UNKNOWN",
  "class": "unknown",
  "approach": "Pysonar2",
  "file_path": "chainerdml/chainerdml/npair_loss.py",
  "lineno": "209",
  "column": "12",
  "context": "m(mask_u * metrics_u) / mask_u.sum()\n\n            metrics_v = self.calc_metric_matrix(v, v)\n            mask_v = xp.ones_like(metrics_v)\n     ",
  "context_lines": "            mask_u = xp.ones_like(metrics_u)\n            mask_u[xp.arange(B_u), xp.arange(B_u)] = 0\n            # mask: (B_u, B_u)\n            pos_neg_u = F.sum(mask_u * metrics_u) / mask_u.sum()\n\n            metrics_v = self.calc_metric_matrix(v, v)\n            mask_v = xp.ones_like(metrics_v)\n            mask_v[xp.arange(B_v), xp.arange(B_v)] = 0\n            # mask: (B_v, B_v)\n            pos_neg_v = F.sum(mask_v * metrics_v) / mask_v.sum()\n\n",
  "slicing": [
   "            metrics_v = self.calc_metric_matrix(v, v)\n",
   "            mask_v = xp.ones_like(metrics_v)\n",
   "            mask_v[xp.arange(B_v), xp.arange(B_v)] = 0\n",
   "            pos_neg_v = F.sum(mask_v * metrics_v) / mask_v.sum()\n",
   "                pos_neg_v = F.sqrt(pos_neg_v)\n",
   "        pos_neg_v = pos_neg_v.data\n",
   "                self.metric_names_apn, [anc_pos, anc_neg, pos_neg_u, pos_neg_v]\n"
  ]
 },
 "42": {
  "name": "mask_v",
  "type": "UNKNOWN",
  "class": "unknown",
  "approach": "Pysonar2",
  "file_path": "chainerdml/chainerdml/npair_loss.py",
  "lineno": "210",
  "column": "12",
  "context": "ics_v = self.calc_metric_matrix(v, v)\n            mask_v = xp.ones_like(metrics_v)\n            mask_v[xp.arange(B_v), xp.arange(B_v)]",
  "context_lines": "            mask_u[xp.arange(B_u), xp.arange(B_u)] = 0\n            # mask: (B_u, B_u)\n            pos_neg_u = F.sum(mask_u * metrics_u) / mask_u.sum()\n\n            metrics_v = self.calc_metric_matrix(v, v)\n            mask_v = xp.ones_like(metrics_v)\n            mask_v[xp.arange(B_v), xp.arange(B_v)] = 0\n            # mask: (B_v, B_v)\n            pos_neg_v = F.sum(mask_v * metrics_v) / mask_v.sum()\n\n            if self.metric_type == \"euclidean\":\n",
  "slicing": [
   "            mask_v = xp.ones_like(metrics_v)\n",
   "            mask_v[xp.arange(B_v), xp.arange(B_v)] = 0\n",
   "            pos_neg_v = F.sum(mask_v * metrics_v) / mask_v.sum()\n",
   "                pos_neg_v = F.sqrt(pos_neg_v)\n",
   "        pos_neg_v = pos_neg_v.data\n",
   "                self.metric_names_apn, [anc_pos, anc_neg, pos_neg_u, pos_neg_v]\n"
  ]
 },
 "43": {
  "name": "pos_neg_v",
  "type": "UNKNOWN",
  "class": "unknown",
  "approach": "Pysonar2",
  "file_path": "chainerdml/chainerdml/npair_loss.py",
  "lineno": "213",
  "column": "12",
  "context": ")] = 0\n            # mask: (B_v, B_v)\n            pos_neg_v = F.sum(mask_v * metrics_v) / mask_v.sum()\n\n            if self.metric_type == \"euclidean\":\n ",
  "context_lines": "            metrics_v = self.calc_metric_matrix(v, v)\n            mask_v = xp.ones_like(metrics_v)\n            mask_v[xp.arange(B_v), xp.arange(B_v)] = 0\n            # mask: (B_v, B_v)\n            pos_neg_v = F.sum(mask_v * metrics_v) / mask_v.sum()\n\n            if self.metric_type == \"euclidean\":\n                anc_pos = F.sqrt(anc_pos)\n                anc_neg = F.sqrt(anc_neg)\n",
  "slicing": [
   "            pos_neg_v = F.sum(mask_v * metrics_v) / mask_v.sum()\n",
   "                pos_neg_v = F.sqrt(pos_neg_v)\n",
   "        pos_neg_v = pos_neg_v.data\n",
   "                self.metric_names_apn, [anc_pos, anc_neg, pos_neg_u, pos_neg_v]\n"
  ]
 },
 "44": {
  "name": "anc_pos",
  "type": "UNKNOWN",
  "class": "unknown",
  "approach": "Pysonar2",
  "file_path": "chainerdml/chainerdml/npair_loss.py",
  "lineno": "216",
  "column": "16",
  "context": " self.metric_type == \"euclidean\":\n                anc_pos = F.sqrt(anc_pos)\n                anc_neg = F.sqrt(anc_neg)\n        ",
  "context_lines": "            mask_v[xp.arange(B_v), xp.arange(B_v)] = 0\n            # mask: (B_v, B_v)\n            pos_neg_v = F.sum(mask_v * metrics_v) / mask_v.sum()\n\n            if self.metric_type == \"euclidean\":\n                anc_pos = F.sqrt(anc_pos)\n                anc_neg = F.sqrt(anc_neg)\n                pos_neg_u = F.sqrt(pos_neg_u)\n                pos_neg_v = F.sqrt(pos_neg_v)\n\n        anc_pos = anc_pos.data\n",
  "slicing": [
   "                anc_pos = F.sqrt(anc_pos)\n",
   "        anc_pos = anc_pos.data\n",
   "                self.metric_names_apn, [anc_pos, anc_neg, pos_neg_u, pos_neg_v]\n"
  ]
 },
 "45": {
  "name": "anc_neg",
  "type": "UNKNOWN",
  "class": "unknown",
  "approach": "Pysonar2",
  "file_path": "chainerdml/chainerdml/npair_loss.py",
  "lineno": "217",
  "column": "16",
  "context": "        anc_pos = F.sqrt(anc_pos)\n                anc_neg = F.sqrt(anc_neg)\n                pos_neg_u = F.sqrt(pos_neg_u)\n    ",
  "context_lines": "            # mask: (B_v, B_v)\n            pos_neg_v = F.sum(mask_v * metrics_v) / mask_v.sum()\n\n            if self.metric_type == \"euclidean\":\n                anc_pos = F.sqrt(anc_pos)\n                anc_neg = F.sqrt(anc_neg)\n                pos_neg_u = F.sqrt(pos_neg_u)\n                pos_neg_v = F.sqrt(pos_neg_v)\n\n        anc_pos = anc_pos.data\n        anc_neg = anc_neg.data\n",
  "slicing": [
   "                anc_neg = F.sqrt(anc_neg)\n",
   "        anc_neg = anc_neg.data\n",
   "                self.metric_names_apn, [anc_pos, anc_neg, pos_neg_u, pos_neg_v]\n"
  ]
 },
 "46": {
  "name": "pos_neg_u",
  "type": "UNKNOWN",
  "class": "unknown",
  "approach": "Pysonar2",
  "file_path": "chainerdml/chainerdml/npair_loss.py",
  "lineno": "218",
  "column": "16",
  "context": "        anc_neg = F.sqrt(anc_neg)\n                pos_neg_u = F.sqrt(pos_neg_u)\n                pos_neg_v = F.sqrt(pos_neg_v)\n\n   ",
  "context_lines": "            pos_neg_v = F.sum(mask_v * metrics_v) / mask_v.sum()\n\n            if self.metric_type == \"euclidean\":\n                anc_pos = F.sqrt(anc_pos)\n                anc_neg = F.sqrt(anc_neg)\n                pos_neg_u = F.sqrt(pos_neg_u)\n                pos_neg_v = F.sqrt(pos_neg_v)\n\n        anc_pos = anc_pos.data\n        anc_neg = anc_neg.data\n        pos_neg_u = pos_neg_u.data\n",
  "slicing": [
   "                pos_neg_u = F.sqrt(pos_neg_u)\n",
   "        pos_neg_u = pos_neg_u.data\n",
   "                self.metric_names_apn, [anc_pos, anc_neg, pos_neg_u, pos_neg_v]\n"
  ]
 },
 "47": {
  "name": "pos_neg_v",
  "type": "UNKNOWN",
  "class": "unknown",
  "approach": "Pysonar2",
  "file_path": "chainerdml/chainerdml/npair_loss.py",
  "lineno": "219",
  "column": "16",
  "context": "    pos_neg_u = F.sqrt(pos_neg_u)\n                pos_neg_v = F.sqrt(pos_neg_v)\n\n        anc_pos = anc_pos.data\n        anc_neg = ",
  "context_lines": "            if self.metric_type == \"euclidean\":\n                anc_pos = F.sqrt(anc_pos)\n                anc_neg = F.sqrt(anc_neg)\n                pos_neg_u = F.sqrt(pos_neg_u)\n                pos_neg_v = F.sqrt(pos_neg_v)\n\n        anc_pos = anc_pos.data\n        anc_neg = anc_neg.data\n        pos_neg_u = pos_neg_u.data\n",
  "slicing": [
   "                pos_neg_v = F.sqrt(pos_neg_v)\n",
   "        pos_neg_v = pos_neg_v.data\n",
   "                self.metric_names_apn, [anc_pos, anc_neg, pos_neg_u, pos_neg_v]\n"
  ]
 },
 "48": {
  "name": "anc_pos",
  "type": "UNKNOWN",
  "class": "unknown",
  "approach": "Pysonar2",
  "file_path": "chainerdml/chainerdml/npair_loss.py",
  "lineno": "221",
  "column": "8",
  "context": "           pos_neg_v = F.sqrt(pos_neg_v)\n\n        anc_pos = anc_pos.data\n        anc_neg = anc_neg.data\n        pos_neg_u =",
  "context_lines": "                anc_pos = F.sqrt(anc_pos)\n                anc_neg = F.sqrt(anc_neg)\n                pos_neg_u = F.sqrt(pos_neg_u)\n                pos_neg_v = F.sqrt(pos_neg_v)\n\n        anc_pos = anc_pos.data\n        anc_neg = anc_neg.data\n        pos_neg_u = pos_neg_u.data\n        pos_neg_v = pos_neg_v.data\n\n        return dict(\n",
  "slicing": [
   "        anc_pos = anc_pos.data\n",
   "                self.metric_names_apn, [anc_pos, anc_neg, pos_neg_u, pos_neg_v]\n"
  ]
 },
 "49": {
  "name": "anc_neg",
  "type": "UNKNOWN",
  "class": "unknown",
  "approach": "Pysonar2",
  "file_path": "chainerdml/chainerdml/npair_loss.py",
  "lineno": "222",
  "column": "8",
  "context": "os_neg_v)\n\n        anc_pos = anc_pos.data\n        anc_neg = anc_neg.data\n        pos_neg_u = pos_neg_u.data\n        pos_neg",
  "context_lines": "                anc_neg = F.sqrt(anc_neg)\n                pos_neg_u = F.sqrt(pos_neg_u)\n                pos_neg_v = F.sqrt(pos_neg_v)\n\n        anc_pos = anc_pos.data\n        anc_neg = anc_neg.data\n        pos_neg_u = pos_neg_u.data\n        pos_neg_v = pos_neg_v.data\n\n        return dict(\n            zip(\n",
  "slicing": [
   "        anc_neg = anc_neg.data\n",
   "                self.metric_names_apn, [anc_pos, anc_neg, pos_neg_u, pos_neg_v]\n"
  ]
 },
 "50": {
  "name": "pos_neg_u",
  "type": "UNKNOWN",
  "class": "unknown",
  "approach": "Pysonar2",
  "file_path": "chainerdml/chainerdml/npair_loss.py",
  "lineno": "223",
  "column": "8",
  "context": "c_pos.data\n        anc_neg = anc_neg.data\n        pos_neg_u = pos_neg_u.data\n        pos_neg_v = pos_neg_v.data\n\n        return",
  "context_lines": "                pos_neg_u = F.sqrt(pos_neg_u)\n                pos_neg_v = F.sqrt(pos_neg_v)\n\n        anc_pos = anc_pos.data\n        anc_neg = anc_neg.data\n        pos_neg_u = pos_neg_u.data\n        pos_neg_v = pos_neg_v.data\n\n        return dict(\n            zip(\n                self.metric_names_apn, [anc_pos, anc_neg, pos_neg_u, pos_neg_v]\n",
  "slicing": [
   "        pos_neg_u = pos_neg_u.data\n",
   "                self.metric_names_apn, [anc_pos, anc_neg, pos_neg_u, pos_neg_v]\n"
  ]
 },
 "51": {
  "name": "pos_neg_v",
  "type": "UNKNOWN",
  "class": "unknown",
  "approach": "Pysonar2",
  "file_path": "chainerdml/chainerdml/npair_loss.py",
  "lineno": "224",
  "column": "8",
  "context": "g.data\n        pos_neg_u = pos_neg_u.data\n        pos_neg_v = pos_neg_v.data\n\n        return dict(\n            zip(\n           ",
  "context_lines": "                pos_neg_v = F.sqrt(pos_neg_v)\n\n        anc_pos = anc_pos.data\n        anc_neg = anc_neg.data\n        pos_neg_u = pos_neg_u.data\n        pos_neg_v = pos_neg_v.data\n\n        return dict(\n            zip(\n                self.metric_names_apn, [anc_pos, anc_neg, pos_neg_u, pos_neg_v]\n",
  "slicing": [
   "        pos_neg_v = pos_neg_v.data\n",
   "                self.metric_names_apn, [anc_pos, anc_neg, pos_neg_u, pos_neg_v]\n"
  ]
 },
 "52": {
  "name": "u",
  "type": "UNKNOWN",
  "class": "unknown",
  "approach": "Pysonar2",
  "file_path": "chainerdml/chainerdml/npair_loss.py",
  "lineno": "239",
  "column": "8",
  "context": "      norm_v (xp.array (1, ))\n        \"\"\"\n        u = self.u\n        v = self.v\n        # x_: (b, emb)\n        ",
  "context_lines": "        Returns:\n            norm_u (xp.array (1, ))\n            norm_v (xp.array (1, ))\n        \"\"\"\n        u = self.u\n        v = self.v\n        # x_: (b, emb)\n        with using_config(\"train\", False), using_config(\n            \"enable_backprop\", False\n",
  "slicing": [
   "        u = self.u\n",
   "            norm_u = F.mean(F.sqrt(F.batch_l2_norm_squared(u))).data\n",
   "        return dict(zip(self.metric_names_norms, [norm_u, norm_v]))\n"
  ]
 },
 "53": {
  "name": "v",
  "type": "UNKNOWN",
  "class": "unknown",
  "approach": "Pysonar2",
  "file_path": "chainerdml/chainerdml/npair_loss.py",
  "lineno": "240",
  "column": "8",
  "context": "ray (1, ))\n        \"\"\"\n        u = self.u\n        v = self.v\n        # x_: (b, emb)\n        with using_config(\"",
  "context_lines": "            norm_u (xp.array (1, ))\n            norm_v (xp.array (1, ))\n        \"\"\"\n        u = self.u\n        v = self.v\n        # x_: (b, emb)\n        with using_config(\"train\", False), using_config(\n            \"enable_backprop\", False\n        ):\n\n",
  "slicing": [
   "        v = self.v\n",
   "            norm_v = F.mean(F.sqrt(F.batch_l2_norm_squared(v))).data\n",
   "        return dict(zip(self.metric_names_norms, [norm_u, norm_v]))\n"
  ]
 },
 "54": {
  "name": "norm_u",
  "type": "UNKNOWN",
  "class": "unknown",
  "approach": "Pysonar2",
  "file_path": "chainerdml/chainerdml/npair_loss.py",
  "lineno": "246",
  "column": "12",
  "context": " \"enable_backprop\", False\n        ):\n\n            norm_u = F.mean(F.sqrt(F.batch_l2_norm_squared(u))).data\n            norm_v = F.mean(F.sqrt(F.batch_l2_norm",
  "context_lines": "        # x_: (b, emb)\n        with using_config(\"train\", False), using_config(\n            \"enable_backprop\", False\n        ):\n\n            norm_u = F.mean(F.sqrt(F.batch_l2_norm_squared(u))).data\n            norm_v = F.mean(F.sqrt(F.batch_l2_norm_squared(v))).data\n\n        return dict(zip(self.metric_names_norms, [norm_u, norm_v]))\n\n    def clear_cache(self):\n        # for memory efficency\n",
  "slicing": [
   "            norm_u = F.mean(F.sqrt(F.batch_l2_norm_squared(u))).data\n",
   "        return dict(zip(self.metric_names_norms, [norm_u, norm_v]))\n"
  ]
 },
 "55": {
  "name": "norm_v",
  "type": "UNKNOWN",
  "class": "unknown",
  "approach": "Pysonar2",
  "file_path": "chainerdml/chainerdml/npair_loss.py",
  "lineno": "247",
  "column": "12",
  "context": "qrt(F.batch_l2_norm_squared(u))).data\n            norm_v = F.mean(F.sqrt(F.batch_l2_norm_squared(v))).data\n\n        return dict(zip(self.metric_names_norms, ",
  "context_lines": "        with using_config(\"train\", False), using_config(\n            \"enable_backprop\", False\n        ):\n\n            norm_u = F.mean(F.sqrt(F.batch_l2_norm_squared(u))).data\n            norm_v = F.mean(F.sqrt(F.batch_l2_norm_squared(v))).data\n\n        return dict(zip(self.metric_names_norms, [norm_u, norm_v]))\n\n    def clear_cache(self):\n        # for memory efficency\n",
  "slicing": [
   "            norm_v = F.mean(F.sqrt(F.batch_l2_norm_squared(v))).data\n",
   "        return dict(zip(self.metric_names_norms, [norm_u, norm_v]))\n"
  ]
 },
 "56": {
  "name": "xp",
  "type": "UNKNOWN",
  "class": "unknown",
  "approach": "Pysonar2",
  "file_path": "chainerdml/chainerdml/functions/loss/npair_hinge.py",
  "lineno": "18",
  "column": "4",
  "context": "', 'dot_l2reg'\n        margin (float)\n    \"\"\"\n    xp = cuda.get_array_module(metrics)\n\n    arange_B = xp.arange(metrics.shape[0])\n    # ",
  "context_lines": "            Each element ranges in [0, N-1].\n        metric_type: (str) 'euclidean', 'cosine', 'dot', 'dot_l2reg'\n        margin (float)\n    \"\"\"\n    xp = cuda.get_array_module(metrics)\n\n    arange_B = xp.arange(metrics.shape[0])\n    # arange_B: [0, 1, ..., B-1]\n    # metrics between anchor and positive samples\n",
  "slicing": [
   "    xp = cuda.get_array_module(metrics)\n",
   "    arange_B = xp.arange(metrics.shape[0])\n",
   "    metric_ap = metrics[arange_B, labels].reshape(-1, 1)\n",
   "    metric_ap_hstack = F.broadcast_to(metric_ap, metrics.shape)\n",
   "    mask = xp.ones_like(metrics)\n",
   "    mask[arange_B, labels] = 0\n",
   "        d_pos = metric_ap_hstack\n",
   "        loss = F.mean(mask * F.relu(-d_neg + d_pos + margin))\n",
   "        s_pos = metric_ap_hstack\n",
   "        loss = F.mean(mask * F.relu(s_neg - s_pos + margin))\n",
   "    return loss\n"
  ]
 },
 "57": {
  "name": "arange_B",
  "type": "UNKNOWN",
  "class": "unknown",
  "approach": "Pysonar2",
  "file_path": "chainerdml/chainerdml/functions/loss/npair_hinge.py",
  "lineno": "20",
  "column": "4",
  "context": " \"\"\"\n    xp = cuda.get_array_module(metrics)\n\n    arange_B = xp.arange(metrics.shape[0])\n    # arange_B: [0, 1, ..., B-1]\n    # metrics bet",
  "context_lines": "        metric_type: (str) 'euclidean', 'cosine', 'dot', 'dot_l2reg'\n        margin (float)\n    \"\"\"\n    xp = cuda.get_array_module(metrics)\n\n    arange_B = xp.arange(metrics.shape[0])\n    # arange_B: [0, 1, ..., B-1]\n    # metrics between anchor and positive samples\n    metric_ap = metrics[arange_B, labels].reshape(-1, 1)\n    # metric_ap: (B, 1)\n",
  "slicing": [
   "    arange_B = xp.arange(metrics.shape[0])\n",
   "    metric_ap = metrics[arange_B, labels].reshape(-1, 1)\n",
   "    metric_ap_hstack = F.broadcast_to(metric_ap, metrics.shape)\n",
   "    mask[arange_B, labels] = 0\n",
   "        d_pos = metric_ap_hstack\n",
   "        loss = F.mean(mask * F.relu(-d_neg + d_pos + margin))\n",
   "        s_pos = metric_ap_hstack\n",
   "        loss = F.mean(mask * F.relu(s_neg - s_pos + margin))\n",
   "    return loss\n"
  ]
 },
 "58": {
  "name": "metric_ap",
  "type": "UNKNOWN",
  "class": "unknown",
  "approach": "Pysonar2",
  "file_path": "chainerdml/chainerdml/functions/loss/npair_hinge.py",
  "lineno": "23",
  "column": "4",
  "context": "# metrics between anchor and positive samples\n    metric_ap = metrics[arange_B, labels].reshape(-1, 1)\n    # metric_ap: (B, 1)\n    metric_ap_hstack = F.b",
  "context_lines": "    xp = cuda.get_array_module(metrics)\n\n    arange_B = xp.arange(metrics.shape[0])\n    # arange_B: [0, 1, ..., B-1]\n    # metrics between anchor and positive samples\n    metric_ap = metrics[arange_B, labels].reshape(-1, 1)\n    # metric_ap: (B, 1)\n    metric_ap_hstack = F.broadcast_to(metric_ap, metrics.shape)\n    # metric_ap_*: (B, N)\n\n    # for multiplying zero to metric_ap\n",
  "slicing": [
   "    metric_ap = metrics[arange_B, labels].reshape(-1, 1)\n",
   "    metric_ap_hstack = F.broadcast_to(metric_ap, metrics.shape)\n",
   "        d_pos = metric_ap_hstack\n",
   "        loss = F.mean(mask * F.relu(-d_neg + d_pos + margin))\n",
   "        s_pos = metric_ap_hstack\n",
   "        loss = F.mean(mask * F.relu(s_neg - s_pos + margin))\n",
   "    return loss\n"
  ]
 },
 "59": {
  "name": "metric_ap_hstack",
  "type": "UNKNOWN",
  "class": "unknown",
  "approach": "Pysonar2",
  "file_path": "chainerdml/chainerdml/functions/loss/npair_hinge.py",
  "lineno": "25",
  "column": "4",
  "context": "abels].reshape(-1, 1)\n    # metric_ap: (B, 1)\n    metric_ap_hstack = F.broadcast_to(metric_ap, metrics.shape)\n    # metric_ap_*: (B, N)\n\n    # for multiplying z",
  "context_lines": "    # arange_B: [0, 1, ..., B-1]\n    # metrics between anchor and positive samples\n    metric_ap = metrics[arange_B, labels].reshape(-1, 1)\n    # metric_ap: (B, 1)\n    metric_ap_hstack = F.broadcast_to(metric_ap, metrics.shape)\n    # metric_ap_*: (B, N)\n\n    # for multiplying zero to metric_ap\n    mask = xp.ones_like(metrics)\n    mask[arange_B, labels] = 0\n",
  "slicing": [
   "    metric_ap_hstack = F.broadcast_to(metric_ap, metrics.shape)\n",
   "        d_pos = metric_ap_hstack\n",
   "        loss = F.mean(mask * F.relu(-d_neg + d_pos + margin))\n",
   "        s_pos = metric_ap_hstack\n",
   "        loss = F.mean(mask * F.relu(s_neg - s_pos + margin))\n",
   "    return loss\n"
  ]
 },
 "60": {
  "name": "mask",
  "type": "UNKNOWN",
  "class": "unknown",
  "approach": "Pysonar2",
  "file_path": "chainerdml/chainerdml/functions/loss/npair_hinge.py",
  "lineno": "29",
  "column": "4",
  "context": ", N)\n\n    # for multiplying zero to metric_ap\n    mask = xp.ones_like(metrics)\n    mask[arange_B, labels] = 0\n    # mask: (B, N)\n",
  "context_lines": "    # metric_ap: (B, 1)\n    metric_ap_hstack = F.broadcast_to(metric_ap, metrics.shape)\n    # metric_ap_*: (B, N)\n\n    # for multiplying zero to metric_ap\n    mask = xp.ones_like(metrics)\n    mask[arange_B, labels] = 0\n    # mask: (B, N)\n\n    if metric_type in DISTANCES:\n        d_neg = metrics\n",
  "slicing": [
   "    mask = xp.ones_like(metrics)\n",
   "    mask[arange_B, labels] = 0\n",
   "        loss = F.mean(mask * F.relu(-d_neg + d_pos + margin))\n",
   "        loss = F.mean(mask * F.relu(s_neg - s_pos + margin))\n",
   "    return loss\n"
  ]
 },
 "61": {
  "name": "d_neg",
  "type": "UNKNOWN",
  "class": "unknown",
  "approach": "annotation",
  "file_path": "chainerdml/chainerdml/functions/loss/npair_hinge.py",
  "lineno": "34",
  "column": "8",
  "context": " (B, N)\n\n    if metric_type in DISTANCES:\n        d_neg = metrics\n        d_pos = metric_ap_hstack\n\n        loss = F",
  "context_lines": "    mask = xp.ones_like(metrics)\n    mask[arange_B, labels] = 0\n    # mask: (B, N)\n\n    if metric_type in DISTANCES:\n        d_neg = metrics\n        d_pos = metric_ap_hstack\n\n        loss = F.mean(mask * F.relu(-d_neg + d_pos + margin))\n    elif metric_type in SIMILARITIES:\n        s_neg = metrics\n",
  "slicing": [
   "        d_neg = metrics\n",
   "        loss = F.mean(mask * F.relu(-d_neg + d_pos + margin))\n",
   "    return loss\n"
  ]
 },
 "62": {
  "name": "d_pos",
  "type": "UNKNOWN",
  "class": "unknown",
  "approach": "annotation",
  "file_path": "chainerdml/chainerdml/functions/loss/npair_hinge.py",
  "lineno": "35",
  "column": "8",
  "context": "ype in DISTANCES:\n        d_neg = metrics\n        d_pos = metric_ap_hstack\n\n        loss = F.mean(mask * F.relu(-d_neg + d_po",
  "context_lines": "    mask[arange_B, labels] = 0\n    # mask: (B, N)\n\n    if metric_type in DISTANCES:\n        d_neg = metrics\n        d_pos = metric_ap_hstack\n\n        loss = F.mean(mask * F.relu(-d_neg + d_pos + margin))\n    elif metric_type in SIMILARITIES:\n        s_neg = metrics\n",
  "slicing": [
   "        d_pos = metric_ap_hstack\n",
   "        loss = F.mean(mask * F.relu(-d_neg + d_pos + margin))\n",
   "    return loss\n"
  ]
 },
 "63": {
  "name": "loss",
  "type": "UNKNOWN",
  "class": "unknown",
  "approach": "Pysonar2",
  "file_path": "chainerdml/chainerdml/functions/loss/npair_hinge.py",
  "lineno": "37",
  "column": "8",
  "context": "metrics\n        d_pos = metric_ap_hstack\n\n        loss = F.mean(mask * F.relu(-d_neg + d_pos + margin))\n    elif metric_type in SIMILARITIES:\n        s_ne",
  "context_lines": "    # mask: (B, N)\n\n    if metric_type in DISTANCES:\n        d_neg = metrics\n        d_pos = metric_ap_hstack\n\n        loss = F.mean(mask * F.relu(-d_neg + d_pos + margin))\n    elif metric_type in SIMILARITIES:\n        s_neg = metrics\n        s_pos = metric_ap_hstack\n\n        loss = F.mean(mask * F.relu(s_neg - s_pos + margin))\n",
  "slicing": [
   "        loss = F.mean(mask * F.relu(-d_neg + d_pos + margin))\n",
   "    return loss\n"
  ]
 },
 "64": {
  "name": "s_neg",
  "type": "UNKNOWN",
  "class": "unknown",
  "approach": "annotation",
  "file_path": "chainerdml/chainerdml/functions/loss/npair_hinge.py",
  "lineno": "39",
  "column": "8",
  "context": "n))\n    elif metric_type in SIMILARITIES:\n        s_neg = metrics\n        s_pos = metric_ap_hstack\n\n        loss = F",
  "context_lines": "        d_neg = metrics\n        d_pos = metric_ap_hstack\n\n        loss = F.mean(mask * F.relu(-d_neg + d_pos + margin))\n    elif metric_type in SIMILARITIES:\n        s_neg = metrics\n        s_pos = metric_ap_hstack\n\n        loss = F.mean(mask * F.relu(s_neg - s_pos + margin))\n    else:\n        ValueError(\"Unknown metric_type, {}\".format(metric_type))\n\n",
  "slicing": [
   "        s_neg = metrics\n",
   "        loss = F.mean(mask * F.relu(s_neg - s_pos + margin))\n",
   "    return loss\n"
  ]
 },
 "65": {
  "name": "s_pos",
  "type": "UNKNOWN",
  "class": "unknown",
  "approach": "annotation",
  "file_path": "chainerdml/chainerdml/functions/loss/npair_hinge.py",
  "lineno": "40",
  "column": "8",
  "context": " in SIMILARITIES:\n        s_neg = metrics\n        s_pos = metric_ap_hstack\n\n        loss = F.mean(mask * F.relu(s_neg - s_pos",
  "context_lines": "        d_pos = metric_ap_hstack\n\n        loss = F.mean(mask * F.relu(-d_neg + d_pos + margin))\n    elif metric_type in SIMILARITIES:\n        s_neg = metrics\n        s_pos = metric_ap_hstack\n\n        loss = F.mean(mask * F.relu(s_neg - s_pos + margin))\n    else:\n        ValueError(\"Unknown metric_type, {}\".format(metric_type))\n\n",
  "slicing": [
   "        s_pos = metric_ap_hstack\n",
   "        loss = F.mean(mask * F.relu(s_neg - s_pos + margin))\n",
   "    return loss\n"
  ]
 },
 "66": {
  "name": "loss",
  "type": "UNKNOWN",
  "class": "unknown",
  "approach": "Pysonar2",
  "file_path": "chainerdml/chainerdml/functions/loss/npair_hinge.py",
  "lineno": "42",
  "column": "8",
  "context": "metrics\n        s_pos = metric_ap_hstack\n\n        loss = F.mean(mask * F.relu(s_neg - s_pos + margin))\n    else:\n        ValueError(\"Unknown metric_type,",
  "context_lines": "        loss = F.mean(mask * F.relu(-d_neg + d_pos + margin))\n    elif metric_type in SIMILARITIES:\n        s_neg = metrics\n        s_pos = metric_ap_hstack\n\n        loss = F.mean(mask * F.relu(s_neg - s_pos + margin))\n    else:\n        ValueError(\"Unknown metric_type, {}\".format(metric_type))\n\n",
  "slicing": [
   "        loss = F.mean(mask * F.relu(s_neg - s_pos + margin))\n",
   "    return loss\n"
  ]
 },
 "67": {
  "name": "B",
  "type": "dict",
  "class": "build-in",
  "approach": "annotation",
  "file_path": "chainerdml/chainerdml/functions/math/euclidean_pairwise_distances.py",
  "lineno": "11",
  "column": "4",
  "context": "iner.Variable or xp.ndarray:(b, emb))\n    \"\"\"\n    B = u.shape[0]\n    u2 = F.batch_l2_norm_squared(u).reshape(-1, 1)",
  "context_lines": "    Args:\n        u (chainer.Variable or xp.ndarray:(b, emb))\n        v (chainer.Variable or xp.ndarray:(b, emb))\n    \"\"\"\n    B = u.shape[0]\n    u2 = F.batch_l2_norm_squared(u).reshape(-1, 1)\n    # u2: (b, 1)\n    u2 = F.broadcast_to(u2, (B, B))\n    # u2: (b, b)\n\n",
  "slicing": [
   "    B = u.shape[0]\n",
   "    u2 = F.broadcast_to(u2, (B, B))\n",
   "    v2 = F.broadcast_to(v2, (B, B))\n",
   "    distance = u2 - 2.0 * uv + v2\n",
   "    return distance\n"
  ]
 },
 "68": {
  "name": "u2",
  "type": "UNKNOWN",
  "class": "unknown",
  "approach": "Pysonar2",
  "file_path": "chainerdml/chainerdml/functions/math/euclidean_pairwise_distances.py",
  "lineno": "12",
  "column": "4",
  "context": ".ndarray:(b, emb))\n    \"\"\"\n    B = u.shape[0]\n    u2 = F.batch_l2_norm_squared(u).reshape(-1, 1)\n    # u2: (b, 1)\n    u2 = F.broadcast_to(u2, (B, B",
  "context_lines": "        u (chainer.Variable or xp.ndarray:(b, emb))\n        v (chainer.Variable or xp.ndarray:(b, emb))\n    \"\"\"\n    B = u.shape[0]\n    u2 = F.batch_l2_norm_squared(u).reshape(-1, 1)\n    # u2: (b, 1)\n    u2 = F.broadcast_to(u2, (B, B))\n    # u2: (b, b)\n\n    v2 = F.batch_l2_norm_squared(v).reshape(1, -1)\n",
  "slicing": [
   "    u2 = F.batch_l2_norm_squared(u).reshape(-1, 1)\n",
   "    u2 = F.broadcast_to(u2, (B, B))\n",
   "    distance = u2 - 2.0 * uv + v2\n",
   "    return distance\n"
  ]
 },
 "69": {
  "name": "u2",
  "type": "UNKNOWN",
  "class": "unknown",
  "approach": "Pysonar2",
  "file_path": "chainerdml/chainerdml/functions/math/euclidean_pairwise_distances.py",
  "lineno": "14",
  "column": "4",
  "context": "rm_squared(u).reshape(-1, 1)\n    # u2: (b, 1)\n    u2 = F.broadcast_to(u2, (B, B))\n    # u2: (b, b)\n\n    v2 = F.batch_l2_norm_squared",
  "context_lines": "    \"\"\"\n    B = u.shape[0]\n    u2 = F.batch_l2_norm_squared(u).reshape(-1, 1)\n    # u2: (b, 1)\n    u2 = F.broadcast_to(u2, (B, B))\n    # u2: (b, b)\n\n    v2 = F.batch_l2_norm_squared(v).reshape(1, -1)\n    # v2: (1, b)\n    v2 = F.broadcast_to(v2, (B, B))\n",
  "slicing": [
   "    u2 = F.broadcast_to(u2, (B, B))\n",
   "    distance = u2 - 2.0 * uv + v2\n",
   "    return distance\n"
  ]
 },
 "70": {
  "name": "v2",
  "type": "UNKNOWN",
  "class": "unknown",
  "approach": "Pysonar2",
  "file_path": "chainerdml/chainerdml/functions/math/euclidean_pairwise_distances.py",
  "lineno": "17",
  "column": "4",
  "context": " F.broadcast_to(u2, (B, B))\n    # u2: (b, b)\n\n    v2 = F.batch_l2_norm_squared(v).reshape(1, -1)\n    # v2: (1, b)\n    v2 = F.broadcast_to(v2, (B, B",
  "context_lines": "    u2 = F.batch_l2_norm_squared(u).reshape(-1, 1)\n    # u2: (b, 1)\n    u2 = F.broadcast_to(u2, (B, B))\n    # u2: (b, b)\n\n    v2 = F.batch_l2_norm_squared(v).reshape(1, -1)\n    # v2: (1, b)\n    v2 = F.broadcast_to(v2, (B, B))\n    # v2: (b, b)\n\n    uv = F.matmul(u, v, transb=True)\n",
  "slicing": [
   "    v2 = F.batch_l2_norm_squared(v).reshape(1, -1)\n",
   "    v2 = F.broadcast_to(v2, (B, B))\n",
   "    distance = u2 - 2.0 * uv + v2\n",
   "    return distance\n"
  ]
 },
 "71": {
  "name": "v2",
  "type": "UNKNOWN",
  "class": "unknown",
  "approach": "Pysonar2",
  "file_path": "chainerdml/chainerdml/functions/math/euclidean_pairwise_distances.py",
  "lineno": "19",
  "column": "4",
  "context": "rm_squared(v).reshape(1, -1)\n    # v2: (1, b)\n    v2 = F.broadcast_to(v2, (B, B))\n    # v2: (b, b)\n\n    uv = F.matmul(u, v, transb=T",
  "context_lines": "    u2 = F.broadcast_to(u2, (B, B))\n    # u2: (b, b)\n\n    v2 = F.batch_l2_norm_squared(v).reshape(1, -1)\n    # v2: (1, b)\n    v2 = F.broadcast_to(v2, (B, B))\n    # v2: (b, b)\n\n    uv = F.matmul(u, v, transb=True)\n    # uv: (b, b)\n\n    distance = u2 - 2.0 * uv + v2\n",
  "slicing": [
   "    v2 = F.broadcast_to(v2, (B, B))\n",
   "    distance = u2 - 2.0 * uv + v2\n",
   "    return distance\n"
  ]
 },
 "72": {
  "name": "uv",
  "type": "UNKNOWN",
  "class": "unknown",
  "approach": "Pysonar2",
  "file_path": "chainerdml/chainerdml/functions/math/euclidean_pairwise_distances.py",
  "lineno": "22",
  "column": "4",
  "context": " F.broadcast_to(v2, (B, B))\n    # v2: (b, b)\n\n    uv = F.matmul(u, v, transb=True)\n    # uv: (b, b)\n\n    distance = u2 - 2.0 * uv + v",
  "context_lines": "    v2 = F.batch_l2_norm_squared(v).reshape(1, -1)\n    # v2: (1, b)\n    v2 = F.broadcast_to(v2, (B, B))\n    # v2: (b, b)\n\n    uv = F.matmul(u, v, transb=True)\n    # uv: (b, b)\n\n    distance = u2 - 2.0 * uv + v2\n    # distance: (b, b)\n\n",
  "slicing": [
   "    uv = F.matmul(u, v, transb=True)\n",
   "    distance = u2 - 2.0 * uv + v2\n",
   "    return distance\n"
  ]
 },
 "73": {
  "name": "distance",
  "type": "float",
  "class": "build-in",
  "approach": "Pysonar2",
  "file_path": "chainerdml/chainerdml/functions/math/euclidean_pairwise_distances.py",
  "lineno": "25",
  "column": "4",
  "context": "F.matmul(u, v, transb=True)\n    # uv: (b, b)\n\n    distance = u2 - 2.0 * uv + v2\n    # distance: (b, b)\n\n    return distance\n",
  "context_lines": "    v2 = F.broadcast_to(v2, (B, B))\n    # v2: (b, b)\n\n    uv = F.matmul(u, v, transb=True)\n    # uv: (b, b)\n\n    distance = u2 - 2.0 * uv + v2\n    # distance: (b, b)\n\n",
  "slicing": [
   "    distance = u2 - 2.0 * uv + v2\n",
   "    return distance\n"
  ]
 },
 "74": {
  "name": "metric_type",
  "type": "str",
  "class": "build-in",
  "approach": "Pysonar2",
  "file_path": "chainerdml/chainerdml/npair_loss.py",
  "lineno": "17",
  "column": "8",
  "context": "norm_v\"]\n\n    def __init__(\n        self,\n        metric_type=\"dot\",\n        loss_type=\"hinge\",\n        margin=187.0,\n ",
  "context_lines": "    metric_names_apn = [\"anc_pos\", \"anc_neg\", \"pos_neg_u\", \"pos_neg_v\"]\n    metric_names_norms = [\"norm_u\", \"norm_v\"]\n\n    def __init__(\n        self,\n        metric_type=\"dot\",\n        loss_type=\"hinge\",\n        margin=187.0,\n        bidirectional=False,\n        cache=False,\n",
  "slicing": "        metric_type=\"dot\",\n"
 },
 "75": {
  "name": "loss_type",
  "type": "str",
  "class": "build-in",
  "approach": "Pysonar2",
  "file_path": "chainerdml/chainerdml/npair_loss.py",
  "lineno": "18",
  "column": "8",
  "context": "\n        self,\n        metric_type=\"dot\",\n        loss_type=\"hinge\",\n        margin=187.0,\n        bidirectional=False,",
  "context_lines": "    metric_names_norms = [\"norm_u\", \"norm_v\"]\n\n    def __init__(\n        self,\n        metric_type=\"dot\",\n        loss_type=\"hinge\",\n        margin=187.0,\n        bidirectional=False,\n        cache=False,\n    ):\n",
  "slicing": "        loss_type=\"hinge\",\n"
 },
 "76": {
  "name": "margin",
  "type": "float",
  "class": "build-in",
  "approach": "Pysonar2",
  "file_path": "chainerdml/chainerdml/npair_loss.py",
  "lineno": "19",
  "column": "8",
  "context": "ic_type=\"dot\",\n        loss_type=\"hinge\",\n        margin=187.0,\n        bidirectional=False,\n        cache=False,\n",
  "context_lines": "    def __init__(\n        self,\n        metric_type=\"dot\",\n        loss_type=\"hinge\",\n        margin=187.0,\n        bidirectional=False,\n        cache=False,\n    ):\n        \"\"\"\n\n",
  "slicing": "        margin=187.0,\n"
 },
 "77": {
  "name": "bidirectional",
  "type": "bool",
  "class": "build-in",
  "approach": "Pysonar2",
  "file_path": "chainerdml/chainerdml/npair_loss.py",
  "lineno": "20",
  "column": "8",
  "context": " loss_type=\"hinge\",\n        margin=187.0,\n        bidirectional=False,\n        cache=False,\n    ):\n        \"\"\"\n\n        A",
  "context_lines": "        self,\n        metric_type=\"dot\",\n        loss_type=\"hinge\",\n        margin=187.0,\n        bidirectional=False,\n        cache=False,\n    ):\n        \"\"\"\n\n        Args:\n",
  "slicing": "        bidirectional=False,\n"
 },
 "78": {
  "name": "cache",
  "type": "bool",
  "class": "build-in",
  "approach": "Pysonar2",
  "file_path": "chainerdml/chainerdml/npair_loss.py",
  "lineno": "21",
  "column": "8",
  "context": "argin=187.0,\n        bidirectional=False,\n        cache=False,\n    ):\n        \"\"\"\n\n        Args:\n            metr",
  "context_lines": "        metric_type=\"dot\",\n        loss_type=\"hinge\",\n        margin=187.0,\n        bidirectional=False,\n        cache=False,\n    ):\n        \"\"\"\n\n        Args:\n            metric_type (str, optional): Defaults to 'dot'.\n",
  "slicing": "        cache=False,\n"
 },
 "79": {
  "name": "u",
  "type": "UNKNOWN",
  "class": "unknown",
  "approach": "Pysonar2",
  "file_path": "chainerdml/chainerdml/npair_loss.py",
  "lineno": "69",
  "column": "23",
  "context": "                raise err\n\n    def __call__(self, u, v, labels=None):\n        \"\"\"\n        Args:\n            u (xp.array ",
  "context_lines": "        ]\n\n        for cond, err in checklist:\n            if cond:\n                raise err\n\n    def __call__(self, u, v, labels=None):\n        \"\"\"\n        Args:\n            u (xp.array (b_u, emb)):\n                a batch of features\n",
  "slicing": "    def __call__(self, u, v, labels=None):\n"
 },
 "80": {
  "name": "v",
  "type": "UNKNOWN",
  "class": "unknown",
  "approach": "Pysonar2",
  "file_path": "chainerdml/chainerdml/npair_loss.py",
  "lineno": "69",
  "column": "26",
  "context": "             raise err\n\n    def __call__(self, u, v, labels=None):\n        \"\"\"\n        Args:\n            u (xp.array ",
  "context_lines": "        ]\n\n        for cond, err in checklist:\n            if cond:\n                raise err\n\n    def __call__(self, u, v, labels=None):\n        \"\"\"\n        Args:\n            u (xp.array (b_u, emb)):\n                a batch of features\n",
  "slicing": "    def __call__(self, u, v, labels=None):\n"
 },
 "81": {
  "name": "labels",
  "type": "UNKNOWN",
  "class": "unknown",
  "approach": "Pysonar2",
  "file_path": "chainerdml/chainerdml/npair_loss.py",
  "lineno": "69",
  "column": "29",
  "context": "          raise err\n\n    def __call__(self, u, v, labels=None):\n        \"\"\"\n        Args:\n            u (xp.array ",
  "context_lines": "        ]\n\n        for cond, err in checklist:\n            if cond:\n                raise err\n\n    def __call__(self, u, v, labels=None):\n        \"\"\"\n        Args:\n            u (xp.array (b_u, emb)):\n                a batch of features\n",
  "slicing": "    def __call__(self, u, v, labels=None):\n"
 },
 "82": {
  "name": "u",
  "type": "UNKNOWN",
  "class": "unknown",
  "approach": "Pysonar2",
  "file_path": "chainerdml/chainerdml/npair_loss.py",
  "lineno": "111",
  "column": "33",
  "context": "    return loss\n\n    def calc_metric_matrix(self, u, v):\n        \"\"\"\n        Args:\n            u (xp.array ",
  "context_lines": "            self.labels = labels\n            self.u = u\n            self.v = v\n\n        return loss\n\n    def calc_metric_matrix(self, u, v):\n        \"\"\"\n        Args:\n            u (xp.array (b, emb)):\n                a batch of features\n",
  "slicing": "    def calc_metric_matrix(self, u, v):\n"
 },
 "83": {
  "name": "v",
  "type": "UNKNOWN",
  "class": "unknown",
  "approach": "Pysonar2",
  "file_path": "chainerdml/chainerdml/npair_loss.py",
  "lineno": "111",
  "column": "36",
  "context": " return loss\n\n    def calc_metric_matrix(self, u, v):\n        \"\"\"\n        Args:\n            u (xp.array ",
  "context_lines": "            self.labels = labels\n            self.u = u\n            self.v = v\n\n        return loss\n\n    def calc_metric_matrix(self, u, v):\n        \"\"\"\n        Args:\n            u (xp.array (b, emb)):\n                a batch of features\n",
  "slicing": "    def calc_metric_matrix(self, u, v):\n"
 },
 "84": {
  "name": "metrics",
  "type": "UNKNOWN",
  "class": "unknown",
  "approach": "Pysonar2",
  "file_path": "chainerdml/chainerdml/npair_loss.py",
  "lineno": "132",
  "column": "22",
  "context": "b)\n\n        return metrics\n\n    def lossfun(self, metrics, labels):\n        \"\"\"\n        Args:\n            metrics (cha",
  "context_lines": "        else:\n            metrics = F.matmul(u, v, transb=True)\n        # metrics: (b, b)\n\n        return metrics\n\n    def lossfun(self, metrics, labels):\n        \"\"\"\n        Args:\n            metrics (chainer.Variable: (b_u, b_v))\n            labels (xp.ndarray: (b_u)):\n",
  "slicing": "    def lossfun(self, metrics, labels):\n"
 },
 "85": {
  "name": "labels",
  "type": "UNKNOWN",
  "class": "unknown",
  "approach": "Pysonar2",
  "file_path": "chainerdml/chainerdml/npair_loss.py",
  "lineno": "132",
  "column": "31",
  "context": "   return metrics\n\n    def lossfun(self, metrics, labels):\n        \"\"\"\n        Args:\n            metrics (cha",
  "context_lines": "        else:\n            metrics = F.matmul(u, v, transb=True)\n        # metrics: (b, b)\n\n        return metrics\n\n    def lossfun(self, metrics, labels):\n        \"\"\"\n        Args:\n            metrics (chainer.Variable: (b_u, b_v))\n            labels (xp.ndarray: (b_u)):\n",
  "slicing": "    def lossfun(self, metrics, labels):\n"
 },
 "86": {
  "name": "metrics",
  "type": "UNKNOWN",
  "class": "unknown",
  "approach": "Pysonar2",
  "file_path": "chainerdml/chainerdml/functions/loss/npair_hinge.py",
  "lineno": "6",
  "column": "16",
  "context": " import SIMILARITIES, DISTANCES\n\n\ndef npair_hinge(metrics, labels, metric_type, margin):\n    \"\"\"\n    Args:\n        metrics (chainer.Variabl",
  "context_lines": "import chainer.functions as F\nfrom chainer import cuda\nfrom chainerdml.constants import SIMILARITIES, DISTANCES\n\n\ndef npair_hinge(metrics, labels, metric_type, margin):\n    \"\"\"\n    Args:\n        metrics (chainer.Variable or xp.ndarray:(B, N))\n            B: A mini batch size.\n",
  "slicing": "def npair_hinge(metrics, labels, metric_type, margin):\n"
 },
 "87": {
  "name": "labels",
  "type": "UNKNOWN",
  "class": "unknown",
  "approach": "Pysonar2",
  "file_path": "chainerdml/chainerdml/functions/loss/npair_hinge.py",
  "lineno": "6",
  "column": "25",
  "context": "IMILARITIES, DISTANCES\n\n\ndef npair_hinge(metrics, labels, metric_type, margin):\n    \"\"\"\n    Args:\n        metrics (chainer.Variabl",
  "context_lines": "import chainer.functions as F\nfrom chainer import cuda\nfrom chainerdml.constants import SIMILARITIES, DISTANCES\n\n\ndef npair_hinge(metrics, labels, metric_type, margin):\n    \"\"\"\n    Args:\n        metrics (chainer.Variable or xp.ndarray:(B, N))\n            B: A mini batch size.\n",
  "slicing": "def npair_hinge(metrics, labels, metric_type, margin):\n"
 },
 "88": {
  "name": "metric_type",
  "type": "UNKNOWN",
  "class": "unknown",
  "approach": "Pysonar2",
  "file_path": "chainerdml/chainerdml/functions/loss/npair_hinge.py",
  "lineno": "6",
  "column": "33",
  "context": "IES, DISTANCES\n\n\ndef npair_hinge(metrics, labels, metric_type, margin):\n    \"\"\"\n    Args:\n        metrics (chainer.Variabl",
  "context_lines": "import chainer.functions as F\nfrom chainer import cuda\nfrom chainerdml.constants import SIMILARITIES, DISTANCES\n\n\ndef npair_hinge(metrics, labels, metric_type, margin):\n    \"\"\"\n    Args:\n        metrics (chainer.Variable or xp.ndarray:(B, N))\n            B: A mini batch size.\n",
  "slicing": "def npair_hinge(metrics, labels, metric_type, margin):\n"
 },
 "89": {
  "name": "margin",
  "type": "UNKNOWN",
  "class": "unknown",
  "approach": "Pysonar2",
  "file_path": "chainerdml/chainerdml/functions/loss/npair_hinge.py",
  "lineno": "6",
  "column": "46",
  "context": "S\n\n\ndef npair_hinge(metrics, labels, metric_type, margin):\n    \"\"\"\n    Args:\n        metrics (chainer.Variabl",
  "context_lines": "import chainer.functions as F\nfrom chainer import cuda\nfrom chainerdml.constants import SIMILARITIES, DISTANCES\n\n\ndef npair_hinge(metrics, labels, metric_type, margin):\n    \"\"\"\n    Args:\n        metrics (chainer.Variable or xp.ndarray:(B, N))\n            B: A mini batch size.\n",
  "slicing": "def npair_hinge(metrics, labels, metric_type, margin):\n"
 },
 "90": {
  "name": "u",
  "type": "UNKNOWN",
  "class": "unknown",
  "approach": "Pysonar2",
  "file_path": "chainerdml/chainerdml/functions/math/euclidean_pairwise_distances.py",
  "lineno": "4",
  "column": "33",
  "context": "functions as F\n\n\ndef euclidean_pairwise_distances(u, v):\n    \"\"\"\n    This is not needed when applying l2 no",
  "context_lines": "import chainer.functions as F\n\n\ndef euclidean_pairwise_distances(u, v):\n    \"\"\"\n    This is not needed when applying l2 normalization.\n    Args:\n        u (chainer.Variable or xp.ndarray:(b, emb))\n",
  "slicing": "def euclidean_pairwise_distances(u, v):\n"
 },
 "91": {
  "name": "v",
  "type": "UNKNOWN",
  "class": "unknown",
  "approach": "Pysonar2",
  "file_path": "chainerdml/chainerdml/functions/math/euclidean_pairwise_distances.py",
  "lineno": "4",
  "column": "36",
  "context": "ctions as F\n\n\ndef euclidean_pairwise_distances(u, v):\n    \"\"\"\n    This is not needed when applying l2 no",
  "context_lines": "import chainer.functions as F\n\n\ndef euclidean_pairwise_distances(u, v):\n    \"\"\"\n    This is not needed when applying l2 normalization.\n    Args:\n        u (chainer.Variable or xp.ndarray:(b, emb))\n",
  "slicing": "def euclidean_pairwise_distances(u, v):\n"
 }
}