{
 "1": {
  "name": "lestModName",
  "type": "str",
  "class": "build-in",
  "approach": "Pysonar2",
  "file_path": "chaos_mod_server/app.py",
  "lineno": "4",
  "column": "0",
  "context": "掛程式(免key的版本\n# by sklonely\n# import自動修復 程式碼片段Stste\nlestModName = \"\"\nwhile 1:\n    try:\n        import sys\n        impor",
  "context_lines": "# 渾沌加密外掛程式(免key的版本\n# by sklonely\n# import自動修復 程式碼片段Stste\nlestModName = \"\"\nwhile 1:\n    try:\n        import sys\n        import os\n",
  "slicing": [
   "lestModName = \"\"\n",
   "        if (lestModName != err):\n"
  ]
 },
 "2": {
  "name": "err",
  "type": "dict",
  "class": "build-in",
  "approach": "annotation",
  "file_path": "chaos_mod_server/app.py",
  "lineno": "22",
  "column": "8",
  "context": "ror, ImportError):  # python import error\n        err = str(sys.exc_info()[1])[17:-1]\n        if (lestModName != err):\n            print",
  "context_lines": "        import threading\n        import copy\n        import hashlib\n    except (ModuleNotFoundError, ImportError):  # python import error\n        err = str(sys.exc_info()[1])[17:-1]\n        if (lestModName != err):\n            print(\"缺少mod: \" + err + \" 正在嘗試進行安裝\")\n            os.system(\"pip install \" + err)\n            lestModName = err\n",
  "slicing": [
   "        err = str(sys.exc_info()[1])[17:-1]\n",
   "        if (lestModName != err):\n",
   "            print(\"缺少mod: \" + err + \" 正在嘗試進行安裝\")\n",
   "            os.system(\"pip install \" + err)\n",
   "            lestModName = err\n",
   "            print(\"無法修復import問題 請人工檢查\", \"mod name: \" + err)\n"
  ]
 },
 "3": {
  "name": "lestModName",
  "type": "UNKNOWN",
  "class": "unknown",
  "approach": "annotation",
  "file_path": "chaos_mod_server/app.py",
  "lineno": "26",
  "column": "12",
  "context": "      os.system(\"pip install \" + err)\n            lestModName = err\n        else:\n            print(\"無法修復import問題 請人工檢",
  "context_lines": "        err = str(sys.exc_info()[1])[17:-1]\n        if (lestModName != err):\n            print(\"缺少mod: \" + err + \" 正在嘗試進行安裝\")\n            os.system(\"pip install \" + err)\n            lestModName = err\n        else:\n            print(\"無法修復import問題 請人工檢查\", \"mod name: \" + err)\n            sys.exit()\n    else:\n",
  "slicing": "            lestModName = err\n"
 },
 "4": {
  "name": "app",
  "type": "flask.Flask",
  "class": "imported",
  "approach": "annotation",
  "file_path": "chaos_mod_server/app.py",
  "lineno": "34",
  "column": "0",
  "context": " del lestModName\n        break\n# import自動修復 程式碼片段\napp = Flask(__name__)\n# 變數\nCORS(app)\n\n\n@app.route(\"/\")\ndef hello():\n    ",
  "context_lines": "    else:\n        del lestModName\n        break\n# import自動修復 程式碼片段\napp = Flask(__name__)\n# 變數\nCORS(app)\n\n\n@app.route(\"/\")\ndef hello():\n",
  "slicing": [
   "app = Flask(__name__)\n",
   "CORS(app)\n",
   "@app.route(\"/\")\n",
   "@app.route(\"/encrypt\")\n",
   "@app.route(\"/AES_encrypt\", methods=['POST'])\n",
   "@app.route(\"/AES_decrypt\", methods=['POST'])\n",
   "        app.run(\"0.0.0.0\", port)\n"
  ]
 },
 "5": {
  "name": "temp_Um",
  "type": "UNKNOWN",
  "class": "unknown",
  "approach": "annotation",
  "file_path": "chaos_mod_server/app.py",
  "lineno": "47",
  "column": "4",
  "context": "POST'])\n@app.route(\"/encrypt\")\ndef encrypt():\n    temp_Um = Um\n    return (\"key: \" + str(X[0]) + \" Um:\" + str(tem",
  "context_lines": "    return str(\"歡迎來到渾沌加解密測試首頁\")\n\n\n# @app.route(\"/encrypt\", methods=['POST'])\n@app.route(\"/encrypt\")\ndef encrypt():\n    temp_Um = Um\n    return (\"key: \" + str(X[0]) + \" Um:\" + str(temp_Um))\n\n\n@app.route(\"/AES_encrypt\", methods=['POST'])\ndef AES_encrypt(data=\"這是測試用的訊息\"):\n    # s = time.time()\n",
  "slicing": [
   "    temp_Um = Um\n",
   "    return (\"key: \" + str(X[0]) + \" Um:\" + str(temp_Um))\n",
   "            temp_Um[i] = round(temp_Um[i] + use_key[i], 7)\n",
   "    sendData = {'encrypt_text': str(sendData), 'Um': str(temp_Um)}\n",
   "    return json.dumps(sendData)\n",
   "        temp_Um = temp_Um[1:-1].split(\", \")\n",
   "        for i in range(len(temp_Um)):\n",
   "            use_key[i] = float(use_key[i])\n",
   "            temp_Um[i] = float(temp_Um[i])\n",
   "            temp_Um[i] -= use_key[i]\n",
   "        for i in range(len(temp_Um) - 1, -1, -1):\n",
   "            Y = client.runSlave(2, Y, temp_Um[i])\n",
   "            if i == 1:\n",
   "                chck = client.createUs(Y)\n",
   "        if round(temp_Um[0] + chck, 6):\n",
   "            print(round(temp_Um[0] + chck, 6))\n",
   "    getData = aes.decrypt(data, Y[0])\n",
   "    getData = {'decrypt_text': str(getData), 'flag': str(async_flag)}\n",
   "    return json.dumps(getData)\n",
   "            Um[i] = Um[i - 1]\n",
   "            print(i, True)\n",
   "            print(i, False)\n"
  ]
 },
 "6": {
  "name": "temp_Um",
  "type": "UNKNOWN",
  "class": "unknown",
  "approach": "Pysonar2",
  "file_path": "chaos_mod_server/app.py",
  "lineno": "55",
  "column": "4",
  "context": "測試用的訊息\"):\n    # s = time.time()\n    # 初始化加密資料\n    temp_Um = copy.deepcopy(Um)\n    key = copy.deepcopy(X[0])\n    aes = AEScharp()",
  "context_lines": "@app.route(\"/AES_encrypt\", methods=['POST'])\ndef AES_encrypt(data=\"這是測試用的訊息\"):\n    # s = time.time()\n    # 初始化加密資料\n    temp_Um = copy.deepcopy(Um)\n    key = copy.deepcopy(X[0])\n    aes = AEScharp()\n    try:\n        dict1 = json.loads(request.get_data())\n",
  "slicing": [
   "    temp_Um = copy.deepcopy(Um)\n",
   "            temp_Um[i] = round(temp_Um[i] + use_key[i], 7)\n",
   "    sendData = {'encrypt_text': str(sendData), 'Um': str(temp_Um)}\n",
   "    return json.dumps(sendData)\n",
   "        temp_Um = temp_Um[1:-1].split(\", \")\n",
   "        for i in range(len(temp_Um)):\n",
   "            use_key[i] = float(use_key[i])\n",
   "            temp_Um[i] = float(temp_Um[i])\n",
   "            temp_Um[i] -= use_key[i]\n",
   "        for i in range(len(temp_Um) - 1, -1, -1):\n",
   "            Y = client.runSlave(2, Y, temp_Um[i])\n",
   "            if i == 1:\n",
   "                chck = client.createUs(Y)\n",
   "        if round(temp_Um[0] + chck, 6):\n",
   "            print(round(temp_Um[0] + chck, 6))\n",
   "    getData = aes.decrypt(data, Y[0])\n",
   "    getData = {'decrypt_text': str(getData), 'flag': str(async_flag)}\n",
   "    return json.dumps(getData)\n",
   "            Um[i] = Um[i - 1]\n",
   "            print(i, True)\n",
   "            print(i, False)\n"
  ]
 },
 "7": {
  "name": "key",
  "type": "UNKNOWN",
  "class": "unknown",
  "approach": "Pysonar2",
  "file_path": "chaos_mod_server/app.py",
  "lineno": "56",
  "column": "4",
  "context": "    # 初始化加密資料\n    temp_Um = copy.deepcopy(Um)\n    key = copy.deepcopy(X[0])\n    aes = AEScharp()\n    try:\n        dict1 = json",
  "context_lines": "def AES_encrypt(data=\"這是測試用的訊息\"):\n    # s = time.time()\n    # 初始化加密資料\n    temp_Um = copy.deepcopy(Um)\n    key = copy.deepcopy(X[0])\n    aes = AEScharp()\n    try:\n        dict1 = json.loads(request.get_data())\n        data = dict1['data']\n",
  "slicing": [
   "    key = copy.deepcopy(X[0])\n",
   "    sendData = aes.encrypt(data, key)\n",
   "    testEN = sendData\n",
   "    sendData = {'encrypt_text': str(sendData), 'Um': str(temp_Um)}\n",
   "    return json.dumps(sendData)\n"
  ]
 },
 "8": {
  "name": "aes",
  "type": "AESmod.AEScharp",
  "class": "customized",
  "approach": "annotation",
  "file_path": "chaos_mod_server/app.py",
  "lineno": "57",
  "column": "4",
  "context": "py.deepcopy(Um)\n    key = copy.deepcopy(X[0])\n    aes = AEScharp()\n    try:\n        dict1 = json.loads(request.get_da",
  "context_lines": "    # s = time.time()\n    # 初始化加密資料\n    temp_Um = copy.deepcopy(Um)\n    key = copy.deepcopy(X[0])\n    aes = AEScharp()\n    try:\n        dict1 = json.loads(request.get_data())\n        data = dict1['data']\n        use_key = hashlib.sha256(dict1['key'].encode('utf-8')).digest()\n",
  "slicing": [
   "    aes = AEScharp()\n",
   "    sendData = aes.encrypt(data, key)\n",
   "    testEN = sendData\n",
   "    sendData = {'encrypt_text': str(sendData), 'Um': str(temp_Um)}\n",
   "    return json.dumps(sendData)\n",
   "    getData = aes.decrypt(data, Y[0])\n",
   "    getData = {'decrypt_text': str(getData), 'flag': str(async_flag)}\n",
   "    return json.dumps(getData)\n"
  ]
 },
 "9": {
  "name": "sendData",
  "type": "UNKNOWN",
  "class": "unknown",
  "approach": "Pysonar2",
  "file_path": "chaos_mod_server/app.py",
  "lineno": "69",
  "column": "4",
  "context": "(temp_Um)\n    except:\n        pass\n    # 加密資料\n    sendData = aes.encrypt(data, key)\n    global testEN\n    testEN = sendData\n    # json",
  "context_lines": "        # print(temp_Um)\n    except:\n        pass\n    # 加密資料\n    sendData = aes.encrypt(data, key)\n    global testEN\n    testEN = sendData\n    # json 黨製作\n    sendData = {'encrypt_text': str(sendData), 'Um': str(temp_Um)}\n",
  "slicing": [
   "    sendData = aes.encrypt(data, key)\n",
   "    testEN = sendData\n",
   "    sendData = {'encrypt_text': str(sendData), 'Um': str(temp_Um)}\n",
   "    return json.dumps(sendData)\n"
  ]
 },
 "10": {
  "name": "testEN",
  "type": "UNKNOWN",
  "class": "unknown",
  "approach": "annotation",
  "file_path": "chaos_mod_server/app.py",
  "lineno": "71",
  "column": "4",
  "context": "ta = aes.encrypt(data, key)\n    global testEN\n    testEN = sendData\n    # json 黨製作\n    sendData = {'encrypt_text': str",
  "context_lines": "        pass\n    # 加密資料\n    sendData = aes.encrypt(data, key)\n    global testEN\n    testEN = sendData\n    # json 黨製作\n    sendData = {'encrypt_text': str(sendData), 'Um': str(temp_Um)}\n    # e = time.time()\n    # print(e - s)\n",
  "slicing": "    testEN = sendData\n"
 },
 "11": {
  "name": "sendData",
  "type": "dict",
  "class": "build-in",
  "approach": "annotation",
  "file_path": "chaos_mod_server/app.py",
  "lineno": "73",
  "column": "4",
  "context": "l testEN\n    testEN = sendData\n    # json 黨製作\n    sendData = {'encrypt_text': str(sendData), 'Um': str(temp_Um)}\n    # e = time.time()\n    # print(e - s)\n    retur",
  "context_lines": "    sendData = aes.encrypt(data, key)\n    global testEN\n    testEN = sendData\n    # json 黨製作\n    sendData = {'encrypt_text': str(sendData), 'Um': str(temp_Um)}\n    # e = time.time()\n    # print(e - s)\n    return json.dumps(sendData)\n\n\n@app.route(\"/AES_decrypt\", methods=['POST'])\n",
  "slicing": [
   "    sendData = {'encrypt_text': str(sendData), 'Um': str(temp_Um)}\n",
   "    return json.dumps(sendData)\n"
  ]
 },
 "12": {
  "name": "dict1",
  "type": "UNKNOWN",
  "class": "unknown",
  "approach": "Pysonar2",
  "file_path": "chaos_mod_server/app.py",
  "lineno": "59",
  "column": "8",
  "context": "pcopy(X[0])\n    aes = AEScharp()\n    try:\n        dict1 = json.loads(request.get_data())\n        data = dict1['data']\n        use_key = has",
  "context_lines": "    temp_Um = copy.deepcopy(Um)\n    key = copy.deepcopy(X[0])\n    aes = AEScharp()\n    try:\n        dict1 = json.loads(request.get_data())\n        data = dict1['data']\n        use_key = hashlib.sha256(dict1['key'].encode('utf-8')).digest()\n        use_key = list(use_key)\n        for i in range(32):\n",
  "slicing": [
   "        dict1 = json.loads(request.get_data())\n",
   "        data = dict1['data']\n",
   "        use_key = hashlib.sha256(dict1['key'].encode('utf-8')).digest()\n",
   "        use_key = list(use_key)\n",
   "            temp_Um[i] = round(temp_Um[i] + use_key[i], 7)\n",
   "    sendData = aes.encrypt(data, key)\n",
   "    testEN = sendData\n",
   "    sendData = {'encrypt_text': str(sendData), 'Um': str(temp_Um)}\n",
   "    return json.dumps(sendData)\n",
   "        data = dict1['data']\n",
   "        data = eval(data)\n",
   "        temp_Um = dict1['Um']\n",
   "        temp_Um = temp_Um[1:-1].split(\", \")\n",
   "        use_key = hashlib.sha256(dict1['key'].encode('utf-8')).digest()\n",
   "        use_key = list(use_key)\n",
   "        for i in range(len(temp_Um)):\n",
   "            use_key[i] = float(use_key[i])\n",
   "            temp_Um[i] = float(temp_Um[i])\n",
   "            temp_Um[i] -= use_key[i]\n",
   "        for i in range(len(temp_Um) - 1, -1, -1):\n",
   "            Y = client.runSlave(2, Y, temp_Um[i])\n",
   "            if i == 1:\n",
   "                chck = client.createUs(Y)\n",
   "        if round(temp_Um[0] + chck, 6):\n",
   "            print(round(temp_Um[0] + chck, 6))\n",
   "    getData = aes.decrypt(data, Y[0])\n",
   "    getData = {'decrypt_text': str(getData), 'flag': str(async_flag)}\n",
   "    return json.dumps(getData)\n",
   "            Um[i] = Um[i - 1]\n",
   "            print(i, True)\n",
   "            print(i, False)\n"
  ]
 },
 "13": {
  "name": "data",
  "type": "dict",
  "class": "build-in",
  "approach": "annotation",
  "file_path": "chaos_mod_server/app.py",
  "lineno": "60",
  "column": "8",
  "context": "   dict1 = json.loads(request.get_data())\n        data = dict1['data']\n        use_key = hashlib.sha256(dict1['key'].enco",
  "context_lines": "    key = copy.deepcopy(X[0])\n    aes = AEScharp()\n    try:\n        dict1 = json.loads(request.get_data())\n        data = dict1['data']\n        use_key = hashlib.sha256(dict1['key'].encode('utf-8')).digest()\n        use_key = list(use_key)\n        for i in range(32):\n            temp_Um[i] = round(temp_Um[i] + use_key[i], 7)\n",
  "slicing": [
   "        data = dict1['data']\n",
   "    sendData = aes.encrypt(data, key)\n",
   "    testEN = sendData\n",
   "    sendData = {'encrypt_text': str(sendData), 'Um': str(temp_Um)}\n",
   "    return json.dumps(sendData)\n",
   "        data = eval(data)\n",
   "    getData = aes.decrypt(data, Y[0])\n",
   "    getData = {'decrypt_text': str(getData), 'flag': str(async_flag)}\n",
   "    return json.dumps(getData)\n"
  ]
 },
 "14": {
  "name": "use_key",
  "type": "UNKNOWN",
  "class": "unknown",
  "approach": "Pysonar2",
  "file_path": "chaos_mod_server/app.py",
  "lineno": "61",
  "column": "8",
  "context": ".get_data())\n        data = dict1['data']\n        use_key = hashlib.sha256(dict1['key'].encode('utf-8')).digest()\n        use_key = list(use_key)\n        for i in r",
  "context_lines": "    aes = AEScharp()\n    try:\n        dict1 = json.loads(request.get_data())\n        data = dict1['data']\n        use_key = hashlib.sha256(dict1['key'].encode('utf-8')).digest()\n        use_key = list(use_key)\n        for i in range(32):\n            temp_Um[i] = round(temp_Um[i] + use_key[i], 7)\n        # print(temp_Um)\n",
  "slicing": [
   "        use_key = hashlib.sha256(dict1['key'].encode('utf-8')).digest()\n",
   "        use_key = list(use_key)\n",
   "            temp_Um[i] = round(temp_Um[i] + use_key[i], 7)\n",
   "        use_key = list(use_key)\n",
   "            use_key[i] = float(use_key[i])\n",
   "            temp_Um[i] -= use_key[i]\n"
  ]
 },
 "15": {
  "name": "use_key",
  "type": "list",
  "class": "build-in",
  "approach": "annotation",
  "file_path": "chaos_mod_server/app.py",
  "lineno": "62",
  "column": "8",
  "context": "56(dict1['key'].encode('utf-8')).digest()\n        use_key = list(use_key)\n        for i in range(32):\n            temp_Um[i]",
  "context_lines": "    try:\n        dict1 = json.loads(request.get_data())\n        data = dict1['data']\n        use_key = hashlib.sha256(dict1['key'].encode('utf-8')).digest()\n        use_key = list(use_key)\n        for i in range(32):\n            temp_Um[i] = round(temp_Um[i] + use_key[i], 7)\n        # print(temp_Um)\n    except:\n",
  "slicing": [
   "        use_key = list(use_key)\n",
   "            temp_Um[i] = round(temp_Um[i] + use_key[i], 7)\n",
   "        use_key = list(use_key)\n",
   "            use_key[i] = float(use_key[i])\n",
   "            temp_Um[i] -= use_key[i]\n"
  ]
 },
 "16": {
  "name": "async_flag",
  "type": "bool",
  "class": "build-in",
  "approach": "annotation",
  "file_path": "chaos_mod_server/app.py",
  "lineno": "102",
  "column": "4",
  "context": "       pass\n    # print(len(data))\n    # 開始同步\n    async_flag = False  # 同步旗標\n    times = 0  # 同步失敗次數\n    while async_flag is Fa",
  "context_lines": "        print(\"has error\")\n        pass\n    # print(len(data))\n    # 開始同步\n    async_flag = False  # 同步旗標\n    times = 0  # 同步失敗次數\n    while async_flag is False:\n\n        Y = [random.random(), random.random(), random.random()]\n        client = Chaos()\n",
  "slicing": [
   "    async_flag = False  # 同步旗標\n",
   "    while async_flag is False:\n",
   "    getData = {'decrypt_text': str(getData), 'flag': str(async_flag)}\n",
   "    return json.dumps(getData)\n"
  ]
 },
 "17": {
  "name": "times",
  "type": "int",
  "class": "build-in",
  "approach": "Pysonar2",
  "file_path": "chaos_mod_server/app.py",
  "lineno": "103",
  "column": "4",
  "context": "a))\n    # 開始同步\n    async_flag = False  # 同步旗標\n    times = 0  # 同步失敗次數\n    while async_flag is False:\n\n        Y = [rando",
  "context_lines": "        pass\n    # print(len(data))\n    # 開始同步\n    async_flag = False  # 同步旗標\n    times = 0  # 同步失敗次數\n    while async_flag is False:\n\n        Y = [random.random(), random.random(), random.random()]\n        client = Chaos()\n        chck = 0\n",
  "slicing": [
   "    times = 0  # 同步失敗次數\n",
   "            if times > 12:\n",
   "    for i in range(times):\n",
   "            print(i, True)\n",
   "            print(i, False)\n",
   "    print(\"成功:\", x, \"失敗:\", times - x, \"同步率:\", (x / times) * 100, \"%\")\n"
  ]
 },
 "18": {
  "name": "Y",
  "type": "list",
  "class": "build-in",
  "approach": "annotation",
  "file_path": "chaos_mod_server/app.py",
  "lineno": "106",
  "column": "8",
  "context": " # 同步失敗次數\n    while async_flag is False:\n\n        Y = [random.random(), random.random(), random.random()]\n        client = Chaos()\n        chck = 0\n        ",
  "context_lines": "    # 開始同步\n    async_flag = False  # 同步旗標\n    times = 0  # 同步失敗次數\n    while async_flag is False:\n\n        Y = [random.random(), random.random(), random.random()]\n        client = Chaos()\n        chck = 0\n        for i in range(len(temp_Um) - 1, -1, -1):\n            Y = client.runSlave(2, Y, temp_Um[i])\n",
  "slicing": [
   "        Y = [random.random(), random.random(), random.random()]\n",
   "            Y = client.runSlave(2, Y, temp_Um[i])\n",
   "                chck = client.createUs(Y)\n",
   "        if round(temp_Um[0] + chck, 6):\n",
   "            print(round(temp_Um[0] + chck, 6))\n",
   "    getData = aes.decrypt(data, Y[0])\n",
   "    getData = {'decrypt_text': str(getData), 'flag': str(async_flag)}\n",
   "    return json.dumps(getData)\n"
  ]
 },
 "19": {
  "name": "client",
  "type": "HENMAP_chaos_model.Chaos",
  "class": "customized",
  "approach": "annotation",
  "file_path": "chaos_mod_server/app.py",
  "lineno": "107",
  "column": "8",
  "context": "ndom(), random.random(), random.random()]\n        client = Chaos()\n        chck = 0\n        for i in range(len(temp_U",
  "context_lines": "    async_flag = False  # 同步旗標\n    times = 0  # 同步失敗次數\n    while async_flag is False:\n\n        Y = [random.random(), random.random(), random.random()]\n        client = Chaos()\n        chck = 0\n        for i in range(len(temp_Um) - 1, -1, -1):\n            Y = client.runSlave(2, Y, temp_Um[i])\n            if i == 1:\n",
  "slicing": [
   "        client = Chaos()\n",
   "            Y = client.runSlave(2, Y, temp_Um[i])\n",
   "                chck = client.createUs(Y)\n",
   "        if round(temp_Um[0] + chck, 6):\n",
   "            print(round(temp_Um[0] + chck, 6))\n",
   "    getData = aes.decrypt(data, Y[0])\n",
   "    getData = {'decrypt_text': str(getData), 'flag': str(async_flag)}\n",
   "    return json.dumps(getData)\n"
  ]
 },
 "20": {
  "name": "chck",
  "type": "int",
  "class": "build-in",
  "approach": "Pysonar2",
  "file_path": "chaos_mod_server/app.py",
  "lineno": "108",
  "column": "8",
  "context": "random.random()]\n        client = Chaos()\n        chck = 0\n        for i in range(len(temp_Um) - 1, -1, -1):\n",
  "context_lines": "    times = 0  # 同步失敗次數\n    while async_flag is False:\n\n        Y = [random.random(), random.random(), random.random()]\n        client = Chaos()\n        chck = 0\n        for i in range(len(temp_Um) - 1, -1, -1):\n            Y = client.runSlave(2, Y, temp_Um[i])\n            if i == 1:\n                chck = client.createUs(Y)\n",
  "slicing": [
   "        chck = 0\n",
   "        if round(temp_Um[0] + chck, 6):\n",
   "            print(round(temp_Um[0] + chck, 6))\n"
  ]
 },
 "21": {
  "name": "Y",
  "type": "UNKNOWN",
  "class": "unknown",
  "approach": "Pysonar2",
  "file_path": "chaos_mod_server/app.py",
  "lineno": "110",
  "column": "12",
  "context": "i in range(len(temp_Um) - 1, -1, -1):\n            Y = client.runSlave(2, Y, temp_Um[i])\n            if i == 1:\n                chck = clie",
  "context_lines": "        Y = [random.random(), random.random(), random.random()]\n        client = Chaos()\n        chck = 0\n        for i in range(len(temp_Um) - 1, -1, -1):\n            Y = client.runSlave(2, Y, temp_Um[i])\n            if i == 1:\n                chck = client.createUs(Y)\n        # 判斷有沒有同步\n        if round(temp_Um[0] + chck, 6):\n",
  "slicing": [
   "            Y = client.runSlave(2, Y, temp_Um[i])\n",
   "                chck = client.createUs(Y)\n",
   "        if round(temp_Um[0] + chck, 6):\n",
   "            print(round(temp_Um[0] + chck, 6))\n",
   "    getData = aes.decrypt(data, Y[0])\n",
   "    getData = {'decrypt_text': str(getData), 'flag': str(async_flag)}\n",
   "    return json.dumps(getData)\n"
  ]
 },
 "22": {
  "name": "chck",
  "type": "UNKNOWN",
  "class": "unknown",
  "approach": "Pysonar2",
  "file_path": "chaos_mod_server/app.py",
  "lineno": "112",
  "column": "16",
  "context": "emp_Um[i])\n            if i == 1:\n                chck = client.createUs(Y)\n        # 判斷有沒有同步\n        if round(temp_Um[0] + ch",
  "context_lines": "        chck = 0\n        for i in range(len(temp_Um) - 1, -1, -1):\n            Y = client.runSlave(2, Y, temp_Um[i])\n            if i == 1:\n                chck = client.createUs(Y)\n        # 判斷有沒有同步\n        if round(temp_Um[0] + chck, 6):\n            # print(temp_X, Y[0], client.createUs(Y), temp_Um[0] + chck)\n            async_flag = False\n",
  "slicing": [
   "                chck = client.createUs(Y)\n",
   "        if round(temp_Um[0] + chck, 6):\n",
   "            print(round(temp_Um[0] + chck, 6))\n"
  ]
 },
 "23": {
  "name": "async_flag",
  "type": "bool",
  "class": "build-in",
  "approach": "annotation",
  "file_path": "chaos_mod_server/app.py",
  "lineno": "116",
  "column": "12",
  "context": "lient.createUs(Y), temp_Um[0] + chck)\n            async_flag = False\n            if times > 12:\n                break\n ",
  "context_lines": "                chck = client.createUs(Y)\n        # 判斷有沒有同步\n        if round(temp_Um[0] + chck, 6):\n            # print(temp_X, Y[0], client.createUs(Y), temp_Um[0] + chck)\n            async_flag = False\n            if times > 12:\n                break\n            times += 1\n            print(round(temp_Um[0] + chck, 6))\n\n",
  "slicing": [
   "            async_flag = False\n",
   "    getData = {'decrypt_text': str(getData), 'flag': str(async_flag)}\n",
   "    return json.dumps(getData)\n"
  ]
 },
 "24": {
  "name": "times",
  "type": "int",
  "class": "build-in",
  "approach": "Pysonar2",
  "file_path": "chaos_mod_server/app.py",
  "lineno": "119",
  "column": "12",
  "context": " if times > 12:\n                break\n            times += 1\n            print(round(temp_Um[0] + chck, 6))\n\n  ",
  "context_lines": "            # print(temp_X, Y[0], client.createUs(Y), temp_Um[0] + chck)\n            async_flag = False\n            if times > 12:\n                break\n            times += 1\n            print(round(temp_Um[0] + chck, 6))\n\n        else:\n            async_flag = True\n\n    # 解密\n",
  "slicing": [
   "            times += 1\n",
   "    for i in range(times):\n",
   "            print(i, True)\n",
   "            print(i, False)\n",
   "    print(\"成功:\", x, \"失敗:\", times - x, \"同步率:\", (x / times) * 100, \"%\")\n"
  ]
 },
 "25": {
  "name": "aes",
  "type": "AESmod.AEScharp",
  "class": "customized",
  "approach": "annotation",
  "file_path": "chaos_mod_server/app.py",
  "lineno": "126",
  "column": "4",
  "context": "else:\n            async_flag = True\n\n    # 解密\n    aes = AEScharp()\n    getData = aes.decrypt(data, Y[0])\n    # json 檔",
  "context_lines": "            print(round(temp_Um[0] + chck, 6))\n\n        else:\n            async_flag = True\n\n    # 解密\n    aes = AEScharp()\n    getData = aes.decrypt(data, Y[0])\n    # json 檔製作\n    getData = {'decrypt_text': str(getData), 'flag': str(async_flag)}\n    # e = time.time()\n",
  "slicing": [
   "    aes = AEScharp()\n",
   "    getData = aes.decrypt(data, Y[0])\n",
   "    getData = {'decrypt_text': str(getData), 'flag': str(async_flag)}\n",
   "    return json.dumps(getData)\n"
  ]
 },
 "26": {
  "name": "getData",
  "type": "UNKNOWN",
  "class": "unknown",
  "approach": "Pysonar2",
  "file_path": "chaos_mod_server/app.py",
  "lineno": "127",
  "column": "4",
  "context": "nc_flag = True\n\n    # 解密\n    aes = AEScharp()\n    getData = aes.decrypt(data, Y[0])\n    # json 檔製作\n    getData = {'decrypt_text': str(",
  "context_lines": "        else:\n            async_flag = True\n\n    # 解密\n    aes = AEScharp()\n    getData = aes.decrypt(data, Y[0])\n    # json 檔製作\n    getData = {'decrypt_text': str(getData), 'flag': str(async_flag)}\n    # e = time.time()\n    # print(e - s)\n",
  "slicing": [
   "    getData = aes.decrypt(data, Y[0])\n",
   "    getData = {'decrypt_text': str(getData), 'flag': str(async_flag)}\n",
   "    return json.dumps(getData)\n"
  ]
 },
 "27": {
  "name": "getData",
  "type": "dict",
  "class": "build-in",
  "approach": "annotation",
  "file_path": "chaos_mod_server/app.py",
  "lineno": "129",
  "column": "4",
  "context": "Data = aes.decrypt(data, Y[0])\n    # json 檔製作\n    getData = {'decrypt_text': str(getData), 'flag': str(async_flag)}\n    # e = time.time()\n    # print(e - s)\n    retur",
  "context_lines": "    # 解密\n    aes = AEScharp()\n    getData = aes.decrypt(data, Y[0])\n    # json 檔製作\n    getData = {'decrypt_text': str(getData), 'flag': str(async_flag)}\n    # e = time.time()\n    # print(e - s)\n    return json.dumps(getData)\n\n\ndef chaos():\n",
  "slicing": [
   "    getData = {'decrypt_text': str(getData), 'flag': str(async_flag)}\n",
   "    return json.dumps(getData)\n"
  ]
 },
 "28": {
  "name": "dict1",
  "type": "UNKNOWN",
  "class": "unknown",
  "approach": "Pysonar2",
  "file_path": "chaos_mod_server/app.py",
  "lineno": "85",
  "column": "8",
  "context": "  # s = time.time()\n    try:\n        # 嘗試\n        dict1 = json.loads(request.get_data())\n        data = dict1['data']\n        data = eval(d",
  "context_lines": "    # 初始化解碼資料\n    # s = time.time()\n    try:\n        # 嘗試\n        dict1 = json.loads(request.get_data())\n        data = dict1['data']\n        data = eval(data)\n        temp_Um = dict1['Um']\n        temp_Um = temp_Um[1:-1].split(\", \")\n",
  "slicing": [
   "        dict1 = json.loads(request.get_data())\n",
   "        data = dict1['data']\n",
   "        data = eval(data)\n",
   "        temp_Um = dict1['Um']\n",
   "        temp_Um = temp_Um[1:-1].split(\", \")\n",
   "        use_key = hashlib.sha256(dict1['key'].encode('utf-8')).digest()\n",
   "        use_key = list(use_key)\n",
   "        for i in range(len(temp_Um)):\n",
   "            use_key[i] = float(use_key[i])\n",
   "            temp_Um[i] = float(temp_Um[i])\n",
   "            temp_Um[i] -= use_key[i]\n",
   "        for i in range(len(temp_Um) - 1, -1, -1):\n",
   "            Y = client.runSlave(2, Y, temp_Um[i])\n",
   "            if i == 1:\n",
   "                chck = client.createUs(Y)\n",
   "        if round(temp_Um[0] + chck, 6):\n",
   "            print(round(temp_Um[0] + chck, 6))\n",
   "    getData = aes.decrypt(data, Y[0])\n",
   "    getData = {'decrypt_text': str(getData), 'flag': str(async_flag)}\n",
   "    return json.dumps(getData)\n",
   "            Um[i] = Um[i - 1]\n",
   "            print(i, True)\n",
   "            print(i, False)\n"
  ]
 },
 "29": {
  "name": "data",
  "type": "dict",
  "class": "build-in",
  "approach": "annotation",
  "file_path": "chaos_mod_server/app.py",
  "lineno": "86",
  "column": "8",
  "context": "   dict1 = json.loads(request.get_data())\n        data = dict1['data']\n        data = eval(data)\n        temp_Um = dict1[",
  "context_lines": "    # s = time.time()\n    try:\n        # 嘗試\n        dict1 = json.loads(request.get_data())\n        data = dict1['data']\n        data = eval(data)\n        temp_Um = dict1['Um']\n        temp_Um = temp_Um[1:-1].split(\", \")\n        use_key = hashlib.sha256(dict1['key'].encode('utf-8')).digest()\n",
  "slicing": [
   "        data = dict1['data']\n",
   "        data = eval(data)\n",
   "    getData = aes.decrypt(data, Y[0])\n",
   "    getData = {'decrypt_text': str(getData), 'flag': str(async_flag)}\n",
   "    return json.dumps(getData)\n"
  ]
 },
 "30": {
  "name": "data",
  "type": "UNKNOWN",
  "class": "unknown",
  "approach": "annotation",
  "file_path": "chaos_mod_server/app.py",
  "lineno": "87",
  "column": "8",
  "context": ".get_data())\n        data = dict1['data']\n        data = eval(data)\n        temp_Um = dict1['Um']\n        temp_Um = te",
  "context_lines": "    try:\n        # 嘗試\n        dict1 = json.loads(request.get_data())\n        data = dict1['data']\n        data = eval(data)\n        temp_Um = dict1['Um']\n        temp_Um = temp_Um[1:-1].split(\", \")\n        use_key = hashlib.sha256(dict1['key'].encode('utf-8')).digest()\n        use_key = list(use_key)\n",
  "slicing": [
   "        data = eval(data)\n",
   "    getData = aes.decrypt(data, Y[0])\n",
   "    getData = {'decrypt_text': str(getData), 'flag': str(async_flag)}\n",
   "    return json.dumps(getData)\n"
  ]
 },
 "31": {
  "name": "temp_Um",
  "type": "dict",
  "class": "build-in",
  "approach": "annotation",
  "file_path": "chaos_mod_server/app.py",
  "lineno": "88",
  "column": "8",
  "context": "= dict1['data']\n        data = eval(data)\n        temp_Um = dict1['Um']\n        temp_Um = temp_Um[1:-1].split(\", \")\n      ",
  "context_lines": "        # 嘗試\n        dict1 = json.loads(request.get_data())\n        data = dict1['data']\n        data = eval(data)\n        temp_Um = dict1['Um']\n        temp_Um = temp_Um[1:-1].split(\", \")\n        use_key = hashlib.sha256(dict1['key'].encode('utf-8')).digest()\n        use_key = list(use_key)\n        # 加密Um\n",
  "slicing": [
   "        temp_Um = dict1['Um']\n",
   "        temp_Um = temp_Um[1:-1].split(\", \")\n",
   "        for i in range(len(temp_Um)):\n",
   "            use_key[i] = float(use_key[i])\n",
   "            temp_Um[i] = float(temp_Um[i])\n",
   "            temp_Um[i] -= use_key[i]\n",
   "        for i in range(len(temp_Um) - 1, -1, -1):\n",
   "            Y = client.runSlave(2, Y, temp_Um[i])\n",
   "            if i == 1:\n",
   "                chck = client.createUs(Y)\n",
   "        if round(temp_Um[0] + chck, 6):\n",
   "            print(round(temp_Um[0] + chck, 6))\n",
   "    getData = aes.decrypt(data, Y[0])\n",
   "    getData = {'decrypt_text': str(getData), 'flag': str(async_flag)}\n",
   "    return json.dumps(getData)\n",
   "            Um[i] = Um[i - 1]\n",
   "            print(i, True)\n",
   "            print(i, False)\n"
  ]
 },
 "32": {
  "name": "temp_Um",
  "type": "UNKNOWN",
  "class": "unknown",
  "approach": "Pysonar2",
  "file_path": "chaos_mod_server/app.py",
  "lineno": "89",
  "column": "8",
  "context": " eval(data)\n        temp_Um = dict1['Um']\n        temp_Um = temp_Um[1:-1].split(\", \")\n        use_key = hashlib.sha256(dict1['key'].enco",
  "context_lines": "        dict1 = json.loads(request.get_data())\n        data = dict1['data']\n        data = eval(data)\n        temp_Um = dict1['Um']\n        temp_Um = temp_Um[1:-1].split(\", \")\n        use_key = hashlib.sha256(dict1['key'].encode('utf-8')).digest()\n        use_key = list(use_key)\n        # 加密Um\n        for i in range(len(temp_Um)):\n",
  "slicing": [
   "        temp_Um = temp_Um[1:-1].split(\", \")\n",
   "        for i in range(len(temp_Um)):\n",
   "            use_key[i] = float(use_key[i])\n",
   "            temp_Um[i] = float(temp_Um[i])\n",
   "            temp_Um[i] -= use_key[i]\n",
   "        for i in range(len(temp_Um) - 1, -1, -1):\n",
   "            Y = client.runSlave(2, Y, temp_Um[i])\n",
   "            if i == 1:\n",
   "                chck = client.createUs(Y)\n",
   "        if round(temp_Um[0] + chck, 6):\n",
   "            print(round(temp_Um[0] + chck, 6))\n",
   "    getData = aes.decrypt(data, Y[0])\n",
   "    getData = {'decrypt_text': str(getData), 'flag': str(async_flag)}\n",
   "    return json.dumps(getData)\n",
   "            Um[i] = Um[i - 1]\n",
   "            print(i, True)\n",
   "            print(i, False)\n"
  ]
 },
 "33": {
  "name": "use_key",
  "type": "UNKNOWN",
  "class": "unknown",
  "approach": "Pysonar2",
  "file_path": "chaos_mod_server/app.py",
  "lineno": "90",
  "column": "8",
  "context": "      temp_Um = temp_Um[1:-1].split(\", \")\n        use_key = hashlib.sha256(dict1['key'].encode('utf-8')).digest()\n        use_key = list(use_key)\n        # 加密Um\n   ",
  "context_lines": "        data = dict1['data']\n        data = eval(data)\n        temp_Um = dict1['Um']\n        temp_Um = temp_Um[1:-1].split(\", \")\n        use_key = hashlib.sha256(dict1['key'].encode('utf-8')).digest()\n        use_key = list(use_key)\n        # 加密Um\n        for i in range(len(temp_Um)):\n            use_key[i] = float(use_key[i])\n",
  "slicing": [
   "        use_key = hashlib.sha256(dict1['key'].encode('utf-8')).digest()\n",
   "        use_key = list(use_key)\n",
   "            use_key[i] = float(use_key[i])\n",
   "            temp_Um[i] -= use_key[i]\n"
  ]
 },
 "34": {
  "name": "use_key",
  "type": "list",
  "class": "build-in",
  "approach": "annotation",
  "file_path": "chaos_mod_server/app.py",
  "lineno": "91",
  "column": "8",
  "context": "56(dict1['key'].encode('utf-8')).digest()\n        use_key = list(use_key)\n        # 加密Um\n        for i in range(len(temp_Um)",
  "context_lines": "        data = eval(data)\n        temp_Um = dict1['Um']\n        temp_Um = temp_Um[1:-1].split(\", \")\n        use_key = hashlib.sha256(dict1['key'].encode('utf-8')).digest()\n        use_key = list(use_key)\n        # 加密Um\n        for i in range(len(temp_Um)):\n            use_key[i] = float(use_key[i])\n            temp_Um[i] = float(temp_Um[i])\n",
  "slicing": [
   "        use_key = list(use_key)\n",
   "            use_key[i] = float(use_key[i])\n",
   "            temp_Um[i] -= use_key[i]\n"
  ]
 },
 "35": {
  "name": "async_flag",
  "type": "bool",
  "class": "build-in",
  "approach": "annotation",
  "file_path": "chaos_mod_server/app.py",
  "lineno": "123",
  "column": "12",
  "context": "temp_Um[0] + chck, 6))\n\n        else:\n            async_flag = True\n\n    # 解密\n    aes = AEScharp()\n    getData = aes.d",
  "context_lines": "                break\n            times += 1\n            print(round(temp_Um[0] + chck, 6))\n\n        else:\n            async_flag = True\n\n    # 解密\n    aes = AEScharp()\n    getData = aes.decrypt(data, Y[0])\n",
  "slicing": [
   "            async_flag = True\n",
   "    getData = {'decrypt_text': str(getData), 'flag': str(async_flag)}\n",
   "    return json.dumps(getData)\n"
  ]
 },
 "36": {
  "name": "sys_chaos",
  "type": "HENMAP_chaos_model.Chaos",
  "class": "customized",
  "approach": "annotation",
  "file_path": "chaos_mod_server/app.py",
  "lineno": "137",
  "column": "4",
  "context": "s(getData)\n\n\ndef chaos():\n    # 初始化 準備Um buff\n    sys_chaos = Chaos()\n    global X, Um\n    X = [random.random(), random.",
  "context_lines": "    # print(e - s)\n    return json.dumps(getData)\n\n\ndef chaos():\n    # 初始化 準備Um buff\n    sys_chaos = Chaos()\n    global X, Um\n    X = [random.random(), random.random(), random.random()]\n    Um = []\n    for i in range(32):\n",
  "slicing": [
   "    sys_chaos = Chaos()\n",
   "    Um[0] = sys_chaos.createUm(X)\n",
   "    X = sys_chaos.runMaster(0, X)\n",
   "        Um[0] = sys_chaos.createUm(X)\n",
   "        X = sys_chaos.runMaster(1, X)\n",
   "        sys_chaos.setDaemon(True)\n",
   "        sys_chaos.start()\n"
  ]
 },
 "37": {
  "name": "X",
  "type": "list",
  "class": "build-in",
  "approach": "annotation",
  "file_path": "chaos_mod_server/app.py",
  "lineno": "139",
  "column": "4",
  "context": "buff\n    sys_chaos = Chaos()\n    global X, Um\n    X = [random.random(), random.random(), random.random()]\n    Um = []\n    for i in range(32):\n        Um.app",
  "context_lines": "def chaos():\n    # 初始化 準備Um buff\n    sys_chaos = Chaos()\n    global X, Um\n    X = [random.random(), random.random(), random.random()]\n    Um = []\n    for i in range(32):\n        Um.append(0)\n    Um[0] = sys_chaos.createUm(X)\n",
  "slicing": [
   "    X = [random.random(), random.random(), random.random()]\n",
   "    Um[0] = sys_chaos.createUm(X)\n",
   "    X = sys_chaos.runMaster(0, X)\n",
   "        Um[0] = sys_chaos.createUm(X)\n",
   "        X = sys_chaos.runMaster(1, X)\n"
  ]
 },
 "38": {
  "name": "Um",
  "type": "list",
  "class": "build-in",
  "approach": "annotation",
  "file_path": "chaos_mod_server/app.py",
  "lineno": "140",
  "column": "4",
  "context": "m.random(), random.random(), random.random()]\n    Um = []\n    for i in range(32):\n        Um.append(0)\n    U",
  "context_lines": "    # 初始化 準備Um buff\n    sys_chaos = Chaos()\n    global X, Um\n    X = [random.random(), random.random(), random.random()]\n    Um = []\n    for i in range(32):\n        Um.append(0)\n    Um[0] = sys_chaos.createUm(X)\n    X = sys_chaos.runMaster(0, X)\n",
  "slicing": [
   "    Um = []\n",
   "        Um.append(0)\n",
   "    Um[0] = sys_chaos.createUm(X)\n",
   "            Um[i] = Um[i - 1]\n",
   "        Um[0] = sys_chaos.createUm(X)\n"
  ]
 },
 "39": {
  "name": "X",
  "type": "UNKNOWN",
  "class": "unknown",
  "approach": "UNKNOWN",
  "file_path": "chaos_mod_server/app.py",
  "lineno": "144",
  "column": "4",
  "context": "m.append(0)\n    Um[0] = sys_chaos.createUm(X)\n    X = sys_chaos.runMaster(0, X)\n    # 進入迴圈開始跑渾沌\n    while 1:\n        for i in rang",
  "context_lines": "    Um = []\n    for i in range(32):\n        Um.append(0)\n    Um[0] = sys_chaos.createUm(X)\n    X = sys_chaos.runMaster(0, X)\n    # 進入迴圈開始跑渾沌\n    while 1:\n        for i in range(31, 0, -1):\n            Um[i] = Um[i - 1]\n",
  "slicing": [
   "    X = sys_chaos.runMaster(0, X)\n",
   "        Um[0] = sys_chaos.createUm(X)\n",
   "        X = sys_chaos.runMaster(1, X)\n"
  ]
 },
 "40": {
  "name": "X",
  "type": "UNKNOWN",
  "class": "unknown",
  "approach": "UNKNOWN",
  "file_path": "chaos_mod_server/app.py",
  "lineno": "150",
  "column": "8",
  "context": " 1]\n        Um[0] = sys_chaos.createUm(X)\n        X = sys_chaos.runMaster(1, X)\n        # print(X[0], Um[0])\n        time.sleep(0.",
  "context_lines": "    while 1:\n        for i in range(31, 0, -1):\n            Um[i] = Um[i - 1]\n        Um[0] = sys_chaos.createUm(X)\n        X = sys_chaos.runMaster(1, X)\n        # print(X[0], Um[0])\n        time.sleep(0.001)\n\n\ndef show(times=50):\n    # 測試寒士\n",
  "slicing": [
   "        X = sys_chaos.runMaster(1, X)\n"
  ]
 },
 "41": {
  "name": "x",
  "type": "int",
  "class": "build-in",
  "approach": "Pysonar2",
  "file_path": "chaos_mod_server/app.py",
  "lineno": "158",
  "column": "4",
  "context": "show(times=50):\n    # 測試寒士\n    time.sleep(.2)\n    x = 0\n    for i in range(times):\n        AES_encrypt()\n ",
  "context_lines": "        time.sleep(0.001)\n\n\ndef show(times=50):\n    # 測試寒士\n    time.sleep(.2)\n    x = 0\n    for i in range(times):\n        AES_encrypt()\n        time.sleep(.05)\n        if (decrypt()[1]):\n",
  "slicing": [
   "    x = 0\n",
   "    print(\"成功:\", x, \"失敗:\", times - x, \"同步率:\", (x / times) * 100, \"%\")\n"
  ]
 },
 "42": {
  "name": "x",
  "type": "int",
  "class": "build-in",
  "approach": "Pysonar2",
  "file_path": "chaos_mod_server/app.py",
  "lineno": "163",
  "column": "12",
  "context": "sleep(.05)\n        if (decrypt()[1]):\n            x += 1\n            print(i, True)\n        else:\n         ",
  "context_lines": "    for i in range(times):\n        AES_encrypt()\n        time.sleep(.05)\n        if (decrypt()[1]):\n            x += 1\n            print(i, True)\n        else:\n            print(i, False)\n    print(\"成功:\", x, \"失敗:\", times - x, \"同步率:\", (x / times) * 100, \"%\")\n\n\n",
  "slicing": [
   "            x += 1\n",
   "    print(\"成功:\", x, \"失敗:\", times - x, \"同步率:\", (x / times) * 100, \"%\")\n"
  ]
 },
 "43": {
  "name": "sys_chaos",
  "type": "UNKNOWN",
  "class": "unknown",
  "approach": "Pysonar2",
  "file_path": "chaos_mod_server/app.py",
  "lineno": "173",
  "column": "8",
  "context": "__main__\":\n    try:\n        # 啟動本機系統的混沌系統\n        sys_chaos = threading.Thread(target=chaos)\n        sys_chaos.setDaemon(True)\n        sys_chao",
  "context_lines": "    print(\"成功:\", x, \"失敗:\", times - x, \"同步率:\", (x / times) * 100, \"%\")\n\n\nif __name__ == \"__main__\":\n    try:\n        # 啟動本機系統的混沌系統\n        sys_chaos = threading.Thread(target=chaos)\n        sys_chaos.setDaemon(True)\n        sys_chaos.start()\n        print(\"SYS_Chaos 初始化完成 進入本機伺服器...\")\n        # show()\n",
  "slicing": [
   "        sys_chaos = threading.Thread(target=chaos)\n",
   "        sys_chaos.setDaemon(True)\n",
   "        sys_chaos.start()\n"
  ]
 },
 "44": {
  "name": "port",
  "type": "int",
  "class": "build-in",
  "approach": "annotation",
  "file_path": "chaos_mod_server/app.py",
  "lineno": "179",
  "column": "8",
  "context": "\n        # show()\n        # AES_encrypt()\n        port = int(os.environ.get('PORT', 5000))\n        app.run(\"0.0.0.0\", port)\n    except:\n     ",
  "context_lines": "        sys_chaos.start()\n        print(\"SYS_Chaos 初始化完成 進入本機伺服器...\")\n        # show()\n        # AES_encrypt()\n        port = int(os.environ.get('PORT', 5000))\n        app.run(\"0.0.0.0\", port)\n    except:\n        print(\"退出渾沌加密系統\")\n",
  "slicing": [
   "        port = int(os.environ.get('PORT', 5000))\n",
   "        app.run(\"0.0.0.0\", port)\n"
  ]
 },
 "45": {
  "name": "text",
  "type": "bytes",
  "class": "build-in",
  "approach": "Pysonar2",
  "file_path": "chaos_mod_server/mods/AESmod.py",
  "lineno": "13",
  "column": "12",
  "context": "):\n        while len(text) % 16 != 0:\n            text += b' '\n        return text\n\n    # 將key補足32 bit\n    def pa",
  "context_lines": "        pass\n\n    # 將資料補足16 bit\n    def pad(self, text):\n        while len(text) % 16 != 0:\n            text += b' '\n        return text\n\n    # 將key補足32 bit\n    def pad_key(self, key):\n        while len(key) % 32 != 0:\n",
  "slicing": [
   "            text += b' '\n",
   "        return text\n"
  ]
 },
 "46": {
  "name": "key",
  "type": "bytes",
  "class": "build-in",
  "approach": "Pysonar2",
  "file_path": "chaos_mod_server/mods/AESmod.py",
  "lineno": "19",
  "column": "12",
  "context": "y):\n        while len(key) % 32 != 0:\n            key += b' '\n        return key\n\n    # 加密\n    def encrypt(self,",
  "context_lines": "        return text\n\n    # 將key補足32 bit\n    def pad_key(self, key):\n        while len(key) % 32 != 0:\n            key += b' '\n        return key\n\n    # 加密\n    def encrypt(self, data, key):\n        # 處理密鑰\n",
  "slicing": [
   "            key += b' '\n",
   "        return key\n",
   "        key = str(key)\n",
   "        key = hashlib.sha256(key.encode('utf-8')).digest()\n",
   "        aes = AES.new(self.pad_key(key), AES.MODE_ECB)\n",
   "        return aes.encrypt(data)\n",
   "        key = str(key)\n",
   "        key = hashlib.sha256(key.encode('utf-8')).digest()\n",
   "        aes = AES.new(self.pad_key(key), AES.MODE_ECB)\n",
   "        data = str(aes.decrypt(data), encoding='utf-8', errors=\"ignore\")\n",
   "        return data\n"
  ]
 },
 "47": {
  "name": "key",
  "type": "str",
  "class": "build-in",
  "approach": "annotation",
  "file_path": "chaos_mod_server/mods/AESmod.py",
  "lineno": "25",
  "column": "8",
  "context": " encrypt(self, data, key):\n        # 處理密鑰\n        key = str(key)\n        key = hashlib.sha256(key.encode('utf-8')).",
  "context_lines": "        return key\n\n    # 加密\n    def encrypt(self, data, key):\n        # 處理密鑰\n        key = str(key)\n        key = hashlib.sha256(key.encode('utf-8')).digest()\n        aes = AES.new(self.pad_key(key), AES.MODE_ECB)\n        # 處理資料\n        data = data.encode(encoding=\"utf-8\")\n",
  "slicing": [
   "        key = str(key)\n",
   "        key = hashlib.sha256(key.encode('utf-8')).digest()\n",
   "        aes = AES.new(self.pad_key(key), AES.MODE_ECB)\n",
   "        return aes.encrypt(data)\n",
   "        key = str(key)\n",
   "        key = hashlib.sha256(key.encode('utf-8')).digest()\n",
   "        aes = AES.new(self.pad_key(key), AES.MODE_ECB)\n",
   "        data = str(aes.decrypt(data), encoding='utf-8', errors=\"ignore\")\n",
   "        return data\n"
  ]
 },
 "48": {
  "name": "key",
  "type": "UNKNOWN",
  "class": "unknown",
  "approach": "Pysonar2",
  "file_path": "chaos_mod_server/mods/AESmod.py",
  "lineno": "26",
  "column": "8",
  "context": "y):\n        # 處理密鑰\n        key = str(key)\n        key = hashlib.sha256(key.encode('utf-8')).digest()\n        aes = AES.new(self.pad_key(key), AES.MODE_",
  "context_lines": "    # 加密\n    def encrypt(self, data, key):\n        # 處理密鑰\n        key = str(key)\n        key = hashlib.sha256(key.encode('utf-8')).digest()\n        aes = AES.new(self.pad_key(key), AES.MODE_ECB)\n        # 處理資料\n        data = data.encode(encoding=\"utf-8\")\n        data = self.pad(data)\n",
  "slicing": [
   "        key = hashlib.sha256(key.encode('utf-8')).digest()\n",
   "        aes = AES.new(self.pad_key(key), AES.MODE_ECB)\n",
   "        return aes.encrypt(data)\n",
   "        key = str(key)\n",
   "        key = hashlib.sha256(key.encode('utf-8')).digest()\n",
   "        aes = AES.new(self.pad_key(key), AES.MODE_ECB)\n",
   "        data = str(aes.decrypt(data), encoding='utf-8', errors=\"ignore\")\n",
   "        return data\n"
  ]
 },
 "49": {
  "name": "aes",
  "type": "UNKNOWN",
  "class": "unknown",
  "approach": "Pysonar2",
  "file_path": "chaos_mod_server/mods/AESmod.py",
  "lineno": "27",
  "column": "8",
  "context": "hlib.sha256(key.encode('utf-8')).digest()\n        aes = AES.new(self.pad_key(key), AES.MODE_ECB)\n        # 處理資料\n        data = data.encode(encoding",
  "context_lines": "    def encrypt(self, data, key):\n        # 處理密鑰\n        key = str(key)\n        key = hashlib.sha256(key.encode('utf-8')).digest()\n        aes = AES.new(self.pad_key(key), AES.MODE_ECB)\n        # 處理資料\n        data = data.encode(encoding=\"utf-8\")\n        data = self.pad(data)\n        # 加密資料\n",
  "slicing": [
   "        aes = AES.new(self.pad_key(key), AES.MODE_ECB)\n",
   "        return aes.encrypt(data)\n",
   "        data = str(aes.decrypt(data), encoding='utf-8', errors=\"ignore\")\n",
   "        return data\n"
  ]
 },
 "50": {
  "name": "data",
  "type": "UNKNOWN",
  "class": "unknown",
  "approach": "Pysonar2",
  "file_path": "chaos_mod_server/mods/AESmod.py",
  "lineno": "29",
  "column": "8",
  "context": "ad_key(key), AES.MODE_ECB)\n        # 處理資料\n        data = data.encode(encoding=\"utf-8\")\n        data = self.pad(data)\n        # 加密資料\n     ",
  "context_lines": "        key = str(key)\n        key = hashlib.sha256(key.encode('utf-8')).digest()\n        aes = AES.new(self.pad_key(key), AES.MODE_ECB)\n        # 處理資料\n        data = data.encode(encoding=\"utf-8\")\n        data = self.pad(data)\n        # 加密資料\n        return aes.encrypt(data)\n\n    # 解密\n",
  "slicing": [
   "        data = data.encode(encoding=\"utf-8\")\n",
   "        data = self.pad(data)\n",
   "        return aes.encrypt(data)\n",
   "        data = str(aes.decrypt(data), encoding='utf-8', errors=\"ignore\")\n",
   "        return data\n"
  ]
 },
 "51": {
  "name": "data",
  "type": "bytes",
  "class": "build-in",
  "approach": "Pysonar2",
  "file_path": "chaos_mod_server/mods/AESmod.py",
  "lineno": "30",
  "column": "8",
  "context": "     data = data.encode(encoding=\"utf-8\")\n        data = self.pad(data)\n        # 加密資料\n        return aes.encrypt(data)\n\n ",
  "context_lines": "        key = hashlib.sha256(key.encode('utf-8')).digest()\n        aes = AES.new(self.pad_key(key), AES.MODE_ECB)\n        # 處理資料\n        data = data.encode(encoding=\"utf-8\")\n        data = self.pad(data)\n        # 加密資料\n        return aes.encrypt(data)\n\n    # 解密\n    def decrypt(self, data, key):\n",
  "slicing": [
   "        data = self.pad(data)\n",
   "        return aes.encrypt(data)\n",
   "        data = str(aes.decrypt(data), encoding='utf-8', errors=\"ignore\")\n",
   "        return data\n"
  ]
 },
 "52": {
  "name": "key",
  "type": "str",
  "class": "build-in",
  "approach": "annotation",
  "file_path": "chaos_mod_server/mods/AESmod.py",
  "lineno": "37",
  "column": "8",
  "context": " decrypt(self, data, key):\n        # 處理密鑰\n        key = str(key)\n        key = hashlib.sha256(key.encode('utf-8')).",
  "context_lines": "        return aes.encrypt(data)\n\n    # 解密\n    def decrypt(self, data, key):\n        # 處理密鑰\n        key = str(key)\n        key = hashlib.sha256(key.encode('utf-8')).digest()\n        aes = AES.new(self.pad_key(key), AES.MODE_ECB)\n        # 解密資料\n        data = str(aes.decrypt(data), encoding='utf-8', errors=\"ignore\")\n",
  "slicing": [
   "        key = str(key)\n",
   "        key = hashlib.sha256(key.encode('utf-8')).digest()\n",
   "        aes = AES.new(self.pad_key(key), AES.MODE_ECB)\n",
   "        data = str(aes.decrypt(data), encoding='utf-8', errors=\"ignore\")\n",
   "        return data\n"
  ]
 },
 "53": {
  "name": "key",
  "type": "UNKNOWN",
  "class": "unknown",
  "approach": "Pysonar2",
  "file_path": "chaos_mod_server/mods/AESmod.py",
  "lineno": "38",
  "column": "8",
  "context": "y):\n        # 處理密鑰\n        key = str(key)\n        key = hashlib.sha256(key.encode('utf-8')).digest()\n        aes = AES.new(self.pad_key(key), AES.MODE_",
  "context_lines": "    # 解密\n    def decrypt(self, data, key):\n        # 處理密鑰\n        key = str(key)\n        key = hashlib.sha256(key.encode('utf-8')).digest()\n        aes = AES.new(self.pad_key(key), AES.MODE_ECB)\n        # 解密資料\n        data = str(aes.decrypt(data), encoding='utf-8', errors=\"ignore\")\n        # 將資料轉回utf8\n",
  "slicing": [
   "        key = hashlib.sha256(key.encode('utf-8')).digest()\n",
   "        aes = AES.new(self.pad_key(key), AES.MODE_ECB)\n",
   "        data = str(aes.decrypt(data), encoding='utf-8', errors=\"ignore\")\n",
   "        return data\n"
  ]
 },
 "54": {
  "name": "aes",
  "type": "UNKNOWN",
  "class": "unknown",
  "approach": "Pysonar2",
  "file_path": "chaos_mod_server/mods/AESmod.py",
  "lineno": "39",
  "column": "8",
  "context": "hlib.sha256(key.encode('utf-8')).digest()\n        aes = AES.new(self.pad_key(key), AES.MODE_ECB)\n        # 解密資料\n        data = str(aes.decrypt(data",
  "context_lines": "    def decrypt(self, data, key):\n        # 處理密鑰\n        key = str(key)\n        key = hashlib.sha256(key.encode('utf-8')).digest()\n        aes = AES.new(self.pad_key(key), AES.MODE_ECB)\n        # 解密資料\n        data = str(aes.decrypt(data), encoding='utf-8', errors=\"ignore\")\n        # 將資料轉回utf8\n",
  "slicing": [
   "        aes = AES.new(self.pad_key(key), AES.MODE_ECB)\n",
   "        data = str(aes.decrypt(data), encoding='utf-8', errors=\"ignore\")\n",
   "        return data\n"
  ]
 },
 "55": {
  "name": "data",
  "type": "str",
  "class": "build-in",
  "approach": "annotation",
  "file_path": "chaos_mod_server/mods/AESmod.py",
  "lineno": "41",
  "column": "8",
  "context": "ad_key(key), AES.MODE_ECB)\n        # 解密資料\n        data = str(aes.decrypt(data), encoding='utf-8', errors=\"ignore\")\n        # 將資料轉回utf8\n        return data\n",
  "context_lines": "        key = str(key)\n        key = hashlib.sha256(key.encode('utf-8')).digest()\n        aes = AES.new(self.pad_key(key), AES.MODE_ECB)\n        # 解密資料\n        data = str(aes.decrypt(data), encoding='utf-8', errors=\"ignore\")\n        # 將資料轉回utf8\n",
  "slicing": [
   "        data = str(aes.decrypt(data), encoding='utf-8', errors=\"ignore\")\n",
   "        return data\n"
  ]
 },
 "56": {
  "name": "ax",
  "type": "list",
  "class": "build-in",
  "approach": "Pysonar2",
  "file_path": "chaos_mod_server/mods/HENMAP_chaos_model.py",
  "lineno": "36",
  "column": "8",
  "context": " def runModulation(self):\n\n        # 參數站存\n        ax = self.ax\n        dx = self.dx\n\n        # G值計算\n        self.",
  "context_lines": "        # print(\"hi\")\n        self.runModulation()\n\n    def runModulation(self):\n\n        # 參數站存\n        ax = self.ax\n        dx = self.dx\n\n        # G值計算\n        self.g.append(-(ax[0] / (ax[1] * ax[1])))\n        self.g.append(2 * ax[0] * dx[1] / (ax[1] * ax[1]))\n",
  "slicing": [
   "        ax = self.ax\n",
   "        self.g.append(-(ax[0] / (ax[1] * ax[1])))\n",
   "        self.g.append(2 * ax[0] * dx[1] / (ax[1] * ax[1]))\n",
   "        self.g.append(-0.1 * ax[0] / ax[2])\n",
   "        self.g.append(ax[0] * (1.76 - (dx[1] * dx[1]) / (ax[1] * ax[1]) + 0.1 * ax[0] * dx[2] / ax[2]) + dx[0])\n",
   "        self.h.append(ax[1] / ax[0])\n",
   "        self.h.append(-(ax[1] * dx[0]) / ax[0] + dx[1])\n",
   "        self.j.append(ax[2] / ax[1])\n",
   "        self.j.append(-(ax[2] * dx[1]) / ax[1] + dx[2])\n"
  ]
 },
 "57": {
  "name": "dx",
  "type": "list",
  "class": "build-in",
  "approach": "Pysonar2",
  "file_path": "chaos_mod_server/mods/HENMAP_chaos_model.py",
  "lineno": "37",
  "column": "8",
  "context": "lf):\n\n        # 參數站存\n        ax = self.ax\n        dx = self.dx\n\n        # G值計算\n        self.g.append(-(ax[0] / (a",
  "context_lines": "        self.runModulation()\n\n    def runModulation(self):\n\n        # 參數站存\n        ax = self.ax\n        dx = self.dx\n\n        # G值計算\n        self.g.append(-(ax[0] / (ax[1] * ax[1])))\n        self.g.append(2 * ax[0] * dx[1] / (ax[1] * ax[1]))\n",
  "slicing": [
   "        dx = self.dx\n",
   "        self.g.append(2 * ax[0] * dx[1] / (ax[1] * ax[1]))\n",
   "        self.g.append(ax[0] * (1.76 - (dx[1] * dx[1]) / (ax[1] * ax[1]) + 0.1 * ax[0] * dx[2] / ax[2]) + dx[0])\n",
   "        self.h.append(-(ax[1] * dx[0]) / ax[0] + dx[1])\n",
   "        self.j.append(-(ax[2] * dx[1]) / ax[1] + dx[2])\n"
  ]
 },
 "58": {
  "name": "t",
  "type": "list",
  "class": "build-in",
  "approach": "annotation",
  "file_path": "chaos_mod_server/mods/HENMAP_chaos_model.py",
  "lineno": "58",
  "column": "8",
  "context": " def runChaos(self, k, x):\n        # 參數站存\n        t = []\n        g = self.g\n        h = self.h\n        j = ",
  "context_lines": "        # debug\n        # print(self.g, self.h, self.j)\n\n    def runChaos(self, k, x):\n        # 參數站存\n        t = []\n        g = self.g\n        h = self.h\n        j = self.j\n        # 第一次先做 調變\n",
  "slicing": [
   "        t = []\n",
   "        t.append(round(g[0] * (x[1] * x[1]) + g[1] * x[1] + g[2] * x[2] + g[3], 6))\n",
   "        t.append(round(h[0] * x[0] + h[1], 6))\n",
   "        t.append(round(j[0] * x[1] + j[1], 6))\n",
   "        return t\n",
   "            t[0] = round(t[0] + self.createUs(y) + Um, 6)\n",
   "        return t\n"
  ]
 },
 "59": {
  "name": "g",
  "type": "list",
  "class": "build-in",
  "approach": "Pysonar2",
  "file_path": "chaos_mod_server/mods/HENMAP_chaos_model.py",
  "lineno": "59",
  "column": "8",
  "context": "elf, k, x):\n        # 參數站存\n        t = []\n        g = self.g\n        h = self.h\n        j = self.j\n        # 第一",
  "context_lines": "        # print(self.g, self.h, self.j)\n\n    def runChaos(self, k, x):\n        # 參數站存\n        t = []\n        g = self.g\n        h = self.h\n        j = self.j\n        # 第一次先做 調變\n        if k <= 1:\n",
  "slicing": [
   "        g = self.g\n",
   "        t.append(round(g[0] * (x[1] * x[1]) + g[1] * x[1] + g[2] * x[2] + g[3], 6))\n",
   "        Um = math.pow(x[1], 2) * g[0] + x[1] * g[1] + x[2] * g[2] + x[0] * c[0] * h[0] + x[1] * c[1] * j[0] - x[0] * A - x[1] * c[0] * A - x[2] * c[1] * A\n",
   "        return Um\n",
   "        Us = (-math.pow(y[1], 2) * g[0] - y[1] * g[1] - y[2] * g[2] - y[0] * c[0] * h[0] - y[1] * c[1] * j[0] + y[0] * A + y[1] * c[0] * A + y[2] * c[1] * A)\n",
   "        return Us\n",
   "        Um = round(Um, 4)\n",
   "        Us = round(Us, 4)\n",
   "        if (Us + Um) == 0:\n"
  ]
 },
 "60": {
  "name": "h",
  "type": "list",
  "class": "build-in",
  "approach": "Pysonar2",
  "file_path": "chaos_mod_server/mods/HENMAP_chaos_model.py",
  "lineno": "60",
  "column": "8",
  "context": " # 參數站存\n        t = []\n        g = self.g\n        h = self.h\n        j = self.j\n        # 第一次先做 調變\n        if k",
  "context_lines": "    def runChaos(self, k, x):\n        # 參數站存\n        t = []\n        g = self.g\n        h = self.h\n        j = self.j\n        # 第一次先做 調變\n        if k <= 1:\n            x[0] = self.ax[0] * x[0] + self.dx[0]\n",
  "slicing": [
   "        h = self.h\n",
   "        t.append(round(h[0] * x[0] + h[1], 6))\n",
   "        Um = math.pow(x[1], 2) * g[0] + x[1] * g[1] + x[2] * g[2] + x[0] * c[0] * h[0] + x[1] * c[1] * j[0] - x[0] * A - x[1] * c[0] * A - x[2] * c[1] * A\n",
   "        return Um\n",
   "        Us = (-math.pow(y[1], 2) * g[0] - y[1] * g[1] - y[2] * g[2] - y[0] * c[0] * h[0] - y[1] * c[1] * j[0] + y[0] * A + y[1] * c[0] * A + y[2] * c[1] * A)\n",
   "        return Us\n",
   "        Um = round(Um, 4)\n",
   "        Us = round(Us, 4)\n",
   "        if (Us + Um) == 0:\n"
  ]
 },
 "61": {
  "name": "j",
  "type": "list",
  "class": "build-in",
  "approach": "Pysonar2",
  "file_path": "chaos_mod_server/mods/HENMAP_chaos_model.py",
  "lineno": "61",
  "column": "8",
  "context": " []\n        g = self.g\n        h = self.h\n        j = self.j\n        # 第一次先做 調變\n        if k <= 1:\n            ",
  "context_lines": "        # 參數站存\n        t = []\n        g = self.g\n        h = self.h\n        j = self.j\n        # 第一次先做 調變\n        if k <= 1:\n            x[0] = self.ax[0] * x[0] + self.dx[0]\n            x[1] = self.ax[1] * x[1] + self.dx[1]\n",
  "slicing": [
   "        j = self.j\n",
   "        t.append(round(j[0] * x[1] + j[1], 6))\n",
   "        Um = math.pow(x[1], 2) * g[0] + x[1] * g[1] + x[2] * g[2] + x[0] * c[0] * h[0] + x[1] * c[1] * j[0] - x[0] * A - x[1] * c[0] * A - x[2] * c[1] * A\n",
   "        return Um\n",
   "        Us = (-math.pow(y[1], 2) * g[0] - y[1] * g[1] - y[2] * g[2] - y[0] * c[0] * h[0] - y[1] * c[1] * j[0] + y[0] * A + y[1] * c[0] * A + y[2] * c[1] * A)\n",
   "        return Us\n",
   "        Um = round(Um, 4)\n",
   "        Us = round(Us, 4)\n",
   "        if (Us + Um) == 0:\n"
  ]
 },
 "62": {
  "name": "t",
  "type": "list",
  "class": "build-in",
  "approach": "Pysonar2",
  "file_path": "chaos_mod_server/mods/HENMAP_chaos_model.py",
  "lineno": "80",
  "column": "8",
  "context": "從系統渾沌狀態\n    def runSlave(self, k, y, Um):\n        t = self.runChaos(k, y)\n        if (k > 1):\n            t[0] = round(t[0] ",
  "context_lines": "    def runMaster(self, k, x):\n        return self.runChaos(k, x)\n\n    # 跑從系統渾沌狀態\n    def runSlave(self, k, y, Um):\n        t = self.runChaos(k, y)\n        if (k > 1):\n            t[0] = round(t[0] + self.createUs(y) + Um, 6)\n        return t\n\n    # UK值\n",
  "slicing": [
   "        t = self.runChaos(k, y)\n",
   "            t[0] = round(t[0] + self.createUs(y) + Um, 6)\n",
   "        return t\n"
  ]
 },
 "63": {
  "name": "A",
  "type": "float",
  "class": "build-in",
  "approach": "Pysonar2",
  "file_path": "chaos_mod_server/mods/HENMAP_chaos_model.py",
  "lineno": "94",
  "column": "8",
  "context": ".Us\n\n    # UM值\n    def createUm(self, x):\n        A = self.A\n        c = self.c\n        g = self.g\n        h = ",
  "context_lines": "        self.Us = self.createUs(Y)\n        return self.Um + self.Us\n\n    # UM值\n    def createUm(self, x):\n        A = self.A\n        c = self.c\n        g = self.g\n        h = self.h\n        j = self.j\n\n",
  "slicing": [
   "        A = self.A\n",
   "        Um = math.pow(x[1], 2) * g[0] + x[1] * g[1] + x[2] * g[2] + x[0] * c[0] * h[0] + x[1] * c[1] * j[0] - x[0] * A - x[1] * c[0] * A - x[2] * c[1] * A\n",
   "        return Um\n",
   "        Us = (-math.pow(y[1], 2) * g[0] - y[1] * g[1] - y[2] * g[2] - y[0] * c[0] * h[0] - y[1] * c[1] * j[0] + y[0] * A + y[1] * c[0] * A + y[2] * c[1] * A)\n",
   "        return Us\n",
   "        Um = round(Um, 4)\n",
   "        Us = round(Us, 4)\n",
   "        if (Us + Um) == 0:\n"
  ]
 },
 "64": {
  "name": "c",
  "type": "list",
  "class": "build-in",
  "approach": "Pysonar2",
  "file_path": "chaos_mod_server/mods/HENMAP_chaos_model.py",
  "lineno": "95",
  "column": "8",
  "context": "def createUm(self, x):\n        A = self.A\n        c = self.c\n        g = self.g\n        h = self.h\n        j = ",
  "context_lines": "        return self.Um + self.Us\n\n    # UM值\n    def createUm(self, x):\n        A = self.A\n        c = self.c\n        g = self.g\n        h = self.h\n        j = self.j\n\n        Um = math.pow(x[1], 2) * g[0] + x[1] * g[1] + x[2] * g[2] + x[0] * c[0] * h[0] + x[1] * c[1] * j[0] - x[0] * A - x[1] * c[0] * A - x[2] * c[1] * A\n",
  "slicing": [
   "        c = self.c\n",
   "        Um = math.pow(x[1], 2) * g[0] + x[1] * g[1] + x[2] * g[2] + x[0] * c[0] * h[0] + x[1] * c[1] * j[0] - x[0] * A - x[1] * c[0] * A - x[2] * c[1] * A\n",
   "        return Um\n",
   "        Us = (-math.pow(y[1], 2) * g[0] - y[1] * g[1] - y[2] * g[2] - y[0] * c[0] * h[0] - y[1] * c[1] * j[0] + y[0] * A + y[1] * c[0] * A + y[2] * c[1] * A)\n",
   "        return Us\n",
   "        Um = round(Um, 4)\n",
   "        Us = round(Us, 4)\n",
   "        if (Us + Um) == 0:\n"
  ]
 },
 "65": {
  "name": "g",
  "type": "list",
  "class": "build-in",
  "approach": "Pysonar2",
  "file_path": "chaos_mod_server/mods/HENMAP_chaos_model.py",
  "lineno": "96",
  "column": "8",
  "context": "x):\n        A = self.A\n        c = self.c\n        g = self.g\n        h = self.h\n        j = self.j\n\n        Um ",
  "context_lines": "    # UM值\n    def createUm(self, x):\n        A = self.A\n        c = self.c\n        g = self.g\n        h = self.h\n        j = self.j\n\n        Um = math.pow(x[1], 2) * g[0] + x[1] * g[1] + x[2] * g[2] + x[0] * c[0] * h[0] + x[1] * c[1] * j[0] - x[0] * A - x[1] * c[0] * A - x[2] * c[1] * A\n        return Um\n\n",
  "slicing": [
   "        g = self.g\n",
   "        Um = math.pow(x[1], 2) * g[0] + x[1] * g[1] + x[2] * g[2] + x[0] * c[0] * h[0] + x[1] * c[1] * j[0] - x[0] * A - x[1] * c[0] * A - x[2] * c[1] * A\n",
   "        return Um\n",
   "        Us = (-math.pow(y[1], 2) * g[0] - y[1] * g[1] - y[2] * g[2] - y[0] * c[0] * h[0] - y[1] * c[1] * j[0] + y[0] * A + y[1] * c[0] * A + y[2] * c[1] * A)\n",
   "        return Us\n",
   "        Um = round(Um, 4)\n",
   "        Us = round(Us, 4)\n",
   "        if (Us + Um) == 0:\n"
  ]
 },
 "66": {
  "name": "h",
  "type": "list",
  "class": "build-in",
  "approach": "Pysonar2",
  "file_path": "chaos_mod_server/mods/HENMAP_chaos_model.py",
  "lineno": "97",
  "column": "8",
  "context": "f.A\n        c = self.c\n        g = self.g\n        h = self.h\n        j = self.j\n\n        Um = math.pow(x[1], 2)",
  "context_lines": "    def createUm(self, x):\n        A = self.A\n        c = self.c\n        g = self.g\n        h = self.h\n        j = self.j\n\n        Um = math.pow(x[1], 2) * g[0] + x[1] * g[1] + x[2] * g[2] + x[0] * c[0] * h[0] + x[1] * c[1] * j[0] - x[0] * A - x[1] * c[0] * A - x[2] * c[1] * A\n        return Um\n\n    # US值\n",
  "slicing": [
   "        h = self.h\n",
   "        Um = math.pow(x[1], 2) * g[0] + x[1] * g[1] + x[2] * g[2] + x[0] * c[0] * h[0] + x[1] * c[1] * j[0] - x[0] * A - x[1] * c[0] * A - x[2] * c[1] * A\n",
   "        return Um\n",
   "        Us = (-math.pow(y[1], 2) * g[0] - y[1] * g[1] - y[2] * g[2] - y[0] * c[0] * h[0] - y[1] * c[1] * j[0] + y[0] * A + y[1] * c[0] * A + y[2] * c[1] * A)\n",
   "        return Us\n",
   "        Um = round(Um, 4)\n",
   "        Us = round(Us, 4)\n",
   "        if (Us + Um) == 0:\n"
  ]
 },
 "67": {
  "name": "j",
  "type": "list",
  "class": "build-in",
  "approach": "Pysonar2",
  "file_path": "chaos_mod_server/mods/HENMAP_chaos_model.py",
  "lineno": "98",
  "column": "8",
  "context": "f.c\n        g = self.g\n        h = self.h\n        j = self.j\n\n        Um = math.pow(x[1], 2) * g[0] + x[1] * g[",
  "context_lines": "        A = self.A\n        c = self.c\n        g = self.g\n        h = self.h\n        j = self.j\n\n        Um = math.pow(x[1], 2) * g[0] + x[1] * g[1] + x[2] * g[2] + x[0] * c[0] * h[0] + x[1] * c[1] * j[0] - x[0] * A - x[1] * c[0] * A - x[2] * c[1] * A\n        return Um\n\n    # US值\n",
  "slicing": [
   "        j = self.j\n",
   "        Um = math.pow(x[1], 2) * g[0] + x[1] * g[1] + x[2] * g[2] + x[0] * c[0] * h[0] + x[1] * c[1] * j[0] - x[0] * A - x[1] * c[0] * A - x[2] * c[1] * A\n",
   "        return Um\n",
   "        Us = (-math.pow(y[1], 2) * g[0] - y[1] * g[1] - y[2] * g[2] - y[0] * c[0] * h[0] - y[1] * c[1] * j[0] + y[0] * A + y[1] * c[0] * A + y[2] * c[1] * A)\n",
   "        return Us\n",
   "        Um = round(Um, 4)\n",
   "        Us = round(Us, 4)\n",
   "        if (Us + Um) == 0:\n"
  ]
 },
 "68": {
  "name": "Um",
  "type": "int",
  "class": "build-in",
  "approach": "Pysonar2",
  "file_path": "chaos_mod_server/mods/HENMAP_chaos_model.py",
  "lineno": "100",
  "column": "8",
  "context": ".g\n        h = self.h\n        j = self.j\n\n        Um = math.pow(x[1], 2) * g[0] + x[1] * g[1] + x[2] * g[2] + x[0] * c[0] * h[0] + x[1] * c[1] * j[0] - x[0] * A - x[1] * c[0] * A - x[2] * c[1] * A\n        return Um\n\n    # US值\n    def createUs(self",
  "context_lines": "        c = self.c\n        g = self.g\n        h = self.h\n        j = self.j\n\n        Um = math.pow(x[1], 2) * g[0] + x[1] * g[1] + x[2] * g[2] + x[0] * c[0] * h[0] + x[1] * c[1] * j[0] - x[0] * A - x[1] * c[0] * A - x[2] * c[1] * A\n        return Um\n\n    # US值\n    def createUs(self, y):\n        A = self.A\n",
  "slicing": [
   "        Um = math.pow(x[1], 2) * g[0] + x[1] * g[1] + x[2] * g[2] + x[0] * c[0] * h[0] + x[1] * c[1] * j[0] - x[0] * A - x[1] * c[0] * A - x[2] * c[1] * A\n",
   "        return Um\n",
   "        Um = round(Um, 4)\n",
   "        if (Us + Um) == 0:\n"
  ]
 },
 "69": {
  "name": "A",
  "type": "float",
  "class": "build-in",
  "approach": "Pysonar2",
  "file_path": "chaos_mod_server/mods/HENMAP_chaos_model.py",
  "lineno": "105",
  "column": "8",
  "context": " Um\n\n    # US值\n    def createUs(self, y):\n        A = self.A\n        c = self.c\n        g = self.g\n        h = ",
  "context_lines": "        Um = math.pow(x[1], 2) * g[0] + x[1] * g[1] + x[2] * g[2] + x[0] * c[0] * h[0] + x[1] * c[1] * j[0] - x[0] * A - x[1] * c[0] * A - x[2] * c[1] * A\n        return Um\n\n    # US值\n    def createUs(self, y):\n        A = self.A\n        c = self.c\n        g = self.g\n        h = self.h\n        j = self.j\n\n",
  "slicing": [
   "        A = self.A\n",
   "        Us = (-math.pow(y[1], 2) * g[0] - y[1] * g[1] - y[2] * g[2] - y[0] * c[0] * h[0] - y[1] * c[1] * j[0] + y[0] * A + y[1] * c[0] * A + y[2] * c[1] * A)\n",
   "        return Us\n",
   "        Us = round(Us, 4)\n",
   "        if (Us + Um) == 0:\n"
  ]
 },
 "70": {
  "name": "c",
  "type": "list",
  "class": "build-in",
  "approach": "Pysonar2",
  "file_path": "chaos_mod_server/mods/HENMAP_chaos_model.py",
  "lineno": "106",
  "column": "8",
  "context": "def createUs(self, y):\n        A = self.A\n        c = self.c\n        g = self.g\n        h = self.h\n        j = ",
  "context_lines": "        return Um\n\n    # US值\n    def createUs(self, y):\n        A = self.A\n        c = self.c\n        g = self.g\n        h = self.h\n        j = self.j\n\n        Us = (-math.pow(y[1], 2) * g[0] - y[1] * g[1] - y[2] * g[2] - y[0] * c[0] * h[0] - y[1] * c[1] * j[0] + y[0] * A + y[1] * c[0] * A + y[2] * c[1] * A)\n",
  "slicing": [
   "        c = self.c\n",
   "        Us = (-math.pow(y[1], 2) * g[0] - y[1] * g[1] - y[2] * g[2] - y[0] * c[0] * h[0] - y[1] * c[1] * j[0] + y[0] * A + y[1] * c[0] * A + y[2] * c[1] * A)\n",
   "        return Us\n",
   "        Us = round(Us, 4)\n",
   "        if (Us + Um) == 0:\n"
  ]
 },
 "71": {
  "name": "g",
  "type": "list",
  "class": "build-in",
  "approach": "Pysonar2",
  "file_path": "chaos_mod_server/mods/HENMAP_chaos_model.py",
  "lineno": "107",
  "column": "8",
  "context": "y):\n        A = self.A\n        c = self.c\n        g = self.g\n        h = self.h\n        j = self.j\n\n        Us ",
  "context_lines": "    # US值\n    def createUs(self, y):\n        A = self.A\n        c = self.c\n        g = self.g\n        h = self.h\n        j = self.j\n\n        Us = (-math.pow(y[1], 2) * g[0] - y[1] * g[1] - y[2] * g[2] - y[0] * c[0] * h[0] - y[1] * c[1] * j[0] + y[0] * A + y[1] * c[0] * A + y[2] * c[1] * A)\n        return Us\n\n",
  "slicing": [
   "        g = self.g\n",
   "        Us = (-math.pow(y[1], 2) * g[0] - y[1] * g[1] - y[2] * g[2] - y[0] * c[0] * h[0] - y[1] * c[1] * j[0] + y[0] * A + y[1] * c[0] * A + y[2] * c[1] * A)\n",
   "        return Us\n",
   "        Us = round(Us, 4)\n",
   "        if (Us + Um) == 0:\n"
  ]
 },
 "72": {
  "name": "h",
  "type": "list",
  "class": "build-in",
  "approach": "Pysonar2",
  "file_path": "chaos_mod_server/mods/HENMAP_chaos_model.py",
  "lineno": "108",
  "column": "8",
  "context": "f.A\n        c = self.c\n        g = self.g\n        h = self.h\n        j = self.j\n\n        Us = (-math.pow(y[1], ",
  "context_lines": "    def createUs(self, y):\n        A = self.A\n        c = self.c\n        g = self.g\n        h = self.h\n        j = self.j\n\n        Us = (-math.pow(y[1], 2) * g[0] - y[1] * g[1] - y[2] * g[2] - y[0] * c[0] * h[0] - y[1] * c[1] * j[0] + y[0] * A + y[1] * c[0] * A + y[2] * c[1] * A)\n        return Us\n\n    # 觀看有沒有同步\n",
  "slicing": [
   "        h = self.h\n",
   "        Us = (-math.pow(y[1], 2) * g[0] - y[1] * g[1] - y[2] * g[2] - y[0] * c[0] * h[0] - y[1] * c[1] * j[0] + y[0] * A + y[1] * c[0] * A + y[2] * c[1] * A)\n",
   "        return Us\n",
   "        Us = round(Us, 4)\n",
   "        if (Us + Um) == 0:\n"
  ]
 },
 "73": {
  "name": "j",
  "type": "list",
  "class": "build-in",
  "approach": "Pysonar2",
  "file_path": "chaos_mod_server/mods/HENMAP_chaos_model.py",
  "lineno": "109",
  "column": "8",
  "context": "f.c\n        g = self.g\n        h = self.h\n        j = self.j\n\n        Us = (-math.pow(y[1], 2) * g[0] - y[1] * ",
  "context_lines": "        A = self.A\n        c = self.c\n        g = self.g\n        h = self.h\n        j = self.j\n\n        Us = (-math.pow(y[1], 2) * g[0] - y[1] * g[1] - y[2] * g[2] - y[0] * c[0] * h[0] - y[1] * c[1] * j[0] + y[0] * A + y[1] * c[0] * A + y[2] * c[1] * A)\n        return Us\n\n    # 觀看有沒有同步\n",
  "slicing": [
   "        j = self.j\n",
   "        Us = (-math.pow(y[1], 2) * g[0] - y[1] * g[1] - y[2] * g[2] - y[0] * c[0] * h[0] - y[1] * c[1] * j[0] + y[0] * A + y[1] * c[0] * A + y[2] * c[1] * A)\n",
   "        return Us\n",
   "        Us = round(Us, 4)\n",
   "        if (Us + Um) == 0:\n"
  ]
 },
 "74": {
  "name": "Us",
  "type": "int",
  "class": "build-in",
  "approach": "Pysonar2",
  "file_path": "chaos_mod_server/mods/HENMAP_chaos_model.py",
  "lineno": "111",
  "column": "8",
  "context": ".g\n        h = self.h\n        j = self.j\n\n        Us = (-math.pow(y[1], 2) * g[0] - y[1] * g[1] - y[2] * g[2] - y[0] * c[0] * h[0] - y[1] * c[1] * j[0] + y[0] * A + y[1] * c[0] * A + y[2] * c[1] * A)\n        return Us\n\n    # 觀看有沒有同步\n    def checkSync",
  "context_lines": "        c = self.c\n        g = self.g\n        h = self.h\n        j = self.j\n\n        Us = (-math.pow(y[1], 2) * g[0] - y[1] * g[1] - y[2] * g[2] - y[0] * c[0] * h[0] - y[1] * c[1] * j[0] + y[0] * A + y[1] * c[0] * A + y[2] * c[1] * A)\n        return Us\n\n    # 觀看有沒有同步\n    def checkSync(self, Us, Um):\n        Um = round(Um, 4)\n",
  "slicing": [
   "        Us = (-math.pow(y[1], 2) * g[0] - y[1] * g[1] - y[2] * g[2] - y[0] * c[0] * h[0] - y[1] * c[1] * j[0] + y[0] * A + y[1] * c[0] * A + y[2] * c[1] * A)\n",
   "        return Us\n",
   "        Us = round(Us, 4)\n",
   "        if (Us + Um) == 0:\n"
  ]
 },
 "75": {
  "name": "Um",
  "type": "UNKNOWN",
  "class": "unknown",
  "approach": "annotation",
  "file_path": "chaos_mod_server/mods/HENMAP_chaos_model.py",
  "lineno": "116",
  "column": "8",
  "context": " 觀看有沒有同步\n    def checkSync(self, Us, Um):\n        Um = round(Um, 4)\n        Us = round(Us, 4)\n\n        if (Us + Um) ==",
  "context_lines": "        Us = (-math.pow(y[1], 2) * g[0] - y[1] * g[1] - y[2] * g[2] - y[0] * c[0] * h[0] - y[1] * c[1] * j[0] + y[0] * A + y[1] * c[0] * A + y[2] * c[1] * A)\n        return Us\n\n    # 觀看有沒有同步\n    def checkSync(self, Us, Um):\n        Um = round(Um, 4)\n        Us = round(Us, 4)\n\n        if (Us + Um) == 0:\n            self.count += 1\n            if self.count >= 10:\n",
  "slicing": [
   "        Um = round(Um, 4)\n",
   "        if (Us + Um) == 0:\n"
  ]
 },
 "76": {
  "name": "Us",
  "type": "UNKNOWN",
  "class": "unknown",
  "approach": "annotation",
  "file_path": "chaos_mod_server/mods/HENMAP_chaos_model.py",
  "lineno": "117",
  "column": "8",
  "context": "(self, Us, Um):\n        Um = round(Um, 4)\n        Us = round(Us, 4)\n\n        if (Us + Um) == 0:\n            self.count",
  "context_lines": "        return Us\n\n    # 觀看有沒有同步\n    def checkSync(self, Us, Um):\n        Um = round(Um, 4)\n        Us = round(Us, 4)\n\n        if (Us + Um) == 0:\n            self.count += 1\n            if self.count >= 10:\n",
  "slicing": [
   "        Us = round(Us, 4)\n",
   "        if (Us + Um) == 0:\n"
  ]
 },
 "77": {
  "name": "data",
  "type": "str",
  "class": "build-in",
  "approach": "Pysonar2",
  "file_path": "chaos_mod_server/app.py",
  "lineno": "52",
  "column": "16",
  "context": "\"/AES_encrypt\", methods=['POST'])\ndef AES_encrypt(data=\"這是測試用的訊息\"):\n    # s = time.time()\n    # 初始化加密資料\n    temp_Um = ",
  "context_lines": "def encrypt():\n    temp_Um = Um\n    return (\"key: \" + str(X[0]) + \" Um:\" + str(temp_Um))\n\n\n@app.route(\"/AES_encrypt\", methods=['POST'])\ndef AES_encrypt(data=\"這是測試用的訊息\"):\n    # s = time.time()\n    # 初始化加密資料\n    temp_Um = copy.deepcopy(Um)\n    key = copy.deepcopy(X[0])\n",
  "slicing": "def AES_encrypt(data=\"這是測試用的訊息\"):\n"
 },
 "78": {
  "name": "times",
  "type": "int",
  "class": "build-in",
  "approach": "Pysonar2",
  "file_path": "chaos_mod_server/app.py",
  "lineno": "155",
  "column": "9",
  "context": "X[0], Um[0])\n        time.sleep(0.001)\n\n\ndef show(times=50):\n    # 測試寒士\n    time.sleep(.2)\n    x = 0\n    for i ",
  "context_lines": "        Um[0] = sys_chaos.createUm(X)\n        X = sys_chaos.runMaster(1, X)\n        # print(X[0], Um[0])\n        time.sleep(0.001)\n\n\ndef show(times=50):\n    # 測試寒士\n    time.sleep(.2)\n    x = 0\n    for i in range(times):\n",
  "slicing": "def show(times=50):\n"
 },
 "79": {
  "name": "text",
  "type": "UNKNOWN",
  "class": "unknown",
  "approach": "Pysonar2",
  "file_path": "chaos_mod_server/mods/AESmod.py",
  "lineno": "11",
  "column": "18",
  "context": "        pass\n\n    # 將資料補足16 bit\n    def pad(self, text):\n        while len(text) % 16 != 0:\n            tex",
  "context_lines": "class AEScharp():\n\n    def __init__(self):\n        pass\n\n    # 將資料補足16 bit\n    def pad(self, text):\n        while len(text) % 16 != 0:\n            text += b' '\n        return text\n\n    # 將key補足32 bit\n",
  "slicing": "    def pad(self, text):\n"
 },
 "80": {
  "name": "key",
  "type": "UNKNOWN",
  "class": "unknown",
  "approach": "Pysonar2",
  "file_path": "chaos_mod_server/mods/AESmod.py",
  "lineno": "17",
  "column": "22",
  "context": "rn text\n\n    # 將key補足32 bit\n    def pad_key(self, key):\n        while len(key) % 32 != 0:\n            key ",
  "context_lines": "        while len(text) % 16 != 0:\n            text += b' '\n        return text\n\n    # 將key補足32 bit\n    def pad_key(self, key):\n        while len(key) % 32 != 0:\n            key += b' '\n        return key\n\n    # 加密\n",
  "slicing": "    def pad_key(self, key):\n"
 },
 "81": {
  "name": "data",
  "type": "UNKNOWN",
  "class": "unknown",
  "approach": "Pysonar2",
  "file_path": "chaos_mod_server/mods/AESmod.py",
  "lineno": "23",
  "column": "22",
  "context": "       return key\n\n    # 加密\n    def encrypt(self, data, key):\n        # 處理密鑰\n        key = str(key)\n        key ",
  "context_lines": "        while len(key) % 32 != 0:\n            key += b' '\n        return key\n\n    # 加密\n    def encrypt(self, data, key):\n        # 處理密鑰\n        key = str(key)\n        key = hashlib.sha256(key.encode('utf-8')).digest()\n        aes = AES.new(self.pad_key(key), AES.MODE_ECB)\n",
  "slicing": "    def encrypt(self, data, key):\n"
 },
 "82": {
  "name": "key",
  "type": "UNKNOWN",
  "class": "unknown",
  "approach": "Pysonar2",
  "file_path": "chaos_mod_server/mods/AESmod.py",
  "lineno": "23",
  "column": "28",
  "context": " return key\n\n    # 加密\n    def encrypt(self, data, key):\n        # 處理密鑰\n        key = str(key)\n        key ",
  "context_lines": "        while len(key) % 32 != 0:\n            key += b' '\n        return key\n\n    # 加密\n    def encrypt(self, data, key):\n        # 處理密鑰\n        key = str(key)\n        key = hashlib.sha256(key.encode('utf-8')).digest()\n        aes = AES.new(self.pad_key(key), AES.MODE_ECB)\n",
  "slicing": "    def encrypt(self, data, key):\n"
 },
 "83": {
  "name": "data",
  "type": "UNKNOWN",
  "class": "unknown",
  "approach": "Pysonar2",
  "file_path": "chaos_mod_server/mods/AESmod.py",
  "lineno": "35",
  "column": "22",
  "context": "aes.encrypt(data)\n\n    # 解密\n    def decrypt(self, data, key):\n        # 處理密鑰\n        key = str(key)\n        key ",
  "context_lines": "        data = self.pad(data)\n        # 加密資料\n        return aes.encrypt(data)\n\n    # 解密\n    def decrypt(self, data, key):\n        # 處理密鑰\n        key = str(key)\n        key = hashlib.sha256(key.encode('utf-8')).digest()\n        aes = AES.new(self.pad_key(key), AES.MODE_ECB)\n",
  "slicing": "    def decrypt(self, data, key):\n"
 },
 "84": {
  "name": "key",
  "type": "UNKNOWN",
  "class": "unknown",
  "approach": "Pysonar2",
  "file_path": "chaos_mod_server/mods/AESmod.py",
  "lineno": "35",
  "column": "28",
  "context": "crypt(data)\n\n    # 解密\n    def decrypt(self, data, key):\n        # 處理密鑰\n        key = str(key)\n        key ",
  "context_lines": "        data = self.pad(data)\n        # 加密資料\n        return aes.encrypt(data)\n\n    # 解密\n    def decrypt(self, data, key):\n        # 處理密鑰\n        key = str(key)\n        key = hashlib.sha256(key.encode('utf-8')).digest()\n        aes = AES.new(self.pad_key(key), AES.MODE_ECB)\n",
  "slicing": "    def decrypt(self, data, key):\n"
 },
 "85": {
  "name": "A",
  "type": "float",
  "class": "build-in",
  "approach": "Pysonar2",
  "file_path": "chaos_mod_server/mods/HENMAP_chaos_model.py",
  "lineno": "6",
  "column": "23",
  "context": "ort math\n\n\nclass Chaos():\n\n    def __init__(self, A=0.00001, c=[-0.0001, 0.0001]):\n\n        # 初始化變數type設定 全部都是 list\n        self.ax =",
  "context_lines": "import math\n\n\nclass Chaos():\n\n    def __init__(self, A=0.00001, c=[-0.0001, 0.0001]):\n\n        # 初始化變數type設定 全部都是 list\n        self.ax = [1, 1, 1]\n        self.dx = [0, 0, 0]\n",
  "slicing": "    def __init__(self, A=0.00001, c=[-0.0001, 0.0001]):\n"
 },
 "86": {
  "name": "c",
  "type": "list",
  "class": "build-in",
  "approach": "Pysonar2",
  "file_path": "chaos_mod_server/mods/HENMAP_chaos_model.py",
  "lineno": "6",
  "column": "34",
  "context": "class Chaos():\n\n    def __init__(self, A=0.00001, c=[-0.0001, 0.0001]):\n\n        # 初始化變數type設定 全部都是 list\n        self.ax =",
  "context_lines": "import math\n\n\nclass Chaos():\n\n    def __init__(self, A=0.00001, c=[-0.0001, 0.0001]):\n\n        # 初始化變數type設定 全部都是 list\n        self.ax = [1, 1, 1]\n        self.dx = [0, 0, 0]\n",
  "slicing": "    def __init__(self, A=0.00001, c=[-0.0001, 0.0001]):\n"
 },
 "87": {
  "name": "ax",
  "type": "UNKNOWN",
  "class": "unknown",
  "approach": "Pysonar2",
  "file_path": "chaos_mod_server/mods/HENMAP_chaos_model.py",
  "lineno": "20",
  "column": "28",
  "context": "self.runModulation()\n\n    def setModulation(self, ax, dx):\n\n        # 設定 調變參數\n        self.ax = ax\n        se",
  "context_lines": "        # 初始化 值\n        self.A = A\n        self.c = c\n        self.runModulation()\n\n    def setModulation(self, ax, dx):\n\n        # 設定 調變參數\n        self.ax = ax\n        self.dx = dx\n",
  "slicing": "    def setModulation(self, ax, dx):\n"
 },
 "88": {
  "name": "dx",
  "type": "UNKNOWN",
  "class": "unknown",
  "approach": "Pysonar2",
  "file_path": "chaos_mod_server/mods/HENMAP_chaos_model.py",
  "lineno": "20",
  "column": "32",
  "context": ".runModulation()\n\n    def setModulation(self, ax, dx):\n\n        # 設定 調變參數\n        self.ax = ax\n        se",
  "context_lines": "        # 初始化 值\n        self.A = A\n        self.c = c\n        self.runModulation()\n\n    def setModulation(self, ax, dx):\n\n        # 設定 調變參數\n        self.ax = ax\n        self.dx = dx\n",
  "slicing": "    def setModulation(self, ax, dx):\n"
 },
 "89": {
  "name": "k",
  "type": "UNKNOWN",
  "class": "unknown",
  "approach": "Pysonar2",
  "file_path": "chaos_mod_server/mods/HENMAP_chaos_model.py",
  "lineno": "56",
  "column": "23",
  "context": "t(self.g, self.h, self.j)\n\n    def runChaos(self, k, x):\n        # 參數站存\n        t = []\n        g = self.g\n ",
  "context_lines": "        self.j.append(ax[2] / ax[1])\n        self.j.append(-(ax[2] * dx[1]) / ax[1] + dx[2])\n\n        # debug\n        # print(self.g, self.h, self.j)\n\n    def runChaos(self, k, x):\n        # 參數站存\n        t = []\n        g = self.g\n        h = self.h\n",
  "slicing": "    def runChaos(self, k, x):\n"
 },
 "90": {
  "name": "x",
  "type": "UNKNOWN",
  "class": "unknown",
  "approach": "Pysonar2",
  "file_path": "chaos_mod_server/mods/HENMAP_chaos_model.py",
  "lineno": "56",
  "column": "26",
  "context": "elf.g, self.h, self.j)\n\n    def runChaos(self, k, x):\n        # 參數站存\n        t = []\n        g = self.g\n ",
  "context_lines": "        self.j.append(ax[2] / ax[1])\n        self.j.append(-(ax[2] * dx[1]) / ax[1] + dx[2])\n\n        # debug\n        # print(self.g, self.h, self.j)\n\n    def runChaos(self, k, x):\n        # 參數站存\n        t = []\n        g = self.g\n        h = self.h\n",
  "slicing": "    def runChaos(self, k, x):\n"
 },
 "91": {
  "name": "k",
  "type": "UNKNOWN",
  "class": "unknown",
  "approach": "Pysonar2",
  "file_path": "chaos_mod_server/mods/HENMAP_chaos_model.py",
  "lineno": "75",
  "column": "24",
  "context": " return t\n\n    # 跑主系統渾沌狀態\n    def runMaster(self, k, x):\n        return self.runChaos(k, x)\n\n    # 跑從系統渾沌狀態",
  "context_lines": "        t.append(round(h[0] * x[0] + h[1], 6))\n        t.append(round(j[0] * x[1] + j[1], 6))\n\n        return t\n\n    # 跑主系統渾沌狀態\n    def runMaster(self, k, x):\n        return self.runChaos(k, x)\n\n    # 跑從系統渾沌狀態\n    def runSlave(self, k, y, Um):\n        t = self.runChaos(k, y)\n",
  "slicing": "    def runMaster(self, k, x):\n"
 },
 "92": {
  "name": "x",
  "type": "UNKNOWN",
  "class": "unknown",
  "approach": "Pysonar2",
  "file_path": "chaos_mod_server/mods/HENMAP_chaos_model.py",
  "lineno": "75",
  "column": "27",
  "context": "turn t\n\n    # 跑主系統渾沌狀態\n    def runMaster(self, k, x):\n        return self.runChaos(k, x)\n\n    # 跑從系統渾沌狀態",
  "context_lines": "        t.append(round(h[0] * x[0] + h[1], 6))\n        t.append(round(j[0] * x[1] + j[1], 6))\n\n        return t\n\n    # 跑主系統渾沌狀態\n    def runMaster(self, k, x):\n        return self.runChaos(k, x)\n\n    # 跑從系統渾沌狀態\n    def runSlave(self, k, y, Um):\n        t = self.runChaos(k, y)\n",
  "slicing": "    def runMaster(self, k, x):\n"
 },
 "93": {
  "name": "k",
  "type": "UNKNOWN",
  "class": "unknown",
  "approach": "Pysonar2",
  "file_path": "chaos_mod_server/mods/HENMAP_chaos_model.py",
  "lineno": "79",
  "column": "23",
  "context": "haos(k, x)\n\n    # 跑從系統渾沌狀態\n    def runSlave(self, k, y, Um):\n        t = self.runChaos(k, y)\n        if (k > 1)",
  "context_lines": "    # 跑主系統渾沌狀態\n    def runMaster(self, k, x):\n        return self.runChaos(k, x)\n\n    # 跑從系統渾沌狀態\n    def runSlave(self, k, y, Um):\n        t = self.runChaos(k, y)\n        if (k > 1):\n            t[0] = round(t[0] + self.createUs(y) + Um, 6)\n        return t\n\n",
  "slicing": "    def runSlave(self, k, y, Um):\n"
 },
 "94": {
  "name": "y",
  "type": "UNKNOWN",
  "class": "unknown",
  "approach": "Pysonar2",
  "file_path": "chaos_mod_server/mods/HENMAP_chaos_model.py",
  "lineno": "79",
  "column": "26",
  "context": "s(k, x)\n\n    # 跑從系統渾沌狀態\n    def runSlave(self, k, y, Um):\n        t = self.runChaos(k, y)\n        if (k > 1)",
  "context_lines": "    # 跑主系統渾沌狀態\n    def runMaster(self, k, x):\n        return self.runChaos(k, x)\n\n    # 跑從系統渾沌狀態\n    def runSlave(self, k, y, Um):\n        t = self.runChaos(k, y)\n        if (k > 1):\n            t[0] = round(t[0] + self.createUs(y) + Um, 6)\n        return t\n\n",
  "slicing": "    def runSlave(self, k, y, Um):\n"
 },
 "95": {
  "name": "Um",
  "type": "UNKNOWN",
  "class": "unknown",
  "approach": "Pysonar2",
  "file_path": "chaos_mod_server/mods/HENMAP_chaos_model.py",
  "lineno": "79",
  "column": "29",
  "context": ", x)\n\n    # 跑從系統渾沌狀態\n    def runSlave(self, k, y, Um):\n        t = self.runChaos(k, y)\n        if (k > 1)",
  "context_lines": "    # 跑主系統渾沌狀態\n    def runMaster(self, k, x):\n        return self.runChaos(k, x)\n\n    # 跑從系統渾沌狀態\n    def runSlave(self, k, y, Um):\n        t = self.runChaos(k, y)\n        if (k > 1):\n            t[0] = round(t[0] + self.createUs(y) + Um, 6)\n        return t\n\n",
  "slicing": "    def runSlave(self, k, y, Um):\n"
 },
 "96": {
  "name": "X",
  "type": "UNKNOWN",
  "class": "unknown",
  "approach": "Pysonar2",
  "file_path": "chaos_mod_server/mods/HENMAP_chaos_model.py",
  "lineno": "86",
  "column": "23",
  "context": "       return t\n\n    # UK值\n    def createUk(self, X, Y):\n\n        self.Um = self.createUm(X)\n        self.U",
  "context_lines": "        if (k > 1):\n            t[0] = round(t[0] + self.createUs(y) + Um, 6)\n        return t\n\n    # UK值\n    def createUk(self, X, Y):\n\n        self.Um = self.createUm(X)\n        self.Us = self.createUs(Y)\n        return self.Um + self.Us\n\n",
  "slicing": "    def createUk(self, X, Y):\n"
 },
 "97": {
  "name": "Y",
  "type": "UNKNOWN",
  "class": "unknown",
  "approach": "Pysonar2",
  "file_path": "chaos_mod_server/mods/HENMAP_chaos_model.py",
  "lineno": "86",
  "column": "26",
  "context": "    return t\n\n    # UK值\n    def createUk(self, X, Y):\n\n        self.Um = self.createUm(X)\n        self.U",
  "context_lines": "        if (k > 1):\n            t[0] = round(t[0] + self.createUs(y) + Um, 6)\n        return t\n\n    # UK值\n    def createUk(self, X, Y):\n\n        self.Um = self.createUm(X)\n        self.Us = self.createUs(Y)\n        return self.Um + self.Us\n\n",
  "slicing": "    def createUk(self, X, Y):\n"
 },
 "98": {
  "name": "x",
  "type": "UNKNOWN",
  "class": "unknown",
  "approach": "Pysonar2",
  "file_path": "chaos_mod_server/mods/HENMAP_chaos_model.py",
  "lineno": "93",
  "column": "23",
  "context": "lf.Um + self.Us\n\n    # UM值\n    def createUm(self, x):\n        A = self.A\n        c = self.c\n        g = ",
  "context_lines": "        self.Um = self.createUm(X)\n        self.Us = self.createUs(Y)\n        return self.Um + self.Us\n\n    # UM值\n    def createUm(self, x):\n        A = self.A\n        c = self.c\n        g = self.g\n        h = self.h\n",
  "slicing": "    def createUm(self, x):\n"
 },
 "99": {
  "name": "y",
  "type": "UNKNOWN",
  "class": "unknown",
  "approach": "Pysonar2",
  "file_path": "chaos_mod_server/mods/HENMAP_chaos_model.py",
  "lineno": "104",
  "column": "23",
  "context": "      return Um\n\n    # US值\n    def createUs(self, y):\n        A = self.A\n        c = self.c\n        g = ",
  "context_lines": "        j = self.j\n\n        Um = math.pow(x[1], 2) * g[0] + x[1] * g[1] + x[2] * g[2] + x[0] * c[0] * h[0] + x[1] * c[1] * j[0] - x[0] * A - x[1] * c[0] * A - x[2] * c[1] * A\n        return Um\n\n    # US值\n    def createUs(self, y):\n        A = self.A\n        c = self.c\n        g = self.g\n        h = self.h\n",
  "slicing": "    def createUs(self, y):\n"
 },
 "100": {
  "name": "Us",
  "type": "UNKNOWN",
  "class": "unknown",
  "approach": "Pysonar2",
  "file_path": "chaos_mod_server/mods/HENMAP_chaos_model.py",
  "lineno": "115",
  "column": "24",
  "context": " return Us\n\n    # 觀看有沒有同步\n    def checkSync(self, Us, Um):\n        Um = round(Um, 4)\n        Us = round(Us, 4",
  "context_lines": "        j = self.j\n\n        Us = (-math.pow(y[1], 2) * g[0] - y[1] * g[1] - y[2] * g[2] - y[0] * c[0] * h[0] - y[1] * c[1] * j[0] + y[0] * A + y[1] * c[0] * A + y[2] * c[1] * A)\n        return Us\n\n    # 觀看有沒有同步\n    def checkSync(self, Us, Um):\n        Um = round(Um, 4)\n        Us = round(Us, 4)\n\n        if (Us + Um) == 0:\n            self.count += 1\n",
  "slicing": "    def checkSync(self, Us, Um):\n"
 },
 "101": {
  "name": "Um",
  "type": "UNKNOWN",
  "class": "unknown",
  "approach": "Pysonar2",
  "file_path": "chaos_mod_server/mods/HENMAP_chaos_model.py",
  "lineno": "115",
  "column": "28",
  "context": "urn Us\n\n    # 觀看有沒有同步\n    def checkSync(self, Us, Um):\n        Um = round(Um, 4)\n        Us = round(Us, 4",
  "context_lines": "        j = self.j\n\n        Us = (-math.pow(y[1], 2) * g[0] - y[1] * g[1] - y[2] * g[2] - y[0] * c[0] * h[0] - y[1] * c[1] * j[0] + y[0] * A + y[1] * c[0] * A + y[2] * c[1] * A)\n        return Us\n\n    # 觀看有沒有同步\n    def checkSync(self, Us, Um):\n        Um = round(Um, 4)\n        Us = round(Us, 4)\n\n        if (Us + Um) == 0:\n            self.count += 1\n",
  "slicing": "    def checkSync(self, Us, Um):\n"
 }
}