{
 "1": {
  "name": "parent",
  "type": "UNKNOWN",
  "class": "unknown",
  "approach": "Pysonar2",
  "file_path": "create-aio-app/create_aio_app/main.py",
  "lineno": "13",
  "column": "0",
  "context": "eate_aio_app.utils.config import parse_arguments\n\nparent = Path(__file__).parent\n\necho = partial(click.echo, err=True)\n\n\ndef show_c",
  "context_lines": "from cookiecutter.exceptions import FailedHookException\nfrom cookiecutter.exceptions import OutputDirExistsException\nfrom cookiecutter.main import cookiecutter\n\nfrom create_aio_app.utils.config import parse_arguments\n\nparent = Path(__file__).parent\n\necho = partial(click.echo, err=True)\n\n\ndef show_commands(folder):\n    try:\n",
  "slicing": [
   "parent = Path(__file__).parent\n",
   "echo = partial(click.echo, err=True)\n",
   "        echo(f'{e}')\n",
   "        echo(click.style(\"\\nFailed to show commands\\n\", fg=\"red\",))\n",
   "    args = parse_arguments()\n",
   "    template_path = str(parent / \"template\")\n",
   "    kwargs = {}\n",
   "    if args.get(\"name\"):\n",
   "        kwargs = {\n",
   "                \"project_name\": args.get(\"name\"),\n",
   "                \"use_postgres\": \"n\" if args.get(\"without_postgres\") else \"y\",\n",
   "                \"use_redis\": \"y\" if args.get(\"redis\") else \"n\",\n",
   "                \"use_uvloop\": \"y\" if args.get(\"uvloop\") else \"n\",\n",
   "        result = cookiecutter(template_path, **kwargs)\n",
   "            echo(\n",
   "    folder = Path(result).name\n",
   "    echo(click.style(\"\\n\\nSuccessfully generated!\\n\", fg=\"bright_green\",))\n",
   "    echo(\"cd \" + click.style(f\"{folder}/\", fg=\"bright_blue\"))\n",
   "    show_commands(folder)\n"
  ]
 },
 "2": {
  "name": "echo",
  "type": "functools.partial",
  "class": "imported",
  "approach": "annotation",
  "file_path": "create-aio-app/create_aio_app/main.py",
  "lineno": "15",
  "column": "0",
  "context": " parse_arguments\n\nparent = Path(__file__).parent\n\necho = partial(click.echo, err=True)\n\n\ndef show_commands(folder):\n    try:\n        os.c",
  "context_lines": "from cookiecutter.exceptions import OutputDirExistsException\nfrom cookiecutter.main import cookiecutter\n\nfrom create_aio_app.utils.config import parse_arguments\n\nparent = Path(__file__).parent\n\necho = partial(click.echo, err=True)\n\n\ndef show_commands(folder):\n    try:\n        os.chdir(f\"{folder}/\")  # nosec\n",
  "slicing": [
   "echo = partial(click.echo, err=True)\n",
   "        echo(f'{e}')\n",
   "        echo(click.style(\"\\nFailed to show commands\\n\", fg=\"red\",))\n",
   "            echo(\n",
   "    echo(click.style(\"\\n\\nSuccessfully generated!\\n\", fg=\"bright_green\",))\n",
   "    echo(\"cd \" + click.style(f\"{folder}/\", fg=\"bright_blue\"))\n"
  ]
 },
 "3": {
  "name": "args",
  "type": "create_aio_app.utils.config.parse_arguments",
  "class": "imported",
  "approach": "annotation",
  "file_path": "create-aio-app/create_aio_app/main.py",
  "lineno": "28",
  "column": "4",
  "context": "o show commands\\n\", fg=\"red\",))\n\n\ndef main():\n    args = parse_arguments()\n    template_path = str(parent / \"template\")\n\n    ",
  "context_lines": "    except Exception as e:\n        echo(f'{e}')\n        echo(click.style(\"\\nFailed to show commands\\n\", fg=\"red\",))\n\n\ndef main():\n    args = parse_arguments()\n    template_path = str(parent / \"template\")\n\n    kwargs = {}\n\n    if args.get(\"name\"):\n        kwargs = {\n",
  "slicing": [
   "echo = partial(click.echo, err=True)\n",
   "        echo(f'{e}')\n",
   "        echo(click.style(\"\\nFailed to show commands\\n\", fg=\"red\",))\n",
   "    args = parse_arguments()\n",
   "    if args.get(\"name\"):\n",
   "                \"project_name\": args.get(\"name\"),\n",
   "                \"use_postgres\": \"n\" if args.get(\"without_postgres\") else \"y\",\n",
   "                \"use_redis\": \"y\" if args.get(\"redis\") else \"n\",\n",
   "                \"use_uvloop\": \"y\" if args.get(\"uvloop\") else \"n\",\n",
   "            echo(\n",
   "    echo(click.style(\"\\n\\nSuccessfully generated!\\n\", fg=\"bright_green\",))\n",
   "    echo(\"cd \" + click.style(f\"{folder}/\", fg=\"bright_blue\"))\n"
  ]
 },
 "4": {
  "name": "template_path",
  "type": "str",
  "class": "build-in",
  "approach": "annotation",
  "file_path": "create-aio-app/create_aio_app/main.py",
  "lineno": "29",
  "column": "4",
  "context": "))\n\n\ndef main():\n    args = parse_arguments()\n    template_path = str(parent / \"template\")\n\n    kwargs = {}\n\n    if args.get(\"name\"):\n       ",
  "context_lines": "        echo(f'{e}')\n        echo(click.style(\"\\nFailed to show commands\\n\", fg=\"red\",))\n\n\ndef main():\n    args = parse_arguments()\n    template_path = str(parent / \"template\")\n\n    kwargs = {}\n\n    if args.get(\"name\"):\n        kwargs = {\n",
  "slicing": [
   "parent = Path(__file__).parent\n",
   "echo = partial(click.echo, err=True)\n",
   "        echo(f'{e}')\n",
   "        echo(click.style(\"\\nFailed to show commands\\n\", fg=\"red\",))\n",
   "    args = parse_arguments()\n",
   "    template_path = str(parent / \"template\")\n",
   "    kwargs = {}\n",
   "    if args.get(\"name\"):\n",
   "        kwargs = {\n",
   "                \"project_name\": args.get(\"name\"),\n",
   "                \"use_postgres\": \"n\" if args.get(\"without_postgres\") else \"y\",\n",
   "                \"use_redis\": \"y\" if args.get(\"redis\") else \"n\",\n",
   "                \"use_uvloop\": \"y\" if args.get(\"uvloop\") else \"n\",\n",
   "        result = cookiecutter(template_path, **kwargs)\n",
   "            echo(\n",
   "    folder = Path(result).name\n",
   "    echo(click.style(\"\\n\\nSuccessfully generated!\\n\", fg=\"bright_green\",))\n",
   "    echo(\"cd \" + click.style(f\"{folder}/\", fg=\"bright_blue\"))\n",
   "    show_commands(folder)\n"
  ]
 },
 "5": {
  "name": "kwargs",
  "type": "dict",
  "class": "build-in",
  "approach": "annotation",
  "file_path": "create-aio-app/create_aio_app/main.py",
  "lineno": "31",
  "column": "4",
  "context": "    template_path = str(parent / \"template\")\n\n    kwargs = {}\n\n    if args.get(\"name\"):\n        kwargs = {\n     ",
  "context_lines": "        echo(click.style(\"\\nFailed to show commands\\n\", fg=\"red\",))\n\n\ndef main():\n    args = parse_arguments()\n    template_path = str(parent / \"template\")\n\n    kwargs = {}\n\n    if args.get(\"name\"):\n        kwargs = {\n            \"no_input\": True,\n",
  "slicing": [
   "parent = Path(__file__).parent\n",
   "echo = partial(click.echo, err=True)\n",
   "        echo(f'{e}')\n",
   "        echo(click.style(\"\\nFailed to show commands\\n\", fg=\"red\",))\n",
   "    args = parse_arguments()\n",
   "    template_path = str(parent / \"template\")\n",
   "    kwargs = {}\n",
   "    if args.get(\"name\"):\n",
   "        kwargs = {\n",
   "                \"project_name\": args.get(\"name\"),\n",
   "                \"use_postgres\": \"n\" if args.get(\"without_postgres\") else \"y\",\n",
   "                \"use_redis\": \"y\" if args.get(\"redis\") else \"n\",\n",
   "                \"use_uvloop\": \"y\" if args.get(\"uvloop\") else \"n\",\n",
   "        result = cookiecutter(template_path, **kwargs)\n",
   "            echo(\n",
   "    folder = Path(result).name\n",
   "    echo(click.style(\"\\n\\nSuccessfully generated!\\n\", fg=\"bright_green\",))\n",
   "    echo(\"cd \" + click.style(f\"{folder}/\", fg=\"bright_blue\"))\n",
   "    show_commands(folder)\n"
  ]
 },
 "6": {
  "name": "kwargs",
  "type": "dict",
  "class": "build-in",
  "approach": "annotation",
  "file_path": "create-aio-app/create_aio_app/main.py",
  "lineno": "34",
  "column": "8",
  "context": "    kwargs = {}\n\n    if args.get(\"name\"):\n        kwargs = {\n            \"no_input\": True,\n            \"extra_c",
  "context_lines": "    args = parse_arguments()\n    template_path = str(parent / \"template\")\n\n    kwargs = {}\n\n    if args.get(\"name\"):\n        kwargs = {\n            \"no_input\": True,\n            \"extra_context\": {\n                \"project_name\": args.get(\"name\"),\n                \"use_postgres\": \"n\" if args.get(\"without_postgres\") else \"y\",\n",
  "slicing": [
   "parent = Path(__file__).parent\n",
   "echo = partial(click.echo, err=True)\n",
   "        echo(f'{e}')\n",
   "        echo(click.style(\"\\nFailed to show commands\\n\", fg=\"red\",))\n",
   "    args = parse_arguments()\n",
   "    template_path = str(parent / \"template\")\n",
   "    kwargs = {}\n",
   "    if args.get(\"name\"):\n",
   "        kwargs = {\n",
   "                \"project_name\": args.get(\"name\"),\n",
   "                \"use_postgres\": \"n\" if args.get(\"without_postgres\") else \"y\",\n",
   "                \"use_redis\": \"y\" if args.get(\"redis\") else \"n\",\n",
   "                \"use_uvloop\": \"y\" if args.get(\"uvloop\") else \"n\",\n",
   "        result = cookiecutter(template_path, **kwargs)\n",
   "            echo(\n",
   "    folder = Path(result).name\n",
   "    echo(click.style(\"\\n\\nSuccessfully generated!\\n\", fg=\"bright_green\",))\n",
   "    echo(\"cd \" + click.style(f\"{folder}/\", fg=\"bright_blue\"))\n",
   "    show_commands(folder)\n"
  ]
 },
 "7": {
  "name": "folder",
  "type": "UNKNOWN",
  "class": "unknown",
  "approach": "Pysonar2",
  "file_path": "create-aio-app/create_aio_app/main.py",
  "lineno": "54",
  "column": "4",
  "context": "!\\n\", fg=\"red\")\n            )\n        return\n\n    folder = Path(result).name\n\n    echo(click.style(\"\\n\\nSuccessfully generated!",
  "context_lines": "                click.style(\n                    \"\\n\\nDirectory with such name already exists!\\n\", fg=\"red\")\n            )\n        return\n\n    folder = Path(result).name\n\n    echo(click.style(\"\\n\\nSuccessfully generated!\\n\", fg=\"bright_green\",))\n    echo(\"cd \" + click.style(f\"{folder}/\", fg=\"bright_blue\"))\n",
  "slicing": [
   "parent = Path(__file__).parent\n",
   "echo = partial(click.echo, err=True)\n",
   "        echo(f'{e}')\n",
   "        echo(click.style(\"\\nFailed to show commands\\n\", fg=\"red\",))\n",
   "    args = parse_arguments()\n",
   "    template_path = str(parent / \"template\")\n",
   "    kwargs = {}\n",
   "    if args.get(\"name\"):\n",
   "        kwargs = {\n",
   "                \"project_name\": args.get(\"name\"),\n",
   "                \"use_postgres\": \"n\" if args.get(\"without_postgres\") else \"y\",\n",
   "                \"use_redis\": \"y\" if args.get(\"redis\") else \"n\",\n",
   "                \"use_uvloop\": \"y\" if args.get(\"uvloop\") else \"n\",\n",
   "        result = cookiecutter(template_path, **kwargs)\n",
   "            echo(\n",
   "    folder = Path(result).name\n",
   "    echo(click.style(\"\\n\\nSuccessfully generated!\\n\", fg=\"bright_green\",))\n",
   "    echo(\"cd \" + click.style(f\"{folder}/\", fg=\"bright_blue\"))\n",
   "    show_commands(folder)\n"
  ]
 },
 "8": {
  "name": "result",
  "type": "cookiecutter.main.cookiecutter",
  "class": "imported",
  "approach": "annotation",
  "file_path": "create-aio-app/create_aio_app/main.py",
  "lineno": "45",
  "column": "8",
  "context": "e \"n\",\n            },\n        }\n\n    try:\n        result = cookiecutter(template_path, **kwargs)\n    except (FailedHookException, OutputDirExistsEx",
  "context_lines": "                \"use_uvloop\": \"y\" if args.get(\"uvloop\") else \"n\",\n            },\n        }\n\n    try:\n        result = cookiecutter(template_path, **kwargs)\n    except (FailedHookException, OutputDirExistsException) as exc:\n        if isinstance(exc, OutputDirExistsException):\n            echo(\n                click.style(\n",
  "slicing": [
   "parent = Path(__file__).parent\n",
   "echo = partial(click.echo, err=True)\n",
   "        echo(f'{e}')\n",
   "        echo(click.style(\"\\nFailed to show commands\\n\", fg=\"red\",))\n",
   "    args = parse_arguments()\n",
   "    template_path = str(parent / \"template\")\n",
   "    kwargs = {}\n",
   "    if args.get(\"name\"):\n",
   "        kwargs = {\n",
   "                \"project_name\": args.get(\"name\"),\n",
   "                \"use_postgres\": \"n\" if args.get(\"without_postgres\") else \"y\",\n",
   "                \"use_redis\": \"y\" if args.get(\"redis\") else \"n\",\n",
   "                \"use_uvloop\": \"y\" if args.get(\"uvloop\") else \"n\",\n",
   "        result = cookiecutter(template_path, **kwargs)\n",
   "            echo(\n",
   "    folder = Path(result).name\n",
   "    echo(click.style(\"\\n\\nSuccessfully generated!\\n\", fg=\"bright_green\",))\n",
   "    echo(\"cd \" + click.style(f\"{folder}/\", fg=\"bright_blue\"))\n",
   "    show_commands(folder)\n"
  ]
 },
 "9": {
  "name": "__all__",
  "type": "list",
  "class": "build-in",
  "approach": "annotation",
  "file_path": "create-aio-app/create_aio_app/constants.py",
  "lineno": "3",
  "column": "0",
  "context": "import pathlib\n\n__all__ = [\n    'TEMPLATE_DIR',\n    'DATABASE_TEMPLATE_DIRS',\n",
  "context_lines": "import pathlib\n\n__all__ = [\n    'TEMPLATE_DIR',\n    'DATABASE_TEMPLATE_DIRS',\n    'DATABASE_TEMPLATE_FILES',\n    'WAIT_SCRIPT_FILE',\n",
  "slicing": "__all__ = [\n"
 },
 "10": {
  "name": "TEMPLATE_NAME",
  "type": "UNKNOWN",
  "class": "unknown",
  "approach": "Pysonar2",
  "file_path": "create-aio-app/create_aio_app/constants.py",
  "lineno": "11",
  "column": "0",
  "context": "BASE_TEMPLATE_FILES',\n    'WAIT_SCRIPT_FILE',\n]\n\n\nTEMPLATE_NAME = 'template_project'\nTEMPLATE_DIR = pathlib.Path(__file__).parent / TEM",
  "context_lines": "    'DATABASE_TEMPLATE_DIRS',\n    'DATABASE_TEMPLATE_FILES',\n    'WAIT_SCRIPT_FILE',\n]\n\n\nTEMPLATE_NAME = 'template_project'\nTEMPLATE_DIR = pathlib.Path(__file__).parent / TEMPLATE_NAME\nDATABASE_TEMPLATE_DIRS = ['users', 'migrations', ]\nDATABASE_TEMPLATE_FILES = ['alembic.ini', ]\n",
  "slicing": [
   "TEMPLATE_NAME = 'template_project'\n",
   "TEMPLATE_DIR = pathlib.Path(__file__).parent / TEMPLATE_NAME\n"
  ]
 },
 "11": {
  "name": "TEMPLATE_DIR",
  "type": "UNKNOWN",
  "class": "unknown",
  "approach": "Pysonar2",
  "file_path": "create-aio-app/create_aio_app/constants.py",
  "lineno": "12",
  "column": "0",
  "context": "IPT_FILE',\n]\n\n\nTEMPLATE_NAME = 'template_project'\nTEMPLATE_DIR = pathlib.Path(__file__).parent / TEMPLATE_NAME\nDATABASE_TEMPLATE_DIRS = ['users', 'migrations', ]",
  "context_lines": "    'DATABASE_TEMPLATE_FILES',\n    'WAIT_SCRIPT_FILE',\n]\n\n\nTEMPLATE_NAME = 'template_project'\nTEMPLATE_DIR = pathlib.Path(__file__).parent / TEMPLATE_NAME\nDATABASE_TEMPLATE_DIRS = ['users', 'migrations', ]\nDATABASE_TEMPLATE_FILES = ['alembic.ini', ]\n",
  "slicing": [
   "TEMPLATE_NAME = 'template_project'\n",
   "TEMPLATE_DIR = pathlib.Path(__file__).parent / TEMPLATE_NAME\n"
  ]
 },
 "12": {
  "name": "DATABASE_TEMPLATE_DIRS",
  "type": "list",
  "class": "build-in",
  "approach": "annotation",
  "file_path": "create-aio-app/create_aio_app/constants.py",
  "lineno": "13",
  "column": "0",
  "context": "R = pathlib.Path(__file__).parent / TEMPLATE_NAME\nDATABASE_TEMPLATE_DIRS = ['users', 'migrations', ]\nDATABASE_TEMPLATE_FILES = ['alembic.ini', ]\nWAIT_S",
  "context_lines": "    'WAIT_SCRIPT_FILE',\n]\n\n\nTEMPLATE_NAME = 'template_project'\nTEMPLATE_DIR = pathlib.Path(__file__).parent / TEMPLATE_NAME\nDATABASE_TEMPLATE_DIRS = ['users', 'migrations', ]\nDATABASE_TEMPLATE_FILES = ['alembic.ini', ]\n",
  "slicing": "DATABASE_TEMPLATE_DIRS = ['users', 'migrations', ]\n"
 },
 "13": {
  "name": "DATABASE_TEMPLATE_FILES",
  "type": "list",
  "class": "build-in",
  "approach": "annotation",
  "file_path": "create-aio-app/create_aio_app/constants.py",
  "lineno": "14",
  "column": "0",
  "context": "ATABASE_TEMPLATE_DIRS = ['users', 'migrations', ]\nDATABASE_TEMPLATE_FILES = ['alembic.ini', ]\nWAIT_SCRIPT_FILE = 'utils/wait_script.py'\n",
  "context_lines": "]\n\n\nTEMPLATE_NAME = 'template_project'\nTEMPLATE_DIR = pathlib.Path(__file__).parent / TEMPLATE_NAME\nDATABASE_TEMPLATE_DIRS = ['users', 'migrations', ]\nDATABASE_TEMPLATE_FILES = ['alembic.ini', ]\n",
  "slicing": "DATABASE_TEMPLATE_FILES = ['alembic.ini', ]\n"
 },
 "14": {
  "name": "WAIT_SCRIPT_FILE",
  "type": "UNKNOWN",
  "class": "unknown",
  "approach": "Pysonar2",
  "file_path": "create-aio-app/create_aio_app/constants.py",
  "lineno": "15",
  "column": "0",
  "context": "s', ]\nDATABASE_TEMPLATE_FILES = ['alembic.ini', ]\nWAIT_SCRIPT_FILE = 'utils/wait_script.py'\n",
  "context_lines": "TEMPLATE_NAME = 'template_project'\nTEMPLATE_DIR = pathlib.Path(__file__).parent / TEMPLATE_NAME\nDATABASE_TEMPLATE_DIRS = ['users', 'migrations', ]\nDATABASE_TEMPLATE_FILES = ['alembic.ini', ]\nWAIT_SCRIPT_FILE = 'utils/wait_script.py'\n",
  "slicing": "WAIT_SCRIPT_FILE = 'utils/wait_script.py'\n"
 },
 "15": {
  "name": "__version__",
  "type": "UNKNOWN",
  "class": "unknown",
  "approach": "Pysonar2",
  "file_path": "create-aio-app/create_aio_app/__init__.py",
  "lineno": "5",
  "column": "4",
  "context": "get_distribution, DistributionNotFound\n\n\ntry:\n    __version__ = get_distribution(__name__).version\nexcept DistributionNotFound:\n    __version__ = 'un",
  "context_lines": "from pkg_resources import get_distribution, DistributionNotFound\n\n\ntry:\n    __version__ = get_distribution(__name__).version\nexcept DistributionNotFound:\n",
  "slicing": [
   "    __version__ = get_distribution(__name__).version\n"
  ]
 },
 "16": {
  "name": "__version__",
  "type": "UNKNOWN",
  "class": "unknown",
  "approach": "Pysonar2",
  "file_path": "create-aio-app/create_aio_app/__init__.py",
  "lineno": "7",
  "column": "4",
  "context": "_name__).version\nexcept DistributionNotFound:\n    __version__ = 'unknown'\n",
  "context_lines": "from pkg_resources import get_distribution, DistributionNotFound\n\n\ntry:\n    __version__ = get_distribution(__name__).version\nexcept DistributionNotFound:\n    __version__ = 'unknown'\n",
  "slicing": "    __version__ = 'unknown'\n"
 },
 "17": {
  "name": "__all__",
  "type": "list",
  "class": "build-in",
  "approach": "annotation",
  "file_path": "create-aio-app/create_aio_app/utils/config.py",
  "lineno": "4",
  "column": "0",
  "context": "import argparse\nimport re\n\n__all__ = ['parse_arguments', ]\n\n\ndef name_type(name: str) -> str:\n    \"\"\"\n    The",
  "context_lines": "import argparse\nimport re\n\n__all__ = ['parse_arguments', ]\n\n\ndef name_type(name: str) -> str:\n    \"\"\"\n    The validator for the name argument.\n",
  "slicing": "__all__ = ['parse_arguments', ]\n"
 },
 "18": {
  "name": "parser",
  "type": "UNKNOWN",
  "class": "unknown",
  "approach": "Pysonar2",
  "file_path": "create-aio-app/create_aio_app/utils/config.py",
  "lineno": "24",
  "column": "4",
  "context": "e arguments and return config object.\n    \"\"\"\n    parser = argparse.ArgumentParser(\n        prog=\"create-aio-app\",\n        description",
  "context_lines": "def parse_arguments() -> dict:\n    \"\"\"\n    Parse console arguments and return config object.\n    \"\"\"\n    parser = argparse.ArgumentParser(\n        prog=\"create-aio-app\",\n        description=(\n            \"create-aio-app - a tool that helps quickly create a basis \"\n            \"for the microservice on aiohttp and prepare the development \"\n",
  "slicing": [
   "    parser = argparse.ArgumentParser(\n",
   "    parser.add_argument(\n",
   "    parser.add_argument(\n",
   "    parser.add_argument(\n",
   "    parser.add_argument(\n",
   "    return parser.parse_args().__dict__\n"
  ]
 },
 "19": {
  "name": "is_pypi_upload",
  "type": "bool",
  "class": "build-in",
  "approach": "Pysonar2",
  "file_path": "create-aio-app/create_aio_app/utils/versiontools.py",
  "lineno": "28",
  "column": "4",
  "context": " empty local version if uploading to PyPI.\"\"\"\n    is_pypi_upload = os.getenv('PYPI_UPLOAD') == 'true'\n    if is_pypi_upload:\n        return ''\n\n    impo",
  "context_lines": "    except LookupError:\n        return 'unknown'\n\n\ndef cut_local_version_on_upload(version):\n    \"\"\"Return empty local version if uploading to PyPI.\"\"\"\n    is_pypi_upload = os.getenv('PYPI_UPLOAD') == 'true'\n    if is_pypi_upload:\n        return ''\n\n    import setuptools_scm.version  # only available during setup time\n    return setuptools_scm.version.get_local_node_and_date(version)\n\n\n",
  "slicing": [
   "    is_pypi_upload = os.getenv('PYPI_UPLOAD') == 'true'\n",
   "    if is_pypi_upload:\n"
  ]
 },
 "20": {
  "name": "REGEXP",
  "type": "UNKNOWN",
  "class": "unknown",
  "approach": "Pysonar2",
  "file_path": "create-aio-app/create_aio_app/template/{{cookiecutter.project_name}}/setup.py",
  "lineno": "8",
  "column": "0",
  "context": "ist\n\nfrom setuptools import find_packages, setup\n\nREGEXP = re.compile(r\"^__version__\\W*=\\W*'([\\d.abrc]+)'\")\nPARENT = pathlib.Path(__file__).parent\n\n\ndef read_",
  "context_lines": "import re\nimport pathlib\nfrom typing import List\n\nfrom setuptools import find_packages, setup\n\nREGEXP = re.compile(r\"^__version__\\W*=\\W*'([\\d.abrc]+)'\")\nPARENT = pathlib.Path(__file__).parent\n\n\ndef read_version():\n    init_py = os.path.join(\n        os.path.dirname(__file__),\n",
  "slicing": [
   "REGEXP = re.compile(r\"^__version__\\W*=\\W*'([\\d.abrc]+)'\")\n",
   "    init_py = os.path.join(\n",
   "    with open(init_py) as f:\n",
   "        for line in f:\n",
   "            match = REGEXP.match(line)\n",
   "            if match is not None:\n",
   "                return match.group(1)\n",
   "            msg = f'Cannot find version in ${init_py}'\n",
   "            raise RuntimeError(msg)\n",
   "        return f.read().split('\\n')\n"
  ]
 },
 "21": {
  "name": "PARENT",
  "type": "UNKNOWN",
  "class": "unknown",
  "approach": "Pysonar2",
  "file_path": "create-aio-app/create_aio_app/template/{{cookiecutter.project_name}}/setup.py",
  "lineno": "9",
  "column": "0",
  "context": " re.compile(r\"^__version__\\W*=\\W*'([\\d.abrc]+)'\")\nPARENT = pathlib.Path(__file__).parent\n\n\ndef read_version():\n    init_py = os.path.join(\n",
  "context_lines": "import pathlib\nfrom typing import List\n\nfrom setuptools import find_packages, setup\n\nREGEXP = re.compile(r\"^__version__\\W*=\\W*'([\\d.abrc]+)'\")\nPARENT = pathlib.Path(__file__).parent\n\n\ndef read_version():\n    init_py = os.path.join(\n        os.path.dirname(__file__),\n",
  "slicing": [
   "REGEXP = re.compile(r\"^__version__\\W*=\\W*'([\\d.abrc]+)'\")\n",
   "PARENT = pathlib.Path(__file__).parent\n",
   "    init_py = os.path.join(\n",
   "    with open(init_py) as f:\n",
   "        for line in f:\n",
   "            match = REGEXP.match(line)\n",
   "            if match is not None:\n",
   "                return match.group(1)\n",
   "            msg = f'Cannot find version in ${init_py}'\n",
   "            raise RuntimeError(msg)\n",
   "    file_path = PARENT / path\n",
   "    with open(file_path) as f:\n",
   "        return f.read().split('\\n')\n"
  ]
 },
 "22": {
  "name": "init_py",
  "type": "str",
  "class": "build-in",
  "approach": "Pysonar2",
  "file_path": "create-aio-app/create_aio_app/template/{{cookiecutter.project_name}}/setup.py",
  "lineno": "13",
  "column": "4",
  "context": "b.Path(__file__).parent\n\n\ndef read_version():\n    init_py = os.path.join(\n        os.path.dirname(__file__),\n        '{{ coo",
  "context_lines": "from setuptools import find_packages, setup\n\nREGEXP = re.compile(r\"^__version__\\W*=\\W*'([\\d.abrc]+)'\")\nPARENT = pathlib.Path(__file__).parent\n\n\ndef read_version():\n    init_py = os.path.join(\n        os.path.dirname(__file__),\n        '{{ cookiecutter.project_name }}',\n        '__init__.py',\n    )\n\n",
  "slicing": [
   "REGEXP = re.compile(r\"^__version__\\W*=\\W*'([\\d.abrc]+)'\")\n",
   "    init_py = os.path.join(\n",
   "    with open(init_py) as f:\n",
   "        for line in f:\n",
   "            match = REGEXP.match(line)\n",
   "            if match is not None:\n",
   "                return match.group(1)\n",
   "            msg = f'Cannot find version in ${init_py}'\n",
   "            raise RuntimeError(msg)\n",
   "        return f.read().split('\\n')\n"
  ]
 },
 "23": {
  "name": "match",
  "type": "UNKNOWN",
  "class": "unknown",
  "approach": "Pysonar2",
  "file_path": "create-aio-app/create_aio_app/template/{{cookiecutter.project_name}}/setup.py",
  "lineno": "21",
  "column": "12",
  "context": "init_py) as f:\n        for line in f:\n            match = REGEXP.match(line)\n            if match is not None:\n                ",
  "context_lines": "        '__init__.py',\n    )\n\n    with open(init_py) as f:\n        for line in f:\n            match = REGEXP.match(line)\n            if match is not None:\n                return match.group(1)\n        else:\n            msg = f'Cannot find version in ${init_py}'\n",
  "slicing": [
   "REGEXP = re.compile(r\"^__version__\\W*=\\W*'([\\d.abrc]+)'\")\n",
   "    init_py = os.path.join(\n",
   "    with open(init_py) as f:\n",
   "        for line in f:\n",
   "            match = REGEXP.match(line)\n",
   "            if match is not None:\n",
   "                return match.group(1)\n",
   "            msg = f'Cannot find version in ${init_py}'\n",
   "            raise RuntimeError(msg)\n",
   "        return f.read().split('\\n')\n"
  ]
 },
 "24": {
  "name": "msg",
  "type": "str",
  "class": "build-in",
  "approach": "Pysonar2",
  "file_path": "create-aio-app/create_aio_app/template/{{cookiecutter.project_name}}/setup.py",
  "lineno": "25",
  "column": "12",
  "context": "  return match.group(1)\n        else:\n            msg = f'Cannot find version in ${init_py}'\n            raise RuntimeError(msg)\n\n\ndef read_req",
  "context_lines": "            match = REGEXP.match(line)\n            if match is not None:\n                return match.group(1)\n        else:\n            msg = f'Cannot find version in ${init_py}'\n            raise RuntimeError(msg)\n\n\ndef read_requirements(path: str) -> List[str]:\n    file_path = PARENT / path\n    with open(file_path) as f:\n",
  "slicing": [
   "REGEXP = re.compile(r\"^__version__\\W*=\\W*'([\\d.abrc]+)'\")\n",
   "    init_py = os.path.join(\n",
   "    with open(init_py) as f:\n",
   "        for line in f:\n",
   "            match = REGEXP.match(line)\n",
   "            if match is not None:\n",
   "                return match.group(1)\n",
   "            msg = f'Cannot find version in ${init_py}'\n",
   "            raise RuntimeError(msg)\n",
   "        return f.read().split('\\n')\n"
  ]
 },
 "25": {
  "name": "file_path",
  "type": "UNKNOWN",
  "class": "unknown",
  "approach": "Pysonar2",
  "file_path": "create-aio-app/create_aio_app/template/{{cookiecutter.project_name}}/setup.py",
  "lineno": "30",
  "column": "4",
  "context": "ef read_requirements(path: str) -> List[str]:\n    file_path = PARENT / path\n    with open(file_path) as f:\n        return f.re",
  "context_lines": "        else:\n            msg = f'Cannot find version in ${init_py}'\n            raise RuntimeError(msg)\n\n\ndef read_requirements(path: str) -> List[str]:\n    file_path = PARENT / path\n    with open(file_path) as f:\n        return f.read().split('\\n')\n\n\nsetup(\n    name='{{ cookiecutter.project_name }}',\n",
  "slicing": [
   "REGEXP = re.compile(r\"^__version__\\W*=\\W*'([\\d.abrc]+)'\")\n",
   "PARENT = pathlib.Path(__file__).parent\n",
   "    init_py = os.path.join(\n",
   "    with open(init_py) as f:\n",
   "        for line in f:\n",
   "            match = REGEXP.match(line)\n",
   "            if match is not None:\n",
   "                return match.group(1)\n",
   "            msg = f'Cannot find version in ${init_py}'\n",
   "            raise RuntimeError(msg)\n",
   "    file_path = PARENT / path\n",
   "    with open(file_path) as f:\n",
   "        return f.read().split('\\n')\n"
  ]
 },
 "26": {
  "name": "OBJECT_NOT_FOUND_ERROR",
  "type": "UNKNOWN",
  "class": "unknown",
  "approach": "Pysonar2",
  "file_path": "create-aio-app/create_aio_app/template/{{cookiecutter.project_name}}/{{cookiecutter.project_name}}/constants.py",
  "lineno": "4",
  "column": "0",
  "context": "import pathlib\n\n\nOBJECT_NOT_FOUND_ERROR = 'Object not found'\nPROJECT_DIR = pathlib.Path(__file__).parent.parent",
  "context_lines": "import pathlib\n\n\nOBJECT_NOT_FOUND_ERROR = 'Object not found'\n",
  "slicing": "OBJECT_NOT_FOUND_ERROR = 'Object not found'\n"
 },
 "27": {
  "name": "PROJECT_DIR",
  "type": "UNKNOWN",
  "class": "unknown",
  "approach": "Pysonar2",
  "file_path": "create-aio-app/create_aio_app/template/{{cookiecutter.project_name}}/{{cookiecutter.project_name}}/constants.py",
  "lineno": "5",
  "column": "0",
  "context": "lib\n\n\nOBJECT_NOT_FOUND_ERROR = 'Object not found'\nPROJECT_DIR = pathlib.Path(__file__).parent.parent\n",
  "context_lines": "import pathlib\n\n\nOBJECT_NOT_FOUND_ERROR = 'Object not found'\nPROJECT_DIR = pathlib.Path(__file__).parent.parent\n",
  "slicing": [
   "PROJECT_DIR = pathlib.Path(__file__).parent.parent\n"
  ]
 },
 "28": {
  "name": "__version__",
  "type": "UNKNOWN",
  "class": "unknown",
  "approach": "Pysonar2",
  "file_path": "create-aio-app/create_aio_app/template/{{cookiecutter.project_name}}/{{cookiecutter.project_name}}/__init__.py",
  "lineno": "1",
  "column": "0",
  "context": "__version__ = '0.0.1'\n",
  "context_lines": "__version__ = '0.0.1'\n",
  "slicing": "__version__ = '0.0.1'\n"
 },
 "29": {
  "name": "metadata",
  "type": "sqlalchemy.MetaData",
  "class": "imported",
  "approach": "annotation",
  "file_path": "create-aio-app/create_aio_app/template/{{cookiecutter.project_name}}/{{cookiecutter.project_name}}/migrations/__init__.py",
  "lineno": "4",
  "column": "0",
  "context": "from sqlalchemy import MetaData\n\n\nmetadata = MetaData()\n",
  "context_lines": "from sqlalchemy import MetaData\n\n\nmetadata = MetaData()\n",
  "slicing": [
   "metadata = MetaData()\n"
  ]
 },
 "30": {
  "name": "resp",
  "type": "UNKNOWN",
  "class": "unknown",
  "approach": "Pysonar2",
  "file_path": "create-aio-app/create_aio_app/template/{{cookiecutter.project_name}}/{{cookiecutter.project_name}}/main/tests/test_views.py",
  "lineno": "5",
  "column": "4",
  "context": "ef test_view(client: aiohttp_client) -> None:\n    resp = await client.get('/')\n\n    assert resp.status == 200\n    assert 'Create ",
  "context_lines": "from pytest_aiohttp import aiohttp_client\n\n\nasync def test_view(client: aiohttp_client) -> None:\n    resp = await client.get('/')\n\n    assert resp.status == 200\n",
  "slicing": [
   "    resp = await client.get('/')\n",
   "    assert resp.status == 200\n",
   "    assert 'Create aio app' in await resp.text()\n"
  ]
 },
 "31": {
  "name": "req_dir",
  "type": "UNKNOWN",
  "class": "unknown",
  "approach": "Pysonar2",
  "file_path": "create-aio-app/create_aio_app/template/{{cookiecutter.project_name}}/{{cookiecutter.project_name}}/utils/check-requirements.py",
  "lineno": "8",
  "column": "0",
  "context": "unctools import partial\nfrom pathlib import Path\n\nreq_dir = Path('.').parent.parent / 'requirements'\npip_list = \"pip list -o --format=freeze\"\n\n\ndef upg",
  "context_lines": "import click\nimport re\nfrom functools import partial\nfrom pathlib import Path\n\nreq_dir = Path('.').parent.parent / 'requirements'\npip_list = \"pip list -o --format=freeze\"\n\n\ndef upgrade_requirements() -> None:\n    warning_message = False\n    req_files = [\n",
  "slicing": [
   "req_dir = Path('.').parent.parent / 'requirements'\n",
   "        req_file for req_file in req_dir.iterdir() if req_file.is_file()\n",
   "        with req_file.open() as f:\n",
   "        with req_file.open('w') as f:\n"
  ]
 },
 "32": {
  "name": "pip_list",
  "type": "UNKNOWN",
  "class": "unknown",
  "approach": "Pysonar2",
  "file_path": "create-aio-app/create_aio_app/template/{{cookiecutter.project_name}}/{{cookiecutter.project_name}}/utils/check-requirements.py",
  "lineno": "9",
  "column": "0",
  "context": "eq_dir = Path('.').parent.parent / 'requirements'\npip_list = \"pip list -o --format=freeze\"\n\n\ndef upgrade_requirements() -> None:\n    warning_",
  "context_lines": "import re\nfrom functools import partial\nfrom pathlib import Path\n\nreq_dir = Path('.').parent.parent / 'requirements'\npip_list = \"pip list -o --format=freeze\"\n\n\ndef upgrade_requirements() -> None:\n    warning_message = False\n    req_files = [\n",
  "slicing": [
   "pip_list = \"pip list -o --format=freeze\"\n",
   "                    pip_list,\n"
  ]
 },
 "33": {
  "name": "warning_message",
  "type": "bool",
  "class": "build-in",
  "approach": "annotation",
  "file_path": "create-aio-app/create_aio_app/template/{{cookiecutter.project_name}}/{{cookiecutter.project_name}}/utils/check-requirements.py",
  "lineno": "13",
  "column": "4",
  "context": "freeze\"\n\n\ndef upgrade_requirements() -> None:\n    warning_message = False\n    req_files = [\n        req_file for req_file in",
  "context_lines": "from pathlib import Path\n\nreq_dir = Path('.').parent.parent / 'requirements'\npip_list = \"pip list -o --format=freeze\"\n\n\ndef upgrade_requirements() -> None:\n    warning_message = False\n    req_files = [\n        req_file for req_file in req_dir.iterdir() if req_file.is_file()\n    ]\n\n    for req_file in req_files:\n",
  "slicing": [
   "    warning_message = False\n",
   "    if warning_message:\n"
  ]
 },
 "34": {
  "name": "req_files",
  "type": "list",
  "class": "build-in",
  "approach": "annotation",
  "file_path": "create-aio-app/create_aio_app/template/{{cookiecutter.project_name}}/{{cookiecutter.project_name}}/utils/check-requirements.py",
  "lineno": "14",
  "column": "4",
  "context": "ements() -> None:\n    warning_message = False\n    req_files = [\n        req_file for req_file in req_dir.iterdir()",
  "context_lines": "req_dir = Path('.').parent.parent / 'requirements'\npip_list = \"pip list -o --format=freeze\"\n\n\ndef upgrade_requirements() -> None:\n    warning_message = False\n    req_files = [\n        req_file for req_file in req_dir.iterdir() if req_file.is_file()\n    ]\n\n    for req_file in req_files:\n        with req_file.open() as f:\n",
  "slicing": [
   "    req_files = [\n",
   "    for req_file in req_files:\n",
   "        with req_file.open() as f:\n",
   "        with req_file.open('w') as f:\n"
  ]
 },
 "35": {
  "name": "old_req",
  "type": "UNKNOWN",
  "class": "unknown",
  "approach": "Pysonar2",
  "file_path": "create-aio-app/create_aio_app/template/{{cookiecutter.project_name}}/{{cookiecutter.project_name}}/utils/check-requirements.py",
  "lineno": "20",
  "column": "12",
  "context": "s:\n        with req_file.open() as f:\n            old_req = f.read()\n            fresh_version = subprocess\\\n          ",
  "context_lines": "        req_file for req_file in req_dir.iterdir() if req_file.is_file()\n    ]\n\n    for req_file in req_files:\n        with req_file.open() as f:\n            old_req = f.read()\n            fresh_version = subprocess\\\n                .check_output(\n                    pip_list,\n                    shell=True  # nosec\n",
  "slicing": [
   "req_dir = Path('.').parent.parent / 'requirements'\n",
   "pip_list = \"pip list -o --format=freeze\"\n",
   "    req_files = [\n",
   "        req_file for req_file in req_dir.iterdir() if req_file.is_file()\n",
   "    for req_file in req_files:\n",
   "        with req_file.open() as f:\n",
   "            old_req = f.read()\n",
   "            fresh_version = subprocess\\\n",
   "                    pip_list,\n",
   "                for package in fresh_version if package\n",
   "        with req_file.open('w') as f:\n",
   "            new_req = old_req\n",
   "                    new_req,\n",
   "            f.seek(0)\n",
   "            f.write(new_req)\n",
   "            f.truncate()\n",
   "        if old_req != new_req:\n"
  ]
 },
 "36": {
  "name": "fresh_version",
  "type": "UNKNOWN",
  "class": "unknown",
  "approach": "Pysonar2",
  "file_path": "create-aio-app/create_aio_app/template/{{cookiecutter.project_name}}/{{cookiecutter.project_name}}/utils/check-requirements.py",
  "lineno": "21",
  "column": "12",
  "context": " as f:\n            old_req = f.read()\n            fresh_version = subprocess\\\n                .check_output(\n                   ",
  "context_lines": "    ]\n\n    for req_file in req_files:\n        with req_file.open() as f:\n            old_req = f.read()\n            fresh_version = subprocess\\\n                .check_output(\n                    pip_list,\n                    shell=True  # nosec\n                )\\\n",
  "slicing": [
   "req_dir = Path('.').parent.parent / 'requirements'\n",
   "pip_list = \"pip list -o --format=freeze\"\n",
   "    req_files = [\n",
   "        req_file for req_file in req_dir.iterdir() if req_file.is_file()\n",
   "    for req_file in req_files:\n",
   "        with req_file.open() as f:\n",
   "            old_req = f.read()\n",
   "            fresh_version = subprocess\\\n",
   "                    pip_list,\n",
   "                for package in fresh_version if package\n",
   "        with req_file.open('w') as f:\n",
   "            new_req = old_req\n",
   "                    new_req,\n",
   "            f.seek(0)\n",
   "            f.write(new_req)\n",
   "            f.truncate()\n",
   "        if old_req != new_req:\n"
  ]
 },
 "37": {
  "name": "packages",
  "type": "dict",
  "class": "build-in",
  "approach": "annotation",
  "file_path": "create-aio-app/create_aio_app/template/{{cookiecutter.project_name}}/{{cookiecutter.project_name}}/utils/check-requirements.py",
  "lineno": "28",
  "column": "12",
  "context": "        .decode(\"utf-8\").split(\"\\n\")\n\n            packages: Dict[str, str] = dict(\n                package.split('==')  # type: ignor",
  "context_lines": "                    pip_list,\n                    shell=True  # nosec\n                )\\\n                .decode(\"utf-8\").split(\"\\n\")\n\n            packages: Dict[str, str] = dict(\n                package.split('==')  # type: ignore\n                for package in fresh_version if package\n            )\n\n        with req_file.open('w') as f:\n",
  "slicing": [
   "            packages: Dict[str, str] = dict(\n",
   "            for name, version in packages.items():\n",
   "                    fr'{name}==[\\d .]*',\n",
   "                    f'{name}=={version}',\n"
  ]
 },
 "38": {
  "name": "new_req",
  "type": "UNKNOWN",
  "class": "unknown",
  "approach": "annotation",
  "file_path": "create-aio-app/create_aio_app/template/{{cookiecutter.project_name}}/{{cookiecutter.project_name}}/utils/check-requirements.py",
  "lineno": "34",
  "column": "12",
  "context": "        with req_file.open('w') as f:\n            new_req = old_req\n            for name, version in packages.items():",
  "context_lines": "                package.split('==')  # type: ignore\n                for package in fresh_version if package\n            )\n\n        with req_file.open('w') as f:\n            new_req = old_req\n            for name, version in packages.items():\n                new_req = re.sub(\n                    fr'{name}==[\\d .]*',\n                    f'{name}=={version}',\n",
  "slicing": [
   "req_dir = Path('.').parent.parent / 'requirements'\n",
   "pip_list = \"pip list -o --format=freeze\"\n",
   "    req_files = [\n",
   "        req_file for req_file in req_dir.iterdir() if req_file.is_file()\n",
   "    for req_file in req_files:\n",
   "        with req_file.open() as f:\n",
   "            old_req = f.read()\n",
   "            fresh_version = subprocess\\\n",
   "                    pip_list,\n",
   "                for package in fresh_version if package\n",
   "        with req_file.open('w') as f:\n",
   "            new_req = old_req\n",
   "                    new_req,\n",
   "            f.seek(0)\n",
   "            f.write(new_req)\n",
   "            f.truncate()\n",
   "        if old_req != new_req:\n"
  ]
 },
 "39": {
  "name": "new_req",
  "type": "UNKNOWN",
  "class": "unknown",
  "approach": "Pysonar2",
  "file_path": "create-aio-app/create_aio_app/template/{{cookiecutter.project_name}}/{{cookiecutter.project_name}}/utils/check-requirements.py",
  "lineno": "36",
  "column": "16",
  "context": "ame, version in packages.items():\n                new_req = re.sub(\n                    fr'{name}==[\\d .]*',\n         ",
  "context_lines": "            )\n\n        with req_file.open('w') as f:\n            new_req = old_req\n            for name, version in packages.items():\n                new_req = re.sub(\n                    fr'{name}==[\\d .]*',\n                    f'{name}=={version}',\n                    new_req,\n                )\n",
  "slicing": [
   "req_dir = Path('.').parent.parent / 'requirements'\n",
   "pip_list = \"pip list -o --format=freeze\"\n",
   "    req_files = [\n",
   "        req_file for req_file in req_dir.iterdir() if req_file.is_file()\n",
   "    for req_file in req_files:\n",
   "        with req_file.open() as f:\n",
   "            old_req = f.read()\n",
   "            fresh_version = subprocess\\\n",
   "                    pip_list,\n",
   "            packages: Dict[str, str] = dict(\n",
   "                for package in fresh_version if package\n",
   "        with req_file.open('w') as f:\n",
   "            new_req = old_req\n",
   "            for name, version in packages.items():\n",
   "                new_req = re.sub(\n",
   "                    fr'{name}==[\\d .]*',\n",
   "                    f'{name}=={version}',\n",
   "                    new_req,\n",
   "            f.seek(0)\n",
   "            f.write(new_req)\n",
   "            f.truncate()\n",
   "        if old_req != new_req:\n"
  ]
 },
 "40": {
  "name": "warning_message",
  "type": "bool",
  "class": "build-in",
  "approach": "annotation",
  "file_path": "create-aio-app/create_aio_app/template/{{cookiecutter.project_name}}/{{cookiecutter.project_name}}/utils/check-requirements.py",
  "lineno": "46",
  "column": "12",
  "context": "ate()\n\n        if old_req != new_req:\n            warning_message = True\n\n    if warning_message:\n        echo = partial(cl",
  "context_lines": "            f.seek(0)\n            f.write(new_req)\n            f.truncate()\n\n        if old_req != new_req:\n            warning_message = True\n\n    if warning_message:\n        echo = partial(click.echo, err=True)\n        echo(\n",
  "slicing": [
   "            warning_message = True\n",
   "    if warning_message:\n"
  ]
 },
 "41": {
  "name": "echo",
  "type": "functools.partial",
  "class": "imported",
  "approach": "annotation",
  "file_path": "create-aio-app/create_aio_app/template/{{cookiecutter.project_name}}/{{cookiecutter.project_name}}/utils/check-requirements.py",
  "lineno": "49",
  "column": "8",
  "context": "g_message = True\n\n    if warning_message:\n        echo = partial(click.echo, err=True)\n        echo(\n            click.style(\n           ",
  "context_lines": "            f.truncate()\n\n        if old_req != new_req:\n            warning_message = True\n\n    if warning_message:\n        echo = partial(click.echo, err=True)\n        echo(\n            click.style(\n                \"Please rebuild your docker container with \",\n                fg='bright_green') +\n",
  "slicing": [
   "req_dir = Path('.').parent.parent / 'requirements'\n",
   "pip_list = \"pip list -o --format=freeze\"\n",
   "    warning_message = False\n",
   "    req_files = [\n",
   "        req_file for req_file in req_dir.iterdir() if req_file.is_file()\n",
   "    for req_file in req_files:\n",
   "        with req_file.open() as f:\n",
   "            old_req = f.read()\n",
   "            fresh_version = subprocess\\\n",
   "                    pip_list,\n",
   "            packages: Dict[str, str] = dict(\n",
   "                for package in fresh_version if package\n",
   "        with req_file.open('w') as f:\n",
   "            new_req = old_req\n",
   "            for name, version in packages.items():\n",
   "                new_req = re.sub(\n",
   "                    fr'{name}==[\\d .]*',\n",
   "                    f'{name}=={version}',\n",
   "                    new_req,\n",
   "            f.seek(0)\n",
   "            f.write(new_req)\n",
   "            f.truncate()\n",
   "        if old_req != new_req:\n",
   "            warning_message = True\n",
   "    if warning_message:\n",
   "        echo = partial(click.echo, err=True)\n",
   "        echo(\n"
  ]
 },
 "42": {
  "name": "women",
  "type": "UNKNOWN",
  "class": "unknown",
  "approach": "Pysonar2",
  "file_path": "create-aio-app/create_aio_app/template/{{cookiecutter.project_name}}/{{cookiecutter.project_name}}/users/enums.py",
  "lineno": "6",
  "column": "4",
  "context": "num, unique\n\n\n@unique\nclass UserGender(Enum):\n    women = 'women'\n    male = 'male'\n    none = 'none'\n",
  "context_lines": "from enum import Enum, unique\n\n\n@unique\nclass UserGender(Enum):\n    women = 'women'\n    male = 'male'\n",
  "slicing": "    women = 'women'\n"
 },
 "43": {
  "name": "male",
  "type": "UNKNOWN",
  "class": "unknown",
  "approach": "Pysonar2",
  "file_path": "create-aio-app/create_aio_app/template/{{cookiecutter.project_name}}/{{cookiecutter.project_name}}/users/enums.py",
  "lineno": "7",
  "column": "4",
  "context": "e\nclass UserGender(Enum):\n    women = 'women'\n    male = 'male'\n    none = 'none'\n",
  "context_lines": "from enum import Enum, unique\n\n\n@unique\nclass UserGender(Enum):\n    women = 'women'\n    male = 'male'\n",
  "slicing": "    male = 'male'\n"
 },
 "44": {
  "name": "none",
  "type": "UNKNOWN",
  "class": "unknown",
  "approach": "Pysonar2",
  "file_path": "create-aio-app/create_aio_app/template/{{cookiecutter.project_name}}/{{cookiecutter.project_name}}/users/enums.py",
  "lineno": "8",
  "column": "4",
  "context": "(Enum):\n    women = 'women'\n    male = 'male'\n    none = 'none'\n",
  "context_lines": "@unique\nclass UserGender(Enum):\n    women = 'women'\n    male = 'male'\n    none = 'none'\n",
  "slicing": "    none = 'none'\n"
 },
 "45": {
  "name": "project",
  "type": "UNKNOWN",
  "class": "unknown",
  "approach": "Pysonar2",
  "file_path": "create-aio-app/create_aio_app/template/{{cookiecutter.project_name}}/docs/source/conf.py",
  "lineno": "22",
  "column": "0",
  "context": "------------------------------------------------\n\nproject = 'Create aio app'\ncopyright = '2018, Mykhailo Havelia'\nauthor = 'Myk",
  "context_lines": "# import os\n# import sys\n# sys.path.insert(0, os.path.abspath('.'))\n\n\n# -- Project information -----------------------------------------------------\n\nproject = 'Create aio app'\ncopyright = '2018, Mykhailo Havelia'\nauthor = 'Mykhailo Havelia'\n\n# The short X.Y version\nversion = ''\n",
  "slicing": [
   "project = 'Create aio app'\n",
   "author = 'Mykhailo Havelia'\n",
   "master_doc = 'index'\n",
   "    (master_doc, 'Createaioapp.tex', 'Create aio app Documentation',\n",
   "    (master_doc, 'createaioapp', 'Create aio app Documentation',\n",
   "     [author], 1)\n",
   "    (master_doc, 'Createaioapp', 'Create aio app Documentation',\n",
   "     author, 'Createaioapp', 'One line description of project.',\n",
   "epub_title = project\n"
  ]
 },
 "46": {
  "name": "copyright",
  "type": "UNKNOWN",
  "class": "unknown",
  "approach": "Pysonar2",
  "file_path": "create-aio-app/create_aio_app/template/{{cookiecutter.project_name}}/docs/source/conf.py",
  "lineno": "23",
  "column": "0",
  "context": "---------------------\n\nproject = 'Create aio app'\ncopyright = '2018, Mykhailo Havelia'\nauthor = 'Mykhailo Havelia'\n\n# The short X.Y versi",
  "context_lines": "# import sys\n# sys.path.insert(0, os.path.abspath('.'))\n\n\n# -- Project information -----------------------------------------------------\n\nproject = 'Create aio app'\ncopyright = '2018, Mykhailo Havelia'\nauthor = 'Mykhailo Havelia'\n\n# The short X.Y version\nversion = ''\n# The full version, including alpha/beta/rc tags\n",
  "slicing": "copyright = '2018, Mykhailo Havelia'\n"
 },
 "47": {
  "name": "author",
  "type": "UNKNOWN",
  "class": "unknown",
  "approach": "Pysonar2",
  "file_path": "create-aio-app/create_aio_app/template/{{cookiecutter.project_name}}/docs/source/conf.py",
  "lineno": "24",
  "column": "0",
  "context": "ate aio app'\ncopyright = '2018, Mykhailo Havelia'\nauthor = 'Mykhailo Havelia'\n\n# The short X.Y version\nversion = ''\n# The full v",
  "context_lines": "# sys.path.insert(0, os.path.abspath('.'))\n\n\n# -- Project information -----------------------------------------------------\n\nproject = 'Create aio app'\ncopyright = '2018, Mykhailo Havelia'\nauthor = 'Mykhailo Havelia'\n\n# The short X.Y version\nversion = ''\n# The full version, including alpha/beta/rc tags\n",
  "slicing": [
   "author = 'Mykhailo Havelia'\n",
   "     [author], 1)\n",
   "     author, 'Createaioapp', 'One line description of project.',\n"
  ]
 },
 "48": {
  "name": "version",
  "type": "UNKNOWN",
  "class": "unknown",
  "approach": "Pysonar2",
  "file_path": "create-aio-app/create_aio_app/template/{{cookiecutter.project_name}}/docs/source/conf.py",
  "lineno": "27",
  "column": "0",
  "context": "hor = 'Mykhailo Havelia'\n\n# The short X.Y version\nversion = ''\n# The full version, including alpha/beta/rc tags\nr",
  "context_lines": "project = 'Create aio app'\ncopyright = '2018, Mykhailo Havelia'\nauthor = 'Mykhailo Havelia'\n\n# The short X.Y version\nversion = ''\n# The full version, including alpha/beta/rc tags\nrelease = ''\n\n\n# -- General configuration ---------------------------------------------------\n\n# If your documentation needs a minimal Sphinx version, state it here.\n",
  "slicing": "version = ''\n"
 },
 "49": {
  "name": "release",
  "type": "UNKNOWN",
  "class": "unknown",
  "approach": "Pysonar2",
  "file_path": "create-aio-app/create_aio_app/template/{{cookiecutter.project_name}}/docs/source/conf.py",
  "lineno": "29",
  "column": "0",
  "context": "\n# The full version, including alpha/beta/rc tags\nrelease = ''\n\n\n# -- General configuration ---------------------",
  "context_lines": "author = 'Mykhailo Havelia'\n\n# The short X.Y version\nversion = ''\n# The full version, including alpha/beta/rc tags\nrelease = ''\n\n\n# -- General configuration ---------------------------------------------------\n\n# If your documentation needs a minimal Sphinx version, state it here.\n#\n",
  "slicing": "release = ''\n"
 },
 "50": {
  "name": "extensions",
  "type": "list",
  "class": "build-in",
  "approach": "annotation",
  "file_path": "create-aio-app/create_aio_app/template/{{cookiecutter.project_name}}/docs/source/conf.py",
  "lineno": "41",
  "column": "0",
  "context": "inx (named 'sphinx.ext.*') or your custom\n# ones.\nextensions = [\n]\n\n# Add any paths that contain templates here, re",
  "context_lines": "# needs_sphinx = '1.0'\n\n# Add any Sphinx extension module names here, as strings. They can be\n# extensions coming with Sphinx (named 'sphinx.ext.*') or your custom\n# ones.\nextensions = [\n]\n\n# Add any paths that contain templates here, relative to this directory.\ntemplates_path = ['_templates']\n\n# The suffix(es) of source filenames.\n",
  "slicing": "extensions = [\n"
 },
 "51": {
  "name": "templates_path",
  "type": "list",
  "class": "build-in",
  "approach": "annotation",
  "file_path": "create-aio-app/create_aio_app/template/{{cookiecutter.project_name}}/docs/source/conf.py",
  "lineno": "45",
  "column": "0",
  "context": "ntain templates here, relative to this directory.\ntemplates_path = ['_templates']\n\n# The suffix(es) of source filenames.\n# You can s",
  "context_lines": "# ones.\nextensions = [\n]\n\n# Add any paths that contain templates here, relative to this directory.\ntemplates_path = ['_templates']\n\n# The suffix(es) of source filenames.\n# You can specify multiple suffix as a list of string:\n#\n",
  "slicing": "templates_path = ['_templates']\n"
 },
 "52": {
  "name": "source_suffix",
  "type": "UNKNOWN",
  "class": "unknown",
  "approach": "Pysonar2",
  "file_path": "create-aio-app/create_aio_app/template/{{cookiecutter.project_name}}/docs/source/conf.py",
  "lineno": "51",
  "column": "0",
  "context": "st of string:\n#\n# source_suffix = ['.rst', '.md']\nsource_suffix = '.rst'\n\n# The master toctree document.\nmaster_doc = 'inde",
  "context_lines": "# The suffix(es) of source filenames.\n# You can specify multiple suffix as a list of string:\n#\n# source_suffix = ['.rst', '.md']\nsource_suffix = '.rst'\n\n# The master toctree document.\nmaster_doc = 'index'\n\n# The language for content autogenerated by Sphinx. Refer to documentation\n",
  "slicing": "source_suffix = '.rst'\n"
 },
 "53": {
  "name": "master_doc",
  "type": "UNKNOWN",
  "class": "unknown",
  "approach": "Pysonar2",
  "file_path": "create-aio-app/create_aio_app/template/{{cookiecutter.project_name}}/docs/source/conf.py",
  "lineno": "54",
  "column": "0",
  "context": "e_suffix = '.rst'\n\n# The master toctree document.\nmaster_doc = 'index'\n\n# The language for content autogenerated by Sphin",
  "context_lines": "#\n# source_suffix = ['.rst', '.md']\nsource_suffix = '.rst'\n\n# The master toctree document.\nmaster_doc = 'index'\n\n# The language for content autogenerated by Sphinx. Refer to documentation\n# for a list of supported languages.\n#\n",
  "slicing": [
   "master_doc = 'index'\n",
   "    (master_doc, 'Createaioapp.tex', 'Create aio app Documentation',\n",
   "    (master_doc, 'createaioapp', 'Create aio app Documentation',\n",
   "    (master_doc, 'Createaioapp', 'Create aio app Documentation',\n"
  ]
 },
 "54": {
  "name": "language",
  "type": "UNKNOWN",
  "class": "unknown",
  "approach": "annotation",
  "file_path": "create-aio-app/create_aio_app/template/{{cookiecutter.project_name}}/docs/source/conf.py",
  "lineno": "61",
  "column": "0",
  "context": "\"language\" from the command line for these cases.\nlanguage = None\n\n# List of patterns, relative to source directory,",
  "context_lines": "# for a list of supported languages.\n#\n# This is also used if you do content translation via gettext catalogs.\n# Usually you set \"language\" from the command line for these cases.\nlanguage = None\n\n# List of patterns, relative to source directory, that match files and\n# directories to ignore when looking for source files.\n# This pattern also affects html_static_path and html_extra_path.\n",
  "slicing": "language = None\n"
 },
 "55": {
  "name": "exclude_patterns",
  "type": "list",
  "class": "build-in",
  "approach": "annotation",
  "file_path": "create-aio-app/create_aio_app/template/{{cookiecutter.project_name}}/docs/source/conf.py",
  "lineno": "66",
  "column": "0",
  "context": "lso affects html_static_path and html_extra_path.\nexclude_patterns = []\n\n# The name of the Pygments (syntax highlighting) ",
  "context_lines": "language = None\n\n# List of patterns, relative to source directory, that match files and\n# directories to ignore when looking for source files.\n# This pattern also affects html_static_path and html_extra_path.\nexclude_patterns = []\n\n# The name of the Pygments (syntax highlighting) style to use.\npygments_style = None\n\n\n# -- Options for HTML output -------------------------------------------------\n\n",
  "slicing": "exclude_patterns = []\n"
 },
 "56": {
  "name": "pygments_style",
  "type": "UNKNOWN",
  "class": "unknown",
  "approach": "annotation",
  "file_path": "create-aio-app/create_aio_app/template/{{cookiecutter.project_name}}/docs/source/conf.py",
  "lineno": "69",
  "column": "0",
  "context": " the Pygments (syntax highlighting) style to use.\npygments_style = None\n\n\n# -- Options for HTML output -------------------",
  "context_lines": "# directories to ignore when looking for source files.\n# This pattern also affects html_static_path and html_extra_path.\nexclude_patterns = []\n\n# The name of the Pygments (syntax highlighting) style to use.\npygments_style = None\n\n\n# -- Options for HTML output -------------------------------------------------\n\n# The theme to use for HTML and HTML Help pages.  See the documentation for\n# a list of builtin themes.\n",
  "slicing": "pygments_style = None\n"
 },
 "57": {
  "name": "html_theme",
  "type": "UNKNOWN",
  "class": "unknown",
  "approach": "Pysonar2",
  "file_path": "create-aio-app/create_aio_app/template/{{cookiecutter.project_name}}/docs/source/conf.py",
  "lineno": "77",
  "column": "0",
  "context": "e documentation for\n# a list of builtin themes.\n#\nhtml_theme = 'alabaster'\n\n# Theme options are theme-specific and customize ",
  "context_lines": "# -- Options for HTML output -------------------------------------------------\n\n# The theme to use for HTML and HTML Help pages.  See the documentation for\n# a list of builtin themes.\n#\nhtml_theme = 'alabaster'\n\n# Theme options are theme-specific and customize the look and feel of a theme\n# further.  For a list of options available for each theme, see the\n# documentation.\n",
  "slicing": "html_theme = 'alabaster'\n"
 },
 "58": {
  "name": "html_theme_options",
  "type": "dict",
  "class": "build-in",
  "approach": "annotation",
  "file_path": "create-aio-app/create_aio_app/template/{{cookiecutter.project_name}}/docs/source/conf.py",
  "lineno": "83",
  "column": "0",
  "context": "ilable for each theme, see the\n# documentation.\n#\nhtml_theme_options = {\n    \"sidebar_width\": \"260px\",\n    'github_user': '",
  "context_lines": "# Theme options are theme-specific and customize the look and feel of a theme\n# further.  For a list of options available for each theme, see the\n# documentation.\n#\nhtml_theme_options = {\n    \"sidebar_width\": \"260px\",\n    'github_user': 'aio-libs',\n    'github_repo': 'create-aio-app',\n}\n\n",
  "slicing": "html_theme_options = {\n"
 },
 "59": {
  "name": "html_static_path",
  "type": "list",
  "class": "build-in",
  "approach": "annotation",
  "file_path": "create-aio-app/create_aio_app/template/{{cookiecutter.project_name}}/docs/source/conf.py",
  "lineno": "92",
  "column": "0",
  "context": "lt.css\" will overwrite the builtin \"default.css\".\nhtml_static_path = ['_static']\n\n# Custom sidebar templates, must be a dictionary ",
  "context_lines": "}\n\n# Add any paths that contain custom static files (such as style sheets) here,\n# relative to this directory. They are copied after the builtin static files,\n# so a file named \"default.css\" will overwrite the builtin \"default.css\".\nhtml_static_path = ['_static']\n\n# Custom sidebar templates, must be a dictionary that maps document names\n# to template names.\n#\n",
  "slicing": "html_static_path = ['_static']\n"
 },
 "60": {
  "name": "htmlhelp_basename",
  "type": "UNKNOWN",
  "class": "unknown",
  "approach": "Pysonar2",
  "file_path": "create-aio-app/create_aio_app/template/{{cookiecutter.project_name}}/docs/source/conf.py",
  "lineno": "108",
  "column": "0",
  "context": "-\n\n# Output file base name for HTML help builder.\nhtmlhelp_basename = 'Createaioappdoc'\n\n\n# -- Options for LaTeX output ------------------",
  "context_lines": "#\n# html_sidebars = {}\n\n\n# -- Options for HTMLHelp output ---------------------------------------------\n\n# Output file base name for HTML help builder.\nhtmlhelp_basename = 'Createaioappdoc'\n\n\n# -- Options for LaTeX output ------------------------------------------------\n\nlatex_elements = {\n    # The paper size ('letterpaper' or 'a4paper').\n",
  "slicing": "htmlhelp_basename = 'Createaioappdoc'\n"
 },
 "61": {
  "name": "latex_elements",
  "type": "dict",
  "class": "build-in",
  "approach": "annotation",
  "file_path": "create-aio-app/create_aio_app/template/{{cookiecutter.project_name}}/docs/source/conf.py",
  "lineno": "113",
  "column": "0",
  "context": "------------------------------------------------\n\nlatex_elements = {\n    # The paper size ('letterpaper' or 'a4paper').",
  "context_lines": "# -- Options for HTMLHelp output ---------------------------------------------\n\n# Output file base name for HTML help builder.\nhtmlhelp_basename = 'Createaioappdoc'\n\n\n# -- Options for LaTeX output ------------------------------------------------\n\nlatex_elements = {\n    # The paper size ('letterpaper' or 'a4paper').\n    #\n    # 'papersize': 'letterpaper',\n\n    # The font size ('10pt', '11pt' or '12pt').\n",
  "slicing": "latex_elements = {\n"
 },
 "62": {
  "name": "latex_documents",
  "type": "list",
  "class": "build-in",
  "approach": "annotation",
  "file_path": "create-aio-app/create_aio_app/template/{{cookiecutter.project_name}}/docs/source/conf.py",
  "lineno": "134",
  "column": "0",
  "context": "or, documentclass [howto, manual, or own class]).\nlatex_documents = [\n    (master_doc, 'Createaioapp.tex', 'Create aio a",
  "context_lines": "}\n\n# Grouping the document tree into LaTeX files. List of tuples\n# (source start file, target name, title,\n#  author, documentclass [howto, manual, or own class]).\nlatex_documents = [\n    (master_doc, 'Createaioapp.tex', 'Create aio app Documentation',\n     'Mykhailo Havelia', 'manual'),\n]\n\n\n# -- Options for manual page output ------------------------------------------\n\n",
  "slicing": "latex_documents = [\n"
 },
 "63": {
  "name": "man_pages",
  "type": "list",
  "class": "build-in",
  "approach": "annotation",
  "file_path": "create-aio-app/create_aio_app/template/{{cookiecutter.project_name}}/docs/source/conf.py",
  "lineno": "144",
  "column": "0",
  "context": "ile, name, description, authors, manual section).\nman_pages = [\n    (master_doc, 'createaioapp', 'Create aio app D",
  "context_lines": "]\n\n\n# -- Options for manual page output ------------------------------------------\n\n# One entry per manual page. List of tuples\n# (source start file, name, description, authors, manual section).\nman_pages = [\n    (master_doc, 'createaioapp', 'Create aio app Documentation',\n     [author], 1)\n]\n\n\n# -- Options for Texinfo output ----------------------------------------------\n\n",
  "slicing": "man_pages = [\n"
 },
 "64": {
  "name": "texinfo_documents",
  "type": "list",
  "class": "build-in",
  "approach": "annotation",
  "file_path": "create-aio-app/create_aio_app/template/{{cookiecutter.project_name}}/docs/source/conf.py",
  "lineno": "155",
  "column": "0",
  "context": "author,\n#  dir menu entry, description, category)\ntexinfo_documents = [\n    (master_doc, 'Createaioapp', 'Create aio app D",
  "context_lines": "# -- Options for Texinfo output ----------------------------------------------\n\n# Grouping the document tree into Texinfo files. List of tuples\n# (source start file, target name, title, author,\n#  dir menu entry, description, category)\ntexinfo_documents = [\n    (master_doc, 'Createaioapp', 'Create aio app Documentation',\n     author, 'Createaioapp', 'One line description of project.',\n     'Miscellaneous'),\n]\n\n\n",
  "slicing": "texinfo_documents = [\n"
 },
 "65": {
  "name": "epub_title",
  "type": "UNKNOWN",
  "class": "unknown",
  "approach": "annotation",
  "file_path": "create-aio-app/create_aio_app/template/{{cookiecutter.project_name}}/docs/source/conf.py",
  "lineno": "165",
  "column": "0",
  "context": "--------------\n\n# Bibliographic Dublin Core info.\nepub_title = project\n\n# The unique identifier of the text. This can be ",
  "context_lines": "     'Miscellaneous'),\n]\n\n\n# -- Options for Epub output -------------------------------------------------\n\n# Bibliographic Dublin Core info.\nepub_title = project\n\n# The unique identifier of the text. This can be a ISBN number\n# or the project homepage.\n#\n",
  "slicing": [
   "project = 'Create aio app'\n",
   "author = 'Mykhailo Havelia'\n",
   "master_doc = 'index'\n",
   "    (master_doc, 'Createaioapp.tex', 'Create aio app Documentation',\n",
   "    (master_doc, 'createaioapp', 'Create aio app Documentation',\n",
   "     [author], 1)\n",
   "    (master_doc, 'Createaioapp', 'Create aio app Documentation',\n",
   "     author, 'Createaioapp', 'One line description of project.',\n",
   "epub_title = project\n"
  ]
 },
 "66": {
  "name": "epub_exclude_files",
  "type": "list",
  "class": "build-in",
  "approach": "annotation",
  "file_path": "create-aio-app/create_aio_app/template/{{cookiecutter.project_name}}/docs/source/conf.py",
  "lineno": "177",
  "column": "0",
  "context": "les that should not be packed into the epub file.\nepub_exclude_files = ['search.html']",
  "context_lines": "# A unique identification for the text.\n#\n# epub_uid = ''\n\n# A list of files that should not be packed into the epub file.\nepub_exclude_files = ['search.html']",
  "slicing": "epub_exclude_files = ['search.html']\n"
 },
 "67": {
  "name": "without_postgres",
  "type": "bool",
  "class": "build-in",
  "approach": "Pysonar2",
  "file_path": "create-aio-app/create_aio_app/template/hooks/post_gen_project.py",
  "lineno": "24",
  "column": "4",
  "context": ".remove(f'{file_name}')\n\n\ndef main() -> None:\n    without_postgres = \"{{ cookiecutter.use_postgres | lower }}\" == \"n\"\n    without_redis = \"{{ cookiecutter.use_redis | l",
  "context_lines": "        shutil.rmtree(f'{{ cookiecutter.project_name }}/{dir_name}')\n\n    for file_name in DATABASE_TEMPLATE_FILES:\n        os.remove(f'{file_name}')\n\n\ndef main() -> None:\n    without_postgres = \"{{ cookiecutter.use_postgres | lower }}\" == \"n\"\n    without_redis = \"{{ cookiecutter.use_redis | lower }}\" == 'n'\n    if without_postgres:\n        remove_database_dirs_and_files()\n    if without_postgres and without_redis:\n",
  "slicing": [
   "    without_postgres = \"{{ cookiecutter.use_postgres | lower }}\" == \"n\"\n",
   "    if without_postgres:\n",
   "    if without_postgres and without_redis:\n"
  ]
 },
 "68": {
  "name": "without_redis",
  "type": "bool",
  "class": "build-in",
  "approach": "Pysonar2",
  "file_path": "create-aio-app/create_aio_app/template/hooks/post_gen_project.py",
  "lineno": "25",
  "column": "4",
  "context": " cookiecutter.use_postgres | lower }}\" == \"n\"\n    without_redis = \"{{ cookiecutter.use_redis | lower }}\" == 'n'\n    if without_postgres:\n        remove_database_d",
  "context_lines": "    for file_name in DATABASE_TEMPLATE_FILES:\n        os.remove(f'{file_name}')\n\n\ndef main() -> None:\n    without_postgres = \"{{ cookiecutter.use_postgres | lower }}\" == \"n\"\n    without_redis = \"{{ cookiecutter.use_redis | lower }}\" == 'n'\n    if without_postgres:\n        remove_database_dirs_and_files()\n    if without_postgres and without_redis:\n        remove_wait_script()\n\n\n",
  "slicing": [
   "    without_redis = \"{{ cookiecutter.use_redis | lower }}\" == 'n'\n",
   "    if without_postgres and without_redis:\n"
  ]
 },
 "69": {
  "name": "folder",
  "type": "UNKNOWN",
  "class": "unknown",
  "approach": "Pysonar2",
  "file_path": "create-aio-app/create_aio_app/main.py",
  "lineno": "18",
  "column": "18",
  "context": "partial(click.echo, err=True)\n\n\ndef show_commands(folder):\n    try:\n        os.chdir(f\"{folder}/\")  # nosec\n ",
  "context_lines": "from cookiecutter.main import cookiecutter\n\nfrom create_aio_app.utils.config import parse_arguments\n\nparent = Path(__file__).parent\n\necho = partial(click.echo, err=True)\n\n\ndef show_commands(folder):\n    try:\n        os.chdir(f\"{folder}/\")  # nosec\n        os.system(f\"make help\")  # nosec\n    except Exception as e:\n",
  "slicing": [
   "def show_commands(folder):\n",
   "    show_commands(folder)\n"
  ]
 },
 "70": {
  "name": "name",
  "type": "str",
  "class": "build-in",
  "approach": "annotation",
  "file_path": "create-aio-app/create_aio_app/utils/config.py",
  "lineno": "7",
  "column": "14",
  "context": "\n\n__all__ = ['parse_arguments', ]\n\n\ndef name_type(name: str) -> str:\n    \"\"\"\n    The validator for the name argument.\n ",
  "context_lines": "import argparse\nimport re\n\n__all__ = ['parse_arguments', ]\n\n\ndef name_type(name: str) -> str:\n    \"\"\"\n    The validator for the name argument.\n    \"\"\"\n\n    if not re.match(r\"^[a-zA-Z0-9_]*$\", name):\n",
  "slicing": "def name_type(name: str) -> str:\n"
 },
 "71": {
  "name": "version",
  "type": "UNKNOWN",
  "class": "unknown",
  "approach": "Pysonar2",
  "file_path": "create-aio-app/create_aio_app/utils/versiontools.py",
  "lineno": "26",
  "column": "32",
  "context": "eturn 'unknown'\n\n\ndef cut_local_version_on_upload(version):\n    \"\"\"Return empty local version if uploading to ",
  "context_lines": "            local_scheme=local_scheme,\n        )\n    except LookupError:\n        return 'unknown'\n\n\ndef cut_local_version_on_upload(version):\n    \"\"\"Return empty local version if uploading to PyPI.\"\"\"\n    is_pypi_upload = os.getenv('PYPI_UPLOAD') == 'true'\n    if is_pypi_upload:\n        return ''\n\n",
  "slicing": "def cut_local_version_on_upload(version):\n"
 },
 "72": {
  "name": "path",
  "type": "str",
  "class": "build-in",
  "approach": "annotation",
  "file_path": "create-aio-app/create_aio_app/template/{{cookiecutter.project_name}}/setup.py",
  "lineno": "29",
  "column": "22",
  "context": "  raise RuntimeError(msg)\n\n\ndef read_requirements(path: str) -> List[str]:\n    file_path = PARENT / path\n    with open(file_p",
  "context_lines": "                return match.group(1)\n        else:\n            msg = f'Cannot find version in ${init_py}'\n            raise RuntimeError(msg)\n\n\ndef read_requirements(path: str) -> List[str]:\n    file_path = PARENT / path\n    with open(file_path) as f:\n        return f.read().split('\\n')\n\n\nsetup(\n",
  "slicing": [
   "REGEXP = re.compile(r\"^__version__\\W*=\\W*'([\\d.abrc]+)'\")\n",
   "PARENT = pathlib.Path(__file__).parent\n",
   "    init_py = os.path.join(\n",
   "    with open(init_py) as f:\n",
   "        for line in f:\n",
   "            match = REGEXP.match(line)\n",
   "            if match is not None:\n",
   "                return match.group(1)\n",
   "            msg = f'Cannot find version in ${init_py}'\n",
   "            raise RuntimeError(msg)\n",
   "def read_requirements(path: str) -> List[str]:\n",
   "    file_path = PARENT / path\n",
   "    with open(file_path) as f:\n",
   "        return f.read().split('\\n')\n"
  ]
 },
 "73": {
  "name": "project_name",
  "type": "str",
  "class": "build-in",
  "approach": "annotation",
  "file_path": "create-aio-app/create_aio_app/template/hooks/pre_gen_project.py",
  "lineno": "9",
  "column": "26",
  "context": "nfig import name_type\n\n\ndef validate_project_name(project_name: str) -> None:\n    try:\n        name_type(project_name)\n    excep",
  "context_lines": "import argparse\nimport sys\n\nimport click\n\nfrom create_aio_app.utils.config import name_type\n\n\ndef validate_project_name(project_name: str) -> None:\n    try:\n        name_type(project_name)\n    except argparse.ArgumentTypeError as exc:\n        click.echo(str(exc), err=True)\n",
  "slicing": [
   "def validate_project_name(project_name: str) -> None:\n",
   "        name_type(project_name)\n"
  ]
 }
}