{
 "1": {
  "name": "NEAR_MINT",
  "type": "int",
  "class": "build-in",
  "approach": "Pysonar2",
  "file_path": "mtgjson/mtgjson5/providers/tcgplayer.py",
  "lineno": "25",
  "column": "4",
  "context": "\"\"\"\n    TCGPlayer Card Condition IDs\n    \"\"\"\n\n    NEAR_MINT = 1\n    LIGHTLY_PLAYED = 2\n    MODERATELY_PLAYED = 3\n ",
  "context_lines": "class CardCondition(enum.Enum):\n    \"\"\"\n    TCGPlayer Card Condition IDs\n    \"\"\"\n\n    NEAR_MINT = 1\n    LIGHTLY_PLAYED = 2\n    MODERATELY_PLAYED = 3\n    HEAVILY_PLAYED = 4\n    DAMAGED = 5\n",
  "slicing": "    NEAR_MINT = 1\n"
 },
 "2": {
  "name": "LIGHTLY_PLAYED",
  "type": "int",
  "class": "build-in",
  "approach": "Pysonar2",
  "file_path": "mtgjson/mtgjson5/providers/tcgplayer.py",
  "lineno": "26",
  "column": "4",
  "context": "Card Condition IDs\n    \"\"\"\n\n    NEAR_MINT = 1\n    LIGHTLY_PLAYED = 2\n    MODERATELY_PLAYED = 3\n    HEAVILY_PLAYED = 4\n ",
  "context_lines": "    \"\"\"\n    TCGPlayer Card Condition IDs\n    \"\"\"\n\n    NEAR_MINT = 1\n    LIGHTLY_PLAYED = 2\n    MODERATELY_PLAYED = 3\n    HEAVILY_PLAYED = 4\n    DAMAGED = 5\n    UNOPENED = 6\n\n\n",
  "slicing": "    LIGHTLY_PLAYED = 2\n"
 },
 "3": {
  "name": "MODERATELY_PLAYED",
  "type": "int",
  "class": "build-in",
  "approach": "Pysonar2",
  "file_path": "mtgjson/mtgjson5/providers/tcgplayer.py",
  "lineno": "27",
  "column": "4",
  "context": "\"\"\"\n\n    NEAR_MINT = 1\n    LIGHTLY_PLAYED = 2\n    MODERATELY_PLAYED = 3\n    HEAVILY_PLAYED = 4\n    DAMAGED = 5\n    UNOPENE",
  "context_lines": "    TCGPlayer Card Condition IDs\n    \"\"\"\n\n    NEAR_MINT = 1\n    LIGHTLY_PLAYED = 2\n    MODERATELY_PLAYED = 3\n    HEAVILY_PLAYED = 4\n    DAMAGED = 5\n    UNOPENED = 6\n\n\nclass CardPrinting(enum.Enum):\n",
  "slicing": "    MODERATELY_PLAYED = 3\n"
 },
 "4": {
  "name": "HEAVILY_PLAYED",
  "type": "int",
  "class": "build-in",
  "approach": "Pysonar2",
  "file_path": "mtgjson/mtgjson5/providers/tcgplayer.py",
  "lineno": "28",
  "column": "4",
  "context": " LIGHTLY_PLAYED = 2\n    MODERATELY_PLAYED = 3\n    HEAVILY_PLAYED = 4\n    DAMAGED = 5\n    UNOPENED = 6\n\n\nclass CardPrint",
  "context_lines": "    \"\"\"\n\n    NEAR_MINT = 1\n    LIGHTLY_PLAYED = 2\n    MODERATELY_PLAYED = 3\n    HEAVILY_PLAYED = 4\n    DAMAGED = 5\n    UNOPENED = 6\n\n\nclass CardPrinting(enum.Enum):\n    \"\"\"\n",
  "slicing": "    HEAVILY_PLAYED = 4\n"
 },
 "5": {
  "name": "DAMAGED",
  "type": "int",
  "class": "build-in",
  "approach": "Pysonar2",
  "file_path": "mtgjson/mtgjson5/providers/tcgplayer.py",
  "lineno": "29",
  "column": "4",
  "context": " MODERATELY_PLAYED = 3\n    HEAVILY_PLAYED = 4\n    DAMAGED = 5\n    UNOPENED = 6\n\n\nclass CardPrinting(enum.Enum):\n",
  "context_lines": "    NEAR_MINT = 1\n    LIGHTLY_PLAYED = 2\n    MODERATELY_PLAYED = 3\n    HEAVILY_PLAYED = 4\n    DAMAGED = 5\n    UNOPENED = 6\n\n\nclass CardPrinting(enum.Enum):\n    \"\"\"\n    TCGPlayer Printing IDs\n",
  "slicing": "    DAMAGED = 5\n"
 },
 "6": {
  "name": "UNOPENED",
  "type": "int",
  "class": "build-in",
  "approach": "Pysonar2",
  "file_path": "mtgjson/mtgjson5/providers/tcgplayer.py",
  "lineno": "30",
  "column": "4",
  "context": "ED = 3\n    HEAVILY_PLAYED = 4\n    DAMAGED = 5\n    UNOPENED = 6\n\n\nclass CardPrinting(enum.Enum):\n    \"\"\"\n    TCGPl",
  "context_lines": "    LIGHTLY_PLAYED = 2\n    MODERATELY_PLAYED = 3\n    HEAVILY_PLAYED = 4\n    DAMAGED = 5\n    UNOPENED = 6\n\n\nclass CardPrinting(enum.Enum):\n    \"\"\"\n    TCGPlayer Printing IDs\n",
  "slicing": "    UNOPENED = 6\n"
 },
 "7": {
  "name": "NON_FOIL",
  "type": "int",
  "class": "build-in",
  "approach": "Pysonar2",
  "file_path": "mtgjson/mtgjson5/providers/tcgplayer.py",
  "lineno": "38",
  "column": "4",
  "context": ":\n    \"\"\"\n    TCGPlayer Printing IDs\n    \"\"\"\n\n    NON_FOIL = 1\n    FOIL = 2\n\n\nclass CardLanguage(enum.Enum):\n    ",
  "context_lines": "class CardPrinting(enum.Enum):\n    \"\"\"\n    TCGPlayer Printing IDs\n    \"\"\"\n\n    NON_FOIL = 1\n    FOIL = 2\n\n\nclass CardLanguage(enum.Enum):\n    \"\"\"\n    TCGPlayer Language IDs\n",
  "slicing": "    NON_FOIL = 1\n"
 },
 "8": {
  "name": "FOIL",
  "type": "int",
  "class": "build-in",
  "approach": "Pysonar2",
  "file_path": "mtgjson/mtgjson5/providers/tcgplayer.py",
  "lineno": "39",
  "column": "4",
  "context": "Player Printing IDs\n    \"\"\"\n\n    NON_FOIL = 1\n    FOIL = 2\n\n\nclass CardLanguage(enum.Enum):\n    \"\"\"\n    TCGPl",
  "context_lines": "    \"\"\"\n    TCGPlayer Printing IDs\n    \"\"\"\n\n    NON_FOIL = 1\n    FOIL = 2\n\n\nclass CardLanguage(enum.Enum):\n    \"\"\"\n    TCGPlayer Language IDs\n",
  "slicing": "    FOIL = 2\n"
 },
 "9": {
  "name": "ENGLISH",
  "type": "int",
  "class": "build-in",
  "approach": "Pysonar2",
  "file_path": "mtgjson/mtgjson5/providers/tcgplayer.py",
  "lineno": "47",
  "column": "4",
  "context": ":\n    \"\"\"\n    TCGPlayer Language IDs\n    \"\"\"\n\n    ENGLISH = 1\n    CHINESE_SIMPLIFIED = 2\n    CHINESE_TRADITIONAL",
  "context_lines": "class CardLanguage(enum.Enum):\n    \"\"\"\n    TCGPlayer Language IDs\n    \"\"\"\n\n    ENGLISH = 1\n    CHINESE_SIMPLIFIED = 2\n    CHINESE_TRADITIONAL = 3\n    FRENCH = 4\n    GERMAN = 5\n",
  "slicing": "    ENGLISH = 1\n"
 },
 "10": {
  "name": "CHINESE_SIMPLIFIED",
  "type": "int",
  "class": "build-in",
  "approach": "Pysonar2",
  "file_path": "mtgjson/mtgjson5/providers/tcgplayer.py",
  "lineno": "48",
  "column": "4",
  "context": "GPlayer Language IDs\n    \"\"\"\n\n    ENGLISH = 1\n    CHINESE_SIMPLIFIED = 2\n    CHINESE_TRADITIONAL = 3\n    FRENCH = 4\n    GER",
  "context_lines": "    \"\"\"\n    TCGPlayer Language IDs\n    \"\"\"\n\n    ENGLISH = 1\n    CHINESE_SIMPLIFIED = 2\n    CHINESE_TRADITIONAL = 3\n    FRENCH = 4\n    GERMAN = 5\n    ITALIAN = 6\n",
  "slicing": "    CHINESE_SIMPLIFIED = 2\n"
 },
 "11": {
  "name": "CHINESE_TRADITIONAL",
  "type": "int",
  "class": "build-in",
  "approach": "Pysonar2",
  "file_path": "mtgjson/mtgjson5/providers/tcgplayer.py",
  "lineno": "49",
  "column": "4",
  "context": "\"\n\n    ENGLISH = 1\n    CHINESE_SIMPLIFIED = 2\n    CHINESE_TRADITIONAL = 3\n    FRENCH = 4\n    GERMAN = 5\n    ITALIAN = 6\n    ",
  "context_lines": "    TCGPlayer Language IDs\n    \"\"\"\n\n    ENGLISH = 1\n    CHINESE_SIMPLIFIED = 2\n    CHINESE_TRADITIONAL = 3\n    FRENCH = 4\n    GERMAN = 5\n    ITALIAN = 6\n    JAPANESE = 7\n",
  "slicing": "    CHINESE_TRADITIONAL = 3\n"
 },
 "12": {
  "name": "FRENCH",
  "type": "int",
  "class": "build-in",
  "approach": "Pysonar2",
  "file_path": "mtgjson/mtgjson5/providers/tcgplayer.py",
  "lineno": "50",
  "column": "4",
  "context": "SE_SIMPLIFIED = 2\n    CHINESE_TRADITIONAL = 3\n    FRENCH = 4\n    GERMAN = 5\n    ITALIAN = 6\n    JAPANESE = 7\n  ",
  "context_lines": "    \"\"\"\n\n    ENGLISH = 1\n    CHINESE_SIMPLIFIED = 2\n    CHINESE_TRADITIONAL = 3\n    FRENCH = 4\n    GERMAN = 5\n    ITALIAN = 6\n    JAPANESE = 7\n    KOREAN = 8\n",
  "slicing": "    FRENCH = 4\n"
 },
 "13": {
  "name": "GERMAN",
  "type": "int",
  "class": "build-in",
  "approach": "Pysonar2",
  "file_path": "mtgjson/mtgjson5/providers/tcgplayer.py",
  "lineno": "51",
  "column": "4",
  "context": " 2\n    CHINESE_TRADITIONAL = 3\n    FRENCH = 4\n    GERMAN = 5\n    ITALIAN = 6\n    JAPANESE = 7\n    KOREAN = 8\n  ",
  "context_lines": "    ENGLISH = 1\n    CHINESE_SIMPLIFIED = 2\n    CHINESE_TRADITIONAL = 3\n    FRENCH = 4\n    GERMAN = 5\n    ITALIAN = 6\n    JAPANESE = 7\n    KOREAN = 8\n    PORTUGUESE_BRAZIL = 9\n",
  "slicing": "    GERMAN = 5\n"
 },
 "14": {
  "name": "ITALIAN",
  "type": "int",
  "class": "build-in",
  "approach": "Pysonar2",
  "file_path": "mtgjson/mtgjson5/providers/tcgplayer.py",
  "lineno": "52",
  "column": "4",
  "context": "TRADITIONAL = 3\n    FRENCH = 4\n    GERMAN = 5\n    ITALIAN = 6\n    JAPANESE = 7\n    KOREAN = 8\n    PORTUGUESE_BRA",
  "context_lines": "    CHINESE_SIMPLIFIED = 2\n    CHINESE_TRADITIONAL = 3\n    FRENCH = 4\n    GERMAN = 5\n    ITALIAN = 6\n    JAPANESE = 7\n    KOREAN = 8\n    PORTUGUESE_BRAZIL = 9\n    RUSSIAN = 10\n",
  "slicing": "    ITALIAN = 6\n"
 },
 "15": {
  "name": "JAPANESE",
  "type": "int",
  "class": "build-in",
  "approach": "Pysonar2",
  "file_path": "mtgjson/mtgjson5/providers/tcgplayer.py",
  "lineno": "53",
  "column": "4",
  "context": "    FRENCH = 4\n    GERMAN = 5\n    ITALIAN = 6\n    JAPANESE = 7\n    KOREAN = 8\n    PORTUGUESE_BRAZIL = 9\n    RUSSI",
  "context_lines": "    CHINESE_TRADITIONAL = 3\n    FRENCH = 4\n    GERMAN = 5\n    ITALIAN = 6\n    JAPANESE = 7\n    KOREAN = 8\n    PORTUGUESE_BRAZIL = 9\n    RUSSIAN = 10\n    SPANISH = 11\n\n\n",
  "slicing": "    JAPANESE = 7\n"
 },
 "16": {
  "name": "KOREAN",
  "type": "int",
  "class": "build-in",
  "approach": "Pysonar2",
  "file_path": "mtgjson/mtgjson5/providers/tcgplayer.py",
  "lineno": "54",
  "column": "4",
  "context": "  GERMAN = 5\n    ITALIAN = 6\n    JAPANESE = 7\n    KOREAN = 8\n    PORTUGUESE_BRAZIL = 9\n    RUSSIAN = 10\n    SPA",
  "context_lines": "    FRENCH = 4\n    GERMAN = 5\n    ITALIAN = 6\n    JAPANESE = 7\n    KOREAN = 8\n    PORTUGUESE_BRAZIL = 9\n    RUSSIAN = 10\n    SPANISH = 11\n\n\n@singleton\n",
  "slicing": "    KOREAN = 8\n"
 },
 "17": {
  "name": "PORTUGUESE_BRAZIL",
  "type": "int",
  "class": "build-in",
  "approach": "Pysonar2",
  "file_path": "mtgjson/mtgjson5/providers/tcgplayer.py",
  "lineno": "55",
  "column": "4",
  "context": "  ITALIAN = 6\n    JAPANESE = 7\n    KOREAN = 8\n    PORTUGUESE_BRAZIL = 9\n    RUSSIAN = 10\n    SPANISH = 11\n\n\n@singleton\ncla",
  "context_lines": "    GERMAN = 5\n    ITALIAN = 6\n    JAPANESE = 7\n    KOREAN = 8\n    PORTUGUESE_BRAZIL = 9\n    RUSSIAN = 10\n    SPANISH = 11\n\n\n@singleton\nclass TCGPlayerProvider(AbstractProvider):\n",
  "slicing": "    PORTUGUESE_BRAZIL = 9\n"
 },
 "18": {
  "name": "RUSSIAN",
  "type": "int",
  "class": "build-in",
  "approach": "Pysonar2",
  "file_path": "mtgjson/mtgjson5/providers/tcgplayer.py",
  "lineno": "56",
  "column": "4",
  "context": " = 7\n    KOREAN = 8\n    PORTUGUESE_BRAZIL = 9\n    RUSSIAN = 10\n    SPANISH = 11\n\n\n@singleton\nclass TCGPlayerProvi",
  "context_lines": "    ITALIAN = 6\n    JAPANESE = 7\n    KOREAN = 8\n    PORTUGUESE_BRAZIL = 9\n    RUSSIAN = 10\n    SPANISH = 11\n\n\n@singleton\nclass TCGPlayerProvider(AbstractProvider):\n    \"\"\"\n",
  "slicing": "    RUSSIAN = 10\n"
 },
 "19": {
  "name": "SPANISH",
  "type": "int",
  "class": "build-in",
  "approach": "Pysonar2",
  "file_path": "mtgjson/mtgjson5/providers/tcgplayer.py",
  "lineno": "57",
  "column": "4",
  "context": " 8\n    PORTUGUESE_BRAZIL = 9\n    RUSSIAN = 10\n    SPANISH = 11\n\n\n@singleton\nclass TCGPlayerProvider(AbstractProvi",
  "context_lines": "    JAPANESE = 7\n    KOREAN = 8\n    PORTUGUESE_BRAZIL = 9\n    RUSSIAN = 10\n    SPANISH = 11\n\n\n@singleton\nclass TCGPlayerProvider(AbstractProvider):\n    \"\"\"\n",
  "slicing": "    SPANISH = 11\n"
 },
 "20": {
  "name": "GATHERER_CARD",
  "type": "str",
  "class": "build-in",
  "approach": "Pysonar2",
  "file_path": "mtgjson/mtgjson5/providers/gatherer.py",
  "lineno": "39",
  "column": "4",
  "context": "der):\n    \"\"\"\n    Gatherer Container\n    \"\"\"\n\n    GATHERER_CARD = \"http://gatherer.wizards.com/Pages/Card/Details.aspx\"\n    SETS_TO_REMOVE_PARENTHESES = {\"10E\"}\n\n    def ",
  "context_lines": "class GathererProvider(AbstractProvider):\n    \"\"\"\n    Gatherer Container\n    \"\"\"\n\n    GATHERER_CARD = \"http://gatherer.wizards.com/Pages/Card/Details.aspx\"\n    SETS_TO_REMOVE_PARENTHESES = {\"10E\"}\n\n    def __init__(self) -> None:\n        \"\"\"\n        Class Initializer\n",
  "slicing": "    GATHERER_CARD = \"http://gatherer.wizards.com/Pages/Card/Details.aspx\"\n"
 }
}