{
 "1": {
  "name": "DEFAULTS",
  "type": "dict",
  "class": "build-in",
  "approach": "annotation",
  "file_path": "HiDanni/shared/configuration.py",
  "lineno": "9",
  "column": "0",
  "context": "from .exceptions import InvalidArgumentException\n\nDEFAULTS = {\n    \"token\": \"\",\n}\n\ndef get(key: str) -> str:\n    ",
  "context_lines": "import os\nimport random\nimport string\n\nfrom .exceptions import InvalidArgumentException\n\nDEFAULTS = {\n    \"token\": \"\",\n}\n\ndef get(key: str) -> str:\n    try:\n",
  "slicing": [
   "DEFAULTS = {\n",
   "    elif key in DEFAULTS:\n",
   "        cfg[key] = DEFAULTS[key]\n"
  ]
 },
 "2": {
  "name": "fh",
  "type": "UNKNOWN",
  "class": "unknown",
  "approach": "annotation",
  "file_path": "HiDanni/shared/configuration.py",
  "lineno": "32",
  "column": "4",
  "context": "rint(\"CONFIG: {0}={1}\".format(key, cfg[key]))\n    fh = open('config.json', 'w')\n    fh.write(json.dumps(cfg, indent=4))\n    return",
  "context_lines": "            cfg[key] = cfg[key]()\n    else:\n        raise InvalidArgumentException('No default or other configuration value available for {key}'.format(key=key))\n\n    print(\"CONFIG: {0}={1}\".format(key, cfg[key]))\n    fh = open('config.json', 'w')\n    fh.write(json.dumps(cfg, indent=4))\n    return cfg[key]\n\ndef write(key: str, value: str) -> str:\n    try:\n",
  "slicing": [
   "    fh = open('config.json', 'w')\n",
   "    fh.write(json.dumps(cfg, indent=4))\n",
   "    fh.write(json.dumps(cfg, indent=4, sort_keys=True))\n"
  ]
 },
 "3": {
  "name": "cfg",
  "type": "UNKNOWN",
  "class": "unknown",
  "approach": "Pysonar2",
  "file_path": "HiDanni/shared/configuration.py",
  "lineno": "15",
  "column": "8",
  "context": "\"\",\n}\n\ndef get(key: str) -> str:\n    try:\n        cfg = json.load(open('config.json'))\n    except FileNotFoundError:\n        cfg = {}\n   ",
  "context_lines": "    \"token\": \"\",\n}\n\ndef get(key: str) -> str:\n    try:\n        cfg = json.load(open('config.json'))\n    except FileNotFoundError:\n        cfg = {}\n    if key in cfg:\n        return cfg[key]\n",
  "slicing": [
   "        cfg = json.load(open('config.json'))\n",
   "    if key in cfg:\n",
   "        return cfg[key]\n",
   "        cfg[key] = os.environ[key]\n",
   "        cfg[key] = DEFAULTS[key]\n",
   "        if inspect.isfunction(cfg[key]): # If default value is a function, call it.\n",
   "            cfg[key] = cfg[key]()\n",
   "    print(\"CONFIG: {0}={1}\".format(key, cfg[key]))\n",
   "    fh.write(json.dumps(cfg, indent=4))\n",
   "    return cfg[key]\n",
   "    cfg[key] = value\n",
   "    print(\"CONFIG: {0}={1}\".format(key, cfg[key]))\n",
   "    fh.write(json.dumps(cfg, indent=4, sort_keys=True))\n",
   "    return cfg[key]\n"
  ]
 },
 "4": {
  "name": "cfg",
  "type": "dict",
  "class": "build-in",
  "approach": "annotation",
  "file_path": "HiDanni/shared/configuration.py",
  "lineno": "17",
  "column": "8",
  "context": "fig.json'))\n    except FileNotFoundError:\n        cfg = {}\n    if key in cfg:\n        return cfg[key]\n    eli",
  "context_lines": "def get(key: str) -> str:\n    try:\n        cfg = json.load(open('config.json'))\n    except FileNotFoundError:\n        cfg = {}\n    if key in cfg:\n        return cfg[key]\n    elif key in os.environ:\n        cfg[key] = os.environ[key]\n",
  "slicing": [
   "        cfg = {}\n",
   "    if key in cfg:\n",
   "        return cfg[key]\n",
   "        cfg[key] = os.environ[key]\n",
   "        cfg[key] = DEFAULTS[key]\n",
   "        if inspect.isfunction(cfg[key]): # If default value is a function, call it.\n",
   "            cfg[key] = cfg[key]()\n",
   "    print(\"CONFIG: {0}={1}\".format(key, cfg[key]))\n",
   "    fh.write(json.dumps(cfg, indent=4))\n",
   "    return cfg[key]\n",
   "    cfg[key] = value\n",
   "    print(\"CONFIG: {0}={1}\".format(key, cfg[key]))\n",
   "    fh.write(json.dumps(cfg, indent=4, sort_keys=True))\n",
   "    return cfg[key]\n"
  ]
 },
 "5": {
  "name": "fh",
  "type": "UNKNOWN",
  "class": "unknown",
  "approach": "annotation",
  "file_path": "HiDanni/shared/configuration.py",
  "lineno": "45",
  "column": "4",
  "context": "rint(\"CONFIG: {0}={1}\".format(key, cfg[key]))\n    fh = open('config.json', 'w')\n    fh.write(json.dumps(cfg, indent=4, sort_keys=T",
  "context_lines": "    except FileNotFoundError:\n        cfg = {}\n\n    cfg[key] = value\n\n    print(\"CONFIG: {0}={1}\".format(key, cfg[key]))\n    fh = open('config.json', 'w')\n    fh.write(json.dumps(cfg, indent=4, sort_keys=True))\n",
  "slicing": [
   "    fh = open('config.json', 'w')\n",
   "    fh.write(json.dumps(cfg, indent=4, sort_keys=True))\n"
  ]
 },
 "6": {
  "name": "cfg",
  "type": "UNKNOWN",
  "class": "unknown",
  "approach": "Pysonar2",
  "file_path": "HiDanni/shared/configuration.py",
  "lineno": "38",
  "column": "8",
  "context": "te(key: str, value: str) -> str:\n    try:\n        cfg = json.load(open('config.json'))\n    except FileNotFoundError:\n        cfg = {}\n\n  ",
  "context_lines": "    fh.write(json.dumps(cfg, indent=4))\n    return cfg[key]\n\ndef write(key: str, value: str) -> str:\n    try:\n        cfg = json.load(open('config.json'))\n    except FileNotFoundError:\n        cfg = {}\n\n    cfg[key] = value\n\n    print(\"CONFIG: {0}={1}\".format(key, cfg[key]))\n",
  "slicing": [
   "        cfg = json.load(open('config.json'))\n",
   "    cfg[key] = value\n",
   "    print(\"CONFIG: {0}={1}\".format(key, cfg[key]))\n",
   "    fh.write(json.dumps(cfg, indent=4, sort_keys=True))\n",
   "    return cfg[key]\n"
  ]
 },
 "7": {
  "name": "cfg",
  "type": "dict",
  "class": "build-in",
  "approach": "annotation",
  "file_path": "HiDanni/shared/configuration.py",
  "lineno": "40",
  "column": "8",
  "context": "fig.json'))\n    except FileNotFoundError:\n        cfg = {}\n\n    cfg[key] = value\n\n    print(\"CONFIG: {0}={1}\"",
  "context_lines": "def write(key: str, value: str) -> str:\n    try:\n        cfg = json.load(open('config.json'))\n    except FileNotFoundError:\n        cfg = {}\n\n    cfg[key] = value\n\n    print(\"CONFIG: {0}={1}\".format(key, cfg[key]))\n    fh = open('config.json', 'w')\n",
  "slicing": [
   "        cfg = {}\n",
   "    cfg[key] = value\n",
   "    print(\"CONFIG: {0}={1}\".format(key, cfg[key]))\n",
   "    fh.write(json.dumps(cfg, indent=4, sort_keys=True))\n",
   "    return cfg[key]\n"
  ]
 },
 "8": {
  "name": "t",
  "type": "UNKNOWN",
  "class": "unknown",
  "approach": "Pysonar2",
  "file_path": "HiDanni/discordbot/main.py",
  "lineno": "22",
  "column": "8",
  "context": " float] = LimitedSizeDict(size_limit=500)\n        t = datetime.timedelta(hours=2)\n        self.next_meow = datetime.datetime.now() +",
  "context_lines": "    def __init__(self) -> None:\n        self.client = discord.Client()\n        self.cache: Dict[User, str] = LimitedSizeDict(size_limit=500)\n        self.owos: Dict[User, float] = LimitedSizeDict(size_limit=500)\n        t = datetime.timedelta(hours=2)\n        self.next_meow = datetime.datetime.now() + t\n\n    def init(self) -> None:\n        self.client.run(configuration.get('token'))\n\n    def get_yeet(self) -> Emoji:\n",
  "slicing": [
   "        t = datetime.timedelta(hours=2)\n",
   "        self.next_meow = datetime.datetime.now() + t\n",
   "        BOT.next_meow = datetime.datetime.now() + t\n"
  ]
 },
 "9": {
  "name": "yeets",
  "type": "list",
  "class": "build-in",
  "approach": "annotation",
  "file_path": "HiDanni/discordbot/main.py",
  "lineno": "29",
  "column": "8",
  "context": "oken'))\n\n    def get_yeet(self) -> Emoji:\n        yeets = []\n        for emoji in self.client.emojis:\n         ",
  "context_lines": "        self.next_meow = datetime.datetime.now() + t\n\n    def init(self) -> None:\n        self.client.run(configuration.get('token'))\n\n    def get_yeet(self) -> Emoji:\n        yeets = []\n        for emoji in self.client.emojis:\n            if emoji.name.startswith('yeet'):\n                yeets.append(emoji)\n        if not yeets:\n",
  "slicing": [
   "        yeets = []\n",
   "                yeets.append(emoji)\n",
   "        if not yeets:\n",
   "        random.shuffle(yeets)\n",
   "        return yeets[0]\n"
  ]
 },
 "10": {
  "name": "BOT",
  "type": "Bot",
  "class": "customized",
  "approach": "annotation",
  "file_path": "HiDanni/discordbot/main.py",
  "lineno": "38",
  "column": "0",
  "context": "   random.shuffle(yeets)\n        return yeets[0]\n\nBOT = Bot()\nREGEXP_I = r'[Iℹ🇮]'\nREGEXP_APOS = r\"['’\\\" ]?\"\nREGE",
  "context_lines": "        if not yeets:\n            return None\n        random.shuffle(yeets)\n        return yeets[0]\n\nBOT = Bot()\nREGEXP_I = r'[Iℹ🇮]'\nREGEXP_APOS = r\"['’\\\" ]?\"\nREGEXP_M = r'[m♏🇲]'\nREGEXP_AM = r'(am|is)'\n\n",
  "slicing": [
   "BOT = Bot()\n",
   "@BOT.client.event\n",
   "    if message.author == BOT.client.user:\n",
   "        await BOT.client.logout()\n",
   "        yeet = BOT.get_yeet()\n",
   "        if yeet:\n",
   "            await message.channel.send(str(yeet))\n",
   "    diff = datetime.datetime.now().timestamp() - BOT.next_meow.timestamp()\n",
   "    if diff > 0:\n",
   "        BOT.next_meow = datetime.datetime.now() + t\n",
   "        BOT.owos[message.author] = datetime.datetime.now().timestamp()\n",
   "    last_owo = BOT.owos.get(message.author, 0)\n",
   "    diff = datetime.datetime.now().timestamp() - last_owo\n",
   "    if diff < 300: # five minutes\n",
   "        m = re.search(REGEX_IM, BOT.cache.get(message.author, '') + ' ' + message.clean_content, re.IGNORECASE)\n",
   "        BOT.cache[message.author] = message.clean_content\n",
   "    if m:\n",
   "        i_is = m.group(1).endswith(' is')\n",
   "        name = m.group('name')\n",
   "        name = name.strip(STRIP_CHARS)\n",
   "        name = make_positive(name)\n",
   "        name = name[0].upper() + name[1:]\n",
   "        if len(name) > 32:\n",
   "            splits = name.rsplit('.')\n",
   "            while len(splits) > 1 and len('.'.join(splits[:-1])) > 32:\n",
   "                splits = splits[:-1]\n",
   "            name = '.'.join(splits)\n",
   "            name = name.strip(STRIP_CHARS)\n",
   "        nname = name\n",
   "        if len(name) > 32:\n",
   "            nname = name[:31]\n",
   "            nname = nname.strip(STRIP_CHARS)\n",
   "            await message.author.edit(nick=nname)\n",
   "        if i_is:\n",
   "            await message.channel.send(f\"Yes, you are {name}\")\n",
   "        await message.channel.send(f\"Hi {name}, I'm Danni\")\n",
   "    nname = re.sub(r'^' + REGEX_SUPERLATIVE + r'not cute', 'really cute', nname, flags=re.I)\n",
   "    nname = re.sub(r'^' + REGEX_SUPERLATIVE + r'(f?ugly|hideous|garbage)', 'beautiful', nname, flags=re.I)\n",
   "    nname = re.sub(r'^' + REGEX_SUPERLATIVE + r'gross', 'beautiful', nname, flags=re.I)\n",
   "    nname = re.sub(r'^' + REGEX_SUPERLATIVE + r'awful', 'lovely', nname, flags=re.I)\n",
   "    nname = re.sub(r'^' + REGEX_SUPERLATIVE + r'dumb', 'brilliant', nname, flags=re.I)\n",
   "    nname = re.sub(r'^' + REGEX_SUPERLATIVE + r'useless', 'valuable', nname, flags=re.I)\n",
   "    return nname\n",
   "        if wh.user == BOT.client.user:\n",
   "@BOT.client.event\n",
   "    print('Logged in as {username} ({id})'.format(username=BOT.client.user.name, id=BOT.client.user.id))\n",
   "    print('Connected to {0}'.format(', '.join([server.name for server in BOT.client.guilds])))\n",
   "@BOT.client.event\n",
   "@BOT.client.event\n",
   "        if reaction.message.author == BOT.client.user:\n",
   "@BOT.client.event\n",
   "        path = os.path.join('emoji', name + '.png')\n",
   "        if not os.path.exists(path):\n",
   "            with open(path, mode='wb') as fout:\n",
   "    BOT.init()\n"
  ]
 },
 "11": {
  "name": "REGEXP_I",
  "type": "str",
  "class": "build-in",
  "approach": "Pysonar2",
  "file_path": "HiDanni/discordbot/main.py",
  "lineno": "39",
  "column": "0",
  "context": "uffle(yeets)\n        return yeets[0]\n\nBOT = Bot()\nREGEXP_I = r'[Iℹ🇮]'\nREGEXP_APOS = r\"['’\\\" ]?\"\nREGEXP_M = r'[m♏🇲]'\nREGE",
  "context_lines": "            return None\n        random.shuffle(yeets)\n        return yeets[0]\n\nBOT = Bot()\nREGEXP_I = r'[Iℹ🇮]'\nREGEXP_APOS = r\"['’\\\" ]?\"\nREGEXP_M = r'[m♏🇲]'\nREGEXP_AM = r'(am|is)'\n\nREGEX_IM = r\"\\b(\" + REGEXP_I + REGEXP_APOS + REGEXP_M + r\"|\" + REGEXP_I + r\"\\W\" + REGEXP_AM +  r\")\\W+(?P<name>[\\w\\W]+)\"\n",
  "slicing": [
   "REGEXP_I = r'[Iℹ🇮]'\n",
   "REGEX_IM = r\"\\b(\" + REGEXP_I + REGEXP_APOS + REGEXP_M + r\"|\" + REGEXP_I + r\"\\W\" + REGEXP_AM +  r\")\\W+(?P<name>[\\w\\W]+)\"\n",
   "    m = re.search(REGEX_IM, message.clean_content, re.IGNORECASE)\n",
   "    if not m:\n",
   "        m = re.search(REGEX_IM, BOT.cache.get(message.author, '') + ' ' + message.clean_content, re.IGNORECASE)\n",
   "    if m:\n",
   "        i_is = m.group(1).endswith(' is')\n",
   "        name = m.group('name')\n",
   "        name = name.strip(STRIP_CHARS)\n",
   "        name = make_positive(name)\n",
   "        name = name[0].upper() + name[1:]\n",
   "        if len(name) > 32:\n",
   "            splits = name.rsplit('.')\n",
   "            while len(splits) > 1 and len('.'.join(splits[:-1])) > 32:\n",
   "                splits = splits[:-1]\n",
   "            name = '.'.join(splits)\n",
   "            name = name.strip(STRIP_CHARS)\n",
   "        nname = name\n",
   "        if len(name) > 32:\n",
   "            nname = name[:31]\n",
   "            nname = nname.strip(STRIP_CHARS)\n",
   "            await message.author.edit(nick=nname)\n",
   "        if i_is:\n",
   "            await message.channel.send(f\"Yes, you are {name}\")\n",
   "        await message.channel.send(f\"Hi {name}, I'm Danni\")\n",
   "    nname = re.sub(r'^' + REGEX_SUPERLATIVE + r'not cute', 'really cute', nname, flags=re.I)\n",
   "    nname = re.sub(r'^' + REGEX_SUPERLATIVE + r'(f?ugly|hideous|garbage)', 'beautiful', nname, flags=re.I)\n",
   "    nname = re.sub(r'^' + REGEX_SUPERLATIVE + r'gross', 'beautiful', nname, flags=re.I)\n",
   "    nname = re.sub(r'^' + REGEX_SUPERLATIVE + r'awful', 'lovely', nname, flags=re.I)\n",
   "    nname = re.sub(r'^' + REGEX_SUPERLATIVE + r'dumb', 'brilliant', nname, flags=re.I)\n",
   "    nname = re.sub(r'^' + REGEX_SUPERLATIVE + r'useless', 'valuable', nname, flags=re.I)\n",
   "    return nname\n",
   "        path = os.path.join('emoji', name + '.png')\n",
   "        if not os.path.exists(path):\n",
   "            with open(path, mode='wb') as fout:\n"
  ]
 },
 "12": {
  "name": "REGEXP_APOS",
  "type": "str",
  "class": "build-in",
  "approach": "Pysonar2",
  "file_path": "HiDanni/discordbot/main.py",
  "lineno": "40",
  "column": "0",
  "context": " return yeets[0]\n\nBOT = Bot()\nREGEXP_I = r'[Iℹ🇮]'\nREGEXP_APOS = r\"['’\\\" ]?\"\nREGEXP_M = r'[m♏🇲]'\nREGEXP_AM = r'(am|is)'\n\nREGEX_",
  "context_lines": "        random.shuffle(yeets)\n        return yeets[0]\n\nBOT = Bot()\nREGEXP_I = r'[Iℹ🇮]'\nREGEXP_APOS = r\"['’\\\" ]?\"\nREGEXP_M = r'[m♏🇲]'\nREGEXP_AM = r'(am|is)'\n\nREGEX_IM = r\"\\b(\" + REGEXP_I + REGEXP_APOS + REGEXP_M + r\"|\" + REGEXP_I + r\"\\W\" + REGEXP_AM +  r\")\\W+(?P<name>[\\w\\W]+)\"\nREGEX_AM = r''\n",
  "slicing": [
   "REGEXP_APOS = r\"['’\\\" ]?\"\n",
   "REGEX_IM = r\"\\b(\" + REGEXP_I + REGEXP_APOS + REGEXP_M + r\"|\" + REGEXP_I + r\"\\W\" + REGEXP_AM +  r\")\\W+(?P<name>[\\w\\W]+)\"\n",
   "    m = re.search(REGEX_IM, message.clean_content, re.IGNORECASE)\n",
   "    if not m:\n",
   "        m = re.search(REGEX_IM, BOT.cache.get(message.author, '') + ' ' + message.clean_content, re.IGNORECASE)\n",
   "    if m:\n",
   "        i_is = m.group(1).endswith(' is')\n",
   "        name = m.group('name')\n",
   "        name = name.strip(STRIP_CHARS)\n",
   "        name = make_positive(name)\n",
   "        name = name[0].upper() + name[1:]\n",
   "        if len(name) > 32:\n",
   "            splits = name.rsplit('.')\n",
   "            while len(splits) > 1 and len('.'.join(splits[:-1])) > 32:\n",
   "                splits = splits[:-1]\n",
   "            name = '.'.join(splits)\n",
   "            name = name.strip(STRIP_CHARS)\n",
   "        nname = name\n",
   "        if len(name) > 32:\n",
   "            nname = name[:31]\n",
   "            nname = nname.strip(STRIP_CHARS)\n",
   "            await message.author.edit(nick=nname)\n",
   "        if i_is:\n",
   "            await message.channel.send(f\"Yes, you are {name}\")\n",
   "        await message.channel.send(f\"Hi {name}, I'm Danni\")\n",
   "    nname = re.sub(r'^' + REGEX_SUPERLATIVE + r'not cute', 'really cute', nname, flags=re.I)\n",
   "    nname = re.sub(r'^' + REGEX_SUPERLATIVE + r'(f?ugly|hideous|garbage)', 'beautiful', nname, flags=re.I)\n",
   "    nname = re.sub(r'^' + REGEX_SUPERLATIVE + r'gross', 'beautiful', nname, flags=re.I)\n",
   "    nname = re.sub(r'^' + REGEX_SUPERLATIVE + r'awful', 'lovely', nname, flags=re.I)\n",
   "    nname = re.sub(r'^' + REGEX_SUPERLATIVE + r'dumb', 'brilliant', nname, flags=re.I)\n",
   "    nname = re.sub(r'^' + REGEX_SUPERLATIVE + r'useless', 'valuable', nname, flags=re.I)\n",
   "    return nname\n",
   "        path = os.path.join('emoji', name + '.png')\n",
   "        if not os.path.exists(path):\n",
   "            with open(path, mode='wb') as fout:\n"
  ]
 },
 "13": {
  "name": "REGEXP_M",
  "type": "str",
  "class": "build-in",
  "approach": "Pysonar2",
  "file_path": "HiDanni/discordbot/main.py",
  "lineno": "41",
  "column": "0",
  "context": "t()\nREGEXP_I = r'[Iℹ🇮]'\nREGEXP_APOS = r\"['’\\\" ]?\"\nREGEXP_M = r'[m♏🇲]'\nREGEXP_AM = r'(am|is)'\n\nREGEX_IM = r\"\\b(\" + REGEXP",
  "context_lines": "        return yeets[0]\n\nBOT = Bot()\nREGEXP_I = r'[Iℹ🇮]'\nREGEXP_APOS = r\"['’\\\" ]?\"\nREGEXP_M = r'[m♏🇲]'\nREGEXP_AM = r'(am|is)'\n\nREGEX_IM = r\"\\b(\" + REGEXP_I + REGEXP_APOS + REGEXP_M + r\"|\" + REGEXP_I + r\"\\W\" + REGEXP_AM +  r\")\\W+(?P<name>[\\w\\W]+)\"\nREGEX_AM = r''\nSTRIP_CHARS = ' .!,)?*~|'\n",
  "slicing": [
   "REGEXP_M = r'[m♏🇲]'\n",
   "REGEX_IM = r\"\\b(\" + REGEXP_I + REGEXP_APOS + REGEXP_M + r\"|\" + REGEXP_I + r\"\\W\" + REGEXP_AM +  r\")\\W+(?P<name>[\\w\\W]+)\"\n",
   "    m = re.search(REGEX_IM, message.clean_content, re.IGNORECASE)\n",
   "    if not m:\n",
   "        m = re.search(REGEX_IM, BOT.cache.get(message.author, '') + ' ' + message.clean_content, re.IGNORECASE)\n",
   "    if m:\n",
   "        i_is = m.group(1).endswith(' is')\n",
   "        name = m.group('name')\n",
   "        name = name.strip(STRIP_CHARS)\n",
   "        name = make_positive(name)\n",
   "        name = name[0].upper() + name[1:]\n",
   "        if len(name) > 32:\n",
   "            splits = name.rsplit('.')\n",
   "            while len(splits) > 1 and len('.'.join(splits[:-1])) > 32:\n",
   "                splits = splits[:-1]\n",
   "            name = '.'.join(splits)\n",
   "            name = name.strip(STRIP_CHARS)\n",
   "        nname = name\n",
   "        if len(name) > 32:\n",
   "            nname = name[:31]\n",
   "            nname = nname.strip(STRIP_CHARS)\n",
   "            await message.author.edit(nick=nname)\n",
   "        if i_is:\n",
   "            await message.channel.send(f\"Yes, you are {name}\")\n",
   "        await message.channel.send(f\"Hi {name}, I'm Danni\")\n",
   "    nname = re.sub(r'^' + REGEX_SUPERLATIVE + r'not cute', 'really cute', nname, flags=re.I)\n",
   "    nname = re.sub(r'^' + REGEX_SUPERLATIVE + r'(f?ugly|hideous|garbage)', 'beautiful', nname, flags=re.I)\n",
   "    nname = re.sub(r'^' + REGEX_SUPERLATIVE + r'gross', 'beautiful', nname, flags=re.I)\n",
   "    nname = re.sub(r'^' + REGEX_SUPERLATIVE + r'awful', 'lovely', nname, flags=re.I)\n",
   "    nname = re.sub(r'^' + REGEX_SUPERLATIVE + r'dumb', 'brilliant', nname, flags=re.I)\n",
   "    nname = re.sub(r'^' + REGEX_SUPERLATIVE + r'useless', 'valuable', nname, flags=re.I)\n",
   "    return nname\n",
   "        path = os.path.join('emoji', name + '.png')\n",
   "        if not os.path.exists(path):\n",
   "            with open(path, mode='wb') as fout:\n"
  ]
 },
 "14": {
  "name": "REGEXP_AM",
  "type": "str",
  "class": "build-in",
  "approach": "Pysonar2",
  "file_path": "HiDanni/discordbot/main.py",
  "lineno": "42",
  "column": "0",
  "context": "🇮]'\nREGEXP_APOS = r\"['’\\\" ]?\"\nREGEXP_M = r'[m♏🇲]'\nREGEXP_AM = r'(am|is)'\n\nREGEX_IM = r\"\\b(\" + REGEXP_I + REGEXP_APOS + REGE",
  "context_lines": "BOT = Bot()\nREGEXP_I = r'[Iℹ🇮]'\nREGEXP_APOS = r\"['’\\\" ]?\"\nREGEXP_M = r'[m♏🇲]'\nREGEXP_AM = r'(am|is)'\n\nREGEX_IM = r\"\\b(\" + REGEXP_I + REGEXP_APOS + REGEXP_M + r\"|\" + REGEXP_I + r\"\\W\" + REGEXP_AM +  r\")\\W+(?P<name>[\\w\\W]+)\"\nREGEX_AM = r''\nSTRIP_CHARS = ' .!,)?*~|'\n",
  "slicing": [
   "REGEXP_AM = r'(am|is)'\n",
   "REGEX_IM = r\"\\b(\" + REGEXP_I + REGEXP_APOS + REGEXP_M + r\"|\" + REGEXP_I + r\"\\W\" + REGEXP_AM +  r\")\\W+(?P<name>[\\w\\W]+)\"\n",
   "    m = re.search(REGEX_IM, message.clean_content, re.IGNORECASE)\n",
   "    if not m:\n",
   "        m = re.search(REGEX_IM, BOT.cache.get(message.author, '') + ' ' + message.clean_content, re.IGNORECASE)\n",
   "    if m:\n",
   "        i_is = m.group(1).endswith(' is')\n",
   "        name = m.group('name')\n",
   "        name = name.strip(STRIP_CHARS)\n",
   "        name = make_positive(name)\n",
   "        name = name[0].upper() + name[1:]\n",
   "        if len(name) > 32:\n",
   "            splits = name.rsplit('.')\n",
   "            while len(splits) > 1 and len('.'.join(splits[:-1])) > 32:\n",
   "                splits = splits[:-1]\n",
   "            name = '.'.join(splits)\n",
   "            name = name.strip(STRIP_CHARS)\n",
   "        nname = name\n",
   "        if len(name) > 32:\n",
   "            nname = name[:31]\n",
   "            nname = nname.strip(STRIP_CHARS)\n",
   "            await message.author.edit(nick=nname)\n",
   "        if i_is:\n",
   "            await message.channel.send(f\"Yes, you are {name}\")\n",
   "        await message.channel.send(f\"Hi {name}, I'm Danni\")\n",
   "    nname = re.sub(r'^' + REGEX_SUPERLATIVE + r'not cute', 'really cute', nname, flags=re.I)\n",
   "    nname = re.sub(r'^' + REGEX_SUPERLATIVE + r'(f?ugly|hideous|garbage)', 'beautiful', nname, flags=re.I)\n",
   "    nname = re.sub(r'^' + REGEX_SUPERLATIVE + r'gross', 'beautiful', nname, flags=re.I)\n",
   "    nname = re.sub(r'^' + REGEX_SUPERLATIVE + r'awful', 'lovely', nname, flags=re.I)\n",
   "    nname = re.sub(r'^' + REGEX_SUPERLATIVE + r'dumb', 'brilliant', nname, flags=re.I)\n",
   "    nname = re.sub(r'^' + REGEX_SUPERLATIVE + r'useless', 'valuable', nname, flags=re.I)\n",
   "    return nname\n",
   "        path = os.path.join('emoji', name + '.png')\n",
   "        if not os.path.exists(path):\n",
   "            with open(path, mode='wb') as fout:\n"
  ]
 },
 "15": {
  "name": "REGEX_IM",
  "type": "str",
  "class": "build-in",
  "approach": "Pysonar2",
  "file_path": "HiDanni/discordbot/main.py",
  "lineno": "44",
  "column": "0",
  "context": "\" ]?\"\nREGEXP_M = r'[m♏🇲]'\nREGEXP_AM = r'(am|is)'\n\nREGEX_IM = r\"\\b(\" + REGEXP_I + REGEXP_APOS + REGEXP_M + r\"|\" + REGEXP_I + r\"\\W\" + REGEXP_AM +  r\")\\W+(?P<name>[\\w\\W]+)\"\nREGEX_AM = r''\nSTRIP_CHARS = ' .!,)?*~|'\nREGEX_SUP",
  "context_lines": "REGEXP_I = r'[Iℹ🇮]'\nREGEXP_APOS = r\"['’\\\" ]?\"\nREGEXP_M = r'[m♏🇲]'\nREGEXP_AM = r'(am|is)'\n\nREGEX_IM = r\"\\b(\" + REGEXP_I + REGEXP_APOS + REGEXP_M + r\"|\" + REGEXP_I + r\"\\W\" + REGEXP_AM +  r\")\\W+(?P<name>[\\w\\W]+)\"\nREGEX_AM = r''\nSTRIP_CHARS = ' .!,)?*~|'\nREGEX_SUPERLATIVE = r'((very|really|super) ?)*'\n\n@BOT.client.event\n",
  "slicing": [
   "REGEX_IM = r\"\\b(\" + REGEXP_I + REGEXP_APOS + REGEXP_M + r\"|\" + REGEXP_I + r\"\\W\" + REGEXP_AM +  r\")\\W+(?P<name>[\\w\\W]+)\"\n",
   "    m = re.search(REGEX_IM, message.clean_content, re.IGNORECASE)\n",
   "    if not m:\n",
   "        m = re.search(REGEX_IM, BOT.cache.get(message.author, '') + ' ' + message.clean_content, re.IGNORECASE)\n",
   "    if m:\n",
   "        i_is = m.group(1).endswith(' is')\n",
   "        name = m.group('name')\n",
   "        name = name.strip(STRIP_CHARS)\n",
   "        name = make_positive(name)\n",
   "        name = name[0].upper() + name[1:]\n",
   "        if len(name) > 32:\n",
   "            splits = name.rsplit('.')\n",
   "            while len(splits) > 1 and len('.'.join(splits[:-1])) > 32:\n",
   "                splits = splits[:-1]\n",
   "            name = '.'.join(splits)\n",
   "            name = name.strip(STRIP_CHARS)\n",
   "        nname = name\n",
   "        if len(name) > 32:\n",
   "            nname = name[:31]\n",
   "            nname = nname.strip(STRIP_CHARS)\n",
   "            await message.author.edit(nick=nname)\n",
   "        if i_is:\n",
   "            await message.channel.send(f\"Yes, you are {name}\")\n",
   "        await message.channel.send(f\"Hi {name}, I'm Danni\")\n",
   "    nname = re.sub(r'^' + REGEX_SUPERLATIVE + r'not cute', 'really cute', nname, flags=re.I)\n",
   "    nname = re.sub(r'^' + REGEX_SUPERLATIVE + r'(f?ugly|hideous|garbage)', 'beautiful', nname, flags=re.I)\n",
   "    nname = re.sub(r'^' + REGEX_SUPERLATIVE + r'gross', 'beautiful', nname, flags=re.I)\n",
   "    nname = re.sub(r'^' + REGEX_SUPERLATIVE + r'awful', 'lovely', nname, flags=re.I)\n",
   "    nname = re.sub(r'^' + REGEX_SUPERLATIVE + r'dumb', 'brilliant', nname, flags=re.I)\n",
   "    nname = re.sub(r'^' + REGEX_SUPERLATIVE + r'useless', 'valuable', nname, flags=re.I)\n",
   "    return nname\n",
   "        path = os.path.join('emoji', name + '.png')\n",
   "        if not os.path.exists(path):\n",
   "            with open(path, mode='wb') as fout:\n"
  ]
 },
 "16": {
  "name": "REGEX_AM",
  "type": "str",
  "class": "build-in",
  "approach": "Pysonar2",
  "file_path": "HiDanni/discordbot/main.py",
  "lineno": "45",
  "column": "0",
  "context": "I + r\"\\W\" + REGEXP_AM +  r\")\\W+(?P<name>[\\w\\W]+)\"\nREGEX_AM = r''\nSTRIP_CHARS = ' .!,)?*~|'\nREGEX_SUPERLATIVE = r'((",
  "context_lines": "REGEXP_APOS = r\"['’\\\" ]?\"\nREGEXP_M = r'[m♏🇲]'\nREGEXP_AM = r'(am|is)'\n\nREGEX_IM = r\"\\b(\" + REGEXP_I + REGEXP_APOS + REGEXP_M + r\"|\" + REGEXP_I + r\"\\W\" + REGEXP_AM +  r\")\\W+(?P<name>[\\w\\W]+)\"\nREGEX_AM = r''\nSTRIP_CHARS = ' .!,)?*~|'\nREGEX_SUPERLATIVE = r'((very|really|super) ?)*'\n\n@BOT.client.event\nasync def on_message(message: Message) -> None:\n",
  "slicing": "REGEX_AM = r''\n"
 },
 "17": {
  "name": "STRIP_CHARS",
  "type": "str",
  "class": "build-in",
  "approach": "Pysonar2",
  "file_path": "HiDanni/discordbot/main.py",
  "lineno": "46",
  "column": "0",
  "context": "EXP_AM +  r\")\\W+(?P<name>[\\w\\W]+)\"\nREGEX_AM = r''\nSTRIP_CHARS = ' .!,)?*~|'\nREGEX_SUPERLATIVE = r'((very|really|super) ?)*'\n\n@",
  "context_lines": "REGEXP_M = r'[m♏🇲]'\nREGEXP_AM = r'(am|is)'\n\nREGEX_IM = r\"\\b(\" + REGEXP_I + REGEXP_APOS + REGEXP_M + r\"|\" + REGEXP_I + r\"\\W\" + REGEXP_AM +  r\")\\W+(?P<name>[\\w\\W]+)\"\nREGEX_AM = r''\nSTRIP_CHARS = ' .!,)?*~|'\nREGEX_SUPERLATIVE = r'((very|really|super) ?)*'\n\n@BOT.client.event\nasync def on_message(message: Message) -> None:\n    await slurp_emoji(message)\n",
  "slicing": [
   "STRIP_CHARS = ' .!,)?*~|'\n",
   "        name = name.strip(STRIP_CHARS)\n",
   "        name = make_positive(name)\n",
   "        name = name[0].upper() + name[1:]\n",
   "        if len(name) > 32:\n",
   "            splits = name.rsplit('.')\n",
   "            while len(splits) > 1 and len('.'.join(splits[:-1])) > 32:\n",
   "                splits = splits[:-1]\n",
   "            name = '.'.join(splits)\n",
   "            name = name.strip(STRIP_CHARS)\n",
   "        nname = name\n",
   "        if len(name) > 32:\n",
   "            nname = name[:31]\n",
   "            nname = nname.strip(STRIP_CHARS)\n",
   "            await message.author.edit(nick=nname)\n",
   "            await message.channel.send(f\"Yes, you are {name}\")\n",
   "        await message.channel.send(f\"Hi {name}, I'm Danni\")\n",
   "    nname = re.sub(r'^' + REGEX_SUPERLATIVE + r'not cute', 'really cute', nname, flags=re.I)\n",
   "    nname = re.sub(r'^' + REGEX_SUPERLATIVE + r'(f?ugly|hideous|garbage)', 'beautiful', nname, flags=re.I)\n",
   "    nname = re.sub(r'^' + REGEX_SUPERLATIVE + r'gross', 'beautiful', nname, flags=re.I)\n",
   "    nname = re.sub(r'^' + REGEX_SUPERLATIVE + r'awful', 'lovely', nname, flags=re.I)\n",
   "    nname = re.sub(r'^' + REGEX_SUPERLATIVE + r'dumb', 'brilliant', nname, flags=re.I)\n",
   "    nname = re.sub(r'^' + REGEX_SUPERLATIVE + r'useless', 'valuable', nname, flags=re.I)\n",
   "    return nname\n",
   "        path = os.path.join('emoji', name + '.png')\n",
   "        if not os.path.exists(path):\n",
   "            with open(path, mode='wb') as fout:\n"
  ]
 },
 "18": {
  "name": "REGEX_SUPERLATIVE",
  "type": "str",
  "class": "build-in",
  "approach": "Pysonar2",
  "file_path": "HiDanni/discordbot/main.py",
  "lineno": "47",
  "column": "0",
  "context": "\\w\\W]+)\"\nREGEX_AM = r''\nSTRIP_CHARS = ' .!,)?*~|'\nREGEX_SUPERLATIVE = r'((very|really|super) ?)*'\n\n@BOT.client.event\nasync def on_message(message: M",
  "context_lines": "REGEXP_AM = r'(am|is)'\n\nREGEX_IM = r\"\\b(\" + REGEXP_I + REGEXP_APOS + REGEXP_M + r\"|\" + REGEXP_I + r\"\\W\" + REGEXP_AM +  r\")\\W+(?P<name>[\\w\\W]+)\"\nREGEX_AM = r''\nSTRIP_CHARS = ' .!,)?*~|'\nREGEX_SUPERLATIVE = r'((very|really|super) ?)*'\n\n@BOT.client.event\nasync def on_message(message: Message) -> None:\n    await slurp_emoji(message)\n",
  "slicing": [
   "REGEX_SUPERLATIVE = r'((very|really|super) ?)*'\n",
   "    nname = re.sub(r'^' + REGEX_SUPERLATIVE + r'not cute', 'really cute', nname, flags=re.I)\n",
   "    nname = re.sub(r'^' + REGEX_SUPERLATIVE + r'(f?ugly|hideous|garbage)', 'beautiful', nname, flags=re.I)\n",
   "    nname = re.sub(r'^' + REGEX_SUPERLATIVE + r'gross', 'beautiful', nname, flags=re.I)\n",
   "    nname = re.sub(r'^' + REGEX_SUPERLATIVE + r'awful', 'lovely', nname, flags=re.I)\n",
   "    nname = re.sub(r'^' + REGEX_SUPERLATIVE + r'dumb', 'brilliant', nname, flags=re.I)\n",
   "    nname = re.sub(r'^' + REGEX_SUPERLATIVE + r'useless', 'valuable', nname, flags=re.I)\n",
   "    return nname\n"
  ]
 },
 "19": {
  "name": "yeet",
  "type": "UNKNOWN",
  "class": "unknown",
  "approach": "Pysonar2",
  "file_path": "HiDanni/discordbot/main.py",
  "lineno": "73",
  "column": "8",
  "context": "    if message.content.lower() == 'yeet':\n        yeet = BOT.get_yeet()\n        if yeet:\n            await message.channel",
  "context_lines": "        sys.exit()\n\n    if message.content == '!meow':\n        await message.channel.send('no u')\n\n    if message.content.lower() == 'yeet':\n        yeet = BOT.get_yeet()\n        if yeet:\n            await message.channel.send(str(yeet))\n\n    diff = datetime.datetime.now().timestamp() - BOT.next_meow.timestamp()\n    if diff > 0:\n",
  "slicing": [
   "        yeet = BOT.get_yeet()\n",
   "        if yeet:\n",
   "            await message.channel.send(str(yeet))\n"
  ]
 },
 "20": {
  "name": "diff",
  "type": "UNKNOWN",
  "class": "unknown",
  "approach": "Pysonar2",
  "file_path": "HiDanni/discordbot/main.py",
  "lineno": "77",
  "column": "4",
  "context": "       await message.channel.send(str(yeet))\n\n    diff = datetime.datetime.now().timestamp() - BOT.next_meow.timestamp()\n    if diff > 0:\n        await message.channel.sen",
  "context_lines": "    if message.content.lower() == 'yeet':\n        yeet = BOT.get_yeet()\n        if yeet:\n            await message.channel.send(str(yeet))\n\n    diff = datetime.datetime.now().timestamp() - BOT.next_meow.timestamp()\n    if diff > 0:\n        await message.channel.send('meow')\n        t = datetime.timedelta(days=random.randrange(2,7), hours=random.randrange(6,23))\n        BOT.next_meow = datetime.datetime.now() + t\n",
  "slicing": [
   "    diff = datetime.datetime.now().timestamp() - BOT.next_meow.timestamp()\n",
   "    if diff > 0:\n",
   "    if diff < 300: # five minutes\n"
  ]
 },
 "21": {
  "name": "t",
  "type": "UNKNOWN",
  "class": "unknown",
  "approach": "Pysonar2",
  "file_path": "HiDanni/discordbot/main.py",
  "lineno": "80",
  "column": "8",
  "context": "       await message.channel.send('meow')\n        t = datetime.timedelta(days=random.randrange(2,7), hours=random.randrange(6,23))\n        BOT.next_meow = datetime.datetime.now() + ",
  "context_lines": "            await message.channel.send(str(yeet))\n\n    diff = datetime.datetime.now().timestamp() - BOT.next_meow.timestamp()\n    if diff > 0:\n        await message.channel.send('meow')\n        t = datetime.timedelta(days=random.randrange(2,7), hours=random.randrange(6,23))\n        BOT.next_meow = datetime.datetime.now() + t\n        return\n\n    if 'owo' in message.content.lower():\n        BOT.owos[message.author] = datetime.datetime.now().timestamp()\n",
  "slicing": [
   "        t = datetime.timedelta(days=random.randrange(2,7), hours=random.randrange(6,23))\n",
   "        BOT.next_meow = datetime.datetime.now() + t\n"
  ]
 },
 "22": {
  "name": "last_owo",
  "type": "UNKNOWN",
  "class": "unknown",
  "approach": "Pysonar2",
  "file_path": "HiDanni/discordbot/main.py",
  "lineno": "89",
  "column": "4",
  "context": "\n    # make sure the furry talks like a furry\n    last_owo = BOT.owos.get(message.author, 0)\n\n    diff = datetime.datetime.now().timestamp() - ",
  "context_lines": "    if 'owo' in message.content.lower():\n        BOT.owos[message.author] = datetime.datetime.now().timestamp()\n        return\n\n    # make sure the furry talks like a furry\n    last_owo = BOT.owos.get(message.author, 0)\n\n    diff = datetime.datetime.now().timestamp() - last_owo\n    if diff < 300: # five minutes\n        await impersonate(message.author, message.channel, translate_furry(message.content))\n",
  "slicing": [
   "    last_owo = BOT.owos.get(message.author, 0)\n",
   "    diff = datetime.datetime.now().timestamp() - last_owo\n",
   "    if diff < 300: # five minutes\n"
  ]
 },
 "23": {
  "name": "diff",
  "type": "UNKNOWN",
  "class": "unknown",
  "approach": "Pysonar2",
  "file_path": "HiDanni/discordbot/main.py",
  "lineno": "91",
  "column": "4",
  "context": "  last_owo = BOT.owos.get(message.author, 0)\n\n    diff = datetime.datetime.now().timestamp() - last_owo\n    if diff < 300: # five minutes\n        await im",
  "context_lines": "        BOT.owos[message.author] = datetime.datetime.now().timestamp()\n        return\n\n    # make sure the furry talks like a furry\n    last_owo = BOT.owos.get(message.author, 0)\n\n    diff = datetime.datetime.now().timestamp() - last_owo\n    if diff < 300: # five minutes\n        await impersonate(message.author, message.channel, translate_furry(message.content))\n        await message.delete()\n\ndef translate_furry(input: str) -> str:\n",
  "slicing": [
   "    diff = datetime.datetime.now().timestamp() - last_owo\n",
   "    if diff < 300: # five minutes\n"
  ]
 },
 "24": {
  "name": "m",
  "type": "UNKNOWN",
  "class": "unknown",
  "approach": "Pysonar2",
  "file_path": "HiDanni/discordbot/main.py",
  "lineno": "103",
  "column": "4",
  "context": "ync def process_im(message: Message) -> bool:\n    m = re.search(REGEX_IM, message.clean_content, re.IGNORECASE)\n    if not m:\n        m = re.search(REGEX_IM, BOT.",
  "context_lines": "        await message.delete()\n\ndef translate_furry(input: str) -> str:\n    return input.lower().replace('r', 'w').replace('l', 'w').replace(\",\",\"~\").replace(\";\",\"~\")\n\n\n\n\nasync def process_im(message: Message) -> bool:\n    m = re.search(REGEX_IM, message.clean_content, re.IGNORECASE)\n    if not m:\n        m = re.search(REGEX_IM, BOT.cache.get(message.author, '') + ' ' + message.clean_content, re.IGNORECASE)\n        BOT.cache[message.author] = message.clean_content\n    if m:\n",
  "slicing": [
   "    m = re.search(REGEX_IM, message.clean_content, re.IGNORECASE)\n",
   "    if not m:\n",
   "    if m:\n",
   "        i_is = m.group(1).endswith(' is')\n",
   "        name = m.group('name')\n",
   "        name = name.strip(STRIP_CHARS)\n",
   "        name = make_positive(name)\n",
   "        name = name[0].upper() + name[1:]\n",
   "        if len(name) > 32:\n",
   "            splits = name.rsplit('.')\n",
   "            while len(splits) > 1 and len('.'.join(splits[:-1])) > 32:\n",
   "                splits = splits[:-1]\n",
   "            name = '.'.join(splits)\n",
   "            name = name.strip(STRIP_CHARS)\n",
   "        nname = name\n",
   "        if len(name) > 32:\n",
   "            nname = name[:31]\n",
   "            nname = nname.strip(STRIP_CHARS)\n",
   "            await message.author.edit(nick=nname)\n",
   "        if i_is:\n",
   "            await message.channel.send(f\"Yes, you are {name}\")\n",
   "        await message.channel.send(f\"Hi {name}, I'm Danni\")\n",
   "    nname = re.sub(r'^' + REGEX_SUPERLATIVE + r'not cute', 'really cute', nname, flags=re.I)\n",
   "    nname = re.sub(r'^' + REGEX_SUPERLATIVE + r'(f?ugly|hideous|garbage)', 'beautiful', nname, flags=re.I)\n",
   "    nname = re.sub(r'^' + REGEX_SUPERLATIVE + r'gross', 'beautiful', nname, flags=re.I)\n",
   "    nname = re.sub(r'^' + REGEX_SUPERLATIVE + r'awful', 'lovely', nname, flags=re.I)\n",
   "    nname = re.sub(r'^' + REGEX_SUPERLATIVE + r'dumb', 'brilliant', nname, flags=re.I)\n",
   "    nname = re.sub(r'^' + REGEX_SUPERLATIVE + r'useless', 'valuable', nname, flags=re.I)\n",
   "    return nname\n",
   "        path = os.path.join('emoji', name + '.png')\n",
   "        if not os.path.exists(path):\n",
   "            with open(path, mode='wb') as fout:\n"
  ]
 },
 "25": {
  "name": "m",
  "type": "UNKNOWN",
  "class": "unknown",
  "approach": "Pysonar2",
  "file_path": "HiDanni/discordbot/main.py",
  "lineno": "105",
  "column": "8",
  "context": "ean_content, re.IGNORECASE)\n    if not m:\n        m = re.search(REGEX_IM, BOT.cache.get(message.author, '') + ' ' + message.clean_content, re.IGNORECASE)\n        BOT.cache[message.author] = message.clean_",
  "context_lines": "    return input.lower().replace('r', 'w').replace('l', 'w').replace(\",\",\"~\").replace(\";\",\"~\")\n\n\n\n\nasync def process_im(message: Message) -> bool:\n    m = re.search(REGEX_IM, message.clean_content, re.IGNORECASE)\n    if not m:\n        m = re.search(REGEX_IM, BOT.cache.get(message.author, '') + ' ' + message.clean_content, re.IGNORECASE)\n        BOT.cache[message.author] = message.clean_content\n    if m:\n        i_is = m.group(1).endswith(' is')\n        name = m.group('name')\n",
  "slicing": [
   "        m = re.search(REGEX_IM, BOT.cache.get(message.author, '') + ' ' + message.clean_content, re.IGNORECASE)\n",
   "    if m:\n",
   "        i_is = m.group(1).endswith(' is')\n",
   "        name = m.group('name')\n",
   "        name = name.strip(STRIP_CHARS)\n",
   "        name = make_positive(name)\n",
   "        name = name[0].upper() + name[1:]\n",
   "        if len(name) > 32:\n",
   "            splits = name.rsplit('.')\n",
   "            while len(splits) > 1 and len('.'.join(splits[:-1])) > 32:\n",
   "                splits = splits[:-1]\n",
   "            name = '.'.join(splits)\n",
   "            name = name.strip(STRIP_CHARS)\n",
   "        nname = name\n",
   "        if len(name) > 32:\n",
   "            nname = name[:31]\n",
   "            nname = nname.strip(STRIP_CHARS)\n",
   "            await message.author.edit(nick=nname)\n",
   "        if i_is:\n",
   "            await message.channel.send(f\"Yes, you are {name}\")\n",
   "        await message.channel.send(f\"Hi {name}, I'm Danni\")\n",
   "    nname = re.sub(r'^' + REGEX_SUPERLATIVE + r'not cute', 'really cute', nname, flags=re.I)\n",
   "    nname = re.sub(r'^' + REGEX_SUPERLATIVE + r'(f?ugly|hideous|garbage)', 'beautiful', nname, flags=re.I)\n",
   "    nname = re.sub(r'^' + REGEX_SUPERLATIVE + r'gross', 'beautiful', nname, flags=re.I)\n",
   "    nname = re.sub(r'^' + REGEX_SUPERLATIVE + r'awful', 'lovely', nname, flags=re.I)\n",
   "    nname = re.sub(r'^' + REGEX_SUPERLATIVE + r'dumb', 'brilliant', nname, flags=re.I)\n",
   "    nname = re.sub(r'^' + REGEX_SUPERLATIVE + r'useless', 'valuable', nname, flags=re.I)\n",
   "    return nname\n",
   "        path = os.path.join('emoji', name + '.png')\n",
   "        if not os.path.exists(path):\n",
   "            with open(path, mode='wb') as fout:\n"
  ]
 },
 "26": {
  "name": "i_is",
  "type": "UNKNOWN",
  "class": "unknown",
  "approach": "Pysonar2",
  "file_path": "HiDanni/discordbot/main.py",
  "lineno": "108",
  "column": "8",
  "context": "author] = message.clean_content\n    if m:\n        i_is = m.group(1).endswith(' is')\n        name = m.group('name')\n        name = name",
  "context_lines": "    if not m:\n        m = re.search(REGEX_IM, BOT.cache.get(message.author, '') + ' ' + message.clean_content, re.IGNORECASE)\n        BOT.cache[message.author] = message.clean_content\n    if m:\n        i_is = m.group(1).endswith(' is')\n        name = m.group('name')\n        name = name.strip(STRIP_CHARS)\n        name = make_positive(name)\n        name = name[0].upper() + name[1:]\n",
  "slicing": [
   "        i_is = m.group(1).endswith(' is')\n",
   "        if i_is:\n"
  ]
 },
 "27": {
  "name": "name",
  "type": "UNKNOWN",
  "class": "unknown",
  "approach": "Pysonar2",
  "file_path": "HiDanni/discordbot/main.py",
  "lineno": "109",
  "column": "8",
  "context": "        i_is = m.group(1).endswith(' is')\n        name = m.group('name')\n        name = name.strip(STRIP_CHARS)\n        nam",
  "context_lines": "        m = re.search(REGEX_IM, BOT.cache.get(message.author, '') + ' ' + message.clean_content, re.IGNORECASE)\n        BOT.cache[message.author] = message.clean_content\n    if m:\n        i_is = m.group(1).endswith(' is')\n        name = m.group('name')\n        name = name.strip(STRIP_CHARS)\n        name = make_positive(name)\n        name = name[0].upper() + name[1:]\n        if len(name) > 32:\n",
  "slicing": [
   "        name = m.group('name')\n",
   "        name = name.strip(STRIP_CHARS)\n",
   "        name = make_positive(name)\n",
   "        name = name[0].upper() + name[1:]\n",
   "        if len(name) > 32:\n",
   "            splits = name.rsplit('.')\n",
   "            while len(splits) > 1 and len('.'.join(splits[:-1])) > 32:\n",
   "                splits = splits[:-1]\n",
   "            name = '.'.join(splits)\n",
   "            name = name.strip(STRIP_CHARS)\n",
   "        nname = name\n",
   "        if len(name) > 32:\n",
   "            nname = name[:31]\n",
   "            nname = nname.strip(STRIP_CHARS)\n",
   "            await message.author.edit(nick=nname)\n",
   "            await message.channel.send(f\"Yes, you are {name}\")\n",
   "        await message.channel.send(f\"Hi {name}, I'm Danni\")\n",
   "    nname = re.sub(r'^' + REGEX_SUPERLATIVE + r'not cute', 'really cute', nname, flags=re.I)\n",
   "    nname = re.sub(r'^' + REGEX_SUPERLATIVE + r'(f?ugly|hideous|garbage)', 'beautiful', nname, flags=re.I)\n",
   "    nname = re.sub(r'^' + REGEX_SUPERLATIVE + r'gross', 'beautiful', nname, flags=re.I)\n",
   "    nname = re.sub(r'^' + REGEX_SUPERLATIVE + r'awful', 'lovely', nname, flags=re.I)\n",
   "    nname = re.sub(r'^' + REGEX_SUPERLATIVE + r'dumb', 'brilliant', nname, flags=re.I)\n",
   "    nname = re.sub(r'^' + REGEX_SUPERLATIVE + r'useless', 'valuable', nname, flags=re.I)\n",
   "    return nname\n",
   "        path = os.path.join('emoji', name + '.png')\n",
   "        if not os.path.exists(path):\n",
   "            with open(path, mode='wb') as fout:\n"
  ]
 },
 "28": {
  "name": "name",
  "type": "UNKNOWN",
  "class": "unknown",
  "approach": "Pysonar2",
  "file_path": "HiDanni/discordbot/main.py",
  "lineno": "110",
  "column": "8",
  "context": "ith(' is')\n        name = m.group('name')\n        name = name.strip(STRIP_CHARS)\n        name = make_positive(name)\n        name = ",
  "context_lines": "        BOT.cache[message.author] = message.clean_content\n    if m:\n        i_is = m.group(1).endswith(' is')\n        name = m.group('name')\n        name = name.strip(STRIP_CHARS)\n        name = make_positive(name)\n        name = name[0].upper() + name[1:]\n        if len(name) > 32:\n            splits = name.rsplit('.')\n",
  "slicing": [
   "        name = name.strip(STRIP_CHARS)\n",
   "        name = make_positive(name)\n",
   "        name = name[0].upper() + name[1:]\n",
   "        if len(name) > 32:\n",
   "            splits = name.rsplit('.')\n",
   "            while len(splits) > 1 and len('.'.join(splits[:-1])) > 32:\n",
   "                splits = splits[:-1]\n",
   "            name = '.'.join(splits)\n",
   "            name = name.strip(STRIP_CHARS)\n",
   "        nname = name\n",
   "        if len(name) > 32:\n",
   "            nname = name[:31]\n",
   "            nname = nname.strip(STRIP_CHARS)\n",
   "            await message.author.edit(nick=nname)\n",
   "            await message.channel.send(f\"Yes, you are {name}\")\n",
   "        await message.channel.send(f\"Hi {name}, I'm Danni\")\n",
   "    nname = re.sub(r'^' + REGEX_SUPERLATIVE + r'not cute', 'really cute', nname, flags=re.I)\n",
   "    nname = re.sub(r'^' + REGEX_SUPERLATIVE + r'(f?ugly|hideous|garbage)', 'beautiful', nname, flags=re.I)\n",
   "    nname = re.sub(r'^' + REGEX_SUPERLATIVE + r'gross', 'beautiful', nname, flags=re.I)\n",
   "    nname = re.sub(r'^' + REGEX_SUPERLATIVE + r'awful', 'lovely', nname, flags=re.I)\n",
   "    nname = re.sub(r'^' + REGEX_SUPERLATIVE + r'dumb', 'brilliant', nname, flags=re.I)\n",
   "    nname = re.sub(r'^' + REGEX_SUPERLATIVE + r'useless', 'valuable', nname, flags=re.I)\n",
   "    return nname\n",
   "        path = os.path.join('emoji', name + '.png')\n",
   "        if not os.path.exists(path):\n",
   "            with open(path, mode='wb') as fout:\n"
  ]
 },
 "29": {
  "name": "name",
  "type": "UNKNOWN",
  "class": "unknown",
  "approach": "annotation",
  "file_path": "HiDanni/discordbot/main.py",
  "lineno": "111",
  "column": "8",
  "context": "')\n        name = name.strip(STRIP_CHARS)\n        name = make_positive(name)\n        name = name[0].upper() + name[1:]\n        ",
  "context_lines": "    if m:\n        i_is = m.group(1).endswith(' is')\n        name = m.group('name')\n        name = name.strip(STRIP_CHARS)\n        name = make_positive(name)\n        name = name[0].upper() + name[1:]\n        if len(name) > 32:\n            splits = name.rsplit('.')\n            while len(splits) > 1 and len('.'.join(splits[:-1])) > 32:\n",
  "slicing": [
   "        name = make_positive(name)\n",
   "        name = name[0].upper() + name[1:]\n",
   "        if len(name) > 32:\n",
   "            splits = name.rsplit('.')\n",
   "            while len(splits) > 1 and len('.'.join(splits[:-1])) > 32:\n",
   "                splits = splits[:-1]\n",
   "            name = '.'.join(splits)\n",
   "            name = name.strip(STRIP_CHARS)\n",
   "        nname = name\n",
   "        if len(name) > 32:\n",
   "            nname = name[:31]\n",
   "            nname = nname.strip(STRIP_CHARS)\n",
   "            await message.author.edit(nick=nname)\n",
   "            await message.channel.send(f\"Yes, you are {name}\")\n",
   "        await message.channel.send(f\"Hi {name}, I'm Danni\")\n",
   "    nname = re.sub(r'^' + REGEX_SUPERLATIVE + r'not cute', 'really cute', nname, flags=re.I)\n",
   "    nname = re.sub(r'^' + REGEX_SUPERLATIVE + r'(f?ugly|hideous|garbage)', 'beautiful', nname, flags=re.I)\n",
   "    nname = re.sub(r'^' + REGEX_SUPERLATIVE + r'gross', 'beautiful', nname, flags=re.I)\n",
   "    nname = re.sub(r'^' + REGEX_SUPERLATIVE + r'awful', 'lovely', nname, flags=re.I)\n",
   "    nname = re.sub(r'^' + REGEX_SUPERLATIVE + r'dumb', 'brilliant', nname, flags=re.I)\n",
   "    nname = re.sub(r'^' + REGEX_SUPERLATIVE + r'useless', 'valuable', nname, flags=re.I)\n",
   "    return nname\n",
   "        path = os.path.join('emoji', name + '.png')\n",
   "        if not os.path.exists(path):\n",
   "            with open(path, mode='wb') as fout:\n"
  ]
 },
 "30": {
  "name": "name",
  "type": "UNKNOWN",
  "class": "unknown",
  "approach": "Pysonar2",
  "file_path": "HiDanni/discordbot/main.py",
  "lineno": "112",
  "column": "8",
  "context": "CHARS)\n        name = make_positive(name)\n        name = name[0].upper() + name[1:]\n        if len(name) > 32:\n            splits = na",
  "context_lines": "        i_is = m.group(1).endswith(' is')\n        name = m.group('name')\n        name = name.strip(STRIP_CHARS)\n        name = make_positive(name)\n        name = name[0].upper() + name[1:]\n        if len(name) > 32:\n            splits = name.rsplit('.')\n            while len(splits) > 1 and len('.'.join(splits[:-1])) > 32:\n                splits = splits[:-1]\n",
  "slicing": [
   "        name = name[0].upper() + name[1:]\n",
   "        if len(name) > 32:\n",
   "            splits = name.rsplit('.')\n",
   "            while len(splits) > 1 and len('.'.join(splits[:-1])) > 32:\n",
   "                splits = splits[:-1]\n",
   "            name = '.'.join(splits)\n",
   "            name = name.strip(STRIP_CHARS)\n",
   "        nname = name\n",
   "        if len(name) > 32:\n",
   "            nname = name[:31]\n",
   "            nname = nname.strip(STRIP_CHARS)\n",
   "            await message.author.edit(nick=nname)\n",
   "            await message.channel.send(f\"Yes, you are {name}\")\n",
   "        await message.channel.send(f\"Hi {name}, I'm Danni\")\n",
   "    nname = re.sub(r'^' + REGEX_SUPERLATIVE + r'not cute', 'really cute', nname, flags=re.I)\n",
   "    nname = re.sub(r'^' + REGEX_SUPERLATIVE + r'(f?ugly|hideous|garbage)', 'beautiful', nname, flags=re.I)\n",
   "    nname = re.sub(r'^' + REGEX_SUPERLATIVE + r'gross', 'beautiful', nname, flags=re.I)\n",
   "    nname = re.sub(r'^' + REGEX_SUPERLATIVE + r'awful', 'lovely', nname, flags=re.I)\n",
   "    nname = re.sub(r'^' + REGEX_SUPERLATIVE + r'dumb', 'brilliant', nname, flags=re.I)\n",
   "    nname = re.sub(r'^' + REGEX_SUPERLATIVE + r'useless', 'valuable', nname, flags=re.I)\n",
   "    return nname\n",
   "        path = os.path.join('emoji', name + '.png')\n",
   "        if not os.path.exists(path):\n",
   "            with open(path, mode='wb') as fout:\n"
  ]
 },
 "31": {
  "name": "splits",
  "type": "UNKNOWN",
  "class": "unknown",
  "approach": "Pysonar2",
  "file_path": "HiDanni/discordbot/main.py",
  "lineno": "114",
  "column": "12",
  "context": "+ name[1:]\n        if len(name) > 32:\n            splits = name.rsplit('.')\n            while len(splits) > 1 and len('.'.join",
  "context_lines": "        name = name.strip(STRIP_CHARS)\n        name = make_positive(name)\n        name = name[0].upper() + name[1:]\n        if len(name) > 32:\n            splits = name.rsplit('.')\n            while len(splits) > 1 and len('.'.join(splits[:-1])) > 32:\n                splits = splits[:-1]\n            name = '.'.join(splits)\n            name = name.strip(STRIP_CHARS)\n",
  "slicing": [
   "            splits = name.rsplit('.')\n",
   "            while len(splits) > 1 and len('.'.join(splits[:-1])) > 32:\n",
   "                splits = splits[:-1]\n",
   "            name = '.'.join(splits)\n",
   "            name = name.strip(STRIP_CHARS)\n",
   "        nname = name\n",
   "        if len(name) > 32:\n",
   "            nname = name[:31]\n",
   "            nname = nname.strip(STRIP_CHARS)\n",
   "            await message.author.edit(nick=nname)\n",
   "            await message.channel.send(f\"Yes, you are {name}\")\n",
   "        await message.channel.send(f\"Hi {name}, I'm Danni\")\n",
   "    nname = re.sub(r'^' + REGEX_SUPERLATIVE + r'not cute', 'really cute', nname, flags=re.I)\n",
   "    nname = re.sub(r'^' + REGEX_SUPERLATIVE + r'(f?ugly|hideous|garbage)', 'beautiful', nname, flags=re.I)\n",
   "    nname = re.sub(r'^' + REGEX_SUPERLATIVE + r'gross', 'beautiful', nname, flags=re.I)\n",
   "    nname = re.sub(r'^' + REGEX_SUPERLATIVE + r'awful', 'lovely', nname, flags=re.I)\n",
   "    nname = re.sub(r'^' + REGEX_SUPERLATIVE + r'dumb', 'brilliant', nname, flags=re.I)\n",
   "    nname = re.sub(r'^' + REGEX_SUPERLATIVE + r'useless', 'valuable', nname, flags=re.I)\n",
   "    return nname\n",
   "        path = os.path.join('emoji', name + '.png')\n",
   "        if not os.path.exists(path):\n",
   "            with open(path, mode='wb') as fout:\n"
  ]
 },
 "32": {
  "name": "splits",
  "type": "dict",
  "class": "build-in",
  "approach": "annotation",
  "file_path": "HiDanni/discordbot/main.py",
  "lineno": "116",
  "column": "16",
  "context": " len('.'.join(splits[:-1])) > 32:\n                splits = splits[:-1]\n            name = '.'.join(splits)\n            na",
  "context_lines": "        name = name[0].upper() + name[1:]\n        if len(name) > 32:\n            splits = name.rsplit('.')\n            while len(splits) > 1 and len('.'.join(splits[:-1])) > 32:\n                splits = splits[:-1]\n            name = '.'.join(splits)\n            name = name.strip(STRIP_CHARS)\n        nname = name\n        if len(name) > 32:\n",
  "slicing": [
   "                splits = splits[:-1]\n",
   "            name = '.'.join(splits)\n",
   "            name = name.strip(STRIP_CHARS)\n",
   "        nname = name\n",
   "        if len(name) > 32:\n",
   "            nname = name[:31]\n",
   "            nname = nname.strip(STRIP_CHARS)\n",
   "            await message.author.edit(nick=nname)\n",
   "            await message.channel.send(f\"Yes, you are {name}\")\n",
   "        await message.channel.send(f\"Hi {name}, I'm Danni\")\n",
   "    nname = re.sub(r'^' + REGEX_SUPERLATIVE + r'not cute', 'really cute', nname, flags=re.I)\n",
   "    nname = re.sub(r'^' + REGEX_SUPERLATIVE + r'(f?ugly|hideous|garbage)', 'beautiful', nname, flags=re.I)\n",
   "    nname = re.sub(r'^' + REGEX_SUPERLATIVE + r'gross', 'beautiful', nname, flags=re.I)\n",
   "    nname = re.sub(r'^' + REGEX_SUPERLATIVE + r'awful', 'lovely', nname, flags=re.I)\n",
   "    nname = re.sub(r'^' + REGEX_SUPERLATIVE + r'dumb', 'brilliant', nname, flags=re.I)\n",
   "    nname = re.sub(r'^' + REGEX_SUPERLATIVE + r'useless', 'valuable', nname, flags=re.I)\n",
   "    return nname\n",
   "        path = os.path.join('emoji', name + '.png')\n",
   "        if not os.path.exists(path):\n",
   "            with open(path, mode='wb') as fout:\n"
  ]
 },
 "33": {
  "name": "name",
  "type": "str",
  "class": "build-in",
  "approach": "Pysonar2",
  "file_path": "HiDanni/discordbot/main.py",
  "lineno": "117",
  "column": "12",
  "context": "\n                splits = splits[:-1]\n            name = '.'.join(splits)\n            name = name.strip(STRIP_CHARS)\n       ",
  "context_lines": "        if len(name) > 32:\n            splits = name.rsplit('.')\n            while len(splits) > 1 and len('.'.join(splits[:-1])) > 32:\n                splits = splits[:-1]\n            name = '.'.join(splits)\n            name = name.strip(STRIP_CHARS)\n        nname = name\n        if len(name) > 32:\n            nname = name[:31]\n",
  "slicing": [
   "            name = '.'.join(splits)\n",
   "            name = name.strip(STRIP_CHARS)\n",
   "        nname = name\n",
   "        if len(name) > 32:\n",
   "            nname = name[:31]\n",
   "            nname = nname.strip(STRIP_CHARS)\n",
   "            await message.author.edit(nick=nname)\n",
   "            await message.channel.send(f\"Yes, you are {name}\")\n",
   "        await message.channel.send(f\"Hi {name}, I'm Danni\")\n",
   "    nname = re.sub(r'^' + REGEX_SUPERLATIVE + r'not cute', 'really cute', nname, flags=re.I)\n",
   "    nname = re.sub(r'^' + REGEX_SUPERLATIVE + r'(f?ugly|hideous|garbage)', 'beautiful', nname, flags=re.I)\n",
   "    nname = re.sub(r'^' + REGEX_SUPERLATIVE + r'gross', 'beautiful', nname, flags=re.I)\n",
   "    nname = re.sub(r'^' + REGEX_SUPERLATIVE + r'awful', 'lovely', nname, flags=re.I)\n",
   "    nname = re.sub(r'^' + REGEX_SUPERLATIVE + r'dumb', 'brilliant', nname, flags=re.I)\n",
   "    nname = re.sub(r'^' + REGEX_SUPERLATIVE + r'useless', 'valuable', nname, flags=re.I)\n",
   "    return nname\n",
   "        path = os.path.join('emoji', name + '.png')\n",
   "        if not os.path.exists(path):\n",
   "            with open(path, mode='wb') as fout:\n"
  ]
 },
 "34": {
  "name": "name",
  "type": "str",
  "class": "build-in",
  "approach": "Pysonar2",
  "file_path": "HiDanni/discordbot/main.py",
  "lineno": "118",
  "column": "12",
  "context": "]\n            name = '.'.join(splits)\n            name = name.strip(STRIP_CHARS)\n        nname = name\n        if len(name) > 32:\n  ",
  "context_lines": "            splits = name.rsplit('.')\n            while len(splits) > 1 and len('.'.join(splits[:-1])) > 32:\n                splits = splits[:-1]\n            name = '.'.join(splits)\n            name = name.strip(STRIP_CHARS)\n        nname = name\n        if len(name) > 32:\n            nname = name[:31]\n            nname = nname.strip(STRIP_CHARS)\n",
  "slicing": [
   "            name = name.strip(STRIP_CHARS)\n",
   "        nname = name\n",
   "        if len(name) > 32:\n",
   "            nname = name[:31]\n",
   "            nname = nname.strip(STRIP_CHARS)\n",
   "            await message.author.edit(nick=nname)\n",
   "            await message.channel.send(f\"Yes, you are {name}\")\n",
   "        await message.channel.send(f\"Hi {name}, I'm Danni\")\n",
   "    nname = re.sub(r'^' + REGEX_SUPERLATIVE + r'not cute', 'really cute', nname, flags=re.I)\n",
   "    nname = re.sub(r'^' + REGEX_SUPERLATIVE + r'(f?ugly|hideous|garbage)', 'beautiful', nname, flags=re.I)\n",
   "    nname = re.sub(r'^' + REGEX_SUPERLATIVE + r'gross', 'beautiful', nname, flags=re.I)\n",
   "    nname = re.sub(r'^' + REGEX_SUPERLATIVE + r'awful', 'lovely', nname, flags=re.I)\n",
   "    nname = re.sub(r'^' + REGEX_SUPERLATIVE + r'dumb', 'brilliant', nname, flags=re.I)\n",
   "    nname = re.sub(r'^' + REGEX_SUPERLATIVE + r'useless', 'valuable', nname, flags=re.I)\n",
   "    return nname\n",
   "        path = os.path.join('emoji', name + '.png')\n",
   "        if not os.path.exists(path):\n",
   "            with open(path, mode='wb') as fout:\n"
  ]
 },
 "35": {
  "name": "nname",
  "type": "UNKNOWN",
  "class": "unknown",
  "approach": "annotation",
  "file_path": "HiDanni/discordbot/main.py",
  "lineno": "119",
  "column": "8",
  "context": "           name = name.strip(STRIP_CHARS)\n        nname = name\n        if len(name) > 32:\n            nname = nam",
  "context_lines": "            while len(splits) > 1 and len('.'.join(splits[:-1])) > 32:\n                splits = splits[:-1]\n            name = '.'.join(splits)\n            name = name.strip(STRIP_CHARS)\n        nname = name\n        if len(name) > 32:\n            nname = name[:31]\n            nname = nname.strip(STRIP_CHARS)\n        # Discord says that Server Admin is immune 😭\n",
  "slicing": [
   "        nname = name\n",
   "            nname = nname.strip(STRIP_CHARS)\n",
   "            await message.author.edit(nick=nname)\n",
   "    nname = re.sub(r'^' + REGEX_SUPERLATIVE + r'not cute', 'really cute', nname, flags=re.I)\n",
   "    nname = re.sub(r'^' + REGEX_SUPERLATIVE + r'(f?ugly|hideous|garbage)', 'beautiful', nname, flags=re.I)\n",
   "    nname = re.sub(r'^' + REGEX_SUPERLATIVE + r'gross', 'beautiful', nname, flags=re.I)\n",
   "    nname = re.sub(r'^' + REGEX_SUPERLATIVE + r'awful', 'lovely', nname, flags=re.I)\n",
   "    nname = re.sub(r'^' + REGEX_SUPERLATIVE + r'dumb', 'brilliant', nname, flags=re.I)\n",
   "    nname = re.sub(r'^' + REGEX_SUPERLATIVE + r'useless', 'valuable', nname, flags=re.I)\n",
   "    return nname\n"
  ]
 },
 "36": {
  "name": "nname",
  "type": "dict",
  "class": "build-in",
  "approach": "annotation",
  "file_path": "HiDanni/discordbot/main.py",
  "lineno": "121",
  "column": "12",
  "context": "ame = name\n        if len(name) > 32:\n            nname = name[:31]\n            nname = nname.strip(STRIP_CHARS)\n     ",
  "context_lines": "            name = '.'.join(splits)\n            name = name.strip(STRIP_CHARS)\n        nname = name\n        if len(name) > 32:\n            nname = name[:31]\n            nname = nname.strip(STRIP_CHARS)\n        # Discord says that Server Admin is immune 😭\n        try:\n            await message.author.edit(nick=nname)\n",
  "slicing": [
   "            nname = name[:31]\n",
   "            nname = nname.strip(STRIP_CHARS)\n",
   "            await message.author.edit(nick=nname)\n",
   "    nname = re.sub(r'^' + REGEX_SUPERLATIVE + r'not cute', 'really cute', nname, flags=re.I)\n",
   "    nname = re.sub(r'^' + REGEX_SUPERLATIVE + r'(f?ugly|hideous|garbage)', 'beautiful', nname, flags=re.I)\n",
   "    nname = re.sub(r'^' + REGEX_SUPERLATIVE + r'gross', 'beautiful', nname, flags=re.I)\n",
   "    nname = re.sub(r'^' + REGEX_SUPERLATIVE + r'awful', 'lovely', nname, flags=re.I)\n",
   "    nname = re.sub(r'^' + REGEX_SUPERLATIVE + r'dumb', 'brilliant', nname, flags=re.I)\n",
   "    nname = re.sub(r'^' + REGEX_SUPERLATIVE + r'useless', 'valuable', nname, flags=re.I)\n",
   "    return nname\n"
  ]
 },
 "37": {
  "name": "nname",
  "type": "str",
  "class": "build-in",
  "approach": "Pysonar2",
  "file_path": "HiDanni/discordbot/main.py",
  "lineno": "122",
  "column": "12",
  "context": ") > 32:\n            nname = name[:31]\n            nname = nname.strip(STRIP_CHARS)\n        # Discord says that Server Admin is immune",
  "context_lines": "            name = name.strip(STRIP_CHARS)\n        nname = name\n        if len(name) > 32:\n            nname = name[:31]\n            nname = nname.strip(STRIP_CHARS)\n        # Discord says that Server Admin is immune 😭\n        try:\n            await message.author.edit(nick=nname)\n        except discord.Forbidden:\n",
  "slicing": [
   "            nname = nname.strip(STRIP_CHARS)\n",
   "            await message.author.edit(nick=nname)\n",
   "    nname = re.sub(r'^' + REGEX_SUPERLATIVE + r'not cute', 'really cute', nname, flags=re.I)\n",
   "    nname = re.sub(r'^' + REGEX_SUPERLATIVE + r'(f?ugly|hideous|garbage)', 'beautiful', nname, flags=re.I)\n",
   "    nname = re.sub(r'^' + REGEX_SUPERLATIVE + r'gross', 'beautiful', nname, flags=re.I)\n",
   "    nname = re.sub(r'^' + REGEX_SUPERLATIVE + r'awful', 'lovely', nname, flags=re.I)\n",
   "    nname = re.sub(r'^' + REGEX_SUPERLATIVE + r'dumb', 'brilliant', nname, flags=re.I)\n",
   "    nname = re.sub(r'^' + REGEX_SUPERLATIVE + r'useless', 'valuable', nname, flags=re.I)\n",
   "    return nname\n"
  ]
 },
 "38": {
  "name": "nname",
  "type": "UNKNOWN",
  "class": "unknown",
  "approach": "Pysonar2",
  "file_path": "HiDanni/discordbot/main.py",
  "lineno": "137",
  "column": "4",
  "context": " False\n\ndef make_positive(nname: str) -> str:\n    nname = re.sub(r'^' + REGEX_SUPERLATIVE + r'not cute', 'really cute', nname, flags=re.I)\n    nname = re.sub(r'^' + REGEX_SUPERLATIVE + r'(f",
  "context_lines": "        await message.channel.send(f\"Hi {name}, I'm Danni\")\n        return True\n    return False\n\ndef make_positive(nname: str) -> str:\n    nname = re.sub(r'^' + REGEX_SUPERLATIVE + r'not cute', 'really cute', nname, flags=re.I)\n    nname = re.sub(r'^' + REGEX_SUPERLATIVE + r'(f?ugly|hideous|garbage)', 'beautiful', nname, flags=re.I)\n    nname = re.sub(r'^' + REGEX_SUPERLATIVE + r'gross', 'beautiful', nname, flags=re.I)\n    nname = re.sub(r'^' + REGEX_SUPERLATIVE + r'awful', 'lovely', nname, flags=re.I)\n    nname = re.sub(r'^' + REGEX_SUPERLATIVE + r'dumb', 'brilliant', nname, flags=re.I)\n",
  "slicing": [
   "    nname = re.sub(r'^' + REGEX_SUPERLATIVE + r'not cute', 'really cute', nname, flags=re.I)\n",
   "    nname = re.sub(r'^' + REGEX_SUPERLATIVE + r'(f?ugly|hideous|garbage)', 'beautiful', nname, flags=re.I)\n",
   "    nname = re.sub(r'^' + REGEX_SUPERLATIVE + r'gross', 'beautiful', nname, flags=re.I)\n",
   "    nname = re.sub(r'^' + REGEX_SUPERLATIVE + r'awful', 'lovely', nname, flags=re.I)\n",
   "    nname = re.sub(r'^' + REGEX_SUPERLATIVE + r'dumb', 'brilliant', nname, flags=re.I)\n",
   "    nname = re.sub(r'^' + REGEX_SUPERLATIVE + r'useless', 'valuable', nname, flags=re.I)\n",
   "    return nname\n"
  ]
 },
 "39": {
  "name": "nname",
  "type": "UNKNOWN",
  "class": "unknown",
  "approach": "Pysonar2",
  "file_path": "HiDanni/discordbot/main.py",
  "lineno": "138",
  "column": "4",
  "context": "'not cute', 'really cute', nname, flags=re.I)\n    nname = re.sub(r'^' + REGEX_SUPERLATIVE + r'(f?ugly|hideous|garbage)', 'beautiful', nname, flags=re.I)\n    nname = re.sub(r'^' + REGEX_SUPERLATIVE + r'gr",
  "context_lines": "        return True\n    return False\n\ndef make_positive(nname: str) -> str:\n    nname = re.sub(r'^' + REGEX_SUPERLATIVE + r'not cute', 'really cute', nname, flags=re.I)\n    nname = re.sub(r'^' + REGEX_SUPERLATIVE + r'(f?ugly|hideous|garbage)', 'beautiful', nname, flags=re.I)\n    nname = re.sub(r'^' + REGEX_SUPERLATIVE + r'gross', 'beautiful', nname, flags=re.I)\n    nname = re.sub(r'^' + REGEX_SUPERLATIVE + r'awful', 'lovely', nname, flags=re.I)\n    nname = re.sub(r'^' + REGEX_SUPERLATIVE + r'dumb', 'brilliant', nname, flags=re.I)\n    nname = re.sub(r'^' + REGEX_SUPERLATIVE + r'useless', 'valuable', nname, flags=re.I)\n\n",
  "slicing": [
   "    nname = re.sub(r'^' + REGEX_SUPERLATIVE + r'(f?ugly|hideous|garbage)', 'beautiful', nname, flags=re.I)\n",
   "    nname = re.sub(r'^' + REGEX_SUPERLATIVE + r'gross', 'beautiful', nname, flags=re.I)\n",
   "    nname = re.sub(r'^' + REGEX_SUPERLATIVE + r'awful', 'lovely', nname, flags=re.I)\n",
   "    nname = re.sub(r'^' + REGEX_SUPERLATIVE + r'dumb', 'brilliant', nname, flags=re.I)\n",
   "    nname = re.sub(r'^' + REGEX_SUPERLATIVE + r'useless', 'valuable', nname, flags=re.I)\n",
   "    return nname\n"
  ]
 },
 "40": {
  "name": "nname",
  "type": "UNKNOWN",
  "class": "unknown",
  "approach": "Pysonar2",
  "file_path": "HiDanni/discordbot/main.py",
  "lineno": "139",
  "column": "4",
  "context": "us|garbage)', 'beautiful', nname, flags=re.I)\n    nname = re.sub(r'^' + REGEX_SUPERLATIVE + r'gross', 'beautiful', nname, flags=re.I)\n    nname = re.sub(r'^' + REGEX_SUPERLATIVE + r'aw",
  "context_lines": "    return False\n\ndef make_positive(nname: str) -> str:\n    nname = re.sub(r'^' + REGEX_SUPERLATIVE + r'not cute', 'really cute', nname, flags=re.I)\n    nname = re.sub(r'^' + REGEX_SUPERLATIVE + r'(f?ugly|hideous|garbage)', 'beautiful', nname, flags=re.I)\n    nname = re.sub(r'^' + REGEX_SUPERLATIVE + r'gross', 'beautiful', nname, flags=re.I)\n    nname = re.sub(r'^' + REGEX_SUPERLATIVE + r'awful', 'lovely', nname, flags=re.I)\n    nname = re.sub(r'^' + REGEX_SUPERLATIVE + r'dumb', 'brilliant', nname, flags=re.I)\n    nname = re.sub(r'^' + REGEX_SUPERLATIVE + r'useless', 'valuable', nname, flags=re.I)\n\n    return nname\n\n",
  "slicing": [
   "    nname = re.sub(r'^' + REGEX_SUPERLATIVE + r'gross', 'beautiful', nname, flags=re.I)\n",
   "    nname = re.sub(r'^' + REGEX_SUPERLATIVE + r'awful', 'lovely', nname, flags=re.I)\n",
   "    nname = re.sub(r'^' + REGEX_SUPERLATIVE + r'dumb', 'brilliant', nname, flags=re.I)\n",
   "    nname = re.sub(r'^' + REGEX_SUPERLATIVE + r'useless', 'valuable', nname, flags=re.I)\n",
   "    return nname\n"
  ]
 },
 "41": {
  "name": "nname",
  "type": "UNKNOWN",
  "class": "unknown",
  "approach": "Pysonar2",
  "file_path": "HiDanni/discordbot/main.py",
  "lineno": "140",
  "column": "4",
  "context": "E + r'gross', 'beautiful', nname, flags=re.I)\n    nname = re.sub(r'^' + REGEX_SUPERLATIVE + r'awful', 'lovely', nname, flags=re.I)\n    nname = re.sub(r'^' + REGEX_SUPERLATIVE + r'du",
  "context_lines": "def make_positive(nname: str) -> str:\n    nname = re.sub(r'^' + REGEX_SUPERLATIVE + r'not cute', 'really cute', nname, flags=re.I)\n    nname = re.sub(r'^' + REGEX_SUPERLATIVE + r'(f?ugly|hideous|garbage)', 'beautiful', nname, flags=re.I)\n    nname = re.sub(r'^' + REGEX_SUPERLATIVE + r'gross', 'beautiful', nname, flags=re.I)\n    nname = re.sub(r'^' + REGEX_SUPERLATIVE + r'awful', 'lovely', nname, flags=re.I)\n    nname = re.sub(r'^' + REGEX_SUPERLATIVE + r'dumb', 'brilliant', nname, flags=re.I)\n    nname = re.sub(r'^' + REGEX_SUPERLATIVE + r'useless', 'valuable', nname, flags=re.I)\n\n    return nname\n\nasync def get_webhook(channel: TextChannel) -> Webhook:\n",
  "slicing": [
   "    nname = re.sub(r'^' + REGEX_SUPERLATIVE + r'awful', 'lovely', nname, flags=re.I)\n",
   "    nname = re.sub(r'^' + REGEX_SUPERLATIVE + r'dumb', 'brilliant', nname, flags=re.I)\n",
   "    nname = re.sub(r'^' + REGEX_SUPERLATIVE + r'useless', 'valuable', nname, flags=re.I)\n",
   "    return nname\n"
  ]
 },
 "42": {
  "name": "nname",
  "type": "UNKNOWN",
  "class": "unknown",
  "approach": "Pysonar2",
  "file_path": "HiDanni/discordbot/main.py",
  "lineno": "141",
  "column": "4",
  "context": "TIVE + r'awful', 'lovely', nname, flags=re.I)\n    nname = re.sub(r'^' + REGEX_SUPERLATIVE + r'dumb', 'brilliant', nname, flags=re.I)\n    nname = re.sub(r'^' + REGEX_SUPERLATIVE + r'us",
  "context_lines": "    nname = re.sub(r'^' + REGEX_SUPERLATIVE + r'not cute', 'really cute', nname, flags=re.I)\n    nname = re.sub(r'^' + REGEX_SUPERLATIVE + r'(f?ugly|hideous|garbage)', 'beautiful', nname, flags=re.I)\n    nname = re.sub(r'^' + REGEX_SUPERLATIVE + r'gross', 'beautiful', nname, flags=re.I)\n    nname = re.sub(r'^' + REGEX_SUPERLATIVE + r'awful', 'lovely', nname, flags=re.I)\n    nname = re.sub(r'^' + REGEX_SUPERLATIVE + r'dumb', 'brilliant', nname, flags=re.I)\n    nname = re.sub(r'^' + REGEX_SUPERLATIVE + r'useless', 'valuable', nname, flags=re.I)\n\n    return nname\n\nasync def get_webhook(channel: TextChannel) -> Webhook:\n    for wh in await channel.webhooks():\n",
  "slicing": [
   "    nname = re.sub(r'^' + REGEX_SUPERLATIVE + r'dumb', 'brilliant', nname, flags=re.I)\n",
   "    nname = re.sub(r'^' + REGEX_SUPERLATIVE + r'useless', 'valuable', nname, flags=re.I)\n",
   "    return nname\n"
  ]
 },
 "43": {
  "name": "nname",
  "type": "UNKNOWN",
  "class": "unknown",
  "approach": "Pysonar2",
  "file_path": "HiDanni/discordbot/main.py",
  "lineno": "142",
  "column": "4",
  "context": "VE + r'dumb', 'brilliant', nname, flags=re.I)\n    nname = re.sub(r'^' + REGEX_SUPERLATIVE + r'useless', 'valuable', nname, flags=re.I)\n\n    return nname\n\nasync def get_webhook(channel: ",
  "context_lines": "    nname = re.sub(r'^' + REGEX_SUPERLATIVE + r'(f?ugly|hideous|garbage)', 'beautiful', nname, flags=re.I)\n    nname = re.sub(r'^' + REGEX_SUPERLATIVE + r'gross', 'beautiful', nname, flags=re.I)\n    nname = re.sub(r'^' + REGEX_SUPERLATIVE + r'awful', 'lovely', nname, flags=re.I)\n    nname = re.sub(r'^' + REGEX_SUPERLATIVE + r'dumb', 'brilliant', nname, flags=re.I)\n    nname = re.sub(r'^' + REGEX_SUPERLATIVE + r'useless', 'valuable', nname, flags=re.I)\n\n    return nname\n\nasync def get_webhook(channel: TextChannel) -> Webhook:\n    for wh in await channel.webhooks():\n",
  "slicing": [
   "    nname = re.sub(r'^' + REGEX_SUPERLATIVE + r'useless', 'valuable', nname, flags=re.I)\n",
   "    return nname\n"
  ]
 },
 "44": {
  "name": "hook",
  "type": "UNKNOWN",
  "class": "unknown",
  "approach": "Pysonar2",
  "file_path": "HiDanni/discordbot/main.py",
  "lineno": "153",
  "column": "4",
  "context": " channel: TextChannel, content: str) -> None:\n    hook = await get_webhook(channel)\n    await hook.send(content, username=user.name, a",
  "context_lines": "        if wh.user == BOT.client.user:\n            return wh\n    return await channel.create_webhook(name='Proxy')\n\nasync def impersonate(user: User, channel: TextChannel, content: str) -> None:\n    hook = await get_webhook(channel)\n    await hook.send(content, username=user.name, avatar_url=str(user.avatar_url))\n\n@BOT.client.event\nasync def on_ready() -> None:\n    print('Logged in as {username} ({id})'.format(username=BOT.client.user.name, id=BOT.client.user.id))\n",
  "slicing": [
   "    hook = await get_webhook(channel)\n",
   "    await hook.send(content, username=user.name, avatar_url=str(user.avatar_url))\n"
  ]
 },
 "45": {
  "name": "c",
  "type": "UNKNOWN",
  "class": "unknown",
  "approach": "Pysonar2",
  "file_path": "HiDanni/discordbot/main.py",
  "lineno": "169",
  "column": "8",
  "context": "eaction: Reaction, author: User) -> None:\n        c = reaction.count\n        if reaction.me:\n            c = c - 1\n    ",
  "context_lines": "async def on_guild_join(guild: discord.Guild) -> None:\n    await guild.default_channel.send(\"Hi everyone! I'm a terrible idea given form\")\n\n@BOT.client.event\nasync def on_reaction_add(reaction: Reaction, author: User) -> None:\n        c = reaction.count\n        if reaction.me:\n            c = c - 1\n        if reaction.message.author == BOT.client.user:\n            if c > 0 and not reaction.custom_emoji and reaction.emoji == \"❎\":\n",
  "slicing": [
   "        c = reaction.count\n",
   "            c = c - 1\n",
   "            if c > 0 and not reaction.custom_emoji and reaction.emoji == \"❎\":\n"
  ]
 },
 "46": {
  "name": "c",
  "type": "int",
  "class": "build-in",
  "approach": "Pysonar2",
  "file_path": "HiDanni/discordbot/main.py",
  "lineno": "171",
  "column": "12",
  "context": "eaction.count\n        if reaction.me:\n            c = c - 1\n        if reaction.message.author == BOT.client.u",
  "context_lines": "@BOT.client.event\nasync def on_reaction_add(reaction: Reaction, author: User) -> None:\n        c = reaction.count\n        if reaction.me:\n            c = c - 1\n        if reaction.message.author == BOT.client.user:\n            if c > 0 and not reaction.custom_emoji and reaction.emoji == \"❎\":\n                await reaction.message.delete()\n\n@BOT.client.event\n",
  "slicing": [
   "            c = c - 1\n",
   "            if c > 0 and not reaction.custom_emoji and reaction.emoji == \"❎\":\n"
  ]
 },
 "47": {
  "name": "emoji",
  "type": "UNKNOWN",
  "class": "unknown",
  "approach": "Pysonar2",
  "file_path": "HiDanni/discordbot/main.py",
  "lineno": "182",
  "column": "4",
  "context": "nc def slurp_emoji(message: Message) -> None:\n    emoji = re.findall(r'<:([^\\d>]+):(\\w+)>', message.content)\n    print(repr(emoji))\n    if not os.path.exists('",
  "context_lines": "@BOT.client.event\nasync def on_member_update(before: discord.Member, after: discord.Member) -> None:\n\n    pass\n\nasync def slurp_emoji(message: Message) -> None:\n    emoji = re.findall(r'<:([^\\d>]+):(\\w+)>', message.content)\n    print(repr(emoji))\n    if not os.path.exists('emoji'):\n        os.mkdir('emoji')\n    for e in emoji:\n",
  "slicing": [
   "    emoji = re.findall(r'<:([^\\d>]+):(\\w+)>', message.content)\n",
   "    print(repr(emoji))\n",
   "    for e in emoji:\n",
   "        name = e[0]\n",
   "        e_id = e[1]\n",
   "        path = os.path.join('emoji', name + '.png')\n",
   "        if not os.path.exists(path):\n",
   "            response = requests.get(f'https://cdn.discordapp.com/emojis/{e_id}.png')\n",
   "            with open(path, mode='wb') as fout:\n",
   "                for chunk in response.iter_content(1024):\n",
   "                    fout.write(chunk)\n"
  ]
 },
 "48": {
  "name": "name",
  "type": "dict",
  "class": "build-in",
  "approach": "annotation",
  "file_path": "HiDanni/discordbot/main.py",
  "lineno": "187",
  "column": "8",
  "context": "    os.mkdir('emoji')\n    for e in emoji:\n        name = e[0]\n        e_id = e[1]\n        path = os.path.join('e",
  "context_lines": "    print(repr(emoji))\n    if not os.path.exists('emoji'):\n        os.mkdir('emoji')\n    for e in emoji:\n        name = e[0]\n        e_id = e[1]\n        path = os.path.join('emoji', name + '.png')\n        if not os.path.exists(path):\n            response = requests.get(f'https://cdn.discordapp.com/emojis/{e_id}.png')\n",
  "slicing": [
   "        name = e[0]\n",
   "        path = os.path.join('emoji', name + '.png')\n",
   "        if not os.path.exists(path):\n",
   "            with open(path, mode='wb') as fout:\n"
  ]
 },
 "49": {
  "name": "e_id",
  "type": "dict",
  "class": "build-in",
  "approach": "annotation",
  "file_path": "HiDanni/discordbot/main.py",
  "lineno": "188",
  "column": "8",
  "context": ")\n    for e in emoji:\n        name = e[0]\n        e_id = e[1]\n        path = os.path.join('emoji', name + '.png'",
  "context_lines": "    if not os.path.exists('emoji'):\n        os.mkdir('emoji')\n    for e in emoji:\n        name = e[0]\n        e_id = e[1]\n        path = os.path.join('emoji', name + '.png')\n        if not os.path.exists(path):\n            response = requests.get(f'https://cdn.discordapp.com/emojis/{e_id}.png')\n            with open(path, mode='wb') as fout:\n",
  "slicing": [
   "        e_id = e[1]\n",
   "            response = requests.get(f'https://cdn.discordapp.com/emojis/{e_id}.png')\n",
   "                for chunk in response.iter_content(1024):\n",
   "                    fout.write(chunk)\n"
  ]
 },
 "50": {
  "name": "path",
  "type": "str",
  "class": "build-in",
  "approach": "Pysonar2",
  "file_path": "HiDanni/discordbot/main.py",
  "lineno": "189",
  "column": "8",
  "context": ":\n        name = e[0]\n        e_id = e[1]\n        path = os.path.join('emoji', name + '.png')\n        if not os.path.exists(path):\n            r",
  "context_lines": "        os.mkdir('emoji')\n    for e in emoji:\n        name = e[0]\n        e_id = e[1]\n        path = os.path.join('emoji', name + '.png')\n        if not os.path.exists(path):\n            response = requests.get(f'https://cdn.discordapp.com/emojis/{e_id}.png')\n            with open(path, mode='wb') as fout:\n                for chunk in response.iter_content(1024):\n",
  "slicing": [
   "        path = os.path.join('emoji', name + '.png')\n",
   "        if not os.path.exists(path):\n",
   "            with open(path, mode='wb') as fout:\n"
  ]
 },
 "51": {
  "name": "response",
  "type": "UNKNOWN",
  "class": "unknown",
  "approach": "Pysonar2",
  "file_path": "HiDanni/discordbot/main.py",
  "lineno": "191",
  "column": "12",
  "context": "\n        if not os.path.exists(path):\n            response = requests.get(f'https://cdn.discordapp.com/emojis/{e_id}.png')\n            with open(path, mode='wb') as fout:\n  ",
  "context_lines": "        name = e[0]\n        e_id = e[1]\n        path = os.path.join('emoji', name + '.png')\n        if not os.path.exists(path):\n            response = requests.get(f'https://cdn.discordapp.com/emojis/{e_id}.png')\n            with open(path, mode='wb') as fout:\n                for chunk in response.iter_content(1024):\n                    fout.write(chunk)\n\ndef init() -> None:\n",
  "slicing": [
   "            response = requests.get(f'https://cdn.discordapp.com/emojis/{e_id}.png')\n",
   "                for chunk in response.iter_content(1024):\n",
   "                    fout.write(chunk)\n"
  ]
 },
 "52": {
  "name": "key",
  "type": "UNKNOWN",
  "class": "unknown",
  "approach": "Pysonar2",
  "file_path": "HiDanni/shared/limited_dict.py",
  "lineno": "12",
  "column": "24",
  "context": "self._check_size_limit()\n\n  def __setitem__(self, key, value):\n    OrderedDict.__setitem__(self, key, value)\n    ",
  "context_lines": "  def __init__(self, *args: Any, **kwds: Any) -> None:\n    self.size_limit = kwds.pop(\"size_limit\", None)\n    OrderedDict.__init__(self, *args, **kwds)\n    self._check_size_limit()\n\n  def __setitem__(self, key, value):\n    OrderedDict.__setitem__(self, key, value)\n    self._check_size_limit()\n\n  def _check_size_limit(self) -> None:\n    if self.size_limit is not None:\n",
  "slicing": "  def __setitem__(self, key, value):\n"
 },
 "53": {
  "name": "value",
  "type": "UNKNOWN",
  "class": "unknown",
  "approach": "Pysonar2",
  "file_path": "HiDanni/shared/limited_dict.py",
  "lineno": "12",
  "column": "29",
  "context": "_check_size_limit()\n\n  def __setitem__(self, key, value):\n    OrderedDict.__setitem__(self, key, value)\n    ",
  "context_lines": "  def __init__(self, *args: Any, **kwds: Any) -> None:\n    self.size_limit = kwds.pop(\"size_limit\", None)\n    OrderedDict.__init__(self, *args, **kwds)\n    self._check_size_limit()\n\n  def __setitem__(self, key, value):\n    OrderedDict.__setitem__(self, key, value)\n    self._check_size_limit()\n\n  def _check_size_limit(self) -> None:\n    if self.size_limit is not None:\n",
  "slicing": "  def __setitem__(self, key, value):\n"
 },
 "54": {
  "name": "key",
  "type": "str",
  "class": "build-in",
  "approach": "annotation",
  "file_path": "HiDanni/shared/configuration.py",
  "lineno": "13",
  "column": "8",
  "context": "ception\n\nDEFAULTS = {\n    \"token\": \"\",\n}\n\ndef get(key: str) -> str:\n    try:\n        cfg = json.load(open('config.json",
  "context_lines": "from .exceptions import InvalidArgumentException\n\nDEFAULTS = {\n    \"token\": \"\",\n}\n\ndef get(key: str) -> str:\n    try:\n        cfg = json.load(open('config.json'))\n    except FileNotFoundError:\n        cfg = {}\n",
  "slicing": "def get(key: str) -> str:\n"
 },
 "55": {
  "name": "key",
  "type": "str",
  "class": "build-in",
  "approach": "annotation",
  "file_path": "HiDanni/shared/configuration.py",
  "lineno": "36",
  "column": "10",
  "context": "ps(cfg, indent=4))\n    return cfg[key]\n\ndef write(key: str, value: str) -> str:\n    try:\n        cfg = json.load(open('config.json",
  "context_lines": "    print(\"CONFIG: {0}={1}\".format(key, cfg[key]))\n    fh = open('config.json', 'w')\n    fh.write(json.dumps(cfg, indent=4))\n    return cfg[key]\n\ndef write(key: str, value: str) -> str:\n    try:\n        cfg = json.load(open('config.json'))\n    except FileNotFoundError:\n        cfg = {}\n\n",
  "slicing": "def write(key: str, value: str) -> str:\n"
 },
 "56": {
  "name": "value",
  "type": "str",
  "class": "build-in",
  "approach": "annotation",
  "file_path": "HiDanni/shared/configuration.py",
  "lineno": "36",
  "column": "20",
  "context": "dent=4))\n    return cfg[key]\n\ndef write(key: str, value: str) -> str:\n    try:\n        cfg = json.load(open('config.json",
  "context_lines": "    print(\"CONFIG: {0}={1}\".format(key, cfg[key]))\n    fh = open('config.json', 'w')\n    fh.write(json.dumps(cfg, indent=4))\n    return cfg[key]\n\ndef write(key: str, value: str) -> str:\n    try:\n        cfg = json.load(open('config.json'))\n    except FileNotFoundError:\n        cfg = {}\n\n",
  "slicing": "def write(key: str, value: str) -> str:\n"
 },
 "57": {
  "name": "input",
  "type": "str",
  "class": "build-in",
  "approach": "annotation",
  "file_path": "HiDanni/discordbot/main.py",
  "lineno": "96",
  "column": "20",
  "context": "      await message.delete()\n\ndef translate_furry(input: str) -> str:\n    return input.lower().replace('r', 'w').replace",
  "context_lines": "    diff = datetime.datetime.now().timestamp() - last_owo\n    if diff < 300: # five minutes\n        await impersonate(message.author, message.channel, translate_furry(message.content))\n        await message.delete()\n\ndef translate_furry(input: str) -> str:\n    return input.lower().replace('r', 'w').replace('l', 'w').replace(\",\",\"~\").replace(\";\",\"~\")\n\n\n\n\nasync def process_im(message: Message) -> bool:\n    m = re.search(REGEX_IM, message.clean_content, re.IGNORECASE)\n    if not m:\n",
  "slicing": "def translate_furry(input: str) -> str:\n"
 },
 "58": {
  "name": "nname",
  "type": "str",
  "class": "build-in",
  "approach": "annotation",
  "file_path": "HiDanni/discordbot/main.py",
  "lineno": "136",
  "column": "18",
  "context": "  return True\n    return False\n\ndef make_positive(nname: str) -> str:\n    nname = re.sub(r'^' + REGEX_SUPERLATIVE + r'no",
  "context_lines": "            return True\n\n        await message.channel.send(f\"Hi {name}, I'm Danni\")\n        return True\n    return False\n\ndef make_positive(nname: str) -> str:\n    nname = re.sub(r'^' + REGEX_SUPERLATIVE + r'not cute', 'really cute', nname, flags=re.I)\n    nname = re.sub(r'^' + REGEX_SUPERLATIVE + r'(f?ugly|hideous|garbage)', 'beautiful', nname, flags=re.I)\n    nname = re.sub(r'^' + REGEX_SUPERLATIVE + r'gross', 'beautiful', nname, flags=re.I)\n    nname = re.sub(r'^' + REGEX_SUPERLATIVE + r'awful', 'lovely', nname, flags=re.I)\n",
  "slicing": "def make_positive(nname: str) -> str:\n"
 }
}