{
 "1": {
  "name": "resp",
  "type": "requests.Response",
  "class": "imported",
  "approach": "annotation",
  "file_path": "scraper-fourone-jobs/main.py",
  "lineno": "29",
  "column": "4",
  "context": "手機: {result.mobile}\")\n\n\ndef start_scraping():\n    resp: Response = requests.get(Config.SITE_URL)\n    parsing_service = ContactPesonParsingService()",
  "context_lines": "    print(f\"> 電子郵件: {result.email}\")\n    print(f\"> 市話: {result.telphone}\")\n    print(f\"> 手機: {result.mobile}\")\n\n\ndef start_scraping():\n    resp: Response = requests.get(Config.SITE_URL)\n    parsing_service = ContactPesonParsingService()\n    result: ApplyContactPerson = parsing_service.parse(resp.content)\n    output(result)\n\n\nif __name__ == \"__main__\":\n",
  "slicing": [
   "    resp: Response = requests.get(Config.SITE_URL)\n",
   "    result: ApplyContactPerson = parsing_service.parse(resp.content)\n",
   "    output(result)\n"
  ]
 },
 "2": {
  "name": "parsing_service",
  "type": "scraping.parser.ContactPesonParsingService",
  "class": "customized",
  "approach": "annotation",
  "file_path": "scraper-fourone-jobs/main.py",
  "lineno": "30",
  "column": "4",
  "context": "esp: Response = requests.get(Config.SITE_URL)\n    parsing_service = ContactPesonParsingService()\n    result: ApplyContactPerson = parsing_service.p",
  "context_lines": "    print(f\"> 市話: {result.telphone}\")\n    print(f\"> 手機: {result.mobile}\")\n\n\ndef start_scraping():\n    resp: Response = requests.get(Config.SITE_URL)\n    parsing_service = ContactPesonParsingService()\n    result: ApplyContactPerson = parsing_service.parse(resp.content)\n    output(result)\n\n\nif __name__ == \"__main__\":\n",
  "slicing": [
   "    parsing_service = ContactPesonParsingService()\n",
   "    result: ApplyContactPerson = parsing_service.parse(resp.content)\n",
   "    output(result)\n"
  ]
 },
 "3": {
  "name": "result",
  "type": "scraping.dto.ApplyContactPerson",
  "class": "customized",
  "approach": "annotation",
  "file_path": "scraper-fourone-jobs/main.py",
  "lineno": "31",
  "column": "4",
  "context": "arsing_service = ContactPesonParsingService()\n    result: ApplyContactPerson = parsing_service.parse(resp.content)\n    output(result)\n\n\nif __name__ == \"__main__\":\n  ",
  "context_lines": "    print(f\"> 手機: {result.mobile}\")\n\n\ndef start_scraping():\n    resp: Response = requests.get(Config.SITE_URL)\n    parsing_service = ContactPesonParsingService()\n    result: ApplyContactPerson = parsing_service.parse(resp.content)\n    output(result)\n\n\nif __name__ == \"__main__\":\n",
  "slicing": [
   "    result: ApplyContactPerson = parsing_service.parse(resp.content)\n",
   "    output(result)\n"
  ]
 },
 "4": {
  "name": "SITE_URL",
  "type": "UNKNOWN",
  "class": "unknown",
  "approach": "Pysonar2",
  "file_path": "scraper-fourone-jobs/settings.py",
  "lineno": "5",
  "column": "4",
  "context": "om typing import Dict\n\n\nclass Config(object):\n    SITE_URL = \"https://www.xxx.com.tw/job/85992852/?agent=sticktop_51563220_85992852\"\n\n    \"\"\"\n    FONT_CSS_HREF_XPATH: Font 所在的 XPATH 標",
  "context_lines": "from typing import Dict\n\n\nclass Config(object):\n    SITE_URL = \"https://www.xxx.com.tw/job/85992852/?agent=sticktop_51563220_85992852\"\n\n    \"\"\"\n    FONT_CSS_HREF_XPATH: Font 所在的 XPATH 標籤 Href\n    FONT_CSS_HREF_PATH_PREFIX: Font CSS 檔案的路徑前綴，確認格式用\n",
  "slicing": "    SITE_URL = \"https://www.xxx.com.tw/job/85992852/?agent=sticktop_51563220_85992852\"\n"
 },
 "5": {
  "name": "FONT_CSS_HREF_XPATH",
  "type": "UNKNOWN",
  "class": "unknown",
  "approach": "Pysonar2",
  "file_path": "scraper-fourone-jobs/settings.py",
  "lineno": "13",
  "column": "4",
  "context": "也是要取代 FONT_CSS_REPLACEMENT_PATTERN 的詞\n    \"\"\"\n    FONT_CSS_HREF_XPATH = \"/html/head/link[1]/@href\"\n    FONT_CSS_HREF_PATH_PREFIX = \"https://www.xxx.c",
  "context_lines": "    FONT_CSS_HREF_PATH_PREFIX: Font CSS 檔案的路徑前綴，確認格式用\n    FONT_CSS_REPLACEMENT_PATTERN: 取代的 Pattern，為了讓路徑直接切換成 Font 的檔案來源並解析，因為檔案路徑與名稱一致，只需取代副檔名\n    FONT_RES_FILE_WOFF_EXTENSION: 字型資源檔的格式副檔名，也是要取代 FONT_CSS_REPLACEMENT_PATTERN 的詞\n    \"\"\"\n    FONT_CSS_HREF_XPATH = \"/html/head/link[1]/@href\"\n    FONT_CSS_HREF_PATH_PREFIX = \"https://www.xxx.com.tw/webService/NET40/Runes/fonts/Books\"\n    FONT_CSS_REPLACEMENT_PATTERN = r\".css$\"\n    FONT_RES_FILE_WOFF_EXTENSION = \".woff?v0001\"\n\n    \"\"\"\n",
  "slicing": "    FONT_CSS_HREF_XPATH = \"/html/head/link[1]/@href\"\n"
 },
 "6": {
  "name": "FONT_CSS_HREF_PATH_PREFIX",
  "type": "UNKNOWN",
  "class": "unknown",
  "approach": "Pysonar2",
  "file_path": "scraper-fourone-jobs/settings.py",
  "lineno": "14",
  "column": "4",
  "context": "T_CSS_HREF_XPATH = \"/html/head/link[1]/@href\"\n    FONT_CSS_HREF_PATH_PREFIX = \"https://www.xxx.com.tw/webService/NET40/Runes/fonts/Books\"\n    FONT_CSS_REPLACEMENT_PATTERN = r\".css$\"\n    FO",
  "context_lines": "    FONT_CSS_REPLACEMENT_PATTERN: 取代的 Pattern，為了讓路徑直接切換成 Font 的檔案來源並解析，因為檔案路徑與名稱一致，只需取代副檔名\n    FONT_RES_FILE_WOFF_EXTENSION: 字型資源檔的格式副檔名，也是要取代 FONT_CSS_REPLACEMENT_PATTERN 的詞\n    \"\"\"\n    FONT_CSS_HREF_XPATH = \"/html/head/link[1]/@href\"\n    FONT_CSS_HREF_PATH_PREFIX = \"https://www.xxx.com.tw/webService/NET40/Runes/fonts/Books\"\n    FONT_CSS_REPLACEMENT_PATTERN = r\".css$\"\n    FONT_RES_FILE_WOFF_EXTENSION = \".woff?v0001\"\n\n    \"\"\"\n    要爬取解析的 XPATH\n",
  "slicing": "    FONT_CSS_HREF_PATH_PREFIX = \"https://www.xxx.com.tw/webService/NET40/Runes/fonts/Books\"\n"
 },
 "7": {
  "name": "FONT_CSS_REPLACEMENT_PATTERN",
  "type": "UNKNOWN",
  "class": "unknown",
  "approach": "Pysonar2",
  "file_path": "scraper-fourone-jobs/settings.py",
  "lineno": "15",
  "column": "4",
  "context": "xx.com.tw/webService/NET40/Runes/fonts/Books\"\n    FONT_CSS_REPLACEMENT_PATTERN = r\".css$\"\n    FONT_RES_FILE_WOFF_EXTENSION = \".woff?v0001\"\n\n",
  "context_lines": "    FONT_RES_FILE_WOFF_EXTENSION: 字型資源檔的格式副檔名，也是要取代 FONT_CSS_REPLACEMENT_PATTERN 的詞\n    \"\"\"\n    FONT_CSS_HREF_XPATH = \"/html/head/link[1]/@href\"\n    FONT_CSS_HREF_PATH_PREFIX = \"https://www.xxx.com.tw/webService/NET40/Runes/fonts/Books\"\n    FONT_CSS_REPLACEMENT_PATTERN = r\".css$\"\n    FONT_RES_FILE_WOFF_EXTENSION = \".woff?v0001\"\n\n    \"\"\"\n    要爬取解析的 XPATH\n    \"\"\"\n",
  "slicing": "    FONT_CSS_REPLACEMENT_PATTERN = r\".css$\"\n"
 },
 "8": {
  "name": "FONT_RES_FILE_WOFF_EXTENSION",
  "type": "UNKNOWN",
  "class": "unknown",
  "approach": "Pysonar2",
  "file_path": "scraper-fourone-jobs/settings.py",
  "lineno": "16",
  "column": "4",
  "context": "\"\n    FONT_CSS_REPLACEMENT_PATTERN = r\".css$\"\n    FONT_RES_FILE_WOFF_EXTENSION = \".woff?v0001\"\n\n    \"\"\"\n    要爬取解析的 XPATH\n    \"\"\"\n    CONTACT_PERS",
  "context_lines": "    \"\"\"\n    FONT_CSS_HREF_XPATH = \"/html/head/link[1]/@href\"\n    FONT_CSS_HREF_PATH_PREFIX = \"https://www.xxx.com.tw/webService/NET40/Runes/fonts/Books\"\n    FONT_CSS_REPLACEMENT_PATTERN = r\".css$\"\n    FONT_RES_FILE_WOFF_EXTENSION = \".woff?v0001\"\n\n    \"\"\"\n    要爬取解析的 XPATH\n    \"\"\"\n",
  "slicing": "    FONT_RES_FILE_WOFF_EXTENSION = \".woff?v0001\"\n"
 },
 "9": {
  "name": "CONTACT_PERSON_XPATH",
  "type": "UNKNOWN",
  "class": "unknown",
  "approach": "Pysonar2",
  "file_path": "scraper-fourone-jobs/settings.py",
  "lineno": "21",
  "column": "4",
  "context": "woff?v0001\"\n\n    \"\"\"\n    要爬取解析的 XPATH\n    \"\"\"\n    CONTACT_PERSON_XPATH = \"//*[@id='Apply']/div/ul/li[1]/div[2]/text()\"\n    EMAIL_XPATH = \"//*[@id='Apply']/div/ul/li[2]/d",
  "context_lines": "    FONT_RES_FILE_WOFF_EXTENSION = \".woff?v0001\"\n\n    \"\"\"\n    要爬取解析的 XPATH\n    \"\"\"\n    CONTACT_PERSON_XPATH = \"//*[@id='Apply']/div/ul/li[1]/div[2]/text()\"\n    EMAIL_XPATH = \"//*[@id='Apply']/div/ul/li[2]/div[2]/text()\"\n    TELPHONE_XPATH = \"//*[@id='Apply']/div/ul/li[3]/div[2]/text()\"\n    MOBILE_PHONE_XPATH = \"//*[@id='Apply']/div/ul/li[4]/div[2]/text()\"\n\n    \"\"\"\n",
  "slicing": "    CONTACT_PERSON_XPATH = \"//*[@id='Apply']/div/ul/li[1]/div[2]/text()\"\n"
 },
 "10": {
  "name": "EMAIL_XPATH",
  "type": "UNKNOWN",
  "class": "unknown",
  "approach": "Pysonar2",
  "file_path": "scraper-fourone-jobs/settings.py",
  "lineno": "22",
  "column": "4",
  "context": "\"//*[@id='Apply']/div/ul/li[1]/div[2]/text()\"\n    EMAIL_XPATH = \"//*[@id='Apply']/div/ul/li[2]/div[2]/text()\"\n    TELPHONE_XPATH = \"//*[@id='Apply']/div/ul/li[3",
  "context_lines": "    \"\"\"\n    要爬取解析的 XPATH\n    \"\"\"\n    CONTACT_PERSON_XPATH = \"//*[@id='Apply']/div/ul/li[1]/div[2]/text()\"\n    EMAIL_XPATH = \"//*[@id='Apply']/div/ul/li[2]/div[2]/text()\"\n    TELPHONE_XPATH = \"//*[@id='Apply']/div/ul/li[3]/div[2]/text()\"\n    MOBILE_PHONE_XPATH = \"//*[@id='Apply']/div/ul/li[4]/div[2]/text()\"\n\n    \"\"\"\n    字型的文字翻譯與編號檔，須先手動整理\n",
  "slicing": "    EMAIL_XPATH = \"//*[@id='Apply']/div/ul/li[2]/div[2]/text()\"\n"
 },
 "11": {
  "name": "TELPHONE_XPATH",
  "type": "UNKNOWN",
  "class": "unknown",
  "approach": "Pysonar2",
  "file_path": "scraper-fourone-jobs/settings.py",
  "lineno": "23",
  "column": "4",
  "context": "\"//*[@id='Apply']/div/ul/li[2]/div[2]/text()\"\n    TELPHONE_XPATH = \"//*[@id='Apply']/div/ul/li[3]/div[2]/text()\"\n    MOBILE_PHONE_XPATH = \"//*[@id='Apply']/div/ul/",
  "context_lines": "    要爬取解析的 XPATH\n    \"\"\"\n    CONTACT_PERSON_XPATH = \"//*[@id='Apply']/div/ul/li[1]/div[2]/text()\"\n    EMAIL_XPATH = \"//*[@id='Apply']/div/ul/li[2]/div[2]/text()\"\n    TELPHONE_XPATH = \"//*[@id='Apply']/div/ul/li[3]/div[2]/text()\"\n    MOBILE_PHONE_XPATH = \"//*[@id='Apply']/div/ul/li[4]/div[2]/text()\"\n\n    \"\"\"\n    字型的文字翻譯與編號檔，須先手動整理\n    \"\"\"\n",
  "slicing": "    TELPHONE_XPATH = \"//*[@id='Apply']/div/ul/li[3]/div[2]/text()\"\n"
 },
 "12": {
  "name": "MOBILE_PHONE_XPATH",
  "type": "UNKNOWN",
  "class": "unknown",
  "approach": "Pysonar2",
  "file_path": "scraper-fourone-jobs/settings.py",
  "lineno": "24",
  "column": "4",
  "context": "\"//*[@id='Apply']/div/ul/li[3]/div[2]/text()\"\n    MOBILE_PHONE_XPATH = \"//*[@id='Apply']/div/ul/li[4]/div[2]/text()\"\n\n    \"\"\"\n    字型的文字翻譯與編號檔，須先手動整理\n    \"\"\"\n    FONT_G",
  "context_lines": "    \"\"\"\n    CONTACT_PERSON_XPATH = \"//*[@id='Apply']/div/ul/li[1]/div[2]/text()\"\n    EMAIL_XPATH = \"//*[@id='Apply']/div/ul/li[2]/div[2]/text()\"\n    TELPHONE_XPATH = \"//*[@id='Apply']/div/ul/li[3]/div[2]/text()\"\n    MOBILE_PHONE_XPATH = \"//*[@id='Apply']/div/ul/li[4]/div[2]/text()\"\n\n    \"\"\"\n    字型的文字翻譯與編號檔，須先手動整理\n    \"\"\"\n",
  "slicing": "    MOBILE_PHONE_XPATH = \"//*[@id='Apply']/div/ul/li[4]/div[2]/text()\"\n"
 },
 "13": {
  "name": "FONT_GLYPHID_TRANSLATOR",
  "type": "dict",
  "class": "build-in",
  "approach": "annotation",
  "file_path": "scraper-fourone-jobs/settings.py",
  "lineno": "29",
  "column": "4",
  "context": "xt()\"\n\n    \"\"\"\n    字型的文字翻譯與編號檔，須先手動整理\n    \"\"\"\n    FONT_GLYPHID_TRANSLATOR: Dict[str, str] = {\n        \"00\": \" \",\n        \"01\": \" \",\n        \"02\"",
  "context_lines": "    MOBILE_PHONE_XPATH = \"//*[@id='Apply']/div/ul/li[4]/div[2]/text()\"\n\n    \"\"\"\n    字型的文字翻譯與編號檔，須先手動整理\n    \"\"\"\n    FONT_GLYPHID_TRANSLATOR: Dict[str, str] = {\n        \"00\": \" \",\n        \"01\": \" \",\n        \"02\": \"#\",\n        \"03\": \"~\",\n",
  "slicing": "    FONT_GLYPHID_TRANSLATOR: Dict[str, str] = {\n"
 },
 "14": {
  "name": "hex_decimal",
  "type": "int",
  "class": "build-in",
  "approach": "annotation",
  "file_path": "scraper-fourone-jobs/scraping/decode.py",
  "lineno": "34",
  "column": "12",
  "context": "     # 轉換成 16 進制的數字，拿來對照 Charmap 是否存在\n            hex_decimal = int(unichar, 16)\n            charmap = self._woff.charmap\n         ",
  "context_lines": "            str: 翻譯後的字元\n        \"\"\"\n        if unichar:\n            # 轉換成 16 進制的數字，拿來對照 Charmap 是否存在\n            hex_decimal = int(unichar, 16)\n            charmap = self._woff.charmap\n            glyphs = self._woff.glyphs\n            if hex_decimal in charmap.keys():\n                keycode = charmap[hex_decimal]\n",
  "slicing": [
   "        return \"\".join([\"\\\\u%s\" % hex(ord(l))[2:].zfill(4) for l in data])\n",
   "            hex_decimal = int(unichar, 16)\n",
   "            charmap = self._woff.charmap\n",
   "            if hex_decimal in charmap.keys():\n",
   "                keycode = charmap[hex_decimal]\n",
   "                    if keycode is code:\n",
   "                        print(f\" [ Match ]  Unicode char decoded - {keycode} > {decoded}\")\n"
  ]
 },
 "15": {
  "name": "charmap",
  "type": "UNKNOWN",
  "class": "unknown",
  "approach": "Pysonar2",
  "file_path": "scraper-fourone-jobs/scraping/decode.py",
  "lineno": "35",
  "column": "12",
  "context": "       hex_decimal = int(unichar, 16)\n            charmap = self._woff.charmap\n            glyphs = self._woff.glyphs\n           ",
  "context_lines": "        \"\"\"\n        if unichar:\n            # 轉換成 16 進制的數字，拿來對照 Charmap 是否存在\n            hex_decimal = int(unichar, 16)\n            charmap = self._woff.charmap\n            glyphs = self._woff.glyphs\n            if hex_decimal in charmap.keys():\n                keycode = charmap[hex_decimal]\n                for glyphid, code in glyphs.items():\n",
  "slicing": [
   "        return \"\".join([\"\\\\u%s\" % hex(ord(l))[2:].zfill(4) for l in data])\n",
   "            hex_decimal = int(unichar, 16)\n",
   "            charmap = self._woff.charmap\n",
   "            if hex_decimal in charmap.keys():\n",
   "                keycode = charmap[hex_decimal]\n",
   "                    if keycode is code:\n",
   "                        print(f\" [ Match ]  Unicode char decoded - {keycode} > {decoded}\")\n"
  ]
 },
 "16": {
  "name": "glyphs",
  "type": "UNKNOWN",
  "class": "unknown",
  "approach": "Pysonar2",
  "file_path": "scraper-fourone-jobs/scraping/decode.py",
  "lineno": "36",
  "column": "12",
  "context": "         charmap = self._woff.charmap\n            glyphs = self._woff.glyphs\n            if hex_decimal in charmap.keys():\n    ",
  "context_lines": "        if unichar:\n            # 轉換成 16 進制的數字，拿來對照 Charmap 是否存在\n            hex_decimal = int(unichar, 16)\n            charmap = self._woff.charmap\n            glyphs = self._woff.glyphs\n            if hex_decimal in charmap.keys():\n                keycode = charmap[hex_decimal]\n                for glyphid, code in glyphs.items():\n                    if keycode is code:\n",
  "slicing": [
   "        return \"\".join([\"\\\\u%s\" % hex(ord(l))[2:].zfill(4) for l in data])\n",
   "            hex_decimal = int(unichar, 16)\n",
   "            charmap = self._woff.charmap\n",
   "            glyphs = self._woff.glyphs\n",
   "            if hex_decimal in charmap.keys():\n",
   "                keycode = charmap[hex_decimal]\n",
   "                for glyphid, code in glyphs.items():\n",
   "                    if keycode is code:\n",
   "                        decoded = self._font_translator[glyphid]\n",
   "                        print(f\" [ Match ]  Unicode char decoded - {keycode} > {decoded}\")\n",
   "                        return decoded\n",
   "        result: str = \"\"\n",
   "        escape_source = raw_source.encode('unicode-escape').decode('utf-8')\n",
   "        print(f\" - Unicode Escape  content = {escape_source}\")\n",
   "        unichars: List[str] = escape_source.split(\"\\\\u\")\n",
   "        print(f\" - Unicode Char List = {unichars}\")\n",
   "        for unichar in unichars:\n",
   "            decoded = self._translate(unichar)\n",
   "            result += decoded if decoded else \"\"\n",
   "        result = result.replace(\" \", \"\")\n",
   "        print(f\" - Decoded content = {result}\")\n",
   "        return result\n"
  ]
 },
 "17": {
  "name": "keycode",
  "type": "dict",
  "class": "build-in",
  "approach": "annotation",
  "file_path": "scraper-fourone-jobs/scraping/decode.py",
  "lineno": "38",
  "column": "16",
  "context": "if hex_decimal in charmap.keys():\n                keycode = charmap[hex_decimal]\n                for glyphid, code in glyphs.items(",
  "context_lines": "            hex_decimal = int(unichar, 16)\n            charmap = self._woff.charmap\n            glyphs = self._woff.glyphs\n            if hex_decimal in charmap.keys():\n                keycode = charmap[hex_decimal]\n                for glyphid, code in glyphs.items():\n                    if keycode is code:\n                        decoded = self._font_translator[glyphid]\n                        print(f\" [ Match ]  Unicode char decoded - {keycode} > {decoded}\")\n",
  "slicing": [
   "        return \"\".join([\"\\\\u%s\" % hex(ord(l))[2:].zfill(4) for l in data])\n",
   "            hex_decimal = int(unichar, 16)\n",
   "            charmap = self._woff.charmap\n",
   "            if hex_decimal in charmap.keys():\n",
   "                keycode = charmap[hex_decimal]\n",
   "                    if keycode is code:\n",
   "                        print(f\" [ Match ]  Unicode char decoded - {keycode} > {decoded}\")\n"
  ]
 },
 "18": {
  "name": "decoded",
  "type": "dict",
  "class": "build-in",
  "approach": "annotation",
  "file_path": "scraper-fourone-jobs/scraping/decode.py",
  "lineno": "41",
  "column": "24",
  "context": "      if keycode is code:\n                        decoded = self._font_translator[glyphid]\n                        print(f\" [ Match ]  Unicod",
  "context_lines": "            if hex_decimal in charmap.keys():\n                keycode = charmap[hex_decimal]\n                for glyphid, code in glyphs.items():\n                    if keycode is code:\n                        decoded = self._font_translator[glyphid]\n                        print(f\" [ Match ]  Unicode char decoded - {keycode} > {decoded}\")\n                        return decoded\n        return None\n\n    def decode(self, raw_source: str) -> str:\n",
  "slicing": [
   "        return \"\".join([\"\\\\u%s\" % hex(ord(l))[2:].zfill(4) for l in data])\n",
   "            hex_decimal = int(unichar, 16)\n",
   "            charmap = self._woff.charmap\n",
   "            glyphs = self._woff.glyphs\n",
   "            if hex_decimal in charmap.keys():\n",
   "                keycode = charmap[hex_decimal]\n",
   "                for glyphid, code in glyphs.items():\n",
   "                    if keycode is code:\n",
   "                        decoded = self._font_translator[glyphid]\n",
   "                        print(f\" [ Match ]  Unicode char decoded - {keycode} > {decoded}\")\n",
   "                        return decoded\n",
   "        result: str = \"\"\n",
   "        escape_source = raw_source.encode('unicode-escape').decode('utf-8')\n",
   "        print(f\" - Unicode Escape  content = {escape_source}\")\n",
   "        unichars: List[str] = escape_source.split(\"\\\\u\")\n",
   "        print(f\" - Unicode Char List = {unichars}\")\n",
   "        for unichar in unichars:\n",
   "            decoded = self._translate(unichar)\n",
   "            result += decoded if decoded else \"\"\n",
   "        result = result.replace(\" \", \"\")\n",
   "        print(f\" - Decoded content = {result}\")\n",
   "        return result\n"
  ]
 },
 "19": {
  "name": "result",
  "type": "str",
  "class": "build-in",
  "approach": "annotation",
  "file_path": "scraper-fourone-jobs/scraping/decode.py",
  "lineno": "47",
  "column": "8",
  "context": "def decode(self, raw_source: str) -> str:\n        result: str = \"\"\n        # unicode_source: str = self._restore_unic",
  "context_lines": "                        print(f\" [ Match ]  Unicode char decoded - {keycode} > {decoded}\")\n                        return decoded\n        return None\n\n    def decode(self, raw_source: str) -> str:\n        result: str = \"\"\n        # unicode_source: str = self._restore_unicode(raw_source)\n        # 透過跳脫字元顯示源碼，等同上面方法\n        escape_source = raw_source.encode('unicode-escape').decode('utf-8')\n        print(f\" - Original = {raw_source}\")\n",
  "slicing": [
   "        return \"\".join([\"\\\\u%s\" % hex(ord(l))[2:].zfill(4) for l in data])\n",
   "            hex_decimal = int(unichar, 16)\n",
   "            charmap = self._woff.charmap\n",
   "            glyphs = self._woff.glyphs\n",
   "            if hex_decimal in charmap.keys():\n",
   "                keycode = charmap[hex_decimal]\n",
   "                for glyphid, code in glyphs.items():\n",
   "                    if keycode is code:\n",
   "                        decoded = self._font_translator[glyphid]\n",
   "                        print(f\" [ Match ]  Unicode char decoded - {keycode} > {decoded}\")\n",
   "                        return decoded\n",
   "        result: str = \"\"\n",
   "        escape_source = raw_source.encode('unicode-escape').decode('utf-8')\n",
   "        print(f\" - Unicode Escape  content = {escape_source}\")\n",
   "        unichars: List[str] = escape_source.split(\"\\\\u\")\n",
   "        print(f\" - Unicode Char List = {unichars}\")\n",
   "        for unichar in unichars:\n",
   "            decoded = self._translate(unichar)\n",
   "            result += decoded if decoded else \"\"\n",
   "        result = result.replace(\" \", \"\")\n",
   "        print(f\" - Decoded content = {result}\")\n",
   "        return result\n"
  ]
 },
 "20": {
  "name": "escape_source",
  "type": "UNKNOWN",
  "class": "unknown",
  "approach": "Pysonar2",
  "file_path": "scraper-fourone-jobs/scraping/decode.py",
  "lineno": "50",
  "column": "8",
  "context": "e(raw_source)\n        # 透過跳脫字元顯示源碼，等同上面方法\n        escape_source = raw_source.encode('unicode-escape').decode('utf-8')\n        print(f\" - Original = {raw_source}\")\n     ",
  "context_lines": "    def decode(self, raw_source: str) -> str:\n        result: str = \"\"\n        # unicode_source: str = self._restore_unicode(raw_source)\n        # 透過跳脫字元顯示源碼，等同上面方法\n        escape_source = raw_source.encode('unicode-escape').decode('utf-8')\n        print(f\" - Original = {raw_source}\")\n        # print(f\" - Unicode restore content = {unicode_source}\")\n        print(f\" - Unicode Escape  content = {escape_source}\")\n\n        unichars: List[str] = escape_source.split(\"\\\\u\")\n",
  "slicing": [
   "        return \"\".join([\"\\\\u%s\" % hex(ord(l))[2:].zfill(4) for l in data])\n",
   "            hex_decimal = int(unichar, 16)\n",
   "            charmap = self._woff.charmap\n",
   "            glyphs = self._woff.glyphs\n",
   "            if hex_decimal in charmap.keys():\n",
   "                keycode = charmap[hex_decimal]\n",
   "                for glyphid, code in glyphs.items():\n",
   "                    if keycode is code:\n",
   "                        decoded = self._font_translator[glyphid]\n",
   "                        print(f\" [ Match ]  Unicode char decoded - {keycode} > {decoded}\")\n",
   "                        return decoded\n",
   "        result: str = \"\"\n",
   "        escape_source = raw_source.encode('unicode-escape').decode('utf-8')\n",
   "        print(f\" - Unicode Escape  content = {escape_source}\")\n",
   "        unichars: List[str] = escape_source.split(\"\\\\u\")\n",
   "        print(f\" - Unicode Char List = {unichars}\")\n",
   "        for unichar in unichars:\n",
   "            decoded = self._translate(unichar)\n",
   "            result += decoded if decoded else \"\"\n",
   "        result = result.replace(\" \", \"\")\n",
   "        print(f\" - Decoded content = {result}\")\n",
   "        return result\n"
  ]
 },
 "21": {
  "name": "unichars",
  "type": "dict",
  "class": "build-in",
  "approach": "annotation",
  "file_path": "scraper-fourone-jobs/scraping/decode.py",
  "lineno": "55",
  "column": "8",
  "context": "code Escape  content = {escape_source}\")\n\n        unichars: List[str] = escape_source.split(\"\\\\u\")\n        print(f\" - Unicode Char List = {unichars}\"",
  "context_lines": "        escape_source = raw_source.encode('unicode-escape').decode('utf-8')\n        print(f\" - Original = {raw_source}\")\n        # print(f\" - Unicode restore content = {unicode_source}\")\n        print(f\" - Unicode Escape  content = {escape_source}\")\n\n        unichars: List[str] = escape_source.split(\"\\\\u\")\n        print(f\" - Unicode Char List = {unichars}\")\n        print(f\" Starting to decode ...\")\n        print(\"============================================================\")\n        for unichar in unichars:\n",
  "slicing": [
   "        return \"\".join([\"\\\\u%s\" % hex(ord(l))[2:].zfill(4) for l in data])\n",
   "            hex_decimal = int(unichar, 16)\n",
   "            charmap = self._woff.charmap\n",
   "            glyphs = self._woff.glyphs\n",
   "            if hex_decimal in charmap.keys():\n",
   "                keycode = charmap[hex_decimal]\n",
   "                for glyphid, code in glyphs.items():\n",
   "                    if keycode is code:\n",
   "                        decoded = self._font_translator[glyphid]\n",
   "                        print(f\" [ Match ]  Unicode char decoded - {keycode} > {decoded}\")\n",
   "                        return decoded\n",
   "        result: str = \"\"\n",
   "        escape_source = raw_source.encode('unicode-escape').decode('utf-8')\n",
   "        print(f\" - Unicode Escape  content = {escape_source}\")\n",
   "        unichars: List[str] = escape_source.split(\"\\\\u\")\n",
   "        print(f\" - Unicode Char List = {unichars}\")\n",
   "        for unichar in unichars:\n",
   "            decoded = self._translate(unichar)\n",
   "            result += decoded if decoded else \"\"\n",
   "        result = result.replace(\" \", \"\")\n",
   "        print(f\" - Decoded content = {result}\")\n",
   "        return result\n"
  ]
 },
 "22": {
  "name": "decoded",
  "type": "UNKNOWN",
  "class": "unknown",
  "approach": "Pysonar2",
  "file_path": "scraper-fourone-jobs/scraping/decode.py",
  "lineno": "60",
  "column": "12",
  "context": "==\")\n        for unichar in unichars:\n            decoded = self._translate(unichar)\n            result += decoded if decoded else \"\"\n ",
  "context_lines": "        print(f\" - Unicode Char List = {unichars}\")\n        print(f\" Starting to decode ...\")\n        print(\"============================================================\")\n        for unichar in unichars:\n            decoded = self._translate(unichar)\n            result += decoded if decoded else \"\"\n        result = result.replace(\" \", \"\")\n        print(f\" - Decoded content = {result}\")\n        print(\"============================================================\")\n",
  "slicing": [
   "        return \"\".join([\"\\\\u%s\" % hex(ord(l))[2:].zfill(4) for l in data])\n",
   "            hex_decimal = int(unichar, 16)\n",
   "            charmap = self._woff.charmap\n",
   "            glyphs = self._woff.glyphs\n",
   "            if hex_decimal in charmap.keys():\n",
   "                keycode = charmap[hex_decimal]\n",
   "                for glyphid, code in glyphs.items():\n",
   "                    if keycode is code:\n",
   "                        decoded = self._font_translator[glyphid]\n",
   "                        print(f\" [ Match ]  Unicode char decoded - {keycode} > {decoded}\")\n",
   "                        return decoded\n",
   "        result: str = \"\"\n",
   "        escape_source = raw_source.encode('unicode-escape').decode('utf-8')\n",
   "        print(f\" - Unicode Escape  content = {escape_source}\")\n",
   "        unichars: List[str] = escape_source.split(\"\\\\u\")\n",
   "        print(f\" - Unicode Char List = {unichars}\")\n",
   "        for unichar in unichars:\n",
   "            decoded = self._translate(unichar)\n",
   "            result += decoded if decoded else \"\"\n",
   "        result = result.replace(\" \", \"\")\n",
   "        print(f\" - Decoded content = {result}\")\n",
   "        return result\n"
  ]
 },
 "23": {
  "name": "result",
  "type": "UNKNOWN",
  "class": "unknown",
  "approach": "Pysonar2",
  "file_path": "scraper-fourone-jobs/scraping/decode.py",
  "lineno": "61",
  "column": "12",
  "context": "   decoded = self._translate(unichar)\n            result += decoded if decoded else \"\"\n        result = result.replace(\" \", \"\")\n        p",
  "context_lines": "        print(f\" Starting to decode ...\")\n        print(\"============================================================\")\n        for unichar in unichars:\n            decoded = self._translate(unichar)\n            result += decoded if decoded else \"\"\n        result = result.replace(\" \", \"\")\n        print(f\" - Decoded content = {result}\")\n        print(\"============================================================\")\n",
  "slicing": [
   "        return \"\".join([\"\\\\u%s\" % hex(ord(l))[2:].zfill(4) for l in data])\n",
   "            hex_decimal = int(unichar, 16)\n",
   "            charmap = self._woff.charmap\n",
   "            glyphs = self._woff.glyphs\n",
   "            if hex_decimal in charmap.keys():\n",
   "                keycode = charmap[hex_decimal]\n",
   "                for glyphid, code in glyphs.items():\n",
   "                    if keycode is code:\n",
   "                        decoded = self._font_translator[glyphid]\n",
   "                        print(f\" [ Match ]  Unicode char decoded - {keycode} > {decoded}\")\n",
   "                        return decoded\n",
   "        result: str = \"\"\n",
   "        escape_source = raw_source.encode('unicode-escape').decode('utf-8')\n",
   "        print(f\" - Unicode Escape  content = {escape_source}\")\n",
   "        unichars: List[str] = escape_source.split(\"\\\\u\")\n",
   "        print(f\" - Unicode Char List = {unichars}\")\n",
   "        for unichar in unichars:\n",
   "            decoded = self._translate(unichar)\n",
   "            result += decoded if decoded else \"\"\n",
   "        result = result.replace(\" \", \"\")\n",
   "        print(f\" - Decoded content = {result}\")\n",
   "        return result\n"
  ]
 },
 "24": {
  "name": "result",
  "type": "UNKNOWN",
  "class": "unknown",
  "approach": "Pysonar2",
  "file_path": "scraper-fourone-jobs/scraping/decode.py",
  "lineno": "62",
  "column": "8",
  "context": "     result += decoded if decoded else \"\"\n        result = result.replace(\" \", \"\")\n        print(f\" - Decoded content = {result}\")\n  ",
  "context_lines": "        print(\"============================================================\")\n        for unichar in unichars:\n            decoded = self._translate(unichar)\n            result += decoded if decoded else \"\"\n        result = result.replace(\" \", \"\")\n        print(f\" - Decoded content = {result}\")\n        print(\"============================================================\")\n",
  "slicing": [
   "        return \"\".join([\"\\\\u%s\" % hex(ord(l))[2:].zfill(4) for l in data])\n",
   "            hex_decimal = int(unichar, 16)\n",
   "            charmap = self._woff.charmap\n",
   "            glyphs = self._woff.glyphs\n",
   "            if hex_decimal in charmap.keys():\n",
   "                keycode = charmap[hex_decimal]\n",
   "                for glyphid, code in glyphs.items():\n",
   "                    if keycode is code:\n",
   "                        decoded = self._font_translator[glyphid]\n",
   "                        print(f\" [ Match ]  Unicode char decoded - {keycode} > {decoded}\")\n",
   "                        return decoded\n",
   "        result: str = \"\"\n",
   "        escape_source = raw_source.encode('unicode-escape').decode('utf-8')\n",
   "        print(f\" - Unicode Escape  content = {escape_source}\")\n",
   "        unichars: List[str] = escape_source.split(\"\\\\u\")\n",
   "        print(f\" - Unicode Char List = {unichars}\")\n",
   "        for unichar in unichars:\n",
   "            decoded = self._translate(unichar)\n",
   "            result += decoded if decoded else \"\"\n",
   "        result = result.replace(\" \", \"\")\n",
   "        print(f\" - Decoded content = {result}\")\n",
   "        return result\n"
  ]
 },
 "25": {
  "name": "tree",
  "type": "UNKNOWN",
  "class": "unknown",
  "approach": "Pysonar2",
  "file_path": "scraper-fourone-jobs/scraping/parser.py",
  "lineno": "14",
  "column": "8",
  "context": "nd_custom_font(self, html: bytes) -> str:\n        tree = etree.HTML(html)\n        # 取得字型的 CSS 定義檔所在網址\n        custom_font_cs",
  "context_lines": "class ContactPesonParsingService(object):\n    def __init__(self) -> None:\n        pass\n\n    def _find_custom_font(self, html: bytes) -> str:\n        tree = etree.HTML(html)\n        # 取得字型的 CSS 定義檔所在網址\n        custom_font_css_path = str(tree.xpath(Config.FONT_CSS_HREF_XPATH)[0])\n        print(f\"Extracted custom defined CSS Font URL path: {custom_font_css_path}\")\n        # 調整文字樣式連結，指向 Font 檔案\n",
  "slicing": [
   "        tree = etree.HTML(html)\n",
   "        custom_font_css_path = str(tree.xpath(Config.FONT_CSS_HREF_XPATH)[0])\n",
   "        print(f\"Extracted custom defined CSS Font URL path: {custom_font_css_path}\")\n",
   "        if Config.FONT_CSS_HREF_PATH_PREFIX in custom_font_css_path:\n",
   "            custom_font_path: str = re.sub(Config.FONT_CSS_REPLACEMENT_PATTERN,\n",
   "                                           custom_font_css_path)\n",
   "            print(f\"Custom defined Font resouce URL path: {custom_font_path}\\n\")\n",
   "            return custom_font_path\n",
   "        tree = etree.HTML(html)\n",
   "        contact_name = str(tree.xpath(Config.CONTACT_PERSON_XPATH)[0])\n",
   "        raw_email = str(tree.xpath(Config.EMAIL_XPATH)[0])\n",
   "        raw_telphone = str(tree.xpath(Config.TELPHONE_XPATH)[0])\n",
   "        raw_mobile = str(tree.xpath(Config.MOBILE_PHONE_XPATH)[0])\n",
   "        custom_font_path = self._find_custom_font(html)\n",
   "        woff: WOFFContent = WebOpenFontReader.read(custom_font_path)\n",
   "        decoder = FontTextDecoder(woff, Config.FONT_GLYPHID_TRANSLATOR)\n",
   "        email = decoder.decode(raw_email)\n",
   "        telphone = decoder.decode(raw_telphone)\n",
   "        mobile = decoder.decode(raw_mobile)\n",
   "        return ApplyContactPerson(contact_name, email, telphone, mobile)\n"
  ]
 },
 "26": {
  "name": "custom_font_css_path",
  "type": "str",
  "class": "build-in",
  "approach": "annotation",
  "file_path": "scraper-fourone-jobs/scraping/parser.py",
  "lineno": "16",
  "column": "8",
  "context": "ee.HTML(html)\n        # 取得字型的 CSS 定義檔所在網址\n        custom_font_css_path = str(tree.xpath(Config.FONT_CSS_HREF_XPATH)[0])\n        print(f\"Extracted custom defined CSS Font ",
  "context_lines": "        pass\n\n    def _find_custom_font(self, html: bytes) -> str:\n        tree = etree.HTML(html)\n        # 取得字型的 CSS 定義檔所在網址\n        custom_font_css_path = str(tree.xpath(Config.FONT_CSS_HREF_XPATH)[0])\n        print(f\"Extracted custom defined CSS Font URL path: {custom_font_css_path}\")\n        # 調整文字樣式連結，指向 Font 檔案\n        if Config.FONT_CSS_HREF_PATH_PREFIX in custom_font_css_path:\n            custom_font_path: str = re.sub(Config.FONT_CSS_REPLACEMENT_PATTERN,\n",
  "slicing": [
   "        tree = etree.HTML(html)\n",
   "        custom_font_css_path = str(tree.xpath(Config.FONT_CSS_HREF_XPATH)[0])\n",
   "        print(f\"Extracted custom defined CSS Font URL path: {custom_font_css_path}\")\n",
   "        if Config.FONT_CSS_HREF_PATH_PREFIX in custom_font_css_path:\n",
   "            custom_font_path: str = re.sub(Config.FONT_CSS_REPLACEMENT_PATTERN,\n",
   "                                           custom_font_css_path)\n",
   "            print(f\"Custom defined Font resouce URL path: {custom_font_path}\\n\")\n",
   "            return custom_font_path\n",
   "        tree = etree.HTML(html)\n",
   "        contact_name = str(tree.xpath(Config.CONTACT_PERSON_XPATH)[0])\n",
   "        raw_email = str(tree.xpath(Config.EMAIL_XPATH)[0])\n",
   "        raw_telphone = str(tree.xpath(Config.TELPHONE_XPATH)[0])\n",
   "        raw_mobile = str(tree.xpath(Config.MOBILE_PHONE_XPATH)[0])\n",
   "        custom_font_path = self._find_custom_font(html)\n",
   "        woff: WOFFContent = WebOpenFontReader.read(custom_font_path)\n",
   "        decoder = FontTextDecoder(woff, Config.FONT_GLYPHID_TRANSLATOR)\n",
   "        email = decoder.decode(raw_email)\n",
   "        telphone = decoder.decode(raw_telphone)\n",
   "        mobile = decoder.decode(raw_mobile)\n",
   "        return ApplyContactPerson(contact_name, email, telphone, mobile)\n"
  ]
 },
 "27": {
  "name": "custom_font_path",
  "type": "str",
  "class": "build-in",
  "approach": "annotation",
  "file_path": "scraper-fourone-jobs/scraping/parser.py",
  "lineno": "20",
  "column": "12",
  "context": "_PATH_PREFIX in custom_font_css_path:\n            custom_font_path: str = re.sub(Config.FONT_CSS_REPLACEMENT_PATTERN,\n                                           Config.",
  "context_lines": "        custom_font_css_path = str(tree.xpath(Config.FONT_CSS_HREF_XPATH)[0])\n        print(f\"Extracted custom defined CSS Font URL path: {custom_font_css_path}\")\n        # 調整文字樣式連結，指向 Font 檔案\n        if Config.FONT_CSS_HREF_PATH_PREFIX in custom_font_css_path:\n            custom_font_path: str = re.sub(Config.FONT_CSS_REPLACEMENT_PATTERN,\n                                           Config.FONT_RES_FILE_WOFF_EXTENSION,\n                                           custom_font_css_path)\n            print(f\"Custom defined Font resouce URL path: {custom_font_path}\\n\")\n            return custom_font_path\n",
  "slicing": [
   "        tree = etree.HTML(html)\n",
   "        custom_font_css_path = str(tree.xpath(Config.FONT_CSS_HREF_XPATH)[0])\n",
   "        print(f\"Extracted custom defined CSS Font URL path: {custom_font_css_path}\")\n",
   "        if Config.FONT_CSS_HREF_PATH_PREFIX in custom_font_css_path:\n",
   "            custom_font_path: str = re.sub(Config.FONT_CSS_REPLACEMENT_PATTERN,\n",
   "                                           custom_font_css_path)\n",
   "            print(f\"Custom defined Font resouce URL path: {custom_font_path}\\n\")\n",
   "            return custom_font_path\n",
   "        tree = etree.HTML(html)\n",
   "        contact_name = str(tree.xpath(Config.CONTACT_PERSON_XPATH)[0])\n",
   "        raw_email = str(tree.xpath(Config.EMAIL_XPATH)[0])\n",
   "        raw_telphone = str(tree.xpath(Config.TELPHONE_XPATH)[0])\n",
   "        raw_mobile = str(tree.xpath(Config.MOBILE_PHONE_XPATH)[0])\n",
   "        custom_font_path = self._find_custom_font(html)\n",
   "        woff: WOFFContent = WebOpenFontReader.read(custom_font_path)\n",
   "        decoder = FontTextDecoder(woff, Config.FONT_GLYPHID_TRANSLATOR)\n",
   "        email = decoder.decode(raw_email)\n",
   "        telphone = decoder.decode(raw_telphone)\n",
   "        mobile = decoder.decode(raw_mobile)\n",
   "        return ApplyContactPerson(contact_name, email, telphone, mobile)\n"
  ]
 },
 "28": {
  "name": "tree",
  "type": "UNKNOWN",
  "class": "unknown",
  "approach": "Pysonar2",
  "file_path": "scraper-fourone-jobs/scraping/parser.py",
  "lineno": "29",
  "column": "8",
  "context": "plyContactPerson:\n        # 透過 XPATH 取得資訊\n        tree = etree.HTML(html)\n        contact_name = str(tree.xpath(Config.CONTA",
  "context_lines": "            return custom_font_path\n        raise Exception(\"Not Find Custom Defined CSS Font URL\")\n\n    def parse(self, html: bytes) -> ApplyContactPerson:\n        # 透過 XPATH 取得資訊\n        tree = etree.HTML(html)\n        contact_name = str(tree.xpath(Config.CONTACT_PERSON_XPATH)[0])\n\n        # 以下為帶有 txticon 樣式，加密過的內容\n        raw_email = str(tree.xpath(Config.EMAIL_XPATH)[0])\n        raw_telphone = str(tree.xpath(Config.TELPHONE_XPATH)[0])\n",
  "slicing": [
   "        tree = etree.HTML(html)\n",
   "        custom_font_css_path = str(tree.xpath(Config.FONT_CSS_HREF_XPATH)[0])\n",
   "        print(f\"Extracted custom defined CSS Font URL path: {custom_font_css_path}\")\n",
   "        if Config.FONT_CSS_HREF_PATH_PREFIX in custom_font_css_path:\n",
   "            custom_font_path: str = re.sub(Config.FONT_CSS_REPLACEMENT_PATTERN,\n",
   "                                           custom_font_css_path)\n",
   "            print(f\"Custom defined Font resouce URL path: {custom_font_path}\\n\")\n",
   "            return custom_font_path\n",
   "        tree = etree.HTML(html)\n",
   "        contact_name = str(tree.xpath(Config.CONTACT_PERSON_XPATH)[0])\n",
   "        raw_email = str(tree.xpath(Config.EMAIL_XPATH)[0])\n",
   "        raw_telphone = str(tree.xpath(Config.TELPHONE_XPATH)[0])\n",
   "        raw_mobile = str(tree.xpath(Config.MOBILE_PHONE_XPATH)[0])\n",
   "        custom_font_path = self._find_custom_font(html)\n",
   "        woff: WOFFContent = WebOpenFontReader.read(custom_font_path)\n",
   "        decoder = FontTextDecoder(woff, Config.FONT_GLYPHID_TRANSLATOR)\n",
   "        email = decoder.decode(raw_email)\n",
   "        telphone = decoder.decode(raw_telphone)\n",
   "        mobile = decoder.decode(raw_mobile)\n",
   "        return ApplyContactPerson(contact_name, email, telphone, mobile)\n"
  ]
 },
 "29": {
  "name": "contact_name",
  "type": "str",
  "class": "build-in",
  "approach": "annotation",
  "file_path": "scraper-fourone-jobs/scraping/parser.py",
  "lineno": "30",
  "column": "8",
  "context": "PATH 取得資訊\n        tree = etree.HTML(html)\n        contact_name = str(tree.xpath(Config.CONTACT_PERSON_XPATH)[0])\n\n        # 以下為帶有 txticon 樣式，加密過的內容\n        raw_ema",
  "context_lines": "        raise Exception(\"Not Find Custom Defined CSS Font URL\")\n\n    def parse(self, html: bytes) -> ApplyContactPerson:\n        # 透過 XPATH 取得資訊\n        tree = etree.HTML(html)\n        contact_name = str(tree.xpath(Config.CONTACT_PERSON_XPATH)[0])\n\n        # 以下為帶有 txticon 樣式，加密過的內容\n        raw_email = str(tree.xpath(Config.EMAIL_XPATH)[0])\n        raw_telphone = str(tree.xpath(Config.TELPHONE_XPATH)[0])\n",
  "slicing": [
   "        tree = etree.HTML(html)\n",
   "        custom_font_css_path = str(tree.xpath(Config.FONT_CSS_HREF_XPATH)[0])\n",
   "        print(f\"Extracted custom defined CSS Font URL path: {custom_font_css_path}\")\n",
   "        if Config.FONT_CSS_HREF_PATH_PREFIX in custom_font_css_path:\n",
   "            custom_font_path: str = re.sub(Config.FONT_CSS_REPLACEMENT_PATTERN,\n",
   "                                           custom_font_css_path)\n",
   "            print(f\"Custom defined Font resouce URL path: {custom_font_path}\\n\")\n",
   "            return custom_font_path\n",
   "        tree = etree.HTML(html)\n",
   "        contact_name = str(tree.xpath(Config.CONTACT_PERSON_XPATH)[0])\n",
   "        raw_email = str(tree.xpath(Config.EMAIL_XPATH)[0])\n",
   "        raw_telphone = str(tree.xpath(Config.TELPHONE_XPATH)[0])\n",
   "        raw_mobile = str(tree.xpath(Config.MOBILE_PHONE_XPATH)[0])\n",
   "        custom_font_path = self._find_custom_font(html)\n",
   "        woff: WOFFContent = WebOpenFontReader.read(custom_font_path)\n",
   "        decoder = FontTextDecoder(woff, Config.FONT_GLYPHID_TRANSLATOR)\n",
   "        email = decoder.decode(raw_email)\n",
   "        telphone = decoder.decode(raw_telphone)\n",
   "        mobile = decoder.decode(raw_mobile)\n",
   "        return ApplyContactPerson(contact_name, email, telphone, mobile)\n"
  ]
 },
 "30": {
  "name": "raw_email",
  "type": "str",
  "class": "build-in",
  "approach": "annotation",
  "file_path": "scraper-fourone-jobs/scraping/parser.py",
  "lineno": "33",
  "column": "8",
  "context": "H)[0])\n\n        # 以下為帶有 txticon 樣式，加密過的內容\n        raw_email = str(tree.xpath(Config.EMAIL_XPATH)[0])\n        raw_telphone = str(tree.xpath(Config.TELPH",
  "context_lines": "        # 透過 XPATH 取得資訊\n        tree = etree.HTML(html)\n        contact_name = str(tree.xpath(Config.CONTACT_PERSON_XPATH)[0])\n\n        # 以下為帶有 txticon 樣式，加密過的內容\n        raw_email = str(tree.xpath(Config.EMAIL_XPATH)[0])\n        raw_telphone = str(tree.xpath(Config.TELPHONE_XPATH)[0])\n        raw_mobile = str(tree.xpath(Config.MOBILE_PHONE_XPATH)[0])\n\n        # 取得字型的 CSS 定義檔所在網址路徑\n        custom_font_path = self._find_custom_font(html)\n",
  "slicing": [
   "        tree = etree.HTML(html)\n",
   "        custom_font_css_path = str(tree.xpath(Config.FONT_CSS_HREF_XPATH)[0])\n",
   "        print(f\"Extracted custom defined CSS Font URL path: {custom_font_css_path}\")\n",
   "        if Config.FONT_CSS_HREF_PATH_PREFIX in custom_font_css_path:\n",
   "            custom_font_path: str = re.sub(Config.FONT_CSS_REPLACEMENT_PATTERN,\n",
   "                                           custom_font_css_path)\n",
   "            print(f\"Custom defined Font resouce URL path: {custom_font_path}\\n\")\n",
   "            return custom_font_path\n",
   "        tree = etree.HTML(html)\n",
   "        contact_name = str(tree.xpath(Config.CONTACT_PERSON_XPATH)[0])\n",
   "        raw_email = str(tree.xpath(Config.EMAIL_XPATH)[0])\n",
   "        raw_telphone = str(tree.xpath(Config.TELPHONE_XPATH)[0])\n",
   "        raw_mobile = str(tree.xpath(Config.MOBILE_PHONE_XPATH)[0])\n",
   "        custom_font_path = self._find_custom_font(html)\n",
   "        woff: WOFFContent = WebOpenFontReader.read(custom_font_path)\n",
   "        decoder = FontTextDecoder(woff, Config.FONT_GLYPHID_TRANSLATOR)\n",
   "        email = decoder.decode(raw_email)\n",
   "        telphone = decoder.decode(raw_telphone)\n",
   "        mobile = decoder.decode(raw_mobile)\n",
   "        return ApplyContactPerson(contact_name, email, telphone, mobile)\n"
  ]
 },
 "31": {
  "name": "raw_telphone",
  "type": "str",
  "class": "build-in",
  "approach": "annotation",
  "file_path": "scraper-fourone-jobs/scraping/parser.py",
  "lineno": "34",
  "column": "8",
  "context": " = str(tree.xpath(Config.EMAIL_XPATH)[0])\n        raw_telphone = str(tree.xpath(Config.TELPHONE_XPATH)[0])\n        raw_mobile = str(tree.xpath(Config.MOBILE_",
  "context_lines": "        tree = etree.HTML(html)\n        contact_name = str(tree.xpath(Config.CONTACT_PERSON_XPATH)[0])\n\n        # 以下為帶有 txticon 樣式，加密過的內容\n        raw_email = str(tree.xpath(Config.EMAIL_XPATH)[0])\n        raw_telphone = str(tree.xpath(Config.TELPHONE_XPATH)[0])\n        raw_mobile = str(tree.xpath(Config.MOBILE_PHONE_XPATH)[0])\n\n        # 取得字型的 CSS 定義檔所在網址路徑\n        custom_font_path = self._find_custom_font(html)\n        woff: WOFFContent = WebOpenFontReader.read(custom_font_path)\n\n",
  "slicing": [
   "        tree = etree.HTML(html)\n",
   "        custom_font_css_path = str(tree.xpath(Config.FONT_CSS_HREF_XPATH)[0])\n",
   "        print(f\"Extracted custom defined CSS Font URL path: {custom_font_css_path}\")\n",
   "        if Config.FONT_CSS_HREF_PATH_PREFIX in custom_font_css_path:\n",
   "            custom_font_path: str = re.sub(Config.FONT_CSS_REPLACEMENT_PATTERN,\n",
   "                                           custom_font_css_path)\n",
   "            print(f\"Custom defined Font resouce URL path: {custom_font_path}\\n\")\n",
   "            return custom_font_path\n",
   "        tree = etree.HTML(html)\n",
   "        contact_name = str(tree.xpath(Config.CONTACT_PERSON_XPATH)[0])\n",
   "        raw_email = str(tree.xpath(Config.EMAIL_XPATH)[0])\n",
   "        raw_telphone = str(tree.xpath(Config.TELPHONE_XPATH)[0])\n",
   "        raw_mobile = str(tree.xpath(Config.MOBILE_PHONE_XPATH)[0])\n",
   "        custom_font_path = self._find_custom_font(html)\n",
   "        woff: WOFFContent = WebOpenFontReader.read(custom_font_path)\n",
   "        decoder = FontTextDecoder(woff, Config.FONT_GLYPHID_TRANSLATOR)\n",
   "        email = decoder.decode(raw_email)\n",
   "        telphone = decoder.decode(raw_telphone)\n",
   "        mobile = decoder.decode(raw_mobile)\n",
   "        return ApplyContactPerson(contact_name, email, telphone, mobile)\n"
  ]
 },
 "32": {
  "name": "raw_mobile",
  "type": "str",
  "class": "build-in",
  "approach": "annotation",
  "file_path": "scraper-fourone-jobs/scraping/parser.py",
  "lineno": "35",
  "column": "8",
  "context": "str(tree.xpath(Config.TELPHONE_XPATH)[0])\n        raw_mobile = str(tree.xpath(Config.MOBILE_PHONE_XPATH)[0])\n\n        # 取得字型的 CSS 定義檔所在網址路徑\n        custom_font",
  "context_lines": "        contact_name = str(tree.xpath(Config.CONTACT_PERSON_XPATH)[0])\n\n        # 以下為帶有 txticon 樣式，加密過的內容\n        raw_email = str(tree.xpath(Config.EMAIL_XPATH)[0])\n        raw_telphone = str(tree.xpath(Config.TELPHONE_XPATH)[0])\n        raw_mobile = str(tree.xpath(Config.MOBILE_PHONE_XPATH)[0])\n\n        # 取得字型的 CSS 定義檔所在網址路徑\n        custom_font_path = self._find_custom_font(html)\n        woff: WOFFContent = WebOpenFontReader.read(custom_font_path)\n\n",
  "slicing": [
   "        tree = etree.HTML(html)\n",
   "        custom_font_css_path = str(tree.xpath(Config.FONT_CSS_HREF_XPATH)[0])\n",
   "        print(f\"Extracted custom defined CSS Font URL path: {custom_font_css_path}\")\n",
   "        if Config.FONT_CSS_HREF_PATH_PREFIX in custom_font_css_path:\n",
   "            custom_font_path: str = re.sub(Config.FONT_CSS_REPLACEMENT_PATTERN,\n",
   "                                           custom_font_css_path)\n",
   "            print(f\"Custom defined Font resouce URL path: {custom_font_path}\\n\")\n",
   "            return custom_font_path\n",
   "        tree = etree.HTML(html)\n",
   "        contact_name = str(tree.xpath(Config.CONTACT_PERSON_XPATH)[0])\n",
   "        raw_email = str(tree.xpath(Config.EMAIL_XPATH)[0])\n",
   "        raw_telphone = str(tree.xpath(Config.TELPHONE_XPATH)[0])\n",
   "        raw_mobile = str(tree.xpath(Config.MOBILE_PHONE_XPATH)[0])\n",
   "        custom_font_path = self._find_custom_font(html)\n",
   "        woff: WOFFContent = WebOpenFontReader.read(custom_font_path)\n",
   "        decoder = FontTextDecoder(woff, Config.FONT_GLYPHID_TRANSLATOR)\n",
   "        email = decoder.decode(raw_email)\n",
   "        telphone = decoder.decode(raw_telphone)\n",
   "        mobile = decoder.decode(raw_mobile)\n",
   "        return ApplyContactPerson(contact_name, email, telphone, mobile)\n"
  ]
 },
 "33": {
  "name": "custom_font_path",
  "type": "UNKNOWN",
  "class": "unknown",
  "approach": "Pysonar2",
  "file_path": "scraper-fourone-jobs/scraping/parser.py",
  "lineno": "38",
  "column": "8",
  "context": "XPATH)[0])\n\n        # 取得字型的 CSS 定義檔所在網址路徑\n        custom_font_path = self._find_custom_font(html)\n        woff: WOFFContent = WebOpenFontReader.read",
  "context_lines": "        raw_email = str(tree.xpath(Config.EMAIL_XPATH)[0])\n        raw_telphone = str(tree.xpath(Config.TELPHONE_XPATH)[0])\n        raw_mobile = str(tree.xpath(Config.MOBILE_PHONE_XPATH)[0])\n\n        # 取得字型的 CSS 定義檔所在網址路徑\n        custom_font_path = self._find_custom_font(html)\n        woff: WOFFContent = WebOpenFontReader.read(custom_font_path)\n\n        # 解碼內容\n        decoder = FontTextDecoder(woff, Config.FONT_GLYPHID_TRANSLATOR)\n        email = decoder.decode(raw_email)\n",
  "slicing": [
   "        tree = etree.HTML(html)\n",
   "        custom_font_css_path = str(tree.xpath(Config.FONT_CSS_HREF_XPATH)[0])\n",
   "        print(f\"Extracted custom defined CSS Font URL path: {custom_font_css_path}\")\n",
   "        if Config.FONT_CSS_HREF_PATH_PREFIX in custom_font_css_path:\n",
   "            custom_font_path: str = re.sub(Config.FONT_CSS_REPLACEMENT_PATTERN,\n",
   "                                           custom_font_css_path)\n",
   "            print(f\"Custom defined Font resouce URL path: {custom_font_path}\\n\")\n",
   "            return custom_font_path\n",
   "        tree = etree.HTML(html)\n",
   "        contact_name = str(tree.xpath(Config.CONTACT_PERSON_XPATH)[0])\n",
   "        raw_email = str(tree.xpath(Config.EMAIL_XPATH)[0])\n",
   "        raw_telphone = str(tree.xpath(Config.TELPHONE_XPATH)[0])\n",
   "        raw_mobile = str(tree.xpath(Config.MOBILE_PHONE_XPATH)[0])\n",
   "        custom_font_path = self._find_custom_font(html)\n",
   "        woff: WOFFContent = WebOpenFontReader.read(custom_font_path)\n",
   "        decoder = FontTextDecoder(woff, Config.FONT_GLYPHID_TRANSLATOR)\n",
   "        email = decoder.decode(raw_email)\n",
   "        telphone = decoder.decode(raw_telphone)\n",
   "        mobile = decoder.decode(raw_mobile)\n",
   "        return ApplyContactPerson(contact_name, email, telphone, mobile)\n"
  ]
 },
 "34": {
  "name": "woff",
  "type": "scraping.dto.WOFFContent",
  "class": "customized",
  "approach": "annotation",
  "file_path": "scraper-fourone-jobs/scraping/parser.py",
  "lineno": "39",
  "column": "8",
  "context": "_font_path = self._find_custom_font(html)\n        woff: WOFFContent = WebOpenFontReader.read(custom_font_path)\n\n        # 解碼內容\n        decoder = FontTextDecoder(",
  "context_lines": "        raw_telphone = str(tree.xpath(Config.TELPHONE_XPATH)[0])\n        raw_mobile = str(tree.xpath(Config.MOBILE_PHONE_XPATH)[0])\n\n        # 取得字型的 CSS 定義檔所在網址路徑\n        custom_font_path = self._find_custom_font(html)\n        woff: WOFFContent = WebOpenFontReader.read(custom_font_path)\n\n        # 解碼內容\n        decoder = FontTextDecoder(woff, Config.FONT_GLYPHID_TRANSLATOR)\n        email = decoder.decode(raw_email)\n",
  "slicing": [
   "        tree = etree.HTML(html)\n",
   "        custom_font_css_path = str(tree.xpath(Config.FONT_CSS_HREF_XPATH)[0])\n",
   "        print(f\"Extracted custom defined CSS Font URL path: {custom_font_css_path}\")\n",
   "        if Config.FONT_CSS_HREF_PATH_PREFIX in custom_font_css_path:\n",
   "            custom_font_path: str = re.sub(Config.FONT_CSS_REPLACEMENT_PATTERN,\n",
   "                                           custom_font_css_path)\n",
   "            print(f\"Custom defined Font resouce URL path: {custom_font_path}\\n\")\n",
   "            return custom_font_path\n",
   "        tree = etree.HTML(html)\n",
   "        contact_name = str(tree.xpath(Config.CONTACT_PERSON_XPATH)[0])\n",
   "        raw_email = str(tree.xpath(Config.EMAIL_XPATH)[0])\n",
   "        raw_telphone = str(tree.xpath(Config.TELPHONE_XPATH)[0])\n",
   "        raw_mobile = str(tree.xpath(Config.MOBILE_PHONE_XPATH)[0])\n",
   "        custom_font_path = self._find_custom_font(html)\n",
   "        woff: WOFFContent = WebOpenFontReader.read(custom_font_path)\n",
   "        decoder = FontTextDecoder(woff, Config.FONT_GLYPHID_TRANSLATOR)\n",
   "        email = decoder.decode(raw_email)\n",
   "        telphone = decoder.decode(raw_telphone)\n",
   "        mobile = decoder.decode(raw_mobile)\n",
   "        return ApplyContactPerson(contact_name, email, telphone, mobile)\n"
  ]
 },
 "35": {
  "name": "decoder",
  "type": "scraping.decode.FontTextDecoder",
  "class": "customized",
  "approach": "annotation",
  "file_path": "scraper-fourone-jobs/scraping/parser.py",
  "lineno": "42",
  "column": "8",
  "context": "er.read(custom_font_path)\n\n        # 解碼內容\n        decoder = FontTextDecoder(woff, Config.FONT_GLYPHID_TRANSLATOR)\n        email = decoder.decode(raw_email)\n        ",
  "context_lines": "        # 取得字型的 CSS 定義檔所在網址路徑\n        custom_font_path = self._find_custom_font(html)\n        woff: WOFFContent = WebOpenFontReader.read(custom_font_path)\n\n        # 解碼內容\n        decoder = FontTextDecoder(woff, Config.FONT_GLYPHID_TRANSLATOR)\n        email = decoder.decode(raw_email)\n        telphone = decoder.decode(raw_telphone)\n        mobile = decoder.decode(raw_mobile)\n",
  "slicing": [
   "        tree = etree.HTML(html)\n",
   "        custom_font_css_path = str(tree.xpath(Config.FONT_CSS_HREF_XPATH)[0])\n",
   "        print(f\"Extracted custom defined CSS Font URL path: {custom_font_css_path}\")\n",
   "        if Config.FONT_CSS_HREF_PATH_PREFIX in custom_font_css_path:\n",
   "            custom_font_path: str = re.sub(Config.FONT_CSS_REPLACEMENT_PATTERN,\n",
   "                                           custom_font_css_path)\n",
   "            print(f\"Custom defined Font resouce URL path: {custom_font_path}\\n\")\n",
   "            return custom_font_path\n",
   "        tree = etree.HTML(html)\n",
   "        contact_name = str(tree.xpath(Config.CONTACT_PERSON_XPATH)[0])\n",
   "        raw_email = str(tree.xpath(Config.EMAIL_XPATH)[0])\n",
   "        raw_telphone = str(tree.xpath(Config.TELPHONE_XPATH)[0])\n",
   "        raw_mobile = str(tree.xpath(Config.MOBILE_PHONE_XPATH)[0])\n",
   "        custom_font_path = self._find_custom_font(html)\n",
   "        woff: WOFFContent = WebOpenFontReader.read(custom_font_path)\n",
   "        decoder = FontTextDecoder(woff, Config.FONT_GLYPHID_TRANSLATOR)\n",
   "        email = decoder.decode(raw_email)\n",
   "        telphone = decoder.decode(raw_telphone)\n",
   "        mobile = decoder.decode(raw_mobile)\n",
   "        return ApplyContactPerson(contact_name, email, telphone, mobile)\n"
  ]
 },
 "36": {
  "name": "email",
  "type": "UNKNOWN",
  "class": "unknown",
  "approach": "Pysonar2",
  "file_path": "scraper-fourone-jobs/scraping/parser.py",
  "lineno": "43",
  "column": "8",
  "context": "der(woff, Config.FONT_GLYPHID_TRANSLATOR)\n        email = decoder.decode(raw_email)\n        telphone = decoder.decode(raw_telphone)\n  ",
  "context_lines": "        custom_font_path = self._find_custom_font(html)\n        woff: WOFFContent = WebOpenFontReader.read(custom_font_path)\n\n        # 解碼內容\n        decoder = FontTextDecoder(woff, Config.FONT_GLYPHID_TRANSLATOR)\n        email = decoder.decode(raw_email)\n        telphone = decoder.decode(raw_telphone)\n        mobile = decoder.decode(raw_mobile)\n",
  "slicing": [
   "        tree = etree.HTML(html)\n",
   "        custom_font_css_path = str(tree.xpath(Config.FONT_CSS_HREF_XPATH)[0])\n",
   "        print(f\"Extracted custom defined CSS Font URL path: {custom_font_css_path}\")\n",
   "        if Config.FONT_CSS_HREF_PATH_PREFIX in custom_font_css_path:\n",
   "            custom_font_path: str = re.sub(Config.FONT_CSS_REPLACEMENT_PATTERN,\n",
   "                                           custom_font_css_path)\n",
   "            print(f\"Custom defined Font resouce URL path: {custom_font_path}\\n\")\n",
   "            return custom_font_path\n",
   "        tree = etree.HTML(html)\n",
   "        contact_name = str(tree.xpath(Config.CONTACT_PERSON_XPATH)[0])\n",
   "        raw_email = str(tree.xpath(Config.EMAIL_XPATH)[0])\n",
   "        raw_telphone = str(tree.xpath(Config.TELPHONE_XPATH)[0])\n",
   "        raw_mobile = str(tree.xpath(Config.MOBILE_PHONE_XPATH)[0])\n",
   "        custom_font_path = self._find_custom_font(html)\n",
   "        woff: WOFFContent = WebOpenFontReader.read(custom_font_path)\n",
   "        decoder = FontTextDecoder(woff, Config.FONT_GLYPHID_TRANSLATOR)\n",
   "        email = decoder.decode(raw_email)\n",
   "        telphone = decoder.decode(raw_telphone)\n",
   "        mobile = decoder.decode(raw_mobile)\n",
   "        return ApplyContactPerson(contact_name, email, telphone, mobile)\n"
  ]
 },
 "37": {
  "name": "telphone",
  "type": "UNKNOWN",
  "class": "unknown",
  "approach": "Pysonar2",
  "file_path": "scraper-fourone-jobs/scraping/parser.py",
  "lineno": "44",
  "column": "8",
  "context": "        email = decoder.decode(raw_email)\n        telphone = decoder.decode(raw_telphone)\n        mobile = decoder.decode(raw_mobile)\n      ",
  "context_lines": "        woff: WOFFContent = WebOpenFontReader.read(custom_font_path)\n\n        # 解碼內容\n        decoder = FontTextDecoder(woff, Config.FONT_GLYPHID_TRANSLATOR)\n        email = decoder.decode(raw_email)\n        telphone = decoder.decode(raw_telphone)\n        mobile = decoder.decode(raw_mobile)\n",
  "slicing": [
   "        tree = etree.HTML(html)\n",
   "        custom_font_css_path = str(tree.xpath(Config.FONT_CSS_HREF_XPATH)[0])\n",
   "        print(f\"Extracted custom defined CSS Font URL path: {custom_font_css_path}\")\n",
   "        if Config.FONT_CSS_HREF_PATH_PREFIX in custom_font_css_path:\n",
   "            custom_font_path: str = re.sub(Config.FONT_CSS_REPLACEMENT_PATTERN,\n",
   "                                           custom_font_css_path)\n",
   "            print(f\"Custom defined Font resouce URL path: {custom_font_path}\\n\")\n",
   "            return custom_font_path\n",
   "        tree = etree.HTML(html)\n",
   "        contact_name = str(tree.xpath(Config.CONTACT_PERSON_XPATH)[0])\n",
   "        raw_email = str(tree.xpath(Config.EMAIL_XPATH)[0])\n",
   "        raw_telphone = str(tree.xpath(Config.TELPHONE_XPATH)[0])\n",
   "        raw_mobile = str(tree.xpath(Config.MOBILE_PHONE_XPATH)[0])\n",
   "        custom_font_path = self._find_custom_font(html)\n",
   "        woff: WOFFContent = WebOpenFontReader.read(custom_font_path)\n",
   "        decoder = FontTextDecoder(woff, Config.FONT_GLYPHID_TRANSLATOR)\n",
   "        email = decoder.decode(raw_email)\n",
   "        telphone = decoder.decode(raw_telphone)\n",
   "        mobile = decoder.decode(raw_mobile)\n",
   "        return ApplyContactPerson(contact_name, email, telphone, mobile)\n"
  ]
 },
 "38": {
  "name": "mobile",
  "type": "UNKNOWN",
  "class": "unknown",
  "approach": "Pysonar2",
  "file_path": "scraper-fourone-jobs/scraping/parser.py",
  "lineno": "45",
  "column": "8",
  "context": "  telphone = decoder.decode(raw_telphone)\n        mobile = decoder.decode(raw_mobile)\n        return ApplyContactPerson(contact_name, em",
  "context_lines": "        # 解碼內容\n        decoder = FontTextDecoder(woff, Config.FONT_GLYPHID_TRANSLATOR)\n        email = decoder.decode(raw_email)\n        telphone = decoder.decode(raw_telphone)\n        mobile = decoder.decode(raw_mobile)\n",
  "slicing": [
   "        tree = etree.HTML(html)\n",
   "        custom_font_css_path = str(tree.xpath(Config.FONT_CSS_HREF_XPATH)[0])\n",
   "        print(f\"Extracted custom defined CSS Font URL path: {custom_font_css_path}\")\n",
   "        if Config.FONT_CSS_HREF_PATH_PREFIX in custom_font_css_path:\n",
   "            custom_font_path: str = re.sub(Config.FONT_CSS_REPLACEMENT_PATTERN,\n",
   "                                           custom_font_css_path)\n",
   "            print(f\"Custom defined Font resouce URL path: {custom_font_path}\\n\")\n",
   "            return custom_font_path\n",
   "        tree = etree.HTML(html)\n",
   "        contact_name = str(tree.xpath(Config.CONTACT_PERSON_XPATH)[0])\n",
   "        raw_email = str(tree.xpath(Config.EMAIL_XPATH)[0])\n",
   "        raw_telphone = str(tree.xpath(Config.TELPHONE_XPATH)[0])\n",
   "        raw_mobile = str(tree.xpath(Config.MOBILE_PHONE_XPATH)[0])\n",
   "        custom_font_path = self._find_custom_font(html)\n",
   "        woff: WOFFContent = WebOpenFontReader.read(custom_font_path)\n",
   "        decoder = FontTextDecoder(woff, Config.FONT_GLYPHID_TRANSLATOR)\n",
   "        email = decoder.decode(raw_email)\n",
   "        telphone = decoder.decode(raw_telphone)\n",
   "        mobile = decoder.decode(raw_mobile)\n",
   "        return ApplyContactPerson(contact_name, email, telphone, mobile)\n"
  ]
 },
 "39": {
  "name": "pattern",
  "type": "UNKNOWN",
  "class": "unknown",
  "approach": "Pysonar2",
  "file_path": "scraper-fourone-jobs/scraping/font.py",
  "lineno": "17",
  "column": "8",
  "context": "，透過字型網址路徑，擷取該檔案的名稱命名成 XML 副檔名\n        \"\"\"\n        pattern = r\"[a-zA-Z0-9]+\\.woff\\?v0001$\"\n        xml_extension = \".xml\"\n        matched = r",
  "context_lines": "    def named_xml(cls, fonturl: str) -> str:\n        \"\"\"\n        命名 XML 檔名，透過字型網址路徑，擷取該檔案的名稱命名成 XML 副檔名\n        \"\"\"\n        pattern = r\"[a-zA-Z0-9]+\\.woff\\?v0001$\"\n        xml_extension = \".xml\"\n        matched = re.search(pattern, fonturl)\n        if matched:\n            extension_pattern = r\".woff\\?v0001$\"\n",
  "slicing": [
   "        pattern = r\"[a-zA-Z0-9]+\\.woff\\?v0001$\"\n",
   "        xml_extension = \".xml\"\n",
   "        matched = re.search(pattern, fonturl)\n",
   "        if matched:\n",
   "            extension_pattern = r\".woff\\?v0001$\"\n",
   "            raw_font: str = matched.group()\n",
   "            xmlname = re.sub(extension_pattern, xml_extension, raw_font)\n",
   "            return xmlname\n",
   "        font.saveXML(xmlname)\n"
  ]
 },
 "40": {
  "name": "xml_extension",
  "type": "UNKNOWN",
  "class": "unknown",
  "approach": "Pysonar2",
  "file_path": "scraper-fourone-jobs/scraping/font.py",
  "lineno": "18",
  "column": "8",
  "context": "  pattern = r\"[a-zA-Z0-9]+\\.woff\\?v0001$\"\n        xml_extension = \".xml\"\n        matched = re.search(pattern, fonturl)\n    ",
  "context_lines": "        \"\"\"\n        命名 XML 檔名，透過字型網址路徑，擷取該檔案的名稱命名成 XML 副檔名\n        \"\"\"\n        pattern = r\"[a-zA-Z0-9]+\\.woff\\?v0001$\"\n        xml_extension = \".xml\"\n        matched = re.search(pattern, fonturl)\n        if matched:\n            extension_pattern = r\".woff\\?v0001$\"\n            raw_font: str = matched.group()\n",
  "slicing": [
   "        pattern = r\"[a-zA-Z0-9]+\\.woff\\?v0001$\"\n",
   "        xml_extension = \".xml\"\n",
   "        matched = re.search(pattern, fonturl)\n",
   "        if matched:\n",
   "            extension_pattern = r\".woff\\?v0001$\"\n",
   "            raw_font: str = matched.group()\n",
   "            xmlname = re.sub(extension_pattern, xml_extension, raw_font)\n",
   "            return xmlname\n",
   "        font.saveXML(xmlname)\n"
  ]
 },
 "41": {
  "name": "matched",
  "type": "UNKNOWN",
  "class": "unknown",
  "approach": "Pysonar2",
  "file_path": "scraper-fourone-jobs/scraping/font.py",
  "lineno": "19",
  "column": "8",
  "context": "f\\?v0001$\"\n        xml_extension = \".xml\"\n        matched = re.search(pattern, fonturl)\n        if matched:\n            extension_pattern ",
  "context_lines": "        命名 XML 檔名，透過字型網址路徑，擷取該檔案的名稱命名成 XML 副檔名\n        \"\"\"\n        pattern = r\"[a-zA-Z0-9]+\\.woff\\?v0001$\"\n        xml_extension = \".xml\"\n        matched = re.search(pattern, fonturl)\n        if matched:\n            extension_pattern = r\".woff\\?v0001$\"\n            raw_font: str = matched.group()\n            xmlname = re.sub(extension_pattern, xml_extension, raw_font)\n",
  "slicing": [
   "        pattern = r\"[a-zA-Z0-9]+\\.woff\\?v0001$\"\n",
   "        xml_extension = \".xml\"\n",
   "        matched = re.search(pattern, fonturl)\n",
   "        if matched:\n",
   "            extension_pattern = r\".woff\\?v0001$\"\n",
   "            raw_font: str = matched.group()\n",
   "            xmlname = re.sub(extension_pattern, xml_extension, raw_font)\n",
   "            return xmlname\n",
   "        font.saveXML(xmlname)\n"
  ]
 },
 "42": {
  "name": "extension_pattern",
  "type": "UNKNOWN",
  "class": "unknown",
  "approach": "Pysonar2",
  "file_path": "scraper-fourone-jobs/scraping/font.py",
  "lineno": "21",
  "column": "12",
  "context": "pattern, fonturl)\n        if matched:\n            extension_pattern = r\".woff\\?v0001$\"\n            raw_font: str = matched.group()\n      ",
  "context_lines": "        pattern = r\"[a-zA-Z0-9]+\\.woff\\?v0001$\"\n        xml_extension = \".xml\"\n        matched = re.search(pattern, fonturl)\n        if matched:\n            extension_pattern = r\".woff\\?v0001$\"\n            raw_font: str = matched.group()\n            xmlname = re.sub(extension_pattern, xml_extension, raw_font)\n            return xmlname\n        raise Exception(\"Font Font File Name not found.\")\n\n",
  "slicing": [
   "        pattern = r\"[a-zA-Z0-9]+\\.woff\\?v0001$\"\n",
   "        xml_extension = \".xml\"\n",
   "        matched = re.search(pattern, fonturl)\n",
   "        if matched:\n",
   "            extension_pattern = r\".woff\\?v0001$\"\n",
   "            raw_font: str = matched.group()\n",
   "            xmlname = re.sub(extension_pattern, xml_extension, raw_font)\n",
   "            return xmlname\n",
   "        font.saveXML(xmlname)\n"
  ]
 },
 "43": {
  "name": "raw_font",
  "type": "str",
  "class": "build-in",
  "approach": "annotation",
  "file_path": "scraper-fourone-jobs/scraping/font.py",
  "lineno": "22",
  "column": "12",
  "context": " extension_pattern = r\".woff\\?v0001$\"\n            raw_font: str = matched.group()\n            xmlname = re.sub(extension_pattern, xm",
  "context_lines": "        xml_extension = \".xml\"\n        matched = re.search(pattern, fonturl)\n        if matched:\n            extension_pattern = r\".woff\\?v0001$\"\n            raw_font: str = matched.group()\n            xmlname = re.sub(extension_pattern, xml_extension, raw_font)\n            return xmlname\n        raise Exception(\"Font Font File Name not found.\")\n\n    @classmethod\n",
  "slicing": [
   "        pattern = r\"[a-zA-Z0-9]+\\.woff\\?v0001$\"\n",
   "        xml_extension = \".xml\"\n",
   "        matched = re.search(pattern, fonturl)\n",
   "        if matched:\n",
   "            extension_pattern = r\".woff\\?v0001$\"\n",
   "            raw_font: str = matched.group()\n",
   "            xmlname = re.sub(extension_pattern, xml_extension, raw_font)\n",
   "            return xmlname\n",
   "        font.saveXML(xmlname)\n"
  ]
 },
 "44": {
  "name": "xmlname",
  "type": "UNKNOWN",
  "class": "unknown",
  "approach": "Pysonar2",
  "file_path": "scraper-fourone-jobs/scraping/font.py",
  "lineno": "23",
  "column": "12",
  "context": "      raw_font: str = matched.group()\n            xmlname = re.sub(extension_pattern, xml_extension, raw_font)\n            return xmlname\n        raise Exception",
  "context_lines": "        matched = re.search(pattern, fonturl)\n        if matched:\n            extension_pattern = r\".woff\\?v0001$\"\n            raw_font: str = matched.group()\n            xmlname = re.sub(extension_pattern, xml_extension, raw_font)\n            return xmlname\n        raise Exception(\"Font Font File Name not found.\")\n\n    @classmethod\n    def read(cls, fonturl: str) -> WOFFContent:\n",
  "slicing": [
   "        pattern = r\"[a-zA-Z0-9]+\\.woff\\?v0001$\"\n",
   "        xml_extension = \".xml\"\n",
   "        matched = re.search(pattern, fonturl)\n",
   "        if matched:\n",
   "            extension_pattern = r\".woff\\?v0001$\"\n",
   "            raw_font: str = matched.group()\n",
   "            xmlname = re.sub(extension_pattern, xml_extension, raw_font)\n",
   "            return xmlname\n",
   "        font.saveXML(xmlname)\n"
  ]
 },
 "45": {
  "name": "resp",
  "type": "requests.Response",
  "class": "imported",
  "approach": "annotation",
  "file_path": "scraper-fourone-jobs/scraping/font.py",
  "lineno": "36",
  "column": "8",
  "context": "        WOFFContent: 解析讀取後的內容\n        \"\"\"\n        resp: Response = requests.get(fonturl)\n        font = TTFont(io.BytesIO(resp.content))\n  ",
  "context_lines": "            fonturl (str): 字型來源網址\n        Returns:\n            WOFFContent: 解析讀取後的內容\n        \"\"\"\n        resp: Response = requests.get(fonturl)\n        font = TTFont(io.BytesIO(resp.content))\n        xmlname = cls.named_xml(fonturl)\n        font.saveXML(xmlname)\n        # 把 List 轉換成字典形式\n",
  "slicing": [
   "        pattern = r\"[a-zA-Z0-9]+\\.woff\\?v0001$\"\n",
   "        xml_extension = \".xml\"\n",
   "        matched = re.search(pattern, fonturl)\n",
   "        if matched:\n",
   "            extension_pattern = r\".woff\\?v0001$\"\n",
   "            raw_font: str = matched.group()\n",
   "            xmlname = re.sub(extension_pattern, xml_extension, raw_font)\n",
   "            return xmlname\n",
   "        resp: Response = requests.get(fonturl)\n",
   "        font = TTFont(io.BytesIO(resp.content))\n",
   "        xmlname = cls.named_xml(fonturl)\n",
   "        font.saveXML(xmlname)\n",
   "        orders: List[str] = font.getGlyphOrder()\n",
   "        glyphs: Dict[str, str] = {\n",
   "            str(idx).zfill(2): orders[idx]\n",
   "            for idx in range(len(orders))\n",
   "        charmap = font.getBestCmap()\n",
   "        woff = WOFFContent(glyphs, charmap)\n",
   "        return woff\n"
  ]
 },
 "46": {
  "name": "font",
  "type": "fontTools.ttLib.TTFont",
  "class": "imported",
  "approach": "annotation",
  "file_path": "scraper-fourone-jobs/scraping/font.py",
  "lineno": "37",
  "column": "8",
  "context": "   resp: Response = requests.get(fonturl)\n        font = TTFont(io.BytesIO(resp.content))\n        xmlname = cls.named_xml(fonturl)\n        f",
  "context_lines": "        Returns:\n            WOFFContent: 解析讀取後的內容\n        \"\"\"\n        resp: Response = requests.get(fonturl)\n        font = TTFont(io.BytesIO(resp.content))\n        xmlname = cls.named_xml(fonturl)\n        font.saveXML(xmlname)\n        # 把 List 轉換成字典形式\n        orders: List[str] = font.getGlyphOrder()\n",
  "slicing": [
   "        pattern = r\"[a-zA-Z0-9]+\\.woff\\?v0001$\"\n",
   "        xml_extension = \".xml\"\n",
   "        matched = re.search(pattern, fonturl)\n",
   "        if matched:\n",
   "            extension_pattern = r\".woff\\?v0001$\"\n",
   "            raw_font: str = matched.group()\n",
   "            xmlname = re.sub(extension_pattern, xml_extension, raw_font)\n",
   "            return xmlname\n",
   "        resp: Response = requests.get(fonturl)\n",
   "        font = TTFont(io.BytesIO(resp.content))\n",
   "        xmlname = cls.named_xml(fonturl)\n",
   "        font.saveXML(xmlname)\n",
   "        orders: List[str] = font.getGlyphOrder()\n",
   "        glyphs: Dict[str, str] = {\n",
   "            str(idx).zfill(2): orders[idx]\n",
   "            for idx in range(len(orders))\n",
   "        charmap = font.getBestCmap()\n",
   "        woff = WOFFContent(glyphs, charmap)\n",
   "        return woff\n"
  ]
 },
 "47": {
  "name": "xmlname",
  "type": "UNKNOWN",
  "class": "unknown",
  "approach": "Pysonar2",
  "file_path": "scraper-fourone-jobs/scraping/font.py",
  "lineno": "38",
  "column": "8",
  "context": "  font = TTFont(io.BytesIO(resp.content))\n        xmlname = cls.named_xml(fonturl)\n        font.saveXML(xmlname)\n        # 把 List 轉換成",
  "context_lines": "            WOFFContent: 解析讀取後的內容\n        \"\"\"\n        resp: Response = requests.get(fonturl)\n        font = TTFont(io.BytesIO(resp.content))\n        xmlname = cls.named_xml(fonturl)\n        font.saveXML(xmlname)\n        # 把 List 轉換成字典形式\n        orders: List[str] = font.getGlyphOrder()\n        glyphs: Dict[str, str] = {\n",
  "slicing": [
   "        pattern = r\"[a-zA-Z0-9]+\\.woff\\?v0001$\"\n",
   "        xml_extension = \".xml\"\n",
   "        matched = re.search(pattern, fonturl)\n",
   "        if matched:\n",
   "            extension_pattern = r\".woff\\?v0001$\"\n",
   "            raw_font: str = matched.group()\n",
   "            xmlname = re.sub(extension_pattern, xml_extension, raw_font)\n",
   "            return xmlname\n",
   "        resp: Response = requests.get(fonturl)\n",
   "        font = TTFont(io.BytesIO(resp.content))\n",
   "        xmlname = cls.named_xml(fonturl)\n",
   "        font.saveXML(xmlname)\n",
   "        orders: List[str] = font.getGlyphOrder()\n",
   "        glyphs: Dict[str, str] = {\n",
   "            str(idx).zfill(2): orders[idx]\n",
   "            for idx in range(len(orders))\n",
   "        charmap = font.getBestCmap()\n",
   "        woff = WOFFContent(glyphs, charmap)\n",
   "        return woff\n"
  ]
 },
 "48": {
  "name": "orders",
  "type": "dict",
  "class": "build-in",
  "approach": "annotation",
  "file_path": "scraper-fourone-jobs/scraping/font.py",
  "lineno": "41",
  "column": "8",
  "context": "saveXML(xmlname)\n        # 把 List 轉換成字典形式\n        orders: List[str] = font.getGlyphOrder()\n        glyphs: Dict[str, str] = {\n            str",
  "context_lines": "        font = TTFont(io.BytesIO(resp.content))\n        xmlname = cls.named_xml(fonturl)\n        font.saveXML(xmlname)\n        # 把 List 轉換成字典形式\n        orders: List[str] = font.getGlyphOrder()\n        glyphs: Dict[str, str] = {\n            str(idx).zfill(2): orders[idx]\n            for idx in range(len(orders))\n        }\n",
  "slicing": [
   "        orders: List[str] = font.getGlyphOrder()\n",
   "            str(idx).zfill(2): orders[idx]\n",
   "            for idx in range(len(orders))\n"
  ]
 },
 "49": {
  "name": "glyphs",
  "type": "dict",
  "class": "build-in",
  "approach": "annotation",
  "file_path": "scraper-fourone-jobs/scraping/font.py",
  "lineno": "42",
  "column": "8",
  "context": " orders: List[str] = font.getGlyphOrder()\n        glyphs: Dict[str, str] = {\n            str(idx).zfill(2): orders[idx]\n       ",
  "context_lines": "        xmlname = cls.named_xml(fonturl)\n        font.saveXML(xmlname)\n        # 把 List 轉換成字典形式\n        orders: List[str] = font.getGlyphOrder()\n        glyphs: Dict[str, str] = {\n            str(idx).zfill(2): orders[idx]\n            for idx in range(len(orders))\n        }\n        charmap = font.getBestCmap()\n",
  "slicing": [
   "        pattern = r\"[a-zA-Z0-9]+\\.woff\\?v0001$\"\n",
   "        xml_extension = \".xml\"\n",
   "        matched = re.search(pattern, fonturl)\n",
   "        if matched:\n",
   "            extension_pattern = r\".woff\\?v0001$\"\n",
   "            raw_font: str = matched.group()\n",
   "            xmlname = re.sub(extension_pattern, xml_extension, raw_font)\n",
   "            return xmlname\n",
   "        resp: Response = requests.get(fonturl)\n",
   "        font = TTFont(io.BytesIO(resp.content))\n",
   "        xmlname = cls.named_xml(fonturl)\n",
   "        font.saveXML(xmlname)\n",
   "        orders: List[str] = font.getGlyphOrder()\n",
   "        glyphs: Dict[str, str] = {\n",
   "            str(idx).zfill(2): orders[idx]\n",
   "            for idx in range(len(orders))\n",
   "        charmap = font.getBestCmap()\n",
   "        woff = WOFFContent(glyphs, charmap)\n",
   "        return woff\n"
  ]
 },
 "50": {
  "name": "charmap",
  "type": "UNKNOWN",
  "class": "unknown",
  "approach": "Pysonar2",
  "file_path": "scraper-fourone-jobs/scraping/font.py",
  "lineno": "46",
  "column": "8",
  "context": "  for idx in range(len(orders))\n        }\n        charmap = font.getBestCmap()\n        woff = WOFFContent(glyphs, charmap)\n      ",
  "context_lines": "        glyphs: Dict[str, str] = {\n            str(idx).zfill(2): orders[idx]\n            for idx in range(len(orders))\n        }\n        charmap = font.getBestCmap()\n        woff = WOFFContent(glyphs, charmap)\n",
  "slicing": [
   "        pattern = r\"[a-zA-Z0-9]+\\.woff\\?v0001$\"\n",
   "        xml_extension = \".xml\"\n",
   "        matched = re.search(pattern, fonturl)\n",
   "        if matched:\n",
   "            extension_pattern = r\".woff\\?v0001$\"\n",
   "            raw_font: str = matched.group()\n",
   "            xmlname = re.sub(extension_pattern, xml_extension, raw_font)\n",
   "            return xmlname\n",
   "        resp: Response = requests.get(fonturl)\n",
   "        font = TTFont(io.BytesIO(resp.content))\n",
   "        xmlname = cls.named_xml(fonturl)\n",
   "        font.saveXML(xmlname)\n",
   "        orders: List[str] = font.getGlyphOrder()\n",
   "        glyphs: Dict[str, str] = {\n",
   "            str(idx).zfill(2): orders[idx]\n",
   "            for idx in range(len(orders))\n",
   "        charmap = font.getBestCmap()\n",
   "        woff = WOFFContent(glyphs, charmap)\n",
   "        return woff\n"
  ]
 },
 "51": {
  "name": "woff",
  "type": "scraping.dto.WOFFContent",
  "class": "customized",
  "approach": "annotation",
  "file_path": "scraper-fourone-jobs/scraping/font.py",
  "lineno": "47",
  "column": "8",
  "context": "   }\n        charmap = font.getBestCmap()\n        woff = WOFFContent(glyphs, charmap)\n        return woff\n",
  "context_lines": "            str(idx).zfill(2): orders[idx]\n            for idx in range(len(orders))\n        }\n        charmap = font.getBestCmap()\n        woff = WOFFContent(glyphs, charmap)\n",
  "slicing": [
   "        pattern = r\"[a-zA-Z0-9]+\\.woff\\?v0001$\"\n",
   "        xml_extension = \".xml\"\n",
   "        matched = re.search(pattern, fonturl)\n",
   "        if matched:\n",
   "            extension_pattern = r\".woff\\?v0001$\"\n",
   "            raw_font: str = matched.group()\n",
   "            xmlname = re.sub(extension_pattern, xml_extension, raw_font)\n",
   "            return xmlname\n",
   "        resp: Response = requests.get(fonturl)\n",
   "        font = TTFont(io.BytesIO(resp.content))\n",
   "        xmlname = cls.named_xml(fonturl)\n",
   "        font.saveXML(xmlname)\n",
   "        orders: List[str] = font.getGlyphOrder()\n",
   "        glyphs: Dict[str, str] = {\n",
   "            str(idx).zfill(2): orders[idx]\n",
   "            for idx in range(len(orders))\n",
   "        charmap = font.getBestCmap()\n",
   "        woff = WOFFContent(glyphs, charmap)\n",
   "        return woff\n"
  ]
 },
 "52": {
  "name": "result",
  "type": "ApplyContactPerson",
  "class": "customized",
  "approach": "annotation",
  "file_path": "scraper-fourone-jobs/main.py",
  "lineno": "20",
  "column": "11",
  "context": "透過 Python 的 FontTool 套件取出對應的關係資料\n\"\"\"\n\n\ndef output(result: ApplyContactPerson) -> None:\n    print(\"Finish scraping and decode encrption te",
  "context_lines": "3. 確認可以後，因為該檔案是由後端自動產生，並夾帶在前端，需要解析網頁有無 /webService/NET40/Runes/fonts/Books/\n來源的 link 檔案，找到此檔案下載至爬蟲程式的文件中\n4. 透過 Python 的 FontTool 套件取出對應的關係資料\n\"\"\"\n\n\ndef output(result: ApplyContactPerson) -> None:\n    print(\"Finish scraping and decode encrption text ！\")\n    print(f\"> 聯繫人: {result.contact_name}\")\n    print(f\"> 電子郵件: {result.email}\")\n    print(f\"> 市話: {result.telphone}\")\n",
  "slicing": [
   "def output(result: ApplyContactPerson) -> None:\n",
   "    output(result)\n"
  ]
 },
 "53": {
  "name": "woff",
  "type": "WOFFContent",
  "class": "customized",
  "approach": "annotation",
  "file_path": "scraper-fourone-jobs/scraping/decode.py",
  "lineno": "7",
  "column": "23",
  "context": "s FontTextDecoder(object):\n    def __init__(self, woff: WOFFContent, font_translator: Dict[str, str]) -> None:\n        self._woff = woff\n        self._font_trans",
  "context_lines": "from typing import Dict, List, Optional\nfrom scraping.dto import WOFFContent\nfrom settings import Config\n\n\nclass FontTextDecoder(object):\n    def __init__(self, woff: WOFFContent, font_translator: Dict[str, str]) -> None:\n        self._woff = woff\n        self._font_translator = font_translator\n\n    def _restore_unicode(self, data: str) -> str:\n        \"\"\"\n",
  "slicing": "    def __init__(self, woff: WOFFContent, font_translator: Dict[str, str]) -> None:\n"
 },
 "54": {
  "name": "font_translator",
  "type": "dict",
  "class": "build-in",
  "approach": "annotation",
  "file_path": "scraper-fourone-jobs/scraping/decode.py",
  "lineno": "7",
  "column": "42",
  "context": "bject):\n    def __init__(self, woff: WOFFContent, font_translator: Dict[str, str]) -> None:\n        self._woff = woff\n        self._font_trans",
  "context_lines": "from typing import Dict, List, Optional\nfrom scraping.dto import WOFFContent\nfrom settings import Config\n\n\nclass FontTextDecoder(object):\n    def __init__(self, woff: WOFFContent, font_translator: Dict[str, str]) -> None:\n        self._woff = woff\n        self._font_translator = font_translator\n\n    def _restore_unicode(self, data: str) -> str:\n        \"\"\"\n",
  "slicing": "    def __init__(self, woff: WOFFContent, font_translator: Dict[str, str]) -> None:\n"
 },
 "55": {
  "name": "data",
  "type": "str",
  "class": "build-in",
  "approach": "annotation",
  "file_path": "scraper-fourone-jobs/scraping/decode.py",
  "lineno": "11",
  "column": "31",
  "context": "= font_translator\n\n    def _restore_unicode(self, data: str) -> str:\n        \"\"\"\n        由於在 Python 3 中，字串都是 Unicode 格式",
  "context_lines": "class FontTextDecoder(object):\n    def __init__(self, woff: WOFFContent, font_translator: Dict[str, str]) -> None:\n        self._woff = woff\n        self._font_translator = font_translator\n\n    def _restore_unicode(self, data: str) -> str:\n        \"\"\"\n        由於在 Python 3 中，字串都是 Unicode 格式任何的字型內容都會在顯示時被解析，因此無法顯示 Unicode 的編碼\n        因此藉由此方法還原編碼的樣子並能在 print 顯示。\n        對照此網頁一致：http://www.convertstring.com/zh_TW/EncodeDecode/HexEncode\n\n",
  "slicing": "    def _restore_unicode(self, data: str) -> str:\n"
 },
 "56": {
  "name": "unichar",
  "type": "str",
  "class": "build-in",
  "approach": "annotation",
  "file_path": "scraper-fourone-jobs/scraping/decode.py",
  "lineno": "24",
  "column": "25",
  "context": "fill(4) for l in data])\n\n    def _translate(self, unichar: str) -> Optional[str]:\n        \"\"\"\n        對來源 Unicode 編碼每個字元做解析跟查表翻譯來解碼\n",
  "context_lines": "        Args:\n            data (str): 要轉換還原編碼模式的資料\n        \"\"\"\n        return \"\".join([\"\\\\u%s\" % hex(ord(l))[2:].zfill(4) for l in data])\n\n    def _translate(self, unichar: str) -> Optional[str]:\n        \"\"\"\n        對來源 Unicode 編碼每個字元做解析跟查表翻譯來解碼\n        Args:\n            unichar (str): Unicode 字元\n",
  "slicing": "    def _translate(self, unichar: str) -> Optional[str]:\n"
 },
 "57": {
  "name": "raw_source",
  "type": "str",
  "class": "build-in",
  "approach": "annotation",
  "file_path": "scraper-fourone-jobs/scraping/decode.py",
  "lineno": "46",
  "column": "21",
  "context": "decoded\n        return None\n\n    def decode(self, raw_source: str) -> str:\n        result: str = \"\"\n        # unicode_source:",
  "context_lines": "                        decoded = self._font_translator[glyphid]\n                        print(f\" [ Match ]  Unicode char decoded - {keycode} > {decoded}\")\n                        return decoded\n        return None\n\n    def decode(self, raw_source: str) -> str:\n        result: str = \"\"\n        # unicode_source: str = self._restore_unicode(raw_source)\n        # 透過跳脫字元顯示源碼，等同上面方法\n        escape_source = raw_source.encode('unicode-escape').decode('utf-8')\n",
  "slicing": "    def decode(self, raw_source: str) -> str:\n"
 },
 "58": {
  "name": "contact_name",
  "type": "str",
  "class": "build-in",
  "approach": "annotation",
  "file_path": "scraper-fourone-jobs/scraping/dto.py",
  "lineno": "5",
  "column": "23",
  "context": "pplyContactPerson(object):\n    def __init__(self, contact_name: str, email: str, telphone: str, mobile: str) -> None:\n        self.contact_name = contact_name\n        s",
  "context_lines": "from typing import Dict\n\n\nclass ApplyContactPerson(object):\n    def __init__(self, contact_name: str, email: str, telphone: str, mobile: str) -> None:\n        self.contact_name = contact_name\n        self.email = email\n        self.telphone = telphone\n        self.mobile = mobile\n\n\n",
  "slicing": "    def __init__(self, contact_name: str, email: str, telphone: str, mobile: str) -> None:\n"
 },
 "59": {
  "name": "email",
  "type": "str",
  "class": "build-in",
  "approach": "annotation",
  "file_path": "scraper-fourone-jobs/scraping/dto.py",
  "lineno": "5",
  "column": "42",
  "context": "bject):\n    def __init__(self, contact_name: str, email: str, telphone: str, mobile: str) -> None:\n        self.contact_name = contact_name\n        s",
  "context_lines": "from typing import Dict\n\n\nclass ApplyContactPerson(object):\n    def __init__(self, contact_name: str, email: str, telphone: str, mobile: str) -> None:\n        self.contact_name = contact_name\n        self.email = email\n        self.telphone = telphone\n        self.mobile = mobile\n\n\n",
  "slicing": "    def __init__(self, contact_name: str, email: str, telphone: str, mobile: str) -> None:\n"
 },
 "60": {
  "name": "telphone",
  "type": "str",
  "class": "build-in",
  "approach": "annotation",
  "file_path": "scraper-fourone-jobs/scraping/dto.py",
  "lineno": "5",
  "column": "54",
  "context": "def __init__(self, contact_name: str, email: str, telphone: str, mobile: str) -> None:\n        self.contact_name = contact_name\n        s",
  "context_lines": "from typing import Dict\n\n\nclass ApplyContactPerson(object):\n    def __init__(self, contact_name: str, email: str, telphone: str, mobile: str) -> None:\n        self.contact_name = contact_name\n        self.email = email\n        self.telphone = telphone\n        self.mobile = mobile\n\n\n",
  "slicing": "    def __init__(self, contact_name: str, email: str, telphone: str, mobile: str) -> None:\n"
 },
 "61": {
  "name": "mobile",
  "type": "str",
  "class": "build-in",
  "approach": "annotation",
  "file_path": "scraper-fourone-jobs/scraping/dto.py",
  "lineno": "5",
  "column": "69",
  "context": "lf, contact_name: str, email: str, telphone: str, mobile: str) -> None:\n        self.contact_name = contact_name\n        s",
  "context_lines": "from typing import Dict\n\n\nclass ApplyContactPerson(object):\n    def __init__(self, contact_name: str, email: str, telphone: str, mobile: str) -> None:\n        self.contact_name = contact_name\n        self.email = email\n        self.telphone = telphone\n        self.mobile = mobile\n\n\n",
  "slicing": "    def __init__(self, contact_name: str, email: str, telphone: str, mobile: str) -> None:\n"
 },
 "62": {
  "name": "glyphs",
  "type": "dict",
  "class": "build-in",
  "approach": "annotation",
  "file_path": "scraper-fourone-jobs/scraping/dto.py",
  "lineno": "22",
  "column": "23",
  "context": "lass WOFFContent(object):\n\n    def __init__(self, glyphs: Dict[str, str], charmap: Dict[int, str]) -> None:\n        \"\"\"\n        WOFFContent 紀錄透過 fonttool 解析取得",
  "context_lines": "        email = {self.email} \\n\\\n        telphone = {self.telphone} \\n\\\n        mobile={self.mobile} >\"\n\n\nclass WOFFContent(object):\n\n    def __init__(self, glyphs: Dict[str, str], charmap: Dict[int, str]) -> None:\n        \"\"\"\n        WOFFContent 紀錄透過 fonttool 解析取得的 WOFF 字型格式中的內容，可以透過 xml 檔案查看。\n        基本上最重要的為 GlyphID 標籤、cmap 標籤 與 TTGlyph 標籤，其中 TTGlyph 目前暫時不需要精確比對。\n\n        - GlyphID 標籤： 紀錄每一個字型檔中，字型的編號 ID ，以及代表的 unicode 編碼\n\n",
  "slicing": "    def __init__(self, glyphs: Dict[str, str], charmap: Dict[int, str]) -> None:\n"
 },
 "63": {
  "name": "charmap",
  "type": "dict",
  "class": "build-in",
  "approach": "annotation",
  "file_path": "scraper-fourone-jobs/scraping/dto.py",
  "lineno": "22",
  "column": "47",
  "context": ":\n\n    def __init__(self, glyphs: Dict[str, str], charmap: Dict[int, str]) -> None:\n        \"\"\"\n        WOFFContent 紀錄透過 fonttool 解析取得",
  "context_lines": "        email = {self.email} \\n\\\n        telphone = {self.telphone} \\n\\\n        mobile={self.mobile} >\"\n\n\nclass WOFFContent(object):\n\n    def __init__(self, glyphs: Dict[str, str], charmap: Dict[int, str]) -> None:\n        \"\"\"\n        WOFFContent 紀錄透過 fonttool 解析取得的 WOFF 字型格式中的內容，可以透過 xml 檔案查看。\n        基本上最重要的為 GlyphID 標籤、cmap 標籤 與 TTGlyph 標籤，其中 TTGlyph 目前暫時不需要精確比對。\n\n        - GlyphID 標籤： 紀錄每一個字型檔中，字型的編號 ID ，以及代表的 unicode 編碼\n\n",
  "slicing": "    def __init__(self, glyphs: Dict[str, str], charmap: Dict[int, str]) -> None:\n"
 },
 "64": {
  "name": "html",
  "type": "bytes",
  "class": "build-in",
  "approach": "annotation",
  "file_path": "scraper-fourone-jobs/scraping/parser.py",
  "lineno": "13",
  "column": "32",
  "context": "ne:\n        pass\n\n    def _find_custom_font(self, html: bytes) -> str:\n        tree = etree.HTML(html)\n        # 取得字型的 CS",
  "context_lines": "from settings import Config\n\n\nclass ContactPesonParsingService(object):\n    def __init__(self) -> None:\n        pass\n\n    def _find_custom_font(self, html: bytes) -> str:\n        tree = etree.HTML(html)\n        # 取得字型的 CSS 定義檔所在網址\n        custom_font_css_path = str(tree.xpath(Config.FONT_CSS_HREF_XPATH)[0])\n        print(f\"Extracted custom defined CSS Font URL path: {custom_font_css_path}\")\n",
  "slicing": "    def _find_custom_font(self, html: bytes) -> str:\n"
 },
 "65": {
  "name": "html",
  "type": "bytes",
  "class": "build-in",
  "approach": "annotation",
  "file_path": "scraper-fourone-jobs/scraping/parser.py",
  "lineno": "27",
  "column": "20",
  "context": "ustom Defined CSS Font URL\")\n\n    def parse(self, html: bytes) -> ApplyContactPerson:\n        # 透過 XPATH 取得資訊\n        tree = etree.HTML(",
  "context_lines": "                                           custom_font_css_path)\n            print(f\"Custom defined Font resouce URL path: {custom_font_path}\\n\")\n            return custom_font_path\n        raise Exception(\"Not Find Custom Defined CSS Font URL\")\n\n    def parse(self, html: bytes) -> ApplyContactPerson:\n        # 透過 XPATH 取得資訊\n        tree = etree.HTML(html)\n        contact_name = str(tree.xpath(Config.CONTACT_PERSON_XPATH)[0])\n\n        # 以下為帶有 txticon 樣式，加密過的內容\n",
  "slicing": "    def parse(self, html: bytes) -> ApplyContactPerson:\n"
 },
 "66": {
  "name": "cls",
  "type": "WebOpenFontReader",
  "class": "customized",
  "approach": "Pysonar2",
  "file_path": "scraper-fourone-jobs/scraping/font.py",
  "lineno": "13",
  "column": "18",
  "context": "eader(object):\n    @classmethod\n    def named_xml(cls, fonturl: str) -> str:\n        \"\"\"\n        命名 XML 檔名，透過字型網址路徑，擷取該檔案的名稱命名成",
  "context_lines": "from scraping.dto import WOFFContent\nfrom settings import Config\n\n\nclass WebOpenFontReader(object):\n    @classmethod\n    def named_xml(cls, fonturl: str) -> str:\n        \"\"\"\n        命名 XML 檔名，透過字型網址路徑，擷取該檔案的名稱命名成 XML 副檔名\n        \"\"\"\n        pattern = r\"[a-zA-Z0-9]+\\.woff\\?v0001$\"\n",
  "slicing": "    def named_xml(cls, fonturl: str) -> str:\n"
 },
 "67": {
  "name": "fonturl",
  "type": "str",
  "class": "build-in",
  "approach": "annotation",
  "file_path": "scraper-fourone-jobs/scraping/font.py",
  "lineno": "13",
  "column": "23",
  "context": "(object):\n    @classmethod\n    def named_xml(cls, fonturl: str) -> str:\n        \"\"\"\n        命名 XML 檔名，透過字型網址路徑，擷取該檔案的名稱命名成",
  "context_lines": "from scraping.dto import WOFFContent\nfrom settings import Config\n\n\nclass WebOpenFontReader(object):\n    @classmethod\n    def named_xml(cls, fonturl: str) -> str:\n        \"\"\"\n        命名 XML 檔名，透過字型網址路徑，擷取該檔案的名稱命名成 XML 副檔名\n        \"\"\"\n        pattern = r\"[a-zA-Z0-9]+\\.woff\\?v0001$\"\n",
  "slicing": "    def named_xml(cls, fonturl: str) -> str:\n"
 },
 "68": {
  "name": "cls",
  "type": "WebOpenFontReader",
  "class": "customized",
  "approach": "Pysonar2",
  "file_path": "scraper-fourone-jobs/scraping/font.py",
  "lineno": "28",
  "column": "13",
  "context": " Name not found.\")\n\n    @classmethod\n    def read(cls, fonturl: str) -> WOFFContent:\n        \"\"\"\n        取得 WOFF 格式的 Font 檔案資訊\n        ",
  "context_lines": "            xmlname = re.sub(extension_pattern, xml_extension, raw_font)\n            return xmlname\n        raise Exception(\"Font Font File Name not found.\")\n\n    @classmethod\n    def read(cls, fonturl: str) -> WOFFContent:\n        \"\"\"\n        取得 WOFF 格式的 Font 檔案資訊\n        Args:\n            fonturl (str): 字型來源網址\n",
  "slicing": "    def read(cls, fonturl: str) -> WOFFContent:\n"
 },
 "69": {
  "name": "fonturl",
  "type": "str",
  "class": "build-in",
  "approach": "annotation",
  "file_path": "scraper-fourone-jobs/scraping/font.py",
  "lineno": "28",
  "column": "18",
  "context": " not found.\")\n\n    @classmethod\n    def read(cls, fonturl: str) -> WOFFContent:\n        \"\"\"\n        取得 WOFF 格式的 Font 檔案資訊\n        ",
  "context_lines": "            xmlname = re.sub(extension_pattern, xml_extension, raw_font)\n            return xmlname\n        raise Exception(\"Font Font File Name not found.\")\n\n    @classmethod\n    def read(cls, fonturl: str) -> WOFFContent:\n        \"\"\"\n        取得 WOFF 格式的 Font 檔案資訊\n        Args:\n            fonturl (str): 字型來源網址\n",
  "slicing": "    def read(cls, fonturl: str) -> WOFFContent:\n"
 }
}