{
 "1": {
  "name": "environments",
  "type": "list",
  "class": "build-in",
  "approach": "annotation",
  "file_path": "uvicorn-gunicorn-fastapi-docker/scripts/process_all.py",
  "lineno": "5",
  "column": "0",
  "context": "import os\nimport subprocess\nimport sys\n\nenvironments = [\n    {\"NAME\": \"latest\", \"PYTHON_VERSION\": \"3.8\"},\n ",
  "context_lines": "import os\nimport subprocess\nimport sys\n\nenvironments = [\n    {\"NAME\": \"latest\", \"PYTHON_VERSION\": \"3.8\"},\n    {\"NAME\": \"python3.8\", \"PYTHON_VERSION\": \"3.8\"},\n    {\"NAME\": \"python3.7\", \"PYTHON_VERSION\": \"3.7\"},\n    {\"NAME\": \"python3.6\", \"PYTHON_VERSION\": \"3.6\"},\n",
  "slicing": [
   "environments = [\n",
   "    for env in environments:\n",
   "        for key, value in env.items():\n",
   "            env_vars.append(f\"{key}='{value}'\")\n",
   "            i for i, env in enumerate((environments)) if env[\"NAME\"] == start_with\n",
   "    for i, env in enumerate(environments[start_at:]):\n",
   "        print(f\"Processing tag: {env['NAME']}\")\n",
   "        process_tag(env=env)\n"
  ]
 },
 "2": {
  "name": "start_with",
  "type": "UNKNOWN",
  "class": "unknown",
  "approach": "Pysonar2",
  "file_path": "uvicorn-gunicorn-fastapi-docker/scripts/process_all.py",
  "lineno": "16",
  "column": "0",
  "context": "ython3.6-alpine3.8\", \"PYTHON_VERSION\": \"3.6\"},\n]\n\nstart_with = os.environ.get(\"START_WITH\")\nbuild_push = os.environ.get(\"BUILD_PUSH\")\n\n\ndef pr",
  "context_lines": "    {\"NAME\": \"python3.8-alpine3.10\", \"PYTHON_VERSION\": \"3.8\"},\n    {\"NAME\": \"python3.7-alpine3.8\", \"PYTHON_VERSION\": \"3.7\"},\n    {\"NAME\": \"python3.6-alpine3.8\", \"PYTHON_VERSION\": \"3.6\"},\n]\n\nstart_with = os.environ.get(\"START_WITH\")\nbuild_push = os.environ.get(\"BUILD_PUSH\")\n\n\ndef process_tag(*, env: dict):\n    use_env = {**os.environ, **env}\n    script = \"scripts/test.sh\"\n",
  "slicing": [
   "start_with = os.environ.get(\"START_WITH\")\n",
   "    if start_with:\n",
   "            i for i, env in enumerate((environments)) if env[\"NAME\"] == start_with\n",
   "        print(f\"Processing tag: {env['NAME']}\")\n",
   "        process_tag(env=env)\n"
  ]
 },
 "3": {
  "name": "build_push",
  "type": "UNKNOWN",
  "class": "unknown",
  "approach": "Pysonar2",
  "file_path": "uvicorn-gunicorn-fastapi-docker/scripts/process_all.py",
  "lineno": "17",
  "column": "0",
  "context": "6\"},\n]\n\nstart_with = os.environ.get(\"START_WITH\")\nbuild_push = os.environ.get(\"BUILD_PUSH\")\n\n\ndef process_tag(*, env: dict):\n    use_env = {**",
  "context_lines": "    {\"NAME\": \"python3.7-alpine3.8\", \"PYTHON_VERSION\": \"3.7\"},\n    {\"NAME\": \"python3.6-alpine3.8\", \"PYTHON_VERSION\": \"3.6\"},\n]\n\nstart_with = os.environ.get(\"START_WITH\")\nbuild_push = os.environ.get(\"BUILD_PUSH\")\n\n\ndef process_tag(*, env: dict):\n    use_env = {**os.environ, **env}\n    script = \"scripts/test.sh\"\n",
  "slicing": [
   "build_push = os.environ.get(\"BUILD_PUSH\")\n",
   "    if build_push:\n"
  ]
 },
 "4": {
  "name": "use_env",
  "type": "dict",
  "class": "build-in",
  "approach": "annotation",
  "file_path": "uvicorn-gunicorn-fastapi-docker/scripts/process_all.py",
  "lineno": "21",
  "column": "4",
  "context": "BUILD_PUSH\")\n\n\ndef process_tag(*, env: dict):\n    use_env = {**os.environ, **env}\n    script = \"scripts/test.sh\"\n    if build_push:\n",
  "context_lines": "]\n\nstart_with = os.environ.get(\"START_WITH\")\nbuild_push = os.environ.get(\"BUILD_PUSH\")\n\n\ndef process_tag(*, env: dict):\n    use_env = {**os.environ, **env}\n    script = \"scripts/test.sh\"\n    if build_push:\n        script = \"scripts/build-push.sh\"\n    return_code = subprocess.call([\"bash\", script], env=use_env)\n",
  "slicing": [
   "build_push = os.environ.get(\"BUILD_PUSH\")\n",
   "    use_env = {**os.environ, **env}\n",
   "    script = \"scripts/test.sh\"\n",
   "    if build_push:\n",
   "        script = \"scripts/build-push.sh\"\n",
   "    return_code = subprocess.call([\"bash\", script], env=use_env)\n",
   "    if return_code != 0:\n",
   "        sys.exit(return_code)\n"
  ]
 },
 "5": {
  "name": "script",
  "type": "UNKNOWN",
  "class": "unknown",
  "approach": "Pysonar2",
  "file_path": "uvicorn-gunicorn-fastapi-docker/scripts/process_all.py",
  "lineno": "22",
  "column": "4",
  "context": "v: dict):\n    use_env = {**os.environ, **env}\n    script = \"scripts/test.sh\"\n    if build_push:\n        script = \"scripts/build",
  "context_lines": "start_with = os.environ.get(\"START_WITH\")\nbuild_push = os.environ.get(\"BUILD_PUSH\")\n\n\ndef process_tag(*, env: dict):\n    use_env = {**os.environ, **env}\n    script = \"scripts/test.sh\"\n    if build_push:\n        script = \"scripts/build-push.sh\"\n    return_code = subprocess.call([\"bash\", script], env=use_env)\n    if return_code != 0:\n",
  "slicing": [
   "build_push = os.environ.get(\"BUILD_PUSH\")\n",
   "    use_env = {**os.environ, **env}\n",
   "    script = \"scripts/test.sh\"\n",
   "    if build_push:\n",
   "        script = \"scripts/build-push.sh\"\n",
   "    return_code = subprocess.call([\"bash\", script], env=use_env)\n",
   "    if return_code != 0:\n",
   "        sys.exit(return_code)\n"
  ]
 },
 "6": {
  "name": "script",
  "type": "UNKNOWN",
  "class": "unknown",
  "approach": "Pysonar2",
  "file_path": "uvicorn-gunicorn-fastapi-docker/scripts/process_all.py",
  "lineno": "24",
  "column": "8",
  "context": "pt = \"scripts/test.sh\"\n    if build_push:\n        script = \"scripts/build-push.sh\"\n    return_code = subprocess.call([\"bash\", script]",
  "context_lines": "def process_tag(*, env: dict):\n    use_env = {**os.environ, **env}\n    script = \"scripts/test.sh\"\n    if build_push:\n        script = \"scripts/build-push.sh\"\n    return_code = subprocess.call([\"bash\", script], env=use_env)\n    if return_code != 0:\n        sys.exit(return_code)\n\n\ndef print_version_envs():\n",
  "slicing": [
   "build_push = os.environ.get(\"BUILD_PUSH\")\n",
   "    use_env = {**os.environ, **env}\n",
   "    script = \"scripts/test.sh\"\n",
   "    if build_push:\n",
   "        script = \"scripts/build-push.sh\"\n",
   "    return_code = subprocess.call([\"bash\", script], env=use_env)\n",
   "    if return_code != 0:\n",
   "        sys.exit(return_code)\n"
  ]
 },
 "7": {
  "name": "return_code",
  "type": "UNKNOWN",
  "class": "unknown",
  "approach": "Pysonar2",
  "file_path": "uvicorn-gunicorn-fastapi-docker/scripts/process_all.py",
  "lineno": "25",
  "column": "4",
  "context": "ush:\n        script = \"scripts/build-push.sh\"\n    return_code = subprocess.call([\"bash\", script], env=use_env)\n    if return_code != 0:\n        sys.exit(return_c",
  "context_lines": "    use_env = {**os.environ, **env}\n    script = \"scripts/test.sh\"\n    if build_push:\n        script = \"scripts/build-push.sh\"\n    return_code = subprocess.call([\"bash\", script], env=use_env)\n    if return_code != 0:\n        sys.exit(return_code)\n\n\ndef print_version_envs():\n    env_lines = []\n",
  "slicing": [
   "build_push = os.environ.get(\"BUILD_PUSH\")\n",
   "    use_env = {**os.environ, **env}\n",
   "    script = \"scripts/test.sh\"\n",
   "    if build_push:\n",
   "        script = \"scripts/build-push.sh\"\n",
   "    return_code = subprocess.call([\"bash\", script], env=use_env)\n",
   "    if return_code != 0:\n",
   "        sys.exit(return_code)\n"
  ]
 },
 "8": {
  "name": "env_lines",
  "type": "list",
  "class": "build-in",
  "approach": "annotation",
  "file_path": "uvicorn-gunicorn-fastapi-docker/scripts/process_all.py",
  "lineno": "31",
  "column": "4",
  "context": "exit(return_code)\n\n\ndef print_version_envs():\n    env_lines = []\n    for env in environments:\n        env_vars = []",
  "context_lines": "    return_code = subprocess.call([\"bash\", script], env=use_env)\n    if return_code != 0:\n        sys.exit(return_code)\n\n\ndef print_version_envs():\n    env_lines = []\n    for env in environments:\n        env_vars = []\n        for key, value in env.items():\n            env_vars.append(f\"{key}='{value}'\")\n",
  "slicing": [
   "    env_lines = []\n",
   "        env_lines.append(\" \".join(env_vars))\n",
   "    for line in env_lines:\n",
   "        print(line)\n"
  ]
 },
 "9": {
  "name": "env_vars",
  "type": "list",
  "class": "build-in",
  "approach": "annotation",
  "file_path": "uvicorn-gunicorn-fastapi-docker/scripts/process_all.py",
  "lineno": "33",
  "column": "8",
  "context": "v_lines = []\n    for env in environments:\n        env_vars = []\n        for key, value in env.items():\n           ",
  "context_lines": "        sys.exit(return_code)\n\n\ndef print_version_envs():\n    env_lines = []\n    for env in environments:\n        env_vars = []\n        for key, value in env.items():\n            env_vars.append(f\"{key}='{value}'\")\n        env_lines.append(\" \".join(env_vars))\n    for line in env_lines:\n",
  "slicing": [
   "        env_vars = []\n",
   "            env_vars.append(f\"{key}='{value}'\")\n",
   "        env_lines.append(\" \".join(env_vars))\n"
  ]
 },
 "10": {
  "name": "start_at",
  "type": "UNKNOWN",
  "class": "unknown",
  "approach": "Pysonar2",
  "file_path": "uvicorn-gunicorn-fastapi-docker/scripts/process_all.py",
  "lineno": "42",
  "column": "4",
  "context": " env_lines:\n        print(line)\n\n\ndef main():\n    start_at = 0\n    if start_with:\n        start_at = [\n          ",
  "context_lines": "        env_lines.append(\" \".join(env_vars))\n    for line in env_lines:\n        print(line)\n\n\ndef main():\n    start_at = 0\n    if start_with:\n        start_at = [\n            i for i, env in enumerate((environments)) if env[\"NAME\"] == start_with\n        ][0]\n",
  "slicing": [
   "    start_at = 0\n",
   "    for i, env in enumerate(environments[start_at:]):\n",
   "        print(f\"Processing tag: {env['NAME']}\")\n",
   "        process_tag(env=env)\n"
  ]
 },
 "11": {
  "name": "start_at",
  "type": "dict",
  "class": "build-in",
  "approach": "annotation",
  "file_path": "uvicorn-gunicorn-fastapi-docker/scripts/process_all.py",
  "lineno": "44",
  "column": "8",
  "context": "in():\n    start_at = 0\n    if start_with:\n        start_at = [\n            i for i, env in enumerate((environment",
  "context_lines": "        print(line)\n\n\ndef main():\n    start_at = 0\n    if start_with:\n        start_at = [\n            i for i, env in enumerate((environments)) if env[\"NAME\"] == start_with\n        ][0]\n    for i, env in enumerate(environments[start_at:]):\n        print(f\"Processing tag: {env['NAME']}\")\n",
  "slicing": [
   "        start_at = [\n",
   "    for i, env in enumerate(environments[start_at:]):\n",
   "        print(f\"Processing tag: {env['NAME']}\")\n",
   "        process_tag(env=env)\n"
  ]
 },
 "12": {
  "name": "version",
  "type": "str",
  "class": "build-in",
  "approach": "Pysonar2",
  "file_path": "uvicorn-gunicorn-fastapi-docker/docker-images/app/main.py",
  "lineno": "5",
  "column": "0",
  "context": "import sys\n\nfrom fastapi import FastAPI\n\nversion = f\"{sys.version_info.major}.{sys.version_info.minor}\"\n\napp = FastAPI()\n\n\n@app.get(\"/\")\nasync def read_ro",
  "context_lines": "import sys\n\nfrom fastapi import FastAPI\n\nversion = f\"{sys.version_info.major}.{sys.version_info.minor}\"\n\napp = FastAPI()\n\n\n@app.get(\"/\")\nasync def read_root():\n",
  "slicing": [
   "version = f\"{sys.version_info.major}.{sys.version_info.minor}\"\n",
   "    message = f\"Hello world! From FastAPI running on Uvicorn with Gunicorn. Using Python {version}\"\n",
   "    return {\"message\": message}\n"
  ]
 },
 "13": {
  "name": "app",
  "type": "fastapi.FastAPI",
  "class": "imported",
  "approach": "annotation",
  "file_path": "uvicorn-gunicorn-fastapi-docker/docker-images/app/main.py",
  "lineno": "7",
  "column": "0",
  "context": "ys.version_info.major}.{sys.version_info.minor}\"\n\napp = FastAPI()\n\n\n@app.get(\"/\")\nasync def read_root():\n    message",
  "context_lines": "import sys\n\nfrom fastapi import FastAPI\n\nversion = f\"{sys.version_info.major}.{sys.version_info.minor}\"\n\napp = FastAPI()\n\n\n@app.get(\"/\")\nasync def read_root():\n    message = f\"Hello world! From FastAPI running on Uvicorn with Gunicorn. Using Python {version}\"\n",
  "slicing": [
   "app = FastAPI()\n",
   "@app.get(\"/\")\n"
  ]
 },
 "14": {
  "name": "message",
  "type": "str",
  "class": "build-in",
  "approach": "Pysonar2",
  "file_path": "uvicorn-gunicorn-fastapi-docker/docker-images/app/main.py",
  "lineno": "12",
  "column": "4",
  "context": "tAPI()\n\n\n@app.get(\"/\")\nasync def read_root():\n    message = f\"Hello world! From FastAPI running on Uvicorn with Gunicorn. Using Python {version}\"\n    return {\"message\": message}\n",
  "context_lines": "version = f\"{sys.version_info.major}.{sys.version_info.minor}\"\n\napp = FastAPI()\n\n\n@app.get(\"/\")\nasync def read_root():\n    message = f\"Hello world! From FastAPI running on Uvicorn with Gunicorn. Using Python {version}\"\n",
  "slicing": [
   "version = f\"{sys.version_info.major}.{sys.version_info.minor}\"\n",
   "    message = f\"Hello world! From FastAPI running on Uvicorn with Gunicorn. Using Python {version}\"\n",
   "    return {\"message\": message}\n"
  ]
 },
 "15": {
  "name": "CONTAINER_NAME",
  "type": "UNKNOWN",
  "class": "unknown",
  "approach": "Pysonar2",
  "file_path": "uvicorn-gunicorn-fastapi-docker/tests/utils.py",
  "lineno": "9",
  "column": "0",
  "context": "d\nfrom docker.models.containers import Container\n\nCONTAINER_NAME = \"uvicorn-gunicorn-fastapi-test\"\n\n\ndef get_process_names(container: Container) -> L",
  "context_lines": "from typing import Any, Dict, List\n\nfrom docker.client import DockerClient\nfrom docker.errors import NotFound\nfrom docker.models.containers import Container\n\nCONTAINER_NAME = \"uvicorn-gunicorn-fastapi-test\"\n\n\ndef get_process_names(container: Container) -> List[str]:\n    top = container.top()\n    process_commands = [p[7] for p in top[\"Processes\"]]\n",
  "slicing": [
   "CONTAINER_NAME = \"uvicorn-gunicorn-fastapi-test\"\n",
   "def get_process_names(container: Container) -> List[str]:\n",
   "    top = container.top()\n",
   "    process_commands = [p[7] for p in top[\"Processes\"]]\n",
   "    gunicorn_processes = [p for p in process_commands if \"gunicorn\" in p]\n",
   "    return gunicorn_processes\n",
   "def get_gunicorn_conf_path(container: Container) -> str:\n",
   "    gunicorn_processes = get_process_names(container)\n",
   "    first_process = gunicorn_processes[0]\n",
   "    first_part, partition, last_part = first_process.partition(\"-c\")\n",
   "    gunicorn_conf = last_part.strip().split()[0]\n",
   "    return gunicorn_conf\n",
   "    gunicorn_conf = get_gunicorn_conf_path(container)\n",
   "    result = container.exec_run(f\"python {gunicorn_conf}\")\n",
   "    return json.loads(result.output.decode())\n",
   "        previous = client.containers.get(CONTAINER_NAME)\n",
   "        previous.stop()\n",
   "        previous.remove()\n",
   "    logs = container.logs()\n",
   "    return logs.decode(\"utf-8\")\n"
  ]
 },
 "16": {
  "name": "top",
  "type": "UNKNOWN",
  "class": "unknown",
  "approach": "Pysonar2",
  "file_path": "uvicorn-gunicorn-fastapi-docker/tests/utils.py",
  "lineno": "13",
  "column": "4",
  "context": "ess_names(container: Container) -> List[str]:\n    top = container.top()\n    process_commands = [p[7] for p in top[\"Process",
  "context_lines": "from docker.errors import NotFound\nfrom docker.models.containers import Container\n\nCONTAINER_NAME = \"uvicorn-gunicorn-fastapi-test\"\n\n\ndef get_process_names(container: Container) -> List[str]:\n    top = container.top()\n    process_commands = [p[7] for p in top[\"Processes\"]]\n    gunicorn_processes = [p for p in process_commands if \"gunicorn\" in p]\n    return gunicorn_processes\n\n\ndef get_gunicorn_conf_path(container: Container) -> str:\n",
  "slicing": [
   "CONTAINER_NAME = \"uvicorn-gunicorn-fastapi-test\"\n",
   "def get_process_names(container: Container) -> List[str]:\n",
   "    top = container.top()\n",
   "    process_commands = [p[7] for p in top[\"Processes\"]]\n",
   "    gunicorn_processes = [p for p in process_commands if \"gunicorn\" in p]\n",
   "    return gunicorn_processes\n",
   "def get_gunicorn_conf_path(container: Container) -> str:\n",
   "    gunicorn_processes = get_process_names(container)\n",
   "    first_process = gunicorn_processes[0]\n",
   "    first_part, partition, last_part = first_process.partition(\"-c\")\n",
   "    gunicorn_conf = last_part.strip().split()[0]\n",
   "    return gunicorn_conf\n",
   "    gunicorn_conf = get_gunicorn_conf_path(container)\n",
   "    result = container.exec_run(f\"python {gunicorn_conf}\")\n",
   "    return json.loads(result.output.decode())\n",
   "        previous = client.containers.get(CONTAINER_NAME)\n",
   "        previous.stop()\n",
   "        previous.remove()\n",
   "    logs = container.logs()\n",
   "    return logs.decode(\"utf-8\")\n"
  ]
 },
 "17": {
  "name": "process_commands",
  "type": "list",
  "class": "build-in",
  "approach": "annotation",
  "file_path": "uvicorn-gunicorn-fastapi-docker/tests/utils.py",
  "lineno": "14",
  "column": "4",
  "context": "iner) -> List[str]:\n    top = container.top()\n    process_commands = [p[7] for p in top[\"Processes\"]]\n    gunicorn_processes = [p for p in process_comma",
  "context_lines": "from docker.models.containers import Container\n\nCONTAINER_NAME = \"uvicorn-gunicorn-fastapi-test\"\n\n\ndef get_process_names(container: Container) -> List[str]:\n    top = container.top()\n    process_commands = [p[7] for p in top[\"Processes\"]]\n    gunicorn_processes = [p for p in process_commands if \"gunicorn\" in p]\n    return gunicorn_processes\n\n\ndef get_gunicorn_conf_path(container: Container) -> str:\n    gunicorn_processes = get_process_names(container)\n",
  "slicing": [
   "CONTAINER_NAME = \"uvicorn-gunicorn-fastapi-test\"\n",
   "def get_process_names(container: Container) -> List[str]:\n",
   "    top = container.top()\n",
   "    process_commands = [p[7] for p in top[\"Processes\"]]\n",
   "    gunicorn_processes = [p for p in process_commands if \"gunicorn\" in p]\n",
   "    return gunicorn_processes\n",
   "def get_gunicorn_conf_path(container: Container) -> str:\n",
   "    gunicorn_processes = get_process_names(container)\n",
   "    first_process = gunicorn_processes[0]\n",
   "    first_part, partition, last_part = first_process.partition(\"-c\")\n",
   "    gunicorn_conf = last_part.strip().split()[0]\n",
   "    return gunicorn_conf\n",
   "    gunicorn_conf = get_gunicorn_conf_path(container)\n",
   "    result = container.exec_run(f\"python {gunicorn_conf}\")\n",
   "    return json.loads(result.output.decode())\n",
   "        previous = client.containers.get(CONTAINER_NAME)\n",
   "        previous.stop()\n",
   "        previous.remove()\n",
   "    logs = container.logs()\n",
   "    return logs.decode(\"utf-8\")\n"
  ]
 },
 "18": {
  "name": "gunicorn_processes",
  "type": "list",
  "class": "build-in",
  "approach": "annotation",
  "file_path": "uvicorn-gunicorn-fastapi-docker/tests/utils.py",
  "lineno": "15",
  "column": "4",
  "context": "s_commands = [p[7] for p in top[\"Processes\"]]\n    gunicorn_processes = [p for p in process_commands if \"gunicorn\" in p]\n    return gunicorn_processes\n\n\ndef get_gunicorn_c",
  "context_lines": "CONTAINER_NAME = \"uvicorn-gunicorn-fastapi-test\"\n\n\ndef get_process_names(container: Container) -> List[str]:\n    top = container.top()\n    process_commands = [p[7] for p in top[\"Processes\"]]\n    gunicorn_processes = [p for p in process_commands if \"gunicorn\" in p]\n    return gunicorn_processes\n\n\ndef get_gunicorn_conf_path(container: Container) -> str:\n    gunicorn_processes = get_process_names(container)\n    first_process = gunicorn_processes[0]\n",
  "slicing": [
   "CONTAINER_NAME = \"uvicorn-gunicorn-fastapi-test\"\n",
   "def get_process_names(container: Container) -> List[str]:\n",
   "    top = container.top()\n",
   "    process_commands = [p[7] for p in top[\"Processes\"]]\n",
   "    gunicorn_processes = [p for p in process_commands if \"gunicorn\" in p]\n",
   "    return gunicorn_processes\n",
   "def get_gunicorn_conf_path(container: Container) -> str:\n",
   "    gunicorn_processes = get_process_names(container)\n",
   "    first_process = gunicorn_processes[0]\n",
   "    first_part, partition, last_part = first_process.partition(\"-c\")\n",
   "    gunicorn_conf = last_part.strip().split()[0]\n",
   "    return gunicorn_conf\n",
   "    gunicorn_conf = get_gunicorn_conf_path(container)\n",
   "    result = container.exec_run(f\"python {gunicorn_conf}\")\n",
   "    return json.loads(result.output.decode())\n",
   "        previous = client.containers.get(CONTAINER_NAME)\n",
   "        previous.stop()\n",
   "        previous.remove()\n",
   "    logs = container.logs()\n",
   "    return logs.decode(\"utf-8\")\n"
  ]
 },
 "19": {
  "name": "gunicorn_processes",
  "type": "UNKNOWN",
  "class": "unknown",
  "approach": "annotation",
  "file_path": "uvicorn-gunicorn-fastapi-docker/tests/utils.py",
  "lineno": "20",
  "column": "4",
  "context": "icorn_conf_path(container: Container) -> str:\n    gunicorn_processes = get_process_names(container)\n    first_process = gunicorn_processes[0]\n    firs",
  "context_lines": "    process_commands = [p[7] for p in top[\"Processes\"]]\n    gunicorn_processes = [p for p in process_commands if \"gunicorn\" in p]\n    return gunicorn_processes\n\n\ndef get_gunicorn_conf_path(container: Container) -> str:\n    gunicorn_processes = get_process_names(container)\n    first_process = gunicorn_processes[0]\n    first_part, partition, last_part = first_process.partition(\"-c\")\n    gunicorn_conf = last_part.strip().split()[0]\n    return gunicorn_conf\n\n\n",
  "slicing": [
   "CONTAINER_NAME = \"uvicorn-gunicorn-fastapi-test\"\n",
   "def get_process_names(container: Container) -> List[str]:\n",
   "    top = container.top()\n",
   "    process_commands = [p[7] for p in top[\"Processes\"]]\n",
   "    gunicorn_processes = [p for p in process_commands if \"gunicorn\" in p]\n",
   "    return gunicorn_processes\n",
   "def get_gunicorn_conf_path(container: Container) -> str:\n",
   "    gunicorn_processes = get_process_names(container)\n",
   "    first_process = gunicorn_processes[0]\n",
   "    first_part, partition, last_part = first_process.partition(\"-c\")\n",
   "    gunicorn_conf = last_part.strip().split()[0]\n",
   "    return gunicorn_conf\n",
   "    gunicorn_conf = get_gunicorn_conf_path(container)\n",
   "    result = container.exec_run(f\"python {gunicorn_conf}\")\n",
   "    return json.loads(result.output.decode())\n",
   "        previous = client.containers.get(CONTAINER_NAME)\n",
   "        previous.stop()\n",
   "        previous.remove()\n",
   "    logs = container.logs()\n",
   "    return logs.decode(\"utf-8\")\n"
  ]
 },
 "20": {
  "name": "first_process",
  "type": "dict",
  "class": "build-in",
  "approach": "annotation",
  "file_path": "uvicorn-gunicorn-fastapi-docker/tests/utils.py",
  "lineno": "21",
  "column": "4",
  "context": "corn_processes = get_process_names(container)\n    first_process = gunicorn_processes[0]\n    first_part, partition, last_part = first_proce",
  "context_lines": "    gunicorn_processes = [p for p in process_commands if \"gunicorn\" in p]\n    return gunicorn_processes\n\n\ndef get_gunicorn_conf_path(container: Container) -> str:\n    gunicorn_processes = get_process_names(container)\n    first_process = gunicorn_processes[0]\n    first_part, partition, last_part = first_process.partition(\"-c\")\n    gunicorn_conf = last_part.strip().split()[0]\n    return gunicorn_conf\n\n\ndef get_config(container: Container) -> Dict[str, Any]:\n",
  "slicing": [
   "CONTAINER_NAME = \"uvicorn-gunicorn-fastapi-test\"\n",
   "def get_process_names(container: Container) -> List[str]:\n",
   "    top = container.top()\n",
   "    process_commands = [p[7] for p in top[\"Processes\"]]\n",
   "    gunicorn_processes = [p for p in process_commands if \"gunicorn\" in p]\n",
   "    return gunicorn_processes\n",
   "def get_gunicorn_conf_path(container: Container) -> str:\n",
   "    gunicorn_processes = get_process_names(container)\n",
   "    first_process = gunicorn_processes[0]\n",
   "    first_part, partition, last_part = first_process.partition(\"-c\")\n",
   "    gunicorn_conf = last_part.strip().split()[0]\n",
   "    return gunicorn_conf\n",
   "    gunicorn_conf = get_gunicorn_conf_path(container)\n",
   "    result = container.exec_run(f\"python {gunicorn_conf}\")\n",
   "    return json.loads(result.output.decode())\n",
   "        previous = client.containers.get(CONTAINER_NAME)\n",
   "        previous.stop()\n",
   "        previous.remove()\n",
   "    logs = container.logs()\n",
   "    return logs.decode(\"utf-8\")\n"
  ]
 },
 "21": {
  "name": "first_part",
  "type": "UNKNOWN",
  "class": "unknown",
  "approach": "Pysonar2",
  "file_path": "uvicorn-gunicorn-fastapi-docker/tests/utils.py",
  "lineno": "22",
  "column": "4",
  "context": "er)\n    first_process = gunicorn_processes[0]\n    first_part, partition, last_part = first_process.partition(\"-c\")\n    gunicorn_conf = last_part.strip().split()[0]\n ",
  "context_lines": "    return gunicorn_processes\n\n\ndef get_gunicorn_conf_path(container: Container) -> str:\n    gunicorn_processes = get_process_names(container)\n    first_process = gunicorn_processes[0]\n    first_part, partition, last_part = first_process.partition(\"-c\")\n    gunicorn_conf = last_part.strip().split()[0]\n    return gunicorn_conf\n\n\ndef get_config(container: Container) -> Dict[str, Any]:\n    gunicorn_conf = get_gunicorn_conf_path(container)\n",
  "slicing": "    first_part, partition, last_part = first_process.partition(\"-c\")\n"
 },
 "22": {
  "name": "partition",
  "type": "UNKNOWN",
  "class": "unknown",
  "approach": "Pysonar2",
  "file_path": "uvicorn-gunicorn-fastapi-docker/tests/utils.py",
  "lineno": "22",
  "column": "16",
  "context": "t_process = gunicorn_processes[0]\n    first_part, partition, last_part = first_process.partition(\"-c\")\n    gunicorn_conf = last_part.strip().split()[0]\n ",
  "context_lines": "    return gunicorn_processes\n\n\ndef get_gunicorn_conf_path(container: Container) -> str:\n    gunicorn_processes = get_process_names(container)\n    first_process = gunicorn_processes[0]\n    first_part, partition, last_part = first_process.partition(\"-c\")\n    gunicorn_conf = last_part.strip().split()[0]\n    return gunicorn_conf\n\n\ndef get_config(container: Container) -> Dict[str, Any]:\n    gunicorn_conf = get_gunicorn_conf_path(container)\n",
  "slicing": "    first_part, partition, last_part = first_process.partition(\"-c\")\n"
 },
 "23": {
  "name": "last_part",
  "type": "UNKNOWN",
  "class": "unknown",
  "approach": "Pysonar2",
  "file_path": "uvicorn-gunicorn-fastapi-docker/tests/utils.py",
  "lineno": "22",
  "column": "27",
  "context": " gunicorn_processes[0]\n    first_part, partition, last_part = first_process.partition(\"-c\")\n    gunicorn_conf = last_part.strip().split()[0]\n ",
  "context_lines": "    return gunicorn_processes\n\n\ndef get_gunicorn_conf_path(container: Container) -> str:\n    gunicorn_processes = get_process_names(container)\n    first_process = gunicorn_processes[0]\n    first_part, partition, last_part = first_process.partition(\"-c\")\n    gunicorn_conf = last_part.strip().split()[0]\n    return gunicorn_conf\n\n\ndef get_config(container: Container) -> Dict[str, Any]:\n    gunicorn_conf = get_gunicorn_conf_path(container)\n",
  "slicing": [
   "CONTAINER_NAME = \"uvicorn-gunicorn-fastapi-test\"\n",
   "def get_process_names(container: Container) -> List[str]:\n",
   "    top = container.top()\n",
   "    process_commands = [p[7] for p in top[\"Processes\"]]\n",
   "    gunicorn_processes = [p for p in process_commands if \"gunicorn\" in p]\n",
   "    return gunicorn_processes\n",
   "def get_gunicorn_conf_path(container: Container) -> str:\n",
   "    gunicorn_processes = get_process_names(container)\n",
   "    first_process = gunicorn_processes[0]\n",
   "    first_part, partition, last_part = first_process.partition(\"-c\")\n",
   "    gunicorn_conf = last_part.strip().split()[0]\n",
   "    return gunicorn_conf\n",
   "    gunicorn_conf = get_gunicorn_conf_path(container)\n",
   "    result = container.exec_run(f\"python {gunicorn_conf}\")\n",
   "    return json.loads(result.output.decode())\n",
   "        previous = client.containers.get(CONTAINER_NAME)\n",
   "        previous.stop()\n",
   "        previous.remove()\n",
   "    logs = container.logs()\n",
   "    return logs.decode(\"utf-8\")\n"
  ]
 },
 "24": {
  "name": "gunicorn_conf",
  "type": "dict",
  "class": "build-in",
  "approach": "annotation",
  "file_path": "uvicorn-gunicorn-fastapi-docker/tests/utils.py",
  "lineno": "23",
  "column": "4",
  "context": "on, last_part = first_process.partition(\"-c\")\n    gunicorn_conf = last_part.strip().split()[0]\n    return gunicorn_conf\n\n\ndef get_config(containe",
  "context_lines": "def get_gunicorn_conf_path(container: Container) -> str:\n    gunicorn_processes = get_process_names(container)\n    first_process = gunicorn_processes[0]\n    first_part, partition, last_part = first_process.partition(\"-c\")\n    gunicorn_conf = last_part.strip().split()[0]\n    return gunicorn_conf\n\n\ndef get_config(container: Container) -> Dict[str, Any]:\n    gunicorn_conf = get_gunicorn_conf_path(container)\n    result = container.exec_run(f\"python {gunicorn_conf}\")\n",
  "slicing": [
   "CONTAINER_NAME = \"uvicorn-gunicorn-fastapi-test\"\n",
   "def get_process_names(container: Container) -> List[str]:\n",
   "    top = container.top()\n",
   "    process_commands = [p[7] for p in top[\"Processes\"]]\n",
   "    gunicorn_processes = [p for p in process_commands if \"gunicorn\" in p]\n",
   "    return gunicorn_processes\n",
   "def get_gunicorn_conf_path(container: Container) -> str:\n",
   "    gunicorn_processes = get_process_names(container)\n",
   "    first_process = gunicorn_processes[0]\n",
   "    first_part, partition, last_part = first_process.partition(\"-c\")\n",
   "    gunicorn_conf = last_part.strip().split()[0]\n",
   "    return gunicorn_conf\n",
   "    gunicorn_conf = get_gunicorn_conf_path(container)\n",
   "    result = container.exec_run(f\"python {gunicorn_conf}\")\n",
   "    return json.loads(result.output.decode())\n",
   "        previous = client.containers.get(CONTAINER_NAME)\n",
   "        previous.stop()\n",
   "        previous.remove()\n",
   "    logs = container.logs()\n",
   "    return logs.decode(\"utf-8\")\n"
  ]
 },
 "25": {
  "name": "gunicorn_conf",
  "type": "UNKNOWN",
  "class": "unknown",
  "approach": "annotation",
  "file_path": "uvicorn-gunicorn-fastapi-docker/tests/utils.py",
  "lineno": "28",
  "column": "4",
  "context": "nfig(container: Container) -> Dict[str, Any]:\n    gunicorn_conf = get_gunicorn_conf_path(container)\n    result = container.exec_run(f\"python {gunicorn",
  "context_lines": "    first_part, partition, last_part = first_process.partition(\"-c\")\n    gunicorn_conf = last_part.strip().split()[0]\n    return gunicorn_conf\n\n\ndef get_config(container: Container) -> Dict[str, Any]:\n    gunicorn_conf = get_gunicorn_conf_path(container)\n    result = container.exec_run(f\"python {gunicorn_conf}\")\n    return json.loads(result.output.decode())\n\n\ndef remove_previous_container(client: DockerClient) -> None:\n    try:\n",
  "slicing": [
   "CONTAINER_NAME = \"uvicorn-gunicorn-fastapi-test\"\n",
   "def get_process_names(container: Container) -> List[str]:\n",
   "    top = container.top()\n",
   "    process_commands = [p[7] for p in top[\"Processes\"]]\n",
   "    gunicorn_processes = [p for p in process_commands if \"gunicorn\" in p]\n",
   "    return gunicorn_processes\n",
   "def get_gunicorn_conf_path(container: Container) -> str:\n",
   "    gunicorn_processes = get_process_names(container)\n",
   "    first_process = gunicorn_processes[0]\n",
   "    first_part, partition, last_part = first_process.partition(\"-c\")\n",
   "    gunicorn_conf = last_part.strip().split()[0]\n",
   "    return gunicorn_conf\n",
   "    gunicorn_conf = get_gunicorn_conf_path(container)\n",
   "    result = container.exec_run(f\"python {gunicorn_conf}\")\n",
   "    return json.loads(result.output.decode())\n",
   "        previous = client.containers.get(CONTAINER_NAME)\n",
   "        previous.stop()\n",
   "        previous.remove()\n",
   "    logs = container.logs()\n",
   "    return logs.decode(\"utf-8\")\n"
  ]
 },
 "26": {
  "name": "result",
  "type": "UNKNOWN",
  "class": "unknown",
  "approach": "Pysonar2",
  "file_path": "uvicorn-gunicorn-fastapi-docker/tests/utils.py",
  "lineno": "29",
  "column": "4",
  "context": "corn_conf = get_gunicorn_conf_path(container)\n    result = container.exec_run(f\"python {gunicorn_conf}\")\n    return json.loads(result.output.decode())\n\n\nde",
  "context_lines": "    gunicorn_conf = last_part.strip().split()[0]\n    return gunicorn_conf\n\n\ndef get_config(container: Container) -> Dict[str, Any]:\n    gunicorn_conf = get_gunicorn_conf_path(container)\n    result = container.exec_run(f\"python {gunicorn_conf}\")\n    return json.loads(result.output.decode())\n\n\ndef remove_previous_container(client: DockerClient) -> None:\n    try:\n        previous = client.containers.get(CONTAINER_NAME)\n",
  "slicing": [
   "CONTAINER_NAME = \"uvicorn-gunicorn-fastapi-test\"\n",
   "def get_process_names(container: Container) -> List[str]:\n",
   "    top = container.top()\n",
   "    process_commands = [p[7] for p in top[\"Processes\"]]\n",
   "    gunicorn_processes = [p for p in process_commands if \"gunicorn\" in p]\n",
   "    return gunicorn_processes\n",
   "def get_gunicorn_conf_path(container: Container) -> str:\n",
   "    gunicorn_processes = get_process_names(container)\n",
   "    first_process = gunicorn_processes[0]\n",
   "    first_part, partition, last_part = first_process.partition(\"-c\")\n",
   "    gunicorn_conf = last_part.strip().split()[0]\n",
   "    return gunicorn_conf\n",
   "    gunicorn_conf = get_gunicorn_conf_path(container)\n",
   "    result = container.exec_run(f\"python {gunicorn_conf}\")\n",
   "    return json.loads(result.output.decode())\n",
   "        previous = client.containers.get(CONTAINER_NAME)\n",
   "        previous.stop()\n",
   "        previous.remove()\n",
   "    logs = container.logs()\n",
   "    return logs.decode(\"utf-8\")\n"
  ]
 },
 "27": {
  "name": "previous",
  "type": "UNKNOWN",
  "class": "unknown",
  "approach": "Pysonar2",
  "file_path": "uvicorn-gunicorn-fastapi-docker/tests/utils.py",
  "lineno": "35",
  "column": "8",
  "context": "r(client: DockerClient) -> None:\n    try:\n        previous = client.containers.get(CONTAINER_NAME)\n        previous.stop()\n        previous.remove()\n",
  "context_lines": "    result = container.exec_run(f\"python {gunicorn_conf}\")\n    return json.loads(result.output.decode())\n\n\ndef remove_previous_container(client: DockerClient) -> None:\n    try:\n        previous = client.containers.get(CONTAINER_NAME)\n        previous.stop()\n        previous.remove()\n    except NotFound:\n        return None\n\n\n",
  "slicing": [
   "CONTAINER_NAME = \"uvicorn-gunicorn-fastapi-test\"\n",
   "def get_process_names(container: Container) -> List[str]:\n",
   "    top = container.top()\n",
   "    process_commands = [p[7] for p in top[\"Processes\"]]\n",
   "    gunicorn_processes = [p for p in process_commands if \"gunicorn\" in p]\n",
   "    return gunicorn_processes\n",
   "def get_gunicorn_conf_path(container: Container) -> str:\n",
   "    gunicorn_processes = get_process_names(container)\n",
   "    first_process = gunicorn_processes[0]\n",
   "    first_part, partition, last_part = first_process.partition(\"-c\")\n",
   "    gunicorn_conf = last_part.strip().split()[0]\n",
   "    return gunicorn_conf\n",
   "    gunicorn_conf = get_gunicorn_conf_path(container)\n",
   "    result = container.exec_run(f\"python {gunicorn_conf}\")\n",
   "    return json.loads(result.output.decode())\n",
   "        previous = client.containers.get(CONTAINER_NAME)\n",
   "        previous.stop()\n",
   "        previous.remove()\n",
   "    logs = container.logs()\n",
   "    return logs.decode(\"utf-8\")\n"
  ]
 },
 "28": {
  "name": "logs",
  "type": "UNKNOWN",
  "class": "unknown",
  "approach": "Pysonar2",
  "file_path": "uvicorn-gunicorn-fastapi-docker/tests/utils.py",
  "lineno": "43",
  "column": "4",
  "context": "def get_logs(container: DockerClient) -> str:\n    logs = container.logs()\n    return logs.decode(\"utf-8\")\n\n\ndef get_response",
  "context_lines": "        previous.remove()\n    except NotFound:\n        return None\n\n\ndef get_logs(container: DockerClient) -> str:\n    logs = container.logs()\n    return logs.decode(\"utf-8\")\n\n\ndef get_response_text1() -> str:\n    python_version = os.getenv(\"PYTHON_VERSION\")\n",
  "slicing": [
   "CONTAINER_NAME = \"uvicorn-gunicorn-fastapi-test\"\n",
   "def get_process_names(container: Container) -> List[str]:\n",
   "    top = container.top()\n",
   "    process_commands = [p[7] for p in top[\"Processes\"]]\n",
   "    gunicorn_processes = [p for p in process_commands if \"gunicorn\" in p]\n",
   "    return gunicorn_processes\n",
   "def get_gunicorn_conf_path(container: Container) -> str:\n",
   "    gunicorn_processes = get_process_names(container)\n",
   "    first_process = gunicorn_processes[0]\n",
   "    first_part, partition, last_part = first_process.partition(\"-c\")\n",
   "    gunicorn_conf = last_part.strip().split()[0]\n",
   "    return gunicorn_conf\n",
   "    gunicorn_conf = get_gunicorn_conf_path(container)\n",
   "    result = container.exec_run(f\"python {gunicorn_conf}\")\n",
   "    return json.loads(result.output.decode())\n",
   "        previous = client.containers.get(CONTAINER_NAME)\n",
   "        previous.stop()\n",
   "        previous.remove()\n",
   "    logs = container.logs()\n",
   "    return logs.decode(\"utf-8\")\n"
  ]
 },
 "29": {
  "name": "python_version",
  "type": "str",
  "class": "build-in",
  "approach": "Pysonar2",
  "file_path": "uvicorn-gunicorn-fastapi-docker/tests/utils.py",
  "lineno": "48",
  "column": "4",
  "context": "e(\"utf-8\")\n\n\ndef get_response_text1() -> str:\n    python_version = os.getenv(\"PYTHON_VERSION\")\n    return f\"Hello world! From FastAPI running on ",
  "context_lines": "def get_logs(container: DockerClient) -> str:\n    logs = container.logs()\n    return logs.decode(\"utf-8\")\n\n\ndef get_response_text1() -> str:\n    python_version = os.getenv(\"PYTHON_VERSION\")\n",
  "slicing": [
   "CONTAINER_NAME = \"uvicorn-gunicorn-fastapi-test\"\n",
   "def get_process_names(container: Container) -> List[str]:\n",
   "    top = container.top()\n",
   "    process_commands = [p[7] for p in top[\"Processes\"]]\n",
   "    gunicorn_processes = [p for p in process_commands if \"gunicorn\" in p]\n",
   "    return gunicorn_processes\n",
   "def get_gunicorn_conf_path(container: Container) -> str:\n",
   "    gunicorn_processes = get_process_names(container)\n",
   "    first_process = gunicorn_processes[0]\n",
   "    first_part, partition, last_part = first_process.partition(\"-c\")\n",
   "    gunicorn_conf = last_part.strip().split()[0]\n",
   "    return gunicorn_conf\n",
   "    gunicorn_conf = get_gunicorn_conf_path(container)\n",
   "    result = container.exec_run(f\"python {gunicorn_conf}\")\n",
   "    return json.loads(result.output.decode())\n",
   "        previous = client.containers.get(CONTAINER_NAME)\n",
   "        previous.stop()\n",
   "        previous.remove()\n",
   "    logs = container.logs()\n",
   "    return logs.decode(\"utf-8\")\n",
   "    python_version = os.getenv(\"PYTHON_VERSION\")\n",
   "    return f\"Hello world! From FastAPI running on Uvicorn with Gunicorn. Using Python {python_version}\"\n"
  ]
 },
 "30": {
  "name": "client",
  "type": "UNKNOWN",
  "class": "unknown",
  "approach": "Pysonar2",
  "file_path": "uvicorn-gunicorn-fastapi-docker/tests/test_01_main/test_defaults.py",
  "lineno": "16",
  "column": "0",
  "context": "response_text1,\n    remove_previous_container,\n)\n\nclient = docker.from_env()\n\n\ndef verify_container(container: DockerClient, re",
  "context_lines": "    get_logs,\n    get_response_text1,\n    remove_previous_container,\n)\n\nclient = docker.from_env()\n\n\ndef verify_container(container: DockerClient, response_text: str) -> None:\n    response = requests.get(\"http://127.0.0.1:8000\")\n    data = response.json()\n",
  "slicing": [
   "client = docker.from_env()\n",
   "    response = requests.get(\"http://127.0.0.1:8000\")\n",
   "    data = response.json()\n",
   "    assert data[\"message\"] == response_text\n",
   "    config_data = get_config(container)\n",
   "    assert config_data[\"workers_per_core\"] == 1\n",
   "    assert config_data[\"use_max_workers\"] is None\n",
   "    assert config_data[\"host\"] == \"0.0.0.0\"\n",
   "    assert config_data[\"port\"] == \"80\"\n",
   "    assert config_data[\"loglevel\"] == \"info\"\n",
   "    assert config_data[\"workers\"] >= 2\n",
   "    assert config_data[\"bind\"] == \"0.0.0.0:80\"\n",
   "    assert config_data[\"graceful_timeout\"] == 120\n",
   "    assert config_data[\"timeout\"] == 120\n",
   "    assert config_data[\"keepalive\"] == 5\n",
   "    assert config_data[\"errorlog\"] == \"-\"\n",
   "    assert config_data[\"accesslog\"] == \"-\"\n",
   "    logs = get_logs(container)\n",
   "    assert \"Checking for script in /app/prestart.sh\" in logs\n",
   "    assert \"Running script /app/prestart.sh\" in logs\n",
   "        \"Running inside /app/prestart.sh, you could add migrations to this file\" in logs\n",
   "    assert '\"GET / HTTP/1.1\" 200' in logs\n",
   "    assert \"[INFO] Application startup complete.\" in logs\n",
   "    assert \"Using worker: uvicorn.workers.UvicornWorker\" in logs\n",
   "    name = os.getenv(\"NAME\")\n",
   "    image = f\"tiangolo/uvicorn-gunicorn-fastapi:{name}\"\n",
   "    response_text = get_response_text1()\n",
   "    remove_previous_container(client)\n",
   "    container = client.containers.run(\n",
   "        image, name=CONTAINER_NAME, ports={\"80\": \"8000\"}, detach=True\n",
   "    verify_container(container, response_text)\n",
   "    container.stop()\n",
   "    container.start()\n",
   "    verify_container(container, response_text)\n",
   "    container.stop()\n",
   "    container.remove()\n"
  ]
 },
 "31": {
  "name": "response",
  "type": "UNKNOWN",
  "class": "unknown",
  "approach": "Pysonar2",
  "file_path": "uvicorn-gunicorn-fastapi-docker/tests/test_01_main/test_defaults.py",
  "lineno": "20",
  "column": "4",
  "context": "r: DockerClient, response_text: str) -> None:\n    response = requests.get(\"http://127.0.0.1:8000\")\n    data = response.json()\n    assert data[\"messag",
  "context_lines": "    remove_previous_container,\n)\n\nclient = docker.from_env()\n\n\ndef verify_container(container: DockerClient, response_text: str) -> None:\n    response = requests.get(\"http://127.0.0.1:8000\")\n    data = response.json()\n    assert data[\"message\"] == response_text\n    config_data = get_config(container)\n    assert config_data[\"workers_per_core\"] == 1\n",
  "slicing": [
   "    response = requests.get(\"http://127.0.0.1:8000\")\n",
   "    data = response.json()\n",
   "    assert data[\"message\"] == response_text\n"
  ]
 },
 "32": {
  "name": "data",
  "type": "UNKNOWN",
  "class": "unknown",
  "approach": "Pysonar2",
  "file_path": "uvicorn-gunicorn-fastapi-docker/tests/test_01_main/test_defaults.py",
  "lineno": "21",
  "column": "4",
  "context": "ponse = requests.get(\"http://127.0.0.1:8000\")\n    data = response.json()\n    assert data[\"message\"] == response_text\n    co",
  "context_lines": ")\n\nclient = docker.from_env()\n\n\ndef verify_container(container: DockerClient, response_text: str) -> None:\n    response = requests.get(\"http://127.0.0.1:8000\")\n    data = response.json()\n    assert data[\"message\"] == response_text\n    config_data = get_config(container)\n    assert config_data[\"workers_per_core\"] == 1\n    assert config_data[\"use_max_workers\"] is None\n",
  "slicing": [
   "    response = requests.get(\"http://127.0.0.1:8000\")\n",
   "    data = response.json()\n",
   "    assert data[\"message\"] == response_text\n"
  ]
 },
 "33": {
  "name": "config_data",
  "type": "utils.get_config",
  "class": "imported",
  "approach": "annotation",
  "file_path": "uvicorn-gunicorn-fastapi-docker/tests/test_01_main/test_defaults.py",
  "lineno": "23",
  "column": "4",
  "context": ")\n    assert data[\"message\"] == response_text\n    config_data = get_config(container)\n    assert config_data[\"workers_per_core\"] == 1\n  ",
  "context_lines": "def verify_container(container: DockerClient, response_text: str) -> None:\n    response = requests.get(\"http://127.0.0.1:8000\")\n    data = response.json()\n    assert data[\"message\"] == response_text\n    config_data = get_config(container)\n    assert config_data[\"workers_per_core\"] == 1\n    assert config_data[\"use_max_workers\"] is None\n    assert config_data[\"host\"] == \"0.0.0.0\"\n    assert config_data[\"port\"] == \"80\"\n",
  "slicing": [
   "    response = requests.get(\"http://127.0.0.1:8000\")\n",
   "    data = response.json()\n",
   "    assert data[\"message\"] == response_text\n",
   "    config_data = get_config(container)\n",
   "    assert config_data[\"workers_per_core\"] == 1\n",
   "    assert config_data[\"use_max_workers\"] is None\n",
   "    assert config_data[\"host\"] == \"0.0.0.0\"\n",
   "    assert config_data[\"port\"] == \"80\"\n",
   "    assert config_data[\"loglevel\"] == \"info\"\n",
   "    assert config_data[\"workers\"] >= 2\n",
   "    assert config_data[\"bind\"] == \"0.0.0.0:80\"\n",
   "    assert config_data[\"graceful_timeout\"] == 120\n",
   "    assert config_data[\"timeout\"] == 120\n",
   "    assert config_data[\"keepalive\"] == 5\n",
   "    assert config_data[\"errorlog\"] == \"-\"\n",
   "    assert config_data[\"accesslog\"] == \"-\"\n"
  ]
 },
 "34": {
  "name": "logs",
  "type": "utils.get_logs",
  "class": "imported",
  "approach": "annotation",
  "file_path": "uvicorn-gunicorn-fastapi-docker/tests/test_01_main/test_defaults.py",
  "lineno": "36",
  "column": "4",
  "context": "-\"\n    assert config_data[\"accesslog\"] == \"-\"\n    logs = get_logs(container)\n    assert \"Checking for script in /app/prestart.s",
  "context_lines": "    assert config_data[\"timeout\"] == 120\n    assert config_data[\"keepalive\"] == 5\n    assert config_data[\"errorlog\"] == \"-\"\n    assert config_data[\"accesslog\"] == \"-\"\n    logs = get_logs(container)\n    assert \"Checking for script in /app/prestart.sh\" in logs\n    assert \"Running script /app/prestart.sh\" in logs\n    assert (\n        \"Running inside /app/prestart.sh, you could add migrations to this file\" in logs\n",
  "slicing": [
   "    response = requests.get(\"http://127.0.0.1:8000\")\n",
   "    data = response.json()\n",
   "    assert data[\"message\"] == response_text\n",
   "    config_data = get_config(container)\n",
   "    assert config_data[\"workers_per_core\"] == 1\n",
   "    assert config_data[\"use_max_workers\"] is None\n",
   "    assert config_data[\"host\"] == \"0.0.0.0\"\n",
   "    assert config_data[\"port\"] == \"80\"\n",
   "    assert config_data[\"loglevel\"] == \"info\"\n",
   "    assert config_data[\"workers\"] >= 2\n",
   "    assert config_data[\"bind\"] == \"0.0.0.0:80\"\n",
   "    assert config_data[\"graceful_timeout\"] == 120\n",
   "    assert config_data[\"timeout\"] == 120\n",
   "    assert config_data[\"keepalive\"] == 5\n",
   "    assert config_data[\"errorlog\"] == \"-\"\n",
   "    assert config_data[\"accesslog\"] == \"-\"\n",
   "    logs = get_logs(container)\n",
   "    assert \"Checking for script in /app/prestart.sh\" in logs\n",
   "    assert \"Running script /app/prestart.sh\" in logs\n",
   "        \"Running inside /app/prestart.sh, you could add migrations to this file\" in logs\n",
   "    assert '\"GET / HTTP/1.1\" 200' in logs\n",
   "    assert \"[INFO] Application startup complete.\" in logs\n",
   "    assert \"Using worker: uvicorn.workers.UvicornWorker\" in logs\n"
  ]
 },
 "35": {
  "name": "name",
  "type": "str",
  "class": "build-in",
  "approach": "Pysonar2",
  "file_path": "uvicorn-gunicorn-fastapi-docker/tests/test_01_main/test_defaults.py",
  "lineno": "48",
  "column": "4",
  "context": "orker\" in logs\n\n\ndef test_defaults() -> None:\n    name = os.getenv(\"NAME\")\n    image = f\"tiangolo/uvicorn-gunicorn-fastapi:{n",
  "context_lines": "    assert '\"GET / HTTP/1.1\" 200' in logs\n    assert \"[INFO] Application startup complete.\" in logs\n    assert \"Using worker: uvicorn.workers.UvicornWorker\" in logs\n\n\ndef test_defaults() -> None:\n    name = os.getenv(\"NAME\")\n    image = f\"tiangolo/uvicorn-gunicorn-fastapi:{name}\"\n    response_text = get_response_text1()\n    sleep_time = int(os.getenv(\"SLEEP_TIME\", 1))\n    remove_previous_container(client)\n",
  "slicing": [
   "    response = requests.get(\"http://127.0.0.1:8000\")\n",
   "    data = response.json()\n",
   "    assert data[\"message\"] == response_text\n",
   "    config_data = get_config(container)\n",
   "    assert config_data[\"workers_per_core\"] == 1\n",
   "    assert config_data[\"use_max_workers\"] is None\n",
   "    assert config_data[\"host\"] == \"0.0.0.0\"\n",
   "    assert config_data[\"port\"] == \"80\"\n",
   "    assert config_data[\"loglevel\"] == \"info\"\n",
   "    assert config_data[\"workers\"] >= 2\n",
   "    assert config_data[\"bind\"] == \"0.0.0.0:80\"\n",
   "    assert config_data[\"graceful_timeout\"] == 120\n",
   "    assert config_data[\"timeout\"] == 120\n",
   "    assert config_data[\"keepalive\"] == 5\n",
   "    assert config_data[\"errorlog\"] == \"-\"\n",
   "    assert config_data[\"accesslog\"] == \"-\"\n",
   "    logs = get_logs(container)\n",
   "    assert \"Checking for script in /app/prestart.sh\" in logs\n",
   "    assert \"Running script /app/prestart.sh\" in logs\n",
   "        \"Running inside /app/prestart.sh, you could add migrations to this file\" in logs\n",
   "    assert '\"GET / HTTP/1.1\" 200' in logs\n",
   "    assert \"[INFO] Application startup complete.\" in logs\n",
   "    assert \"Using worker: uvicorn.workers.UvicornWorker\" in logs\n",
   "    name = os.getenv(\"NAME\")\n",
   "    image = f\"tiangolo/uvicorn-gunicorn-fastapi:{name}\"\n",
   "        image, name=CONTAINER_NAME, ports={\"80\": \"8000\"}, detach=True\n"
  ]
 },
 "36": {
  "name": "image",
  "type": "str",
  "class": "build-in",
  "approach": "Pysonar2",
  "file_path": "uvicorn-gunicorn-fastapi-docker/tests/test_01_main/test_defaults.py",
  "lineno": "49",
  "column": "4",
  "context": "aults() -> None:\n    name = os.getenv(\"NAME\")\n    image = f\"tiangolo/uvicorn-gunicorn-fastapi:{name}\"\n    response_text = get_response_text1()\n    sleep",
  "context_lines": "    assert \"[INFO] Application startup complete.\" in logs\n    assert \"Using worker: uvicorn.workers.UvicornWorker\" in logs\n\n\ndef test_defaults() -> None:\n    name = os.getenv(\"NAME\")\n    image = f\"tiangolo/uvicorn-gunicorn-fastapi:{name}\"\n    response_text = get_response_text1()\n    sleep_time = int(os.getenv(\"SLEEP_TIME\", 1))\n    remove_previous_container(client)\n    container = client.containers.run(\n",
  "slicing": [
   "    response = requests.get(\"http://127.0.0.1:8000\")\n",
   "    data = response.json()\n",
   "    assert data[\"message\"] == response_text\n",
   "    config_data = get_config(container)\n",
   "    assert config_data[\"workers_per_core\"] == 1\n",
   "    assert config_data[\"use_max_workers\"] is None\n",
   "    assert config_data[\"host\"] == \"0.0.0.0\"\n",
   "    assert config_data[\"port\"] == \"80\"\n",
   "    assert config_data[\"loglevel\"] == \"info\"\n",
   "    assert config_data[\"workers\"] >= 2\n",
   "    assert config_data[\"bind\"] == \"0.0.0.0:80\"\n",
   "    assert config_data[\"graceful_timeout\"] == 120\n",
   "    assert config_data[\"timeout\"] == 120\n",
   "    assert config_data[\"keepalive\"] == 5\n",
   "    assert config_data[\"errorlog\"] == \"-\"\n",
   "    assert config_data[\"accesslog\"] == \"-\"\n",
   "    logs = get_logs(container)\n",
   "    assert \"Checking for script in /app/prestart.sh\" in logs\n",
   "    assert \"Running script /app/prestart.sh\" in logs\n",
   "        \"Running inside /app/prestart.sh, you could add migrations to this file\" in logs\n",
   "    assert '\"GET / HTTP/1.1\" 200' in logs\n",
   "    assert \"[INFO] Application startup complete.\" in logs\n",
   "    assert \"Using worker: uvicorn.workers.UvicornWorker\" in logs\n",
   "    name = os.getenv(\"NAME\")\n",
   "    image = f\"tiangolo/uvicorn-gunicorn-fastapi:{name}\"\n",
   "        image, name=CONTAINER_NAME, ports={\"80\": \"8000\"}, detach=True\n"
  ]
 },
 "37": {
  "name": "response_text",
  "type": "utils.get_response_text1",
  "class": "imported",
  "approach": "annotation",
  "file_path": "uvicorn-gunicorn-fastapi-docker/tests/test_01_main/test_defaults.py",
  "lineno": "50",
  "column": "4",
  "context": "= f\"tiangolo/uvicorn-gunicorn-fastapi:{name}\"\n    response_text = get_response_text1()\n    sleep_time = int(os.getenv(\"SLEEP_TIME\", 1))\n ",
  "context_lines": "    assert \"Using worker: uvicorn.workers.UvicornWorker\" in logs\n\n\ndef test_defaults() -> None:\n    name = os.getenv(\"NAME\")\n    image = f\"tiangolo/uvicorn-gunicorn-fastapi:{name}\"\n    response_text = get_response_text1()\n    sleep_time = int(os.getenv(\"SLEEP_TIME\", 1))\n    remove_previous_container(client)\n    container = client.containers.run(\n        image, name=CONTAINER_NAME, ports={\"80\": \"8000\"}, detach=True\n",
  "slicing": [
   "    response = requests.get(\"http://127.0.0.1:8000\")\n",
   "    data = response.json()\n",
   "    assert data[\"message\"] == response_text\n",
   "    config_data = get_config(container)\n",
   "    assert config_data[\"workers_per_core\"] == 1\n",
   "    assert config_data[\"use_max_workers\"] is None\n",
   "    assert config_data[\"host\"] == \"0.0.0.0\"\n",
   "    assert config_data[\"port\"] == \"80\"\n",
   "    assert config_data[\"loglevel\"] == \"info\"\n",
   "    assert config_data[\"workers\"] >= 2\n",
   "    assert config_data[\"bind\"] == \"0.0.0.0:80\"\n",
   "    assert config_data[\"graceful_timeout\"] == 120\n",
   "    assert config_data[\"timeout\"] == 120\n",
   "    assert config_data[\"keepalive\"] == 5\n",
   "    assert config_data[\"errorlog\"] == \"-\"\n",
   "    assert config_data[\"accesslog\"] == \"-\"\n",
   "    logs = get_logs(container)\n",
   "    assert \"Checking for script in /app/prestart.sh\" in logs\n",
   "    assert \"Running script /app/prestart.sh\" in logs\n",
   "        \"Running inside /app/prestart.sh, you could add migrations to this file\" in logs\n",
   "    assert '\"GET / HTTP/1.1\" 200' in logs\n",
   "    assert \"[INFO] Application startup complete.\" in logs\n",
   "    assert \"Using worker: uvicorn.workers.UvicornWorker\" in logs\n",
   "    name = os.getenv(\"NAME\")\n",
   "    image = f\"tiangolo/uvicorn-gunicorn-fastapi:{name}\"\n",
   "    response_text = get_response_text1()\n",
   "        image, name=CONTAINER_NAME, ports={\"80\": \"8000\"}, detach=True\n",
   "    verify_container(container, response_text)\n",
   "    verify_container(container, response_text)\n"
  ]
 },
 "38": {
  "name": "sleep_time",
  "type": "int",
  "class": "build-in",
  "approach": "annotation",
  "file_path": "uvicorn-gunicorn-fastapi-docker/tests/test_01_main/test_defaults.py",
  "lineno": "51",
  "column": "4",
  "context": "me}\"\n    response_text = get_response_text1()\n    sleep_time = int(os.getenv(\"SLEEP_TIME\", 1))\n    remove_previous_container(client)\n    containe",
  "context_lines": "def test_defaults() -> None:\n    name = os.getenv(\"NAME\")\n    image = f\"tiangolo/uvicorn-gunicorn-fastapi:{name}\"\n    response_text = get_response_text1()\n    sleep_time = int(os.getenv(\"SLEEP_TIME\", 1))\n    remove_previous_container(client)\n    container = client.containers.run(\n        image, name=CONTAINER_NAME, ports={\"80\": \"8000\"}, detach=True\n    )\n",
  "slicing": [
   "    response = requests.get(\"http://127.0.0.1:8000\")\n",
   "    data = response.json()\n",
   "    assert data[\"message\"] == response_text\n",
   "    config_data = get_config(container)\n",
   "    assert config_data[\"workers_per_core\"] == 1\n",
   "    assert config_data[\"use_max_workers\"] is None\n",
   "    assert config_data[\"host\"] == \"0.0.0.0\"\n",
   "    assert config_data[\"port\"] == \"80\"\n",
   "    assert config_data[\"loglevel\"] == \"info\"\n",
   "    assert config_data[\"workers\"] >= 2\n",
   "    assert config_data[\"bind\"] == \"0.0.0.0:80\"\n",
   "    assert config_data[\"graceful_timeout\"] == 120\n",
   "    assert config_data[\"timeout\"] == 120\n",
   "    assert config_data[\"keepalive\"] == 5\n",
   "    assert config_data[\"errorlog\"] == \"-\"\n",
   "    assert config_data[\"accesslog\"] == \"-\"\n",
   "    logs = get_logs(container)\n",
   "    assert \"Checking for script in /app/prestart.sh\" in logs\n",
   "    assert \"Running script /app/prestart.sh\" in logs\n",
   "        \"Running inside /app/prestart.sh, you could add migrations to this file\" in logs\n",
   "    assert '\"GET / HTTP/1.1\" 200' in logs\n",
   "    assert \"[INFO] Application startup complete.\" in logs\n",
   "    assert \"Using worker: uvicorn.workers.UvicornWorker\" in logs\n",
   "    name = os.getenv(\"NAME\")\n",
   "    image = f\"tiangolo/uvicorn-gunicorn-fastapi:{name}\"\n",
   "    response_text = get_response_text1()\n",
   "    sleep_time = int(os.getenv(\"SLEEP_TIME\", 1))\n",
   "        image, name=CONTAINER_NAME, ports={\"80\": \"8000\"}, detach=True\n",
   "    time.sleep(sleep_time)\n",
   "    verify_container(container, response_text)\n",
   "    time.sleep(sleep_time)\n",
   "    verify_container(container, response_text)\n"
  ]
 },
 "39": {
  "name": "container",
  "type": "UNKNOWN",
  "class": "unknown",
  "approach": "Pysonar2",
  "file_path": "uvicorn-gunicorn-fastapi-docker/tests/test_01_main/test_defaults.py",
  "lineno": "53",
  "column": "4",
  "context": "E\", 1))\n    remove_previous_container(client)\n    container = client.containers.run(\n        image, name=CONTAINER_NAME, ports={\"80\": \"",
  "context_lines": "    image = f\"tiangolo/uvicorn-gunicorn-fastapi:{name}\"\n    response_text = get_response_text1()\n    sleep_time = int(os.getenv(\"SLEEP_TIME\", 1))\n    remove_previous_container(client)\n    container = client.containers.run(\n        image, name=CONTAINER_NAME, ports={\"80\": \"8000\"}, detach=True\n    )\n    time.sleep(sleep_time)\n    verify_container(container, response_text)\n",
  "slicing": [
   "client = docker.from_env()\n",
   "    response = requests.get(\"http://127.0.0.1:8000\")\n",
   "    data = response.json()\n",
   "    assert data[\"message\"] == response_text\n",
   "    config_data = get_config(container)\n",
   "    assert config_data[\"workers_per_core\"] == 1\n",
   "    assert config_data[\"use_max_workers\"] is None\n",
   "    assert config_data[\"host\"] == \"0.0.0.0\"\n",
   "    assert config_data[\"port\"] == \"80\"\n",
   "    assert config_data[\"loglevel\"] == \"info\"\n",
   "    assert config_data[\"workers\"] >= 2\n",
   "    assert config_data[\"bind\"] == \"0.0.0.0:80\"\n",
   "    assert config_data[\"graceful_timeout\"] == 120\n",
   "    assert config_data[\"timeout\"] == 120\n",
   "    assert config_data[\"keepalive\"] == 5\n",
   "    assert config_data[\"errorlog\"] == \"-\"\n",
   "    assert config_data[\"accesslog\"] == \"-\"\n",
   "    logs = get_logs(container)\n",
   "    assert \"Checking for script in /app/prestart.sh\" in logs\n",
   "    assert \"Running script /app/prestart.sh\" in logs\n",
   "        \"Running inside /app/prestart.sh, you could add migrations to this file\" in logs\n",
   "    assert '\"GET / HTTP/1.1\" 200' in logs\n",
   "    assert \"[INFO] Application startup complete.\" in logs\n",
   "    assert \"Using worker: uvicorn.workers.UvicornWorker\" in logs\n",
   "    name = os.getenv(\"NAME\")\n",
   "    image = f\"tiangolo/uvicorn-gunicorn-fastapi:{name}\"\n",
   "    response_text = get_response_text1()\n",
   "    remove_previous_container(client)\n",
   "    container = client.containers.run(\n",
   "        image, name=CONTAINER_NAME, ports={\"80\": \"8000\"}, detach=True\n",
   "    verify_container(container, response_text)\n",
   "    container.stop()\n",
   "    container.start()\n",
   "    verify_container(container, response_text)\n",
   "    container.stop()\n",
   "    container.remove()\n"
  ]
 },
 "40": {
  "name": "container",
  "type": "UNKNOWN",
  "class": "unknown",
  "approach": "annotation",
  "file_path": "uvicorn-gunicorn-fastapi-docker/tests/utils.py",
  "lineno": "12",
  "column": "22",
  "context": "rn-gunicorn-fastapi-test\"\n\n\ndef get_process_names(container: Container) -> List[str]:\n    top = container.top()\n    process_commands = [",
  "context_lines": "from docker.client import DockerClient\nfrom docker.errors import NotFound\nfrom docker.models.containers import Container\n\nCONTAINER_NAME = \"uvicorn-gunicorn-fastapi-test\"\n\n\ndef get_process_names(container: Container) -> List[str]:\n    top = container.top()\n    process_commands = [p[7] for p in top[\"Processes\"]]\n    gunicorn_processes = [p for p in process_commands if \"gunicorn\" in p]\n    return gunicorn_processes\n\n\n",
  "slicing": [
   "CONTAINER_NAME = \"uvicorn-gunicorn-fastapi-test\"\n",
   "def get_process_names(container: Container) -> List[str]:\n",
   "    top = container.top()\n",
   "    process_commands = [p[7] for p in top[\"Processes\"]]\n",
   "    gunicorn_processes = [p for p in process_commands if \"gunicorn\" in p]\n",
   "    return gunicorn_processes\n",
   "def get_gunicorn_conf_path(container: Container) -> str:\n",
   "    gunicorn_processes = get_process_names(container)\n",
   "    first_process = gunicorn_processes[0]\n",
   "    first_part, partition, last_part = first_process.partition(\"-c\")\n",
   "    gunicorn_conf = last_part.strip().split()[0]\n",
   "    return gunicorn_conf\n",
   "    gunicorn_conf = get_gunicorn_conf_path(container)\n",
   "    result = container.exec_run(f\"python {gunicorn_conf}\")\n",
   "    return json.loads(result.output.decode())\n",
   "        previous = client.containers.get(CONTAINER_NAME)\n",
   "        previous.stop()\n",
   "        previous.remove()\n",
   "    logs = container.logs()\n",
   "    return logs.decode(\"utf-8\")\n"
  ]
 },
 "41": {
  "name": "container",
  "type": "UNKNOWN",
  "class": "unknown",
  "approach": "annotation",
  "file_path": "uvicorn-gunicorn-fastapi-docker/tests/utils.py",
  "lineno": "19",
  "column": "27",
  "context": "n gunicorn_processes\n\n\ndef get_gunicorn_conf_path(container: Container) -> str:\n    gunicorn_processes = get_process_names(contain",
  "context_lines": "    top = container.top()\n    process_commands = [p[7] for p in top[\"Processes\"]]\n    gunicorn_processes = [p for p in process_commands if \"gunicorn\" in p]\n    return gunicorn_processes\n\n\ndef get_gunicorn_conf_path(container: Container) -> str:\n    gunicorn_processes = get_process_names(container)\n    first_process = gunicorn_processes[0]\n    first_part, partition, last_part = first_process.partition(\"-c\")\n    gunicorn_conf = last_part.strip().split()[0]\n",
  "slicing": [
   "CONTAINER_NAME = \"uvicorn-gunicorn-fastapi-test\"\n",
   "def get_process_names(container: Container) -> List[str]:\n",
   "    top = container.top()\n",
   "    process_commands = [p[7] for p in top[\"Processes\"]]\n",
   "    gunicorn_processes = [p for p in process_commands if \"gunicorn\" in p]\n",
   "    return gunicorn_processes\n",
   "def get_gunicorn_conf_path(container: Container) -> str:\n",
   "    gunicorn_processes = get_process_names(container)\n",
   "    first_process = gunicorn_processes[0]\n",
   "    first_part, partition, last_part = first_process.partition(\"-c\")\n",
   "    gunicorn_conf = last_part.strip().split()[0]\n",
   "    return gunicorn_conf\n",
   "    gunicorn_conf = get_gunicorn_conf_path(container)\n",
   "    result = container.exec_run(f\"python {gunicorn_conf}\")\n",
   "    return json.loads(result.output.decode())\n",
   "        previous = client.containers.get(CONTAINER_NAME)\n",
   "        previous.stop()\n",
   "        previous.remove()\n",
   "    logs = container.logs()\n",
   "    return logs.decode(\"utf-8\")\n"
  ]
 },
 "42": {
  "name": "container",
  "type": "UNKNOWN",
  "class": "unknown",
  "approach": "annotation",
  "file_path": "uvicorn-gunicorn-fastapi-docker/tests/utils.py",
  "lineno": "27",
  "column": "15",
  "context": "it()[0]\n    return gunicorn_conf\n\n\ndef get_config(container: Container) -> Dict[str, Any]:\n    gunicorn_conf = get_gunicorn_conf_path(contain",
  "context_lines": "    first_process = gunicorn_processes[0]\n    first_part, partition, last_part = first_process.partition(\"-c\")\n    gunicorn_conf = last_part.strip().split()[0]\n    return gunicorn_conf\n\n\ndef get_config(container: Container) -> Dict[str, Any]:\n    gunicorn_conf = get_gunicorn_conf_path(container)\n    result = container.exec_run(f\"python {gunicorn_conf}\")\n    return json.loads(result.output.decode())\n\n\ndef remove_previous_container(client: DockerClient) -> None:\n",
  "slicing": "def get_config(container: Container) -> Dict[str, Any]:\n"
 },
 "43": {
  "name": "client",
  "type": "UNKNOWN",
  "class": "unknown",
  "approach": "annotation",
  "file_path": "uvicorn-gunicorn-fastapi-docker/tests/utils.py",
  "lineno": "33",
  "column": "30",
  "context": ".output.decode())\n\n\ndef remove_previous_container(client: DockerClient) -> None:\n    try:\n        previous = client.containers.get(",
  "context_lines": "def get_config(container: Container) -> Dict[str, Any]:\n    gunicorn_conf = get_gunicorn_conf_path(container)\n    result = container.exec_run(f\"python {gunicorn_conf}\")\n    return json.loads(result.output.decode())\n\n\ndef remove_previous_container(client: DockerClient) -> None:\n    try:\n        previous = client.containers.get(CONTAINER_NAME)\n        previous.stop()\n        previous.remove()\n",
  "slicing": "def remove_previous_container(client: DockerClient) -> None:\n"
 },
 "44": {
  "name": "container",
  "type": "UNKNOWN",
  "class": "unknown",
  "approach": "annotation",
  "file_path": "uvicorn-gunicorn-fastapi-docker/tests/utils.py",
  "lineno": "42",
  "column": "13",
  "context": "cept NotFound:\n        return None\n\n\ndef get_logs(container: DockerClient) -> str:\n    logs = container.logs()\n    return logs.decode",
  "context_lines": "        previous.stop()\n        previous.remove()\n    except NotFound:\n        return None\n\n\ndef get_logs(container: DockerClient) -> str:\n    logs = container.logs()\n    return logs.decode(\"utf-8\")\n\n\ndef get_response_text1() -> str:\n    python_version = os.getenv(\"PYTHON_VERSION\")\n",
  "slicing": "def get_logs(container: DockerClient) -> str:\n"
 },
 "45": {
  "name": "container",
  "type": "UNKNOWN",
  "class": "unknown",
  "approach": "annotation",
  "file_path": "uvicorn-gunicorn-fastapi-docker/tests/test_01_main/test_defaults.py",
  "lineno": "19",
  "column": "21",
  "context": "client = docker.from_env()\n\n\ndef verify_container(container: DockerClient, response_text: str) -> None:\n    response = requests.get(\"http://127.0.0.1:8000",
  "context_lines": "    get_response_text1,\n    remove_previous_container,\n)\n\nclient = docker.from_env()\n\n\ndef verify_container(container: DockerClient, response_text: str) -> None:\n    response = requests.get(\"http://127.0.0.1:8000\")\n    data = response.json()\n    assert data[\"message\"] == response_text\n    config_data = get_config(container)\n",
  "slicing": [
   "def verify_container(container: DockerClient, response_text: str) -> None:\n",
   "    verify_container(container, response_text)\n",
   "    container.stop()\n",
   "    container.start()\n",
   "    verify_container(container, response_text)\n",
   "    container.stop()\n",
   "    container.remove()\n"
  ]
 },
 "46": {
  "name": "response_text",
  "type": "str",
  "class": "build-in",
  "approach": "annotation",
  "file_path": "uvicorn-gunicorn-fastapi-docker/tests/test_01_main/test_defaults.py",
  "lineno": "19",
  "column": "46",
  "context": ")\n\n\ndef verify_container(container: DockerClient, response_text: str) -> None:\n    response = requests.get(\"http://127.0.0.1:8000",
  "context_lines": "    get_response_text1,\n    remove_previous_container,\n)\n\nclient = docker.from_env()\n\n\ndef verify_container(container: DockerClient, response_text: str) -> None:\n    response = requests.get(\"http://127.0.0.1:8000\")\n    data = response.json()\n    assert data[\"message\"] == response_text\n    config_data = get_config(container)\n",
  "slicing": [
   "def verify_container(container: DockerClient, response_text: str) -> None:\n",
   "    verify_container(container, response_text)\n",
   "    verify_container(container, response_text)\n"
  ]
 }
}