{
 "1": {
  "name": "Job",
  "type": "collections.namedtuple",
  "class": "imported",
  "approach": "annotation",
  "file_path": "data-transform-prototype/src/transformer.py",
  "lineno": "10",
  "column": "0",
  "context": "_fields import RelatedMany, Related, RelatedSelf\n\nJob = namedtuple('Job', ['source', 'destination', 'schema'])\n\njobs = {}\n\n\ndef topological_sort_jobs(job_graph):",
  "context_lines": "from sqlalchemy.sql import select, insert\nfrom typing import Callable, List\n\nfrom .database import engine, meta\nfrom .custom_fields import RelatedMany, Related, RelatedSelf\n\nJob = namedtuple('Job', ['source', 'destination', 'schema'])\n\njobs = {}\n\n\ndef topological_sort_jobs(job_graph):\n    \"\"\"Generate a sorted list of jobs from a dependency graph\n\n",
  "slicing": [
   "Job = namedtuple('Job', ['source', 'destination', 'schema'])\n",
   "        job = Job(\n",
   "            'job': job,\n",
   "        source = Table(job.source, meta, autoload=True)\n",
   "        schema = job.schema()\n",
   "        for field_name, field in schema._declared_fields.items():\n",
   "            if isinstance(field, RelatedMany):\n",
   "                many_fields.append(field_name)\n",
   "            if isinstance(field, RelatedSelf):\n",
   "                self_fields.append(field_name)\n",
   "            result = c.execute(select([source]))\n",
   "            data = result.fetchall()\n",
   "            data = schema.load((dict(d) for d in data), many=True)\n",
   "            query = job.destination.insert()\n",
   "            c.execute(query, data)\n",
   "            for datum in data:\n",
   "                    bridge_job = datum[field_name]\n",
   "                    select_query = (select([job.destination.c.id, bridge_job.related.c.id])\n",
   "                        .where((job.destination.c.uuid == datum['uuid'])\n",
   "                            & (bridge_job.related.c.uuid.in_(bridge_job.uuids)) ))\n",
   "                    query = (bridge_job.bridge.insert().from_select(\n",
   "                        [bridge_job.source_column, bridge_job.destination_column], select_query))\n",
   "                    c.execute(query)\n",
   "                    related_uuid = datum[field_name]\n",
   "                    subquery = select([job.destination.c.id]).where(job.destination.c.uuid==related_uuid)\n",
   "                    values = { field_name: subquery.as_scalar() }\n",
   "                    query = (job.destination.update().values(**values)\n",
   "                        .where(job.destination.c.uuid == datum[\"uuid\"]))\n",
   "                    c.execute(query)\n"
  ]
 },
 "2": {
  "name": "jobs",
  "type": "dict",
  "class": "build-in",
  "approach": "annotation",
  "file_path": "data-transform-prototype/src/transformer.py",
  "lineno": "12",
  "column": "0",
  "context": "uple('Job', ['source', 'destination', 'schema'])\n\njobs = {}\n\n\ndef topological_sort_jobs(job_graph):\n    \"\"\"Gen",
  "context_lines": "from typing import Callable, List\n\nfrom .database import engine, meta\nfrom .custom_fields import RelatedMany, Related, RelatedSelf\n\nJob = namedtuple('Job', ['source', 'destination', 'schema'])\n\njobs = {}\n\n\ndef topological_sort_jobs(job_graph):\n    \"\"\"Generate a sorted list of jobs from a dependency graph\n\n    Node shape:\n",
  "slicing": [
   "jobs = {}\n",
   "        jobs[destination.name] = {\n",
   "    for job in topological_sort_jobs(jobs):\n",
   "        source = Table(job.source, meta, autoload=True)\n",
   "        schema = job.schema()\n",
   "        for field_name, field in schema._declared_fields.items():\n",
   "            if isinstance(field, RelatedMany):\n",
   "                many_fields.append(field_name)\n",
   "            if isinstance(field, RelatedSelf):\n",
   "                self_fields.append(field_name)\n",
   "            result = c.execute(select([source]))\n",
   "            data = result.fetchall()\n",
   "            data = schema.load((dict(d) for d in data), many=True)\n",
   "            query = job.destination.insert()\n",
   "            c.execute(query, data)\n",
   "            for datum in data:\n",
   "                    bridge_job = datum[field_name]\n",
   "                    select_query = (select([job.destination.c.id, bridge_job.related.c.id])\n",
   "                        .where((job.destination.c.uuid == datum['uuid'])\n",
   "                            & (bridge_job.related.c.uuid.in_(bridge_job.uuids)) ))\n",
   "                    query = (bridge_job.bridge.insert().from_select(\n",
   "                        [bridge_job.source_column, bridge_job.destination_column], select_query))\n",
   "                    c.execute(query)\n",
   "                    related_uuid = datum[field_name]\n",
   "                    subquery = select([job.destination.c.id]).where(job.destination.c.uuid==related_uuid)\n",
   "                    values = { field_name: subquery.as_scalar() }\n",
   "                    query = (job.destination.update().values(**values)\n",
   "                        .where(job.destination.c.uuid == datum[\"uuid\"]))\n",
   "                    c.execute(query)\n"
  ]
 },
 "3": {
  "name": "visited",
  "type": "collections.defaultdict",
  "class": "imported",
  "approach": "annotation",
  "file_path": "data-transform-prototype/src/transformer.py",
  "lineno": "24",
  "column": "4",
  "context": "     'job': ActualJobObject\n        }\n    \"\"\"\n    visited = defaultdict(bool)\n    visited_temp = defaultdict(bool)\n    job_list ",
  "context_lines": "            'dependencies': ['list of dependencies'] or None,\n            'job': ActualJobObject\n        }\n    \"\"\"\n    visited = defaultdict(bool)\n    visited_temp = defaultdict(bool)\n    job_list = []\n    \n    def search_dependencies(node, job_graph):\n        if visited[node]:\n",
  "slicing": [
   "    visited = defaultdict(bool)\n",
   "        if visited[node]:\n",
   "        visited[node] = True\n"
  ]
 },
 "4": {
  "name": "visited_temp",
  "type": "collections.defaultdict",
  "class": "imported",
  "approach": "annotation",
  "file_path": "data-transform-prototype/src/transformer.py",
  "lineno": "25",
  "column": "4",
  "context": "    }\n    \"\"\"\n    visited = defaultdict(bool)\n    visited_temp = defaultdict(bool)\n    job_list = []\n    \n    def search_dependencies",
  "context_lines": "            'job': ActualJobObject\n        }\n    \"\"\"\n    visited = defaultdict(bool)\n    visited_temp = defaultdict(bool)\n    job_list = []\n    \n    def search_dependencies(node, job_graph):\n        if visited[node]:\n            return\n",
  "slicing": [
   "    visited_temp = defaultdict(bool)\n",
   "        if visited_temp[node]:\n",
   "        visited_temp[node] = True\n"
  ]
 },
 "5": {
  "name": "job_list",
  "type": "list",
  "class": "build-in",
  "approach": "annotation",
  "file_path": "data-transform-prototype/src/transformer.py",
  "lineno": "26",
  "column": "4",
  "context": "ct(bool)\n    visited_temp = defaultdict(bool)\n    job_list = []\n    \n    def search_dependencies(node, job_graph):",
  "context_lines": "        }\n    \"\"\"\n    visited = defaultdict(bool)\n    visited_temp = defaultdict(bool)\n    job_list = []\n    \n    def search_dependencies(node, job_graph):\n        if visited[node]:\n            return\n",
  "slicing": [
   "    job_list = []\n",
   "        job_list.append(job)\n",
   "    return job_list\n"
  ]
 },
 "6": {
  "name": "dependencies",
  "type": "dict",
  "class": "build-in",
  "approach": "annotation",
  "file_path": "data-transform-prototype/src/transformer.py",
  "lineno": "33",
  "column": "8",
  "context": "       raise ValueError(\"Cycle detected\")\n        dependencies = job_graph[node]['dependencies']\n        job = job_graph[node]['job']\n        visit",
  "context_lines": "        if visited[node]:\n            return\n        if visited_temp[node]:\n            raise ValueError(\"Cycle detected\")\n        dependencies = job_graph[node]['dependencies']\n        job = job_graph[node]['job']\n        visited_temp[node] = True\n        if dependencies:\n            for dependency in dependencies:\n",
  "slicing": [
   "        dependencies = job_graph[node]['dependencies']\n",
   "        if dependencies:\n",
   "            for dependency in dependencies:\n",
   "                search_dependencies(dependency, job_graph)\n",
   "                dependencies.append(field.related.name)\n",
   "                dependencies.append(field.table.name)\n",
   "            'dependencies': dependencies or None\n"
  ]
 },
 "7": {
  "name": "job",
  "type": "dict",
  "class": "build-in",
  "approach": "annotation",
  "file_path": "data-transform-prototype/src/transformer.py",
  "lineno": "34",
  "column": "8",
  "context": "dencies = job_graph[node]['dependencies']\n        job = job_graph[node]['job']\n        visited_temp[node] = True\n        if depen",
  "context_lines": "            return\n        if visited_temp[node]:\n            raise ValueError(\"Cycle detected\")\n        dependencies = job_graph[node]['dependencies']\n        job = job_graph[node]['job']\n        visited_temp[node] = True\n        if dependencies:\n            for dependency in dependencies:\n                search_dependencies(dependency, job_graph)\n",
  "slicing": [
   "        job = job_graph[node]['job']\n",
   "        job_list.append(job)\n",
   "            'job': job,\n",
   "        source = Table(job.source, meta, autoload=True)\n",
   "        schema = job.schema()\n",
   "        for field_name, field in schema._declared_fields.items():\n",
   "            if isinstance(field, RelatedMany):\n",
   "                many_fields.append(field_name)\n",
   "            if isinstance(field, RelatedSelf):\n",
   "                self_fields.append(field_name)\n",
   "            result = c.execute(select([source]))\n",
   "            data = result.fetchall()\n",
   "            data = schema.load((dict(d) for d in data), many=True)\n",
   "            query = job.destination.insert()\n",
   "            c.execute(query, data)\n",
   "            for datum in data:\n",
   "                    bridge_job = datum[field_name]\n",
   "                    select_query = (select([job.destination.c.id, bridge_job.related.c.id])\n",
   "                        .where((job.destination.c.uuid == datum['uuid'])\n",
   "                            & (bridge_job.related.c.uuid.in_(bridge_job.uuids)) ))\n",
   "                    query = (bridge_job.bridge.insert().from_select(\n",
   "                        [bridge_job.source_column, bridge_job.destination_column], select_query))\n",
   "                    c.execute(query)\n",
   "                    related_uuid = datum[field_name]\n",
   "                    subquery = select([job.destination.c.id]).where(job.destination.c.uuid==related_uuid)\n",
   "                    values = { field_name: subquery.as_scalar() }\n",
   "                    query = (job.destination.update().values(**values)\n",
   "                        .where(job.destination.c.uuid == datum[\"uuid\"]))\n",
   "                    c.execute(query)\n"
  ]
 },
 "8": {
  "name": "job",
  "type": "UNKNOWN",
  "class": "unknown",
  "approach": "annotation",
  "file_path": "data-transform-prototype/src/transformer.py",
  "lineno": "50",
  "column": "8",
  "context": "    def _decorate(cls: Schema) -> Schema:\n        job = Job(\n            source=source,\n            destination",
  "context_lines": "        search_dependencies(node, job_graph)\n    \n    return job_list\n\n\ndef transformation(source: str, destination: Table) -> Callable[[Schema], Schema]:\n    def _decorate(cls: Schema) -> Schema:\n        job = Job(\n            source=source,\n            destination=destination,\n            schema=cls\n        )\n",
  "slicing": [
   "        job = Job(\n",
   "            'job': job,\n",
   "        source = Table(job.source, meta, autoload=True)\n",
   "        schema = job.schema()\n",
   "        for field_name, field in schema._declared_fields.items():\n",
   "            if isinstance(field, RelatedMany):\n",
   "                many_fields.append(field_name)\n",
   "            if isinstance(field, RelatedSelf):\n",
   "                self_fields.append(field_name)\n",
   "            result = c.execute(select([source]))\n",
   "            data = result.fetchall()\n",
   "            data = schema.load((dict(d) for d in data), many=True)\n",
   "            query = job.destination.insert()\n",
   "            c.execute(query, data)\n",
   "            for datum in data:\n",
   "                    bridge_job = datum[field_name]\n",
   "                    select_query = (select([job.destination.c.id, bridge_job.related.c.id])\n",
   "                        .where((job.destination.c.uuid == datum['uuid'])\n",
   "                            & (bridge_job.related.c.uuid.in_(bridge_job.uuids)) ))\n",
   "                    query = (bridge_job.bridge.insert().from_select(\n",
   "                        [bridge_job.source_column, bridge_job.destination_column], select_query))\n",
   "                    c.execute(query)\n",
   "                    related_uuid = datum[field_name]\n",
   "                    subquery = select([job.destination.c.id]).where(job.destination.c.uuid==related_uuid)\n",
   "                    values = { field_name: subquery.as_scalar() }\n",
   "                    query = (job.destination.update().values(**values)\n",
   "                        .where(job.destination.c.uuid == datum[\"uuid\"]))\n",
   "                    c.execute(query)\n"
  ]
 },
 "9": {
  "name": "dependencies",
  "type": "list",
  "class": "build-in",
  "approach": "annotation",
  "file_path": "data-transform-prototype/src/transformer.py",
  "lineno": "55",
  "column": "8",
  "context": "ination,\n            schema=cls\n        )\n        dependencies = []\n        for field_name, field in cls._declared_fie",
  "context_lines": "            source=source,\n            destination=destination,\n            schema=cls\n        )\n        dependencies = []\n        for field_name, field in cls._declared_fields.items():\n            if isinstance(field, RelatedMany):\n                dependencies.append(field.related.name)\n            \n            if isinstance(field, Related):\n",
  "slicing": [
   "        dependencies = []\n",
   "                dependencies.append(field.related.name)\n",
   "                dependencies.append(field.table.name)\n",
   "            'dependencies': dependencies or None\n"
  ]
 },
 "10": {
  "name": "source",
  "type": "sqlalchemy.Table",
  "class": "imported",
  "approach": "annotation",
  "file_path": "data-transform-prototype/src/transformer.py",
  "lineno": "75",
  "column": "8",
  "context": "  for job in topological_sort_jobs(jobs):\n        source = Table(job.source, meta, autoload=True)\n        schema = job.schema()\n        many_fields ",
  "context_lines": "    return _decorate\n\n\ndef run() -> None:\n    # sort jobs here\n    for job in topological_sort_jobs(jobs):\n        source = Table(job.source, meta, autoload=True)\n        schema = job.schema()\n        many_fields = []\n        self_fields = []\n        for field_name, field in schema._declared_fields.items():\n",
  "slicing": [
   "        source = Table(job.source, meta, autoload=True)\n",
   "            result = c.execute(select([source]))\n",
   "            data = result.fetchall()\n",
   "            data = schema.load((dict(d) for d in data), many=True)\n",
   "            c.execute(query, data)\n",
   "            for datum in data:\n",
   "                    bridge_job = datum[field_name]\n",
   "                    select_query = (select([job.destination.c.id, bridge_job.related.c.id])\n",
   "                        .where((job.destination.c.uuid == datum['uuid'])\n",
   "                            & (bridge_job.related.c.uuid.in_(bridge_job.uuids)) ))\n",
   "                    query = (bridge_job.bridge.insert().from_select(\n",
   "                        [bridge_job.source_column, bridge_job.destination_column], select_query))\n",
   "                    c.execute(query)\n",
   "                    related_uuid = datum[field_name]\n",
   "                    subquery = select([job.destination.c.id]).where(job.destination.c.uuid==related_uuid)\n",
   "                    values = { field_name: subquery.as_scalar() }\n",
   "                    query = (job.destination.update().values(**values)\n",
   "                        .where(job.destination.c.uuid == datum[\"uuid\"]))\n",
   "                    c.execute(query)\n"
  ]
 },
 "11": {
  "name": "schema",
  "type": "UNKNOWN",
  "class": "unknown",
  "approach": "Pysonar2",
  "file_path": "data-transform-prototype/src/transformer.py",
  "lineno": "76",
  "column": "8",
  "context": " = Table(job.source, meta, autoload=True)\n        schema = job.schema()\n        many_fields = []\n        self_fields = []\n",
  "context_lines": "def run() -> None:\n    # sort jobs here\n    for job in topological_sort_jobs(jobs):\n        source = Table(job.source, meta, autoload=True)\n        schema = job.schema()\n        many_fields = []\n        self_fields = []\n        for field_name, field in schema._declared_fields.items():\n            if isinstance(field, RelatedMany):\n",
  "slicing": [
   "        schema = job.schema()\n",
   "        for field_name, field in schema._declared_fields.items():\n",
   "            if isinstance(field, RelatedMany):\n",
   "                many_fields.append(field_name)\n",
   "            if isinstance(field, RelatedSelf):\n",
   "                self_fields.append(field_name)\n",
   "            data = schema.load((dict(d) for d in data), many=True)\n",
   "            c.execute(query, data)\n",
   "            for datum in data:\n",
   "                    bridge_job = datum[field_name]\n",
   "                    select_query = (select([job.destination.c.id, bridge_job.related.c.id])\n",
   "                        .where((job.destination.c.uuid == datum['uuid'])\n",
   "                            & (bridge_job.related.c.uuid.in_(bridge_job.uuids)) ))\n",
   "                    query = (bridge_job.bridge.insert().from_select(\n",
   "                        [bridge_job.source_column, bridge_job.destination_column], select_query))\n",
   "                    c.execute(query)\n",
   "                    related_uuid = datum[field_name]\n",
   "                    subquery = select([job.destination.c.id]).where(job.destination.c.uuid==related_uuid)\n",
   "                    values = { field_name: subquery.as_scalar() }\n",
   "                    query = (job.destination.update().values(**values)\n",
   "                        .where(job.destination.c.uuid == datum[\"uuid\"]))\n",
   "                    c.execute(query)\n"
  ]
 },
 "12": {
  "name": "many_fields",
  "type": "list",
  "class": "build-in",
  "approach": "annotation",
  "file_path": "data-transform-prototype/src/transformer.py",
  "lineno": "77",
  "column": "8",
  "context": "oload=True)\n        schema = job.schema()\n        many_fields = []\n        self_fields = []\n        for field_name, f",
  "context_lines": "    # sort jobs here\n    for job in topological_sort_jobs(jobs):\n        source = Table(job.source, meta, autoload=True)\n        schema = job.schema()\n        many_fields = []\n        self_fields = []\n        for field_name, field in schema._declared_fields.items():\n            if isinstance(field, RelatedMany):\n                many_fields.append(field_name)\n",
  "slicing": [
   "        many_fields = []\n",
   "                many_fields.append(field_name)\n",
   "                for field_name in many_fields:\n",
   "                    bridge_job = datum[field_name]\n",
   "                    select_query = (select([job.destination.c.id, bridge_job.related.c.id])\n",
   "                            & (bridge_job.related.c.uuid.in_(bridge_job.uuids)) ))\n",
   "                    query = (bridge_job.bridge.insert().from_select(\n",
   "                        [bridge_job.source_column, bridge_job.destination_column], select_query))\n",
   "                    c.execute(query)\n",
   "                    related_uuid = datum[field_name]\n",
   "                    subquery = select([job.destination.c.id]).where(job.destination.c.uuid==related_uuid)\n",
   "                    values = { field_name: subquery.as_scalar() }\n",
   "                    query = (job.destination.update().values(**values)\n",
   "                    c.execute(query)\n"
  ]
 },
 "13": {
  "name": "self_fields",
  "type": "list",
  "class": "build-in",
  "approach": "annotation",
  "file_path": "data-transform-prototype/src/transformer.py",
  "lineno": "78",
  "column": "8",
  "context": "a = job.schema()\n        many_fields = []\n        self_fields = []\n        for field_name, field in schema._declared_",
  "context_lines": "    for job in topological_sort_jobs(jobs):\n        source = Table(job.source, meta, autoload=True)\n        schema = job.schema()\n        many_fields = []\n        self_fields = []\n        for field_name, field in schema._declared_fields.items():\n            if isinstance(field, RelatedMany):\n                many_fields.append(field_name)\n            if isinstance(field, RelatedSelf):\n",
  "slicing": [
   "        self_fields = []\n",
   "                self_fields.append(field_name)\n",
   "                for field_name in self_fields:\n",
   "                    related_uuid = datum[field_name]\n",
   "                    subquery = select([job.destination.c.id]).where(job.destination.c.uuid==related_uuid)\n",
   "                    values = { field_name: subquery.as_scalar() }\n",
   "                    query = (job.destination.update().values(**values)\n",
   "                    c.execute(query)\n"
  ]
 },
 "14": {
  "name": "result",
  "type": "UNKNOWN",
  "class": "unknown",
  "approach": "Pysonar2",
  "file_path": "data-transform-prototype/src/transformer.py",
  "lineno": "86",
  "column": "12",
  "context": "\n\n        with engine.connect() as c:\n            result = c.execute(select([source]))\n            data = result.fetchall()\n            d",
  "context_lines": "                many_fields.append(field_name)\n            if isinstance(field, RelatedSelf):\n                self_fields.append(field_name)\n\n        with engine.connect() as c:\n            result = c.execute(select([source]))\n            data = result.fetchall()\n            data = schema.load((dict(d) for d in data), many=True)\n            query = job.destination.insert()\n            c.execute(query, data)\n",
  "slicing": [
   "            result = c.execute(select([source]))\n",
   "            data = result.fetchall()\n",
   "            data = schema.load((dict(d) for d in data), many=True)\n",
   "            c.execute(query, data)\n",
   "            for datum in data:\n",
   "                    bridge_job = datum[field_name]\n",
   "                    select_query = (select([job.destination.c.id, bridge_job.related.c.id])\n",
   "                        .where((job.destination.c.uuid == datum['uuid'])\n",
   "                            & (bridge_job.related.c.uuid.in_(bridge_job.uuids)) ))\n",
   "                    query = (bridge_job.bridge.insert().from_select(\n",
   "                        [bridge_job.source_column, bridge_job.destination_column], select_query))\n",
   "                    c.execute(query)\n",
   "                    related_uuid = datum[field_name]\n",
   "                    subquery = select([job.destination.c.id]).where(job.destination.c.uuid==related_uuid)\n",
   "                    values = { field_name: subquery.as_scalar() }\n",
   "                    query = (job.destination.update().values(**values)\n",
   "                        .where(job.destination.c.uuid == datum[\"uuid\"]))\n",
   "                    c.execute(query)\n"
  ]
 },
 "15": {
  "name": "data",
  "type": "UNKNOWN",
  "class": "unknown",
  "approach": "Pysonar2",
  "file_path": "data-transform-prototype/src/transformer.py",
  "lineno": "87",
  "column": "12",
  "context": " result = c.execute(select([source]))\n            data = result.fetchall()\n            data = schema.load((dict(d) for d in d",
  "context_lines": "            if isinstance(field, RelatedSelf):\n                self_fields.append(field_name)\n\n        with engine.connect() as c:\n            result = c.execute(select([source]))\n            data = result.fetchall()\n            data = schema.load((dict(d) for d in data), many=True)\n            query = job.destination.insert()\n            c.execute(query, data)\n            for datum in data:\n",
  "slicing": [
   "            data = result.fetchall()\n",
   "            data = schema.load((dict(d) for d in data), many=True)\n",
   "            c.execute(query, data)\n",
   "            for datum in data:\n",
   "                    bridge_job = datum[field_name]\n",
   "                    select_query = (select([job.destination.c.id, bridge_job.related.c.id])\n",
   "                        .where((job.destination.c.uuid == datum['uuid'])\n",
   "                            & (bridge_job.related.c.uuid.in_(bridge_job.uuids)) ))\n",
   "                    query = (bridge_job.bridge.insert().from_select(\n",
   "                        [bridge_job.source_column, bridge_job.destination_column], select_query))\n",
   "                    c.execute(query)\n",
   "                    related_uuid = datum[field_name]\n",
   "                    subquery = select([job.destination.c.id]).where(job.destination.c.uuid==related_uuid)\n",
   "                    values = { field_name: subquery.as_scalar() }\n",
   "                    query = (job.destination.update().values(**values)\n",
   "                        .where(job.destination.c.uuid == datum[\"uuid\"]))\n",
   "                    c.execute(query)\n"
  ]
 },
 "16": {
  "name": "data",
  "type": "UNKNOWN",
  "class": "unknown",
  "approach": "Pysonar2",
  "file_path": "data-transform-prototype/src/transformer.py",
  "lineno": "88",
  "column": "12",
  "context": "\n            data = result.fetchall()\n            data = schema.load((dict(d) for d in data), many=True)\n            query = job.destination.insert()\n     ",
  "context_lines": "                self_fields.append(field_name)\n\n        with engine.connect() as c:\n            result = c.execute(select([source]))\n            data = result.fetchall()\n            data = schema.load((dict(d) for d in data), many=True)\n            query = job.destination.insert()\n            c.execute(query, data)\n            for datum in data:\n                # handle many to many relationships\n",
  "slicing": [
   "            data = schema.load((dict(d) for d in data), many=True)\n",
   "            c.execute(query, data)\n",
   "            for datum in data:\n",
   "                    bridge_job = datum[field_name]\n",
   "                    select_query = (select([job.destination.c.id, bridge_job.related.c.id])\n",
   "                        .where((job.destination.c.uuid == datum['uuid'])\n",
   "                            & (bridge_job.related.c.uuid.in_(bridge_job.uuids)) ))\n",
   "                    query = (bridge_job.bridge.insert().from_select(\n",
   "                        [bridge_job.source_column, bridge_job.destination_column], select_query))\n",
   "                    c.execute(query)\n",
   "                    related_uuid = datum[field_name]\n",
   "                    subquery = select([job.destination.c.id]).where(job.destination.c.uuid==related_uuid)\n",
   "                    values = { field_name: subquery.as_scalar() }\n",
   "                    query = (job.destination.update().values(**values)\n",
   "                        .where(job.destination.c.uuid == datum[\"uuid\"]))\n",
   "                    c.execute(query)\n"
  ]
 },
 "17": {
  "name": "query",
  "type": "UNKNOWN",
  "class": "unknown",
  "approach": "Pysonar2",
  "file_path": "data-transform-prototype/src/transformer.py",
  "lineno": "89",
  "column": "12",
  "context": "d((dict(d) for d in data), many=True)\n            query = job.destination.insert()\n            c.execute(query, data)\n            for",
  "context_lines": "        with engine.connect() as c:\n            result = c.execute(select([source]))\n            data = result.fetchall()\n            data = schema.load((dict(d) for d in data), many=True)\n            query = job.destination.insert()\n            c.execute(query, data)\n            for datum in data:\n                # handle many to many relationships\n                for field_name in many_fields:\n",
  "slicing": [
   "            query = job.destination.insert()\n",
   "            c.execute(query, data)\n",
   "                    c.execute(query)\n",
   "                    c.execute(query)\n"
  ]
 },
 "18": {
  "name": "bridge_job",
  "type": "dict",
  "class": "build-in",
  "approach": "annotation",
  "file_path": "data-transform-prototype/src/transformer.py",
  "lineno": "94",
  "column": "20",
  "context": "or field_name in many_fields:\n                    bridge_job = datum[field_name]\n                    select_query = (select([job.de",
  "context_lines": "            c.execute(query, data)\n            for datum in data:\n                # handle many to many relationships\n                for field_name in many_fields:\n                    bridge_job = datum[field_name]\n                    select_query = (select([job.destination.c.id, bridge_job.related.c.id])\n                        .where((job.destination.c.uuid == datum['uuid'])\n                            & (bridge_job.related.c.uuid.in_(bridge_job.uuids)) ))\n                    query = (bridge_job.bridge.insert().from_select(\n",
  "slicing": [
   "                    bridge_job = datum[field_name]\n",
   "                    select_query = (select([job.destination.c.id, bridge_job.related.c.id])\n",
   "                            & (bridge_job.related.c.uuid.in_(bridge_job.uuids)) ))\n",
   "                    query = (bridge_job.bridge.insert().from_select(\n",
   "                        [bridge_job.source_column, bridge_job.destination_column], select_query))\n",
   "                    c.execute(query)\n",
   "                    c.execute(query)\n"
  ]
 },
 "19": {
  "name": "select_query",
  "type": "UNKNOWN",
  "class": "unknown",
  "approach": "Pysonar2",
  "file_path": "data-transform-prototype/src/transformer.py",
  "lineno": "95",
  "column": "20",
  "context": "ridge_job = datum[field_name]\n                    select_query = (select([job.destination.c.id, bridge_job.related.c.id])\n                        .where((job.destination.c.",
  "context_lines": "            for datum in data:\n                # handle many to many relationships\n                for field_name in many_fields:\n                    bridge_job = datum[field_name]\n                    select_query = (select([job.destination.c.id, bridge_job.related.c.id])\n                        .where((job.destination.c.uuid == datum['uuid'])\n                            & (bridge_job.related.c.uuid.in_(bridge_job.uuids)) ))\n                    query = (bridge_job.bridge.insert().from_select(\n                        [bridge_job.source_column, bridge_job.destination_column], select_query))\n                        \n",
  "slicing": [
   "                    select_query = (select([job.destination.c.id, bridge_job.related.c.id])\n",
   "                        [bridge_job.source_column, bridge_job.destination_column], select_query))\n"
  ]
 },
 "20": {
  "name": "query",
  "type": "UNKNOWN",
  "class": "unknown",
  "approach": "Pysonar2",
  "file_path": "data-transform-prototype/src/transformer.py",
  "lineno": "98",
  "column": "20",
  "context": "uid.in_(bridge_job.uuids)) ))\n                    query = (bridge_job.bridge.insert().from_select(\n                        [bridge_job.source_column,",
  "context_lines": "                    bridge_job = datum[field_name]\n                    select_query = (select([job.destination.c.id, bridge_job.related.c.id])\n                        .where((job.destination.c.uuid == datum['uuid'])\n                            & (bridge_job.related.c.uuid.in_(bridge_job.uuids)) ))\n                    query = (bridge_job.bridge.insert().from_select(\n                        [bridge_job.source_column, bridge_job.destination_column], select_query))\n                        \n                    c.execute(query)\n                # handle self referential relationships\n                for field_name in self_fields:\n",
  "slicing": [
   "                    query = (bridge_job.bridge.insert().from_select(\n",
   "                    c.execute(query)\n",
   "                    c.execute(query)\n"
  ]
 },
 "21": {
  "name": "related_uuid",
  "type": "dict",
  "class": "build-in",
  "approach": "annotation",
  "file_path": "data-transform-prototype/src/transformer.py",
  "lineno": "104",
  "column": "20",
  "context": "or field_name in self_fields:\n                    related_uuid = datum[field_name]\n                    subquery = select([job.destina",
  "context_lines": "                        [bridge_job.source_column, bridge_job.destination_column], select_query))\n                        \n                    c.execute(query)\n                # handle self referential relationships\n                for field_name in self_fields:\n                    related_uuid = datum[field_name]\n                    subquery = select([job.destination.c.id]).where(job.destination.c.uuid==related_uuid)\n                    values = { field_name: subquery.as_scalar() }\n                    query = (job.destination.update().values(**values)\n                        .where(job.destination.c.uuid == datum[\"uuid\"]))\n",
  "slicing": [
   "                    related_uuid = datum[field_name]\n",
   "                    subquery = select([job.destination.c.id]).where(job.destination.c.uuid==related_uuid)\n",
   "                    values = { field_name: subquery.as_scalar() }\n",
   "                    query = (job.destination.update().values(**values)\n",
   "                    c.execute(query)\n"
  ]
 },
 "22": {
  "name": "subquery",
  "type": "UNKNOWN",
  "class": "unknown",
  "approach": "Pysonar2",
  "file_path": "data-transform-prototype/src/transformer.py",
  "lineno": "105",
  "column": "20",
  "context": "ated_uuid = datum[field_name]\n                    subquery = select([job.destination.c.id]).where(job.destination.c.uuid==related_uuid)\n                    values = { field_name: subquer",
  "context_lines": "                    c.execute(query)\n                # handle self referential relationships\n                for field_name in self_fields:\n                    related_uuid = datum[field_name]\n                    subquery = select([job.destination.c.id]).where(job.destination.c.uuid==related_uuid)\n                    values = { field_name: subquery.as_scalar() }\n                    query = (job.destination.update().values(**values)\n                        .where(job.destination.c.uuid == datum[\"uuid\"]))\n",
  "slicing": [
   "                    subquery = select([job.destination.c.id]).where(job.destination.c.uuid==related_uuid)\n",
   "                    values = { field_name: subquery.as_scalar() }\n",
   "                    query = (job.destination.update().values(**values)\n",
   "                    c.execute(query)\n"
  ]
 },
 "23": {
  "name": "values",
  "type": "dict",
  "class": "build-in",
  "approach": "annotation",
  "file_path": "data-transform-prototype/src/transformer.py",
  "lineno": "106",
  "column": "20",
  "context": "ination.c.uuid==related_uuid)\n                    values = { field_name: subquery.as_scalar() }\n                    query = (job.destination.updat",
  "context_lines": "                # handle self referential relationships\n                for field_name in self_fields:\n                    related_uuid = datum[field_name]\n                    subquery = select([job.destination.c.id]).where(job.destination.c.uuid==related_uuid)\n                    values = { field_name: subquery.as_scalar() }\n                    query = (job.destination.update().values(**values)\n                        .where(job.destination.c.uuid == datum[\"uuid\"]))\n",
  "slicing": [
   "                    values = { field_name: subquery.as_scalar() }\n",
   "                    query = (job.destination.update().values(**values)\n",
   "                    c.execute(query)\n"
  ]
 },
 "24": {
  "name": "query",
  "type": "UNKNOWN",
  "class": "unknown",
  "approach": "Pysonar2",
  "file_path": "data-transform-prototype/src/transformer.py",
  "lineno": "107",
  "column": "20",
  "context": "_name: subquery.as_scalar() }\n                    query = (job.destination.update().values(**values)\n                        .where(job.destination.c.u",
  "context_lines": "                for field_name in self_fields:\n                    related_uuid = datum[field_name]\n                    subquery = select([job.destination.c.id]).where(job.destination.c.uuid==related_uuid)\n                    values = { field_name: subquery.as_scalar() }\n                    query = (job.destination.update().values(**values)\n                        .where(job.destination.c.uuid == datum[\"uuid\"]))\n",
  "slicing": [
   "                    query = (job.destination.update().values(**values)\n",
   "                    c.execute(query)\n"
  ]
 },
 "25": {
  "name": "query",
  "type": "UNKNOWN",
  "class": "unknown",
  "approach": "Pysonar2",
  "file_path": "data-transform-prototype/src/custom_fields.py",
  "lineno": "17",
  "column": "8",
  "context": "alize(self, value, attr, data, **kwargs):\n        query = select([self.table.c.id]).where(\n            self.table.c.uuid == value)\n        wi",
  "context_lines": "        self.table = table\n\n    def __repr__(self):\n        return \"Related\"\n\n    def _deserialize(self, value, attr, data, **kwargs):\n        query = select([self.table.c.id]).where(\n            self.table.c.uuid == value)\n        with database.engine.connect() as c:\n            result = c.execute(query)\n            return result.fetchone().id\n\n\n",
  "slicing": [
   "        query = select([self.table.c.id]).where(\n",
   "            result = c.execute(query)\n",
   "            return result.fetchone().id\n"
  ]
 },
 "26": {
  "name": "result",
  "type": "UNKNOWN",
  "class": "unknown",
  "approach": "Pysonar2",
  "file_path": "data-transform-prototype/src/custom_fields.py",
  "lineno": "20",
  "column": "12",
  "context": " with database.engine.connect() as c:\n            result = c.execute(query)\n            return result.fetchone().id\n\n\nclass Re",
  "context_lines": "    def _deserialize(self, value, attr, data, **kwargs):\n        query = select([self.table.c.id]).where(\n            self.table.c.uuid == value)\n        with database.engine.connect() as c:\n            result = c.execute(query)\n            return result.fetchone().id\n\n\nclass RelatedMany(fields.Field):\n    def __init__(self, related: Table, bridge: Table, source_column: str, destination_column: str):\n        super().__init__()\n",
  "slicing": [
   "            result = c.execute(query)\n",
   "            return result.fetchone().id\n"
  ]
 },
 "27": {
  "name": "RelatedJob",
  "type": "collections.namedtuple",
  "class": "imported",
  "approach": "annotation",
  "file_path": "data-transform-prototype/src/custom_fields.py",
  "lineno": "43",
  "column": "0",
  "context": "umn)\n\nclass RelatedSelf(fields.Field):\n    pass\n\n\nRelatedJob = namedtuple('RelatedJob', ['related', 'bridge', 'uuids', 'source_column', 'destination_column'])",
  "context_lines": "        return RelatedJob(related=self.related, bridge=self.bridge, uuids=value,\n            source_column=self.source_column, destination_column=self.destination_column)\n\nclass RelatedSelf(fields.Field):\n    pass\n\n\nRelatedJob = namedtuple('RelatedJob', ['related', 'bridge', 'uuids', 'source_column', 'destination_column'])",
  "slicing": "RelatedJob = namedtuple('RelatedJob', ['related', 'bridge', 'uuids', 'source_column', 'destination_column'])\n"
 },
 "28": {
  "name": "engine",
  "type": "sqlalchemy.create_engine",
  "class": "imported",
  "approach": "annotation",
  "file_path": "data-transform-prototype/src/database.py",
  "lineno": "4",
  "column": "0",
  "context": "Data, Table, Column, Integer, String, ForeignKey\n\nengine = create_engine(\"sqlite:///test.db\")\nmeta = MetaData(bind=engine)\n\nquizzes = Table('qui",
  "context_lines": "import os\nfrom sqlalchemy import create_engine, MetaData, Table, Column, Integer, String, ForeignKey\n\nengine = create_engine(\"sqlite:///test.db\")\nmeta = MetaData(bind=engine)\n\nquizzes = Table('quizzes', meta,\n    Column('id', Integer, primary_key=True),\n    Column('uuid', String),\n",
  "slicing": [
   "engine = create_engine(\"sqlite:///test.db\")\n",
   "meta = MetaData(bind=engine)\n",
   "quizzes = Table('quizzes', meta,\n",
   "questions = Table('questions', meta,\n",
   "subjects = Table('subjects', meta,\n",
   "question_subjects = Table('question_subjects', meta,\n",
   "    meta.create_all()\n"
  ]
 },
 "29": {
  "name": "meta",
  "type": "sqlalchemy.MetaData",
  "class": "imported",
  "approach": "annotation",
  "file_path": "data-transform-prototype/src/database.py",
  "lineno": "5",
  "column": "0",
  "context": "nKey\n\nengine = create_engine(\"sqlite:///test.db\")\nmeta = MetaData(bind=engine)\n\nquizzes = Table('quizzes', meta,\n    Column('id',",
  "context_lines": "import os\nfrom sqlalchemy import create_engine, MetaData, Table, Column, Integer, String, ForeignKey\n\nengine = create_engine(\"sqlite:///test.db\")\nmeta = MetaData(bind=engine)\n\nquizzes = Table('quizzes', meta,\n    Column('id', Integer, primary_key=True),\n    Column('uuid', String),\n",
  "slicing": [
   "meta = MetaData(bind=engine)\n",
   "quizzes = Table('quizzes', meta,\n",
   "questions = Table('questions', meta,\n",
   "subjects = Table('subjects', meta,\n",
   "question_subjects = Table('question_subjects', meta,\n",
   "    meta.create_all()\n"
  ]
 },
 "30": {
  "name": "quizzes",
  "type": "sqlalchemy.Table",
  "class": "imported",
  "approach": "annotation",
  "file_path": "data-transform-prototype/src/database.py",
  "lineno": "7",
  "column": "0",
  "context": "sqlite:///test.db\")\nmeta = MetaData(bind=engine)\n\nquizzes = Table('quizzes', meta,\n    Column('id', Integer, primary_key=True),\n    C",
  "context_lines": "import os\nfrom sqlalchemy import create_engine, MetaData, Table, Column, Integer, String, ForeignKey\n\nengine = create_engine(\"sqlite:///test.db\")\nmeta = MetaData(bind=engine)\n\nquizzes = Table('quizzes', meta,\n    Column('id', Integer, primary_key=True),\n    Column('uuid', String),\n    Column('slug', String),\n    Column('name', String),\n",
  "slicing": "quizzes = Table('quizzes', meta,\n"
 },
 "31": {
  "name": "questions",
  "type": "sqlalchemy.Table",
  "class": "imported",
  "approach": "annotation",
  "file_path": "data-transform-prototype/src/database.py",
  "lineno": "14",
  "column": "0",
  "context": "n('slug', String),\n    Column('name', String),\n)\n\nquestions = Table('questions', meta,\n    Column('id', Integer, primary_key=True),\n    C",
  "context_lines": "    Column('uuid', String),\n    Column('slug', String),\n    Column('name', String),\n)\n\nquestions = Table('questions', meta,\n    Column('id', Integer, primary_key=True),\n    Column('quiz_id', None, ForeignKey('quizzes.id')),\n    Column('uuid', String),\n    Column('stem', String),\n",
  "slicing": "questions = Table('questions', meta,\n"
 },
 "32": {
  "name": "subjects",
  "type": "sqlalchemy.Table",
  "class": "imported",
  "approach": "annotation",
  "file_path": "data-transform-prototype/src/database.py",
  "lineno": "24",
  "column": "0",
  "context": "', String),\n    Column('distractor2', String),\n)\n\nsubjects = Table('subjects', meta,\n    Column('id', Integer, primary_key=True),\n    C",
  "context_lines": "    Column('answer', String),\n    Column('distractor1', String),\n    Column('distractor2', String),\n)\n\nsubjects = Table('subjects', meta,\n    Column('id', Integer, primary_key=True),\n    Column('uuid', String),\n    Column('name', String),\n    Column('parent_id', Integer)\n",
  "slicing": "subjects = Table('subjects', meta,\n"
 },
 "33": {
  "name": "question_subjects",
  "type": "sqlalchemy.Table",
  "class": "imported",
  "approach": "annotation",
  "file_path": "data-transform-prototype/src/database.py",
  "lineno": "31",
  "column": "0",
  "context": "me', String),\n    Column('parent_id', Integer)\n)\n\nquestion_subjects = Table('question_subjects', meta,\n    Column('question_id', None, ForeignKey('questi",
  "context_lines": "    Column('uuid', String),\n    Column('name', String),\n    Column('parent_id', Integer)\n)\n\nquestion_subjects = Table('question_subjects', meta,\n    Column('question_id', None, ForeignKey('questions.id')),\n    Column('subject_id', None, ForeignKey('subjects.id'))\n)\n\n\ndef init_database():\n",
  "slicing": "question_subjects = Table('question_subjects', meta,\n"
 },
 "34": {
  "name": "expected",
  "type": "dict",
  "class": "build-in",
  "approach": "annotation",
  "file_path": "data-transform-prototype/src/transform_quizzes_test.py",
  "lineno": "10",
  "column": "4",
  "context": "ort QuizSchema\n\n\ndef test_quiz_schema_load():\n    expected = {\n        'uuid': 'd6b31381-5669-4eb6-a2cf-3bf5dff63",
  "context_lines": "from .database import init_database, quizzes, engine, subjects, questions, question_subjects\nfrom .transformer import run\nfrom .transform_quizzes import QuizSchema\n\n\ndef test_quiz_schema_load():\n    expected = {\n        'uuid': 'd6b31381-5669-4eb6-a2cf-3bf5dff63980',\n        'name': 'Advanced Rocket Science',\n        'slug': 'advanced-rocket-science'\n    }\n\n",
  "slicing": [
   "    expected = {\n",
   "    assert actual == expected\n"
  ]
 },
 "35": {
  "name": "raw",
  "type": "dict",
  "class": "build-in",
  "approach": "annotation",
  "file_path": "data-transform-prototype/src/transform_quizzes_test.py",
  "lineno": "16",
  "column": "4",
  "context": "     'slug': 'advanced-rocket-science'\n    }\n\n    raw = {\n        'id': 'd6b31381-5669-4eb6-a2cf-3bf5dff6398",
  "context_lines": "        'uuid': 'd6b31381-5669-4eb6-a2cf-3bf5dff63980',\n        'name': 'Advanced Rocket Science',\n        'slug': 'advanced-rocket-science'\n    }\n\n    raw = {\n        'id': 'd6b31381-5669-4eb6-a2cf-3bf5dff63980',\n        'name': \"Advanced Rocket Science\"\n    }\n    schema = QuizSchema()\n",
  "slicing": [
   "    raw = {\n",
   "    actual = schema.load(raw)\n",
   "    assert actual == expected\n"
  ]
 },
 "36": {
  "name": "schema",
  "type": "transform_quizzes.QuizSchema",
  "class": "customized",
  "approach": "annotation",
  "file_path": "data-transform-prototype/src/transform_quizzes_test.py",
  "lineno": "20",
  "column": "4",
  "context": "      'name': \"Advanced Rocket Science\"\n    }\n    schema = QuizSchema()\n    actual = schema.load(raw)\n    assert actual ==",
  "context_lines": "    raw = {\n        'id': 'd6b31381-5669-4eb6-a2cf-3bf5dff63980',\n        'name': \"Advanced Rocket Science\"\n    }\n    schema = QuizSchema()\n    actual = schema.load(raw)\n    assert actual == expected\n\n\ndef test_transform_raw_data():\n    init_database()\n",
  "slicing": [
   "    schema = QuizSchema()\n",
   "    actual = schema.load(raw)\n",
   "    assert actual == expected\n"
  ]
 },
 "37": {
  "name": "actual",
  "type": "UNKNOWN",
  "class": "unknown",
  "approach": "Pysonar2",
  "file_path": "data-transform-prototype/src/transform_quizzes_test.py",
  "lineno": "21",
  "column": "4",
  "context": "cket Science\"\n    }\n    schema = QuizSchema()\n    actual = schema.load(raw)\n    assert actual == expected\n\n\ndef test_transform",
  "context_lines": "        'id': 'd6b31381-5669-4eb6-a2cf-3bf5dff63980',\n        'name': \"Advanced Rocket Science\"\n    }\n    schema = QuizSchema()\n    actual = schema.load(raw)\n    assert actual == expected\n\n\ndef test_transform_raw_data():\n    init_database()\n    run()\n\n",
  "slicing": [
   "    actual = schema.load(raw)\n",
   "    assert actual == expected\n"
  ]
 },
 "38": {
  "name": "query",
  "type": "UNKNOWN",
  "class": "unknown",
  "approach": "Pysonar2",
  "file_path": "data-transform-prototype/src/transform_quizzes_test.py",
  "lineno": "29",
  "column": "4",
  "context": "rm_raw_data():\n    init_database()\n    run()\n\n    query = (select([quizzes])\n        .where(quizzes.c.uuid == '20a68f42-412d-43",
  "context_lines": "    assert actual == expected\n\n\ndef test_transform_raw_data():\n    init_database()\n    run()\n\n    query = (select([quizzes])\n        .where(quizzes.c.uuid == '20a68f42-412d-4348-8a3d-0ae41d00800a'))\n\n    with engine.connect() as c:\n        result = c.execute(query)\n        quiz = result.fetchone()\n\n",
  "slicing": [
   "    query = (select([quizzes])\n",
   "        result = c.execute(query)\n",
   "        quiz = result.fetchone()\n",
   "    assert quiz.name == 'Cat Herding'\n",
   "    assert quiz.slug == 'cat-herding'\n",
   "        result = c.execute(query)\n",
   "        subject = result.fetchone()\n",
   "    assert subject.name == 'Basic Cat Herding'\n",
   "        result = c.execute(query)\n",
   "        question = result.fetchone()\n",
   "    assert question.stem == 'How do herd cats?'\n",
   "    assert question.quiz_id == quiz.id\n",
   "        .where((question_subjects.c.question_id == question.id)\n",
   "        & (question_subjects.c.subject_id == subject.id)))\n",
   "        result = c.execute(query)\n",
   "        question_subject = result.fetchone()\n",
   "    assert question_subject is not None\n",
   "        result = c.execute(query)\n",
   "        subject_advanced = result.fetchone()\n",
   "    assert subject_advanced.parent_id == subject.id\n"
  ]
 },
 "39": {
  "name": "result",
  "type": "UNKNOWN",
  "class": "unknown",
  "approach": "Pysonar2",
  "file_path": "data-transform-prototype/src/transform_quizzes_test.py",
  "lineno": "33",
  "column": "8",
  "context": "0800a'))\n\n    with engine.connect() as c:\n        result = c.execute(query)\n        quiz = result.fetchone()\n\n    assert quiz.",
  "context_lines": "    run()\n\n    query = (select([quizzes])\n        .where(quizzes.c.uuid == '20a68f42-412d-4348-8a3d-0ae41d00800a'))\n\n    with engine.connect() as c:\n        result = c.execute(query)\n        quiz = result.fetchone()\n\n    assert quiz.name == 'Cat Herding'\n    assert quiz.slug == 'cat-herding'\n\n    query = (select([subjects])\n",
  "slicing": [
   "        result = c.execute(query)\n",
   "        quiz = result.fetchone()\n",
   "    assert quiz.name == 'Cat Herding'\n",
   "    assert quiz.slug == 'cat-herding'\n",
   "        subject = result.fetchone()\n",
   "    assert subject.name == 'Basic Cat Herding'\n",
   "        question = result.fetchone()\n",
   "    assert question.stem == 'How do herd cats?'\n",
   "    assert question.quiz_id == quiz.id\n",
   "        .where((question_subjects.c.question_id == question.id)\n",
   "        & (question_subjects.c.subject_id == subject.id)))\n",
   "        question_subject = result.fetchone()\n",
   "    assert question_subject is not None\n",
   "        subject_advanced = result.fetchone()\n",
   "    assert subject_advanced.parent_id == subject.id\n"
  ]
 },
 "40": {
  "name": "quiz",
  "type": "UNKNOWN",
  "class": "unknown",
  "approach": "Pysonar2",
  "file_path": "data-transform-prototype/src/transform_quizzes_test.py",
  "lineno": "34",
  "column": "8",
  "context": ") as c:\n        result = c.execute(query)\n        quiz = result.fetchone()\n\n    assert quiz.name == 'Cat Herding'\n    assert ",
  "context_lines": "    query = (select([quizzes])\n        .where(quizzes.c.uuid == '20a68f42-412d-4348-8a3d-0ae41d00800a'))\n\n    with engine.connect() as c:\n        result = c.execute(query)\n        quiz = result.fetchone()\n\n    assert quiz.name == 'Cat Herding'\n    assert quiz.slug == 'cat-herding'\n\n    query = (select([subjects])\n",
  "slicing": [
   "        quiz = result.fetchone()\n",
   "    assert quiz.name == 'Cat Herding'\n",
   "    assert quiz.slug == 'cat-herding'\n",
   "    assert question.quiz_id == quiz.id\n"
  ]
 },
 "41": {
  "name": "query",
  "type": "UNKNOWN",
  "class": "unknown",
  "approach": "Pysonar2",
  "file_path": "data-transform-prototype/src/transform_quizzes_test.py",
  "lineno": "39",
  "column": "4",
  "context": "rding'\n    assert quiz.slug == 'cat-herding'\n\n    query = (select([subjects])\n        .where(subjects.c.uuid == '0b32a063-a728-4",
  "context_lines": "        result = c.execute(query)\n        quiz = result.fetchone()\n\n    assert quiz.name == 'Cat Herding'\n    assert quiz.slug == 'cat-herding'\n\n    query = (select([subjects])\n        .where(subjects.c.uuid == '0b32a063-a728-4635-8938-4dfc6f0a059a'))\n\n    with engine.connect() as c:\n        result = c.execute(query)\n        subject = result.fetchone()\n\n",
  "slicing": [
   "    query = (select([subjects])\n",
   "        result = c.execute(query)\n",
   "        subject = result.fetchone()\n",
   "    assert subject.name == 'Basic Cat Herding'\n",
   "        result = c.execute(query)\n",
   "        question = result.fetchone()\n",
   "    assert question.stem == 'How do herd cats?'\n",
   "    assert question.quiz_id == quiz.id\n",
   "        .where((question_subjects.c.question_id == question.id)\n",
   "        & (question_subjects.c.subject_id == subject.id)))\n",
   "        result = c.execute(query)\n",
   "        question_subject = result.fetchone()\n",
   "    assert question_subject is not None\n",
   "        result = c.execute(query)\n",
   "        subject_advanced = result.fetchone()\n",
   "    assert subject_advanced.parent_id == subject.id\n"
  ]
 },
 "42": {
  "name": "result",
  "type": "UNKNOWN",
  "class": "unknown",
  "approach": "Pysonar2",
  "file_path": "data-transform-prototype/src/transform_quizzes_test.py",
  "lineno": "43",
  "column": "8",
  "context": "a059a'))\n\n    with engine.connect() as c:\n        result = c.execute(query)\n        subject = result.fetchone()\n\n    assert su",
  "context_lines": "    assert quiz.slug == 'cat-herding'\n\n    query = (select([subjects])\n        .where(subjects.c.uuid == '0b32a063-a728-4635-8938-4dfc6f0a059a'))\n\n    with engine.connect() as c:\n        result = c.execute(query)\n        subject = result.fetchone()\n\n    assert subject.name == 'Basic Cat Herding'\n\n    query = (select([questions])\n        .where(questions.c.uuid == '30def45b-47f0-4806-aa7f-e200c647d4ec'))\n\n",
  "slicing": [
   "        result = c.execute(query)\n",
   "        subject = result.fetchone()\n",
   "    assert subject.name == 'Basic Cat Herding'\n",
   "        question = result.fetchone()\n",
   "    assert question.stem == 'How do herd cats?'\n",
   "    assert question.quiz_id == quiz.id\n",
   "        .where((question_subjects.c.question_id == question.id)\n",
   "        & (question_subjects.c.subject_id == subject.id)))\n",
   "        question_subject = result.fetchone()\n",
   "    assert question_subject is not None\n",
   "        subject_advanced = result.fetchone()\n",
   "    assert subject_advanced.parent_id == subject.id\n"
  ]
 },
 "43": {
  "name": "subject",
  "type": "UNKNOWN",
  "class": "unknown",
  "approach": "Pysonar2",
  "file_path": "data-transform-prototype/src/transform_quizzes_test.py",
  "lineno": "44",
  "column": "8",
  "context": ") as c:\n        result = c.execute(query)\n        subject = result.fetchone()\n\n    assert subject.name == 'Basic Cat Herding'\n\n ",
  "context_lines": "    query = (select([subjects])\n        .where(subjects.c.uuid == '0b32a063-a728-4635-8938-4dfc6f0a059a'))\n\n    with engine.connect() as c:\n        result = c.execute(query)\n        subject = result.fetchone()\n\n    assert subject.name == 'Basic Cat Herding'\n\n    query = (select([questions])\n        .where(questions.c.uuid == '30def45b-47f0-4806-aa7f-e200c647d4ec'))\n\n",
  "slicing": [
   "        subject = result.fetchone()\n",
   "    assert subject.name == 'Basic Cat Herding'\n",
   "        & (question_subjects.c.subject_id == subject.id)))\n",
   "    assert subject_advanced.parent_id == subject.id\n"
  ]
 },
 "44": {
  "name": "query",
  "type": "UNKNOWN",
  "class": "unknown",
  "approach": "Pysonar2",
  "file_path": "data-transform-prototype/src/transform_quizzes_test.py",
  "lineno": "48",
  "column": "4",
  "context": "  assert subject.name == 'Basic Cat Herding'\n\n    query = (select([questions])\n        .where(questions.c.uuid == '30def45b-47f0-",
  "context_lines": "    with engine.connect() as c:\n        result = c.execute(query)\n        subject = result.fetchone()\n\n    assert subject.name == 'Basic Cat Herding'\n\n    query = (select([questions])\n        .where(questions.c.uuid == '30def45b-47f0-4806-aa7f-e200c647d4ec'))\n\n    with engine.connect() as c:\n        result = c.execute(query)\n        question = result.fetchone()\n\n",
  "slicing": [
   "    query = (select([questions])\n",
   "        result = c.execute(query)\n",
   "        question = result.fetchone()\n",
   "    assert question.stem == 'How do herd cats?'\n",
   "    assert question.quiz_id == quiz.id\n",
   "        .where((question_subjects.c.question_id == question.id)\n",
   "        result = c.execute(query)\n",
   "        question_subject = result.fetchone()\n",
   "    assert question_subject is not None\n",
   "        result = c.execute(query)\n",
   "        subject_advanced = result.fetchone()\n",
   "    assert subject_advanced.parent_id == subject.id\n"
  ]
 },
 "45": {
  "name": "result",
  "type": "UNKNOWN",
  "class": "unknown",
  "approach": "Pysonar2",
  "file_path": "data-transform-prototype/src/transform_quizzes_test.py",
  "lineno": "52",
  "column": "8",
  "context": "7d4ec'))\n\n    with engine.connect() as c:\n        result = c.execute(query)\n        question = result.fetchone()\n\n    assert q",
  "context_lines": "    assert subject.name == 'Basic Cat Herding'\n\n    query = (select([questions])\n        .where(questions.c.uuid == '30def45b-47f0-4806-aa7f-e200c647d4ec'))\n\n    with engine.connect() as c:\n        result = c.execute(query)\n        question = result.fetchone()\n\n    assert question.stem == 'How do herd cats?'\n    assert question.quiz_id == quiz.id\n\n    query = (select([question_subjects])\n",
  "slicing": [
   "        result = c.execute(query)\n",
   "        question = result.fetchone()\n",
   "    assert question.stem == 'How do herd cats?'\n",
   "    assert question.quiz_id == quiz.id\n",
   "        .where((question_subjects.c.question_id == question.id)\n",
   "        question_subject = result.fetchone()\n",
   "    assert question_subject is not None\n",
   "        subject_advanced = result.fetchone()\n",
   "    assert subject_advanced.parent_id == subject.id\n"
  ]
 },
 "46": {
  "name": "question",
  "type": "UNKNOWN",
  "class": "unknown",
  "approach": "Pysonar2",
  "file_path": "data-transform-prototype/src/transform_quizzes_test.py",
  "lineno": "53",
  "column": "8",
  "context": ") as c:\n        result = c.execute(query)\n        question = result.fetchone()\n\n    assert question.stem == 'How do herd cats?'\n ",
  "context_lines": "    query = (select([questions])\n        .where(questions.c.uuid == '30def45b-47f0-4806-aa7f-e200c647d4ec'))\n\n    with engine.connect() as c:\n        result = c.execute(query)\n        question = result.fetchone()\n\n    assert question.stem == 'How do herd cats?'\n    assert question.quiz_id == quiz.id\n\n    query = (select([question_subjects])\n",
  "slicing": [
   "        question = result.fetchone()\n",
   "    assert question.stem == 'How do herd cats?'\n",
   "    assert question.quiz_id == quiz.id\n",
   "        .where((question_subjects.c.question_id == question.id)\n"
  ]
 },
 "47": {
  "name": "query",
  "type": "UNKNOWN",
  "class": "unknown",
  "approach": "Pysonar2",
  "file_path": "data-transform-prototype/src/transform_quizzes_test.py",
  "lineno": "58",
  "column": "4",
  "context": "ats?'\n    assert question.quiz_id == quiz.id\n\n    query = (select([question_subjects])\n        .where((question_subjects.c.question_id ==",
  "context_lines": "        result = c.execute(query)\n        question = result.fetchone()\n\n    assert question.stem == 'How do herd cats?'\n    assert question.quiz_id == quiz.id\n\n    query = (select([question_subjects])\n        .where((question_subjects.c.question_id == question.id)\n        & (question_subjects.c.subject_id == subject.id)))\n    with engine.connect() as c:\n        result = c.execute(query)\n",
  "slicing": [
   "    query = (select([question_subjects])\n",
   "        result = c.execute(query)\n",
   "        question_subject = result.fetchone()\n",
   "    assert question_subject is not None\n",
   "        result = c.execute(query)\n",
   "        subject_advanced = result.fetchone()\n",
   "    assert subject_advanced.parent_id == subject.id\n"
  ]
 },
 "48": {
  "name": "result",
  "type": "UNKNOWN",
  "class": "unknown",
  "approach": "Pysonar2",
  "file_path": "data-transform-prototype/src/transform_quizzes_test.py",
  "lineno": "62",
  "column": "8",
  "context": "ect.id)))\n    with engine.connect() as c:\n        result = c.execute(query)\n        question_subject = result.fetchone()\n\n    ",
  "context_lines": "    query = (select([question_subjects])\n        .where((question_subjects.c.question_id == question.id)\n        & (question_subjects.c.subject_id == subject.id)))\n    with engine.connect() as c:\n        result = c.execute(query)\n        question_subject = result.fetchone()\n\n    assert question_subject is not None\n\n    query = (select([subjects])\n        .where(subjects.c.uuid == 'fa2c0919-af36-48df-9576-a48302c8de6f'))\n\n",
  "slicing": [
   "        result = c.execute(query)\n",
   "        question_subject = result.fetchone()\n",
   "    assert question_subject is not None\n",
   "        subject_advanced = result.fetchone()\n",
   "    assert subject_advanced.parent_id == subject.id\n"
  ]
 },
 "49": {
  "name": "question_subject",
  "type": "UNKNOWN",
  "class": "unknown",
  "approach": "Pysonar2",
  "file_path": "data-transform-prototype/src/transform_quizzes_test.py",
  "lineno": "63",
  "column": "8",
  "context": ") as c:\n        result = c.execute(query)\n        question_subject = result.fetchone()\n\n    assert question_subject is not None\n\n    quer",
  "context_lines": "        .where((question_subjects.c.question_id == question.id)\n        & (question_subjects.c.subject_id == subject.id)))\n    with engine.connect() as c:\n        result = c.execute(query)\n        question_subject = result.fetchone()\n\n    assert question_subject is not None\n\n    query = (select([subjects])\n        .where(subjects.c.uuid == 'fa2c0919-af36-48df-9576-a48302c8de6f'))\n\n",
  "slicing": [
   "        question_subject = result.fetchone()\n",
   "    assert question_subject is not None\n"
  ]
 },
 "50": {
  "name": "query",
  "type": "UNKNOWN",
  "class": "unknown",
  "approach": "Pysonar2",
  "file_path": "data-transform-prototype/src/transform_quizzes_test.py",
  "lineno": "67",
  "column": "4",
  "context": "e()\n\n    assert question_subject is not None\n\n    query = (select([subjects])\n        .where(subjects.c.uuid == 'fa2c0919-af36-4",
  "context_lines": "    with engine.connect() as c:\n        result = c.execute(query)\n        question_subject = result.fetchone()\n\n    assert question_subject is not None\n\n    query = (select([subjects])\n        .where(subjects.c.uuid == 'fa2c0919-af36-48df-9576-a48302c8de6f'))\n\n    with engine.connect() as c:\n        result = c.execute(query)\n        subject_advanced = result.fetchone()\n\n",
  "slicing": [
   "    query = (select([subjects])\n",
   "        result = c.execute(query)\n",
   "        subject_advanced = result.fetchone()\n",
   "    assert subject_advanced.parent_id == subject.id\n"
  ]
 },
 "51": {
  "name": "result",
  "type": "UNKNOWN",
  "class": "unknown",
  "approach": "Pysonar2",
  "file_path": "data-transform-prototype/src/transform_quizzes_test.py",
  "lineno": "71",
  "column": "8",
  "context": "8de6f'))\n\n    with engine.connect() as c:\n        result = c.execute(query)\n        subject_advanced = result.fetchone()\n\n    ",
  "context_lines": "    assert question_subject is not None\n\n    query = (select([subjects])\n        .where(subjects.c.uuid == 'fa2c0919-af36-48df-9576-a48302c8de6f'))\n\n    with engine.connect() as c:\n        result = c.execute(query)\n        subject_advanced = result.fetchone()\n\n",
  "slicing": [
   "        result = c.execute(query)\n",
   "        subject_advanced = result.fetchone()\n",
   "    assert subject_advanced.parent_id == subject.id\n"
  ]
 },
 "52": {
  "name": "subject_advanced",
  "type": "UNKNOWN",
  "class": "unknown",
  "approach": "Pysonar2",
  "file_path": "data-transform-prototype/src/transform_quizzes_test.py",
  "lineno": "72",
  "column": "8",
  "context": ") as c:\n        result = c.execute(query)\n        subject_advanced = result.fetchone()\n\n    assert subject_advanced.parent_id == subject.",
  "context_lines": "    query = (select([subjects])\n        .where(subjects.c.uuid == 'fa2c0919-af36-48df-9576-a48302c8de6f'))\n\n    with engine.connect() as c:\n        result = c.execute(query)\n        subject_advanced = result.fetchone()\n\n",
  "slicing": [
   "        subject_advanced = result.fetchone()\n",
   "    assert subject_advanced.parent_id == subject.id\n"
  ]
 },
 "53": {
  "name": "test_graph",
  "type": "dict",
  "class": "build-in",
  "approach": "annotation",
  "file_path": "data-transform-prototype/src/transformer_test.py",
  "lineno": "5",
  "column": "0",
  "context": "\nfrom .transformer import topological_sort_jobs\n\n\ntest_graph = {\n    'questions': {\n        'dependencies':['quizze",
  "context_lines": "import pytest\nfrom .transformer import topological_sort_jobs\n\n\ntest_graph = {\n    'questions': {\n        'dependencies':['quizzes', 'subjects'],\n        'job': 'questions',\n    },\n",
  "slicing": [
   "test_graph = {\n",
   "    actual_list = topological_sort_jobs(test_graph)\n",
   "    assert expected_list == actual_list\n"
  ]
 },
 "54": {
  "name": "cycle_graph",
  "type": "dict",
  "class": "build-in",
  "approach": "annotation",
  "file_path": "data-transform-prototype/src/transformer_test.py",
  "lineno": "24",
  "column": "0",
  "context": " ['quizzes'],\n        'job': 'authors',\n    },\n}\n\ncycle_graph = {\n    'questions': {\n        'dependencies':['quizze",
  "context_lines": "        'dependencies': ['quizzes'],\n        'job': 'authors',\n    },\n}\n\ncycle_graph = {\n    'questions': {\n        'dependencies':['quizzes', 'subjects'],\n        'job': 'questions',\n    },\n",
  "slicing": [
   "cycle_graph = {\n",
   "        topological_sort_jobs(cycle_graph)\n"
  ]
 },
 "55": {
  "name": "expected_list",
  "type": "list",
  "class": "build-in",
  "approach": "annotation",
  "file_path": "data-transform-prototype/src/transformer_test.py",
  "lineno": "45",
  "column": "4",
  "context": "\n    },\n}\n\n\ndef test_topological_sort_jobs():\n    expected_list = ['quizzes', 'authors', 'subjects', 'questions']\n    actual_list = topological_sort_jobs(test_graph",
  "context_lines": "        'job': 'authors',\n    },\n}\n\n\ndef test_topological_sort_jobs():\n    expected_list = ['quizzes', 'authors', 'subjects', 'questions']\n    actual_list = topological_sort_jobs(test_graph)\n\n    assert expected_list == actual_list\n\n\ndef test_topological_sort_jobs_cycle():\n    with pytest.raises(ValueError) as e:\n",
  "slicing": [
   "    expected_list = ['quizzes', 'authors', 'subjects', 'questions']\n",
   "    assert expected_list == actual_list\n"
  ]
 },
 "56": {
  "name": "actual_list",
  "type": "transformer.topological_sort_jobs",
  "class": "imported",
  "approach": "annotation",
  "file_path": "data-transform-prototype/src/transformer_test.py",
  "lineno": "46",
  "column": "4",
  "context": "quizzes', 'authors', 'subjects', 'questions']\n    actual_list = topological_sort_jobs(test_graph)\n\n    assert expected_list == actual_list\n\n\ndef tes",
  "context_lines": "    },\n}\n\n\ndef test_topological_sort_jobs():\n    expected_list = ['quizzes', 'authors', 'subjects', 'questions']\n    actual_list = topological_sort_jobs(test_graph)\n\n    assert expected_list == actual_list\n\n\ndef test_topological_sort_jobs_cycle():\n    with pytest.raises(ValueError) as e:\n",
  "slicing": [
   "    actual_list = topological_sort_jobs(test_graph)\n",
   "    assert expected_list == actual_list\n"
  ]
 },
 "57": {
  "name": "unknown",
  "type": "marshmallow.EXCLUDE",
  "class": "imported",
  "approach": "annotation",
  "file_path": "data-transform-prototype/src/transform_quizzes.py",
  "lineno": "15",
  "column": "8",
  "context": "s QuestionSchema(Schema):\n    class Meta:\n        unknown = EXCLUDE\n        additional = ('stem', 'answer', 'distracto",
  "context_lines": "from .custom_fields import Related, RelatedMany, RelatedSelf\n\n\n@transformation(source='raw_questions', destination=database.questions)\nclass QuestionSchema(Schema):\n    class Meta:\n        unknown = EXCLUDE\n        additional = ('stem', 'answer', 'distractor1', 'distractor2')\n    id = fields.UUID(attribute='uuid')\n    quiz_id = Related(database.quizzes)\n    subjects = RelatedMany(\n",
  "slicing": "        unknown = EXCLUDE\n"
 },
 "58": {
  "name": "additional",
  "type": "tuple",
  "class": "build-in",
  "approach": "annotation",
  "file_path": "data-transform-prototype/src/transform_quizzes.py",
  "lineno": "16",
  "column": "8",
  "context": "    class Meta:\n        unknown = EXCLUDE\n        additional = ('stem', 'answer', 'distractor1', 'distractor2')\n    id = fields.UUID(attribute='uuid')\n    quiz_id",
  "context_lines": "@transformation(source='raw_questions', destination=database.questions)\nclass QuestionSchema(Schema):\n    class Meta:\n        unknown = EXCLUDE\n        additional = ('stem', 'answer', 'distractor1', 'distractor2')\n    id = fields.UUID(attribute='uuid')\n    quiz_id = Related(database.quizzes)\n    subjects = RelatedMany(\n        related=database.subjects,\n",
  "slicing": "        additional = ('stem', 'answer', 'distractor1', 'distractor2')\n"
 },
 "59": {
  "name": "id",
  "type": "UNKNOWN",
  "class": "unknown",
  "approach": "Pysonar2",
  "file_path": "data-transform-prototype/src/transform_quizzes.py",
  "lineno": "17",
  "column": "4",
  "context": "tem', 'answer', 'distractor1', 'distractor2')\n    id = fields.UUID(attribute='uuid')\n    quiz_id = Related(database.quizzes)\n    subjec",
  "context_lines": "class QuestionSchema(Schema):\n    class Meta:\n        unknown = EXCLUDE\n        additional = ('stem', 'answer', 'distractor1', 'distractor2')\n    id = fields.UUID(attribute='uuid')\n    quiz_id = Related(database.quizzes)\n    subjects = RelatedMany(\n        related=database.subjects,\n        bridge=database.question_subjects,\n",
  "slicing": "    id = fields.UUID(attribute='uuid')\n"
 },
 "60": {
  "name": "quiz_id",
  "type": "custom_fields.Related",
  "class": "customized",
  "approach": "annotation",
  "file_path": "data-transform-prototype/src/transform_quizzes.py",
  "lineno": "18",
  "column": "4",
  "context": "tor2')\n    id = fields.UUID(attribute='uuid')\n    quiz_id = Related(database.quizzes)\n    subjects = RelatedMany(\n        related=databa",
  "context_lines": "    class Meta:\n        unknown = EXCLUDE\n        additional = ('stem', 'answer', 'distractor1', 'distractor2')\n    id = fields.UUID(attribute='uuid')\n    quiz_id = Related(database.quizzes)\n    subjects = RelatedMany(\n        related=database.subjects,\n        bridge=database.question_subjects,\n        source_column=database.question_subjects.c.question_id,\n",
  "slicing": "    quiz_id = Related(database.quizzes)\n"
 },
 "61": {
  "name": "subjects",
  "type": "custom_fields.RelatedMany",
  "class": "customized",
  "approach": "annotation",
  "file_path": "data-transform-prototype/src/transform_quizzes.py",
  "lineno": "19",
  "column": "4",
  "context": "uid')\n    quiz_id = Related(database.quizzes)\n    subjects = RelatedMany(\n        related=database.subjects,\n        bridge=",
  "context_lines": "        unknown = EXCLUDE\n        additional = ('stem', 'answer', 'distractor1', 'distractor2')\n    id = fields.UUID(attribute='uuid')\n    quiz_id = Related(database.quizzes)\n    subjects = RelatedMany(\n        related=database.subjects,\n        bridge=database.question_subjects,\n        source_column=database.question_subjects.c.question_id,\n        destination_column=database.question_subjects.c.subject_id)\n\n",
  "slicing": "    subjects = RelatedMany(\n"
 },
 "62": {
  "name": "unknown",
  "type": "marshmallow.EXCLUDE",
  "class": "imported",
  "approach": "annotation",
  "file_path": "data-transform-prototype/src/transform_quizzes.py",
  "lineno": "39",
  "column": "8",
  "context": "class QuizSchema(Schema):\n    class Meta:\n        unknown = EXCLUDE\n        additional = ('name',)\n\n    id = fields.UU",
  "context_lines": "        return data\n\n\n@transformation(source='raw_quizzes', destination=database.quizzes)\nclass QuizSchema(Schema):\n    class Meta:\n        unknown = EXCLUDE\n        additional = ('name',)\n\n    id = fields.UUID(attribute=\"uuid\")\n\n    @post_load\n    def set_data(self, data):\n",
  "slicing": "        unknown = EXCLUDE\n"
 },
 "63": {
  "name": "additional",
  "type": "tuple",
  "class": "build-in",
  "approach": "annotation",
  "file_path": "data-transform-prototype/src/transform_quizzes.py",
  "lineno": "40",
  "column": "8",
  "context": "    class Meta:\n        unknown = EXCLUDE\n        additional = ('name',)\n\n    id = fields.UUID(attribute=\"uuid\")\n\n    @post",
  "context_lines": "@transformation(source='raw_quizzes', destination=database.quizzes)\nclass QuizSchema(Schema):\n    class Meta:\n        unknown = EXCLUDE\n        additional = ('name',)\n\n    id = fields.UUID(attribute=\"uuid\")\n\n    @post_load\n    def set_data(self, data):\n",
  "slicing": "        additional = ('name',)\n"
 },
 "64": {
  "name": "id",
  "type": "UNKNOWN",
  "class": "unknown",
  "approach": "Pysonar2",
  "file_path": "data-transform-prototype/src/transform_quizzes.py",
  "lineno": "42",
  "column": "4",
  "context": "own = EXCLUDE\n        additional = ('name',)\n\n    id = fields.UUID(attribute=\"uuid\")\n\n    @post_load\n    def set_data(self, data):\n    ",
  "context_lines": "class QuizSchema(Schema):\n    class Meta:\n        unknown = EXCLUDE\n        additional = ('name',)\n\n    id = fields.UUID(attribute=\"uuid\")\n\n    @post_load\n    def set_data(self, data):\n        data['uuid'] = str(data['uuid'])\n",
  "slicing": "    id = fields.UUID(attribute=\"uuid\")\n"
 },
 "65": {
  "name": "unknown",
  "type": "marshmallow.EXCLUDE",
  "class": "imported",
  "approach": "annotation",
  "file_path": "data-transform-prototype/src/transform_quizzes.py",
  "lineno": "54",
  "column": "8",
  "context": "ss SubjectSchema(Schema):\n    class Meta:\n        unknown = EXCLUDE\n        additional = 'name',\n\n    id = fields.UUID",
  "context_lines": "        return data\n\n\n@transformation(source='raw_subjects', destination=database.subjects)\nclass SubjectSchema(Schema):\n    class Meta:\n        unknown = EXCLUDE\n        additional = 'name',\n\n    id = fields.UUID(attribute=\"uuid\")\n    parent_id = RelatedSelf(allow_none=True)\n\n    @post_load\n",
  "slicing": "        unknown = EXCLUDE\n"
 },
 "66": {
  "name": "additional",
  "type": "tuple",
  "class": "build-in",
  "approach": "annotation",
  "file_path": "data-transform-prototype/src/transform_quizzes.py",
  "lineno": "55",
  "column": "8",
  "context": "    class Meta:\n        unknown = EXCLUDE\n        additional = 'name',\n\n    id = fields.UUID(attribute=\"uuid\")\n    parent",
  "context_lines": "@transformation(source='raw_subjects', destination=database.subjects)\nclass SubjectSchema(Schema):\n    class Meta:\n        unknown = EXCLUDE\n        additional = 'name',\n\n    id = fields.UUID(attribute=\"uuid\")\n    parent_id = RelatedSelf(allow_none=True)\n\n    @post_load\n",
  "slicing": "        additional = 'name',\n"
 },
 "67": {
  "name": "id",
  "type": "UNKNOWN",
  "class": "unknown",
  "approach": "Pysonar2",
  "file_path": "data-transform-prototype/src/transform_quizzes.py",
  "lineno": "57",
  "column": "4",
  "context": "known = EXCLUDE\n        additional = 'name',\n\n    id = fields.UUID(attribute=\"uuid\")\n    parent_id = RelatedSelf(allow_none=True)\n\n    ",
  "context_lines": "class SubjectSchema(Schema):\n    class Meta:\n        unknown = EXCLUDE\n        additional = 'name',\n\n    id = fields.UUID(attribute=\"uuid\")\n    parent_id = RelatedSelf(allow_none=True)\n\n    @post_load\n    def set_data(self, data):\n        data['uuid'] = str(data['uuid'])\n",
  "slicing": "    id = fields.UUID(attribute=\"uuid\")\n"
 },
 "68": {
  "name": "parent_id",
  "type": "custom_fields.RelatedSelf",
  "class": "customized",
  "approach": "annotation",
  "file_path": "data-transform-prototype/src/transform_quizzes.py",
  "lineno": "58",
  "column": "4",
  "context": "ame',\n\n    id = fields.UUID(attribute=\"uuid\")\n    parent_id = RelatedSelf(allow_none=True)\n\n    @post_load\n    def set_data(self, data):\n    ",
  "context_lines": "    class Meta:\n        unknown = EXCLUDE\n        additional = 'name',\n\n    id = fields.UUID(attribute=\"uuid\")\n    parent_id = RelatedSelf(allow_none=True)\n\n    @post_load\n    def set_data(self, data):\n        data['uuid'] = str(data['uuid'])\n",
  "slicing": "    parent_id = RelatedSelf(allow_none=True)\n"
 },
 "69": {
  "name": "job_graph",
  "type": "dict",
  "class": "build-in",
  "approach": "Pysonar2",
  "file_path": "data-transform-prototype/src/transformer.py",
  "lineno": "15",
  "column": "26",
  "context": "'schema'])\n\njobs = {}\n\n\ndef topological_sort_jobs(job_graph):\n    \"\"\"Generate a sorted list of jobs from a depen",
  "context_lines": "from .database import engine, meta\nfrom .custom_fields import RelatedMany, Related, RelatedSelf\n\nJob = namedtuple('Job', ['source', 'destination', 'schema'])\n\njobs = {}\n\n\ndef topological_sort_jobs(job_graph):\n    \"\"\"Generate a sorted list of jobs from a dependency graph\n\n    Node shape:\n        'table_name':{\n            'dependencies': ['list of dependencies'] or None,\n",
  "slicing": [
   "Job = namedtuple('Job', ['source', 'destination', 'schema'])\n",
   "jobs = {}\n",
   "def topological_sort_jobs(job_graph):\n",
   "    visited = defaultdict(bool)\n",
   "    visited_temp = defaultdict(bool)\n",
   "    job_list = []\n",
   "    def search_dependencies(node, job_graph):\n",
   "        if visited[node]:\n",
   "        if visited_temp[node]:\n",
   "        dependencies = job_graph[node]['dependencies']\n",
   "        job = job_graph[node]['job']\n",
   "        visited_temp[node] = True\n",
   "        if dependencies:\n",
   "            for dependency in dependencies:\n",
   "                search_dependencies(dependency, job_graph)\n",
   "        job_list.append(job)\n",
   "        visited[node] = True\n",
   "    for node in job_graph:\n",
   "        search_dependencies(node, job_graph)\n",
   "    return job_list\n",
   "        job = Job(\n",
   "        dependencies = []\n",
   "        for field_name, field in cls._declared_fields.items():\n",
   "            if isinstance(field, RelatedMany):\n",
   "                dependencies.append(field.related.name)\n",
   "            if isinstance(field, Related):\n",
   "                dependencies.append(field.table.name)\n",
   "        jobs[destination.name] = {\n",
   "            'job': job,\n",
   "            'dependencies': dependencies or None\n",
   "    for job in topological_sort_jobs(jobs):\n",
   "        source = Table(job.source, meta, autoload=True)\n",
   "        schema = job.schema()\n",
   "        many_fields = []\n",
   "        self_fields = []\n",
   "        for field_name, field in schema._declared_fields.items():\n",
   "            if isinstance(field, RelatedMany):\n",
   "                many_fields.append(field_name)\n",
   "            if isinstance(field, RelatedSelf):\n",
   "                self_fields.append(field_name)\n",
   "        with engine.connect() as c:\n",
   "            result = c.execute(select([source]))\n",
   "            data = result.fetchall()\n",
   "            data = schema.load((dict(d) for d in data), many=True)\n",
   "            query = job.destination.insert()\n",
   "            c.execute(query, data)\n",
   "            for datum in data:\n",
   "                for field_name in many_fields:\n",
   "                    bridge_job = datum[field_name]\n",
   "                    select_query = (select([job.destination.c.id, bridge_job.related.c.id])\n",
   "                        .where((job.destination.c.uuid == datum['uuid'])\n",
   "                            & (bridge_job.related.c.uuid.in_(bridge_job.uuids)) ))\n",
   "                    query = (bridge_job.bridge.insert().from_select(\n",
   "                        [bridge_job.source_column, bridge_job.destination_column], select_query))\n",
   "                    c.execute(query)\n",
   "                for field_name in self_fields:\n",
   "                    related_uuid = datum[field_name]\n",
   "                    subquery = select([job.destination.c.id]).where(job.destination.c.uuid==related_uuid)\n",
   "                    values = { field_name: subquery.as_scalar() }\n",
   "                    query = (job.destination.update().values(**values)\n",
   "                        .where(job.destination.c.uuid == datum[\"uuid\"]))\n",
   "                    c.execute(query)\n"
  ]
 },
 "70": {
  "name": "node",
  "type": "UNKNOWN",
  "class": "unknown",
  "approach": "Pysonar2",
  "file_path": "data-transform-prototype/src/transformer.py",
  "lineno": "28",
  "column": "28",
  "context": "   job_list = []\n    \n    def search_dependencies(node, job_graph):\n        if visited[node]:\n            return\n     ",
  "context_lines": "    \"\"\"\n    visited = defaultdict(bool)\n    visited_temp = defaultdict(bool)\n    job_list = []\n    \n    def search_dependencies(node, job_graph):\n        if visited[node]:\n            return\n        if visited_temp[node]:\n            raise ValueError(\"Cycle detected\")\n",
  "slicing": [
   "    def search_dependencies(node, job_graph):\n",
   "        search_dependencies(node, job_graph)\n"
  ]
 },
 "71": {
  "name": "job_graph",
  "type": "dict",
  "class": "build-in",
  "approach": "Pysonar2",
  "file_path": "data-transform-prototype/src/transformer.py",
  "lineno": "28",
  "column": "34",
  "context": "_list = []\n    \n    def search_dependencies(node, job_graph):\n        if visited[node]:\n            return\n     ",
  "context_lines": "    \"\"\"\n    visited = defaultdict(bool)\n    visited_temp = defaultdict(bool)\n    job_list = []\n    \n    def search_dependencies(node, job_graph):\n        if visited[node]:\n            return\n        if visited_temp[node]:\n            raise ValueError(\"Cycle detected\")\n",
  "slicing": [
   "    def search_dependencies(node, job_graph):\n",
   "        search_dependencies(node, job_graph)\n"
  ]
 },
 "72": {
  "name": "source",
  "type": "str",
  "class": "build-in",
  "approach": "annotation",
  "file_path": "data-transform-prototype/src/transformer.py",
  "lineno": "48",
  "column": "19",
  "context": "ph)\n    \n    return job_list\n\n\ndef transformation(source: str, destination: Table) -> Callable[[Schema], Schema]:\n    def _decorate(cls: Schema) -> Schema:\n        ",
  "context_lines": "        visited[node] = True\n\n    for node in job_graph:\n        search_dependencies(node, job_graph)\n    \n    return job_list\n\n\ndef transformation(source: str, destination: Table) -> Callable[[Schema], Schema]:\n    def _decorate(cls: Schema) -> Schema:\n        job = Job(\n            source=source,\n            destination=destination,\n",
  "slicing": "def transformation(source: str, destination: Table) -> Callable[[Schema], Schema]:\n"
 },
 "73": {
  "name": "destination",
  "type": "UNKNOWN",
  "class": "unknown",
  "approach": "annotation",
  "file_path": "data-transform-prototype/src/transformer.py",
  "lineno": "48",
  "column": "32",
  "context": "return job_list\n\n\ndef transformation(source: str, destination: Table) -> Callable[[Schema], Schema]:\n    def _decorate(cls: Schema) -> Schema:\n        ",
  "context_lines": "        visited[node] = True\n\n    for node in job_graph:\n        search_dependencies(node, job_graph)\n    \n    return job_list\n\n\ndef transformation(source: str, destination: Table) -> Callable[[Schema], Schema]:\n    def _decorate(cls: Schema) -> Schema:\n        job = Job(\n            source=source,\n            destination=destination,\n",
  "slicing": "def transformation(source: str, destination: Table) -> Callable[[Schema], Schema]:\n"
 },
 "74": {
  "name": "cls",
  "type": "UNKNOWN",
  "class": "unknown",
  "approach": "annotation",
  "file_path": "data-transform-prototype/src/transformer.py",
  "lineno": "49",
  "column": "18",
  "context": " -> Callable[[Schema], Schema]:\n    def _decorate(cls: Schema) -> Schema:\n        job = Job(\n            source=source,\n    ",
  "context_lines": "    for node in job_graph:\n        search_dependencies(node, job_graph)\n    \n    return job_list\n\n\ndef transformation(source: str, destination: Table) -> Callable[[Schema], Schema]:\n    def _decorate(cls: Schema) -> Schema:\n        job = Job(\n            source=source,\n            destination=destination,\n            schema=cls\n",
  "slicing": "    def _decorate(cls: Schema) -> Schema:\n"
 },
 "75": {
  "name": "table",
  "type": "UNKNOWN",
  "class": "unknown",
  "approach": "Pysonar2",
  "file_path": "data-transform-prototype/src/custom_fields.py",
  "lineno": "9",
  "column": "23",
  "context": "ass Related(fields.Field):\n    def __init__(self, table):\n        super().__init__()\n        self.table = ta",
  "context_lines": "from sqlalchemy import Table\nfrom sqlalchemy.sql import select\n\nfrom . import database\n\nclass Related(fields.Field):\n    def __init__(self, table):\n        super().__init__()\n        self.table = table\n\n    def __repr__(self):\n        return \"Related\"\n\n",
  "slicing": "    def __init__(self, table):\n"
 },
 "76": {
  "name": "value",
  "type": "UNKNOWN",
  "class": "unknown",
  "approach": "Pysonar2",
  "file_path": "data-transform-prototype/src/custom_fields.py",
  "lineno": "16",
  "column": "27",
  "context": "     return \"Related\"\n\n    def _deserialize(self, value, attr, data, **kwargs):\n        query = select([self.table.c.id]).where(\n ",
  "context_lines": "        super().__init__()\n        self.table = table\n\n    def __repr__(self):\n        return \"Related\"\n\n    def _deserialize(self, value, attr, data, **kwargs):\n        query = select([self.table.c.id]).where(\n            self.table.c.uuid == value)\n        with database.engine.connect() as c:\n            result = c.execute(query)\n",
  "slicing": "    def _deserialize(self, value, attr, data, **kwargs):\n"
 },
 "77": {
  "name": "attr",
  "type": "UNKNOWN",
  "class": "unknown",
  "approach": "Pysonar2",
  "file_path": "data-transform-prototype/src/custom_fields.py",
  "lineno": "16",
  "column": "34",
  "context": "turn \"Related\"\n\n    def _deserialize(self, value, attr, data, **kwargs):\n        query = select([self.table.c.id]).where(\n ",
  "context_lines": "        super().__init__()\n        self.table = table\n\n    def __repr__(self):\n        return \"Related\"\n\n    def _deserialize(self, value, attr, data, **kwargs):\n        query = select([self.table.c.id]).where(\n            self.table.c.uuid == value)\n        with database.engine.connect() as c:\n            result = c.execute(query)\n",
  "slicing": "    def _deserialize(self, value, attr, data, **kwargs):\n"
 },
 "78": {
  "name": "data",
  "type": "UNKNOWN",
  "class": "unknown",
  "approach": "Pysonar2",
  "file_path": "data-transform-prototype/src/custom_fields.py",
  "lineno": "16",
  "column": "40",
  "context": "Related\"\n\n    def _deserialize(self, value, attr, data, **kwargs):\n        query = select([self.table.c.id]).where(\n ",
  "context_lines": "        super().__init__()\n        self.table = table\n\n    def __repr__(self):\n        return \"Related\"\n\n    def _deserialize(self, value, attr, data, **kwargs):\n        query = select([self.table.c.id]).where(\n            self.table.c.uuid == value)\n        with database.engine.connect() as c:\n            result = c.execute(query)\n",
  "slicing": "    def _deserialize(self, value, attr, data, **kwargs):\n"
 },
 "79": {
  "name": "related",
  "type": "UNKNOWN",
  "class": "unknown",
  "approach": "annotation",
  "file_path": "data-transform-prototype/src/custom_fields.py",
  "lineno": "25",
  "column": "23",
  "context": "RelatedMany(fields.Field):\n    def __init__(self, related: Table, bridge: Table, source_column: str, destination_column: str):\n        super().__init__()\n        self.related = ",
  "context_lines": "        with database.engine.connect() as c:\n            result = c.execute(query)\n            return result.fetchone().id\n\n\nclass RelatedMany(fields.Field):\n    def __init__(self, related: Table, bridge: Table, source_column: str, destination_column: str):\n        super().__init__()\n        self.related = related\n        self.bridge = bridge\n        self.source_column = source_column\n",
  "slicing": "    def __init__(self, related: Table, bridge: Table, source_column: str, destination_column: str):\n"
 },
 "80": {
  "name": "bridge",
  "type": "UNKNOWN",
  "class": "unknown",
  "approach": "annotation",
  "file_path": "data-transform-prototype/src/custom_fields.py",
  "lineno": "25",
  "column": "39",
  "context": "ds.Field):\n    def __init__(self, related: Table, bridge: Table, source_column: str, destination_column: str):\n        super().__init__()\n        self.related = ",
  "context_lines": "        with database.engine.connect() as c:\n            result = c.execute(query)\n            return result.fetchone().id\n\n\nclass RelatedMany(fields.Field):\n    def __init__(self, related: Table, bridge: Table, source_column: str, destination_column: str):\n        super().__init__()\n        self.related = related\n        self.bridge = bridge\n        self.source_column = source_column\n",
  "slicing": "    def __init__(self, related: Table, bridge: Table, source_column: str, destination_column: str):\n"
 },
 "81": {
  "name": "source_column",
  "type": "str",
  "class": "build-in",
  "approach": "annotation",
  "file_path": "data-transform-prototype/src/custom_fields.py",
  "lineno": "25",
  "column": "54",
  "context": "def __init__(self, related: Table, bridge: Table, source_column: str, destination_column: str):\n        super().__init__()\n        self.related = ",
  "context_lines": "        with database.engine.connect() as c:\n            result = c.execute(query)\n            return result.fetchone().id\n\n\nclass RelatedMany(fields.Field):\n    def __init__(self, related: Table, bridge: Table, source_column: str, destination_column: str):\n        super().__init__()\n        self.related = related\n        self.bridge = bridge\n        self.source_column = source_column\n",
  "slicing": "    def __init__(self, related: Table, bridge: Table, source_column: str, destination_column: str):\n"
 },
 "82": {
  "name": "destination_column",
  "type": "str",
  "class": "build-in",
  "approach": "annotation",
  "file_path": "data-transform-prototype/src/custom_fields.py",
  "lineno": "25",
  "column": "74",
  "context": "elated: Table, bridge: Table, source_column: str, destination_column: str):\n        super().__init__()\n        self.related = ",
  "context_lines": "        with database.engine.connect() as c:\n            result = c.execute(query)\n            return result.fetchone().id\n\n\nclass RelatedMany(fields.Field):\n    def __init__(self, related: Table, bridge: Table, source_column: str, destination_column: str):\n        super().__init__()\n        self.related = related\n        self.bridge = bridge\n        self.source_column = source_column\n",
  "slicing": "    def __init__(self, related: Table, bridge: Table, source_column: str, destination_column: str):\n"
 },
 "83": {
  "name": "value",
  "type": "UNKNOWN",
  "class": "unknown",
  "approach": "Pysonar2",
  "file_path": "data-transform-prototype/src/custom_fields.py",
  "lineno": "35",
  "column": "27",
  "context": " return \"RelatedMany\"\n\n    def _deserialize(self, value, attr, data, **kwargs):\n        return RelatedJob(related=self.related, br",
  "context_lines": "        self.source_column = source_column\n        self.destination_column = destination_column \n\n    def __repr__(self):\n        return \"RelatedMany\"\n\n    def _deserialize(self, value, attr, data, **kwargs):\n        return RelatedJob(related=self.related, bridge=self.bridge, uuids=value,\n            source_column=self.source_column, destination_column=self.destination_column)\n\nclass RelatedSelf(fields.Field):\n    pass\n\n\n",
  "slicing": "    def _deserialize(self, value, attr, data, **kwargs):\n"
 },
 "84": {
  "name": "attr",
  "type": "UNKNOWN",
  "class": "unknown",
  "approach": "Pysonar2",
  "file_path": "data-transform-prototype/src/custom_fields.py",
  "lineno": "35",
  "column": "34",
  "context": " \"RelatedMany\"\n\n    def _deserialize(self, value, attr, data, **kwargs):\n        return RelatedJob(related=self.related, br",
  "context_lines": "        self.source_column = source_column\n        self.destination_column = destination_column \n\n    def __repr__(self):\n        return \"RelatedMany\"\n\n    def _deserialize(self, value, attr, data, **kwargs):\n        return RelatedJob(related=self.related, bridge=self.bridge, uuids=value,\n            source_column=self.source_column, destination_column=self.destination_column)\n\nclass RelatedSelf(fields.Field):\n    pass\n\n\n",
  "slicing": "    def _deserialize(self, value, attr, data, **kwargs):\n"
 },
 "85": {
  "name": "data",
  "type": "UNKNOWN",
  "class": "unknown",
  "approach": "Pysonar2",
  "file_path": "data-transform-prototype/src/custom_fields.py",
  "lineno": "35",
  "column": "40",
  "context": "tedMany\"\n\n    def _deserialize(self, value, attr, data, **kwargs):\n        return RelatedJob(related=self.related, br",
  "context_lines": "        self.source_column = source_column\n        self.destination_column = destination_column \n\n    def __repr__(self):\n        return \"RelatedMany\"\n\n    def _deserialize(self, value, attr, data, **kwargs):\n        return RelatedJob(related=self.related, bridge=self.bridge, uuids=value,\n            source_column=self.source_column, destination_column=self.destination_column)\n\nclass RelatedSelf(fields.Field):\n    pass\n\n\n",
  "slicing": "    def _deserialize(self, value, attr, data, **kwargs):\n"
 },
 "86": {
  "name": "data",
  "type": "UNKNOWN",
  "class": "unknown",
  "approach": "Pysonar2",
  "file_path": "data-transform-prototype/src/transform_quizzes.py",
  "lineno": "26",
  "column": "35",
  "context": "\n    @pre_load\n    def deserialize_subjects(self, data):\n        data['subjects'] = json.loads(data['subjec",
  "context_lines": "        bridge=database.question_subjects,\n        source_column=database.question_subjects.c.question_id,\n        destination_column=database.question_subjects.c.subject_id)\n\n    @pre_load\n    def deserialize_subjects(self, data):\n        data['subjects'] = json.loads(data['subjects'])\n        return data\n\n    @post_load\n    def set_data(self, data):\n",
  "slicing": "    def deserialize_subjects(self, data):\n"
 },
 "87": {
  "name": "data",
  "type": "UNKNOWN",
  "class": "unknown",
  "approach": "Pysonar2",
  "file_path": "data-transform-prototype/src/transform_quizzes.py",
  "lineno": "31",
  "column": "23",
  "context": "eturn data\n\n    @post_load\n    def set_data(self, data):\n        data['uuid'] = str(data['uuid'])\n        r",
  "context_lines": "    def deserialize_subjects(self, data):\n        data['subjects'] = json.loads(data['subjects'])\n        return data\n\n    @post_load\n    def set_data(self, data):\n        data['uuid'] = str(data['uuid'])\n        return data\n\n\n@transformation(source='raw_quizzes', destination=database.quizzes)\nclass QuizSchema(Schema):\n",
  "slicing": "    def set_data(self, data):\n"
 },
 "88": {
  "name": "data",
  "type": "UNKNOWN",
  "class": "unknown",
  "approach": "Pysonar2",
  "file_path": "data-transform-prototype/src/transform_quizzes.py",
  "lineno": "45",
  "column": "23",
  "context": "te=\"uuid\")\n\n    @post_load\n    def set_data(self, data):\n        data['uuid'] = str(data['uuid'])\n        d",
  "context_lines": "        unknown = EXCLUDE\n        additional = ('name',)\n\n    id = fields.UUID(attribute=\"uuid\")\n\n    @post_load\n    def set_data(self, data):\n        data['uuid'] = str(data['uuid'])\n        data['slug'] = data['name'].lower().replace(' ', '-')\n        return data\n\n\n@transformation(source='raw_subjects', destination=database.subjects)\n",
  "slicing": "    def set_data(self, data):\n"
 },
 "89": {
  "name": "data",
  "type": "UNKNOWN",
  "class": "unknown",
  "approach": "Pysonar2",
  "file_path": "data-transform-prototype/src/transform_quizzes.py",
  "lineno": "61",
  "column": "23",
  "context": "none=True)\n\n    @post_load\n    def set_data(self, data):\n        data['uuid'] = str(data['uuid'])\n        r",
  "context_lines": "        additional = 'name',\n\n    id = fields.UUID(attribute=\"uuid\")\n    parent_id = RelatedSelf(allow_none=True)\n\n    @post_load\n    def set_data(self, data):\n        data['uuid'] = str(data['uuid'])\n",
  "slicing": "    def set_data(self, data):\n"
 }
}