{
 "1": {
  "name": "app",
  "type": "flask.Flask",
  "class": "imported",
  "approach": "annotation",
  "file_path": "data-engineer-challenge/src/factory.py",
  "lineno": "26",
  "column": "4",
  "context": "E\"], defaults=os.environ)\n\n\ndef create_app():\n    app = Flask(\"DataEngineerChallenge\")\n    app.config.from_object(ConfigurationObj)\n    a",
  "context_lines": "    app.register_error_handler(500, custom_error_response)\n\n\ndef setup_logging(app):\n    fileConfig(app.config[\"LOG_CONFIG_FILE\"], defaults=os.environ)\n\n\ndef create_app():\n    app = Flask(\"DataEngineerChallenge\")\n    app.config.from_object(ConfigurationObj)\n    app.add_url_rule('/', view_func=TaskView.as_view('task-view'))\n    app.url_map.strict_slashes = False\n    register_error_handlers(app)\n",
  "slicing": [
   "    app = Flask(\"DataEngineerChallenge\")\n",
   "    app.config.from_object(ConfigurationObj)\n",
   "    app.add_url_rule('/', view_func=TaskView.as_view('task-view'))\n",
   "    app.url_map.strict_slashes = False\n",
   "    register_error_handlers(app)\n",
   "    setup_logging(app)\n",
   "    return app\n"
  ]
 },
 "2": {
  "name": "total_events",
  "type": "UNKNOWN",
  "class": "unknown",
  "approach": "Pysonar2",
  "file_path": "data-engineer-challenge/src/schema/task.py",
  "lineno": "13",
  "column": "4",
  "context": "t TaskRequest\n\n\nclass RequestSchema(Schema):\n\n    total_events = fields.Int(required=True)\n    start_date = fields.Date(required=True)\n    en",
  "context_lines": "from marshmallow import Schema, fields, post_load, pre_load\n\nfrom src.schema.base import BaseResponseSchema\nfrom src.model.task import TaskRequest\n\n\nclass RequestSchema(Schema):\n\n    total_events = fields.Int(required=True)\n    start_date = fields.Date(required=True)\n    end_date = fields.Date(required=True)\n    scheduler = fields.Str(missing=\"celery\")\n\n    @pre_load\n",
  "slicing": "    total_events = fields.Int(required=True)\n"
 },
 "3": {
  "name": "start_date",
  "type": "UNKNOWN",
  "class": "unknown",
  "approach": "Pysonar2",
  "file_path": "data-engineer-challenge/src/schema/task.py",
  "lineno": "14",
  "column": "4",
  "context": "\n    total_events = fields.Int(required=True)\n    start_date = fields.Date(required=True)\n    end_date = fields.Date(required=True)\n    sche",
  "context_lines": "from src.schema.base import BaseResponseSchema\nfrom src.model.task import TaskRequest\n\n\nclass RequestSchema(Schema):\n\n    total_events = fields.Int(required=True)\n    start_date = fields.Date(required=True)\n    end_date = fields.Date(required=True)\n    scheduler = fields.Str(missing=\"celery\")\n\n    @pre_load\n    def add_datetime_range(self, data):\n",
  "slicing": "    start_date = fields.Date(required=True)\n"
 },
 "4": {
  "name": "end_date",
  "type": "UNKNOWN",
  "class": "unknown",
  "approach": "Pysonar2",
  "file_path": "data-engineer-challenge/src/schema/task.py",
  "lineno": "15",
  "column": "4",
  "context": ")\n    start_date = fields.Date(required=True)\n    end_date = fields.Date(required=True)\n    scheduler = fields.Str(missing=\"celery\")\n\n    ",
  "context_lines": "from src.model.task import TaskRequest\n\n\nclass RequestSchema(Schema):\n\n    total_events = fields.Int(required=True)\n    start_date = fields.Date(required=True)\n    end_date = fields.Date(required=True)\n    scheduler = fields.Str(missing=\"celery\")\n\n    @pre_load\n    def add_datetime_range(self, data):\n        data[\"datetime_range\"] = data[\"end_date\"] - data['start_date']\n",
  "slicing": "    end_date = fields.Date(required=True)\n"
 },
 "5": {
  "name": "scheduler",
  "type": "UNKNOWN",
  "class": "unknown",
  "approach": "Pysonar2",
  "file_path": "data-engineer-challenge/src/schema/task.py",
  "lineno": "16",
  "column": "4",
  "context": "ue)\n    end_date = fields.Date(required=True)\n    scheduler = fields.Str(missing=\"celery\")\n\n    @pre_load\n    def add_datetime_range(self, da",
  "context_lines": "class RequestSchema(Schema):\n\n    total_events = fields.Int(required=True)\n    start_date = fields.Date(required=True)\n    end_date = fields.Date(required=True)\n    scheduler = fields.Str(missing=\"celery\")\n\n    @pre_load\n    def add_datetime_range(self, data):\n        data[\"datetime_range\"] = data[\"end_date\"] - data['start_date']\n",
  "slicing": "    scheduler = fields.Str(missing=\"celery\")\n"
 },
 "6": {
  "name": "order",
  "type": "UNKNOWN",
  "class": "unknown",
  "approach": "Pysonar2",
  "file_path": "data-engineer-challenge/src/schema/task.py",
  "lineno": "29",
  "column": "4",
  "context": "t(**data)\n\n\nclass TopTenEventsSchema(Schema):\n    order = fields.Int(required=True)\n    publisher_id = fields.Str(required=True)\n    t",
  "context_lines": "    @post_load\n    def make_task_params(self, data):\n        return TaskRequest(**data)\n\n\nclass TopTenEventsSchema(Schema):\n    order = fields.Int(required=True)\n    publisher_id = fields.Str(required=True)\n    total_events = fields.Int(required=True)\n\n\nclass PublisherStatsSchema(Schema):\n    publisher_id = fields.Str(required=True)\n",
  "slicing": "    order = fields.Int(required=True)\n"
 },
 "7": {
  "name": "publisher_id",
  "type": "UNKNOWN",
  "class": "unknown",
  "approach": "Pysonar2",
  "file_path": "data-engineer-challenge/src/schema/task.py",
  "lineno": "30",
  "column": "4",
  "context": "chema):\n    order = fields.Int(required=True)\n    publisher_id = fields.Str(required=True)\n    total_events = fields.Int(required=True)\n\n\ncla",
  "context_lines": "    def make_task_params(self, data):\n        return TaskRequest(**data)\n\n\nclass TopTenEventsSchema(Schema):\n    order = fields.Int(required=True)\n    publisher_id = fields.Str(required=True)\n    total_events = fields.Int(required=True)\n\n\nclass PublisherStatsSchema(Schema):\n    publisher_id = fields.Str(required=True)\n    viewable_time = fields.Str(required=True, default=\"0\")\n",
  "slicing": "    publisher_id = fields.Str(required=True)\n"
 },
 "8": {
  "name": "total_events",
  "type": "UNKNOWN",
  "class": "unknown",
  "approach": "Pysonar2",
  "file_path": "data-engineer-challenge/src/schema/task.py",
  "lineno": "31",
  "column": "4",
  "context": "\n    publisher_id = fields.Str(required=True)\n    total_events = fields.Int(required=True)\n\n\nclass PublisherStatsSchema(Schema):\n    publishe",
  "context_lines": "        return TaskRequest(**data)\n\n\nclass TopTenEventsSchema(Schema):\n    order = fields.Int(required=True)\n    publisher_id = fields.Str(required=True)\n    total_events = fields.Int(required=True)\n\n\nclass PublisherStatsSchema(Schema):\n    publisher_id = fields.Str(required=True)\n    viewable_time = fields.Str(required=True, default=\"0\")\n",
  "slicing": "    total_events = fields.Int(required=True)\n"
 },
 "9": {
  "name": "publisher_id",
  "type": "UNKNOWN",
  "class": "unknown",
  "approach": "Pysonar2",
  "file_path": "data-engineer-challenge/src/schema/task.py",
  "lineno": "35",
  "column": "4",
  "context": "d=True)\n\n\nclass PublisherStatsSchema(Schema):\n    publisher_id = fields.Str(required=True)\n    viewable_time = fields.Str(required=True, defa",
  "context_lines": "    order = fields.Int(required=True)\n    publisher_id = fields.Str(required=True)\n    total_events = fields.Int(required=True)\n\n\nclass PublisherStatsSchema(Schema):\n    publisher_id = fields.Str(required=True)\n    viewable_time = fields.Str(required=True, default=\"0\")\n    unique_clips = fields.Int(required=True)\n\n\nclass CountryClipsSchema(Schema):\n    country_id = fields.Str(required=True)\n",
  "slicing": "    publisher_id = fields.Str(required=True)\n"
 },
 "10": {
  "name": "viewable_time",
  "type": "UNKNOWN",
  "class": "unknown",
  "approach": "Pysonar2",
  "file_path": "data-engineer-challenge/src/schema/task.py",
  "lineno": "36",
  "column": "4",
  "context": "\n    publisher_id = fields.Str(required=True)\n    viewable_time = fields.Str(required=True, default=\"0\")\n    unique_clips = fields.Int(required=True)\n\n\ncla",
  "context_lines": "    publisher_id = fields.Str(required=True)\n    total_events = fields.Int(required=True)\n\n\nclass PublisherStatsSchema(Schema):\n    publisher_id = fields.Str(required=True)\n    viewable_time = fields.Str(required=True, default=\"0\")\n    unique_clips = fields.Int(required=True)\n\n\nclass CountryClipsSchema(Schema):\n    country_id = fields.Str(required=True)\n    day_clips = fields.Int(required=True)\n",
  "slicing": "    viewable_time = fields.Str(required=True, default=\"0\")\n"
 },
 "11": {
  "name": "unique_clips",
  "type": "UNKNOWN",
  "class": "unknown",
  "approach": "Pysonar2",
  "file_path": "data-engineer-challenge/src/schema/task.py",
  "lineno": "37",
  "column": "4",
  "context": "time = fields.Str(required=True, default=\"0\")\n    unique_clips = fields.Int(required=True)\n\n\nclass CountryClipsSchema(Schema):\n    country_id",
  "context_lines": "    total_events = fields.Int(required=True)\n\n\nclass PublisherStatsSchema(Schema):\n    publisher_id = fields.Str(required=True)\n    viewable_time = fields.Str(required=True, default=\"0\")\n    unique_clips = fields.Int(required=True)\n\n\nclass CountryClipsSchema(Schema):\n    country_id = fields.Str(required=True)\n    day_clips = fields.Int(required=True)\n",
  "slicing": "    unique_clips = fields.Int(required=True)\n"
 },
 "12": {
  "name": "country_id",
  "type": "UNKNOWN",
  "class": "unknown",
  "approach": "Pysonar2",
  "file_path": "data-engineer-challenge/src/schema/task.py",
  "lineno": "41",
  "column": "4",
  "context": "red=True)\n\n\nclass CountryClipsSchema(Schema):\n    country_id = fields.Str(required=True)\n    day_clips = fields.Int(required=True)\n    nigh",
  "context_lines": "    publisher_id = fields.Str(required=True)\n    viewable_time = fields.Str(required=True, default=\"0\")\n    unique_clips = fields.Int(required=True)\n\n\nclass CountryClipsSchema(Schema):\n    country_id = fields.Str(required=True)\n    day_clips = fields.Int(required=True)\n    night_clips = fields.Int(required=True)\n\n\nclass ResponseSchema(BaseResponseSchema):\n    publishers_stats = fields.List(fields.Nested(PublisherStatsSchema))\n",
  "slicing": "    country_id = fields.Str(required=True)\n"
 },
 "13": {
  "name": "day_clips",
  "type": "UNKNOWN",
  "class": "unknown",
  "approach": "Pysonar2",
  "file_path": "data-engineer-challenge/src/schema/task.py",
  "lineno": "42",
  "column": "4",
  "context": "):\n    country_id = fields.Str(required=True)\n    day_clips = fields.Int(required=True)\n    night_clips = fields.Int(required=True)\n\n\nclas",
  "context_lines": "    viewable_time = fields.Str(required=True, default=\"0\")\n    unique_clips = fields.Int(required=True)\n\n\nclass CountryClipsSchema(Schema):\n    country_id = fields.Str(required=True)\n    day_clips = fields.Int(required=True)\n    night_clips = fields.Int(required=True)\n\n\nclass ResponseSchema(BaseResponseSchema):\n    publishers_stats = fields.List(fields.Nested(PublisherStatsSchema))\n    top_ten = fields.List(fields.Nested(TopTenEventsSchema))\n",
  "slicing": "    day_clips = fields.Int(required=True)\n"
 },
 "14": {
  "name": "night_clips",
  "type": "UNKNOWN",
  "class": "unknown",
  "approach": "Pysonar2",
  "file_path": "data-engineer-challenge/src/schema/task.py",
  "lineno": "43",
  "column": "4",
  "context": "ue)\n    day_clips = fields.Int(required=True)\n    night_clips = fields.Int(required=True)\n\n\nclass ResponseSchema(BaseResponseSchema):\n    pu",
  "context_lines": "    unique_clips = fields.Int(required=True)\n\n\nclass CountryClipsSchema(Schema):\n    country_id = fields.Str(required=True)\n    day_clips = fields.Int(required=True)\n    night_clips = fields.Int(required=True)\n\n\nclass ResponseSchema(BaseResponseSchema):\n    publishers_stats = fields.List(fields.Nested(PublisherStatsSchema))\n    top_ten = fields.List(fields.Nested(TopTenEventsSchema))\n",
  "slicing": "    night_clips = fields.Int(required=True)\n"
 },
 "15": {
  "name": "publishers_stats",
  "type": "UNKNOWN",
  "class": "unknown",
  "approach": "Pysonar2",
  "file_path": "data-engineer-challenge/src/schema/task.py",
  "lineno": "47",
  "column": "4",
  "context": ")\n\n\nclass ResponseSchema(BaseResponseSchema):\n    publishers_stats = fields.List(fields.Nested(PublisherStatsSchema))\n    top_ten = fields.List(fields.Nested(TopTenEven",
  "context_lines": "    country_id = fields.Str(required=True)\n    day_clips = fields.Int(required=True)\n    night_clips = fields.Int(required=True)\n\n\nclass ResponseSchema(BaseResponseSchema):\n    publishers_stats = fields.List(fields.Nested(PublisherStatsSchema))\n    top_ten = fields.List(fields.Nested(TopTenEventsSchema))\n",
  "slicing": "    publishers_stats = fields.List(fields.Nested(PublisherStatsSchema))\n"
 },
 "16": {
  "name": "top_ten",
  "type": "UNKNOWN",
  "class": "unknown",
  "approach": "Pysonar2",
  "file_path": "data-engineer-challenge/src/schema/task.py",
  "lineno": "48",
  "column": "4",
  "context": "lds.List(fields.Nested(PublisherStatsSchema))\n    top_ten = fields.List(fields.Nested(TopTenEventsSchema))\n    clips_per_country = fields.List(fields.Nested(",
  "context_lines": "    day_clips = fields.Int(required=True)\n    night_clips = fields.Int(required=True)\n\n\nclass ResponseSchema(BaseResponseSchema):\n    publishers_stats = fields.List(fields.Nested(PublisherStatsSchema))\n    top_ten = fields.List(fields.Nested(TopTenEventsSchema))\n",
  "slicing": "    top_ten = fields.List(fields.Nested(TopTenEventsSchema))\n"
 },
 "17": {
  "name": "clips_per_country",
  "type": "UNKNOWN",
  "class": "unknown",
  "approach": "Pysonar2",
  "file_path": "data-engineer-challenge/src/schema/task.py",
  "lineno": "49",
  "column": "4",
  "context": "ields.List(fields.Nested(TopTenEventsSchema))\n    clips_per_country = fields.List(fields.Nested(CountryClipsSchema))\n",
  "context_lines": "    night_clips = fields.Int(required=True)\n\n\nclass ResponseSchema(BaseResponseSchema):\n    publishers_stats = fields.List(fields.Nested(PublisherStatsSchema))\n    top_ten = fields.List(fields.Nested(TopTenEventsSchema))\n    clips_per_country = fields.List(fields.Nested(CountryClipsSchema))\n",
  "slicing": "    clips_per_country = fields.List(fields.Nested(CountryClipsSchema))\n"
 },
 "18": {
  "name": "success",
  "type": "UNKNOWN",
  "class": "unknown",
  "approach": "Pysonar2",
  "file_path": "data-engineer-challenge/src/schema/base.py",
  "lineno": "10",
  "column": "4",
  "context": "post_dump\n\n\nclass BaseResponseSchema(Schema):\n    success = fields.Bool(required=True)\n    error_message = fields.Str()\n\n    @post_dump\n ",
  "context_lines": "# -*- coding: utf-8 -*-\n\nfrom __future__ import absolute_import\n\n\nfrom marshmallow import Schema, fields, post_dump\n\n\nclass BaseResponseSchema(Schema):\n    success = fields.Bool(required=True)\n    error_message = fields.Str()\n\n    @post_dump\n    def remove_empty_fields(self, data):\n",
  "slicing": "    success = fields.Bool(required=True)\n"
 },
 "19": {
  "name": "error_message",
  "type": "UNKNOWN",
  "class": "unknown",
  "approach": "Pysonar2",
  "file_path": "data-engineer-challenge/src/schema/base.py",
  "lineno": "11",
  "column": "4",
  "context": "ma):\n    success = fields.Bool(required=True)\n    error_message = fields.Str()\n\n    @post_dump\n    def remove_empty_fields(self, ",
  "context_lines": "from __future__ import absolute_import\n\n\nfrom marshmallow import Schema, fields, post_dump\n\n\nclass BaseResponseSchema(Schema):\n    success = fields.Bool(required=True)\n    error_message = fields.Str()\n\n    @post_dump\n    def remove_empty_fields(self, data):\n",
  "slicing": "    error_message = fields.Str()\n"
 },
 "20": {
  "name": "SCHEDULERS",
  "type": "dict",
  "class": "build-in",
  "approach": "annotation",
  "file_path": "data-engineer-challenge/src/schedulers/connection.py",
  "lineno": "11",
  "column": "0",
  "context": "m src.schedulers.gearman import GearmanScheduler\n\nSCHEDULERS = {\n    'gearman': GearmanScheduler,\n    'celery': Cel",
  "context_lines": "from __future__ import absolute_import\n\n\nfrom flask import g\n\nfrom src.schedulers.celery import CeleryScheduler\nfrom src.schedulers.gearman import GearmanScheduler\n\nSCHEDULERS = {\n    'gearman': GearmanScheduler,\n    'celery': CeleryScheduler\n}\n\n\ndef get_scheduler():\n",
  "slicing": "SCHEDULERS = {\n"
 },
 "21": {
  "name": "scheduler",
  "type": "UNKNOWN",
  "class": "unknown",
  "approach": "Pysonar2",
  "file_path": "data-engineer-challenge/src/schedulers/connection.py",
  "lineno": "24",
  "column": "4",
  "context": "rn g.scheduler\n\n\ndef close_scheduler(e=None):\n    scheduler = g.pop('scheduler', None)\n\n    if scheduler is not None:\n        scheduler.c",
  "context_lines": "    if 'scheduler' not in g:\n        pass\n    return g.scheduler\n\n\ndef close_scheduler(e=None):\n    scheduler = g.pop('scheduler', None)\n\n    if scheduler is not None:\n",
  "slicing": [
   "    scheduler = g.pop('scheduler', None)\n",
   "    if scheduler is not None:\n",
   "        scheduler.close()\n"
  ]
 },
 "22": {
  "name": "server",
  "type": "str",
  "class": "build-in",
  "approach": "Pysonar2",
  "file_path": "data-engineer-challenge/src/schedulers/gearman.py",
  "lineno": "14",
  "column": "8",
  "context": ", host, port, max_retries, poll_timeout):\n        server = \":\".join([host, str(port)])\n        self.connection = GearmanClient([server])\n",
  "context_lines": "from src.schedulers.base import Scheduler\nfrom src.utils.json import json\n\n\nclass GearmanScheduler(Scheduler):\n\n    def __init__(self, host, port, max_retries, poll_timeout):\n        server = \":\".join([host, str(port)])\n        self.connection = GearmanClient([server])\n        self.max_retries = max_retries\n        self.poll_timeout = poll_timeout\n\n    def close(self):\n",
  "slicing": [
   "        server = \":\".join([host, str(port)])\n",
   "        self.connection = GearmanClient([server])\n"
  ]
 },
 "23": {
  "name": "response",
  "type": "UNKNOWN",
  "class": "unknown",
  "approach": "Pysonar2",
  "file_path": "data-engineer-challenge/src/schedulers/gearman.py",
  "lineno": "23",
  "column": "8",
  "context": "  def schedule(self, task_name, payload):\n        response = self.connection.submit_job(\n            task_name, json.dumps(payload), backgr",
  "context_lines": "        self.poll_timeout = poll_timeout\n\n    def close(self):\n        self.connection.shutdown()\n\n    def schedule(self, task_name, payload):\n        response = self.connection.submit_job(\n            task_name, json.dumps(payload), background=False, priority=PRIORITY_LOW,\n            max_retries=self.max_retries, poll_timeout=self.poll_timeout)\n        if response.timed_out:\n            raise SchedulerTimedOut('Scheduler request timed out')\n",
  "slicing": [
   "        response = self.connection.submit_job(\n",
   "        if response.timed_out:\n",
   "        return json.loads(response.result)\n"
  ]
 },
 "24": {
  "name": "obj",
  "type": "UNKNOWN",
  "class": "unknown",
  "approach": "annotation",
  "file_path": "data-engineer-challenge/src/model/task.py",
  "lineno": "31",
  "column": "8",
  "context": "f from_scheduler_response(cls, response):\n        obj = cls()\n        if response['status']:\n            obj.res",
  "context_lines": "        self.top_ten = []\n        self.clips_per_country = []\n\n    @classmethod\n    def from_scheduler_response(cls, response):\n        obj = cls()\n        if response['status']:\n            obj.response = response[\"response\"]\n        else:\n            obj.error_message = response['error_message']\n",
  "slicing": [
   "        obj = cls()\n",
   "            obj.response = response[\"response\"]\n",
   "            obj.error_message = response['error_message']\n",
   "        return obj\n"
  ]
 },
 "25": {
  "name": "executor",
  "type": "src.task.executor.TaskExecutor",
  "class": "customized",
  "approach": "annotation",
  "file_path": "data-engineer-challenge/src/views/task.py",
  "lineno": "19",
  "column": "8",
  "context": "mplate('index.html')\n\n    def post(self):\n        executor = TaskExecutor(RequestSchema, ResponseSchema, TaskRequest)\n        executor.run()\n        return executor.res",
  "context_lines": "class TaskView(MethodView):\n\n    def get(self):\n        return render_template('index.html')\n\n    def post(self):\n        executor = TaskExecutor(RequestSchema, ResponseSchema, TaskRequest)\n        executor.run()\n",
  "slicing": [
   "        executor = TaskExecutor(RequestSchema, ResponseSchema, TaskRequest)\n",
   "        executor.run()\n",
   "        return executor.response\n"
  ]
 },
 "26": {
  "name": "DEFAULT_HEADERS",
  "type": "dict",
  "class": "build-in",
  "approach": "annotation",
  "file_path": "data-engineer-challenge/src/views/utils.py",
  "lineno": "8",
  "column": "0",
  "context": "t\n\nfrom flask import make_response, current_app\n\n\nDEFAULT_HEADERS = {'Content-Type': 'application/json'}\n\n\ndef custom_error_response(e):\n    current_app.lo",
  "context_lines": "# -*- coding: utf-8 -*-\n\nfrom __future__ import absolute_import\n\nfrom flask import make_response, current_app\n\n\nDEFAULT_HEADERS = {'Content-Type': 'application/json'}\n\n\ndef custom_error_response(e):\n    current_app.logger.warning('unhandled exception %s: %s', e.__class__.__name__, e)\n    description = getattr(e, 'description', 'Internal server error')\n",
  "slicing": [
   "DEFAULT_HEADERS = {'Content-Type': 'application/json'}\n",
   "    return make_response(description, code, DEFAULT_HEADERS)\n"
  ]
 },
 "27": {
  "name": "description",
  "type": "UNKNOWN",
  "class": "unknown",
  "approach": "annotation",
  "file_path": "data-engineer-challenge/src/views/utils.py",
  "lineno": "13",
  "column": "4",
  "context": "d exception %s: %s', e.__class__.__name__, e)\n    description = getattr(e, 'description', 'Internal server error')\n    code = getattr(e, 'code', 500)\n    return make",
  "context_lines": "from flask import make_response, current_app\n\n\nDEFAULT_HEADERS = {'Content-Type': 'application/json'}\n\n\ndef custom_error_response(e):\n    current_app.logger.warning('unhandled exception %s: %s', e.__class__.__name__, e)\n    description = getattr(e, 'description', 'Internal server error')\n    code = getattr(e, 'code', 500)\n",
  "slicing": [
   "    description = getattr(e, 'description', 'Internal server error')\n",
   "    return make_response(description, code, DEFAULT_HEADERS)\n"
  ]
 },
 "28": {
  "name": "code",
  "type": "UNKNOWN",
  "class": "unknown",
  "approach": "annotation",
  "file_path": "data-engineer-challenge/src/views/utils.py",
  "lineno": "14",
  "column": "4",
  "context": "tr(e, 'description', 'Internal server error')\n    code = getattr(e, 'code', 500)\n    return make_response(description, code, DEFAUL",
  "context_lines": "DEFAULT_HEADERS = {'Content-Type': 'application/json'}\n\n\ndef custom_error_response(e):\n    current_app.logger.warning('unhandled exception %s: %s', e.__class__.__name__, e)\n    description = getattr(e, 'description', 'Internal server error')\n    code = getattr(e, 'code', 500)\n",
  "slicing": [
   "    code = getattr(e, 'code', 500)\n",
   "    return make_response(description, code, DEFAULT_HEADERS)\n"
  ]
 },
 "29": {
  "name": "config_parser",
  "type": "UNKNOWN",
  "class": "unknown",
  "approach": "Pysonar2",
  "file_path": "data-engineer-challenge/src/config/conf.py",
  "lineno": "11",
  "column": "4",
  "context": "igparser\nimport os\n\n\nclass ConfigurationObj:\n\n    config_parser = configparser.ConfigParser(os.environ)\n    app_conf_path = os.environ[\"CONFIG_PATH\"]\n    ",
  "context_lines": "from __future__ import absolute_import\n\nimport configparser\nimport os\n\n\nclass ConfigurationObj:\n\n    config_parser = configparser.ConfigParser(os.environ)\n    app_conf_path = os.environ[\"CONFIG_PATH\"]\n    config_parser.read(app_conf_path)\n\n    # Basic Flask Configuration values\n    FLASK_ENV = config_parser.get('application', 'env')\n",
  "slicing": [
   "    config_parser = configparser.ConfigParser(os.environ)\n",
   "    config_parser.read(app_conf_path)\n",
   "    FLASK_ENV = config_parser.get('application', 'env')\n",
   "    ENV = config_parser.get('application', 'env')\n",
   "    LOG_CONFIG_FILE = config_parser.get(\"application\", \"log_config_file\")\n"
  ]
 },
 "30": {
  "name": "app_conf_path",
  "type": "dict",
  "class": "build-in",
  "approach": "annotation",
  "file_path": "data-engineer-challenge/src/config/conf.py",
  "lineno": "12",
  "column": "4",
  "context": "arser = configparser.ConfigParser(os.environ)\n    app_conf_path = os.environ[\"CONFIG_PATH\"]\n    config_parser.read(app_conf_path)\n\n    # Basic",
  "context_lines": "import configparser\nimport os\n\n\nclass ConfigurationObj:\n\n    config_parser = configparser.ConfigParser(os.environ)\n    app_conf_path = os.environ[\"CONFIG_PATH\"]\n    config_parser.read(app_conf_path)\n\n    # Basic Flask Configuration values\n    FLASK_ENV = config_parser.get('application', 'env')\n    ENV = config_parser.get('application', 'env')\n",
  "slicing": [
   "    app_conf_path = os.environ[\"CONFIG_PATH\"]\n",
   "    config_parser.read(app_conf_path)\n"
  ]
 },
 "31": {
  "name": "FLASK_ENV",
  "type": "UNKNOWN",
  "class": "unknown",
  "approach": "Pysonar2",
  "file_path": "data-engineer-challenge/src/config/conf.py",
  "lineno": "16",
  "column": "4",
  "context": "path)\n\n    # Basic Flask Configuration values\n    FLASK_ENV = config_parser.get('application', 'env')\n    ENV = config_parser.get('application', 'env')\n",
  "context_lines": "    config_parser = configparser.ConfigParser(os.environ)\n    app_conf_path = os.environ[\"CONFIG_PATH\"]\n    config_parser.read(app_conf_path)\n\n    # Basic Flask Configuration values\n    FLASK_ENV = config_parser.get('application', 'env')\n    ENV = config_parser.get('application', 'env')\n",
  "slicing": "    FLASK_ENV = config_parser.get('application', 'env')\n"
 },
 "32": {
  "name": "ENV",
  "type": "UNKNOWN",
  "class": "unknown",
  "approach": "Pysonar2",
  "file_path": "data-engineer-challenge/src/config/conf.py",
  "lineno": "17",
  "column": "4",
  "context": "ENV = config_parser.get('application', 'env')\n    ENV = config_parser.get('application', 'env')\n    LOG_CONFIG_FILE = config_parser.get(\"applicati",
  "context_lines": "    app_conf_path = os.environ[\"CONFIG_PATH\"]\n    config_parser.read(app_conf_path)\n\n    # Basic Flask Configuration values\n    FLASK_ENV = config_parser.get('application', 'env')\n    ENV = config_parser.get('application', 'env')\n",
  "slicing": "    ENV = config_parser.get('application', 'env')\n"
 },
 "33": {
  "name": "LOG_CONFIG_FILE",
  "type": "UNKNOWN",
  "class": "unknown",
  "approach": "Pysonar2",
  "file_path": "data-engineer-challenge/src/config/conf.py",
  "lineno": "18",
  "column": "4",
  "context": "ENV = config_parser.get('application', 'env')\n    LOG_CONFIG_FILE = config_parser.get(\"application\", \"log_config_file\")\n",
  "context_lines": "    config_parser.read(app_conf_path)\n\n    # Basic Flask Configuration values\n    FLASK_ENV = config_parser.get('application', 'env')\n    ENV = config_parser.get('application', 'env')\n    LOG_CONFIG_FILE = config_parser.get(\"application\", \"log_config_file\")\n",
  "slicing": "    LOG_CONFIG_FILE = config_parser.get(\"application\", \"log_config_file\")\n"
 },
 "34": {
  "name": "log",
  "type": "UNKNOWN",
  "class": "unknown",
  "approach": "Pysonar2",
  "file_path": "data-engineer-challenge/src/task/executor.py",
  "lineno": "11",
  "column": "0",
  "context": "dOut\nfrom src.views.utils import DEFAULT_HEADERS\n\nlog = logging.getLogger()\n\nredis_db = StrictRedis()\n\n\nclass TaskExecutor(obj",
  "context_lines": "from flask import request, make_response\nfrom redis import StrictRedis\n\nfrom src.utils.exceptions import SchedulerTimedOut\nfrom src.views.utils import DEFAULT_HEADERS\n\nlog = logging.getLogger()\n\nredis_db = StrictRedis()\n\n\nclass TaskExecutor(object):\n\n    def __init__(self, request_schema_class, response_schema_class, response_model_class):\n",
  "slicing": "log = logging.getLogger()\n"
 },
 "35": {
  "name": "redis_db",
  "type": "redis.StrictRedis",
  "class": "imported",
  "approach": "annotation",
  "file_path": "data-engineer-challenge/src/task/executor.py",
  "lineno": "13",
  "column": "0",
  "context": "mport DEFAULT_HEADERS\n\nlog = logging.getLogger()\n\nredis_db = StrictRedis()\n\n\nclass TaskExecutor(object):\n\n    def __init__(se",
  "context_lines": "from redis import StrictRedis\n\nfrom src.utils.exceptions import SchedulerTimedOut\nfrom src.views.utils import DEFAULT_HEADERS\n\nlog = logging.getLogger()\n\nredis_db = StrictRedis()\n\n\nclass TaskExecutor(object):\n\n    def __init__(self, request_schema_class, response_schema_class, response_model_class):\n        self.request_schema = request_schema_class()\n",
  "slicing": "redis_db = StrictRedis()\n"
 },
 "36": {
  "name": "request_body",
  "type": "UNKNOWN",
  "class": "unknown",
  "approach": "Pysonar2",
  "file_path": "data-engineer-challenge/src/task/executor.py",
  "lineno": "26",
  "column": "8",
  "context": " self.response = None\n\n    def run(self):\n        request_body = request.get_json(force=True)\n        request_model, errors = self.request_schem",
  "context_lines": "        self.response_model_class = response_model_class\n        self.scheduler = None\n        self.response = None\n\n    def run(self):\n        request_body = request.get_json(force=True)\n        request_model, errors = self.request_schema.load(request_body)\n\n        if errors:\n            response_model = self.response_model_class.for_failure('Failed Schema Validation', errors)\n        else:\n",
  "slicing": [
   "        request_body = request.get_json(force=True)\n",
   "        request_model, errors = self.request_schema.load(request_body)\n",
   "        if errors:\n",
   "            response_model = self.response_model_class.for_failure('Failed Schema Validation', errors)\n",
   "                self.scheduler = request_model.scheduler\n",
   "                task_payload = request_model.prepare_task_payload()\n",
   "                scheduler_response = self.scheduler.schedule(task_payload)\n",
   "                response_model = self.response_model_class.from_scheduler_response(scheduler_response, request_model)\n",
   "        response_body = self.response_schema.dumps(response_model)\n",
   "        self.response = make_response(response_body.data, DEFAULT_HEADERS)\n"
  ]
 },
 "37": {
  "name": "request_model",
  "type": "UNKNOWN",
  "class": "unknown",
  "approach": "Pysonar2",
  "file_path": "data-engineer-challenge/src/task/executor.py",
  "lineno": "27",
  "column": "8",
  "context": "quest_body = request.get_json(force=True)\n        request_model, errors = self.request_schema.load(request_body)\n\n        if errors:\n            response_model = s",
  "context_lines": "        self.scheduler = None\n        self.response = None\n\n    def run(self):\n        request_body = request.get_json(force=True)\n        request_model, errors = self.request_schema.load(request_body)\n\n        if errors:\n            response_model = self.response_model_class.for_failure('Failed Schema Validation', errors)\n        else:\n",
  "slicing": [
   "        request_model, errors = self.request_schema.load(request_body)\n",
   "                self.scheduler = request_model.scheduler\n",
   "                task_payload = request_model.prepare_task_payload()\n",
   "                scheduler_response = self.scheduler.schedule(task_payload)\n",
   "                response_model = self.response_model_class.from_scheduler_response(scheduler_response, request_model)\n",
   "        response_body = self.response_schema.dumps(response_model)\n",
   "        self.response = make_response(response_body.data, DEFAULT_HEADERS)\n"
  ]
 },
 "38": {
  "name": "errors",
  "type": "UNKNOWN",
  "class": "unknown",
  "approach": "Pysonar2",
  "file_path": "data-engineer-challenge/src/task/executor.py",
  "lineno": "27",
  "column": "23",
  "context": "quest.get_json(force=True)\n        request_model, errors = self.request_schema.load(request_body)\n\n        if errors:\n            response_model = s",
  "context_lines": "        self.scheduler = None\n        self.response = None\n\n    def run(self):\n        request_body = request.get_json(force=True)\n        request_model, errors = self.request_schema.load(request_body)\n\n        if errors:\n            response_model = self.response_model_class.for_failure('Failed Schema Validation', errors)\n        else:\n",
  "slicing": [
   "        request_model, errors = self.request_schema.load(request_body)\n",
   "        if errors:\n",
   "            response_model = self.response_model_class.for_failure('Failed Schema Validation', errors)\n",
   "        response_body = self.response_schema.dumps(response_model)\n",
   "        self.response = make_response(response_body.data, DEFAULT_HEADERS)\n"
  ]
 },
 "39": {
  "name": "response_model",
  "type": "UNKNOWN",
  "class": "unknown",
  "approach": "Pysonar2",
  "file_path": "data-engineer-challenge/src/task/executor.py",
  "lineno": "30",
  "column": "12",
  "context": "oad(request_body)\n\n        if errors:\n            response_model = self.response_model_class.for_failure('Failed Schema Validation', errors)\n        else:\n            try:\n                sel",
  "context_lines": "    def run(self):\n        request_body = request.get_json(force=True)\n        request_model, errors = self.request_schema.load(request_body)\n\n        if errors:\n            response_model = self.response_model_class.for_failure('Failed Schema Validation', errors)\n        else:\n            try:\n                self.scheduler = request_model.scheduler\n                task_payload = request_model.prepare_task_payload()\n",
  "slicing": [
   "            response_model = self.response_model_class.for_failure('Failed Schema Validation', errors)\n",
   "        response_body = self.response_schema.dumps(response_model)\n",
   "        self.response = make_response(response_body.data, DEFAULT_HEADERS)\n"
  ]
 },
 "40": {
  "name": "response_body",
  "type": "UNKNOWN",
  "class": "unknown",
  "approach": "Pysonar2",
  "file_path": "data-engineer-challenge/src/task/executor.py",
  "lineno": "40",
  "column": "8",
  "context": "self.response_model_class.for_failure(e)\n\n        response_body = self.response_schema.dumps(response_model)\n        self.response = make_response(response_bod",
  "context_lines": "                scheduler_response = self.scheduler.schedule(task_payload)\n                response_model = self.response_model_class.from_scheduler_response(scheduler_response, request_model)\n            except SchedulerTimedOut as e:\n                response_model = self.response_model_class.for_failure(e)\n\n        response_body = self.response_schema.dumps(response_model)\n        self.response = make_response(response_body.data, DEFAULT_HEADERS)\n\n#\n# @time_logged\n# def main(cli_args):\n",
  "slicing": [
   "        response_body = self.response_schema.dumps(response_model)\n",
   "        self.response = make_response(response_body.data, DEFAULT_HEADERS)\n"
  ]
 },
 "41": {
  "name": "task_payload",
  "type": "UNKNOWN",
  "class": "unknown",
  "approach": "Pysonar2",
  "file_path": "data-engineer-challenge/src/task/executor.py",
  "lineno": "34",
  "column": "16",
  "context": "heduler = request_model.scheduler\n                task_payload = request_model.prepare_task_payload()\n                scheduler_response = self.schedule",
  "context_lines": "            response_model = self.response_model_class.for_failure('Failed Schema Validation', errors)\n        else:\n            try:\n                self.scheduler = request_model.scheduler\n                task_payload = request_model.prepare_task_payload()\n                scheduler_response = self.scheduler.schedule(task_payload)\n                response_model = self.response_model_class.from_scheduler_response(scheduler_response, request_model)\n            except SchedulerTimedOut as e:\n                response_model = self.response_model_class.for_failure(e)\n\n",
  "slicing": [
   "                task_payload = request_model.prepare_task_payload()\n",
   "                scheduler_response = self.scheduler.schedule(task_payload)\n",
   "                response_model = self.response_model_class.from_scheduler_response(scheduler_response, request_model)\n",
   "        response_body = self.response_schema.dumps(response_model)\n",
   "        self.response = make_response(response_body.data, DEFAULT_HEADERS)\n"
  ]
 },
 "42": {
  "name": "scheduler_response",
  "type": "UNKNOWN",
  "class": "unknown",
  "approach": "Pysonar2",
  "file_path": "data-engineer-challenge/src/task/executor.py",
  "lineno": "35",
  "column": "16",
  "context": "uest_model.prepare_task_payload()\n                scheduler_response = self.scheduler.schedule(task_payload)\n                response_model = self.response_mod",
  "context_lines": "        else:\n            try:\n                self.scheduler = request_model.scheduler\n                task_payload = request_model.prepare_task_payload()\n                scheduler_response = self.scheduler.schedule(task_payload)\n                response_model = self.response_model_class.from_scheduler_response(scheduler_response, request_model)\n            except SchedulerTimedOut as e:\n                response_model = self.response_model_class.for_failure(e)\n\n        response_body = self.response_schema.dumps(response_model)\n",
  "slicing": [
   "                scheduler_response = self.scheduler.schedule(task_payload)\n",
   "                response_model = self.response_model_class.from_scheduler_response(scheduler_response, request_model)\n",
   "        response_body = self.response_schema.dumps(response_model)\n",
   "        self.response = make_response(response_body.data, DEFAULT_HEADERS)\n"
  ]
 },
 "43": {
  "name": "response_model",
  "type": "UNKNOWN",
  "class": "unknown",
  "approach": "Pysonar2",
  "file_path": "data-engineer-challenge/src/task/executor.py",
  "lineno": "36",
  "column": "16",
  "context": ".scheduler.schedule(task_payload)\n                response_model = self.response_model_class.from_scheduler_response(scheduler_response, request_model)\n            except SchedulerTimedOut as e:\n       ",
  "context_lines": "            try:\n                self.scheduler = request_model.scheduler\n                task_payload = request_model.prepare_task_payload()\n                scheduler_response = self.scheduler.schedule(task_payload)\n                response_model = self.response_model_class.from_scheduler_response(scheduler_response, request_model)\n            except SchedulerTimedOut as e:\n                response_model = self.response_model_class.for_failure(e)\n\n        response_body = self.response_schema.dumps(response_model)\n        self.response = make_response(response_body.data, DEFAULT_HEADERS)\n\n",
  "slicing": [
   "                response_model = self.response_model_class.from_scheduler_response(scheduler_response, request_model)\n",
   "        response_body = self.response_schema.dumps(response_model)\n",
   "        self.response = make_response(response_body.data, DEFAULT_HEADERS)\n"
  ]
 },
 "44": {
  "name": "response_model",
  "type": "UNKNOWN",
  "class": "unknown",
  "approach": "Pysonar2",
  "file_path": "data-engineer-challenge/src/task/executor.py",
  "lineno": "38",
  "column": "16",
  "context": "   except SchedulerTimedOut as e:\n                response_model = self.response_model_class.for_failure(e)\n\n        response_body = self.response_schema.dump",
  "context_lines": "                task_payload = request_model.prepare_task_payload()\n                scheduler_response = self.scheduler.schedule(task_payload)\n                response_model = self.response_model_class.from_scheduler_response(scheduler_response, request_model)\n            except SchedulerTimedOut as e:\n                response_model = self.response_model_class.for_failure(e)\n\n        response_body = self.response_schema.dumps(response_model)\n        self.response = make_response(response_body.data, DEFAULT_HEADERS)\n\n#\n",
  "slicing": [
   "                response_model = self.response_model_class.for_failure(e)\n",
   "        response_body = self.response_schema.dumps(response_model)\n",
   "        self.response = make_response(response_body.data, DEFAULT_HEADERS)\n"
  ]
 },
 "45": {
  "name": "log",
  "type": "UNKNOWN",
  "class": "unknown",
  "approach": "Pysonar2",
  "file_path": "data-engineer-challenge/src/task/event.py",
  "lineno": "10",
  "column": "0",
  "context": "d, get_random_country, generate_random_timestamp\n\nlog = logging.getLogger()\n\n\ndef create_event(start_date, end_date, redis_db)",
  "context_lines": "import logging\nimport random\nimport uuid\nfrom src.task.utils import generate_id, get_random_country, generate_random_timestamp\n\nlog = logging.getLogger()\n\n\ndef create_event(start_date, end_date, redis_db):\n    # log.info(\"Creating event with start_date %s and end_date %s\", start_date, end_date)\n    event = {'clip': generate_id(4),\n",
  "slicing": "log = logging.getLogger()\n"
 },
 "46": {
  "name": "event",
  "type": "dict",
  "class": "build-in",
  "approach": "annotation",
  "file_path": "data-engineer-challenge/src/task/event.py",
  "lineno": "15",
  "column": "4",
  "context": "te %s and end_date %s\", start_date, end_date)\n    event = {'clip': generate_id(4),\n             'country': get_random_country(),\n    ",
  "context_lines": "from src.task.utils import generate_id, get_random_country, generate_random_timestamp\n\nlog = logging.getLogger()\n\n\ndef create_event(start_date, end_date, redis_db):\n    # log.info(\"Creating event with start_date %s and end_date %s\", start_date, end_date)\n    event = {'clip': generate_id(4),\n             'country': get_random_country(),\n             'event_id': uuid.uuid4().hex,\n             'publisher_id': generate_id(2),\n             'viewable_time': random.randint(1, 30),\n",
  "slicing": [
   "    event = {'clip': generate_id(4),\n",
   "    redis_db.set(event['event_id'], event)\n"
  ]
 },
 "47": {
  "name": "countries",
  "type": "list",
  "class": "build-in",
  "approach": "annotation",
  "file_path": "data-engineer-challenge/src/task/countries.py",
  "lineno": "1",
  "column": "0",
  "context": "countries = [\n    ('AF', u'Afghanistan'),\n    ('AX', u'\\xc5land ",
  "context_lines": "countries = [\n    ('AF', u'Afghanistan'),\n    ('AX', u'\\xc5land Islands'),\n    ('AL', u'Albania'),\n    ('DZ', u'Algeria'),\n",
  "slicing": "countries = [\n"
 },
 "48": {
  "name": "log",
  "type": "UNKNOWN",
  "class": "unknown",
  "approach": "Pysonar2",
  "file_path": "data-engineer-challenge/src/task/utils.py",
  "lineno": "15",
  "column": "0",
  "context": " wraps\n\nfrom src.task.countries import countries\n\nlog = logging.getLogger()\n\n\ndef generate_id(id_length):\n    # log.info(\"Gene",
  "context_lines": "from contextlib import contextmanager\nfrom datetime import datetime\nfrom functools import wraps\n\nfrom src.task.countries import countries\n\nlog = logging.getLogger()\n\n\ndef generate_id(id_length):\n    # log.info(\"Generating ID of length %s\", id_length)\n    if id_length == 4:\n",
  "slicing": [
   "log = logging.getLogger()\n",
   "        log.error(\"An error occurs while generating id of length %s\", id_length)\n",
   "    log.info(end_time - start_time)\n"
  ]
 },
 "49": {
  "name": "new_id",
  "type": "UNKNOWN",
  "class": "unknown",
  "approach": "Pysonar2",
  "file_path": "data-engineer-challenge/src/task/utils.py",
  "lineno": "21",
  "column": "8",
  "context": "th %s\", id_length)\n    if id_length == 4:\n        new_id = random.randint(1000, 9999)\n    elif id_length == 2:\n        new_id = random.r",
  "context_lines": "log = logging.getLogger()\n\n\ndef generate_id(id_length):\n    # log.info(\"Generating ID of length %s\", id_length)\n    if id_length == 4:\n        new_id = random.randint(1000, 9999)\n    elif id_length == 2:\n        new_id = random.randint(10, 99)\n    else:\n        log.error(\"An error occurs while generating id of length %s\", id_length)\n",
  "slicing": [
   "        new_id = random.randint(1000, 9999)\n",
   "    return new_id\n"
  ]
 },
 "50": {
  "name": "new_id",
  "type": "UNKNOWN",
  "class": "unknown",
  "approach": "Pysonar2",
  "file_path": "data-engineer-challenge/src/task/utils.py",
  "lineno": "23",
  "column": "8",
  "context": "dint(1000, 9999)\n    elif id_length == 2:\n        new_id = random.randint(10, 99)\n    else:\n        log.error(\"An error occurs while",
  "context_lines": "    # log.info(\"Generating ID of length %s\", id_length)\n    if id_length == 4:\n        new_id = random.randint(1000, 9999)\n    elif id_length == 2:\n        new_id = random.randint(10, 99)\n    else:\n        log.error(\"An error occurs while generating id of length %s\", id_length)\n        raise Exception\n    # log.info(\"Successfully generated id %s\", new_id)\n",
  "slicing": [
   "        new_id = random.randint(10, 99)\n",
   "    return new_id\n"
  ]
 },
 "51": {
  "name": "start_time",
  "type": "datetime.datetime",
  "class": "imported",
  "approach": "Pysonar2",
  "file_path": "data-engineer-challenge/src/task/utils.py",
  "lineno": "51",
  "column": "4",
  "context": "   with('my_ops'):\n        long_ops()\n    \"\"\"\n    start_time = datetime.now()\n    yield\n    end_time = datetime.now()\n    log.in",
  "context_lines": "    Log time spent on a block of code. Use it as a context manager.\n    with('my_ops'):\n        long_ops()\n    \"\"\"\n    start_time = datetime.now()\n    yield\n    end_time = datetime.now()\n    log.info(end_time - start_time)\n\n\ndef time_logged(f):\n",
  "slicing": [
   "    start_time = datetime.now()\n",
   "    log.info(end_time - start_time)\n"
  ]
 },
 "52": {
  "name": "end_time",
  "type": "datetime.datetime",
  "class": "imported",
  "approach": "Pysonar2",
  "file_path": "data-engineer-challenge/src/task/utils.py",
  "lineno": "53",
  "column": "4",
  "context": "\"\"\"\n    start_time = datetime.now()\n    yield\n    end_time = datetime.now()\n    log.info(end_time - start_time)\n\n\ndef time_log",
  "context_lines": "        long_ops()\n    \"\"\"\n    start_time = datetime.now()\n    yield\n    end_time = datetime.now()\n    log.info(end_time - start_time)\n\n\ndef time_logged(f):\n    @wraps(f)\n    def wrapper(*args, **kwargs):\n",
  "slicing": [
   "    end_time = datetime.now()\n",
   "    log.info(end_time - start_time)\n"
  ]
 },
 "53": {
  "name": "parser",
  "type": "UNKNOWN",
  "class": "unknown",
  "approach": "Pysonar2",
  "file_path": "data-engineer-challenge/src/task/utils.py",
  "lineno": "67",
  "column": "4",
  "context": " wrapper\n\n\ndef parse_cli_arguments(cli_args):\n    parser = argparse.ArgumentParser('[DatENG]')\n\n    parser.add_argument(\n        '--number-of-eve",
  "context_lines": "        with perf_timer():\n            return f(*args, **kwargs)\n\n    return wrapper\n\n\ndef parse_cli_arguments(cli_args):\n    parser = argparse.ArgumentParser('[DatENG]')\n\n    parser.add_argument(\n        '--number-of-events',\n        dest='num_of_events', required=True, type=int,\n",
  "slicing": [
   "    parser = argparse.ArgumentParser('[DatENG]')\n",
   "    parser.add_argument(\n",
   "    parser.add_argument(\n",
   "    parser.add_argument(\n",
   "    parsed_args = parser.parse_args(cli_args)\n",
   "    return parsed_args\n"
  ]
 },
 "54": {
  "name": "parsed_args",
  "type": "UNKNOWN",
  "class": "unknown",
  "approach": "Pysonar2",
  "file_path": "data-engineer-challenge/src/task/utils.py",
  "lineno": "87",
  "column": "4",
  "context": "%I:%M:%S format. Leave empty for Now.'\n    )\n\n    parsed_args = parser.parse_args(cli_args)\n\n    return parsed_args\n",
  "context_lines": "        '--date-to',\n        dest='date_to', nargs='+',\n        help='Processing date to, in YYYYMMDD %I:%M:%S format. Leave empty for Now.'\n    )\n\n    parsed_args = parser.parse_args(cli_args)\n\n",
  "slicing": [
   "    parsed_args = parser.parse_args(cli_args)\n",
   "    return parsed_args\n"
  ]
 },
 "55": {
  "name": "app",
  "type": "UNKNOWN",
  "class": "unknown",
  "approach": "Pysonar2",
  "file_path": "data-engineer-challenge/src/factory.py",
  "lineno": "15",
  "column": "28",
  "context": "stom_error_response\n\n\ndef register_error_handlers(app):\n    app.register_error_handler(404, custom_error_r",
  "context_lines": "from flask import Flask\n\nfrom src.config.conf import ConfigurationObj\nfrom src.views.task import TaskView\nfrom src.views.utils import custom_error_response\n\n\ndef register_error_handlers(app):\n    app.register_error_handler(404, custom_error_response)\n    app.register_error_handler(400, custom_error_response)\n    app.register_error_handler(500, custom_error_response)\n\n\ndef setup_logging(app):\n",
  "slicing": [
   "def register_error_handlers(app):\n",
   "    register_error_handlers(app)\n",
   "    setup_logging(app)\n",
   "    return app\n"
  ]
 },
 "56": {
  "name": "app",
  "type": "UNKNOWN",
  "class": "unknown",
  "approach": "Pysonar2",
  "file_path": "data-engineer-challenge/src/factory.py",
  "lineno": "21",
  "column": "18",
  "context": "r(500, custom_error_response)\n\n\ndef setup_logging(app):\n    fileConfig(app.config[\"LOG_CONFIG_FILE\"], defa",
  "context_lines": "def register_error_handlers(app):\n    app.register_error_handler(404, custom_error_response)\n    app.register_error_handler(400, custom_error_response)\n    app.register_error_handler(500, custom_error_response)\n\n\ndef setup_logging(app):\n    fileConfig(app.config[\"LOG_CONFIG_FILE\"], defaults=os.environ)\n\n\ndef create_app():\n    app = Flask(\"DataEngineerChallenge\")\n    app.config.from_object(ConfigurationObj)\n",
  "slicing": [
   "def setup_logging(app):\n",
   "    setup_logging(app)\n",
   "    return app\n"
  ]
 },
 "57": {
  "name": "data",
  "type": "UNKNOWN",
  "class": "unknown",
  "approach": "Pysonar2",
  "file_path": "data-engineer-challenge/src/schema/task.py",
  "lineno": "19",
  "column": "33",
  "context": ")\n\n    @pre_load\n    def add_datetime_range(self, data):\n        data[\"datetime_range\"] = data[\"end_date\"] ",
  "context_lines": "    start_date = fields.Date(required=True)\n    end_date = fields.Date(required=True)\n    scheduler = fields.Str(missing=\"celery\")\n\n    @pre_load\n    def add_datetime_range(self, data):\n        data[\"datetime_range\"] = data[\"end_date\"] - data['start_date']\n        return data\n\n    @post_load\n    def make_task_params(self, data):\n",
  "slicing": "    def add_datetime_range(self, data):\n"
 },
 "58": {
  "name": "data",
  "type": "UNKNOWN",
  "class": "unknown",
  "approach": "Pysonar2",
  "file_path": "data-engineer-challenge/src/schema/task.py",
  "lineno": "24",
  "column": "31",
  "context": "ta\n\n    @post_load\n    def make_task_params(self, data):\n        return TaskRequest(**data)\n\n\nclass TopTenE",
  "context_lines": "    def add_datetime_range(self, data):\n        data[\"datetime_range\"] = data[\"end_date\"] - data['start_date']\n        return data\n\n    @post_load\n    def make_task_params(self, data):\n        return TaskRequest(**data)\n\n\nclass TopTenEventsSchema(Schema):\n    order = fields.Int(required=True)\n    publisher_id = fields.Str(required=True)\n",
  "slicing": "    def make_task_params(self, data):\n"
 },
 "59": {
  "name": "data",
  "type": "UNKNOWN",
  "class": "unknown",
  "approach": "Pysonar2",
  "file_path": "data-engineer-challenge/src/schema/base.py",
  "lineno": "14",
  "column": "34",
  "context": "\n    @post_dump\n    def remove_empty_fields(self, data):\n        return {k: v for k, v in data.items() if v",
  "context_lines": "class BaseResponseSchema(Schema):\n    success = fields.Bool(required=True)\n    error_message = fields.Str()\n\n    @post_dump\n    def remove_empty_fields(self, data):\n",
  "slicing": "    def remove_empty_fields(self, data):\n"
 },
 "60": {
  "name": "task_name",
  "type": "UNKNOWN",
  "class": "unknown",
  "approach": "Pysonar2",
  "file_path": "data-engineer-challenge/src/schedulers/celery.py",
  "lineno": "13",
  "column": "23",
  "context": "ose(self):\n        return\n\n    def schedule(self, task_name, payload):\n        return\n",
  "context_lines": "from src.schedulers.base import Scheduler\n\n\nclass CeleryScheduler(Scheduler):\n\n    def close(self):\n        return\n\n    def schedule(self, task_name, payload):\n",
  "slicing": "    def schedule(self, task_name, payload):\n"
 },
 "61": {
  "name": "payload",
  "type": "UNKNOWN",
  "class": "unknown",
  "approach": "Pysonar2",
  "file_path": "data-engineer-challenge/src/schedulers/celery.py",
  "lineno": "13",
  "column": "34",
  "context": "        return\n\n    def schedule(self, task_name, payload):\n        return\n",
  "context_lines": "from src.schedulers.base import Scheduler\n\n\nclass CeleryScheduler(Scheduler):\n\n    def close(self):\n        return\n\n    def schedule(self, task_name, payload):\n",
  "slicing": "    def schedule(self, task_name, payload):\n"
 },
 "62": {
  "name": "e",
  "type": "UNKNOWN",
  "class": "unknown",
  "approach": "Pysonar2",
  "file_path": "data-engineer-challenge/src/schedulers/connection.py",
  "lineno": "23",
  "column": "20",
  "context": "pass\n    return g.scheduler\n\n\ndef close_scheduler(e=None):\n    scheduler = g.pop('scheduler', None)\n\n    if s",
  "context_lines": "def get_scheduler():\n    if 'scheduler' not in g:\n        pass\n    return g.scheduler\n\n\ndef close_scheduler(e=None):\n    scheduler = g.pop('scheduler', None)\n\n    if scheduler is not None:\n",
  "slicing": "def close_scheduler(e=None):\n"
 },
 "63": {
  "name": "host",
  "type": "UNKNOWN",
  "class": "unknown",
  "approach": "Pysonar2",
  "file_path": "data-engineer-challenge/src/schedulers/gearman.py",
  "lineno": "13",
  "column": "23",
  "context": "rmanScheduler(Scheduler):\n\n    def __init__(self, host, port, max_retries, poll_timeout):\n        server = \":\".join([host, str(port)])\n     ",
  "context_lines": "from src.utils.exceptions import SchedulerTimedOut\nfrom src.schedulers.base import Scheduler\nfrom src.utils.json import json\n\n\nclass GearmanScheduler(Scheduler):\n\n    def __init__(self, host, port, max_retries, poll_timeout):\n        server = \":\".join([host, str(port)])\n        self.connection = GearmanClient([server])\n        self.max_retries = max_retries\n        self.poll_timeout = poll_timeout\n\n",
  "slicing": "    def __init__(self, host, port, max_retries, poll_timeout):\n"
 },
 "64": {
  "name": "port",
  "type": "UNKNOWN",
  "class": "unknown",
  "approach": "Pysonar2",
  "file_path": "data-engineer-challenge/src/schedulers/gearman.py",
  "lineno": "13",
  "column": "29",
  "context": "heduler(Scheduler):\n\n    def __init__(self, host, port, max_retries, poll_timeout):\n        server = \":\".join([host, str(port)])\n     ",
  "context_lines": "from src.utils.exceptions import SchedulerTimedOut\nfrom src.schedulers.base import Scheduler\nfrom src.utils.json import json\n\n\nclass GearmanScheduler(Scheduler):\n\n    def __init__(self, host, port, max_retries, poll_timeout):\n        server = \":\".join([host, str(port)])\n        self.connection = GearmanClient([server])\n        self.max_retries = max_retries\n        self.poll_timeout = poll_timeout\n\n",
  "slicing": "    def __init__(self, host, port, max_retries, poll_timeout):\n"
 },
 "65": {
  "name": "max_retries",
  "type": "UNKNOWN",
  "class": "unknown",
  "approach": "Pysonar2",
  "file_path": "data-engineer-challenge/src/schedulers/gearman.py",
  "lineno": "13",
  "column": "35",
  "context": "r(Scheduler):\n\n    def __init__(self, host, port, max_retries, poll_timeout):\n        server = \":\".join([host, str(port)])\n     ",
  "context_lines": "from src.utils.exceptions import SchedulerTimedOut\nfrom src.schedulers.base import Scheduler\nfrom src.utils.json import json\n\n\nclass GearmanScheduler(Scheduler):\n\n    def __init__(self, host, port, max_retries, poll_timeout):\n        server = \":\".join([host, str(port)])\n        self.connection = GearmanClient([server])\n        self.max_retries = max_retries\n        self.poll_timeout = poll_timeout\n\n",
  "slicing": "    def __init__(self, host, port, max_retries, poll_timeout):\n"
 },
 "66": {
  "name": "poll_timeout",
  "type": "UNKNOWN",
  "class": "unknown",
  "approach": "Pysonar2",
  "file_path": "data-engineer-challenge/src/schedulers/gearman.py",
  "lineno": "13",
  "column": "48",
  "context": "\n\n    def __init__(self, host, port, max_retries, poll_timeout):\n        server = \":\".join([host, str(port)])\n     ",
  "context_lines": "from src.utils.exceptions import SchedulerTimedOut\nfrom src.schedulers.base import Scheduler\nfrom src.utils.json import json\n\n\nclass GearmanScheduler(Scheduler):\n\n    def __init__(self, host, port, max_retries, poll_timeout):\n        server = \":\".join([host, str(port)])\n        self.connection = GearmanClient([server])\n        self.max_retries = max_retries\n        self.poll_timeout = poll_timeout\n\n",
  "slicing": "    def __init__(self, host, port, max_retries, poll_timeout):\n"
 },
 "67": {
  "name": "task_name",
  "type": "UNKNOWN",
  "class": "unknown",
  "approach": "Pysonar2",
  "file_path": "data-engineer-challenge/src/schedulers/gearman.py",
  "lineno": "22",
  "column": "23",
  "context": "elf.connection.shutdown()\n\n    def schedule(self, task_name, payload):\n        response = self.connection.submit_job(\n   ",
  "context_lines": "        self.max_retries = max_retries\n        self.poll_timeout = poll_timeout\n\n    def close(self):\n        self.connection.shutdown()\n\n    def schedule(self, task_name, payload):\n        response = self.connection.submit_job(\n            task_name, json.dumps(payload), background=False, priority=PRIORITY_LOW,\n            max_retries=self.max_retries, poll_timeout=self.poll_timeout)\n        if response.timed_out:\n",
  "slicing": "    def schedule(self, task_name, payload):\n"
 },
 "68": {
  "name": "payload",
  "type": "UNKNOWN",
  "class": "unknown",
  "approach": "Pysonar2",
  "file_path": "data-engineer-challenge/src/schedulers/gearman.py",
  "lineno": "22",
  "column": "34",
  "context": "ion.shutdown()\n\n    def schedule(self, task_name, payload):\n        response = self.connection.submit_job(\n   ",
  "context_lines": "        self.max_retries = max_retries\n        self.poll_timeout = poll_timeout\n\n    def close(self):\n        self.connection.shutdown()\n\n    def schedule(self, task_name, payload):\n        response = self.connection.submit_job(\n            task_name, json.dumps(payload), background=False, priority=PRIORITY_LOW,\n            max_retries=self.max_retries, poll_timeout=self.poll_timeout)\n        if response.timed_out:\n",
  "slicing": "    def schedule(self, task_name, payload):\n"
 },
 "69": {
  "name": "task_name",
  "type": "UNKNOWN",
  "class": "unknown",
  "approach": "Pysonar2",
  "file_path": "data-engineer-challenge/src/schedulers/base.py",
  "lineno": "16",
  "column": "23",
  "context": "n\n\n    @abc.abstractmethod\n    def schedule(self, task_name, payload):\n        return\n",
  "context_lines": "    @abc.abstractmethod\n    def close(self):\n        return\n\n    @abc.abstractmethod\n    def schedule(self, task_name, payload):\n",
  "slicing": "    def schedule(self, task_name, payload):\n"
 },
 "70": {
  "name": "payload",
  "type": "UNKNOWN",
  "class": "unknown",
  "approach": "Pysonar2",
  "file_path": "data-engineer-challenge/src/schedulers/base.py",
  "lineno": "16",
  "column": "34",
  "context": ".abstractmethod\n    def schedule(self, task_name, payload):\n        return\n",
  "context_lines": "    @abc.abstractmethod\n    def close(self):\n        return\n\n    @abc.abstractmethod\n    def schedule(self, task_name, payload):\n",
  "slicing": "    def schedule(self, task_name, payload):\n"
 },
 "71": {
  "name": "total_events",
  "type": "UNKNOWN",
  "class": "unknown",
  "approach": "Pysonar2",
  "file_path": "data-engineer-challenge/src/model/task.py",
  "lineno": "10",
  "column": "23",
  "context": "onse\n\n\nclass TaskRequest:\n\n    def __init__(self, total_events=None, start_date=None, end_date=None, datetime_range=None, scheduler=None):\n        self.total_events = total_events\n        s",
  "context_lines": "# -*- coding: utf-8 -*-\n\nfrom __future__ import absolute_import\n\nfrom src.model.base import BaseResponse\n\n\nclass TaskRequest:\n\n    def __init__(self, total_events=None, start_date=None, end_date=None, datetime_range=None, scheduler=None):\n        self.total_events = total_events\n        self.start_date = start_date\n        self.end_date = end_date\n        self.datetime_range = datetime_range\n",
  "slicing": "    def __init__(self, total_events=None, start_date=None, end_date=None, datetime_range=None, scheduler=None):\n"
 },
 "72": {
  "name": "start_date",
  "type": "UNKNOWN",
  "class": "unknown",
  "approach": "Pysonar2",
  "file_path": "data-engineer-challenge/src/model/task.py",
  "lineno": "10",
  "column": "42",
  "context": "quest:\n\n    def __init__(self, total_events=None, start_date=None, end_date=None, datetime_range=None, scheduler=None):\n        self.total_events = total_events\n        s",
  "context_lines": "# -*- coding: utf-8 -*-\n\nfrom __future__ import absolute_import\n\nfrom src.model.base import BaseResponse\n\n\nclass TaskRequest:\n\n    def __init__(self, total_events=None, start_date=None, end_date=None, datetime_range=None, scheduler=None):\n        self.total_events = total_events\n        self.start_date = start_date\n        self.end_date = end_date\n        self.datetime_range = datetime_range\n",
  "slicing": "    def __init__(self, total_events=None, start_date=None, end_date=None, datetime_range=None, scheduler=None):\n"
 },
 "73": {
  "name": "end_date",
  "type": "UNKNOWN",
  "class": "unknown",
  "approach": "Pysonar2",
  "file_path": "data-engineer-challenge/src/model/task.py",
  "lineno": "10",
  "column": "59",
  "context": "_init__(self, total_events=None, start_date=None, end_date=None, datetime_range=None, scheduler=None):\n        self.total_events = total_events\n        s",
  "context_lines": "# -*- coding: utf-8 -*-\n\nfrom __future__ import absolute_import\n\nfrom src.model.base import BaseResponse\n\n\nclass TaskRequest:\n\n    def __init__(self, total_events=None, start_date=None, end_date=None, datetime_range=None, scheduler=None):\n        self.total_events = total_events\n        self.start_date = start_date\n        self.end_date = end_date\n        self.datetime_range = datetime_range\n",
  "slicing": "    def __init__(self, total_events=None, start_date=None, end_date=None, datetime_range=None, scheduler=None):\n"
 },
 "74": {
  "name": "datetime_range",
  "type": "UNKNOWN",
  "class": "unknown",
  "approach": "Pysonar2",
  "file_path": "data-engineer-challenge/src/model/task.py",
  "lineno": "10",
  "column": "74",
  "context": "otal_events=None, start_date=None, end_date=None, datetime_range=None, scheduler=None):\n        self.total_events = total_events\n        s",
  "context_lines": "# -*- coding: utf-8 -*-\n\nfrom __future__ import absolute_import\n\nfrom src.model.base import BaseResponse\n\n\nclass TaskRequest:\n\n    def __init__(self, total_events=None, start_date=None, end_date=None, datetime_range=None, scheduler=None):\n        self.total_events = total_events\n        self.start_date = start_date\n        self.end_date = end_date\n        self.datetime_range = datetime_range\n",
  "slicing": "    def __init__(self, total_events=None, start_date=None, end_date=None, datetime_range=None, scheduler=None):\n"
 },
 "75": {
  "name": "scheduler",
  "type": "UNKNOWN",
  "class": "unknown",
  "approach": "Pysonar2",
  "file_path": "data-engineer-challenge/src/model/task.py",
  "lineno": "10",
  "column": "95",
  "context": "rt_date=None, end_date=None, datetime_range=None, scheduler=None):\n        self.total_events = total_events\n        s",
  "context_lines": "# -*- coding: utf-8 -*-\n\nfrom __future__ import absolute_import\n\nfrom src.model.base import BaseResponse\n\n\nclass TaskRequest:\n\n    def __init__(self, total_events=None, start_date=None, end_date=None, datetime_range=None, scheduler=None):\n        self.total_events = total_events\n        self.start_date = start_date\n        self.end_date = end_date\n        self.datetime_range = datetime_range\n",
  "slicing": "    def __init__(self, total_events=None, start_date=None, end_date=None, datetime_range=None, scheduler=None):\n"
 },
 "76": {
  "name": "error_message",
  "type": "UNKNOWN",
  "class": "unknown",
  "approach": "Pysonar2",
  "file_path": "data-engineer-challenge/src/model/task.py",
  "lineno": "23",
  "column": "23",
  "context": "skResponse(BaseResponse):\n\n    def __init__(self, error_message=None):\n        super(TaskResponse, self).__init__(error_m",
  "context_lines": "        self.scheduler = scheduler\n\n    def prepare_task_payload(self):\n        return self.__dict__\n\n\nclass TaskResponse(BaseResponse):\n\n    def __init__(self, error_message=None):\n        super(TaskResponse, self).__init__(error_message)\n        self.publishers_stats = []\n        self.top_ten = []\n        self.clips_per_country = []\n\n",
  "slicing": "    def __init__(self, error_message=None):\n"
 },
 "77": {
  "name": "cls",
  "type": "TaskResponse",
  "class": "customized",
  "approach": "Pysonar2",
  "file_path": "data-engineer-challenge/src/model/task.py",
  "lineno": "30",
  "column": "32",
  "context": "\n    @classmethod\n    def from_scheduler_response(cls, response):\n        obj = cls()\n        if response['status']:",
  "context_lines": "        self.publishers_stats = []\n        self.top_ten = []\n        self.clips_per_country = []\n\n    @classmethod\n    def from_scheduler_response(cls, response):\n        obj = cls()\n        if response['status']:\n            obj.response = response[\"response\"]\n        else:\n",
  "slicing": "    def from_scheduler_response(cls, response):\n"
 },
 "78": {
  "name": "response",
  "type": "UNKNOWN",
  "class": "unknown",
  "approach": "Pysonar2",
  "file_path": "data-engineer-challenge/src/model/task.py",
  "lineno": "30",
  "column": "37",
  "context": "@classmethod\n    def from_scheduler_response(cls, response):\n        obj = cls()\n        if response['status']:",
  "context_lines": "        self.publishers_stats = []\n        self.top_ten = []\n        self.clips_per_country = []\n\n    @classmethod\n    def from_scheduler_response(cls, response):\n        obj = cls()\n        if response['status']:\n            obj.response = response[\"response\"]\n        else:\n",
  "slicing": "    def from_scheduler_response(cls, response):\n"
 },
 "79": {
  "name": "error_message",
  "type": "UNKNOWN",
  "class": "unknown",
  "approach": "Pysonar2",
  "file_path": "data-engineer-challenge/src/model/base.py",
  "lineno": "8",
  "column": "23",
  "context": "ass BaseResponse(object):\n\n    def __init__(self, error_message=None):\n        self.error_message = error_message\n\n    @p",
  "context_lines": "# -*- coding: utf-8 -*-\n\nfrom __future__ import absolute_import\n\n\nclass BaseResponse(object):\n\n    def __init__(self, error_message=None):\n        self.error_message = error_message\n\n    @property\n    def success(self):\n        return not self.error_message\n\n",
  "slicing": "    def __init__(self, error_message=None):\n"
 },
 "80": {
  "name": "cls",
  "type": "BaseResponse",
  "class": "customized",
  "approach": "Pysonar2",
  "file_path": "data-engineer-challenge/src/model/base.py",
  "lineno": "16",
  "column": "20",
  "context": "ror_message\n\n    @classmethod\n    def for_failure(cls, error_message):\n        return cls(str(error_message))\n",
  "context_lines": "    @property\n    def success(self):\n        return not self.error_message\n\n    @classmethod\n    def for_failure(cls, error_message):\n",
  "slicing": "    def for_failure(cls, error_message):\n"
 },
 "81": {
  "name": "error_message",
  "type": "UNKNOWN",
  "class": "unknown",
  "approach": "Pysonar2",
  "file_path": "data-engineer-challenge/src/model/base.py",
  "lineno": "16",
  "column": "25",
  "context": "essage\n\n    @classmethod\n    def for_failure(cls, error_message):\n        return cls(str(error_message))\n",
  "context_lines": "    @property\n    def success(self):\n        return not self.error_message\n\n    @classmethod\n    def for_failure(cls, error_message):\n",
  "slicing": "    def for_failure(cls, error_message):\n"
 },
 "82": {
  "name": "e",
  "type": "UNKNOWN",
  "class": "unknown",
  "approach": "Pysonar2",
  "file_path": "data-engineer-challenge/src/views/utils.py",
  "lineno": "11",
  "column": "26",
  "context": ": 'application/json'}\n\n\ndef custom_error_response(e):\n    current_app.logger.warning('unhandled exceptio",
  "context_lines": "# -*- coding: utf-8 -*-\n\nfrom __future__ import absolute_import\n\nfrom flask import make_response, current_app\n\n\nDEFAULT_HEADERS = {'Content-Type': 'application/json'}\n\n\ndef custom_error_response(e):\n    current_app.logger.warning('unhandled exception %s: %s', e.__class__.__name__, e)\n    description = getattr(e, 'description', 'Internal server error')\n    code = getattr(e, 'code', 500)\n",
  "slicing": "def custom_error_response(e):\n"
 },
 "83": {
  "name": "request_schema_class",
  "type": "UNKNOWN",
  "class": "unknown",
  "approach": "Pysonar2",
  "file_path": "data-engineer-challenge/src/task/executor.py",
  "lineno": "18",
  "column": "23",
  "context": "ass TaskExecutor(object):\n\n    def __init__(self, request_schema_class, response_schema_class, response_model_class):\n        self.request_schema = request_schema_class",
  "context_lines": "from src.views.utils import DEFAULT_HEADERS\n\nlog = logging.getLogger()\n\nredis_db = StrictRedis()\n\n\nclass TaskExecutor(object):\n\n    def __init__(self, request_schema_class, response_schema_class, response_model_class):\n        self.request_schema = request_schema_class()\n        self.response_schema = response_schema_class()\n        self.response_model_class = response_model_class\n        self.scheduler = None\n",
  "slicing": "    def __init__(self, request_schema_class, response_schema_class, response_model_class):\n"
 },
 "84": {
  "name": "response_schema_class",
  "type": "UNKNOWN",
  "class": "unknown",
  "approach": "Pysonar2",
  "file_path": "data-engineer-challenge/src/task/executor.py",
  "lineno": "18",
  "column": "45",
  "context": "t):\n\n    def __init__(self, request_schema_class, response_schema_class, response_model_class):\n        self.request_schema = request_schema_class",
  "context_lines": "from src.views.utils import DEFAULT_HEADERS\n\nlog = logging.getLogger()\n\nredis_db = StrictRedis()\n\n\nclass TaskExecutor(object):\n\n    def __init__(self, request_schema_class, response_schema_class, response_model_class):\n        self.request_schema = request_schema_class()\n        self.response_schema = response_schema_class()\n        self.response_model_class = response_model_class\n        self.scheduler = None\n",
  "slicing": "    def __init__(self, request_schema_class, response_schema_class, response_model_class):\n"
 },
 "85": {
  "name": "response_model_class",
  "type": "UNKNOWN",
  "class": "unknown",
  "approach": "Pysonar2",
  "file_path": "data-engineer-challenge/src/task/executor.py",
  "lineno": "18",
  "column": "68",
  "context": "elf, request_schema_class, response_schema_class, response_model_class):\n        self.request_schema = request_schema_class",
  "context_lines": "from src.views.utils import DEFAULT_HEADERS\n\nlog = logging.getLogger()\n\nredis_db = StrictRedis()\n\n\nclass TaskExecutor(object):\n\n    def __init__(self, request_schema_class, response_schema_class, response_model_class):\n        self.request_schema = request_schema_class()\n        self.response_schema = response_schema_class()\n        self.response_model_class = response_model_class\n        self.scheduler = None\n",
  "slicing": "    def __init__(self, request_schema_class, response_schema_class, response_model_class):\n"
 },
 "86": {
  "name": "publisher_id",
  "type": "UNKNOWN",
  "class": "unknown",
  "approach": "Pysonar2",
  "file_path": "data-engineer-challenge/src/task/report.py",
  "lineno": "14",
  "column": "34",
  "context": "to 07:00)\n\"\"\"\n\n\ndef publisher_total_viewable_time(publisher_id, viewable_time):\n    pass\n",
  "context_lines": "- the top 10 publishers by events count\n- the number of uniques clips per publisher\n- total sum of clips per country viewed by day and by night (day = from 07:00 to 19:00, night = from 19:00 to 07:00)\n\"\"\"\n\n\ndef publisher_total_viewable_time(publisher_id, viewable_time):\n",
  "slicing": "def publisher_total_viewable_time(publisher_id, viewable_time):\n"
 },
 "87": {
  "name": "viewable_time",
  "type": "UNKNOWN",
  "class": "unknown",
  "approach": "Pysonar2",
  "file_path": "data-engineer-challenge/src/task/report.py",
  "lineno": "14",
  "column": "48",
  "context": "\n\ndef publisher_total_viewable_time(publisher_id, viewable_time):\n    pass\n",
  "context_lines": "- the top 10 publishers by events count\n- the number of uniques clips per publisher\n- total sum of clips per country viewed by day and by night (day = from 07:00 to 19:00, night = from 19:00 to 07:00)\n\"\"\"\n\n\ndef publisher_total_viewable_time(publisher_id, viewable_time):\n",
  "slicing": "def publisher_total_viewable_time(publisher_id, viewable_time):\n"
 },
 "88": {
  "name": "start_date",
  "type": "UNKNOWN",
  "class": "unknown",
  "approach": "Pysonar2",
  "file_path": "data-engineer-challenge/src/task/event.py",
  "lineno": "13",
  "column": "17",
  "context": "amp\n\nlog = logging.getLogger()\n\n\ndef create_event(start_date, end_date, redis_db):\n    # log.info(\"Creating event with start_date %s ",
  "context_lines": "import random\nimport uuid\nfrom src.task.utils import generate_id, get_random_country, generate_random_timestamp\n\nlog = logging.getLogger()\n\n\ndef create_event(start_date, end_date, redis_db):\n    # log.info(\"Creating event with start_date %s and end_date %s\", start_date, end_date)\n    event = {'clip': generate_id(4),\n             'country': get_random_country(),\n             'event_id': uuid.uuid4().hex,\n",
  "slicing": "def create_event(start_date, end_date, redis_db):\n"
 },
 "89": {
  "name": "end_date",
  "type": "UNKNOWN",
  "class": "unknown",
  "approach": "Pysonar2",
  "file_path": "data-engineer-challenge/src/task/event.py",
  "lineno": "13",
  "column": "29",
  "context": "ogging.getLogger()\n\n\ndef create_event(start_date, end_date, redis_db):\n    # log.info(\"Creating event with start_date %s ",
  "context_lines": "import random\nimport uuid\nfrom src.task.utils import generate_id, get_random_country, generate_random_timestamp\n\nlog = logging.getLogger()\n\n\ndef create_event(start_date, end_date, redis_db):\n    # log.info(\"Creating event with start_date %s and end_date %s\", start_date, end_date)\n    event = {'clip': generate_id(4),\n             'country': get_random_country(),\n             'event_id': uuid.uuid4().hex,\n",
  "slicing": "def create_event(start_date, end_date, redis_db):\n"
 },
 "90": {
  "name": "redis_db",
  "type": "UNKNOWN",
  "class": "unknown",
  "approach": "Pysonar2",
  "file_path": "data-engineer-challenge/src/task/event.py",
  "lineno": "13",
  "column": "39",
  "context": "Logger()\n\n\ndef create_event(start_date, end_date, redis_db):\n    # log.info(\"Creating event with start_date %s ",
  "context_lines": "import random\nimport uuid\nfrom src.task.utils import generate_id, get_random_country, generate_random_timestamp\n\nlog = logging.getLogger()\n\n\ndef create_event(start_date, end_date, redis_db):\n    # log.info(\"Creating event with start_date %s and end_date %s\", start_date, end_date)\n    event = {'clip': generate_id(4),\n             'country': get_random_country(),\n             'event_id': uuid.uuid4().hex,\n",
  "slicing": "def create_event(start_date, end_date, redis_db):\n"
 },
 "91": {
  "name": "id_length",
  "type": "UNKNOWN",
  "class": "unknown",
  "approach": "Pysonar2",
  "file_path": "data-engineer-challenge/src/task/utils.py",
  "lineno": "18",
  "column": "16",
  "context": "ries\n\nlog = logging.getLogger()\n\n\ndef generate_id(id_length):\n    # log.info(\"Generating ID of length %s\", id_le",
  "context_lines": "from datetime import datetime\nfrom functools import wraps\n\nfrom src.task.countries import countries\n\nlog = logging.getLogger()\n\n\ndef generate_id(id_length):\n    # log.info(\"Generating ID of length %s\", id_length)\n    if id_length == 4:\n        new_id = random.randint(1000, 9999)\n    elif id_length == 2:\n",
  "slicing": "def generate_id(id_length):\n"
 },
 "92": {
  "name": "start_date",
  "type": "UNKNOWN",
  "class": "unknown",
  "approach": "Pysonar2",
  "file_path": "data-engineer-challenge/src/task/utils.py",
  "lineno": "35",
  "column": "30",
  "context": "ice(countries)[0]\n\n\ndef generate_random_timestamp(start_date, end_date):\n    # log.info(\"Generating a random timestamp betw",
  "context_lines": "    # log.info(\"Successfully generated id %s\", new_id)\n    return new_id\n\n\ndef get_random_country():\n    return random.choice(countries)[0]\n\n\ndef generate_random_timestamp(start_date, end_date):\n    # log.info(\"Generating a random timestamp between %s and %s\", start_date, end_date)\n    return random.randrange(date_conversion(start_date), date_conversion(end_date))\n\n\ndef date_conversion(input_date):\n    return time.mktime(time.strptime(\" \".join(input_date), \"%Y%m%d %H:%M:%S\"))\n\n\n",
  "slicing": "def generate_random_timestamp(start_date, end_date):\n"
 },
 "93": {
  "name": "end_date",
  "type": "UNKNOWN",
  "class": "unknown",
  "approach": "Pysonar2",
  "file_path": "data-engineer-challenge/src/task/utils.py",
  "lineno": "35",
  "column": "42",
  "context": "s)[0]\n\n\ndef generate_random_timestamp(start_date, end_date):\n    # log.info(\"Generating a random timestamp betw",
  "context_lines": "    # log.info(\"Successfully generated id %s\", new_id)\n    return new_id\n\n\ndef get_random_country():\n    return random.choice(countries)[0]\n\n\ndef generate_random_timestamp(start_date, end_date):\n    # log.info(\"Generating a random timestamp between %s and %s\", start_date, end_date)\n    return random.randrange(date_conversion(start_date), date_conversion(end_date))\n\n\ndef date_conversion(input_date):\n    return time.mktime(time.strptime(\" \".join(input_date), \"%Y%m%d %H:%M:%S\"))\n\n\n",
  "slicing": "def generate_random_timestamp(start_date, end_date):\n"
 },
 "94": {
  "name": "input_date",
  "type": "UNKNOWN",
  "class": "unknown",
  "approach": "Pysonar2",
  "file_path": "data-engineer-challenge/src/task/utils.py",
  "lineno": "40",
  "column": "20",
  "context": " date_conversion(end_date))\n\n\ndef date_conversion(input_date):\n    return time.mktime(time.strptime(\" \".join(inpu",
  "context_lines": "    return random.choice(countries)[0]\n\n\ndef generate_random_timestamp(start_date, end_date):\n    # log.info(\"Generating a random timestamp between %s and %s\", start_date, end_date)\n    return random.randrange(date_conversion(start_date), date_conversion(end_date))\n\n\ndef date_conversion(input_date):\n    return time.mktime(time.strptime(\" \".join(input_date), \"%Y%m%d %H:%M:%S\"))\n\n\n@contextmanager\ndef perf_timer():\n    \"\"\"\n",
  "slicing": "def date_conversion(input_date):\n"
 },
 "95": {
  "name": "f",
  "type": "UNKNOWN",
  "class": "unknown",
  "approach": "Pysonar2",
  "file_path": "data-engineer-challenge/src/task/utils.py",
  "lineno": "57",
  "column": "16",
  "context": "log.info(end_time - start_time)\n\n\ndef time_logged(f):\n    @wraps(f)\n    def wrapper(*args, **kwargs):\n  ",
  "context_lines": "    start_time = datetime.now()\n    yield\n    end_time = datetime.now()\n    log.info(end_time - start_time)\n\n\ndef time_logged(f):\n    @wraps(f)\n    def wrapper(*args, **kwargs):\n        with perf_timer():\n            return f(*args, **kwargs)\n\n",
  "slicing": "def time_logged(f):\n"
 },
 "96": {
  "name": "cli_args",
  "type": "UNKNOWN",
  "class": "unknown",
  "approach": "Pysonar2",
  "file_path": "data-engineer-challenge/src/task/utils.py",
  "lineno": "66",
  "column": "24",
  "context": "gs)\n\n    return wrapper\n\n\ndef parse_cli_arguments(cli_args):\n    parser = argparse.ArgumentParser('[DatENG]')\n\n",
  "context_lines": "    def wrapper(*args, **kwargs):\n        with perf_timer():\n            return f(*args, **kwargs)\n\n    return wrapper\n\n\ndef parse_cli_arguments(cli_args):\n    parser = argparse.ArgumentParser('[DatENG]')\n\n    parser.add_argument(\n        '--number-of-events',\n        dest='num_of_events', required=True, type=int,\n",
  "slicing": "def parse_cli_arguments(cli_args):\n"
 },
 "97": {
  "name": "obj",
  "type": "UNKNOWN",
  "class": "unknown",
  "approach": "Pysonar2",
  "file_path": "data-engineer-challenge/src/utils/json.py",
  "lineno": "10",
  "column": "22",
  "context": "NEncoder(json.JSONEncoder):\n    def default(self, obj):\n        if isinstance(obj, (datetime.datetime, dat",
  "context_lines": "from __future__ import absolute_import\n\nimport datetime\nimport json\n\n\nclass DatetimeJSONEncoder(json.JSONEncoder):\n    def default(self, obj):\n        if isinstance(obj, (datetime.datetime, datetime.date)):\n            return str(obj)\n        return super(DatetimeJSONEncoder, self).default(obj)\n\n\ndef dumps(*args, **kwargs):\n",
  "slicing": "    def default(self, obj):\n"
 },
 "98": {
  "name": "rand_int",
  "type": "UNKNOWN",
  "class": "unknown",
  "approach": "Pysonar2",
  "file_path": "data-engineer-challenge/tests/task/test_utils.py",
  "lineno": "19",
  "column": "21",
  "context": "mock.patch(\"random.randint\")\ndef test_generate_id(rand_int, id_length, new_id, context_manager, expected):\n    rand_int.return_value = new_id\n    with contex",
  "context_lines": "                         [(4, 1234, noop(), 1234),\n                          (2, 12, noop(), 12),\n                          (6, None, pytest.raises(Exception), None)])\n@mock.patch(\"random.randint\")\ndef test_generate_id(rand_int, id_length, new_id, context_manager, expected):\n    rand_int.return_value = new_id\n    with context_manager:\n",
  "slicing": "def test_generate_id(rand_int, id_length, new_id, context_manager, expected):\n"
 },
 "99": {
  "name": "id_length",
  "type": "UNKNOWN",
  "class": "unknown",
  "approach": "Pysonar2",
  "file_path": "data-engineer-challenge/tests/task/test_utils.py",
  "lineno": "19",
  "column": "31",
  "context": "(\"random.randint\")\ndef test_generate_id(rand_int, id_length, new_id, context_manager, expected):\n    rand_int.return_value = new_id\n    with contex",
  "context_lines": "                         [(4, 1234, noop(), 1234),\n                          (2, 12, noop(), 12),\n                          (6, None, pytest.raises(Exception), None)])\n@mock.patch(\"random.randint\")\ndef test_generate_id(rand_int, id_length, new_id, context_manager, expected):\n    rand_int.return_value = new_id\n    with context_manager:\n",
  "slicing": "def test_generate_id(rand_int, id_length, new_id, context_manager, expected):\n"
 },
 "100": {
  "name": "new_id",
  "type": "UNKNOWN",
  "class": "unknown",
  "approach": "Pysonar2",
  "file_path": "data-engineer-challenge/tests/task/test_utils.py",
  "lineno": "19",
  "column": "42",
  "context": "ndint\")\ndef test_generate_id(rand_int, id_length, new_id, context_manager, expected):\n    rand_int.return_value = new_id\n    with contex",
  "context_lines": "                         [(4, 1234, noop(), 1234),\n                          (2, 12, noop(), 12),\n                          (6, None, pytest.raises(Exception), None)])\n@mock.patch(\"random.randint\")\ndef test_generate_id(rand_int, id_length, new_id, context_manager, expected):\n    rand_int.return_value = new_id\n    with context_manager:\n",
  "slicing": "def test_generate_id(rand_int, id_length, new_id, context_manager, expected):\n"
 },
 "101": {
  "name": "context_manager",
  "type": "UNKNOWN",
  "class": "unknown",
  "approach": "Pysonar2",
  "file_path": "data-engineer-challenge/tests/task/test_utils.py",
  "lineno": "19",
  "column": "50",
  "context": "def test_generate_id(rand_int, id_length, new_id, context_manager, expected):\n    rand_int.return_value = new_id\n    with contex",
  "context_lines": "                         [(4, 1234, noop(), 1234),\n                          (2, 12, noop(), 12),\n                          (6, None, pytest.raises(Exception), None)])\n@mock.patch(\"random.randint\")\ndef test_generate_id(rand_int, id_length, new_id, context_manager, expected):\n    rand_int.return_value = new_id\n    with context_manager:\n",
  "slicing": "def test_generate_id(rand_int, id_length, new_id, context_manager, expected):\n"
 },
 "102": {
  "name": "expected",
  "type": "UNKNOWN",
  "class": "unknown",
  "approach": "Pysonar2",
  "file_path": "data-engineer-challenge/tests/task/test_utils.py",
  "lineno": "19",
  "column": "67",
  "context": "_id(rand_int, id_length, new_id, context_manager, expected):\n    rand_int.return_value = new_id\n    with contex",
  "context_lines": "                         [(4, 1234, noop(), 1234),\n                          (2, 12, noop(), 12),\n                          (6, None, pytest.raises(Exception), None)])\n@mock.patch(\"random.randint\")\ndef test_generate_id(rand_int, id_length, new_id, context_manager, expected):\n    rand_int.return_value = new_id\n    with context_manager:\n",
  "slicing": "def test_generate_id(rand_int, id_length, new_id, context_manager, expected):\n"
 }
}