{
 "1": {
  "name": "README",
  "type": "str",
  "class": "build-in",
  "approach": "Pysonar2",
  "file_path": "databricks-utils/setup.py",
  "lineno": "7",
  "column": "4",
  "context": "packages\n\n\nwith open(\"README.md\", \"r\") as fh:\n    README = fh.read()\n\nsetup(\n    name='databricks-utils',\n    version='",
  "context_lines": "#!/usr/bin/env python\n\"\"\"Setup `databricks_utils` package\"\"\"\nfrom setuptools import setup, find_packages\n\n\nwith open(\"README.md\", \"r\") as fh:\n    README = fh.read()\n\nsetup(\n    name='databricks-utils',\n    version='0.0.7',\n",
  "slicing": [
   "    README = fh.read()\n",
   "    long_description=README,\n"
  ]
 },
 "2": {
  "name": "project",
  "type": "str",
  "class": "build-in",
  "approach": "Pysonar2",
  "file_path": "databricks-utils/resources/rst/conf.py",
  "lineno": "22",
  "column": "0",
  "context": "------------------------------------------------\n\nproject = 'databricks_utils'\ncopyright = '2018, e2fyi.com'\nauthor = 'eterna2@ho",
  "context_lines": "import os\nimport sys\nsys.path.insert(0, os.path.abspath('../..'))\n\n\n# -- Project information -----------------------------------------------------\n\nproject = 'databricks_utils'\ncopyright = '2018, e2fyi.com'\nauthor = 'eterna2@hotmail.com'\n\n# The short X.Y version\nversion = ''\n",
  "slicing": "project = 'databricks_utils'\n"
 },
 "3": {
  "name": "copyright",
  "type": "str",
  "class": "build-in",
  "approach": "Pysonar2",
  "file_path": "databricks-utils/resources/rst/conf.py",
  "lineno": "23",
  "column": "0",
  "context": "-------------------\n\nproject = 'databricks_utils'\ncopyright = '2018, e2fyi.com'\nauthor = 'eterna2@hotmail.com'\n\n# The short X.Y ve",
  "context_lines": "import sys\nsys.path.insert(0, os.path.abspath('../..'))\n\n\n# -- Project information -----------------------------------------------------\n\nproject = 'databricks_utils'\ncopyright = '2018, e2fyi.com'\nauthor = 'eterna2@hotmail.com'\n\n# The short X.Y version\nversion = ''\n# The full version, including alpha/beta/rc tags\n",
  "slicing": "copyright = '2018, e2fyi.com'\n"
 },
 "4": {
  "name": "author",
  "type": "str",
  "class": "build-in",
  "approach": "Pysonar2",
  "file_path": "databricks-utils/resources/rst/conf.py",
  "lineno": "24",
  "column": "0",
  "context": " 'databricks_utils'\ncopyright = '2018, e2fyi.com'\nauthor = 'eterna2@hotmail.com'\n\n# The short X.Y version\nversion = ''\n# The full v",
  "context_lines": "sys.path.insert(0, os.path.abspath('../..'))\n\n\n# -- Project information -----------------------------------------------------\n\nproject = 'databricks_utils'\ncopyright = '2018, e2fyi.com'\nauthor = 'eterna2@hotmail.com'\n\n# The short X.Y version\nversion = ''\n# The full version, including alpha/beta/rc tags\n",
  "slicing": [
   "author = 'eterna2@hotmail.com'\n",
   "     [author], 1)\n",
   "     author, 'databricks_utils', 'One line description of project.',\n"
  ]
 },
 "5": {
  "name": "version",
  "type": "str",
  "class": "build-in",
  "approach": "Pysonar2",
  "file_path": "databricks-utils/resources/rst/conf.py",
  "lineno": "27",
  "column": "0",
  "context": " = 'eterna2@hotmail.com'\n\n# The short X.Y version\nversion = ''\n# The full version, including alpha/beta/rc tags\nr",
  "context_lines": "project = 'databricks_utils'\ncopyright = '2018, e2fyi.com'\nauthor = 'eterna2@hotmail.com'\n\n# The short X.Y version\nversion = ''\n# The full version, including alpha/beta/rc tags\nrelease = '0.0.1'\n\n\n# -- General configuration ---------------------------------------------------\n\n# If your documentation needs a minimal Sphinx version, state it here.\n",
  "slicing": "version = ''\n"
 },
 "6": {
  "name": "release",
  "type": "str",
  "class": "build-in",
  "approach": "Pysonar2",
  "file_path": "databricks-utils/resources/rst/conf.py",
  "lineno": "29",
  "column": "0",
  "context": "\n# The full version, including alpha/beta/rc tags\nrelease = '0.0.1'\n\n\n# -- General configuration ---------------------",
  "context_lines": "author = 'eterna2@hotmail.com'\n\n# The short X.Y version\nversion = ''\n# The full version, including alpha/beta/rc tags\nrelease = '0.0.1'\n\n\n# -- General configuration ---------------------------------------------------\n\n# If your documentation needs a minimal Sphinx version, state it here.\n#\n",
  "slicing": "release = '0.0.1'\n"
 },
 "7": {
  "name": "extensions",
  "type": "list",
  "class": "build-in",
  "approach": "annotation",
  "file_path": "databricks-utils/resources/rst/conf.py",
  "lineno": "41",
  "column": "0",
  "context": "inx (named 'sphinx.ext.*') or your custom\n# ones.\nextensions = [\n    'sphinx.ext.autodoc',\n    'sphinx.ext.todo',\n ",
  "context_lines": "# needs_sphinx = '1.0'\n\n# Add any Sphinx extension module names here, as strings. They can be\n# extensions coming with Sphinx (named 'sphinx.ext.*') or your custom\n# ones.\nextensions = [\n    'sphinx.ext.autodoc',\n    'sphinx.ext.todo',\n    'sphinx.ext.ifconfig',\n    'sphinx.ext.autosummary',\n",
  "slicing": "extensions = [\n"
 },
 "8": {
  "name": "autoclass_content",
  "type": "str",
  "class": "build-in",
  "approach": "Pysonar2",
  "file_path": "databricks-utils/resources/rst/conf.py",
  "lineno": "48",
  "column": "0",
  "context": "x.ext.ifconfig',\n    'sphinx.ext.autosummary',\n]\n\nautoclass_content = \"both\"  # include both class docstring and __init__\nautodoc_default_flags = [\n     # Make sure that an",
  "context_lines": "    'sphinx.ext.todo',\n    'sphinx.ext.ifconfig',\n    'sphinx.ext.autosummary',\n]\n\nautoclass_content = \"both\"  # include both class docstring and __init__\nautodoc_default_flags = [\n     # Make sure that any autodoc declarations show the right members\n     \"members\",\n     \"inherited-members\",\n",
  "slicing": "autoclass_content = \"both\"  # include both class docstring and __init__\n"
 },
 "9": {
  "name": "autodoc_default_flags",
  "type": "list",
  "class": "build-in",
  "approach": "annotation",
  "file_path": "databricks-utils/resources/rst/conf.py",
  "lineno": "49",
  "column": "0",
  "context": "oth\"  # include both class docstring and __init__\nautodoc_default_flags = [\n     # Make sure that any autodoc declarations sho",
  "context_lines": "    'sphinx.ext.ifconfig',\n    'sphinx.ext.autosummary',\n]\n\nautoclass_content = \"both\"  # include both class docstring and __init__\nautodoc_default_flags = [\n     # Make sure that any autodoc declarations show the right members\n     \"members\",\n     \"inherited-members\",\n     \"private-members\",\n",
  "slicing": "autodoc_default_flags = [\n"
 },
 "10": {
  "name": "autosummary_generate",
  "type": "bool",
  "class": "build-in",
  "approach": "annotation",
  "file_path": "databricks-utils/resources/rst/conf.py",
  "lineno": "56",
  "column": "0",
  "context": "    \"private-members\",\n     \"show-inheritance\",\n]\nautosummary_generate = True  # Make _autosummary files and include them\nnapoleon_numpy_docstring = False  # Force consiste",
  "context_lines": "     \"inherited-members\",\n     \"private-members\",\n     \"show-inheritance\",\n]\nautosummary_generate = True  # Make _autosummary files and include them\nnapoleon_numpy_docstring = False  # Force consistency, leave only Google\nnapoleon_use_rtype = False  # More legible\n\n# Add any paths that contain templates here, relative to this directory.\ntemplates_path = ['templates']\n\n",
  "slicing": "autosummary_generate = True  # Make _autosummary files and include them\n"
 },
 "11": {
  "name": "napoleon_numpy_docstring",
  "type": "bool",
  "class": "build-in",
  "approach": "annotation",
  "file_path": "databricks-utils/resources/rst/conf.py",
  "lineno": "57",
  "column": "0",
  "context": " True  # Make _autosummary files and include them\nnapoleon_numpy_docstring = False  # Force consistency, leave only Google\nnapoleon_use_rtype = False  # More legible\n\n# Add ",
  "context_lines": "     \"private-members\",\n     \"show-inheritance\",\n]\nautosummary_generate = True  # Make _autosummary files and include them\nnapoleon_numpy_docstring = False  # Force consistency, leave only Google\nnapoleon_use_rtype = False  # More legible\n\n# Add any paths that contain templates here, relative to this directory.\ntemplates_path = ['templates']\n\n# The suffix(es) of source filenames.\n",
  "slicing": "napoleon_numpy_docstring = False  # Force consistency, leave only Google\n"
 },
 "12": {
  "name": "napoleon_use_rtype",
  "type": "bool",
  "class": "build-in",
  "approach": "annotation",
  "file_path": "databricks-utils/resources/rst/conf.py",
  "lineno": "58",
  "column": "0",
  "context": "g = False  # Force consistency, leave only Google\nnapoleon_use_rtype = False  # More legible\n\n# Add any paths that contain templates here, rela",
  "context_lines": "     \"show-inheritance\",\n]\nautosummary_generate = True  # Make _autosummary files and include them\nnapoleon_numpy_docstring = False  # Force consistency, leave only Google\nnapoleon_use_rtype = False  # More legible\n\n# Add any paths that contain templates here, relative to this directory.\ntemplates_path = ['templates']\n\n# The suffix(es) of source filenames.\n",
  "slicing": "napoleon_use_rtype = False  # More legible\n"
 },
 "13": {
  "name": "templates_path",
  "type": "list",
  "class": "build-in",
  "approach": "annotation",
  "file_path": "databricks-utils/resources/rst/conf.py",
  "lineno": "61",
  "column": "0",
  "context": "ntain templates here, relative to this directory.\ntemplates_path = ['templates']\n\n# The suffix(es) of source filenames.\n# You can s",
  "context_lines": "autosummary_generate = True  # Make _autosummary files and include them\nnapoleon_numpy_docstring = False  # Force consistency, leave only Google\nnapoleon_use_rtype = False  # More legible\n\n# Add any paths that contain templates here, relative to this directory.\ntemplates_path = ['templates']\n\n# The suffix(es) of source filenames.\n# You can specify multiple suffix as a list of string:\n#\n",
  "slicing": "templates_path = ['templates']\n"
 },
 "14": {
  "name": "source_suffix",
  "type": "list",
  "class": "build-in",
  "approach": "annotation",
  "file_path": "databricks-utils/resources/rst/conf.py",
  "lineno": "66",
  "column": "0",
  "context": "an specify multiple suffix as a list of string:\n#\nsource_suffix = ['.rst', '.md']\n# source_suffix = '.rst'\n\n# The master toctree doc",
  "context_lines": "templates_path = ['templates']\n\n# The suffix(es) of source filenames.\n# You can specify multiple suffix as a list of string:\n#\nsource_suffix = ['.rst', '.md']\n# source_suffix = '.rst'\n\n# The master toctree document.\nmaster_doc = 'index'\n\n# The language for content autogenerated by Sphinx. Refer to documentation\n",
  "slicing": "source_suffix = ['.rst', '.md']\n"
 },
 "15": {
  "name": "master_doc",
  "type": "str",
  "class": "build-in",
  "approach": "Pysonar2",
  "file_path": "databricks-utils/resources/rst/conf.py",
  "lineno": "70",
  "column": "0",
  "context": "e_suffix = '.rst'\n\n# The master toctree document.\nmaster_doc = 'index'\n\n# The language for content autogenerated by Sphin",
  "context_lines": "#\nsource_suffix = ['.rst', '.md']\n# source_suffix = '.rst'\n\n# The master toctree document.\nmaster_doc = 'index'\n\n# The language for content autogenerated by Sphinx. Refer to documentation\n# for a list of supported languages.\n#\n",
  "slicing": [
   "master_doc = 'index'\n",
   "    (master_doc, 'databricks_utils.tex', 'databricks_utils Documentation',\n",
   "    (master_doc, 'databricks_utils', 'databricks_utils Documentation',\n",
   "    (master_doc, 'databricks_utils', 'databricks_utils Documentation',\n"
  ]
 },
 "16": {
  "name": "language",
  "type": "UNKNOWN",
  "class": "unknown",
  "approach": "annotation",
  "file_path": "databricks-utils/resources/rst/conf.py",
  "lineno": "77",
  "column": "0",
  "context": "\"language\" from the command line for these cases.\nlanguage = None\n\n# List of patterns, relative to source directory,",
  "context_lines": "# for a list of supported languages.\n#\n# This is also used if you do content translation via gettext catalogs.\n# Usually you set \"language\" from the command line for these cases.\nlanguage = None\n\n# List of patterns, relative to source directory, that match files and\n# directories to ignore when looking for source files.\n# This pattern also affects html_static_path and html_extra_path .\n",
  "slicing": "language = None\n"
 },
 "17": {
  "name": "exclude_patterns",
  "type": "list",
  "class": "build-in",
  "approach": "annotation",
  "file_path": "databricks-utils/resources/rst/conf.py",
  "lineno": "82",
  "column": "0",
  "context": "so affects html_static_path and html_extra_path .\nexclude_patterns = []\n\n# The name of the Pygments (syntax highlighting) ",
  "context_lines": "language = None\n\n# List of patterns, relative to source directory, that match files and\n# directories to ignore when looking for source files.\n# This pattern also affects html_static_path and html_extra_path .\nexclude_patterns = []\n\n# The name of the Pygments (syntax highlighting) style to use.\npygments_style = 'sphinx'\n\n\n# -- Options for HTML output -------------------------------------------------\n\n",
  "slicing": "exclude_patterns = []\n"
 },
 "18": {
  "name": "pygments_style",
  "type": "str",
  "class": "build-in",
  "approach": "Pysonar2",
  "file_path": "databricks-utils/resources/rst/conf.py",
  "lineno": "85",
  "column": "0",
  "context": " the Pygments (syntax highlighting) style to use.\npygments_style = 'sphinx'\n\n\n# -- Options for HTML output -------------------",
  "context_lines": "# directories to ignore when looking for source files.\n# This pattern also affects html_static_path and html_extra_path .\nexclude_patterns = []\n\n# The name of the Pygments (syntax highlighting) style to use.\npygments_style = 'sphinx'\n\n\n# -- Options for HTML output -------------------------------------------------\n\n# The theme to use for HTML and HTML Help pages.  See the documentation for\n# a list of builtin themes.\n",
  "slicing": "pygments_style = 'sphinx'\n"
 },
 "19": {
  "name": "html_theme",
  "type": "str",
  "class": "build-in",
  "approach": "Pysonar2",
  "file_path": "databricks-utils/resources/rst/conf.py",
  "lineno": "93",
  "column": "0",
  "context": "e documentation for\n# a list of builtin themes.\n#\nhtml_theme = 'sphinx_rtd_theme'\n\n# Theme options are theme-specific and customize ",
  "context_lines": "# -- Options for HTML output -------------------------------------------------\n\n# The theme to use for HTML and HTML Help pages.  See the documentation for\n# a list of builtin themes.\n#\nhtml_theme = 'sphinx_rtd_theme'\n\n# Theme options are theme-specific and customize the look and feel of a theme\n# further.  For a list of options available for each theme, see the\n# documentation.\n",
  "slicing": "html_theme = 'sphinx_rtd_theme'\n"
 },
 "20": {
  "name": "html_static_path",
  "type": "list",
  "class": "build-in",
  "approach": "annotation",
  "file_path": "databricks-utils/resources/rst/conf.py",
  "lineno": "104",
  "column": "0",
  "context": "lt.css\" will overwrite the builtin \"default.css\".\nhtml_static_path = ['static']\n\n# Custom sidebar templates, must be a dictionary ",
  "context_lines": "# html_theme_options = {}\n\n# Add any paths that contain custom static files (such as style sheets) here,\n# relative to this directory. They are copied after the builtin static files,\n# so a file named \"default.css\" will overwrite the builtin \"default.css\".\nhtml_static_path = ['static']\n\n# Custom sidebar templates, must be a dictionary that maps document names\n# to template names.\n#\n",
  "slicing": "html_static_path = ['static']\n"
 },
 "21": {
  "name": "htmlhelp_basename",
  "type": "str",
  "class": "build-in",
  "approach": "Pysonar2",
  "file_path": "databricks-utils/resources/rst/conf.py",
  "lineno": "120",
  "column": "0",
  "context": "-\n\n# Output file base name for HTML help builder.\nhtmlhelp_basename = 'databricks_utilsdoc'\n\n\n# -- Options for LaTeX output ------------------",
  "context_lines": "#\n# html_sidebars = {}\n\n\n# -- Options for HTMLHelp output ---------------------------------------------\n\n# Output file base name for HTML help builder.\nhtmlhelp_basename = 'databricks_utilsdoc'\n\n\n# -- Options for LaTeX output ------------------------------------------------\n\nlatex_elements = {\n    # The paper size ('letterpaper' or 'a4paper').\n",
  "slicing": "htmlhelp_basename = 'databricks_utilsdoc'\n"
 },
 "22": {
  "name": "latex_elements",
  "type": "dict",
  "class": "build-in",
  "approach": "annotation",
  "file_path": "databricks-utils/resources/rst/conf.py",
  "lineno": "125",
  "column": "0",
  "context": "------------------------------------------------\n\nlatex_elements = {\n    # The paper size ('letterpaper' or 'a4paper').",
  "context_lines": "# -- Options for HTMLHelp output ---------------------------------------------\n\n# Output file base name for HTML help builder.\nhtmlhelp_basename = 'databricks_utilsdoc'\n\n\n# -- Options for LaTeX output ------------------------------------------------\n\nlatex_elements = {\n    # The paper size ('letterpaper' or 'a4paper').\n    #\n    # 'papersize': 'letterpaper',\n\n    # The font size ('10pt', '11pt' or '12pt').\n",
  "slicing": "latex_elements = {\n"
 },
 "23": {
  "name": "latex_documents",
  "type": "list",
  "class": "build-in",
  "approach": "annotation",
  "file_path": "databricks-utils/resources/rst/conf.py",
  "lineno": "146",
  "column": "0",
  "context": "or, documentclass [howto, manual, or own class]).\nlatex_documents = [\n    (master_doc, 'databricks_utils.tex', 'databric",
  "context_lines": "}\n\n# Grouping the document tree into LaTeX files. List of tuples\n# (source start file, target name, title,\n#  author, documentclass [howto, manual, or own class]).\nlatex_documents = [\n    (master_doc, 'databricks_utils.tex', 'databricks_utils Documentation',\n     'eterna2@hotmail.com', 'manual'),\n]\n\n\n# -- Options for manual page output ------------------------------------------\n\n",
  "slicing": "latex_documents = [\n"
 },
 "24": {
  "name": "man_pages",
  "type": "list",
  "class": "build-in",
  "approach": "annotation",
  "file_path": "databricks-utils/resources/rst/conf.py",
  "lineno": "156",
  "column": "0",
  "context": "ile, name, description, authors, manual section).\nman_pages = [\n    (master_doc, 'databricks_utils', 'databricks_u",
  "context_lines": "]\n\n\n# -- Options for manual page output ------------------------------------------\n\n# One entry per manual page. List of tuples\n# (source start file, name, description, authors, manual section).\nman_pages = [\n    (master_doc, 'databricks_utils', 'databricks_utils Documentation',\n     [author], 1)\n]\n\n\n# -- Options for Texinfo output ----------------------------------------------\n\n",
  "slicing": "man_pages = [\n"
 },
 "25": {
  "name": "texinfo_documents",
  "type": "list",
  "class": "build-in",
  "approach": "annotation",
  "file_path": "databricks-utils/resources/rst/conf.py",
  "lineno": "167",
  "column": "0",
  "context": "author,\n#  dir menu entry, description, category)\ntexinfo_documents = [\n    (master_doc, 'databricks_utils', 'databricks_u",
  "context_lines": "# -- Options for Texinfo output ----------------------------------------------\n\n# Grouping the document tree into Texinfo files. List of tuples\n# (source start file, target name, title, author,\n#  dir menu entry, description, category)\ntexinfo_documents = [\n    (master_doc, 'databricks_utils', 'databricks_utils Documentation',\n     author, 'databricks_utils', 'One line description of project.',\n     'Miscellaneous'),\n]\n\n\n",
  "slicing": "texinfo_documents = [\n"
 },
 "26": {
  "name": "todo_include_todos",
  "type": "bool",
  "class": "build-in",
  "approach": "annotation",
  "file_path": "databricks-utils/resources/rst/conf.py",
  "lineno": "179",
  "column": "0",
  "context": "oList` produce output, else they produce nothing.\ntodo_include_todos = True\n\nsource_parsers = {\n   '.md': 'recommonmark.parser",
  "context_lines": "]\n\n\n# -- Extension configuration -------------------------------------------------\n\n# -- Options for todo extension ----------------------------------------------\n\n# If true, `todo` and `todoList` produce output, else they produce nothing.\ntodo_include_todos = True\n\nsource_parsers = {\n   '.md': 'recommonmark.parser.CommonMarkParser',\n",
  "slicing": "todo_include_todos = True\n"
 },
 "27": {
  "name": "source_parsers",
  "type": "dict",
  "class": "build-in",
  "approach": "annotation",
  "file_path": "databricks-utils/resources/rst/conf.py",
  "lineno": "181",
  "column": "0",
  "context": " they produce nothing.\ntodo_include_todos = True\n\nsource_parsers = {\n   '.md': 'recommonmark.parser.CommonMarkParser',\n",
  "context_lines": "# -- Extension configuration -------------------------------------------------\n\n# -- Options for todo extension ----------------------------------------------\n\n# If true, `todo` and `todoList` produce output, else they produce nothing.\ntodo_include_todos = True\n\nsource_parsers = {\n   '.md': 'recommonmark.parser.CommonMarkParser',\n",
  "slicing": "source_parsers = {\n"
 },
 "28": {
  "name": "__version__",
  "type": "str",
  "class": "build-in",
  "approach": "Pysonar2",
  "file_path": "databricks-utils/databricks_utils/__init__.py",
  "lineno": "6",
  "column": "0",
  "context": "books.\n\n.. moduleauthor:: eterna2@hotmail.com\n\"\"\"\n__version__ = '0.0.7'\n\n__all__ = [\"__version__\"]\n",
  "context_lines": "\"\"\"\nEase-of-use tools for databricks notebooks.\n\n.. moduleauthor:: eterna2@hotmail.com\n\"\"\"\n__version__ = '0.0.7'\n\n",
  "slicing": "__version__ = '0.0.7'\n"
 },
 "29": {
  "name": "__all__",
  "type": "list",
  "class": "build-in",
  "approach": "annotation",
  "file_path": "databricks-utils/databricks_utils/__init__.py",
  "lineno": "8",
  "column": "0",
  "context": ":: eterna2@hotmail.com\n\"\"\"\n__version__ = '0.0.7'\n\n__all__ = [\"__version__\"]\n",
  "context_lines": "Ease-of-use tools for databricks notebooks.\n\n.. moduleauthor:: eterna2@hotmail.com\n\"\"\"\n__version__ = '0.0.7'\n\n__all__ = [\"__version__\"]\n",
  "slicing": "__all__ = [\"__version__\"]\n"
 },
 "30": {
  "name": "DEFAULT_VEGA_OPTS",
  "type": "dict",
  "class": "build-in",
  "approach": "annotation",
  "file_path": "databricks-utils/databricks_utils/vega.py",
  "lineno": "10",
  "column": "0",
  "context": "uleauthor:: eterna2@hotmail.com\n\"\"\"\nimport json\n\n\nDEFAULT_VEGA_OPTS = dict(theme=\"quartz\",\n                         defaultStyle=True,\n      ",
  "context_lines": "Basic vega functions to plot vega charts in databricks or jupyter notebooks.\n\n.. moduleauthor:: eterna2@hotmail.com\n\"\"\"\nimport json\n\n\nDEFAULT_VEGA_OPTS = dict(theme=\"quartz\",\n                         defaultStyle=True,\n                         actions=dict(export=True,\n                                      source=True,\n                                      editor=False,\n",
  "slicing": [
   "DEFAULT_VEGA_OPTS = dict(theme=\"quartz\",\n",
   "    tmp.update(DEFAULT_VEGA_OPTS)\n"
  ]
 },
 "31": {
  "name": "tmp",
  "type": "dict",
  "class": "build-in",
  "approach": "annotation",
  "file_path": "databricks-utils/databricks_utils/vega.py",
  "lineno": "27",
  "column": "4",
  "context": "a\n                    embed settings.\n    \"\"\"\n    tmp = dict()\n    tmp.update(DEFAULT_VEGA_OPTS)\n    tmp.update(k",
  "context_lines": "    :param display: Callable to render the resultant HTML (e.g. displayHTML).\n    :param kwargs:  See `https://github.com/vega/vega-embed` for the vega\n                    embed settings.\n    \"\"\"\n    tmp = dict()\n    tmp.update(DEFAULT_VEGA_OPTS)\n    tmp.update(kwargs)\n    conf = json.dumps(tmp)\n\n    if isinstance(spec, dict):\n",
  "slicing": [
   "    tmp = dict()\n",
   "    tmp.update(DEFAULT_VEGA_OPTS)\n",
   "    tmp.update(kwargs)\n",
   "    conf = json.dumps(tmp)\n",
   "                vegaEmbed('#vis', spec, \"\"\"+conf+\"\"\").catch(console.error);\n"
  ]
 },
 "32": {
  "name": "conf",
  "type": "UNKNOWN",
  "class": "unknown",
  "approach": "Pysonar2",
  "file_path": "databricks-utils/databricks_utils/vega.py",
  "lineno": "30",
  "column": "4",
  "context": "ate(DEFAULT_VEGA_OPTS)\n    tmp.update(kwargs)\n    conf = json.dumps(tmp)\n\n    if isinstance(spec, dict):\n        spec = jso",
  "context_lines": "    \"\"\"\n    tmp = dict()\n    tmp.update(DEFAULT_VEGA_OPTS)\n    tmp.update(kwargs)\n    conf = json.dumps(tmp)\n\n    if isinstance(spec, dict):\n        spec = json.dumps(spec)\n\n    html = \"\"\"\n",
  "slicing": [
   "    conf = json.dumps(tmp)\n",
   "                vegaEmbed('#vis', spec, \"\"\"+conf+\"\"\").catch(console.error);\n"
  ]
 },
 "33": {
  "name": "spec",
  "type": "UNKNOWN",
  "class": "unknown",
  "approach": "Pysonar2",
  "file_path": "databricks-utils/databricks_utils/vega.py",
  "lineno": "33",
  "column": "8",
  "context": "umps(tmp)\n\n    if isinstance(spec, dict):\n        spec = json.dumps(spec)\n\n    html = \"\"\"\n    <!DOCTYPE html>\n    <html>\n   ",
  "context_lines": "    tmp.update(DEFAULT_VEGA_OPTS)\n    tmp.update(kwargs)\n    conf = json.dumps(tmp)\n\n    if isinstance(spec, dict):\n        spec = json.dumps(spec)\n\n    html = \"\"\"\n    <!DOCTYPE html>\n    <html>\n",
  "slicing": [
   "        spec = json.dumps(spec)\n",
   "                var spec = \"\"\"+spec+\"\"\";\n"
  ]
 },
 "34": {
  "name": "html",
  "type": "str",
  "class": "build-in",
  "approach": "Pysonar2",
  "file_path": "databricks-utils/databricks_utils/vega.py",
  "lineno": "35",
  "column": "4",
  "context": "spec, dict):\n        spec = json.dumps(spec)\n\n    html = \"\"\"\n    <!DOCTYPE html>\n    <html>\n        <head>\n    ",
  "context_lines": "    tmp.update(kwargs)\n    conf = json.dumps(tmp)\n\n    if isinstance(spec, dict):\n        spec = json.dumps(spec)\n\n    html = \"\"\"\n    <!DOCTYPE html>\n    <html>\n        <head>\n        <script src=\"https://cdn.jsdelivr.net/npm/vega@3\"></script>\n",
  "slicing": [
   "    html = \"\"\"\n",
   "        display(html) # pylint: disable=undefined-variable\n",
   "    return html\n"
  ]
 },
 "35": {
  "name": "dbutils",
  "type": "UNKNOWN",
  "class": "unknown",
  "approach": "annotation",
  "file_path": "databricks-utils/databricks_utils/aws.py",
  "lineno": "12",
  "column": "4",
  "context": "S3 bucket and mount at databricks fs.\n    \"\"\"\n    dbutils = None\n    def __init__(self, bucketname, aws_access_key,",
  "context_lines": "class S3Bucket(object):\n    \"\"\"\n    Class to wrap around a S3 bucket and mount at databricks fs.\n    \"\"\"\n    dbutils = None\n    def __init__(self, bucketname, aws_access_key, aws_secret_key, dbutils=None):\n        \"\"\"\n        :param bucketname: name of the S3 bucket\n        :param aws_access_key: AWS access key\n",
  "slicing": [
   "    dbutils = None\n",
   "        if dbutils:\n",
   "            self.dbutils = dbutils\n",
   "        cls.dbutils = dbutils\n",
   "        if dbutils:\n",
   "            self.dbutils = dbutils\n",
   "        if dbutils:\n",
   "            self.dbutils = dbutils\n"
  ]
 },
 "36": {
  "name": "bucket_uri",
  "type": "str",
  "class": "build-in",
  "approach": "Pysonar2",
  "file_path": "databricks-utils/databricks_utils/aws.py",
  "lineno": "63",
  "column": "8",
  "context": "mount_at = os.path.join(\"/mnt\", mount_pt)\n        bucket_uri = \"s3a://{0}:{1}@{2}\".format(self._aws_access_key,\n                                                se",
  "context_lines": "        :param display: Callable to display\n        :param dbutils: `dbutils` module\n        \"\"\"\n        self.mount_at = os.path.join(\"/mnt\", mount_pt)\n        bucket_uri = \"s3a://{0}:{1}@{2}\".format(self._aws_access_key,\n                                                self._aws_encoded_secret_key,\n                                                self.name)\n        if dbutils:\n            self.dbutils = dbutils\n\n",
  "slicing": [
   "        bucket_uri = \"s3a://{0}:{1}@{2}\".format(self._aws_access_key,\n",
   "            self.dbutils.fs.mount(bucket_uri, self.mount_at)\n"
  ]
 },
 "37": {
  "name": "files",
  "type": "UNKNOWN",
  "class": "unknown",
  "approach": "Pysonar2",
  "file_path": "databricks-utils/databricks_utils/aws.py",
  "lineno": "120",
  "column": "8",
  "context": "     # pylint: disable=undefined-variable\n        files = self.dbutils.fs.ls(os.path.join(\"dbfs:/\", self.mount_at[1:], path))\n        if callable(display):\n            frag = \"",
  "context_lines": "        :param path: path relative to the s3 bucket\n        :param display: a Callable to render the HTML output. e.g. `displayHTML`\n        \"\"\"\n        # pylint: disable=undefined-variable\n        files = self.dbutils.fs.ls(os.path.join(\"dbfs:/\", self.mount_at[1:], path))\n        if callable(display):\n            frag = \"\"\n            for file in files:\n                classname = \"file\" if file.size > 0 else \"folder\"\n",
  "slicing": [
   "        files = self.dbutils.fs.ls(os.path.join(\"dbfs:/\", self.mount_at[1:], path))\n",
   "            for file in files:\n",
   "                classname = \"file\" if file.size > 0 else \"folder\"\n",
   "                </tr>\"\"\".format(classname, file.name, file.size)\n",
   "        return files\n"
  ]
 },
 "38": {
  "name": "frag",
  "type": "str",
  "class": "build-in",
  "approach": "Pysonar2",
  "file_path": "databricks-utils/databricks_utils/aws.py",
  "lineno": "122",
  "column": "12",
  "context": " path))\n        if callable(display):\n            frag = \"\"\n            for file in files:\n                cla",
  "context_lines": "        \"\"\"\n        # pylint: disable=undefined-variable\n        files = self.dbutils.fs.ls(os.path.join(\"dbfs:/\", self.mount_at[1:], path))\n        if callable(display):\n            frag = \"\"\n            for file in files:\n                classname = \"file\" if file.size > 0 else \"folder\"\n                frag += \"\"\"\n                <tr class='{0}'>\n",
  "slicing": [
   "            frag = \"\"\n",
   "                  \"\"\"+frag+\"\"\"\n"
  ]
 },
 "39": {
  "name": "classname",
  "type": "str",
  "class": "build-in",
  "approach": "Pysonar2",
  "file_path": "databricks-utils/databricks_utils/aws.py",
  "lineno": "124",
  "column": "16",
  "context": "\"\"\n            for file in files:\n                classname = \"file\" if file.size > 0 else \"folder\"\n                frag += \"\"\"\n                <tr cl",
  "context_lines": "        files = self.dbutils.fs.ls(os.path.join(\"dbfs:/\", self.mount_at[1:], path))\n        if callable(display):\n            frag = \"\"\n            for file in files:\n                classname = \"file\" if file.size > 0 else \"folder\"\n                frag += \"\"\"\n                <tr class='{0}'>\n                    <td>{1}</td>\n                    <td>{2}</td>\n",
  "slicing": [
   "                classname = \"file\" if file.size > 0 else \"folder\"\n",
   "                </tr>\"\"\".format(classname, file.name, file.size)\n"
  ]
 },
 "40": {
  "name": "frag",
  "type": "str",
  "class": "build-in",
  "approach": "Pysonar2",
  "file_path": "databricks-utils/databricks_utils/aws.py",
  "lineno": "125",
  "column": "16",
  "context": "e\" if file.size > 0 else \"folder\"\n                frag += \"\"\"\n                <tr class='{0}'>\n                 ",
  "context_lines": "        if callable(display):\n            frag = \"\"\n            for file in files:\n                classname = \"file\" if file.size > 0 else \"folder\"\n                frag += \"\"\"\n                <tr class='{0}'>\n                    <td>{1}</td>\n                    <td>{2}</td>\n                </tr>\"\"\".format(classname, file.name, file.size)\n\n",
  "slicing": [
   "                frag += \"\"\"\n",
   "                  \"\"\"+frag+\"\"\"\n"
  ]
 },
 "41": {
  "name": "spec",
  "type": "UNKNOWN",
  "class": "unknown",
  "approach": "Pysonar2",
  "file_path": "databricks-utils/databricks_utils/vega.py",
  "lineno": "19",
  "column": "15",
  "context": "github.com/vega/vega-embed`).\"\"\"\n\n\ndef vega_embed(spec, display=None, **kwargs):\n    \"\"\"\n    Display a vega chart. Also return the ",
  "context_lines": "                                      source=True,\n                                      editor=False,\n                                      renderer=\"canvas\"))\n\"\"\"Default settings for `vega-embed` (See `https://github.com/vega/vega-embed`).\"\"\"\n\n\ndef vega_embed(spec, display=None, **kwargs):\n    \"\"\"\n    Display a vega chart. Also return the HTML to display the vega chart.\n\n    :param display: Callable to render the resultant HTML (e.g. displayHTML).\n    :param kwargs:  See `https://github.com/vega/vega-embed` for the vega\n",
  "slicing": "def vega_embed(spec, display=None, **kwargs):\n"
 },
 "42": {
  "name": "display",
  "type": "UNKNOWN",
  "class": "unknown",
  "approach": "Pysonar2",
  "file_path": "databricks-utils/databricks_utils/vega.py",
  "lineno": "19",
  "column": "21",
  "context": ".com/vega/vega-embed`).\"\"\"\n\n\ndef vega_embed(spec, display=None, **kwargs):\n    \"\"\"\n    Display a vega chart. Also return the ",
  "context_lines": "                                      source=True,\n                                      editor=False,\n                                      renderer=\"canvas\"))\n\"\"\"Default settings for `vega-embed` (See `https://github.com/vega/vega-embed`).\"\"\"\n\n\ndef vega_embed(spec, display=None, **kwargs):\n    \"\"\"\n    Display a vega chart. Also return the HTML to display the vega chart.\n\n    :param display: Callable to render the resultant HTML (e.g. displayHTML).\n    :param kwargs:  See `https://github.com/vega/vega-embed` for the vega\n",
  "slicing": "def vega_embed(spec, display=None, **kwargs):\n"
 },
 "43": {
  "name": "bucketname",
  "type": "UNKNOWN",
  "class": "unknown",
  "approach": "Pysonar2",
  "file_path": "databricks-utils/databricks_utils/aws.py",
  "lineno": "13",
  "column": "23",
  "context": "    \"\"\"\n    dbutils = None\n    def __init__(self, bucketname, aws_access_key, aws_secret_key, dbutils=None):\n        \"\"\"\n        :param bucketname: name of the",
  "context_lines": "    \"\"\"\n    Class to wrap around a S3 bucket and mount at databricks fs.\n    \"\"\"\n    dbutils = None\n    def __init__(self, bucketname, aws_access_key, aws_secret_key, dbutils=None):\n        \"\"\"\n        :param bucketname: name of the S3 bucket\n        :param aws_access_key: AWS access key\n        :param aws_secret_key: AWS secret key\n",
  "slicing": "    def __init__(self, bucketname, aws_access_key, aws_secret_key, dbutils=None):\n"
 },
 "44": {
  "name": "aws_access_key",
  "type": "UNKNOWN",
  "class": "unknown",
  "approach": "Pysonar2",
  "file_path": "databricks-utils/databricks_utils/aws.py",
  "lineno": "13",
  "column": "35",
  "context": "dbutils = None\n    def __init__(self, bucketname, aws_access_key, aws_secret_key, dbutils=None):\n        \"\"\"\n        :param bucketname: name of the",
  "context_lines": "    \"\"\"\n    Class to wrap around a S3 bucket and mount at databricks fs.\n    \"\"\"\n    dbutils = None\n    def __init__(self, bucketname, aws_access_key, aws_secret_key, dbutils=None):\n        \"\"\"\n        :param bucketname: name of the S3 bucket\n        :param aws_access_key: AWS access key\n        :param aws_secret_key: AWS secret key\n",
  "slicing": "    def __init__(self, bucketname, aws_access_key, aws_secret_key, dbutils=None):\n"
 },
 "45": {
  "name": "aws_secret_key",
  "type": "UNKNOWN",
  "class": "unknown",
  "approach": "Pysonar2",
  "file_path": "databricks-utils/databricks_utils/aws.py",
  "lineno": "13",
  "column": "51",
  "context": "   def __init__(self, bucketname, aws_access_key, aws_secret_key, dbutils=None):\n        \"\"\"\n        :param bucketname: name of the",
  "context_lines": "    \"\"\"\n    Class to wrap around a S3 bucket and mount at databricks fs.\n    \"\"\"\n    dbutils = None\n    def __init__(self, bucketname, aws_access_key, aws_secret_key, dbutils=None):\n        \"\"\"\n        :param bucketname: name of the S3 bucket\n        :param aws_access_key: AWS access key\n        :param aws_secret_key: AWS secret key\n",
  "slicing": "    def __init__(self, bucketname, aws_access_key, aws_secret_key, dbutils=None):\n"
 },
 "46": {
  "name": "dbutils",
  "type": "UNKNOWN",
  "class": "unknown",
  "approach": "Pysonar2",
  "file_path": "databricks-utils/databricks_utils/aws.py",
  "lineno": "13",
  "column": "67",
  "context": "self, bucketname, aws_access_key, aws_secret_key, dbutils=None):\n        \"\"\"\n        :param bucketname: name of the",
  "context_lines": "    \"\"\"\n    Class to wrap around a S3 bucket and mount at databricks fs.\n    \"\"\"\n    dbutils = None\n    def __init__(self, bucketname, aws_access_key, aws_secret_key, dbutils=None):\n        \"\"\"\n        :param bucketname: name of the S3 bucket\n        :param aws_access_key: AWS access key\n        :param aws_secret_key: AWS secret key\n",
  "slicing": "    def __init__(self, bucketname, aws_access_key, aws_secret_key, dbutils=None):\n"
 },
 "47": {
  "name": "cls",
  "type": "S3Bucket",
  "class": "customized",
  "approach": "Pysonar2",
  "file_path": "databricks-utils/databricks_utils/aws.py",
  "lineno": "29",
  "column": "23",
  "context": " dbutils\n\n    @classmethod\n    def attach_dbutils(cls, dbutils):\n        \"\"\"\n        Attach databricks `dbutils` to",
  "context_lines": "        self._aws_encoded_secret_key = aws_secret_key.replace(\"/\", \"%2F\")\n        if dbutils:\n            self.dbutils = dbutils\n\n    @classmethod\n    def attach_dbutils(cls, dbutils):\n        \"\"\"\n        Attach databricks `dbutils` to S3Bucket. You MUST attach this before\n        S3Bucket can be used.\n\n        :param dbutils: databricks `dbutils` (https://docs.databricks.com/user-guide/dev-tools/dbutils.html#dbutils)\n",
  "slicing": "    def attach_dbutils(cls, dbutils):\n"
 },
 "48": {
  "name": "dbutils",
  "type": "UNKNOWN",
  "class": "unknown",
  "approach": "Pysonar2",
  "file_path": "databricks-utils/databricks_utils/aws.py",
  "lineno": "29",
  "column": "28",
  "context": "ils\n\n    @classmethod\n    def attach_dbutils(cls, dbutils):\n        \"\"\"\n        Attach databricks `dbutils` to",
  "context_lines": "        self._aws_encoded_secret_key = aws_secret_key.replace(\"/\", \"%2F\")\n        if dbutils:\n            self.dbutils = dbutils\n\n    @classmethod\n    def attach_dbutils(cls, dbutils):\n        \"\"\"\n        Attach databricks `dbutils` to S3Bucket. You MUST attach this before\n        S3Bucket can be used.\n\n        :param dbutils: databricks `dbutils` (https://docs.databricks.com/user-guide/dev-tools/dbutils.html#dbutils)\n",
  "slicing": "    def attach_dbutils(cls, dbutils):\n"
 },
 "49": {
  "name": "spark_context",
  "type": "UNKNOWN",
  "class": "unknown",
  "approach": "Pysonar2",
  "file_path": "databricks-utils/databricks_utils/aws.py",
  "lineno": "38",
  "column": "26",
  "context": " cls.dbutils = dbutils\n\n    def allow_spark(self, spark_context):\n        \"\"\"\n        Update spark context hadoop co",
  "context_lines": "        S3Bucket can be used.\n\n        :param dbutils: databricks `dbutils` (https://docs.databricks.com/user-guide/dev-tools/dbutils.html#dbutils)\n        \"\"\"\n        cls.dbutils = dbutils\n\n    def allow_spark(self, spark_context):\n        \"\"\"\n        Update spark context hadoop config with AWS access information so that\n        databricks spark can access the S3 bucket.\n\n        :param spark_context: databricks spark context\n",
  "slicing": "    def allow_spark(self, spark_context):\n"
 },
 "50": {
  "name": "mount_pt",
  "type": "UNKNOWN",
  "class": "unknown",
  "approach": "Pysonar2",
  "file_path": "databricks-utils/databricks_utils/aws.py",
  "lineno": "53",
  "column": "20",
  "context": "ret_key)\n        return self\n\n    def mount(self, mount_pt, dbutils=None):\n        \"\"\"\n        Mounts the S3 bucket in dbfs.\n",
  "context_lines": "        # pylint: disable=undefined-variable\n        spark_context._jsc.hadoopConfiguration().set(\"fs.s3n.awsSecretAccessKey\",\n                                                     self._aws_secret_key)\n        return self\n\n    def mount(self, mount_pt, dbutils=None):\n        \"\"\"\n        Mounts the S3 bucket in dbfs.\n        environment variables `AWS_ACCESS_KEY` and `AWS_SECRET_KEY` must be set.\n\n        :param mount_pt: Where to mount the S3 bucket in the `dbfs`.\n",
  "slicing": "    def mount(self, mount_pt, dbutils=None):\n"
 },
 "51": {
  "name": "dbutils",
  "type": "UNKNOWN",
  "class": "unknown",
  "approach": "Pysonar2",
  "file_path": "databricks-utils/databricks_utils/aws.py",
  "lineno": "53",
  "column": "30",
  "context": "       return self\n\n    def mount(self, mount_pt, dbutils=None):\n        \"\"\"\n        Mounts the S3 bucket in dbfs.\n",
  "context_lines": "        # pylint: disable=undefined-variable\n        spark_context._jsc.hadoopConfiguration().set(\"fs.s3n.awsSecretAccessKey\",\n                                                     self._aws_secret_key)\n        return self\n\n    def mount(self, mount_pt, dbutils=None):\n        \"\"\"\n        Mounts the S3 bucket in dbfs.\n        environment variables `AWS_ACCESS_KEY` and `AWS_SECRET_KEY` must be set.\n\n        :param mount_pt: Where to mount the S3 bucket in the `dbfs`.\n",
  "slicing": "    def mount(self, mount_pt, dbutils=None):\n"
 },
 "52": {
  "name": "dbutils",
  "type": "UNKNOWN",
  "class": "unknown",
  "approach": "Pysonar2",
  "file_path": "databricks-utils/databricks_utils/aws.py",
  "lineno": "81",
  "column": "21",
  "context": "e error\n        return self\n\n    def umount(self, dbutils):\n        \"\"\"umount the s3 bucket.\"\"\"\n\n        if db",
  "context_lines": "        except Exception as error: # pylint: disable=broad-except\n            if \"Directory already mounted\" not in str(error):\n                raise error\n        return self\n\n    def umount(self, dbutils):\n        \"\"\"umount the s3 bucket.\"\"\"\n\n        if dbutils:\n            self.dbutils = dbutils\n\n        if self.dbutils is None:\n",
  "slicing": "    def umount(self, dbutils):\n"
 },
 "53": {
  "name": "path",
  "type": "UNKNOWN",
  "class": "unknown",
  "approach": "Pysonar2",
  "file_path": "databricks-utils/databricks_utils/aws.py",
  "lineno": "95",
  "column": "17",
  "context": "ed-variable\n        return self\n\n    def s3(self, path): # pylint: disable=invalid-name\n        \"\"\"\n        Return the path to the corresp",
  "context_lines": "                               \"`S3Bucket.attach_dbutils` or provide \" +\n                               \"`dbutils` in the arguments.\")\n\n        self.dbutils.fs.unmount(self.mount_at) # pylint: disable=undefined-variable\n        return self\n\n    def s3(self, path): # pylint: disable=invalid-name\n        \"\"\"\n        Return the path to the corresponding resource in the s3 bucket that is\n        interpretable by the databricks spark worker.\n\n        :param path: relative path to a resource in the s3 bucket.\n",
  "slicing": "    def s3(self, path): # pylint: disable=invalid-name\n"
 },
 "54": {
  "name": "path",
  "type": "UNKNOWN",
  "class": "unknown",
  "approach": "Pysonar2",
  "file_path": "databricks-utils/databricks_utils/aws.py",
  "lineno": "104",
  "column": "20",
  "context": "n(\"s3a://\", self.name, path)\n\n    def local(self, path):\n        \"\"\"\n        Return the absolute path to th",
  "context_lines": "        interpretable by the databricks spark worker.\n\n        :param path: relative path to a resource in the s3 bucket.\n        \"\"\"\n        return os.path.join(\"s3a://\", self.name, path)\n\n    def local(self, path):\n        \"\"\"\n        Return the absolute path to the corresponding resource in dbfs.\n\n        :param path: relative path to a resource in the s3 bucket.\n        \"\"\"\n",
  "slicing": "    def local(self, path):\n"
 },
 "55": {
  "name": "path",
  "type": "str",
  "class": "build-in",
  "approach": "Pysonar2",
  "file_path": "databricks-utils/databricks_utils/aws.py",
  "lineno": "112",
  "column": "17",
  "context": "dbfs\", self.mount_at[1:], path)\n\n    def ls(self, path=\"\", display=None): # pylint: disable=invalid-name\n        \"\"\"\n        List the files and folders in ",
  "context_lines": "        Return the absolute path to the corresponding resource in dbfs.\n\n        :param path: relative path to a resource in the s3 bucket.\n        \"\"\"\n        return os.path.join(\"/dbfs\", self.mount_at[1:], path)\n\n    def ls(self, path=\"\", display=None): # pylint: disable=invalid-name\n        \"\"\"\n        List the files and folders in s3 bucket mounted in `dbfs`.\n\n        :param path: path relative to the s3 bucket\n        :param display: a Callable to render the HTML output. e.g. `displayHTML`\n",
  "slicing": "    def ls(self, path=\"\", display=None): # pylint: disable=invalid-name\n"
 },
 "56": {
  "name": "display",
  "type": "UNKNOWN",
  "class": "unknown",
  "approach": "Pysonar2",
  "file_path": "databricks-utils/databricks_utils/aws.py",
  "lineno": "112",
  "column": "26",
  "context": "lf.mount_at[1:], path)\n\n    def ls(self, path=\"\", display=None): # pylint: disable=invalid-name\n        \"\"\"\n        List the files and folders in ",
  "context_lines": "        Return the absolute path to the corresponding resource in dbfs.\n\n        :param path: relative path to a resource in the s3 bucket.\n        \"\"\"\n        return os.path.join(\"/dbfs\", self.mount_at[1:], path)\n\n    def ls(self, path=\"\", display=None): # pylint: disable=invalid-name\n        \"\"\"\n        List the files and folders in s3 bucket mounted in `dbfs`.\n\n        :param path: path relative to the s3 bucket\n        :param display: a Callable to render the HTML output. e.g. `displayHTML`\n",
  "slicing": "    def ls(self, path=\"\", display=None): # pylint: disable=invalid-name\n"
 },
 "57": {
  "name": "dbutils",
  "type": "None",
  "class": "imported",
  "approach": "annotation",
  "file_path": "databricks-utils/databricks_utils/aws.py",
  "lineno": "12",
  "column": "4",
  "slicing": "['    dbutils = None\\n', '        if dbutils:\\n', '            self.dbutils = dbutils\\n', '        cls.dbutils = dbutils\\n', '        if dbutils:\\n', '            self.dbutils = dbutils\\n', '        if dbutils:\\n', '            self.dbutils = dbutils\\n']",
  "context": "S3 bucket and mount at databricks fs.\n    \"\"\"\n    dbutils = None\n    def __init__(self, bucketname, aws_access_key,",
  "context_lines": "class S3Bucket(object):\n    \"\"\"\n    Class to wrap around a S3 bucket and mount at databricks fs.\n    \"\"\"\n    dbutils = None\n    def __init__(self, bucketname, aws_access_key, aws_secret_key, dbutils=None):\n        \"\"\"\n        :param bucketname: name of the S3 bucket\n        :param aws_access_key: AWS access key\n"
 },
 "58": {
  "name": "language",
  "type": "None",
  "class": "imported",
  "approach": "annotation",
  "file_path": "databricks-utils/resources/rst/conf.py",
  "lineno": "77",
  "column": "0",
  "slicing": "['language = None\\n']",
  "context": "\"language\" from the command line for these cases.\nlanguage = None\n\n# List of patterns, relative to source directory,",
  "context_lines": "# for a list of supported languages.\n#\n# This is also used if you do content translation via gettext catalogs.\n# Usually you set \"language\" from the command line for these cases.\nlanguage = None\n\n# List of patterns, relative to source directory, that match files and\n# directories to ignore when looking for source files.\n# This pattern also affects html_static_path and html_extra_path .\n"
 }
}