{
 "1": {
  "name": "parser",
  "type": "argparse.ArgumentParser",
  "class": "imported",
  "approach": "annotation",
  "file_path": "dawg/dawg/main.py",
  "lineno": "12",
  "column": "4",
  "context": "server as server\n\n\ndef main(argv: List[str]):\n    parser = ArgumentParser()\n    group = parser.add_mutually_exclusive_group(re",
  "context_lines": "import sys\n\nfrom dawg.notifier import APIToken, NotifierType\nimport dawg.server as server\n\n\ndef main(argv: List[str]):\n    parser = ArgumentParser()\n    group = parser.add_mutually_exclusive_group(required=True)\n    group.add_argument('--test', action='store_true',\n                       help='Just print username')\n    group.add_argument('--yo-api-token')\n",
  "slicing": [
   "    parser = ArgumentParser()\n",
   "    group = parser.add_mutually_exclusive_group(required=True)\n",
   "    group.add_argument('--test', action='store_true',\n",
   "    group.add_argument('--yo-api-token')\n",
   "    group.add_argument('--pushover-api-token')\n",
   "    args = parser.parse_args()\n",
   "    if args.yo_api_token:\n",
   "        api_token = APIToken(NotifierType.YO, args.yo_api_token)\n",
   "    elif args.pushover_api_token:\n",
   "        api_token = APIToken(NotifierType.PUSHOVER, args.pushover_api_token)\n",
   "    server.run_server(loop, api_token)\n"
  ]
 },
 "2": {
  "name": "group",
  "type": "UNKNOWN",
  "class": "unknown",
  "approach": "Pysonar2",
  "file_path": "dawg/dawg/main.py",
  "lineno": "13",
  "column": "4",
  "context": "gv: List[str]):\n    parser = ArgumentParser()\n    group = parser.add_mutually_exclusive_group(required=True)\n    group.add_argument('--test', action='store_tru",
  "context_lines": "from dawg.notifier import APIToken, NotifierType\nimport dawg.server as server\n\n\ndef main(argv: List[str]):\n    parser = ArgumentParser()\n    group = parser.add_mutually_exclusive_group(required=True)\n    group.add_argument('--test', action='store_true',\n                       help='Just print username')\n    group.add_argument('--yo-api-token')\n    group.add_argument('--pushover-api-token')\n",
  "slicing": [
   "    group = parser.add_mutually_exclusive_group(required=True)\n",
   "    group.add_argument('--test', action='store_true',\n",
   "    group.add_argument('--yo-api-token')\n",
   "    group.add_argument('--pushover-api-token')\n"
  ]
 },
 "3": {
  "name": "args",
  "type": "UNKNOWN",
  "class": "unknown",
  "approach": "Pysonar2",
  "file_path": "dawg/dawg/main.py",
  "lineno": "18",
  "column": "4",
  "context": "   group.add_argument('--pushover-api-token')\n    args = parser.parse_args()\n    loop = get_event_loop()\n    api_token = None\n ",
  "context_lines": "    group.add_argument('--test', action='store_true',\n                       help='Just print username')\n    group.add_argument('--yo-api-token')\n    group.add_argument('--pushover-api-token')\n    args = parser.parse_args()\n    loop = get_event_loop()\n    api_token = None\n    if args.yo_api_token:\n        api_token = APIToken(NotifierType.YO, args.yo_api_token)\n",
  "slicing": [
   "    args = parser.parse_args()\n",
   "    if args.yo_api_token:\n",
   "        api_token = APIToken(NotifierType.YO, args.yo_api_token)\n",
   "    elif args.pushover_api_token:\n",
   "        api_token = APIToken(NotifierType.PUSHOVER, args.pushover_api_token)\n",
   "    server.run_server(loop, api_token)\n"
  ]
 },
 "4": {
  "name": "loop",
  "type": "asyncio.get_event_loop",
  "class": "imported",
  "approach": "annotation",
  "file_path": "dawg/dawg/main.py",
  "lineno": "19",
  "column": "4",
  "context": "er-api-token')\n    args = parser.parse_args()\n    loop = get_event_loop()\n    api_token = None\n    if args.yo_api_token:\n   ",
  "context_lines": "                       help='Just print username')\n    group.add_argument('--yo-api-token')\n    group.add_argument('--pushover-api-token')\n    args = parser.parse_args()\n    loop = get_event_loop()\n    api_token = None\n    if args.yo_api_token:\n        api_token = APIToken(NotifierType.YO, args.yo_api_token)\n    elif args.pushover_api_token:\n",
  "slicing": [
   "    loop = get_event_loop()\n",
   "    server.run_server(loop, api_token)\n"
  ]
 },
 "5": {
  "name": "api_token",
  "type": "UNKNOWN",
  "class": "unknown",
  "approach": "annotation",
  "file_path": "dawg/dawg/main.py",
  "lineno": "20",
  "column": "4",
  "context": "rser.parse_args()\n    loop = get_event_loop()\n    api_token = None\n    if args.yo_api_token:\n        api_token = APIT",
  "context_lines": "    group.add_argument('--yo-api-token')\n    group.add_argument('--pushover-api-token')\n    args = parser.parse_args()\n    loop = get_event_loop()\n    api_token = None\n    if args.yo_api_token:\n        api_token = APIToken(NotifierType.YO, args.yo_api_token)\n    elif args.pushover_api_token:\n        api_token = APIToken(NotifierType.PUSHOVER, args.pushover_api_token)\n",
  "slicing": [
   "    api_token = None\n",
   "    server.run_server(loop, api_token)\n"
  ]
 },
 "6": {
  "name": "api_token",
  "type": "dawg.notifier.APIToken",
  "class": "customized",
  "approach": "annotation",
  "file_path": "dawg/dawg/main.py",
  "lineno": "22",
  "column": "8",
  "context": "pi_token = None\n    if args.yo_api_token:\n        api_token = APIToken(NotifierType.YO, args.yo_api_token)\n    elif args.pushover_api_token:\n        api_toke",
  "context_lines": "    args = parser.parse_args()\n    loop = get_event_loop()\n    api_token = None\n    if args.yo_api_token:\n        api_token = APIToken(NotifierType.YO, args.yo_api_token)\n    elif args.pushover_api_token:\n        api_token = APIToken(NotifierType.PUSHOVER, args.pushover_api_token)\n    server.run_server(loop, api_token)\n\n\nif __name__ == '__main__':\n",
  "slicing": [
   "        api_token = APIToken(NotifierType.YO, args.yo_api_token)\n",
   "    server.run_server(loop, api_token)\n"
  ]
 },
 "7": {
  "name": "api_token",
  "type": "dawg.notifier.APIToken",
  "class": "customized",
  "approach": "annotation",
  "file_path": "dawg/dawg/main.py",
  "lineno": "24",
  "column": "8",
  "context": "_token)\n    elif args.pushover_api_token:\n        api_token = APIToken(NotifierType.PUSHOVER, args.pushover_api_token)\n    server.run_server(loop, api_token)\n\n\nif __name",
  "context_lines": "    api_token = None\n    if args.yo_api_token:\n        api_token = APIToken(NotifierType.YO, args.yo_api_token)\n    elif args.pushover_api_token:\n        api_token = APIToken(NotifierType.PUSHOVER, args.pushover_api_token)\n    server.run_server(loop, api_token)\n\n\nif __name__ == '__main__':\n",
  "slicing": [
   "        api_token = APIToken(NotifierType.PUSHOVER, args.pushover_api_token)\n",
   "    server.run_server(loop, api_token)\n"
  ]
 },
 "8": {
  "name": "req_id",
  "type": "UNKNOWN",
  "class": "unknown",
  "approach": "Pysonar2",
  "file_path": "dawg/dawg/server.py",
  "lineno": "21",
  "column": "8",
  "context": "ifier)\n\n    async def arm(self, request):\n        req_id = request.match_info.get('id')\n        username = request.query['username']\n     ",
  "context_lines": "class DawgServer(object):\n\n    def __init__(self, loop: AbstractEventLoop, notifier: Notifier) -> None:\n        self.meat_locker = MeatLocker(loop, 10.0, notifier)\n\n    async def arm(self, request):\n        req_id = request.match_info.get('id')\n        username = request.query['username']\n        message = request.query.get('message', 'yo dawg')\n        notification_request = NotificationRequest(req_id, username, message)\n        await self.meat_locker.arm(notification_request)\n",
  "slicing": [
   "        req_id = request.match_info.get('id')\n",
   "        notification_request = NotificationRequest(req_id, username, message)\n",
   "        await self.meat_locker.arm(notification_request)\n",
   "            self.meat_locker.complete(req_id)\n",
   "        return web.Response(text=f\"Acknowledged request {req_id}\")\n"
  ]
 },
 "9": {
  "name": "username",
  "type": "dict",
  "class": "build-in",
  "approach": "annotation",
  "file_path": "dawg/dawg/server.py",
  "lineno": "22",
  "column": "8",
  "context": "    req_id = request.match_info.get('id')\n        username = request.query['username']\n        message = request.query.get('message', 'yo",
  "context_lines": "    def __init__(self, loop: AbstractEventLoop, notifier: Notifier) -> None:\n        self.meat_locker = MeatLocker(loop, 10.0, notifier)\n\n    async def arm(self, request):\n        req_id = request.match_info.get('id')\n        username = request.query['username']\n        message = request.query.get('message', 'yo dawg')\n        notification_request = NotificationRequest(req_id, username, message)\n        await self.meat_locker.arm(notification_request)\n        return web.Response()\n\n",
  "slicing": [
   "        username = request.query['username']\n",
   "        notification_request = NotificationRequest(req_id, username, message)\n",
   "        await self.meat_locker.arm(notification_request)\n"
  ]
 },
 "10": {
  "name": "message",
  "type": "UNKNOWN",
  "class": "unknown",
  "approach": "Pysonar2",
  "file_path": "dawg/dawg/server.py",
  "lineno": "23",
  "column": "8",
  "context": "     username = request.query['username']\n        message = request.query.get('message', 'yo dawg')\n        notification_request = NotificationRequest",
  "context_lines": "        self.meat_locker = MeatLocker(loop, 10.0, notifier)\n\n    async def arm(self, request):\n        req_id = request.match_info.get('id')\n        username = request.query['username']\n        message = request.query.get('message', 'yo dawg')\n        notification_request = NotificationRequest(req_id, username, message)\n        await self.meat_locker.arm(notification_request)\n        return web.Response()\n\n    async def ack(self, request):\n",
  "slicing": [
   "        message = request.query.get('message', 'yo dawg')\n",
   "        notification_request = NotificationRequest(req_id, username, message)\n",
   "        await self.meat_locker.arm(notification_request)\n"
  ]
 },
 "11": {
  "name": "notification_request",
  "type": "dawg.meat_locker.NotificationRequest",
  "class": "customized",
  "approach": "annotation",
  "file_path": "dawg/dawg/server.py",
  "lineno": "24",
  "column": "8",
  "context": "= request.query.get('message', 'yo dawg')\n        notification_request = NotificationRequest(req_id, username, message)\n        await self.meat_locker.arm(notification_re",
  "context_lines": "    async def arm(self, request):\n        req_id = request.match_info.get('id')\n        username = request.query['username']\n        message = request.query.get('message', 'yo dawg')\n        notification_request = NotificationRequest(req_id, username, message)\n        await self.meat_locker.arm(notification_request)\n        return web.Response()\n\n    async def ack(self, request):\n        req_id = request.match_info.get('id')\n",
  "slicing": [
   "        notification_request = NotificationRequest(req_id, username, message)\n",
   "        await self.meat_locker.arm(notification_request)\n"
  ]
 },
 "12": {
  "name": "req_id",
  "type": "UNKNOWN",
  "class": "unknown",
  "approach": "Pysonar2",
  "file_path": "dawg/dawg/server.py",
  "lineno": "29",
  "column": "8",
  "context": "onse()\n\n    async def ack(self, request):\n        req_id = request.match_info.get('id')\n        try:\n            self.meat_locker.complete",
  "context_lines": "        notification_request = NotificationRequest(req_id, username, message)\n        await self.meat_locker.arm(notification_request)\n        return web.Response()\n\n    async def ack(self, request):\n        req_id = request.match_info.get('id')\n        try:\n            self.meat_locker.complete(req_id)\n        except KeyError:\n            raise web.HTTPNotFound()\n",
  "slicing": [
   "        req_id = request.match_info.get('id')\n",
   "            self.meat_locker.complete(req_id)\n",
   "        return web.Response(text=f\"Acknowledged request {req_id}\")\n"
  ]
 },
 "13": {
  "name": "app",
  "type": "UNKNOWN",
  "class": "unknown",
  "approach": "Pysonar2",
  "file_path": "dawg/dawg/server.py",
  "lineno": "39",
  "column": "4",
  "context": "oken: Optional[APIToken]) -> web.Application:\n    app = web.Application()\n    client_session = ClientSession()\n    if api_to",
  "context_lines": "            raise web.HTTPNotFound()\n        return web.Response(text=f\"Acknowledged request {req_id}\")\n\n\nasync def prepare_app(loop: AbstractEventLoop,\n                      api_token: Optional[APIToken]) -> web.Application:\n    app = web.Application()\n    client_session = ClientSession()\n    if api_token is not None:\n        if api_token.notifier_type is NotifierType.YO:\n            notifier = mk_yo_notifier(client_session, api_token.token)\n",
  "slicing": [
   "    app = web.Application()\n",
   "    app.add_routes([web.get('/arm/{id}', server.arm),\n",
   "    app.on_shutdown.append(close)\n",
   "    return app\n"
  ]
 },
 "14": {
  "name": "client_session",
  "type": "aiohttp.ClientSession",
  "class": "imported",
  "approach": "annotation",
  "file_path": "dawg/dawg/server.py",
  "lineno": "40",
  "column": "4",
  "context": " web.Application:\n    app = web.Application()\n    client_session = ClientSession()\n    if api_token is not None:\n        if api_token",
  "context_lines": "        return web.Response(text=f\"Acknowledged request {req_id}\")\n\n\nasync def prepare_app(loop: AbstractEventLoop,\n                      api_token: Optional[APIToken]) -> web.Application:\n    app = web.Application()\n    client_session = ClientSession()\n    if api_token is not None:\n        if api_token.notifier_type is NotifierType.YO:\n            notifier = mk_yo_notifier(client_session, api_token.token)\n        else:\n",
  "slicing": [
   "    client_session = ClientSession()\n",
   "            notifier = mk_yo_notifier(client_session, api_token.token)\n",
   "            notifier = mk_pushover_notifier(client_session, api_token.token)\n",
   "        await client_session.close()\n",
   "    server = DawgServer(loop=loop, notifier=notifier)\n",
   "    app.add_routes([web.get('/arm/{id}', server.arm),\n",
   "                    web.get('/ack/{id}', server.ack)])\n"
  ]
 },
 "15": {
  "name": "notifier",
  "type": "dawg.yo.mk_yo_notifier",
  "class": "imported",
  "approach": "annotation",
  "file_path": "dawg/dawg/server.py",
  "lineno": "43",
  "column": "12",
  "context": "ken.notifier_type is NotifierType.YO:\n            notifier = mk_yo_notifier(client_session, api_token.token)\n        else:\n            notifier = mk_pushover_n",
  "context_lines": "    app = web.Application()\n    client_session = ClientSession()\n    if api_token is not None:\n        if api_token.notifier_type is NotifierType.YO:\n            notifier = mk_yo_notifier(client_session, api_token.token)\n        else:\n            notifier = mk_pushover_notifier(client_session, api_token.token)\n    else:\n        notifier = print_notifier\n\n",
  "slicing": [
   "            notifier = mk_yo_notifier(client_session, api_token.token)\n",
   "    server = DawgServer(loop=loop, notifier=notifier)\n",
   "    app.add_routes([web.get('/arm/{id}', server.arm),\n",
   "                    web.get('/ack/{id}', server.ack)])\n"
  ]
 },
 "16": {
  "name": "notifier",
  "type": "dawg.pushover.mk_pushover_notifier",
  "class": "imported",
  "approach": "annotation",
  "file_path": "dawg/dawg/server.py",
  "lineno": "45",
  "column": "12",
  "context": "ssion, api_token.token)\n        else:\n            notifier = mk_pushover_notifier(client_session, api_token.token)\n    else:\n        notifier = print_notifier\n\n    a",
  "context_lines": "    if api_token is not None:\n        if api_token.notifier_type is NotifierType.YO:\n            notifier = mk_yo_notifier(client_session, api_token.token)\n        else:\n            notifier = mk_pushover_notifier(client_session, api_token.token)\n    else:\n        notifier = print_notifier\n\n    async def close(app):\n        await client_session.close()\n",
  "slicing": [
   "            notifier = mk_pushover_notifier(client_session, api_token.token)\n",
   "    server = DawgServer(loop=loop, notifier=notifier)\n",
   "    app.add_routes([web.get('/arm/{id}', server.arm),\n",
   "                    web.get('/ack/{id}', server.ack)])\n"
  ]
 },
 "17": {
  "name": "notifier",
  "type": "dawg.notifier.print_notifier",
  "class": "imported",
  "approach": "annotation",
  "file_path": "dawg/dawg/server.py",
  "lineno": "47",
  "column": "8",
  "context": "lient_session, api_token.token)\n    else:\n        notifier = print_notifier\n\n    async def close(app):\n        await client_se",
  "context_lines": "            notifier = mk_yo_notifier(client_session, api_token.token)\n        else:\n            notifier = mk_pushover_notifier(client_session, api_token.token)\n    else:\n        notifier = print_notifier\n\n    async def close(app):\n        await client_session.close()\n    server = DawgServer(loop=loop, notifier=notifier)\n\n",
  "slicing": [
   "        notifier = print_notifier\n",
   "    server = DawgServer(loop=loop, notifier=notifier)\n",
   "    app.add_routes([web.get('/arm/{id}', server.arm),\n",
   "                    web.get('/ack/{id}', server.ack)])\n"
  ]
 },
 "18": {
  "name": "server",
  "type": "DawgServer",
  "class": "customized",
  "approach": "annotation",
  "file_path": "dawg/dawg/server.py",
  "lineno": "51",
  "column": "4",
  "context": "se(app):\n        await client_session.close()\n    server = DawgServer(loop=loop, notifier=notifier)\n\n    app.add_routes([web.get('/arm/{id}', server.a",
  "context_lines": "    else:\n        notifier = print_notifier\n\n    async def close(app):\n        await client_session.close()\n    server = DawgServer(loop=loop, notifier=notifier)\n\n    app.add_routes([web.get('/arm/{id}', server.arm),\n                    web.get('/ack/{id}', server.ack)])\n    app.on_shutdown.append(close)\n",
  "slicing": [
   "    server = DawgServer(loop=loop, notifier=notifier)\n",
   "    app.add_routes([web.get('/arm/{id}', server.arm),\n",
   "                    web.get('/ack/{id}', server.ack)])\n"
  ]
 },
 "19": {
  "name": "maybe_port_str",
  "type": "UNKNOWN",
  "class": "unknown",
  "approach": "Pysonar2",
  "file_path": "dawg/dawg/server.py",
  "lineno": "60",
  "column": "4",
  "context": "ntLoop, api_key: Optional[APIToken]) -> None:\n    maybe_port_str = os.environ.get('PORT')\n    port = int(maybe_port_str) if maybe_port_str i",
  "context_lines": "                    web.get('/ack/{id}', server.ack)])\n    app.on_shutdown.append(close)\n    return app\n\n\ndef run_server(loop: AbstractEventLoop, api_key: Optional[APIToken]) -> None:\n    maybe_port_str = os.environ.get('PORT')\n    port = int(maybe_port_str) if maybe_port_str is not None else None\n",
  "slicing": [
   "    maybe_port_str = os.environ.get('PORT')\n",
   "    port = int(maybe_port_str) if maybe_port_str is not None else None\n",
   "    web.run_app(prepare_app(loop, api_key), port=port)\n"
  ]
 },
 "20": {
  "name": "port",
  "type": "int",
  "class": "build-in",
  "approach": "Pysonar2",
  "file_path": "dawg/dawg/server.py",
  "lineno": "61",
  "column": "4",
  "context": ":\n    maybe_port_str = os.environ.get('PORT')\n    port = int(maybe_port_str) if maybe_port_str is not None else None\n    web.run_app(prepare_app(loop, api_key), port=p",
  "context_lines": "    app.on_shutdown.append(close)\n    return app\n\n\ndef run_server(loop: AbstractEventLoop, api_key: Optional[APIToken]) -> None:\n    maybe_port_str = os.environ.get('PORT')\n    port = int(maybe_port_str) if maybe_port_str is not None else None\n",
  "slicing": [
   "    port = int(maybe_port_str) if maybe_port_str is not None else None\n",
   "    web.run_app(prepare_app(loop, api_key), port=port)\n"
  ]
 },
 "21": {
  "name": "API_URL",
  "type": "str",
  "class": "build-in",
  "approach": "Pysonar2",
  "file_path": "dawg/dawg/pushover.py",
  "lineno": "12",
  "column": "0",
  "context": "ientSession\n\nfrom dawg.notifier import Notifier\n\n\nAPI_URL = 'https://api.pushover.net/1/messages.json'\n\n\ndef mk_pushover_notifier(client_session: ClientS",
  "context_lines": "from typing import Optional, List\nimport sys\n\nfrom aiohttp import ClientSession\n\nfrom dawg.notifier import Notifier\n\n\nAPI_URL = 'https://api.pushover.net/1/messages.json'\n\n\ndef mk_pushover_notifier(client_session: ClientSession,\n                         api_key: str) -> Notifier:\n    async def pushover_notify(username: str, message: str) -> Optional[Exception]:\n",
  "slicing": [
   "API_URL = 'https://api.pushover.net/1/messages.json'\n",
   "        async with client_session.post(API_URL, data=post_data) as response:\n"
  ]
 },
 "22": {
  "name": "post_data",
  "type": "dict",
  "class": "build-in",
  "approach": "annotation",
  "file_path": "dawg/dawg/pushover.py",
  "lineno": "18",
  "column": "8",
  "context": "tr, message: str) -> Optional[Exception]:\n        post_data = {'user': username, 'token': api_key, 'message': message}\n        async with client_session.post(API_URL, da",
  "context_lines": "API_URL = 'https://api.pushover.net/1/messages.json'\n\n\ndef mk_pushover_notifier(client_session: ClientSession,\n                         api_key: str) -> Notifier:\n    async def pushover_notify(username: str, message: str) -> Optional[Exception]:\n        post_data = {'user': username, 'token': api_key, 'message': message}\n        async with client_session.post(API_URL, data=post_data) as response:\n            response_data = await response.json()\n            print(response_data)\n            return None\n",
  "slicing": [
   "        post_data = {'user': username, 'token': api_key, 'message': message}\n",
   "        async with client_session.post(API_URL, data=post_data) as response:\n"
  ]
 },
 "23": {
  "name": "response_data",
  "type": "UNKNOWN",
  "class": "unknown",
  "approach": "Pysonar2",
  "file_path": "dawg/dawg/pushover.py",
  "lineno": "20",
  "column": "12",
  "context": "API_URL, data=post_data) as response:\n            response_data = await response.json()\n            print(response_data)\n            retur",
  "context_lines": "                         api_key: str) -> Notifier:\n    async def pushover_notify(username: str, message: str) -> Optional[Exception]:\n        post_data = {'user': username, 'token': api_key, 'message': message}\n        async with client_session.post(API_URL, data=post_data) as response:\n            response_data = await response.json()\n            print(response_data)\n            return None\n    return pushover_notify\n\n\nasync def main(argv: List[str]) -> None:\n",
  "slicing": [
   "            response_data = await response.json()\n",
   "            print(response_data)\n"
  ]
 },
 "24": {
  "name": "api_key",
  "type": "dict",
  "class": "build-in",
  "approach": "annotation",
  "file_path": "dawg/dawg/pushover.py",
  "lineno": "27",
  "column": "4",
  "context": "fy\n\n\nasync def main(argv: List[str]) -> None:\n    api_key = argv[1]\n    async with ClientSession() as client_session:\n",
  "context_lines": "            print(response_data)\n            return None\n    return pushover_notify\n\n\nasync def main(argv: List[str]) -> None:\n    api_key = argv[1]\n    async with ClientSession() as client_session:\n        notifier = mk_pushover_notifier(client_session, api_key)\n        await notifier('uwszpfiid9bxqfwkc4d576nq1x5445', 'yoooo dawg')\n\nif __name__ == '__main__':\n",
  "slicing": [
   "    api_key = argv[1]\n",
   "        notifier = mk_pushover_notifier(client_session, api_key)\n",
   "        await notifier('uwszpfiid9bxqfwkc4d576nq1x5445', 'yoooo dawg')\n"
  ]
 },
 "25": {
  "name": "notifier",
  "type": "dawg.pushover.mk_pushover_notifier",
  "class": "imported",
  "approach": "annotation",
  "file_path": "dawg/dawg/pushover.py",
  "lineno": "29",
  "column": "8",
  "context": "c with ClientSession() as client_session:\n        notifier = mk_pushover_notifier(client_session, api_key)\n        await notifier('uwszpfiid9bxqfwkc4d576nq1x",
  "context_lines": "    return pushover_notify\n\n\nasync def main(argv: List[str]) -> None:\n    api_key = argv[1]\n    async with ClientSession() as client_session:\n        notifier = mk_pushover_notifier(client_session, api_key)\n        await notifier('uwszpfiid9bxqfwkc4d576nq1x5445', 'yoooo dawg')\n\nif __name__ == '__main__':\n    loop = get_event_loop()\n",
  "slicing": [
   "        notifier = mk_pushover_notifier(client_session, api_key)\n",
   "        await notifier('uwszpfiid9bxqfwkc4d576nq1x5445', 'yoooo dawg')\n"
  ]
 },
 "26": {
  "name": "loop",
  "type": "asyncio.get_event_loop",
  "class": "imported",
  "approach": "annotation",
  "file_path": "dawg/dawg/pushover.py",
  "lineno": "33",
  "column": "4",
  "context": "5', 'yoooo dawg')\n\nif __name__ == '__main__':\n    loop = get_event_loop()\n    loop.run_until_complete(main(sys.argv))\n",
  "context_lines": "    async with ClientSession() as client_session:\n        notifier = mk_pushover_notifier(client_session, api_key)\n        await notifier('uwszpfiid9bxqfwkc4d576nq1x5445', 'yoooo dawg')\n\nif __name__ == '__main__':\n    loop = get_event_loop()\n",
  "slicing": [
   "    loop = get_event_loop()\n",
   "    loop.run_until_complete(main(sys.argv))\n"
  ]
 },
 "27": {
  "name": "Notifier",
  "type": "dict",
  "class": "build-in",
  "approach": "annotation",
  "file_path": "dawg/dawg/notifier.py",
  "lineno": "5",
  "column": "0",
  "context": "mport Callable, Optional, Awaitable, NamedTuple\n\n\nNotifier = Callable[[str, str], Awaitable[Optional[Exception]]]\n\n\nclass NotifierType(Enum):\n\n    YO = auto()\n    P",
  "context_lines": "from enum import Enum, auto\nfrom typing import Callable, Optional, Awaitable, NamedTuple\n\n\nNotifier = Callable[[str, str], Awaitable[Optional[Exception]]]\n\n\nclass NotifierType(Enum):\n\n    YO = auto()\n    PUSHOVER = auto()\n\n\n",
  "slicing": "Notifier = Callable[[str, str], Awaitable[Optional[Exception]]]\n"
 },
 "28": {
  "name": "YO",
  "type": "enum.auto",
  "class": "imported",
  "approach": "annotation",
  "file_path": "dawg/dawg/notifier.py",
  "lineno": "10",
  "column": "4",
  "context": "nal[Exception]]]\n\n\nclass NotifierType(Enum):\n\n    YO = auto()\n    PUSHOVER = auto()\n\n\nclass APIToken(NamedTuple)",
  "context_lines": "from enum import Enum, auto\nfrom typing import Callable, Optional, Awaitable, NamedTuple\n\n\nNotifier = Callable[[str, str], Awaitable[Optional[Exception]]]\n\n\nclass NotifierType(Enum):\n\n    YO = auto()\n    PUSHOVER = auto()\n\n\nclass APIToken(NamedTuple):\n    notifier_type: NotifierType\n    token: str\n\n\n",
  "slicing": "    YO = auto()\n"
 },
 "29": {
  "name": "PUSHOVER",
  "type": "enum.auto",
  "class": "imported",
  "approach": "annotation",
  "file_path": "dawg/dawg/notifier.py",
  "lineno": "11",
  "column": "4",
  "context": "\n\n\nclass NotifierType(Enum):\n\n    YO = auto()\n    PUSHOVER = auto()\n\n\nclass APIToken(NamedTuple):\n    notifier_type: N",
  "context_lines": "from typing import Callable, Optional, Awaitable, NamedTuple\n\n\nNotifier = Callable[[str, str], Awaitable[Optional[Exception]]]\n\n\nclass NotifierType(Enum):\n\n    YO = auto()\n    PUSHOVER = auto()\n\n\nclass APIToken(NamedTuple):\n    notifier_type: NotifierType\n    token: str\n\n\n",
  "slicing": "    PUSHOVER = auto()\n"
 },
 "30": {
  "name": "notifier_type",
  "type": "dawg.notifier.NotifierType",
  "class": "customized",
  "approach": "annotation",
  "file_path": "dawg/dawg/notifier.py",
  "lineno": "15",
  "column": "4",
  "context": "SHOVER = auto()\n\n\nclass APIToken(NamedTuple):\n    notifier_type: NotifierType\n    token: str\n\n\nasync def print_notifier(username",
  "context_lines": "class NotifierType(Enum):\n\n    YO = auto()\n    PUSHOVER = auto()\n\n\nclass APIToken(NamedTuple):\n    notifier_type: NotifierType\n    token: str\n\n\nasync def print_notifier(username: str, message: str) -> Optional[Exception]:\n    print(f'{username}: {message}')\n",
  "slicing": "    notifier_type: NotifierType\n"
 },
 "31": {
  "name": "token",
  "type": "str",
  "class": "build-in",
  "approach": "annotation",
  "file_path": "dawg/dawg/notifier.py",
  "lineno": "16",
  "column": "4",
  "context": "(NamedTuple):\n    notifier_type: NotifierType\n    token: str\n\n\nasync def print_notifier(username: str, message:",
  "context_lines": "    YO = auto()\n    PUSHOVER = auto()\n\n\nclass APIToken(NamedTuple):\n    notifier_type: NotifierType\n    token: str\n\n\nasync def print_notifier(username: str, message: str) -> Optional[Exception]:\n    print(f'{username}: {message}')\n",
  "slicing": "    token: str\n"
 },
 "32": {
  "name": "request_id",
  "type": "str",
  "class": "build-in",
  "approach": "annotation",
  "file_path": "dawg/dawg/meat_locker.py",
  "lineno": "8",
  "column": "4",
  "context": "fier\n\n\nclass NotificationRequest(NamedTuple):\n    request_id: str\n    username: str\n    message: str\n\n\nTombstone = N",
  "context_lines": "from asyncio import AbstractEventLoop, ensure_future\nfrom typing import Dict, NamedTuple, NewType, Union, Optional\n\nfrom dawg.notifier import Notifier\n\n\nclass NotificationRequest(NamedTuple):\n    request_id: str\n    username: str\n    message: str\n\n\nTombstone = NewType('Tombstone', int)\n\n\nclass MeatLocker(object):\n\n",
  "slicing": [
   "    request_id: str\n",
   "        notification_request = self.locker.pop(request_id)\n",
   "        if isinstance(notification_request, NotificationRequest):\n",
   "                self.notifier(notification_request.username, notification_request.message)\n",
   "        self.locker.pop(request_id)\n",
   "        self.locker[request_id] = Tombstone(0)\n"
  ]
 },
 "33": {
  "name": "username",
  "type": "str",
  "class": "build-in",
  "approach": "annotation",
  "file_path": "dawg/dawg/meat_locker.py",
  "lineno": "9",
  "column": "4",
  "context": "ationRequest(NamedTuple):\n    request_id: str\n    username: str\n    message: str\n\n\nTombstone = NewType('Tombstone'",
  "context_lines": "from typing import Dict, NamedTuple, NewType, Union, Optional\n\nfrom dawg.notifier import Notifier\n\n\nclass NotificationRequest(NamedTuple):\n    request_id: str\n    username: str\n    message: str\n\n\nTombstone = NewType('Tombstone', int)\n\n\nclass MeatLocker(object):\n\n    def __init__(self,\n",
  "slicing": "    username: str\n"
 },
 "34": {
  "name": "message",
  "type": "str",
  "class": "build-in",
  "approach": "annotation",
  "file_path": "dawg/dawg/meat_locker.py",
  "lineno": "10",
  "column": "4",
  "context": "Tuple):\n    request_id: str\n    username: str\n    message: str\n\n\nTombstone = NewType('Tombstone', int)\n\n\nclass Me",
  "context_lines": "from dawg.notifier import Notifier\n\n\nclass NotificationRequest(NamedTuple):\n    request_id: str\n    username: str\n    message: str\n\n\nTombstone = NewType('Tombstone', int)\n\n\nclass MeatLocker(object):\n\n    def __init__(self,\n",
  "slicing": "    message: str\n"
 },
 "35": {
  "name": "Tombstone",
  "type": "typing.NewType",
  "class": "imported",
  "approach": "annotation",
  "file_path": "dawg/dawg/meat_locker.py",
  "lineno": "13",
  "column": "0",
  "context": "uest_id: str\n    username: str\n    message: str\n\n\nTombstone = NewType('Tombstone', int)\n\n\nclass MeatLocker(object):\n\n    def __init__(self",
  "context_lines": "class NotificationRequest(NamedTuple):\n    request_id: str\n    username: str\n    message: str\n\n\nTombstone = NewType('Tombstone', int)\n\n\nclass MeatLocker(object):\n\n    def __init__(self,\n                 loop: AbstractEventLoop,\n",
  "slicing": [
   "Tombstone = NewType('Tombstone', int)\n",
   "        self.locker: Dict[str, Union[NotificationRequest, Tombstone]] = {}\n",
   "        self.locker[request_id] = Tombstone(0)\n"
  ]
 },
 "36": {
  "name": "notification_request",
  "type": "UNKNOWN",
  "class": "unknown",
  "approach": "Pysonar2",
  "file_path": "dawg/dawg/meat_locker.py",
  "lineno": "36",
  "column": "8",
  "context": "aybe_fire(self, request_id: str) -> bool:\n        notification_request = self.locker.pop(request_id)\n        if isinstance(notification_request, Notifi",
  "context_lines": "        def fire_future():\n            ensure_future(self.maybe_fire(notification_request.request_id))\n        self.loop.call_later(self.ack_timeout, fire_future)\n\n    async def maybe_fire(self, request_id: str) -> bool:\n        notification_request = self.locker.pop(request_id)\n        if isinstance(notification_request, NotificationRequest):\n            result: Optional[Exception] = await \\\n                self.notifier(notification_request.username, notification_request.message)\n            return (result is None)\n",
  "slicing": [
   "        notification_request = self.locker.pop(request_id)\n",
   "        if isinstance(notification_request, NotificationRequest):\n",
   "                self.notifier(notification_request.username, notification_request.message)\n"
  ]
 },
 "37": {
  "name": "result",
  "type": "dict",
  "class": "build-in",
  "approach": "annotation",
  "file_path": "dawg/dawg/meat_locker.py",
  "lineno": "38",
  "column": "12",
  "context": "cation_request, NotificationRequest):\n            result: Optional[Exception] = await \\\n                self.notifier(notification_request",
  "context_lines": "        self.loop.call_later(self.ack_timeout, fire_future)\n\n    async def maybe_fire(self, request_id: str) -> bool:\n        notification_request = self.locker.pop(request_id)\n        if isinstance(notification_request, NotificationRequest):\n            result: Optional[Exception] = await \\\n                self.notifier(notification_request.username, notification_request.message)\n            return (result is None)\n        else:\n            return False\n\n",
  "slicing": [
   "            result: Optional[Exception] = await \\\n",
   "            return (result is None)\n"
  ]
 },
 "38": {
  "name": "YO_URL",
  "type": "str",
  "class": "build-in",
  "approach": "Pysonar2",
  "file_path": "dawg/dawg/yo.py",
  "lineno": "12",
  "column": "0",
  "context": "ientSession\n\nfrom dawg.notifier import Notifier\n\n\nYO_URL = 'https://api.justyo.co/yo/'\n\n\ndef mk_yo_notifier(client_session: ClientSession",
  "context_lines": "from typing import Optional, List\nimport sys\n\nfrom aiohttp import ClientSession\n\nfrom dawg.notifier import Notifier\n\n\nYO_URL = 'https://api.justyo.co/yo/'\n\n\ndef mk_yo_notifier(client_session: ClientSession, api_key: str) -> Notifier:\n    async def yo_notify(username: str, message: str) -> Optional[Exception]:\n        post_data = {'username': username, 'api_token': api_key}\n",
  "slicing": [
   "YO_URL = 'https://api.justyo.co/yo/'\n",
   "        async with client_session.post(YO_URL, data=post_data) as response:\n"
  ]
 },
 "39": {
  "name": "post_data",
  "type": "dict",
  "class": "build-in",
  "approach": "annotation",
  "file_path": "dawg/dawg/yo.py",
  "lineno": "17",
  "column": "8",
  "context": "tr, message: str) -> Optional[Exception]:\n        post_data = {'username': username, 'api_token': api_key}\n        async with client_session.post(YO_URL, dat",
  "context_lines": "from dawg.notifier import Notifier\n\n\nYO_URL = 'https://api.justyo.co/yo/'\n\n\ndef mk_yo_notifier(client_session: ClientSession, api_key: str) -> Notifier:\n    async def yo_notify(username: str, message: str) -> Optional[Exception]:\n        post_data = {'username': username, 'api_token': api_key}\n        async with client_session.post(YO_URL, data=post_data) as response:\n            response_data = await response.json()\n            print(response_data)\n            return None\n",
  "slicing": [
   "        post_data = {'username': username, 'api_token': api_key}\n",
   "        async with client_session.post(YO_URL, data=post_data) as response:\n"
  ]
 },
 "40": {
  "name": "response_data",
  "type": "UNKNOWN",
  "class": "unknown",
  "approach": "Pysonar2",
  "file_path": "dawg/dawg/yo.py",
  "lineno": "19",
  "column": "12",
  "context": "(YO_URL, data=post_data) as response:\n            response_data = await response.json()\n            print(response_data)\n            retur",
  "context_lines": "def mk_yo_notifier(client_session: ClientSession, api_key: str) -> Notifier:\n    async def yo_notify(username: str, message: str) -> Optional[Exception]:\n        post_data = {'username': username, 'api_token': api_key}\n        async with client_session.post(YO_URL, data=post_data) as response:\n            response_data = await response.json()\n            print(response_data)\n            return None\n    return yo_notify\n\n\nasync def main(argv: List[str]) -> None:\n",
  "slicing": [
   "            response_data = await response.json()\n",
   "            print(response_data)\n"
  ]
 },
 "41": {
  "name": "api_key",
  "type": "dict",
  "class": "build-in",
  "approach": "annotation",
  "file_path": "dawg/dawg/yo.py",
  "lineno": "26",
  "column": "4",
  "context": "fy\n\n\nasync def main(argv: List[str]) -> None:\n    api_key = argv[1]\n    async with ClientSession() as client_session:\n",
  "context_lines": "            print(response_data)\n            return None\n    return yo_notify\n\n\nasync def main(argv: List[str]) -> None:\n    api_key = argv[1]\n    async with ClientSession() as client_session:\n        notifier = mk_yo_notifier(client_session, api_key)\n        await notifier('dfbot', 'asdfsa')\n\nif __name__ == '__main__':\n",
  "slicing": [
   "    api_key = argv[1]\n",
   "        notifier = mk_yo_notifier(client_session, api_key)\n",
   "        await notifier('dfbot', 'asdfsa')\n"
  ]
 },
 "42": {
  "name": "notifier",
  "type": "dawg.yo.mk_yo_notifier",
  "class": "imported",
  "approach": "annotation",
  "file_path": "dawg/dawg/yo.py",
  "lineno": "28",
  "column": "8",
  "context": "c with ClientSession() as client_session:\n        notifier = mk_yo_notifier(client_session, api_key)\n        await notifier('dfbot', 'asdfsa')\n\nif __na",
  "context_lines": "    return yo_notify\n\n\nasync def main(argv: List[str]) -> None:\n    api_key = argv[1]\n    async with ClientSession() as client_session:\n        notifier = mk_yo_notifier(client_session, api_key)\n        await notifier('dfbot', 'asdfsa')\n\nif __name__ == '__main__':\n    loop = get_event_loop()\n",
  "slicing": [
   "        notifier = mk_yo_notifier(client_session, api_key)\n",
   "        await notifier('dfbot', 'asdfsa')\n"
  ]
 },
 "43": {
  "name": "loop",
  "type": "asyncio.get_event_loop",
  "class": "imported",
  "approach": "annotation",
  "file_path": "dawg/dawg/yo.py",
  "lineno": "32",
  "column": "4",
  "context": "dfbot', 'asdfsa')\n\nif __name__ == '__main__':\n    loop = get_event_loop()\n    loop.run_until_complete(main(sys.argv))\n",
  "context_lines": "    async with ClientSession() as client_session:\n        notifier = mk_yo_notifier(client_session, api_key)\n        await notifier('dfbot', 'asdfsa')\n\nif __name__ == '__main__':\n    loop = get_event_loop()\n",
  "slicing": [
   "    loop = get_event_loop()\n",
   "    loop.run_until_complete(main(sys.argv))\n"
  ]
 },
 "44": {
  "name": "argv",
  "type": "dict",
  "class": "build-in",
  "approach": "annotation",
  "file_path": "dawg/dawg/main.py",
  "lineno": "11",
  "column": "9",
  "context": "ifierType\nimport dawg.server as server\n\n\ndef main(argv: List[str]):\n    parser = ArgumentParser()\n    group = parser.a",
  "context_lines": "from typing import List\nimport sys\n\nfrom dawg.notifier import APIToken, NotifierType\nimport dawg.server as server\n\n\ndef main(argv: List[str]):\n    parser = ArgumentParser()\n    group = parser.add_mutually_exclusive_group(required=True)\n    group.add_argument('--test', action='store_true',\n                       help='Just print username')\n",
  "slicing": "def main(argv: List[str]):\n"
 },
 "45": {
  "name": "loop",
  "type": "UNKNOWN",
  "class": "unknown",
  "approach": "annotation",
  "file_path": "dawg/dawg/server.py",
  "lineno": "17",
  "column": "23",
  "context": "class DawgServer(object):\n\n    def __init__(self, loop: AbstractEventLoop, notifier: Notifier) -> None:\n        self.meat_locker = MeatLocker(loop, 10.0, ",
  "context_lines": "from dawg.notifier import print_notifier, Notifier, APIToken, NotifierType\nfrom dawg.yo import mk_yo_notifier\nfrom dawg.pushover import mk_pushover_notifier\n\n\nclass DawgServer(object):\n\n    def __init__(self, loop: AbstractEventLoop, notifier: Notifier) -> None:\n        self.meat_locker = MeatLocker(loop, 10.0, notifier)\n\n    async def arm(self, request):\n        req_id = request.match_info.get('id')\n        username = request.query['username']\n",
  "slicing": "    def __init__(self, loop: AbstractEventLoop, notifier: Notifier) -> None:\n"
 },
 "46": {
  "name": "notifier",
  "type": "UNKNOWN",
  "class": "unknown",
  "approach": "annotation",
  "file_path": "dawg/dawg/server.py",
  "lineno": "17",
  "column": "48",
  "context": "\n\n    def __init__(self, loop: AbstractEventLoop, notifier: Notifier) -> None:\n        self.meat_locker = MeatLocker(loop, 10.0, ",
  "context_lines": "from dawg.notifier import print_notifier, Notifier, APIToken, NotifierType\nfrom dawg.yo import mk_yo_notifier\nfrom dawg.pushover import mk_pushover_notifier\n\n\nclass DawgServer(object):\n\n    def __init__(self, loop: AbstractEventLoop, notifier: Notifier) -> None:\n        self.meat_locker = MeatLocker(loop, 10.0, notifier)\n\n    async def arm(self, request):\n        req_id = request.match_info.get('id')\n        username = request.query['username']\n",
  "slicing": "    def __init__(self, loop: AbstractEventLoop, notifier: Notifier) -> None:\n"
 },
 "47": {
  "name": "loop",
  "type": "UNKNOWN",
  "class": "unknown",
  "approach": "annotation",
  "file_path": "dawg/dawg/server.py",
  "lineno": "59",
  "column": "15",
  "context": "own.append(close)\n    return app\n\n\ndef run_server(loop: AbstractEventLoop, api_key: Optional[APIToken]) -> None:\n    maybe_port_str = os.environ.get('PORT')\n    po",
  "context_lines": "    app.add_routes([web.get('/arm/{id}', server.arm),\n                    web.get('/ack/{id}', server.ack)])\n    app.on_shutdown.append(close)\n    return app\n\n\ndef run_server(loop: AbstractEventLoop, api_key: Optional[APIToken]) -> None:\n    maybe_port_str = os.environ.get('PORT')\n    port = int(maybe_port_str) if maybe_port_str is not None else None\n",
  "slicing": "def run_server(loop: AbstractEventLoop, api_key: Optional[APIToken]) -> None:\n"
 },
 "48": {
  "name": "api_key",
  "type": "dict",
  "class": "build-in",
  "approach": "annotation",
  "file_path": "dawg/dawg/server.py",
  "lineno": "59",
  "column": "40",
  "context": "urn app\n\n\ndef run_server(loop: AbstractEventLoop, api_key: Optional[APIToken]) -> None:\n    maybe_port_str = os.environ.get('PORT')\n    po",
  "context_lines": "    app.add_routes([web.get('/arm/{id}', server.arm),\n                    web.get('/ack/{id}', server.ack)])\n    app.on_shutdown.append(close)\n    return app\n\n\ndef run_server(loop: AbstractEventLoop, api_key: Optional[APIToken]) -> None:\n    maybe_port_str = os.environ.get('PORT')\n    port = int(maybe_port_str) if maybe_port_str is not None else None\n",
  "slicing": "def run_server(loop: AbstractEventLoop, api_key: Optional[APIToken]) -> None:\n"
 },
 "49": {
  "name": "client_session",
  "type": "UNKNOWN",
  "class": "unknown",
  "approach": "annotation",
  "file_path": "dawg/dawg/pushover.py",
  "lineno": "15",
  "column": "25",
  "context": "r.net/1/messages.json'\n\n\ndef mk_pushover_notifier(client_session: ClientSession,\n                         api_key: str) -> Notifier",
  "context_lines": "import sys\n\nfrom aiohttp import ClientSession\n\nfrom dawg.notifier import Notifier\n\n\nAPI_URL = 'https://api.pushover.net/1/messages.json'\n\n\ndef mk_pushover_notifier(client_session: ClientSession,\n                         api_key: str) -> Notifier:\n    async def pushover_notify(username: str, message: str) -> Optional[Exception]:\n        post_data = {'user': username, 'token': api_key, 'message': message}\n        async with client_session.post(API_URL, data=post_data) as response:\n",
  "slicing": [
   "API_URL = 'https://api.pushover.net/1/messages.json'\n",
   "def mk_pushover_notifier(client_session: ClientSession,\n",
   "                         api_key: str) -> Notifier:\n",
   "        post_data = {'user': username, 'token': api_key, 'message': message}\n",
   "        async with client_session.post(API_URL, data=post_data) as response:\n",
   "            response_data = await response.json()\n",
   "            print(response_data)\n",
   "    api_key = argv[1]\n",
   "    async with ClientSession() as client_session:\n",
   "        notifier = mk_pushover_notifier(client_session, api_key)\n",
   "        await notifier('uwszpfiid9bxqfwkc4d576nq1x5445', 'yoooo dawg')\n"
  ]
 },
 "50": {
  "name": "api_key",
  "type": "str",
  "class": "build-in",
  "approach": "annotation",
  "file_path": "dawg/dawg/pushover.py",
  "lineno": "16",
  "column": "25",
  "context": "_session: ClientSession,\n                         api_key: str) -> Notifier:\n    async def pushover_notify(username: str, messa",
  "context_lines": "from aiohttp import ClientSession\n\nfrom dawg.notifier import Notifier\n\n\nAPI_URL = 'https://api.pushover.net/1/messages.json'\n\n\ndef mk_pushover_notifier(client_session: ClientSession,\n                         api_key: str) -> Notifier:\n    async def pushover_notify(username: str, message: str) -> Optional[Exception]:\n        post_data = {'user': username, 'token': api_key, 'message': message}\n        async with client_session.post(API_URL, data=post_data) as response:\n            response_data = await response.json()\n",
  "slicing": [
   "API_URL = 'https://api.pushover.net/1/messages.json'\n",
   "def mk_pushover_notifier(client_session: ClientSession,\n",
   "                         api_key: str) -> Notifier:\n",
   "        post_data = {'user': username, 'token': api_key, 'message': message}\n",
   "        async with client_session.post(API_URL, data=post_data) as response:\n",
   "            response_data = await response.json()\n",
   "            print(response_data)\n",
   "    api_key = argv[1]\n",
   "    async with ClientSession() as client_session:\n",
   "        notifier = mk_pushover_notifier(client_session, api_key)\n",
   "        await notifier('uwszpfiid9bxqfwkc4d576nq1x5445', 'yoooo dawg')\n"
  ]
 },
 "51": {
  "name": "loop",
  "type": "UNKNOWN",
  "class": "unknown",
  "approach": "annotation",
  "file_path": "dawg/dawg/meat_locker.py",
  "lineno": "19",
  "column": "17",
  "context": "object):\n\n    def __init__(self,\n                 loop: AbstractEventLoop,\n                 ack_timeout: float,\n             ",
  "context_lines": "    message: str\n\n\nTombstone = NewType('Tombstone', int)\n\n\nclass MeatLocker(object):\n\n    def __init__(self,\n                 loop: AbstractEventLoop,\n                 ack_timeout: float,\n                 notifier: Notifier) -> None:\n\n        self.loop = loop\n        self.ack_timeout = ack_timeout\n",
  "slicing": "                 loop: AbstractEventLoop,\n"
 },
 "52": {
  "name": "ack_timeout",
  "type": "float",
  "class": "build-in",
  "approach": "annotation",
  "file_path": "dawg/dawg/meat_locker.py",
  "lineno": "20",
  "column": "17",
  "context": "        loop: AbstractEventLoop,\n                 ack_timeout: float,\n                 notifier: Notifier) -> None:\n\n   ",
  "context_lines": "Tombstone = NewType('Tombstone', int)\n\n\nclass MeatLocker(object):\n\n    def __init__(self,\n                 loop: AbstractEventLoop,\n                 ack_timeout: float,\n                 notifier: Notifier) -> None:\n\n        self.loop = loop\n        self.ack_timeout = ack_timeout\n        self.locker: Dict[str, Union[NotificationRequest, Tombstone]] = {}\n",
  "slicing": "                 ack_timeout: float,\n"
 },
 "53": {
  "name": "notifier",
  "type": "UNKNOWN",
  "class": "unknown",
  "approach": "annotation",
  "file_path": "dawg/dawg/meat_locker.py",
  "lineno": "21",
  "column": "17",
  "context": "             ack_timeout: float,\n                 notifier: Notifier) -> None:\n\n        self.loop = loop\n        self.ack_timeout",
  "context_lines": "class MeatLocker(object):\n\n    def __init__(self,\n                 loop: AbstractEventLoop,\n                 ack_timeout: float,\n                 notifier: Notifier) -> None:\n\n        self.loop = loop\n        self.ack_timeout = ack_timeout\n        self.locker: Dict[str, Union[NotificationRequest, Tombstone]] = {}\n",
  "slicing": "                 notifier: Notifier) -> None:\n"
 },
 "54": {
  "name": "request_id",
  "type": "str",
  "class": "build-in",
  "approach": "annotation",
  "file_path": "dawg/dawg/meat_locker.py",
  "lineno": "44",
  "column": "23",
  "context": "\n            return False\n\n    def complete(self, request_id: str):\n        self.locker.pop(request_id)\n        self.l",
  "context_lines": "                self.notifier(notification_request.username, notification_request.message)\n            return (result is None)\n        else:\n            return False\n\n    def complete(self, request_id: str):\n        self.locker.pop(request_id)\n",
  "slicing": "    def complete(self, request_id: str):\n"
 },
 "55": {
  "name": "client_session",
  "type": "UNKNOWN",
  "class": "unknown",
  "approach": "annotation",
  "file_path": "dawg/dawg/yo.py",
  "lineno": "15",
  "column": "19",
  "context": " 'https://api.justyo.co/yo/'\n\n\ndef mk_yo_notifier(client_session: ClientSession, api_key: str) -> Notifier:\n    async def yo_notify(username: str, message: st",
  "context_lines": "import sys\n\nfrom aiohttp import ClientSession\n\nfrom dawg.notifier import Notifier\n\n\nYO_URL = 'https://api.justyo.co/yo/'\n\n\ndef mk_yo_notifier(client_session: ClientSession, api_key: str) -> Notifier:\n    async def yo_notify(username: str, message: str) -> Optional[Exception]:\n        post_data = {'username': username, 'api_token': api_key}\n        async with client_session.post(YO_URL, data=post_data) as response:\n            response_data = await response.json()\n",
  "slicing": [
   "YO_URL = 'https://api.justyo.co/yo/'\n",
   "def mk_yo_notifier(client_session: ClientSession, api_key: str) -> Notifier:\n",
   "        post_data = {'username': username, 'api_token': api_key}\n",
   "        async with client_session.post(YO_URL, data=post_data) as response:\n",
   "            response_data = await response.json()\n",
   "            print(response_data)\n",
   "    api_key = argv[1]\n",
   "    async with ClientSession() as client_session:\n",
   "        notifier = mk_yo_notifier(client_session, api_key)\n",
   "        await notifier('dfbot', 'asdfsa')\n"
  ]
 },
 "56": {
  "name": "api_key",
  "type": "str",
  "class": "build-in",
  "approach": "annotation",
  "file_path": "dawg/dawg/yo.py",
  "lineno": "15",
  "column": "50",
  "context": "def mk_yo_notifier(client_session: ClientSession, api_key: str) -> Notifier:\n    async def yo_notify(username: str, message: st",
  "context_lines": "import sys\n\nfrom aiohttp import ClientSession\n\nfrom dawg.notifier import Notifier\n\n\nYO_URL = 'https://api.justyo.co/yo/'\n\n\ndef mk_yo_notifier(client_session: ClientSession, api_key: str) -> Notifier:\n    async def yo_notify(username: str, message: str) -> Optional[Exception]:\n        post_data = {'username': username, 'api_token': api_key}\n        async with client_session.post(YO_URL, data=post_data) as response:\n            response_data = await response.json()\n",
  "slicing": [
   "YO_URL = 'https://api.justyo.co/yo/'\n",
   "def mk_yo_notifier(client_session: ClientSession, api_key: str) -> Notifier:\n",
   "        post_data = {'username': username, 'api_token': api_key}\n",
   "        async with client_session.post(YO_URL, data=post_data) as response:\n",
   "            response_data = await response.json()\n",
   "            print(response_data)\n",
   "    api_key = argv[1]\n",
   "    async with ClientSession() as client_session:\n",
   "        notifier = mk_yo_notifier(client_session, api_key)\n",
   "        await notifier('dfbot', 'asdfsa')\n"
  ]
 }
}