{
 "1": {
  "name": "commands",
  "type": "click.Group",
  "class": "imported",
  "approach": "annotation",
  "file_path": "DDD.CoffeeShop/order/manage.py",
  "lineno": "31",
  "column": "4",
  "context": ", threaded=True)\n\n\nif __name__ == \"__main__\":\n    commands = Group(context_settings={\"help_option_names\": ['-h', '--help']})\n    commands.add_command(server, \"serve\")\n    comm",
  "context_lines": "def server(port):\n    \"\"\"Run development server provided by Flask\"\"\"\n    application.instance.run(host=\"0.0.0.0\", port=port, threaded=True)\n\n\nif __name__ == \"__main__\":\n    commands = Group(context_settings={\"help_option_names\": ['-h', '--help']})\n    commands.add_command(server, \"serve\")\n    commands.add_command(gunicorn, \"gunicorn\")\n",
  "slicing": [
   "    commands = Group(context_settings={\"help_option_names\": ['-h', '--help']})\n",
   "    commands.add_command(server, \"serve\")\n",
   "    commands.add_command(gunicorn, \"gunicorn\")\n",
   "    commands()\n"
  ]
 },
 "2": {
  "name": "curr",
  "type": "str",
  "class": "build-in",
  "approach": "Pysonar2",
  "file_path": "DDD.CoffeeShop/order/loadpkg.py",
  "lineno": "8",
  "column": "0",
  "context": " and make sub directory package could import.\n\"\"\"\ncurr = os.path.abspath(__file__)\ncurrdir = os.path.dirname(curr)\nparentdir = os.pat",
  "context_lines": "import sys\n\n\n\"\"\"\nLoad root project directory to PYTHONPATH and make sub directory package could import.\n\"\"\"\ncurr = os.path.abspath(__file__)\ncurrdir = os.path.dirname(curr)\nparentdir = os.path.dirname(currdir)\n",
  "slicing": [
   "curr = os.path.abspath(__file__)\n",
   "currdir = os.path.dirname(curr)\n",
   "parentdir = os.path.dirname(currdir)\n",
   "sys.path.insert(0, parentdir)\n"
  ]
 },
 "3": {
  "name": "currdir",
  "type": "str",
  "class": "build-in",
  "approach": "Pysonar2",
  "file_path": "DDD.CoffeeShop/order/loadpkg.py",
  "lineno": "9",
  "column": "0",
  "context": "ould import.\n\"\"\"\ncurr = os.path.abspath(__file__)\ncurrdir = os.path.dirname(curr)\nparentdir = os.path.dirname(currdir)\nsys.path.inse",
  "context_lines": "\"\"\"\nLoad root project directory to PYTHONPATH and make sub directory package could import.\n\"\"\"\ncurr = os.path.abspath(__file__)\ncurrdir = os.path.dirname(curr)\nparentdir = os.path.dirname(currdir)\n",
  "slicing": [
   "currdir = os.path.dirname(curr)\n",
   "parentdir = os.path.dirname(currdir)\n",
   "sys.path.insert(0, parentdir)\n"
  ]
 },
 "4": {
  "name": "parentdir",
  "type": "str",
  "class": "build-in",
  "approach": "Pysonar2",
  "file_path": "DDD.CoffeeShop/order/loadpkg.py",
  "lineno": "10",
  "column": "0",
  "context": "abspath(__file__)\ncurrdir = os.path.dirname(curr)\nparentdir = os.path.dirname(currdir)\nsys.path.insert(0, parentdir)\n",
  "context_lines": "Load root project directory to PYTHONPATH and make sub directory package could import.\n\"\"\"\ncurr = os.path.abspath(__file__)\ncurrdir = os.path.dirname(curr)\nparentdir = os.path.dirname(currdir)\n",
  "slicing": [
   "parentdir = os.path.dirname(currdir)\n",
   "sys.path.insert(0, parentdir)\n"
  ]
 },
 "5": {
  "name": "ENV",
  "type": "str",
  "class": "build-in",
  "approach": "Pysonar2",
  "file_path": "DDD.CoffeeShop/order/settings/prod.py",
  "lineno": "5",
  "column": "4",
  "context": "mon import Config\n\n\nclass ProdConfig(Config):\n    ENV = \"production\"\n    DEBUG = False\n    SERVER_PORT = 8080\n",
  "context_lines": "from .common import Config\n\n\nclass ProdConfig(Config):\n    ENV = \"production\"\n    DEBUG = False\n",
  "slicing": "    ENV = \"development\"\n"
 },
 "6": {
  "name": "DEBUG",
  "type": "bool",
  "class": "build-in",
  "approach": "annotation",
  "file_path": "DDD.CoffeeShop/order/settings/prod.py",
  "lineno": "6",
  "column": "4",
  "context": "ss ProdConfig(Config):\n    ENV = \"production\"\n    DEBUG = False\n    SERVER_PORT = 8080\n",
  "context_lines": "from .common import Config\n\n\nclass ProdConfig(Config):\n    ENV = \"production\"\n    DEBUG = False\n",
  "slicing": "    DEBUG = True\n"
 },
 "7": {
  "name": "SERVER_PORT",
  "type": "int",
  "class": "build-in",
  "approach": "Pysonar2",
  "file_path": "DDD.CoffeeShop/order/settings/prod.py",
  "lineno": "7",
  "column": "4",
  "context": "ig):\n    ENV = \"production\"\n    DEBUG = False\n    SERVER_PORT = 8080\n",
  "context_lines": "from .common import Config\n\n\nclass ProdConfig(Config):\n    ENV = \"production\"\n    DEBUG = False\n    SERVER_PORT = 8080\n",
  "slicing": "    SERVER_PORT = 8000\n"
 },
 "8": {
  "name": "ORDERS_BP",
  "type": "str",
  "class": "build-in",
  "approach": "Pysonar2",
  "file_path": "DDD.CoffeeShop/order/settings/common.py",
  "lineno": "5",
  "column": "4",
  "context": "import os\n\n\nclass BlueprintMapper(object):\n    ORDERS_BP = \"orders_bp\"\n\n\nclass EndpointMapper(object):\n    ORDERS_API = \"",
  "context_lines": "import os\n\n\nclass BlueprintMapper(object):\n    ORDERS_BP = \"orders_bp\"\n\n\nclass EndpointMapper(object):\n    ORDERS_API = \"orders_api\"\n    ORDER_API = \"order_api\"\n\n\n",
  "slicing": "    ORDERS_BP = \"orders_bp\"\n"
 },
 "9": {
  "name": "ORDERS_API",
  "type": "str",
  "class": "build-in",
  "approach": "Pysonar2",
  "file_path": "DDD.CoffeeShop/order/settings/common.py",
  "lineno": "9",
  "column": "4",
  "context": "= \"orders_bp\"\n\n\nclass EndpointMapper(object):\n    ORDERS_API = \"orders_api\"\n    ORDER_API = \"order_api\"\n\n\nclass Config(object)",
  "context_lines": "import os\n\n\nclass BlueprintMapper(object):\n    ORDERS_BP = \"orders_bp\"\n\n\nclass EndpointMapper(object):\n    ORDERS_API = \"orders_api\"\n    ORDER_API = \"order_api\"\n\n\nclass Config(object):\n    BLEUPRINTS = BlueprintMapper\n",
  "slicing": "    ORDERS_API = \"orders_api\"\n"
 },
 "10": {
  "name": "ORDER_API",
  "type": "str",
  "class": "build-in",
  "approach": "Pysonar2",
  "file_path": "DDD.CoffeeShop/order/settings/common.py",
  "lineno": "10",
  "column": "4",
  "context": "Mapper(object):\n    ORDERS_API = \"orders_api\"\n    ORDER_API = \"order_api\"\n\n\nclass Config(object):\n    BLEUPRINTS = Blueprint",
  "context_lines": "class BlueprintMapper(object):\n    ORDERS_BP = \"orders_bp\"\n\n\nclass EndpointMapper(object):\n    ORDERS_API = \"orders_api\"\n    ORDER_API = \"order_api\"\n\n\nclass Config(object):\n    BLEUPRINTS = BlueprintMapper\n",
  "slicing": "    ORDER_API = \"order_api\"\n"
 },
 "11": {
  "name": "BLEUPRINTS",
  "type": "BlueprintMapper",
  "class": "customized",
  "approach": "annotation",
  "file_path": "DDD.CoffeeShop/order/settings/common.py",
  "lineno": "14",
  "column": "4",
  "context": "DER_API = \"order_api\"\n\n\nclass Config(object):\n    BLEUPRINTS = BlueprintMapper\n    ENDPOINTS = EndpointMapper\n",
  "context_lines": "class EndpointMapper(object):\n    ORDERS_API = \"orders_api\"\n    ORDER_API = \"order_api\"\n\n\nclass Config(object):\n    BLEUPRINTS = BlueprintMapper\n",
  "slicing": "    BLEUPRINTS = BlueprintMapper\n"
 },
 "12": {
  "name": "ENDPOINTS",
  "type": "EndpointMapper",
  "class": "customized",
  "approach": "annotation",
  "file_path": "DDD.CoffeeShop/order/settings/common.py",
  "lineno": "15",
  "column": "4",
  "context": "fig(object):\n    BLEUPRINTS = BlueprintMapper\n    ENDPOINTS = EndpointMapper\n",
  "context_lines": "    ORDERS_API = \"orders_api\"\n    ORDER_API = \"order_api\"\n\n\nclass Config(object):\n    BLEUPRINTS = BlueprintMapper\n    ENDPOINTS = EndpointMapper\n",
  "slicing": "    ENDPOINTS = EndpointMapper\n"
 },
 "13": {
  "name": "ENV",
  "type": "str",
  "class": "build-in",
  "approach": "Pysonar2",
  "file_path": "DDD.CoffeeShop/order/settings/dev.py",
  "lineno": "5",
  "column": "4",
  "context": "mmon import Config\n\n\nclass DevConfig(Config):\n    ENV = \"development\"\n    DEBUG = True\n    SERVER_PORT = 8000\n",
  "context_lines": "from .common import Config\n\n\nclass DevConfig(Config):\n    ENV = \"development\"\n    DEBUG = True\n",
  "slicing": "    ENV = \"development\"\n"
 },
 "14": {
  "name": "DEBUG",
  "type": "bool",
  "class": "build-in",
  "approach": "annotation",
  "file_path": "DDD.CoffeeShop/order/settings/dev.py",
  "lineno": "6",
  "column": "4",
  "context": "ss DevConfig(Config):\n    ENV = \"development\"\n    DEBUG = True\n    SERVER_PORT = 8000\n",
  "context_lines": "from .common import Config\n\n\nclass DevConfig(Config):\n    ENV = \"development\"\n    DEBUG = True\n",
  "slicing": "    DEBUG = True\n"
 },
 "15": {
  "name": "SERVER_PORT",
  "type": "int",
  "class": "build-in",
  "approach": "Pysonar2",
  "file_path": "DDD.CoffeeShop/order/settings/dev.py",
  "lineno": "7",
  "column": "4",
  "context": "ig):\n    ENV = \"development\"\n    DEBUG = True\n    SERVER_PORT = 8000\n",
  "context_lines": "from .common import Config\n\n\nclass DevConfig(Config):\n    ENV = \"development\"\n    DEBUG = True\n    SERVER_PORT = 8000\n",
  "slicing": "    SERVER_PORT = 8000\n"
 },
 "16": {
  "name": "config_mappings",
  "type": "dict",
  "class": "build-in",
  "approach": "annotation",
  "file_path": "DDD.CoffeeShop/order/settings/__init__.py",
  "lineno": "11",
  "column": "0",
  "context": "Config\nfrom .prod import ProdConfig\n\n\"\"\"\n設定檔\n\"\"\"\n\nconfig_mappings = {\n    \".dev\": DevConfig,\n    \".prod\": ProdConfig,\n}\n",
  "context_lines": "from .prod import ProdConfig\n\n\"\"\"\n設定檔\n\"\"\"\n\nconfig_mappings = {\n    \".dev\": DevConfig,\n    \".prod\": ProdConfig,\n}\nenv = os.environ.get(\"ENV\", \".dev\")\n\n",
  "slicing": [
   "config_mappings = {\n",
   "config: Type[Config] = config_mappings[env]\n"
  ]
 },
 "17": {
  "name": "env",
  "type": "UNKNOWN",
  "class": "unknown",
  "approach": "Pysonar2",
  "file_path": "DDD.CoffeeShop/order/settings/__init__.py",
  "lineno": "15",
  "column": "0",
  "context": "    \".dev\": DevConfig,\n    \".prod\": ProdConfig,\n}\nenv = os.environ.get(\"ENV\", \".dev\")\n\nconfig: Type[Config] = config_mappings[env]\n",
  "context_lines": "config_mappings = {\n    \".dev\": DevConfig,\n    \".prod\": ProdConfig,\n}\nenv = os.environ.get(\"ENV\", \".dev\")\n\n",
  "slicing": [
   "env = os.environ.get(\"ENV\", \".dev\")\n",
   "config: Type[Config] = config_mappings[env]\n"
  ]
 },
 "18": {
  "name": "config",
  "type": "dict",
  "class": "build-in",
  "approach": "annotation",
  "file_path": "DDD.CoffeeShop/order/settings/__init__.py",
  "lineno": "17",
  "column": "0",
  "context": "rodConfig,\n}\nenv = os.environ.get(\"ENV\", \".dev\")\n\nconfig: Type[Config] = config_mappings[env]\n",
  "context_lines": "    \".dev\": DevConfig,\n    \".prod\": ProdConfig,\n}\nenv = os.environ.get(\"ENV\", \".dev\")\n\nconfig: Type[Config] = config_mappings[env]\n",
  "slicing": "config: Type[Config] = config_mappings[env]\n"
 },
 "19": {
  "name": "application",
  "type": "startup.AppStartup",
  "class": "customized",
  "approach": "annotation",
  "file_path": "DDD.CoffeeShop/order/app/__init__.py",
  "lineno": "5",
  "column": "0",
  "context": "s import config\nfrom .startup import AppStartup\n\n\napplication = AppStartup(config)\n",
  "context_lines": "from order.settings import config\nfrom .startup import AppStartup\n\n\napplication = AppStartup(config)\n",
  "slicing": "application = AppStartup(config)\n"
 },
 "20": {
  "name": "blueprint",
  "type": "flask.Blueprint",
  "class": "imported",
  "approach": "annotation",
  "file_path": "DDD.CoffeeShop/order/api/resource/order.py",
  "lineno": "10",
  "column": "0",
  "context": "rt parse_reqs\nfrom plugin.speed import profiling\n\nblueprint = Blueprint(config.BLEUPRINTS.ORDERS_BP, __name__)\napi = Api(blueprint, prefix='/v1.0')\n\n\nclass Order",
  "context_lines": "from order.api.request.order import CreateOrderReqValidator\nfrom order.api.response.order import CreatedOrderResp\nfrom plugin.webargs import parse_reqs\nfrom plugin.speed import profiling\n\nblueprint = Blueprint(config.BLEUPRINTS.ORDERS_BP, __name__)\napi = Api(blueprint, prefix='/v1.0')\n\n\nclass OrdersResource(Resource):\n\n    @profiling\n    @parse_reqs(CreateOrderReqValidator())\n",
  "slicing": [
   "blueprint = Blueprint(config.BLEUPRINTS.ORDERS_BP, __name__)\n",
   "api = Api(blueprint, prefix='/v1.0')\n",
   "api.add_resource(OrdersResource, \"/orders\", config.ENDPOINTS.ORDERS_API)\n",
   "api.add_resource(OrderResource, \"/orders/<id>\", config.ENDPOINTS.ORDERS_API)\n"
  ]
 },
 "21": {
  "name": "api",
  "type": "flask_restful.Api",
  "class": "imported",
  "approach": "annotation",
  "file_path": "DDD.CoffeeShop/order/api/resource/order.py",
  "lineno": "11",
  "column": "0",
  "context": " Blueprint(config.BLEUPRINTS.ORDERS_BP, __name__)\napi = Api(blueprint, prefix='/v1.0')\n\n\nclass OrdersResource(Resource):\n\n    @profiling\n",
  "context_lines": "from order.api.response.order import CreatedOrderResp\nfrom plugin.webargs import parse_reqs\nfrom plugin.speed import profiling\n\nblueprint = Blueprint(config.BLEUPRINTS.ORDERS_BP, __name__)\napi = Api(blueprint, prefix='/v1.0')\n\n\nclass OrdersResource(Resource):\n\n    @profiling\n    @parse_reqs(CreateOrderReqValidator())\n",
  "slicing": [
   "api = Api(blueprint, prefix='/v1.0')\n",
   "api.add_resource(OrdersResource, \"/orders\", config.ENDPOINTS.ORDERS_API)\n",
   "api.add_resource(OrderResource, \"/orders/<id>\", config.ENDPOINTS.ORDERS_API)\n"
  ]
 },
 "22": {
  "name": "resp",
  "type": "tuple",
  "class": "build-in",
  "approach": "annotation",
  "file_path": "DDD.CoffeeShop/order/api/resource/order.py",
  "lineno": "19",
  "column": "8",
  "context": "tor())\n    def post(self, reqargs: dict):\n        resp = (\"OK\", HTTPStatus.OK)\n        return resp\n\n\nclass OrderResource(Resource",
  "context_lines": "class OrdersResource(Resource):\n\n    @profiling\n    @parse_reqs(CreateOrderReqValidator())\n    def post(self, reqargs: dict):\n        resp = (\"OK\", HTTPStatus.OK)\n        return resp\n\n\nclass OrderResource(Resource):\n\n    @profiling\n    def get(self, id: int):\n",
  "slicing": [
   "        resp = (\"OK\", HTTPStatus.OK)\n",
   "        return resp\n",
   "        return resp\n"
  ]
 },
 "23": {
  "name": "resp",
  "type": "tuple",
  "class": "build-in",
  "approach": "annotation",
  "file_path": "DDD.CoffeeShop/order/api/resource/order.py",
  "lineno": "27",
  "column": "8",
  "context": "   @profiling\n    def get(self, id: int):\n        resp = (\"OK\", HTTPStatus.OK)\n        return resp\n\n\napi.add_resource(OrdersResou",
  "context_lines": "        return resp\n\n\nclass OrderResource(Resource):\n\n    @profiling\n    def get(self, id: int):\n        resp = (\"OK\", HTTPStatus.OK)\n        return resp\n\n\napi.add_resource(OrdersResource, \"/orders\", config.ENDPOINTS.ORDERS_API)\n",
  "slicing": [
   "        resp = (\"OK\", HTTPStatus.OK)\n",
   "        return resp\n"
  ]
 },
 "24": {
  "name": "product_id",
  "type": "UNKNOWN",
  "class": "unknown",
  "approach": "Pysonar2",
  "file_path": "DDD.CoffeeShop/order/api/response/order.py",
  "lineno": "6",
  "column": "4",
  "context": "DumpSchema\n\n\nclass OrderItemResp(DumpSchema):\n    product_id = fields.Str(data_key='product_id', required=True)\n    quantity = fields.Int(data_key='quantity', req",
  "context_lines": "from marshmallow import fields\nfrom plugin.marshmallow.shema import DumpSchema\n\n\nclass OrderItemResp(DumpSchema):\n    product_id = fields.Str(data_key='product_id', required=True)\n    quantity = fields.Int(data_key='quantity', required=True)\n    price = fields.Decimal(data_key=\"price\", as_string=True, required=True)\n    fee = fields.Decimal(data_key=\"fee\", as_string=True, required=True)\n\n    class Meta:\n",
  "slicing": "    product_id = fields.Str(data_key='product_id', required=True)\n"
 },
 "25": {
  "name": "quantity",
  "type": "UNKNOWN",
  "class": "unknown",
  "approach": "Pysonar2",
  "file_path": "DDD.CoffeeShop/order/api/response/order.py",
  "lineno": "7",
  "column": "4",
  "context": "lds.Str(data_key='product_id', required=True)\n    quantity = fields.Int(data_key='quantity', required=True)\n    price = fields.Decimal(data_key=\"price\", as_st",
  "context_lines": "from marshmallow import fields\nfrom plugin.marshmallow.shema import DumpSchema\n\n\nclass OrderItemResp(DumpSchema):\n    product_id = fields.Str(data_key='product_id', required=True)\n    quantity = fields.Int(data_key='quantity', required=True)\n    price = fields.Decimal(data_key=\"price\", as_string=True, required=True)\n    fee = fields.Decimal(data_key=\"fee\", as_string=True, required=True)\n\n    class Meta:\n        strict = True\n\n\n",
  "slicing": "    quantity = fields.Int(data_key='quantity', required=True)\n"
 },
 "26": {
  "name": "price",
  "type": "UNKNOWN",
  "class": "unknown",
  "approach": "Pysonar2",
  "file_path": "DDD.CoffeeShop/order/api/response/order.py",
  "lineno": "8",
  "column": "4",
  "context": "ields.Int(data_key='quantity', required=True)\n    price = fields.Decimal(data_key=\"price\", as_string=True, required=True)\n    fee = fields.Decimal(data_key=\"fee\", as_string",
  "context_lines": "from plugin.marshmallow.shema import DumpSchema\n\n\nclass OrderItemResp(DumpSchema):\n    product_id = fields.Str(data_key='product_id', required=True)\n    quantity = fields.Int(data_key='quantity', required=True)\n    price = fields.Decimal(data_key=\"price\", as_string=True, required=True)\n    fee = fields.Decimal(data_key=\"fee\", as_string=True, required=True)\n\n    class Meta:\n        strict = True\n\n\nclass CreatedOrderResp(DumpSchema):\n",
  "slicing": "    price = fields.Decimal(data_key=\"price\", required=True)\n"
 },
 "27": {
  "name": "fee",
  "type": "UNKNOWN",
  "class": "unknown",
  "approach": "Pysonar2",
  "file_path": "DDD.CoffeeShop/order/api/response/order.py",
  "lineno": "9",
  "column": "4",
  "context": "a_key=\"price\", as_string=True, required=True)\n    fee = fields.Decimal(data_key=\"fee\", as_string=True, required=True)\n\n    class Meta:\n        strict = True\n\n\nclass Cre",
  "context_lines": "class OrderItemResp(DumpSchema):\n    product_id = fields.Str(data_key='product_id', required=True)\n    quantity = fields.Int(data_key='quantity', required=True)\n    price = fields.Decimal(data_key=\"price\", as_string=True, required=True)\n    fee = fields.Decimal(data_key=\"fee\", as_string=True, required=True)\n\n    class Meta:\n        strict = True\n\n\nclass CreatedOrderResp(DumpSchema):\n",
  "slicing": "    fee = fields.Decimal(data_key=\"fee\", as_string=True, required=True)\n"
 },
 "28": {
  "name": "strict",
  "type": "bool",
  "class": "build-in",
  "approach": "annotation",
  "file_path": "DDD.CoffeeShop/order/api/response/order.py",
  "lineno": "12",
  "column": "8",
  "context": "ing=True, required=True)\n\n    class Meta:\n        strict = True\n\n\nclass CreatedOrderResp(DumpSchema):\n    id = fie",
  "context_lines": "    quantity = fields.Int(data_key='quantity', required=True)\n    price = fields.Decimal(data_key=\"price\", as_string=True, required=True)\n    fee = fields.Decimal(data_key=\"fee\", as_string=True, required=True)\n\n    class Meta:\n        strict = True\n\n\nclass CreatedOrderResp(DumpSchema):\n    id = fields.Str(data_key='id', required=True)\n    status = fields.Str(data_key='status', required=True)\n",
  "slicing": "        strict = True\n"
 },
 "29": {
  "name": "id",
  "type": "UNKNOWN",
  "class": "unknown",
  "approach": "Pysonar2",
  "file_path": "DDD.CoffeeShop/order/api/response/order.py",
  "lineno": "16",
  "column": "4",
  "context": " = True\n\n\nclass CreatedOrderResp(DumpSchema):\n    id = fields.Str(data_key='id', required=True)\n    status = fields.Str(data_key='status', require",
  "context_lines": "    fee = fields.Decimal(data_key=\"fee\", as_string=True, required=True)\n\n    class Meta:\n        strict = True\n\n\nclass CreatedOrderResp(DumpSchema):\n    id = fields.Str(data_key='id', required=True)\n    status = fields.Str(data_key='status', required=True)\n    items = fields.Nested(OrderItemResp, data_key=\"items\", many=True, required=True)\n    created_at = fields.DateTime(data_key=\"created_at\", many=True, required=True)\n    modified_at = fields.DateTime(data_key=\"modified_at\", many=True, required=True)\n\n",
  "slicing": "    id = fields.Str(data_key='id', required=True)\n"
 },
 "30": {
  "name": "status",
  "type": "UNKNOWN",
  "class": "unknown",
  "approach": "Pysonar2",
  "file_path": "DDD.CoffeeShop/order/api/response/order.py",
  "lineno": "17",
  "column": "4",
  "context": "id = fields.Str(data_key='id', required=True)\n    status = fields.Str(data_key='status', required=True)\n    items = fields.Nested(OrderItemResp, data_key=",
  "context_lines": "    class Meta:\n        strict = True\n\n\nclass CreatedOrderResp(DumpSchema):\n    id = fields.Str(data_key='id', required=True)\n    status = fields.Str(data_key='status', required=True)\n    items = fields.Nested(OrderItemResp, data_key=\"items\", many=True, required=True)\n    created_at = fields.DateTime(data_key=\"created_at\", many=True, required=True)\n    modified_at = fields.DateTime(data_key=\"modified_at\", many=True, required=True)\n\n    class Meta:\n",
  "slicing": "    status = fields.Str(data_key='status', required=True)\n"
 },
 "31": {
  "name": "items",
  "type": "UNKNOWN",
  "class": "unknown",
  "approach": "Pysonar2",
  "file_path": "DDD.CoffeeShop/order/api/response/order.py",
  "lineno": "18",
  "column": "4",
  "context": " fields.Str(data_key='status', required=True)\n    items = fields.Nested(OrderItemResp, data_key=\"items\", many=True, required=True)\n    created_at = fields.DateTime(data_key=\"created",
  "context_lines": "        strict = True\n\n\nclass CreatedOrderResp(DumpSchema):\n    id = fields.Str(data_key='id', required=True)\n    status = fields.Str(data_key='status', required=True)\n    items = fields.Nested(OrderItemResp, data_key=\"items\", many=True, required=True)\n    created_at = fields.DateTime(data_key=\"created_at\", many=True, required=True)\n    modified_at = fields.DateTime(data_key=\"modified_at\", many=True, required=True)\n\n    class Meta:\n",
  "slicing": "    items = fields.Nested(OrderItemResp, data_key=\"items\", many=True, required=True)\n"
 },
 "32": {
  "name": "created_at",
  "type": "UNKNOWN",
  "class": "unknown",
  "approach": "Pysonar2",
  "file_path": "DDD.CoffeeShop/order/api/response/order.py",
  "lineno": "19",
  "column": "4",
  "context": ", data_key=\"items\", many=True, required=True)\n    created_at = fields.DateTime(data_key=\"created_at\", many=True, required=True)\n    modified_at = fields.DateTime(data_key=\"modifi",
  "context_lines": "class CreatedOrderResp(DumpSchema):\n    id = fields.Str(data_key='id', required=True)\n    status = fields.Str(data_key='status', required=True)\n    items = fields.Nested(OrderItemResp, data_key=\"items\", many=True, required=True)\n    created_at = fields.DateTime(data_key=\"created_at\", many=True, required=True)\n    modified_at = fields.DateTime(data_key=\"modified_at\", many=True, required=True)\n\n    class Meta:\n",
  "slicing": "    created_at = fields.DateTime(data_key=\"created_at\", many=True, required=True)\n"
 },
 "33": {
  "name": "modified_at",
  "type": "UNKNOWN",
  "class": "unknown",
  "approach": "Pysonar2",
  "file_path": "DDD.CoffeeShop/order/api/response/order.py",
  "lineno": "20",
  "column": "4",
  "context": "a_key=\"created_at\", many=True, required=True)\n    modified_at = fields.DateTime(data_key=\"modified_at\", many=True, required=True)\n\n    class Meta:\n        strict = True\n",
  "context_lines": "    id = fields.Str(data_key='id', required=True)\n    status = fields.Str(data_key='status', required=True)\n    items = fields.Nested(OrderItemResp, data_key=\"items\", many=True, required=True)\n    created_at = fields.DateTime(data_key=\"created_at\", many=True, required=True)\n    modified_at = fields.DateTime(data_key=\"modified_at\", many=True, required=True)\n\n    class Meta:\n",
  "slicing": "    modified_at = fields.DateTime(data_key=\"modified_at\", many=True, required=True)\n"
 },
 "34": {
  "name": "strict",
  "type": "bool",
  "class": "build-in",
  "approach": "annotation",
  "file_path": "DDD.CoffeeShop/order/api/response/order.py",
  "lineno": "23",
  "column": "8",
  "context": "any=True, required=True)\n\n    class Meta:\n        strict = True\n",
  "context_lines": "    items = fields.Nested(OrderItemResp, data_key=\"items\", many=True, required=True)\n    created_at = fields.DateTime(data_key=\"created_at\", many=True, required=True)\n    modified_at = fields.DateTime(data_key=\"modified_at\", many=True, required=True)\n\n    class Meta:\n        strict = True\n",
  "slicing": "        strict = True\n"
 },
 "35": {
  "name": "product_id",
  "type": "UNKNOWN",
  "class": "unknown",
  "approach": "Pysonar2",
  "file_path": "DDD.CoffeeShop/order/api/request/order.py",
  "lineno": "6",
  "column": "4",
  "context": "data_key\" new naming of load_from and dump_to\n    product_id = fields.Str(data_key='product_id', required=True)\n    quantity = fields.Int(data_key='quantity', req",
  "context_lines": "from marshmallow import Schema, fields\n\n\nclass OrderItemValidator(Schema):\n    # \"data_key\" new naming of load_from and dump_to\n    product_id = fields.Str(data_key='product_id', required=True)\n    quantity = fields.Int(data_key='quantity', required=True)\n    price = fields.Decimal(data_key=\"price\", required=True)\n\n    class Meta:\n        strict = True\n\n\n",
  "slicing": "    product_id = fields.Str(data_key='product_id', required=True)\n"
 },
 "36": {
  "name": "quantity",
  "type": "UNKNOWN",
  "class": "unknown",
  "approach": "Pysonar2",
  "file_path": "DDD.CoffeeShop/order/api/request/order.py",
  "lineno": "7",
  "column": "4",
  "context": "lds.Str(data_key='product_id', required=True)\n    quantity = fields.Int(data_key='quantity', required=True)\n    price = fields.Decimal(data_key=\"price\", requi",
  "context_lines": "from marshmallow import Schema, fields\n\n\nclass OrderItemValidator(Schema):\n    # \"data_key\" new naming of load_from and dump_to\n    product_id = fields.Str(data_key='product_id', required=True)\n    quantity = fields.Int(data_key='quantity', required=True)\n    price = fields.Decimal(data_key=\"price\", required=True)\n\n    class Meta:\n        strict = True\n\n\nclass CreateOrderReqValidator(Schema):\n",
  "slicing": "    quantity = fields.Int(data_key='quantity', required=True)\n"
 },
 "37": {
  "name": "price",
  "type": "UNKNOWN",
  "class": "unknown",
  "approach": "Pysonar2",
  "file_path": "DDD.CoffeeShop/order/api/request/order.py",
  "lineno": "8",
  "column": "4",
  "context": "ields.Int(data_key='quantity', required=True)\n    price = fields.Decimal(data_key=\"price\", required=True)\n\n    class Meta:\n        strict = True\n\n\nclass Cre",
  "context_lines": "class OrderItemValidator(Schema):\n    # \"data_key\" new naming of load_from and dump_to\n    product_id = fields.Str(data_key='product_id', required=True)\n    quantity = fields.Int(data_key='quantity', required=True)\n    price = fields.Decimal(data_key=\"price\", required=True)\n\n    class Meta:\n        strict = True\n\n\nclass CreateOrderReqValidator(Schema):\n",
  "slicing": "    price = fields.Decimal(data_key=\"price\", required=True)\n"
 },
 "38": {
  "name": "strict",
  "type": "bool",
  "class": "build-in",
  "approach": "annotation",
  "file_path": "DDD.CoffeeShop/order/api/request/order.py",
  "lineno": "11",
  "column": "8",
  "context": "=\"price\", required=True)\n\n    class Meta:\n        strict = True\n\n\nclass CreateOrderReqValidator(Schema):\n    table",
  "context_lines": "    product_id = fields.Str(data_key='product_id', required=True)\n    quantity = fields.Int(data_key='quantity', required=True)\n    price = fields.Decimal(data_key=\"price\", required=True)\n\n    class Meta:\n        strict = True\n\n\nclass CreateOrderReqValidator(Schema):\n    table_no = fields.Str(data_key=\"table_no\", required=True)\n    # \"many\" parameter could achieve nested of list\n",
  "slicing": "        strict = True\n"
 },
 "39": {
  "name": "table_no",
  "type": "UNKNOWN",
  "class": "unknown",
  "approach": "Pysonar2",
  "file_path": "DDD.CoffeeShop/order/api/request/order.py",
  "lineno": "15",
  "column": "4",
  "context": "True\n\n\nclass CreateOrderReqValidator(Schema):\n    table_no = fields.Str(data_key=\"table_no\", required=True)\n    # \"many\" parameter could achieve nested of lis",
  "context_lines": "    price = fields.Decimal(data_key=\"price\", required=True)\n\n    class Meta:\n        strict = True\n\n\nclass CreateOrderReqValidator(Schema):\n    table_no = fields.Str(data_key=\"table_no\", required=True)\n    # \"many\" parameter could achieve nested of list\n    items = fields.Nested(OrderItemValidator, many=True)\n\n    class Meta:\n",
  "slicing": "    table_no = fields.Str(data_key=\"table_no\", required=True)\n"
 },
 "40": {
  "name": "items",
  "type": "UNKNOWN",
  "class": "unknown",
  "approach": "Pysonar2",
  "file_path": "DDD.CoffeeShop/order/api/request/order.py",
  "lineno": "17",
  "column": "4",
  "context": "\"many\" parameter could achieve nested of list\n    items = fields.Nested(OrderItemValidator, many=True)\n\n    class Meta:\n        strict = True\n",
  "context_lines": "        strict = True\n\n\nclass CreateOrderReqValidator(Schema):\n    table_no = fields.Str(data_key=\"table_no\", required=True)\n    # \"many\" parameter could achieve nested of list\n    items = fields.Nested(OrderItemValidator, many=True)\n\n    class Meta:\n",
  "slicing": "    items = fields.Nested(OrderItemValidator, many=True)\n"
 },
 "41": {
  "name": "strict",
  "type": "bool",
  "class": "build-in",
  "approach": "annotation",
  "file_path": "DDD.CoffeeShop/order/api/request/order.py",
  "lineno": "20",
  "column": "8",
  "context": "temValidator, many=True)\n\n    class Meta:\n        strict = True\n",
  "context_lines": "    table_no = fields.Str(data_key=\"table_no\", required=True)\n    # \"many\" parameter could achieve nested of list\n    items = fields.Nested(OrderItemValidator, many=True)\n\n    class Meta:\n        strict = True\n",
  "slicing": "        strict = True\n"
 },
 "42": {
  "name": "parse_reqs",
  "type": "webargs.flaskparser.use_args",
  "class": "imported",
  "approach": "annotation",
  "file_path": "DDD.CoffeeShop/plugin/webargs/parse.py",
  "lineno": "4",
  "column": "0",
  "context": "nctools\nfrom webargs.flaskparser import use_args\n\nparse_reqs = use_args\n\nparse_query = functools.partial(parse_reqs, locat",
  "context_lines": "import functools\nfrom webargs.flaskparser import use_args\n\nparse_reqs = use_args\n\nparse_query = functools.partial(parse_reqs, locations=(\"query\",))\nparse_body = functools.partial(parse_reqs, locations=(\"json\", \"form\", \"query\"))\nparse_data = functools.partial(parse_reqs, locations=(\"form\",))\n",
  "slicing": [
   "parse_reqs = use_args\n",
   "parse_query = functools.partial(parse_reqs, locations=(\"query\",))\n",
   "parse_body = functools.partial(parse_reqs, locations=(\"json\", \"form\", \"query\"))\n",
   "parse_data = functools.partial(parse_reqs, locations=(\"form\",))\n",
   "parse_json = functools.partial(parse_reqs, locations=(\"json\",))\n",
   "parse_files = functools.partial(parse_reqs, locations=(\"files\",))\n",
   "parse_headers = functools.partial(parse_reqs, locations=(\"headers\",))\n"
  ]
 },
 "43": {
  "name": "parse_query",
  "type": "UNKNOWN",
  "class": "unknown",
  "approach": "Pysonar2",
  "file_path": "DDD.CoffeeShop/plugin/webargs/parse.py",
  "lineno": "6",
  "column": "0",
  "context": "askparser import use_args\n\nparse_reqs = use_args\n\nparse_query = functools.partial(parse_reqs, locations=(\"query\",))\nparse_body = functools.partial(parse_reqs, locatio",
  "context_lines": "import functools\nfrom webargs.flaskparser import use_args\n\nparse_reqs = use_args\n\nparse_query = functools.partial(parse_reqs, locations=(\"query\",))\nparse_body = functools.partial(parse_reqs, locations=(\"json\", \"form\", \"query\"))\nparse_data = functools.partial(parse_reqs, locations=(\"form\",))\nparse_json = functools.partial(parse_reqs, locations=(\"json\",))\nparse_files = functools.partial(parse_reqs, locations=(\"files\",))\n",
  "slicing": "parse_query = functools.partial(parse_reqs, locations=(\"query\",))\n"
 },
 "44": {
  "name": "parse_body",
  "type": "UNKNOWN",
  "class": "unknown",
  "approach": "Pysonar2",
  "file_path": "DDD.CoffeeShop/plugin/webargs/parse.py",
  "lineno": "7",
  "column": "0",
  "context": "nctools.partial(parse_reqs, locations=(\"query\",))\nparse_body = functools.partial(parse_reqs, locations=(\"json\", \"form\", \"query\"))\nparse_data = functools.partial(parse_reqs, locatio",
  "context_lines": "import functools\nfrom webargs.flaskparser import use_args\n\nparse_reqs = use_args\n\nparse_query = functools.partial(parse_reqs, locations=(\"query\",))\nparse_body = functools.partial(parse_reqs, locations=(\"json\", \"form\", \"query\"))\nparse_data = functools.partial(parse_reqs, locations=(\"form\",))\nparse_json = functools.partial(parse_reqs, locations=(\"json\",))\nparse_files = functools.partial(parse_reqs, locations=(\"files\",))\n",
  "slicing": "parse_body = functools.partial(parse_reqs, locations=(\"json\", \"form\", \"query\"))\n"
 },
 "45": {
  "name": "parse_data",
  "type": "UNKNOWN",
  "class": "unknown",
  "approach": "Pysonar2",
  "file_path": "DDD.CoffeeShop/plugin/webargs/parse.py",
  "lineno": "8",
  "column": "0",
  "context": "(parse_reqs, locations=(\"json\", \"form\", \"query\"))\nparse_data = functools.partial(parse_reqs, locations=(\"form\",))\nparse_json = functools.partial(parse_reqs, locatio",
  "context_lines": "from webargs.flaskparser import use_args\n\nparse_reqs = use_args\n\nparse_query = functools.partial(parse_reqs, locations=(\"query\",))\nparse_body = functools.partial(parse_reqs, locations=(\"json\", \"form\", \"query\"))\nparse_data = functools.partial(parse_reqs, locations=(\"form\",))\nparse_json = functools.partial(parse_reqs, locations=(\"json\",))\nparse_files = functools.partial(parse_reqs, locations=(\"files\",))\n",
  "slicing": "parse_data = functools.partial(parse_reqs, locations=(\"form\",))\n"
 },
 "46": {
  "name": "parse_json",
  "type": "UNKNOWN",
  "class": "unknown",
  "approach": "Pysonar2",
  "file_path": "DDD.CoffeeShop/plugin/webargs/parse.py",
  "lineno": "9",
  "column": "0",
  "context": "unctools.partial(parse_reqs, locations=(\"form\",))\nparse_json = functools.partial(parse_reqs, locations=(\"json\",))\nparse_files = functools.partial(parse_reqs, locati",
  "context_lines": "parse_reqs = use_args\n\nparse_query = functools.partial(parse_reqs, locations=(\"query\",))\nparse_body = functools.partial(parse_reqs, locations=(\"json\", \"form\", \"query\"))\nparse_data = functools.partial(parse_reqs, locations=(\"form\",))\nparse_json = functools.partial(parse_reqs, locations=(\"json\",))\nparse_files = functools.partial(parse_reqs, locations=(\"files\",))\n",
  "slicing": "parse_json = functools.partial(parse_reqs, locations=(\"json\",))\n"
 },
 "47": {
  "name": "parse_files",
  "type": "UNKNOWN",
  "class": "unknown",
  "approach": "Pysonar2",
  "file_path": "DDD.CoffeeShop/plugin/webargs/parse.py",
  "lineno": "10",
  "column": "0",
  "context": "unctools.partial(parse_reqs, locations=(\"json\",))\nparse_files = functools.partial(parse_reqs, locations=(\"files\",))\nparse_headers = functools.partial(parse_reqs, loca",
  "context_lines": "parse_query = functools.partial(parse_reqs, locations=(\"query\",))\nparse_body = functools.partial(parse_reqs, locations=(\"json\", \"form\", \"query\"))\nparse_data = functools.partial(parse_reqs, locations=(\"form\",))\nparse_json = functools.partial(parse_reqs, locations=(\"json\",))\nparse_files = functools.partial(parse_reqs, locations=(\"files\",))\n",
  "slicing": "parse_files = functools.partial(parse_reqs, locations=(\"files\",))\n"
 },
 "48": {
  "name": "parse_headers",
  "type": "UNKNOWN",
  "class": "unknown",
  "approach": "Pysonar2",
  "file_path": "DDD.CoffeeShop/plugin/webargs/parse.py",
  "lineno": "11",
  "column": "0",
  "context": "nctools.partial(parse_reqs, locations=(\"files\",))\nparse_headers = functools.partial(parse_reqs, locations=(\"headers\",))\n",
  "context_lines": "parse_body = functools.partial(parse_reqs, locations=(\"json\", \"form\", \"query\"))\nparse_data = functools.partial(parse_reqs, locations=(\"form\",))\nparse_json = functools.partial(parse_reqs, locations=(\"json\",))\nparse_files = functools.partial(parse_reqs, locations=(\"files\",))\nparse_headers = functools.partial(parse_reqs, locations=(\"headers\",))\n",
  "slicing": "parse_headers = functools.partial(parse_reqs, locations=(\"headers\",))\n"
 },
 "49": {
  "name": "date_dt",
  "type": "datetime.datetime",
  "class": "imported",
  "approach": "annotation",
  "file_path": "DDD.CoffeeShop/plugin/marshmallow/fields/serialize.py",
  "lineno": "21",
  "column": "12",
  "context": "        elif isinstance(value, date):\n            date_dt = datetime(value.year, value.month, value.day)\n            return date_dt.replace(tzinfo=timezone",
  "context_lines": "            return value\n        elif isinstance(value, datetime):\n            return value.replace(tzinfo=timezone.utc).timestamp()\n        elif isinstance(value, date):\n            date_dt = datetime(value.year, value.month, value.day)\n            return date_dt.replace(tzinfo=timezone.utc).timestamp()\n        raise ValidationError(\"The type is not date or datetime\")\n\n\nclass StrDict(fields.Field):\n    def _serialize(self, value, attr, obj):\n",
  "slicing": [
   "            date_dt = datetime(value.year, value.month, value.day)\n",
   "            return date_dt.replace(tzinfo=timezone.utc).timestamp()\n"
  ]
 },
 "50": {
  "name": "list_data",
  "type": "UNKNOWN",
  "class": "unknown",
  "approach": "Pysonar2",
  "file_path": "DDD.CoffeeShop/plugin/marshmallow/fields/deserialize.py",
  "lineno": "31",
  "column": "12",
  "context": "ta_of_list(self, value):\n        try:\n            list_data = json.loads(value)\n            for val in list_data:\n                ",
  "context_lines": "        self._cls_of_list = cls_of_list\n        super(FormList, self).__init__(**kwargs)\n\n    def _parse_data_of_list(self, value):\n        try:\n            list_data = json.loads(value)\n            for val in list_data:\n                if not isinstance(val, self._cls_of_list):\n                    raise ValidationError(\n                        \"the value {val} in the list is not {type} type\".format(val=val, type=self._cls_of_list)\n",
  "slicing": [
   "            list_data = json.loads(value)\n",
   "            for val in list_data:\n",
   "                if not isinstance(val, self._cls_of_list):\n",
   "                        \"the value {val} in the list is not {type} type\".format(val=val, type=self._cls_of_list)\n",
   "            return list_data\n"
  ]
 },
 "51": {
  "name": "dict_data",
  "type": "UNKNOWN",
  "class": "unknown",
  "approach": "Pysonar2",
  "file_path": "DDD.CoffeeShop/plugin/marshmallow/fields/deserialize.py",
  "lineno": "65",
  "column": "12",
  "context": "            return value\n        try:\n            dict_data = json.loads(value)\n            # 再丟入 Nested 做解析\n            return su",
  "context_lines": "            return None\n        if isinstance(value, dict):\n            return value\n        try:\n            dict_data = json.loads(value)\n            # 再丟入 Nested 做解析\n            return super()._deserialize(dict_data, attr, data)\n        except ValidationError as ve:\n            raise ve\n\n\n",
  "slicing": [
   "            dict_data = json.loads(value)\n",
   "            return super()._deserialize(dict_data, attr, data)\n"
  ]
 },
 "52": {
  "name": "err_msg",
  "type": "tuple",
  "class": "build-in",
  "approach": "annotation",
  "file_path": "DDD.CoffeeShop/plugin/marshmallow/fields/__init__.py",
  "lineno": "20",
  "column": "12",
  "context": "\"\"\n        if self._enum_cls is None:\n            err_msg = 'Couldn\\'t deserialize, not assign Enum type',\n            raise ValidationError(err_msg, field_n",
  "context_lines": "        \"\"\"\n        反序列化成為 Enum\n        \"\"\"\n        if self._enum_cls is None:\n            err_msg = 'Couldn\\'t deserialize, not assign Enum type',\n            raise ValidationError(err_msg, field_names=[attr])\n        if isinstance(value, self._enum_cls):\n            return value\n        values = [item.value for item in self._enum_cls]\n",
  "slicing": [
   "            err_msg = 'Couldn\\'t deserialize, not assign Enum type',\n",
   "            raise ValidationError(err_msg, field_names=[attr])\n",
   "            raise ValidationError(err_msg)\n"
  ]
 },
 "53": {
  "name": "values",
  "type": "list",
  "class": "build-in",
  "approach": "annotation",
  "file_path": "DDD.CoffeeShop/plugin/marshmallow/fields/__init__.py",
  "lineno": "24",
  "column": "8",
  "context": "self._enum_cls):\n            return value\n        values = [item.value for item in self._enum_cls]\n        if value in values:\n            return sel",
  "context_lines": "            err_msg = 'Couldn\\'t deserialize, not assign Enum type',\n            raise ValidationError(err_msg, field_names=[attr])\n        if isinstance(value, self._enum_cls):\n            return value\n        values = [item.value for item in self._enum_cls]\n        if value in values:\n            return self._enum_cls(value)\n        else:\n            err_msg = 'The value not belong to {}'.format(self._enum_cls)\n",
  "slicing": [
   "        values = [item.value for item in self._enum_cls]\n",
   "        if value in values:\n"
  ]
 },
 "54": {
  "name": "err_msg",
  "type": "str",
  "class": "build-in",
  "approach": "Pysonar2",
  "file_path": "DDD.CoffeeShop/plugin/marshmallow/fields/__init__.py",
  "lineno": "28",
  "column": "12",
  "context": "n self._enum_cls(value)\n        else:\n            err_msg = 'The value not belong to {}'.format(self._enum_cls)\n            raise ValidationError(err_msg)\n\n    de",
  "context_lines": "        values = [item.value for item in self._enum_cls]\n        if value in values:\n            return self._enum_cls(value)\n        else:\n            err_msg = 'The value not belong to {}'.format(self._enum_cls)\n            raise ValidationError(err_msg)\n\n    def _serialize(self, value, attr, obj):\n        \"\"\"\n        Enum 序列化成 Enum 的值\n",
  "slicing": [
   "            err_msg = 'The value not belong to {}'.format(self._enum_cls)\n",
   "            raise ValidationError(err_msg)\n"
  ]
 },
 "55": {
  "name": "time_start",
  "type": "UNKNOWN",
  "class": "unknown",
  "approach": "Pysonar2",
  "file_path": "DDD.CoffeeShop/plugin/speed/profiling.py",
  "lineno": "12",
  "column": "8",
  "context": "s(func)\n    def wrapper(*args, **kwargs):\n        time_start = timeit.default_timer()\n        result = func(*args, **kwargs)\n        tim",
  "context_lines": "    量測包裹的 function 運作時間\n    \"\"\"\n    @wraps(func)\n    def wrapper(*args, **kwargs):\n        time_start = timeit.default_timer()\n        result = func(*args, **kwargs)\n        time_end = timeit.default_timer()\n        print(\"------------------------------------------------------\")\n        print(f\"［ function name ］: {func.__name__}\")\n",
  "slicing": [
   "        time_start = timeit.default_timer()\n",
   "        print(f\"［  performance  ］: {time_end - time_start} ms\")\n"
  ]
 },
 "56": {
  "name": "result",
  "type": "UNKNOWN",
  "class": "unknown",
  "approach": "annotation",
  "file_path": "DDD.CoffeeShop/plugin/speed/profiling.py",
  "lineno": "13",
  "column": "8",
  "context": "      time_start = timeit.default_timer()\n        result = func(*args, **kwargs)\n        time_end = timeit.default_timer()\n        ",
  "context_lines": "    \"\"\"\n    @wraps(func)\n    def wrapper(*args, **kwargs):\n        time_start = timeit.default_timer()\n        result = func(*args, **kwargs)\n        time_end = timeit.default_timer()\n        print(\"------------------------------------------------------\")\n        print(f\"［ function name ］: {func.__name__}\")\n        print(f\"［  performance  ］: {time_end - time_start} ms\")\n",
  "slicing": [
   "        result = func(*args, **kwargs)\n",
   "        return result\n"
  ]
 },
 "57": {
  "name": "time_end",
  "type": "UNKNOWN",
  "class": "unknown",
  "approach": "Pysonar2",
  "file_path": "DDD.CoffeeShop/plugin/speed/profiling.py",
  "lineno": "14",
  "column": "8",
  "context": "()\n        result = func(*args, **kwargs)\n        time_end = timeit.default_timer()\n        print(\"-----------------------------------",
  "context_lines": "    @wraps(func)\n    def wrapper(*args, **kwargs):\n        time_start = timeit.default_timer()\n        result = func(*args, **kwargs)\n        time_end = timeit.default_timer()\n        print(\"------------------------------------------------------\")\n        print(f\"［ function name ］: {func.__name__}\")\n        print(f\"［  performance  ］: {time_end - time_start} ms\")\n        print(\"------------------------------------------------------\")\n",
  "slicing": [
   "        time_end = timeit.default_timer()\n",
   "        print(f\"［  performance  ］: {time_end - time_start} ms\")\n"
  ]
 },
 "58": {
  "name": "SYNC",
  "type": "str",
  "class": "build-in",
  "approach": "Pysonar2",
  "file_path": "DDD.CoffeeShop/plugin/server/gunicorn.py",
  "lineno": "7",
  "column": "4",
  "context": ", BaseApplication\n\n\nclass WorkerMode(object):\n    SYNC = \"sync\"\n    EVENTLET = \"eventlet\"\n    GREENLET = \"greenlet",
  "context_lines": "import multiprocessing\nfrom flask import Flask\nfrom gunicorn.app.base import Application, BaseApplication\n\n\nclass WorkerMode(object):\n    SYNC = \"sync\"\n    EVENTLET = \"eventlet\"\n    GREENLET = \"greenlet\"\n    GREVENT = \"grevent\"\n\n    @classmethod\n",
  "slicing": "    SYNC = \"sync\"\n"
 },
 "59": {
  "name": "EVENTLET",
  "type": "str",
  "class": "build-in",
  "approach": "Pysonar2",
  "file_path": "DDD.CoffeeShop/plugin/server/gunicorn.py",
  "lineno": "8",
  "column": "4",
  "context": "\n\nclass WorkerMode(object):\n    SYNC = \"sync\"\n    EVENTLET = \"eventlet\"\n    GREENLET = \"greenlet\"\n    GREVENT = \"grevent\"\n",
  "context_lines": "from flask import Flask\nfrom gunicorn.app.base import Application, BaseApplication\n\n\nclass WorkerMode(object):\n    SYNC = \"sync\"\n    EVENTLET = \"eventlet\"\n    GREENLET = \"greenlet\"\n    GREVENT = \"grevent\"\n\n    @classmethod\n    def list(cls):\n",
  "slicing": "    EVENTLET = \"eventlet\"\n"
 },
 "60": {
  "name": "GREENLET",
  "type": "str",
  "class": "build-in",
  "approach": "Pysonar2",
  "file_path": "DDD.CoffeeShop/plugin/server/gunicorn.py",
  "lineno": "9",
  "column": "4",
  "context": ":\n    SYNC = \"sync\"\n    EVENTLET = \"eventlet\"\n    GREENLET = \"greenlet\"\n    GREVENT = \"grevent\"\n\n    @classmethod\n    def ",
  "context_lines": "from gunicorn.app.base import Application, BaseApplication\n\n\nclass WorkerMode(object):\n    SYNC = \"sync\"\n    EVENTLET = \"eventlet\"\n    GREENLET = \"greenlet\"\n    GREVENT = \"grevent\"\n\n    @classmethod\n    def list(cls):\n        return [\n",
  "slicing": "    GREENLET = \"greenlet\"\n"
 },
 "61": {
  "name": "GREVENT",
  "type": "str",
  "class": "build-in",
  "approach": "Pysonar2",
  "file_path": "DDD.CoffeeShop/plugin/server/gunicorn.py",
  "lineno": "10",
  "column": "4",
  "context": "ENTLET = \"eventlet\"\n    GREENLET = \"greenlet\"\n    GREVENT = \"grevent\"\n\n    @classmethod\n    def list(cls):\n        retur",
  "context_lines": "class WorkerMode(object):\n    SYNC = \"sync\"\n    EVENTLET = \"eventlet\"\n    GREENLET = \"greenlet\"\n    GREVENT = \"grevent\"\n\n    @classmethod\n    def list(cls):\n        return [\n",
  "slicing": "    GREVENT = \"grevent\"\n"
 },
 "62": {
  "name": "config",
  "type": "dict",
  "class": "build-in",
  "approach": "annotation",
  "file_path": "DDD.CoffeeShop/plugin/server/gunicorn.py",
  "lineno": "31",
  "column": "8",
  "context": "f).__init__()\n\n    def load_config(self):\n        config = dict([(key, value) for key, value in self.options.items()\n                       if key in self.cfg.settings",
  "context_lines": "        }\n        self._application = app\n        super(FlaskGunicorn, self).__init__()\n\n    def load_config(self):\n        config = dict([(key, value) for key, value in self.options.items()\n                       if key in self.cfg.settings and value is not None])\n        for key, value in config.items():\n            self.cfg.set(key.lower(), value)\n\n    def load(self):\n",
  "slicing": [
   "        config = dict([(key, value) for key, value in self.options.items()\n",
   "        for key, value in config.items():\n",
   "            self.cfg.set(key.lower(), value)\n"
  ]
 },
 "63": {
  "name": "port",
  "type": "UNKNOWN",
  "class": "unknown",
  "approach": "Pysonar2",
  "file_path": "DDD.CoffeeShop/order/manage.py",
  "lineno": "18",
  "column": "13",
  "context": "        help=\"Gunicorn worker mode\")\ndef gunicorn(port, worker, mode):\n    \"\"\"Run production server provided by Gunicorn\"",
  "context_lines": "@click.option(\"--mode\", \"-k\", \"mode\",\n              type=Choice(WorkerMode.list()),\n              default=WorkerMode.SYNC,\n              help=\"Gunicorn worker mode\")\ndef gunicorn(port, worker, mode):\n    \"\"\"Run production server provided by Gunicorn\"\"\"\n    FlaskGunicorn(application).run()\n\n\n@click.command()\n@click.option(\"--port\", \"-p\", \"port\", default=config.SERVER_PORT, type=int, help=\"Server running port\")\n",
  "slicing": "def gunicorn(port, worker, mode):\n"
 },
 "64": {
  "name": "worker",
  "type": "UNKNOWN",
  "class": "unknown",
  "approach": "Pysonar2",
  "file_path": "DDD.CoffeeShop/order/manage.py",
  "lineno": "18",
  "column": "19",
  "context": "  help=\"Gunicorn worker mode\")\ndef gunicorn(port, worker, mode):\n    \"\"\"Run production server provided by Gunicorn\"",
  "context_lines": "@click.option(\"--mode\", \"-k\", \"mode\",\n              type=Choice(WorkerMode.list()),\n              default=WorkerMode.SYNC,\n              help=\"Gunicorn worker mode\")\ndef gunicorn(port, worker, mode):\n    \"\"\"Run production server provided by Gunicorn\"\"\"\n    FlaskGunicorn(application).run()\n\n\n@click.command()\n@click.option(\"--port\", \"-p\", \"port\", default=config.SERVER_PORT, type=int, help=\"Server running port\")\n",
  "slicing": "def gunicorn(port, worker, mode):\n"
 },
 "65": {
  "name": "mode",
  "type": "UNKNOWN",
  "class": "unknown",
  "approach": "Pysonar2",
  "file_path": "DDD.CoffeeShop/order/manage.py",
  "lineno": "18",
  "column": "27",
  "context": "Gunicorn worker mode\")\ndef gunicorn(port, worker, mode):\n    \"\"\"Run production server provided by Gunicorn\"",
  "context_lines": "@click.option(\"--mode\", \"-k\", \"mode\",\n              type=Choice(WorkerMode.list()),\n              default=WorkerMode.SYNC,\n              help=\"Gunicorn worker mode\")\ndef gunicorn(port, worker, mode):\n    \"\"\"Run production server provided by Gunicorn\"\"\"\n    FlaskGunicorn(application).run()\n\n\n@click.command()\n@click.option(\"--port\", \"-p\", \"port\", default=config.SERVER_PORT, type=int, help=\"Server running port\")\n",
  "slicing": "def gunicorn(port, worker, mode):\n"
 },
 "66": {
  "name": "port",
  "type": "UNKNOWN",
  "class": "unknown",
  "approach": "UNKNOWN",
  "file_path": "DDD.CoffeeShop/order/manage.py",
  "lineno": "25",
  "column": "11",
  "context": " type=int, help=\"Server running port\")\ndef server(port):\n    \"\"\"Run development server provided by Flask\"\"\"",
  "context_lines": "    \"\"\"Run production server provided by Gunicorn\"\"\"\n    FlaskGunicorn(application).run()\n\n\n@click.command()\n@click.option(\"--port\", \"-p\", \"port\", default=config.SERVER_PORT, type=int, help=\"Server running port\")\ndef server(port):\n    \"\"\"Run development server provided by Flask\"\"\"\n    application.instance.run(host=\"0.0.0.0\", port=port, threaded=True)\n\n\nif __name__ == \"__main__\":\n    commands = Group(context_settings={\"help_option_names\": ['-h', '--help']})\n",
  "slicing": "def server(port):\n"
 },
 "67": {
  "name": "config",
  "type": "Config",
  "class": "customized",
  "approach": "annotation",
  "file_path": "DDD.CoffeeShop/order/app/startup.py",
  "lineno": "9",
  "column": "23",
  "context": "\nclass AppStartup(object):\n    def __init__(self, config: Config):\n        self._app = Flask(__name__)\n        self._",
  "context_lines": "from flask import Flask\nfrom order.api.resource import order\nfrom order.settings import Config\n\n\nclass AppStartup(object):\n    def __init__(self, config: Config):\n        self._app = Flask(__name__)\n        self._app.config.from_object(config)\n        self._load_router(self._app)\n\n    def _load_router(self, app: Flask):\n",
  "slicing": "    def __init__(self, config: Config):\n"
 },
 "68": {
  "name": "app",
  "type": "UNKNOWN",
  "class": "unknown",
  "approach": "annotation",
  "file_path": "DDD.CoffeeShop/order/app/startup.py",
  "lineno": "14",
  "column": "27",
  "context": "oad_router(self._app)\n\n    def _load_router(self, app: Flask):\n        app.register_blueprint(order.blueprint)\n\n ",
  "context_lines": "    def __init__(self, config: Config):\n        self._app = Flask(__name__)\n        self._app.config.from_object(config)\n        self._load_router(self._app)\n\n    def _load_router(self, app: Flask):\n        app.register_blueprint(order.blueprint)\n\n    @property\n    def instance(self):\n",
  "slicing": "    def _load_router(self, app: Flask):\n"
 },
 "69": {
  "name": "reqargs",
  "type": "dict",
  "class": "build-in",
  "approach": "annotation",
  "file_path": "DDD.CoffeeShop/order/api/resource/order.py",
  "lineno": "18",
  "column": "19",
  "context": "eqs(CreateOrderReqValidator())\n    def post(self, reqargs: dict):\n        resp = (\"OK\", HTTPStatus.OK)\n        retur",
  "context_lines": "api = Api(blueprint, prefix='/v1.0')\n\n\nclass OrdersResource(Resource):\n\n    @profiling\n    @parse_reqs(CreateOrderReqValidator())\n    def post(self, reqargs: dict):\n        resp = (\"OK\", HTTPStatus.OK)\n        return resp\n\n\nclass OrderResource(Resource):\n\n    @profiling\n",
  "slicing": "    def post(self, reqargs: dict):\n"
 },
 "70": {
  "name": "id",
  "type": "int",
  "class": "build-in",
  "approach": "annotation",
  "file_path": "DDD.CoffeeShop/order/api/resource/order.py",
  "lineno": "26",
  "column": "18",
  "context": "urce(Resource):\n\n    @profiling\n    def get(self, id: int):\n        resp = (\"OK\", HTTPStatus.OK)\n        retur",
  "context_lines": "        resp = (\"OK\", HTTPStatus.OK)\n        return resp\n\n\nclass OrderResource(Resource):\n\n    @profiling\n    def get(self, id: int):\n        resp = (\"OK\", HTTPStatus.OK)\n        return resp\n\n\napi.add_resource(OrdersResource, \"/orders\", config.ENDPOINTS.ORDERS_API)\n",
  "slicing": "    def get(self, id: int):\n"
 },
 "71": {
  "name": "data",
  "type": "UNKNOWN",
  "class": "unknown",
  "approach": "Pysonar2",
  "file_path": "DDD.CoffeeShop/plugin/marshmallow/shema.py",
  "lineno": "6",
  "column": "20",
  "context": "chema(Schema):\n    @post_dump\n    def clean(self, data):\n        return {key: val for key, val in data.item",
  "context_lines": "from marshmallow import Schema, post_dump\n\n\nclass DumpSchema(Schema):\n    @post_dump\n    def clean(self, data):\n",
  "slicing": "    def clean(self, data):\n"
 },
 "72": {
  "name": "value",
  "type": "UNKNOWN",
  "class": "unknown",
  "approach": "Pysonar2",
  "file_path": "DDD.CoffeeShop/plugin/marshmallow/fields/serialize.py",
  "lineno": "9",
  "column": "25",
  "context": "TimeStamp(fields.Field):\n    def _serialize(self, value, attr, obj):\n        \"\"\"\n        序列化 datetime 或 date 成 timestam",
  "context_lines": "from datetime import datetime, timezone, date\nfrom typing import Optional\nfrom marshmallow import fields, ValidationError\n\n\nclass TimeStamp(fields.Field):\n    def _serialize(self, value, attr, obj):\n        \"\"\"\n        序列化 datetime 或 date 成 timestamp 的值\n        \"\"\"\n        if value is None:\n",
  "slicing": "    def _serialize(self, value, attr, obj):\n"
 },
 "73": {
  "name": "attr",
  "type": "UNKNOWN",
  "class": "unknown",
  "approach": "Pysonar2",
  "file_path": "DDD.CoffeeShop/plugin/marshmallow/fields/serialize.py",
  "lineno": "9",
  "column": "32",
  "context": "mp(fields.Field):\n    def _serialize(self, value, attr, obj):\n        \"\"\"\n        序列化 datetime 或 date 成 timestam",
  "context_lines": "from datetime import datetime, timezone, date\nfrom typing import Optional\nfrom marshmallow import fields, ValidationError\n\n\nclass TimeStamp(fields.Field):\n    def _serialize(self, value, attr, obj):\n        \"\"\"\n        序列化 datetime 或 date 成 timestamp 的值\n        \"\"\"\n        if value is None:\n",
  "slicing": "    def _serialize(self, value, attr, obj):\n"
 },
 "74": {
  "name": "obj",
  "type": "UNKNOWN",
  "class": "unknown",
  "approach": "Pysonar2",
  "file_path": "DDD.CoffeeShop/plugin/marshmallow/fields/serialize.py",
  "lineno": "9",
  "column": "38",
  "context": "lds.Field):\n    def _serialize(self, value, attr, obj):\n        \"\"\"\n        序列化 datetime 或 date 成 timestam",
  "context_lines": "from datetime import datetime, timezone, date\nfrom typing import Optional\nfrom marshmallow import fields, ValidationError\n\n\nclass TimeStamp(fields.Field):\n    def _serialize(self, value, attr, obj):\n        \"\"\"\n        序列化 datetime 或 date 成 timestamp 的值\n        \"\"\"\n        if value is None:\n",
  "slicing": "    def _serialize(self, value, attr, obj):\n"
 },
 "75": {
  "name": "value",
  "type": "UNKNOWN",
  "class": "unknown",
  "approach": "Pysonar2",
  "file_path": "DDD.CoffeeShop/plugin/marshmallow/fields/serialize.py",
  "lineno": "27",
  "column": "25",
  "context": "s StrDict(fields.Field):\n    def _serialize(self, value, attr, obj):\n        \"\"\"\n        序列化 dict 且是 key 與 value 都是 str",
  "context_lines": "            date_dt = datetime(value.year, value.month, value.day)\n            return date_dt.replace(tzinfo=timezone.utc).timestamp()\n        raise ValidationError(\"The type is not date or datetime\")\n\n\nclass StrDict(fields.Field):\n    def _serialize(self, value, attr, obj):\n        \"\"\"\n        序列化 dict 且是 key 與 value 都是 str 的格式為 json (若升到 marshmallow 3.0 即可淘汰)\n        \"\"\"\n        if value is None:\n",
  "slicing": "    def _serialize(self, value, attr, obj):\n"
 },
 "76": {
  "name": "attr",
  "type": "UNKNOWN",
  "class": "unknown",
  "approach": "Pysonar2",
  "file_path": "DDD.CoffeeShop/plugin/marshmallow/fields/serialize.py",
  "lineno": "27",
  "column": "32",
  "context": "ct(fields.Field):\n    def _serialize(self, value, attr, obj):\n        \"\"\"\n        序列化 dict 且是 key 與 value 都是 str",
  "context_lines": "            date_dt = datetime(value.year, value.month, value.day)\n            return date_dt.replace(tzinfo=timezone.utc).timestamp()\n        raise ValidationError(\"The type is not date or datetime\")\n\n\nclass StrDict(fields.Field):\n    def _serialize(self, value, attr, obj):\n        \"\"\"\n        序列化 dict 且是 key 與 value 都是 str 的格式為 json (若升到 marshmallow 3.0 即可淘汰)\n        \"\"\"\n        if value is None:\n",
  "slicing": "    def _serialize(self, value, attr, obj):\n"
 },
 "77": {
  "name": "obj",
  "type": "UNKNOWN",
  "class": "unknown",
  "approach": "Pysonar2",
  "file_path": "DDD.CoffeeShop/plugin/marshmallow/fields/serialize.py",
  "lineno": "27",
  "column": "38",
  "context": "lds.Field):\n    def _serialize(self, value, attr, obj):\n        \"\"\"\n        序列化 dict 且是 key 與 value 都是 str",
  "context_lines": "            date_dt = datetime(value.year, value.month, value.day)\n            return date_dt.replace(tzinfo=timezone.utc).timestamp()\n        raise ValidationError(\"The type is not date or datetime\")\n\n\nclass StrDict(fields.Field):\n    def _serialize(self, value, attr, obj):\n        \"\"\"\n        序列化 dict 且是 key 與 value 都是 str 的格式為 json (若升到 marshmallow 3.0 即可淘汰)\n        \"\"\"\n        if value is None:\n",
  "slicing": "    def _serialize(self, value, attr, obj):\n"
 },
 "78": {
  "name": "value",
  "type": "UNKNOWN",
  "class": "unknown",
  "approach": "Pysonar2",
  "file_path": "DDD.CoffeeShop/plugin/marshmallow/fields/deserialize.py",
  "lineno": "10",
  "column": "27",
  "context": "ormDict(fields.Field):\n    def _deserialize(self, value, attr, data):\n        \"\"\"\n        從 Form 的 location 反序列化 json 格式",
  "context_lines": "from datetime import date\nfrom marshmallow import fields, ValidationError\nfrom werkzeug import datastructures\n\n\nclass FormDict(fields.Field):\n    def _deserialize(self, value, attr, data):\n        \"\"\"\n        從 Form 的 location 反序列化 json 格式的資料為字典\n        \"\"\"\n        if value is None:\n",
  "slicing": "    def _deserialize(self, value, attr, data):\n"
 },
 "79": {
  "name": "attr",
  "type": "UNKNOWN",
  "class": "unknown",
  "approach": "Pysonar2",
  "file_path": "DDD.CoffeeShop/plugin/marshmallow/fields/deserialize.py",
  "lineno": "10",
  "column": "34",
  "context": "(fields.Field):\n    def _deserialize(self, value, attr, data):\n        \"\"\"\n        從 Form 的 location 反序列化 json 格式",
  "context_lines": "from datetime import date\nfrom marshmallow import fields, ValidationError\nfrom werkzeug import datastructures\n\n\nclass FormDict(fields.Field):\n    def _deserialize(self, value, attr, data):\n        \"\"\"\n        從 Form 的 location 反序列化 json 格式的資料為字典\n        \"\"\"\n        if value is None:\n",
  "slicing": "    def _deserialize(self, value, attr, data):\n"
 },
 "80": {
  "name": "data",
  "type": "UNKNOWN",
  "class": "unknown",
  "approach": "Pysonar2",
  "file_path": "DDD.CoffeeShop/plugin/marshmallow/fields/deserialize.py",
  "lineno": "10",
  "column": "40",
  "context": "s.Field):\n    def _deserialize(self, value, attr, data):\n        \"\"\"\n        從 Form 的 location 反序列化 json 格式",
  "context_lines": "from datetime import date\nfrom marshmallow import fields, ValidationError\nfrom werkzeug import datastructures\n\n\nclass FormDict(fields.Field):\n    def _deserialize(self, value, attr, data):\n        \"\"\"\n        從 Form 的 location 反序列化 json 格式的資料為字典\n        \"\"\"\n        if value is None:\n",
  "slicing": "    def _deserialize(self, value, attr, data):\n"
 },
 "81": {
  "name": "cls_of_list",
  "type": "UNKNOWN",
  "class": "unknown",
  "approach": "Pysonar2",
  "file_path": "DDD.CoffeeShop/plugin/marshmallow/fields/deserialize.py",
  "lineno": "25",
  "column": "23",
  "context": "ss FormList(fields.Field):\n    def __init__(self, cls_of_list=None, **kwargs) -> None:\n        self._cls_of_list = cls_of_list\n        su",
  "context_lines": "            return json.loads(value)\n        except ValidationError as ve:\n            raise ve\n\n\nclass FormList(fields.Field):\n    def __init__(self, cls_of_list=None, **kwargs) -> None:\n        self._cls_of_list = cls_of_list\n        super(FormList, self).__init__(**kwargs)\n\n    def _parse_data_of_list(self, value):\n        try:\n",
  "slicing": "    def __init__(self, cls_of_list=None, **kwargs) -> None:\n"
 },
 "82": {
  "name": "value",
  "type": "UNKNOWN",
  "class": "unknown",
  "approach": "Pysonar2",
  "file_path": "DDD.CoffeeShop/plugin/marshmallow/fields/deserialize.py",
  "lineno": "29",
  "column": "34",
  "context": "it__(**kwargs)\n\n    def _parse_data_of_list(self, value):\n        try:\n            list_data = json.loads(va",
  "context_lines": "class FormList(fields.Field):\n    def __init__(self, cls_of_list=None, **kwargs) -> None:\n        self._cls_of_list = cls_of_list\n        super(FormList, self).__init__(**kwargs)\n\n    def _parse_data_of_list(self, value):\n        try:\n            list_data = json.loads(value)\n            for val in list_data:\n                if not isinstance(val, self._cls_of_list):\n",
  "slicing": "    def _parse_data_of_list(self, value):\n"
 },
 "83": {
  "name": "value",
  "type": "UNKNOWN",
  "class": "unknown",
  "approach": "Pysonar2",
  "file_path": "DDD.CoffeeShop/plugin/marshmallow/fields/deserialize.py",
  "lineno": "41",
  "column": "27",
  "context": "\n            raise ve\n\n    def _deserialize(self, value, attr, data):\n        \"\"\"\n        從 Form 中屬於 List 格式的參數  反序列化 js",
  "context_lines": "                    )\n            return list_data\n        except ValidationError as ve:\n            raise ve\n\n    def _deserialize(self, value, attr, data):\n        \"\"\"\n        從 Form 中屬於 List 格式的參數  反序列化 json 後為 list 格式\n        \"\"\"\n        if value is None:\n",
  "slicing": "    def _deserialize(self, value, attr, data):\n"
 },
 "84": {
  "name": "attr",
  "type": "UNKNOWN",
  "class": "unknown",
  "approach": "Pysonar2",
  "file_path": "DDD.CoffeeShop/plugin/marshmallow/fields/deserialize.py",
  "lineno": "41",
  "column": "34",
  "context": "      raise ve\n\n    def _deserialize(self, value, attr, data):\n        \"\"\"\n        從 Form 中屬於 List 格式的參數  反序列化 js",
  "context_lines": "                    )\n            return list_data\n        except ValidationError as ve:\n            raise ve\n\n    def _deserialize(self, value, attr, data):\n        \"\"\"\n        從 Form 中屬於 List 格式的參數  反序列化 json 後為 list 格式\n        \"\"\"\n        if value is None:\n",
  "slicing": "    def _deserialize(self, value, attr, data):\n"
 },
 "85": {
  "name": "data",
  "type": "UNKNOWN",
  "class": "unknown",
  "approach": "Pysonar2",
  "file_path": "DDD.CoffeeShop/plugin/marshmallow/fields/deserialize.py",
  "lineno": "41",
  "column": "40",
  "context": "raise ve\n\n    def _deserialize(self, value, attr, data):\n        \"\"\"\n        從 Form 中屬於 List 格式的參數  反序列化 js",
  "context_lines": "                    )\n            return list_data\n        except ValidationError as ve:\n            raise ve\n\n    def _deserialize(self, value, attr, data):\n        \"\"\"\n        從 Form 中屬於 List 格式的參數  反序列化 json 後為 list 格式\n        \"\"\"\n        if value is None:\n",
  "slicing": "    def _deserialize(self, value, attr, data):\n"
 },
 "86": {
  "name": "value",
  "type": "UNKNOWN",
  "class": "unknown",
  "approach": "Pysonar2",
  "file_path": "DDD.CoffeeShop/plugin/marshmallow/fields/deserialize.py",
  "lineno": "56",
  "column": "27",
  "context": "Nested(fields.Nested):\n    def _deserialize(self, value, attr, data):\n        \"\"\"\n        對於從 Form 內部取得的 Json 資料，做返序列化後，",
  "context_lines": "            if value[0] == '[' and value[len(value) - 1] == ']':\n                return self._parse_data_of_list(value)\n        raise ValidationError(\"The format is not belong list.\")\n\n\nclass FormNested(fields.Nested):\n    def _deserialize(self, value, attr, data):\n        \"\"\"\n        對於從 Form 內部取得的 Json 資料，做返序列化後，再傳遞給 Nested 解析\n        \"\"\"\n        if value is None:\n",
  "slicing": "    def _deserialize(self, value, attr, data):\n"
 },
 "87": {
  "name": "attr",
  "type": "UNKNOWN",
  "class": "unknown",
  "approach": "Pysonar2",
  "file_path": "DDD.CoffeeShop/plugin/marshmallow/fields/deserialize.py",
  "lineno": "56",
  "column": "34",
  "context": "fields.Nested):\n    def _deserialize(self, value, attr, data):\n        \"\"\"\n        對於從 Form 內部取得的 Json 資料，做返序列化後，",
  "context_lines": "            if value[0] == '[' and value[len(value) - 1] == ']':\n                return self._parse_data_of_list(value)\n        raise ValidationError(\"The format is not belong list.\")\n\n\nclass FormNested(fields.Nested):\n    def _deserialize(self, value, attr, data):\n        \"\"\"\n        對於從 Form 內部取得的 Json 資料，做返序列化後，再傳遞給 Nested 解析\n        \"\"\"\n        if value is None:\n",
  "slicing": "    def _deserialize(self, value, attr, data):\n"
 },
 "88": {
  "name": "data",
  "type": "UNKNOWN",
  "class": "unknown",
  "approach": "Pysonar2",
  "file_path": "DDD.CoffeeShop/plugin/marshmallow/fields/deserialize.py",
  "lineno": "56",
  "column": "40",
  "context": ".Nested):\n    def _deserialize(self, value, attr, data):\n        \"\"\"\n        對於從 Form 內部取得的 Json 資料，做返序列化後，",
  "context_lines": "            if value[0] == '[' and value[len(value) - 1] == ']':\n                return self._parse_data_of_list(value)\n        raise ValidationError(\"The format is not belong list.\")\n\n\nclass FormNested(fields.Nested):\n    def _deserialize(self, value, attr, data):\n        \"\"\"\n        對於從 Form 內部取得的 Json 資料，做返序列化後，再傳遞給 Nested 解析\n        \"\"\"\n        if value is None:\n",
  "slicing": "    def _deserialize(self, value, attr, data):\n"
 },
 "89": {
  "name": "value",
  "type": "UNKNOWN",
  "class": "unknown",
  "approach": "Pysonar2",
  "file_path": "DDD.CoffeeShop/plugin/marshmallow/fields/deserialize.py",
  "lineno": "74",
  "column": "27",
  "context": "geFile(fields.Field):\n\n    def _deserialize(self, value, attr, data):\n        \"\"\"\n        從 Form 的 location 反序列化 Request",
  "context_lines": "            return super()._deserialize(dict_data, attr, data)\n        except ValidationError as ve:\n            raise ve\n\n\nclass StorageFile(fields.Field):\n\n    def _deserialize(self, value, attr, data):\n        \"\"\"\n        從 Form 的 location 反序列化 Request 的檔案\n        \"\"\"\n        if value is None:\n",
  "slicing": "    def _deserialize(self, value, attr, data):\n"
 },
 "90": {
  "name": "attr",
  "type": "UNKNOWN",
  "class": "unknown",
  "approach": "Pysonar2",
  "file_path": "DDD.CoffeeShop/plugin/marshmallow/fields/deserialize.py",
  "lineno": "74",
  "column": "34",
  "context": "fields.Field):\n\n    def _deserialize(self, value, attr, data):\n        \"\"\"\n        從 Form 的 location 反序列化 Request",
  "context_lines": "            return super()._deserialize(dict_data, attr, data)\n        except ValidationError as ve:\n            raise ve\n\n\nclass StorageFile(fields.Field):\n\n    def _deserialize(self, value, attr, data):\n        \"\"\"\n        從 Form 的 location 反序列化 Request 的檔案\n        \"\"\"\n        if value is None:\n",
  "slicing": "    def _deserialize(self, value, attr, data):\n"
 },
 "91": {
  "name": "data",
  "type": "UNKNOWN",
  "class": "unknown",
  "approach": "Pysonar2",
  "file_path": "DDD.CoffeeShop/plugin/marshmallow/fields/deserialize.py",
  "lineno": "74",
  "column": "40",
  "context": ".Field):\n\n    def _deserialize(self, value, attr, data):\n        \"\"\"\n        從 Form 的 location 反序列化 Request",
  "context_lines": "            return super()._deserialize(dict_data, attr, data)\n        except ValidationError as ve:\n            raise ve\n\n\nclass StorageFile(fields.Field):\n\n    def _deserialize(self, value, attr, data):\n        \"\"\"\n        從 Form 的 location 反序列化 Request 的檔案\n        \"\"\"\n        if value is None:\n",
  "slicing": "    def _deserialize(self, value, attr, data):\n"
 },
 "92": {
  "name": "value",
  "type": "UNKNOWN",
  "class": "unknown",
  "approach": "Pysonar2",
  "file_path": "DDD.CoffeeShop/plugin/marshmallow/fields/deserialize.py",
  "lineno": "89",
  "column": "27",
  "context": "ass Date(fields.Date):\n    def _deserialize(self, value, attr, data):\n        \"\"\"\n        強化預設的 Date Field, 在已經是 date 物件",
  "context_lines": "            return datastructures.FileStorage(value)\n        except ValidationError as ve:\n            raise ve\n\n\nclass Date(fields.Date):\n    def _deserialize(self, value, attr, data):\n        \"\"\"\n        強化預設的 Date Field, 在已經是 date 物件時可以直接返回\n        \"\"\"\n        if value is None:\n",
  "slicing": "    def _deserialize(self, value, attr, data):\n"
 },
 "93": {
  "name": "attr",
  "type": "UNKNOWN",
  "class": "unknown",
  "approach": "Pysonar2",
  "file_path": "DDD.CoffeeShop/plugin/marshmallow/fields/deserialize.py",
  "lineno": "89",
  "column": "34",
  "context": "e(fields.Date):\n    def _deserialize(self, value, attr, data):\n        \"\"\"\n        強化預設的 Date Field, 在已經是 date 物件",
  "context_lines": "            return datastructures.FileStorage(value)\n        except ValidationError as ve:\n            raise ve\n\n\nclass Date(fields.Date):\n    def _deserialize(self, value, attr, data):\n        \"\"\"\n        強化預設的 Date Field, 在已經是 date 物件時可以直接返回\n        \"\"\"\n        if value is None:\n",
  "slicing": "    def _deserialize(self, value, attr, data):\n"
 },
 "94": {
  "name": "data",
  "type": "UNKNOWN",
  "class": "unknown",
  "approach": "Pysonar2",
  "file_path": "DDD.CoffeeShop/plugin/marshmallow/fields/deserialize.py",
  "lineno": "89",
  "column": "40",
  "context": "ds.Date):\n    def _deserialize(self, value, attr, data):\n        \"\"\"\n        強化預設的 Date Field, 在已經是 date 物件",
  "context_lines": "            return datastructures.FileStorage(value)\n        except ValidationError as ve:\n            raise ve\n\n\nclass Date(fields.Date):\n    def _deserialize(self, value, attr, data):\n        \"\"\"\n        強化預設的 Date Field, 在已經是 date 物件時可以直接返回\n        \"\"\"\n        if value is None:\n",
  "slicing": "    def _deserialize(self, value, attr, data):\n"
 },
 "95": {
  "name": "enum_cls",
  "type": "UNKNOWN",
  "class": "unknown",
  "approach": "Pysonar2",
  "file_path": "DDD.CoffeeShop/plugin/marshmallow/fields/__init__.py",
  "lineno": "11",
  "column": "23",
  "context": "\nclass Enum(fields.Field):\n    def __init__(self, enum_cls=None, **kwargs) -> None:\n        self._enum_cls = enum_cls\n        super(En",
  "context_lines": "from typing import Optional\nfrom marshmallow import fields\nfrom marshmallow.validate import ValidationError\n\n\nclass Enum(fields.Field):\n    def __init__(self, enum_cls=None, **kwargs) -> None:\n        self._enum_cls = enum_cls\n        super(Enum, self).__init__(**kwargs)\n\n    def _deserialize(self, value, attr, data):\n        \"\"\"\n",
  "slicing": "    def __init__(self, enum_cls=None, **kwargs) -> None:\n"
 },
 "96": {
  "name": "value",
  "type": "UNKNOWN",
  "class": "unknown",
  "approach": "Pysonar2",
  "file_path": "DDD.CoffeeShop/plugin/marshmallow/fields/__init__.py",
  "lineno": "15",
  "column": "27",
  "context": "f).__init__(**kwargs)\n\n    def _deserialize(self, value, attr, data):\n        \"\"\"\n        反序列化成為 Enum\n        \"\"\"\n      ",
  "context_lines": "class Enum(fields.Field):\n    def __init__(self, enum_cls=None, **kwargs) -> None:\n        self._enum_cls = enum_cls\n        super(Enum, self).__init__(**kwargs)\n\n    def _deserialize(self, value, attr, data):\n        \"\"\"\n        反序列化成為 Enum\n        \"\"\"\n        if self._enum_cls is None:\n",
  "slicing": "    def _deserialize(self, value, attr, data):\n"
 },
 "97": {
  "name": "attr",
  "type": "UNKNOWN",
  "class": "unknown",
  "approach": "Pysonar2",
  "file_path": "DDD.CoffeeShop/plugin/marshmallow/fields/__init__.py",
  "lineno": "15",
  "column": "34",
  "context": "it__(**kwargs)\n\n    def _deserialize(self, value, attr, data):\n        \"\"\"\n        反序列化成為 Enum\n        \"\"\"\n      ",
  "context_lines": "class Enum(fields.Field):\n    def __init__(self, enum_cls=None, **kwargs) -> None:\n        self._enum_cls = enum_cls\n        super(Enum, self).__init__(**kwargs)\n\n    def _deserialize(self, value, attr, data):\n        \"\"\"\n        反序列化成為 Enum\n        \"\"\"\n        if self._enum_cls is None:\n",
  "slicing": "    def _deserialize(self, value, attr, data):\n"
 },
 "98": {
  "name": "data",
  "type": "UNKNOWN",
  "class": "unknown",
  "approach": "Pysonar2",
  "file_path": "DDD.CoffeeShop/plugin/marshmallow/fields/__init__.py",
  "lineno": "15",
  "column": "40",
  "context": "*kwargs)\n\n    def _deserialize(self, value, attr, data):\n        \"\"\"\n        反序列化成為 Enum\n        \"\"\"\n      ",
  "context_lines": "class Enum(fields.Field):\n    def __init__(self, enum_cls=None, **kwargs) -> None:\n        self._enum_cls = enum_cls\n        super(Enum, self).__init__(**kwargs)\n\n    def _deserialize(self, value, attr, data):\n        \"\"\"\n        反序列化成為 Enum\n        \"\"\"\n        if self._enum_cls is None:\n",
  "slicing": "    def _deserialize(self, value, attr, data):\n"
 },
 "99": {
  "name": "value",
  "type": "UNKNOWN",
  "class": "unknown",
  "approach": "Pysonar2",
  "file_path": "DDD.CoffeeShop/plugin/marshmallow/fields/__init__.py",
  "lineno": "31",
  "column": "25",
  "context": "alidationError(err_msg)\n\n    def _serialize(self, value, attr, obj):\n        \"\"\"\n        Enum 序列化成 Enum 的值\n        \"\"\"\n",
  "context_lines": "            return self._enum_cls(value)\n        else:\n            err_msg = 'The value not belong to {}'.format(self._enum_cls)\n            raise ValidationError(err_msg)\n\n    def _serialize(self, value, attr, obj):\n        \"\"\"\n        Enum 序列化成 Enum 的值\n        \"\"\"\n        if value is None:\n",
  "slicing": "    def _serialize(self, value, attr, obj):\n"
 },
 "100": {
  "name": "attr",
  "type": "UNKNOWN",
  "class": "unknown",
  "approach": "Pysonar2",
  "file_path": "DDD.CoffeeShop/plugin/marshmallow/fields/__init__.py",
  "lineno": "31",
  "column": "32",
  "context": "onError(err_msg)\n\n    def _serialize(self, value, attr, obj):\n        \"\"\"\n        Enum 序列化成 Enum 的值\n        \"\"\"\n",
  "context_lines": "            return self._enum_cls(value)\n        else:\n            err_msg = 'The value not belong to {}'.format(self._enum_cls)\n            raise ValidationError(err_msg)\n\n    def _serialize(self, value, attr, obj):\n        \"\"\"\n        Enum 序列化成 Enum 的值\n        \"\"\"\n        if value is None:\n",
  "slicing": "    def _serialize(self, value, attr, obj):\n"
 },
 "101": {
  "name": "obj",
  "type": "UNKNOWN",
  "class": "unknown",
  "approach": "Pysonar2",
  "file_path": "DDD.CoffeeShop/plugin/marshmallow/fields/__init__.py",
  "lineno": "31",
  "column": "38",
  "context": "r(err_msg)\n\n    def _serialize(self, value, attr, obj):\n        \"\"\"\n        Enum 序列化成 Enum 的值\n        \"\"\"\n",
  "context_lines": "            return self._enum_cls(value)\n        else:\n            err_msg = 'The value not belong to {}'.format(self._enum_cls)\n            raise ValidationError(err_msg)\n\n    def _serialize(self, value, attr, obj):\n        \"\"\"\n        Enum 序列化成 Enum 的值\n        \"\"\"\n        if value is None:\n",
  "slicing": "    def _serialize(self, value, attr, obj):\n"
 },
 "102": {
  "name": "value",
  "type": "UNKNOWN",
  "class": "unknown",
  "approach": "Pysonar2",
  "file_path": "DDD.CoffeeShop/plugin/marshmallow/fields/__init__.py",
  "lineno": "43",
  "column": "27",
  "context": "teNum(fields.Integer):\n    def _deserialize(self, value, attr, data):\n        \"\"\"\n        日期號：指定範圍為 1 - 31\n        \"\"\"\n ",
  "context_lines": "        elif isinstance(value, enum.Enum):\n            return None if value.name in ['Null', 'None'] else value.value\n        raise ValidationError(\"The type is not Enum\")\n\n\nclass DateNum(fields.Integer):\n    def _deserialize(self, value, attr, data):\n        \"\"\"\n        日期號：指定範圍為 1 - 31\n        \"\"\"\n        if value is None:\n",
  "slicing": "    def _deserialize(self, value, attr, data):\n"
 },
 "103": {
  "name": "attr",
  "type": "UNKNOWN",
  "class": "unknown",
  "approach": "Pysonar2",
  "file_path": "DDD.CoffeeShop/plugin/marshmallow/fields/__init__.py",
  "lineno": "43",
  "column": "34",
  "context": "ields.Integer):\n    def _deserialize(self, value, attr, data):\n        \"\"\"\n        日期號：指定範圍為 1 - 31\n        \"\"\"\n ",
  "context_lines": "        elif isinstance(value, enum.Enum):\n            return None if value.name in ['Null', 'None'] else value.value\n        raise ValidationError(\"The type is not Enum\")\n\n\nclass DateNum(fields.Integer):\n    def _deserialize(self, value, attr, data):\n        \"\"\"\n        日期號：指定範圍為 1 - 31\n        \"\"\"\n        if value is None:\n",
  "slicing": "    def _deserialize(self, value, attr, data):\n"
 },
 "104": {
  "name": "data",
  "type": "UNKNOWN",
  "class": "unknown",
  "approach": "Pysonar2",
  "file_path": "DDD.CoffeeShop/plugin/marshmallow/fields/__init__.py",
  "lineno": "43",
  "column": "40",
  "context": "Integer):\n    def _deserialize(self, value, attr, data):\n        \"\"\"\n        日期號：指定範圍為 1 - 31\n        \"\"\"\n ",
  "context_lines": "        elif isinstance(value, enum.Enum):\n            return None if value.name in ['Null', 'None'] else value.value\n        raise ValidationError(\"The type is not Enum\")\n\n\nclass DateNum(fields.Integer):\n    def _deserialize(self, value, attr, data):\n        \"\"\"\n        日期號：指定範圍為 1 - 31\n        \"\"\"\n        if value is None:\n",
  "slicing": "    def _deserialize(self, value, attr, data):\n"
 },
 "105": {
  "name": "value",
  "type": "UNKNOWN",
  "class": "unknown",
  "approach": "Pysonar2",
  "file_path": "DDD.CoffeeShop/plugin/marshmallow/fields/__init__.py",
  "lineno": "58",
  "column": "25",
  "context": "e:\n            raise ve\n\n    def _serialize(self, value, attr, obj):\n        \"\"\"\n        Enum 序列化成 Enum 的值\n        \"\"\"\n",
  "context_lines": "        try:\n            return super()._deserialize(value, attr, data)\n        except ValidationError as ve:\n            raise ve\n\n    def _serialize(self, value, attr, obj):\n        \"\"\"\n        Enum 序列化成 Enum 的值\n        \"\"\"\n        if value is None:\n",
  "slicing": "    def _serialize(self, value, attr, obj):\n"
 },
 "106": {
  "name": "attr",
  "type": "UNKNOWN",
  "class": "unknown",
  "approach": "Pysonar2",
  "file_path": "DDD.CoffeeShop/plugin/marshmallow/fields/__init__.py",
  "lineno": "58",
  "column": "32",
  "context": "        raise ve\n\n    def _serialize(self, value, attr, obj):\n        \"\"\"\n        Enum 序列化成 Enum 的值\n        \"\"\"\n",
  "context_lines": "        try:\n            return super()._deserialize(value, attr, data)\n        except ValidationError as ve:\n            raise ve\n\n    def _serialize(self, value, attr, obj):\n        \"\"\"\n        Enum 序列化成 Enum 的值\n        \"\"\"\n        if value is None:\n",
  "slicing": "    def _serialize(self, value, attr, obj):\n"
 },
 "107": {
  "name": "obj",
  "type": "UNKNOWN",
  "class": "unknown",
  "approach": "Pysonar2",
  "file_path": "DDD.CoffeeShop/plugin/marshmallow/fields/__init__.py",
  "lineno": "58",
  "column": "38",
  "context": "  raise ve\n\n    def _serialize(self, value, attr, obj):\n        \"\"\"\n        Enum 序列化成 Enum 的值\n        \"\"\"\n",
  "context_lines": "        try:\n            return super()._deserialize(value, attr, data)\n        except ValidationError as ve:\n            raise ve\n\n    def _serialize(self, value, attr, obj):\n        \"\"\"\n        Enum 序列化成 Enum 的值\n        \"\"\"\n        if value is None:\n",
  "slicing": "    def _serialize(self, value, attr, obj):\n"
 },
 "108": {
  "name": "func",
  "type": "UNKNOWN",
  "class": "unknown",
  "approach": "Pysonar2",
  "file_path": "DDD.CoffeeShop/plugin/speed/profiling.py",
  "lineno": "6",
  "column": "14",
  "context": "t wraps\nimport timeit\nimport time\n\n\ndef profiling(func):\n    \"\"\"\n    量測包裹的 function 運作時間\n    \"\"\"\n    @wraps",
  "context_lines": "from functools import wraps\nimport timeit\nimport time\n\n\ndef profiling(func):\n    \"\"\"\n    量測包裹的 function 運作時間\n    \"\"\"\n    @wraps(func)\n",
  "slicing": "def profiling(func):\n"
 },
 "109": {
  "name": "cls",
  "type": "WorkerMode",
  "class": "customized",
  "approach": "Pysonar2",
  "file_path": "DDD.CoffeeShop/plugin/server/gunicorn.py",
  "lineno": "13",
  "column": "13",
  "context": "REVENT = \"grevent\"\n\n    @classmethod\n    def list(cls):\n        return [\n            cls.SYNC, cls.EVENTLE",
  "context_lines": "    EVENTLET = \"eventlet\"\n    GREENLET = \"greenlet\"\n    GREVENT = \"grevent\"\n\n    @classmethod\n    def list(cls):\n        return [\n            cls.SYNC, cls.EVENTLET, cls.GREENLET, cls.GREVENT\n        ]\n\n\nclass FlaskGunicorn(BaseApplication):\n\n",
  "slicing": "    def list(cls):\n"
 },
 "110": {
  "name": "app",
  "type": "UNKNOWN",
  "class": "unknown",
  "approach": "annotation",
  "file_path": "DDD.CoffeeShop/plugin/server/gunicorn.py",
  "lineno": "21",
  "column": "23",
  "context": "unicorn(BaseApplication):\n\n    def __init__(self, app: Flask, host=\"0.0.0.0\", port=\"8000\", workers=4, mode=WorkerMode.SYNC):\n        self.options = {\n            \"bind\": f\"{ho",
  "context_lines": "        return [\n            cls.SYNC, cls.EVENTLET, cls.GREENLET, cls.GREVENT\n        ]\n\n\nclass FlaskGunicorn(BaseApplication):\n\n    def __init__(self, app: Flask, host=\"0.0.0.0\", port=\"8000\", workers=4, mode=WorkerMode.SYNC):\n        self.options = {\n            \"bind\": f\"{host}:{port}\",\n            \"workers\": workers,\n            \"worker_class\": mode\n",
  "slicing": "    def __init__(self, app: Flask, host=\"0.0.0.0\", port=\"8000\", workers=4, mode=WorkerMode.SYNC):\n"
 },
 "111": {
  "name": "host",
  "type": "str",
  "class": "build-in",
  "approach": "Pysonar2",
  "file_path": "DDD.CoffeeShop/plugin/server/gunicorn.py",
  "lineno": "21",
  "column": "35",
  "context": "Application):\n\n    def __init__(self, app: Flask, host=\"0.0.0.0\", port=\"8000\", workers=4, mode=WorkerMode.SYNC):\n        self.options = {\n            \"bind\": f\"{ho",
  "context_lines": "        return [\n            cls.SYNC, cls.EVENTLET, cls.GREENLET, cls.GREVENT\n        ]\n\n\nclass FlaskGunicorn(BaseApplication):\n\n    def __init__(self, app: Flask, host=\"0.0.0.0\", port=\"8000\", workers=4, mode=WorkerMode.SYNC):\n        self.options = {\n            \"bind\": f\"{host}:{port}\",\n            \"workers\": workers,\n            \"worker_class\": mode\n",
  "slicing": "    def __init__(self, app: Flask, host=\"0.0.0.0\", port=\"8000\", workers=4, mode=WorkerMode.SYNC):\n"
 },
 "112": {
  "name": "port",
  "type": "str",
  "class": "build-in",
  "approach": "Pysonar2",
  "file_path": "DDD.CoffeeShop/plugin/server/gunicorn.py",
  "lineno": "21",
  "column": "51",
  "context": "   def __init__(self, app: Flask, host=\"0.0.0.0\", port=\"8000\", workers=4, mode=WorkerMode.SYNC):\n        self.options = {\n            \"bind\": f\"{ho",
  "context_lines": "        return [\n            cls.SYNC, cls.EVENTLET, cls.GREENLET, cls.GREVENT\n        ]\n\n\nclass FlaskGunicorn(BaseApplication):\n\n    def __init__(self, app: Flask, host=\"0.0.0.0\", port=\"8000\", workers=4, mode=WorkerMode.SYNC):\n        self.options = {\n            \"bind\": f\"{host}:{port}\",\n            \"workers\": workers,\n            \"worker_class\": mode\n",
  "slicing": "    def __init__(self, app: Flask, host=\"0.0.0.0\", port=\"8000\", workers=4, mode=WorkerMode.SYNC):\n"
 },
 "113": {
  "name": "workers",
  "type": "int",
  "class": "build-in",
  "approach": "Pysonar2",
  "file_path": "DDD.CoffeeShop/plugin/server/gunicorn.py",
  "lineno": "21",
  "column": "64",
  "context": "__(self, app: Flask, host=\"0.0.0.0\", port=\"8000\", workers=4, mode=WorkerMode.SYNC):\n        self.options = {\n            \"bind\": f\"{ho",
  "context_lines": "        return [\n            cls.SYNC, cls.EVENTLET, cls.GREENLET, cls.GREVENT\n        ]\n\n\nclass FlaskGunicorn(BaseApplication):\n\n    def __init__(self, app: Flask, host=\"0.0.0.0\", port=\"8000\", workers=4, mode=WorkerMode.SYNC):\n        self.options = {\n            \"bind\": f\"{host}:{port}\",\n            \"workers\": workers,\n            \"worker_class\": mode\n",
  "slicing": "    def __init__(self, app: Flask, host=\"0.0.0.0\", port=\"8000\", workers=4, mode=WorkerMode.SYNC):\n"
 },
 "114": {
  "name": "mode",
  "type": "str",
  "class": "build-in",
  "approach": "Pysonar2",
  "file_path": "DDD.CoffeeShop/plugin/server/gunicorn.py",
  "lineno": "21",
  "column": "75",
  "context": "p: Flask, host=\"0.0.0.0\", port=\"8000\", workers=4, mode=WorkerMode.SYNC):\n        self.options = {\n            \"bind\": f\"{ho",
  "context_lines": "        return [\n            cls.SYNC, cls.EVENTLET, cls.GREENLET, cls.GREVENT\n        ]\n\n\nclass FlaskGunicorn(BaseApplication):\n\n    def __init__(self, app: Flask, host=\"0.0.0.0\", port=\"8000\", workers=4, mode=WorkerMode.SYNC):\n        self.options = {\n            \"bind\": f\"{host}:{port}\",\n            \"workers\": workers,\n            \"worker_class\": mode\n",
  "slicing": "    def __init__(self, app: Flask, host=\"0.0.0.0\", port=\"8000\", workers=4, mode=WorkerMode.SYNC):\n"
 },
 "115": {
  "name": "result",
  "type": "func",
  "class": "imported",
  "approach": "annotation",
  "file_path": "DDD.CoffeeShop/plugin/speed/profiling.py",
  "lineno": "13",
  "column": "8",
  "slicing": "['        result = func(*args, **kwargs)\\n', '        return result\\n']",
  "context": "      time_start = timeit.default_timer()\n        result = func(*args, **kwargs)\n        time_end = timeit.default_timer()\n        ",
  "context_lines": "    \"\"\"\n    @wraps(func)\n    def wrapper(*args, **kwargs):\n        time_start = timeit.default_timer()\n        result = func(*args, **kwargs)\n        time_end = timeit.default_timer()\n        print(\"------------------------------------------------------\")\n        print(f\"［ function name ］: {func.__name__}\")\n        print(f\"［  performance  ］: {time_end - time_start} ms\")\n"
 }
}