{
 "1": {
  "name": "requires",
  "type": "list",
  "class": "build-in",
  "approach": "annotation",
  "file_path": "dear-kids/setup.py",
  "lineno": "3",
  "column": "0",
  "context": "from setuptools import setup\n\nrequires = [\"bleach\", \"commonmark\", \"jinja2\", \"parse-accept-language\", \"roll\", \"uvloop\"]\n\nsetup(\n    name=\"dear-kids\",\n    version=\"0.1.0\",",
  "context_lines": "from setuptools import setup\n\nrequires = [\"bleach\", \"commonmark\", \"jinja2\", \"parse-accept-language\", \"roll\", \"uvloop\"]\n\nsetup(\n    name=\"dear-kids\",\n    version=\"0.1.0\",\n",
  "slicing": [
   "requires = [\"bleach\", \"commonmark\", \"jinja2\", \"parse-accept-language\", \"roll\", \"uvloop\"]\n",
   "    install_requires=requires,\n"
  ]
 },
 "2": {
  "name": "pytestmark",
  "type": "UNKNOWN",
  "class": "unknown",
  "approach": "Pysonar2",
  "file_path": "dear-kids/tests/test_utils.py",
  "lineno": "6",
  "column": "0",
  "context": "D_TAGS\nfrom dearkids.utils import escape_content\n\npytestmark = pytest.mark.asyncio\n\n\n@pytest.mark.parametrize(\n    \"input,output\",\n  ",
  "context_lines": "import pytest\n\nfrom dearkids.__main__ import ALLOWED_TAGS\nfrom dearkids.utils import escape_content\n\npytestmark = pytest.mark.asyncio\n\n\n@pytest.mark.parametrize(\n    \"input,output\",\n    [\n",
  "slicing": "pytestmark = pytest.mark.asyncio\n"
 },
 "3": {
  "name": "pytestmark",
  "type": "UNKNOWN",
  "class": "unknown",
  "approach": "Pysonar2",
  "file_path": "dear-kids/tests/test_essays.py",
  "lineno": "5",
  "column": "0",
  "context": "from http import HTTPStatus\n\nimport pytest\n\npytestmark = pytest.mark.asyncio\n\n\nasync def test_essay(client, app):\n    resp = aw",
  "context_lines": "from http import HTTPStatus\n\nimport pytest\n\npytestmark = pytest.mark.asyncio\n\n\nasync def test_essay(client, app):\n    resp = await client.get(\"/essay/sorry\")\n    assert resp.status == HTTPStatus.OK\n",
  "slicing": "pytestmark = pytest.mark.asyncio\n"
 },
 "4": {
  "name": "resp",
  "type": "UNKNOWN",
  "class": "unknown",
  "approach": "Pysonar2",
  "file_path": "dear-kids/tests/test_essays.py",
  "lineno": "9",
  "column": "4",
  "context": ".asyncio\n\n\nasync def test_essay(client, app):\n    resp = await client.get(\"/essay/sorry\")\n    assert resp.status == HTTPStatus.OK\n    assert",
  "context_lines": "from http import HTTPStatus\n\nimport pytest\n\npytestmark = pytest.mark.asyncio\n\n\nasync def test_essay(client, app):\n    resp = await client.get(\"/essay/sorry\")\n    assert resp.status == HTTPStatus.OK\n    assert resp.headers[\"Content-Type\"] == \"text/html; charset=utf-8\"\n    assert b\"<p><em>Deeply</em> sorry.</p>\" in resp.body\n\n\nasync def test_essay_missing(client, app):\n",
  "slicing": [
   "    resp = await client.get(\"/essay/sorry\")\n",
   "    assert resp.status == HTTPStatus.OK\n",
   "    assert resp.headers[\"Content-Type\"] == \"text/html; charset=utf-8\"\n",
   "    assert b\"<p><em>Deeply</em> sorry.</p>\" in resp.body\n",
   "    assert resp.status == HTTPStatus.NOT_FOUND\n",
   "    assert resp.body == b\"Essay not found.\"\n",
   "    assert resp.status == HTTPStatus.FOUND\n",
   "    assert resp.headers[\"Location\"].startswith(\"/essay/\")\n",
   "    resp = await client.get(resp.headers[\"Location\"])\n",
   "    assert resp.status == HTTPStatus.OK\n",
   "    assert b\"<p>foo</p>\" in resp.body\n",
   "    assert resp.status == HTTPStatus.FOUND\n",
   "    assert resp.headers[\"Location\"].startswith(\"/essay/\")\n",
   "    resp = await client.get(resp.headers[\"Location\"])\n",
   "    assert resp.status == HTTPStatus.OK\n",
   "    assert b\"<p><strong>foo</strong></p>\" in resp.body\n"
  ]
 },
 "5": {
  "name": "resp",
  "type": "UNKNOWN",
  "class": "unknown",
  "approach": "Pysonar2",
  "file_path": "dear-kids/tests/test_essays.py",
  "lineno": "16",
  "column": "4",
  "context": "\n\n\nasync def test_essay_missing(client, app):\n    resp = await client.get(\"/essay/notfound\")\n    assert resp.status == HTTPStatus.NOT_FOUND\n   ",
  "context_lines": "    assert resp.status == HTTPStatus.OK\n    assert resp.headers[\"Content-Type\"] == \"text/html; charset=utf-8\"\n    assert b\"<p><em>Deeply</em> sorry.</p>\" in resp.body\n\n\nasync def test_essay_missing(client, app):\n    resp = await client.get(\"/essay/notfound\")\n    assert resp.status == HTTPStatus.NOT_FOUND\n    assert resp.body == b\"Essay not found.\"\n\n\nasync def test_essay_submission(client, app):\n    client.content_type = \"application/x-www-form-urlencoded\"\n",
  "slicing": [
   "    resp = await client.get(\"/essay/notfound\")\n",
   "    assert resp.status == HTTPStatus.NOT_FOUND\n",
   "    assert resp.body == b\"Essay not found.\"\n",
   "    assert resp.status == HTTPStatus.FOUND\n",
   "    assert resp.headers[\"Location\"].startswith(\"/essay/\")\n",
   "    resp = await client.get(resp.headers[\"Location\"])\n",
   "    assert resp.status == HTTPStatus.OK\n",
   "    assert b\"<p>foo</p>\" in resp.body\n",
   "    assert resp.status == HTTPStatus.FOUND\n",
   "    assert resp.headers[\"Location\"].startswith(\"/essay/\")\n",
   "    resp = await client.get(resp.headers[\"Location\"])\n",
   "    assert resp.status == HTTPStatus.OK\n",
   "    assert b\"<p><strong>foo</strong></p>\" in resp.body\n"
  ]
 },
 "6": {
  "name": "resp",
  "type": "UNKNOWN",
  "class": "unknown",
  "approach": "Pysonar2",
  "file_path": "dear-kids/tests/test_essays.py",
  "lineno": "23",
  "column": "4",
  "context": "nt_type = \"application/x-www-form-urlencoded\"\n    resp = await client.post(\"/essay/\", body={\"essay\": \"foo\"})\n    assert resp.status == HTTPStatus.FOUND\n    ass",
  "context_lines": "    assert resp.status == HTTPStatus.NOT_FOUND\n    assert resp.body == b\"Essay not found.\"\n\n\nasync def test_essay_submission(client, app):\n    client.content_type = \"application/x-www-form-urlencoded\"\n    resp = await client.post(\"/essay/\", body={\"essay\": \"foo\"})\n    assert resp.status == HTTPStatus.FOUND\n    assert resp.headers[\"Location\"].startswith(\"/essay/\")\n    resp = await client.get(resp.headers[\"Location\"])\n    assert resp.status == HTTPStatus.OK\n",
  "slicing": [
   "    resp = await client.post(\"/essay/\", body={\"essay\": \"foo\"})\n",
   "    assert resp.status == HTTPStatus.FOUND\n",
   "    assert resp.headers[\"Location\"].startswith(\"/essay/\")\n",
   "    resp = await client.get(resp.headers[\"Location\"])\n",
   "    assert resp.status == HTTPStatus.OK\n",
   "    assert b\"<p>foo</p>\" in resp.body\n",
   "    assert resp.status == HTTPStatus.FOUND\n",
   "    assert resp.headers[\"Location\"].startswith(\"/essay/\")\n",
   "    resp = await client.get(resp.headers[\"Location\"])\n",
   "    assert resp.status == HTTPStatus.OK\n",
   "    assert b\"<p><strong>foo</strong></p>\" in resp.body\n"
  ]
 },
 "7": {
  "name": "resp",
  "type": "UNKNOWN",
  "class": "unknown",
  "approach": "Pysonar2",
  "file_path": "dear-kids/tests/test_essays.py",
  "lineno": "26",
  "column": "4",
  "context": "esp.headers[\"Location\"].startswith(\"/essay/\")\n    resp = await client.get(resp.headers[\"Location\"])\n    assert resp.status == HTTPStatus.OK\n    assert",
  "context_lines": "    client.content_type = \"application/x-www-form-urlencoded\"\n    resp = await client.post(\"/essay/\", body={\"essay\": \"foo\"})\n    assert resp.status == HTTPStatus.FOUND\n    assert resp.headers[\"Location\"].startswith(\"/essay/\")\n    resp = await client.get(resp.headers[\"Location\"])\n    assert resp.status == HTTPStatus.OK\n    assert b\"<p>foo</p>\" in resp.body\n\n\nasync def test_essay_submission_with_commonmark(client, app):\n    client.content_type = \"application/x-www-form-urlencoded\"\n",
  "slicing": [
   "    resp = await client.get(resp.headers[\"Location\"])\n",
   "    assert resp.status == HTTPStatus.OK\n",
   "    assert b\"<p>foo</p>\" in resp.body\n",
   "    assert resp.status == HTTPStatus.FOUND\n",
   "    assert resp.headers[\"Location\"].startswith(\"/essay/\")\n",
   "    resp = await client.get(resp.headers[\"Location\"])\n",
   "    assert resp.status == HTTPStatus.OK\n",
   "    assert b\"<p><strong>foo</strong></p>\" in resp.body\n"
  ]
 },
 "8": {
  "name": "resp",
  "type": "UNKNOWN",
  "class": "unknown",
  "approach": "Pysonar2",
  "file_path": "dear-kids/tests/test_essays.py",
  "lineno": "33",
  "column": "4",
  "context": "nt_type = \"application/x-www-form-urlencoded\"\n    resp = await client.post(\"/essay/\", body={\"essay\": \"**foo**\"})\n    assert resp.status == HTTPStatus.FOUND\n    ass",
  "context_lines": "    assert resp.status == HTTPStatus.OK\n    assert b\"<p>foo</p>\" in resp.body\n\n\nasync def test_essay_submission_with_commonmark(client, app):\n    client.content_type = \"application/x-www-form-urlencoded\"\n    resp = await client.post(\"/essay/\", body={\"essay\": \"**foo**\"})\n    assert resp.status == HTTPStatus.FOUND\n    assert resp.headers[\"Location\"].startswith(\"/essay/\")\n    resp = await client.get(resp.headers[\"Location\"])\n    assert resp.status == HTTPStatus.OK\n",
  "slicing": [
   "    resp = await client.post(\"/essay/\", body={\"essay\": \"**foo**\"})\n",
   "    assert resp.status == HTTPStatus.FOUND\n",
   "    assert resp.headers[\"Location\"].startswith(\"/essay/\")\n",
   "    resp = await client.get(resp.headers[\"Location\"])\n",
   "    assert resp.status == HTTPStatus.OK\n",
   "    assert b\"<p><strong>foo</strong></p>\" in resp.body\n"
  ]
 },
 "9": {
  "name": "resp",
  "type": "UNKNOWN",
  "class": "unknown",
  "approach": "Pysonar2",
  "file_path": "dear-kids/tests/test_essays.py",
  "lineno": "36",
  "column": "4",
  "context": "esp.headers[\"Location\"].startswith(\"/essay/\")\n    resp = await client.get(resp.headers[\"Location\"])\n    assert resp.status == HTTPStatus.OK\n    assert",
  "context_lines": "    client.content_type = \"application/x-www-form-urlencoded\"\n    resp = await client.post(\"/essay/\", body={\"essay\": \"**foo**\"})\n    assert resp.status == HTTPStatus.FOUND\n    assert resp.headers[\"Location\"].startswith(\"/essay/\")\n    resp = await client.get(resp.headers[\"Location\"])\n    assert resp.status == HTTPStatus.OK\n",
  "slicing": [
   "    resp = await client.get(resp.headers[\"Location\"])\n",
   "    assert resp.status == HTTPStatus.OK\n",
   "    assert b\"<p><strong>foo</strong></p>\" in resp.body\n"
  ]
 },
 "10": {
  "name": "pytestmark",
  "type": "UNKNOWN",
  "class": "unknown",
  "approach": "Pysonar2",
  "file_path": "dear-kids/tests/test_statics.py",
  "lineno": "5",
  "column": "0",
  "context": "from http import HTTPStatus\n\nimport pytest\n\npytestmark = pytest.mark.asyncio\n\n\nasync def test_stylesheet(client, app):\n    resp",
  "context_lines": "from http import HTTPStatus\n\nimport pytest\n\npytestmark = pytest.mark.asyncio\n\n\nasync def test_stylesheet(client, app):\n    resp = await client.get(\"/static/styles.css\")\n    assert resp.status == HTTPStatus.OK\n",
  "slicing": "pytestmark = pytest.mark.asyncio\n"
 },
 "11": {
  "name": "resp",
  "type": "UNKNOWN",
  "class": "unknown",
  "approach": "Pysonar2",
  "file_path": "dear-kids/tests/test_statics.py",
  "lineno": "9",
  "column": "4",
  "context": "cio\n\n\nasync def test_stylesheet(client, app):\n    resp = await client.get(\"/static/styles.css\")\n    assert resp.status == HTTPStatus.OK\n    assert",
  "context_lines": "from http import HTTPStatus\n\nimport pytest\n\npytestmark = pytest.mark.asyncio\n\n\nasync def test_stylesheet(client, app):\n    resp = await client.get(\"/static/styles.css\")\n    assert resp.status == HTTPStatus.OK\n    assert resp.headers[\"Content-Type\"] == \"text/css\"\n",
  "slicing": [
   "    resp = await client.get(\"/essay/sorry\")\n",
   "    assert resp.status == HTTPStatus.OK\n",
   "    assert resp.headers[\"Content-Type\"] == \"text/html; charset=utf-8\"\n",
   "    assert b\"<p><em>Deeply</em> sorry.</p>\" in resp.body\n",
   "    assert resp.status == HTTPStatus.NOT_FOUND\n",
   "    assert resp.body == b\"Essay not found.\"\n",
   "    assert resp.status == HTTPStatus.FOUND\n",
   "    assert resp.headers[\"Location\"].startswith(\"/essay/\")\n",
   "    resp = await client.get(resp.headers[\"Location\"])\n",
   "    assert resp.status == HTTPStatus.OK\n",
   "    assert b\"<p>foo</p>\" in resp.body\n",
   "    assert resp.status == HTTPStatus.FOUND\n",
   "    assert resp.headers[\"Location\"].startswith(\"/essay/\")\n",
   "    resp = await client.get(resp.headers[\"Location\"])\n",
   "    assert resp.status == HTTPStatus.OK\n",
   "    assert b\"<p><strong>foo</strong></p>\" in resp.body\n"
  ]
 },
 "12": {
  "name": "pytestmark",
  "type": "UNKNOWN",
  "class": "unknown",
  "approach": "Pysonar2",
  "file_path": "dear-kids/tests/test_home.py",
  "lineno": "5",
  "column": "0",
  "context": "from http import HTTPStatus\n\nimport pytest\n\npytestmark = pytest.mark.asyncio\n\n\nasync def test_home(client, app):\n    resp = awa",
  "context_lines": "from http import HTTPStatus\n\nimport pytest\n\npytestmark = pytest.mark.asyncio\n\n\nasync def test_home(client, app):\n    resp = await client.get(\"/\")\n    assert resp.status == HTTPStatus.OK\n",
  "slicing": "pytestmark = pytest.mark.asyncio\n"
 },
 "13": {
  "name": "resp",
  "type": "UNKNOWN",
  "class": "unknown",
  "approach": "Pysonar2",
  "file_path": "dear-kids/tests/test_home.py",
  "lineno": "9",
  "column": "4",
  "context": "k.asyncio\n\n\nasync def test_home(client, app):\n    resp = await client.get(\"/\")\n    assert resp.status == HTTPStatus.OK\n    assert",
  "context_lines": "from http import HTTPStatus\n\nimport pytest\n\npytestmark = pytest.mark.asyncio\n\n\nasync def test_home(client, app):\n    resp = await client.get(\"/\")\n    assert resp.status == HTTPStatus.OK\n    assert resp.headers[\"Content-Type\"] == \"text/html; charset=utf-8\"\n    assert b\"<h1>Dear kids,</h1>\" in resp.body\n\n\nasync def test_home_fr(client, app):\n",
  "slicing": [
   "    resp = await client.get(\"/essay/sorry\")\n",
   "    assert resp.status == HTTPStatus.OK\n",
   "    assert resp.headers[\"Content-Type\"] == \"text/html; charset=utf-8\"\n",
   "    assert b\"<p><em>Deeply</em> sorry.</p>\" in resp.body\n",
   "    assert resp.status == HTTPStatus.NOT_FOUND\n",
   "    assert resp.body == b\"Essay not found.\"\n",
   "    assert resp.status == HTTPStatus.FOUND\n",
   "    assert resp.headers[\"Location\"].startswith(\"/essay/\")\n",
   "    resp = await client.get(resp.headers[\"Location\"])\n",
   "    assert resp.status == HTTPStatus.OK\n",
   "    assert b\"<p>foo</p>\" in resp.body\n",
   "    assert resp.status == HTTPStatus.FOUND\n",
   "    assert resp.headers[\"Location\"].startswith(\"/essay/\")\n",
   "    resp = await client.get(resp.headers[\"Location\"])\n",
   "    assert resp.status == HTTPStatus.OK\n",
   "    assert b\"<p><strong>foo</strong></p>\" in resp.body\n"
  ]
 },
 "14": {
  "name": "resp",
  "type": "UNKNOWN",
  "class": "unknown",
  "approach": "Pysonar2",
  "file_path": "dear-kids/tests/test_home.py",
  "lineno": "16",
  "column": "4",
  "context": "p.body\n\n\nasync def test_home_fr(client, app):\n    resp = await client.get(\"/\", headers={\"Accept-language\": \"fr-CA\"})\n    assert resp.status == HTTPStatus.OK\n    assert",
  "context_lines": "    assert resp.status == HTTPStatus.OK\n    assert resp.headers[\"Content-Type\"] == \"text/html; charset=utf-8\"\n    assert b\"<h1>Dear kids,</h1>\" in resp.body\n\n\nasync def test_home_fr(client, app):\n    resp = await client.get(\"/\", headers={\"Accept-language\": \"fr-CA\"})\n    assert resp.status == HTTPStatus.OK\n    assert resp.headers[\"Content-Type\"] == \"text/html; charset=utf-8\"\n",
  "slicing": [
   "    resp = await client.get(\"/essay/notfound\")\n",
   "    assert resp.status == HTTPStatus.NOT_FOUND\n",
   "    assert resp.body == b\"Essay not found.\"\n",
   "    assert resp.status == HTTPStatus.FOUND\n",
   "    assert resp.headers[\"Location\"].startswith(\"/essay/\")\n",
   "    resp = await client.get(resp.headers[\"Location\"])\n",
   "    assert resp.status == HTTPStatus.OK\n",
   "    assert b\"<p>foo</p>\" in resp.body\n",
   "    assert resp.status == HTTPStatus.FOUND\n",
   "    assert resp.headers[\"Location\"].startswith(\"/essay/\")\n",
   "    resp = await client.get(resp.headers[\"Location\"])\n",
   "    assert resp.status == HTTPStatus.OK\n",
   "    assert b\"<p><strong>foo</strong></p>\" in resp.body\n"
  ]
 },
 "15": {
  "name": "env",
  "type": "jinja2.Environment",
  "class": "imported",
  "approach": "annotation",
  "file_path": "dear-kids/dearkids/templating.py",
  "lineno": "4",
  "column": "0",
  "context": "rt Environment, PackageLoader, select_autoescape\n\nenv = Environment(\n    loader=PackageLoader(\"dearkids\", \"templates\"),",
  "context_lines": "import jinja2\nfrom jinja2 import Environment, PackageLoader, select_autoescape\n\nenv = Environment(\n    loader=PackageLoader(\"dearkids\", \"templates\"),\n    autoescape=select_autoescape([\"html\"]),\n)\n\n\ndef language_aware_template(template_name: str, language_code: str) -> jinja2.Template:\n",
  "slicing": [
   "env = Environment(\n",
   "        return env.get_template(f\"{language_code}.{template_name}\")\n",
   "        return env.get_template(template_name)\n"
  ]
 },
 "16": {
  "name": "HERE",
  "type": "pathlib.Path",
  "class": "imported",
  "approach": "annotation",
  "file_path": "dear-kids/dearkids/__main__.py",
  "lineno": "16",
  "column": "0",
  "context": "et_md_content_from_disk, save_md_content_to_disk\n\nHERE = Path(__file__)\nALLOWED_TAGS = [\"p\", \"strong\", \"em\"]\n\nasyncio.set_",
  "context_lines": "from .extensions import i18n\nfrom .response import CustomResponse\nfrom .templating import language_aware_template\nfrom .utils import escape_content, get_md_content_from_disk, save_md_content_to_disk\n\nHERE = Path(__file__)\nALLOWED_TAGS = [\"p\", \"strong\", \"em\"]\n\nasyncio.set_event_loop_policy(uvloop.EventLoopPolicy())\n\n\nclass Roll(BaseRoll):\n    Response = CustomResponse\n\n\n",
  "slicing": [
   "HERE = Path(__file__)\n",
   "static(app, root=HERE.parent / \"static\")\n"
  ]
 },
 "17": {
  "name": "ALLOWED_TAGS",
  "type": "list",
  "class": "build-in",
  "approach": "annotation",
  "file_path": "dear-kids/dearkids/__main__.py",
  "lineno": "17",
  "column": "0",
  "context": "k, save_md_content_to_disk\n\nHERE = Path(__file__)\nALLOWED_TAGS = [\"p\", \"strong\", \"em\"]\n\nasyncio.set_event_loop_policy(uvloop.EventLoopPol",
  "context_lines": "from .response import CustomResponse\nfrom .templating import language_aware_template\nfrom .utils import escape_content, get_md_content_from_disk, save_md_content_to_disk\n\nHERE = Path(__file__)\nALLOWED_TAGS = [\"p\", \"strong\", \"em\"]\n\nasyncio.set_event_loop_policy(uvloop.EventLoopPolicy())\n\n\nclass Roll(BaseRoll):\n    Response = CustomResponse\n\n\n",
  "slicing": [
   "ALLOWED_TAGS = [\"p\", \"strong\", \"em\"]\n",
   "    content = escape_content(content, allowed_tags=ALLOWED_TAGS)\n",
   "    response.html(template, content=content)\n"
  ]
 },
 "18": {
  "name": "Response",
  "type": "response.CustomResponse",
  "class": "customized",
  "approach": "annotation",
  "file_path": "dear-kids/dearkids/__main__.py",
  "lineno": "23",
  "column": "4",
  "context": "op.EventLoopPolicy())\n\n\nclass Roll(BaseRoll):\n    Response = CustomResponse\n\n\napp = Roll()\nlogger(app)\ntraceback(app)\nstatic(a",
  "context_lines": "HERE = Path(__file__)\nALLOWED_TAGS = [\"p\", \"strong\", \"em\"]\n\nasyncio.set_event_loop_policy(uvloop.EventLoopPolicy())\n\n\nclass Roll(BaseRoll):\n    Response = CustomResponse\n\n\napp = Roll()\nlogger(app)\ntraceback(app)\n",
  "slicing": "    Response = CustomResponse\n"
 },
 "19": {
  "name": "app",
  "type": "roll.Roll",
  "class": "customized",
  "approach": "annotation",
  "file_path": "dear-kids/dearkids/__main__.py",
  "lineno": "26",
  "column": "0",
  "context": "s Roll(BaseRoll):\n    Response = CustomResponse\n\n\napp = Roll()\nlogger(app)\ntraceback(app)\nstatic(app, root=HERE.p",
  "context_lines": "ALLOWED_TAGS = [\"p\", \"strong\", \"em\"]\n\nasyncio.set_event_loop_policy(uvloop.EventLoopPolicy())\n\n\nclass Roll(BaseRoll):\n    Response = CustomResponse\n\n\napp = Roll()\nlogger(app)\ntraceback(app)\nstatic(app, root=HERE.parent / \"static\")\ni18n(app)\n\n\n",
  "slicing": [
   "app = Roll()\n",
   "logger(app)\n",
   "traceback(app)\n",
   "static(app, root=HERE.parent / \"static\")\n",
   "i18n(app)\n",
   "@app.route(\"/\")\n",
   "@app.route(\"/essay/\", methods=[\"POST\"])\n",
   "@app.route(\"/essay/{parameter}\")\n",
   "    simple_server(app)\n"
  ]
 },
 "20": {
  "name": "template_name",
  "type": "str",
  "class": "build-in",
  "approach": "Pysonar2",
  "file_path": "dear-kids/dearkids/__main__.py",
  "lineno": "35",
  "column": "4",
  "context": ": Request, response: CustomResponse) -> None:\n    template_name = \"home.html\"\n    template = language_aware_template(template_na",
  "context_lines": "static(app, root=HERE.parent / \"static\")\ni18n(app)\n\n\n@app.route(\"/\")\nasync def home(request: Request, response: CustomResponse) -> None:\n    template_name = \"home.html\"\n    template = language_aware_template(template_name, request[\"language\"])\n    response.html(template)\n\n\n@app.route(\"/essay/\", methods=[\"POST\"])\nasync def on_post(request: Request, response: CustomResponse) -> None:\n",
  "slicing": [
   "    template_name = \"home.html\"\n",
   "    template = language_aware_template(template_name, request[\"language\"])\n",
   "    response.html(template)\n",
   "    template = language_aware_template(template_name, request[\"language\"])\n",
   "    response.html(template, content=content)\n"
  ]
 },
 "21": {
  "name": "template",
  "type": "templating.language_aware_template",
  "class": "imported",
  "approach": "annotation",
  "file_path": "dear-kids/dearkids/__main__.py",
  "lineno": "36",
  "column": "4",
  "context": "nse) -> None:\n    template_name = \"home.html\"\n    template = language_aware_template(template_name, request[\"language\"])\n    response.html(template)\n\n\n@app.route(\"/essay/\"",
  "context_lines": "i18n(app)\n\n\n@app.route(\"/\")\nasync def home(request: Request, response: CustomResponse) -> None:\n    template_name = \"home.html\"\n    template = language_aware_template(template_name, request[\"language\"])\n    response.html(template)\n\n\n@app.route(\"/essay/\", methods=[\"POST\"])\nasync def on_post(request: Request, response: CustomResponse) -> None:\n    essay_content = request.form.get(\"essay\")\n",
  "slicing": [
   "    template = language_aware_template(template_name, request[\"language\"])\n",
   "    response.html(template)\n",
   "    response.html(template, content=content)\n"
  ]
 },
 "22": {
  "name": "essay_content",
  "type": "UNKNOWN",
  "class": "unknown",
  "approach": "Pysonar2",
  "file_path": "dear-kids/dearkids/__main__.py",
  "lineno": "42",
  "column": "4",
  "context": ": Request, response: CustomResponse) -> None:\n    essay_content = request.form.get(\"essay\")\n    name = save_md_content_to_disk(essay_content)\n",
  "context_lines": "    template = language_aware_template(template_name, request[\"language\"])\n    response.html(template)\n\n\n@app.route(\"/essay/\", methods=[\"POST\"])\nasync def on_post(request: Request, response: CustomResponse) -> None:\n    essay_content = request.form.get(\"essay\")\n    name = save_md_content_to_disk(essay_content)\n    response.status = HTTPStatus.FOUND\n    response.headers[\"Location\"] = f\"/essay/{name}\"\n\n\n@app.route(\"/essay/{parameter}\")\n",
  "slicing": [
   "    essay_content = request.form.get(\"essay\")\n",
   "    name = save_md_content_to_disk(essay_content)\n",
   "    response.headers[\"Location\"] = f\"/essay/{name}\"\n"
  ]
 },
 "23": {
  "name": "name",
  "type": "utils.save_md_content_to_disk",
  "class": "imported",
  "approach": "annotation",
  "file_path": "dear-kids/dearkids/__main__.py",
  "lineno": "43",
  "column": "4",
  "context": "    essay_content = request.form.get(\"essay\")\n    name = save_md_content_to_disk(essay_content)\n    response.status = HTTPStatus.FOUND\n    respons",
  "context_lines": "    response.html(template)\n\n\n@app.route(\"/essay/\", methods=[\"POST\"])\nasync def on_post(request: Request, response: CustomResponse) -> None:\n    essay_content = request.form.get(\"essay\")\n    name = save_md_content_to_disk(essay_content)\n    response.status = HTTPStatus.FOUND\n    response.headers[\"Location\"] = f\"/essay/{name}\"\n\n\n@app.route(\"/essay/{parameter}\")\nasync def essay(request: Request, response: CustomResponse, parameter: str) -> None:\n",
  "slicing": [
   "    name = save_md_content_to_disk(essay_content)\n",
   "    response.headers[\"Location\"] = f\"/essay/{name}\"\n"
  ]
 },
 "24": {
  "name": "template_name",
  "type": "str",
  "class": "build-in",
  "approach": "Pysonar2",
  "file_path": "dear-kids/dearkids/__main__.py",
  "lineno": "50",
  "column": "4",
  "context": "nse: CustomResponse, parameter: str) -> None:\n    template_name = \"essay.html\"\n    template = language_aware_template(template_na",
  "context_lines": "    response.status = HTTPStatus.FOUND\n    response.headers[\"Location\"] = f\"/essay/{name}\"\n\n\n@app.route(\"/essay/{parameter}\")\nasync def essay(request: Request, response: CustomResponse, parameter: str) -> None:\n    template_name = \"essay.html\"\n    template = language_aware_template(template_name, request[\"language\"])\n    try:\n        md_content = get_md_content_from_disk(parameter)\n    except FileNotFoundError:\n",
  "slicing": [
   "    template_name = \"essay.html\"\n",
   "    template = language_aware_template(template_name, request[\"language\"])\n",
   "    response.html(template, content=content)\n"
  ]
 },
 "25": {
  "name": "template",
  "type": "templating.language_aware_template",
  "class": "imported",
  "approach": "annotation",
  "file_path": "dear-kids/dearkids/__main__.py",
  "lineno": "51",
  "column": "4",
  "context": "tr) -> None:\n    template_name = \"essay.html\"\n    template = language_aware_template(template_name, request[\"language\"])\n    try:\n        md_content = get_md_content_from_",
  "context_lines": "    response.headers[\"Location\"] = f\"/essay/{name}\"\n\n\n@app.route(\"/essay/{parameter}\")\nasync def essay(request: Request, response: CustomResponse, parameter: str) -> None:\n    template_name = \"essay.html\"\n    template = language_aware_template(template_name, request[\"language\"])\n    try:\n        md_content = get_md_content_from_disk(parameter)\n    except FileNotFoundError:\n        raise HttpError(HTTPStatus.NOT_FOUND, \"Essay not found.\")\n",
  "slicing": [
   "    template = language_aware_template(template_name, request[\"language\"])\n",
   "    response.html(template, content=content)\n"
  ]
 },
 "26": {
  "name": "md_content",
  "type": "utils.get_md_content_from_disk",
  "class": "imported",
  "approach": "annotation",
  "file_path": "dear-kids/dearkids/__main__.py",
  "lineno": "53",
  "column": "8",
  "context": "plate_name, request[\"language\"])\n    try:\n        md_content = get_md_content_from_disk(parameter)\n    except FileNotFoundError:\n        raise HttpEr",
  "context_lines": "async def essay(request: Request, response: CustomResponse, parameter: str) -> None:\n    template_name = \"essay.html\"\n    template = language_aware_template(template_name, request[\"language\"])\n    try:\n        md_content = get_md_content_from_disk(parameter)\n    except FileNotFoundError:\n        raise HttpError(HTTPStatus.NOT_FOUND, \"Essay not found.\")\n    content = commonmark(md_content)\n    content = escape_content(content, allowed_tags=ALLOWED_TAGS)\n",
  "slicing": [
   "        md_content = get_md_content_from_disk(parameter)\n",
   "    content = commonmark(md_content)\n",
   "    content = escape_content(content, allowed_tags=ALLOWED_TAGS)\n",
   "    response.html(template, content=content)\n"
  ]
 },
 "27": {
  "name": "content",
  "type": "commonmark.commonmark",
  "class": "imported",
  "approach": "annotation",
  "file_path": "dear-kids/dearkids/__main__.py",
  "lineno": "56",
  "column": "4",
  "context": "ror(HTTPStatus.NOT_FOUND, \"Essay not found.\")\n    content = commonmark(md_content)\n    content = escape_content(content, allowed_tags",
  "context_lines": "    try:\n        md_content = get_md_content_from_disk(parameter)\n    except FileNotFoundError:\n        raise HttpError(HTTPStatus.NOT_FOUND, \"Essay not found.\")\n    content = commonmark(md_content)\n    content = escape_content(content, allowed_tags=ALLOWED_TAGS)\n    response.html(template, content=content)\n\n\ndef run() -> None:\n",
  "slicing": [
   "    content = commonmark(md_content)\n",
   "    content = escape_content(content, allowed_tags=ALLOWED_TAGS)\n",
   "    response.html(template, content=content)\n"
  ]
 },
 "28": {
  "name": "content",
  "type": "utils.escape_content",
  "class": "imported",
  "approach": "annotation",
  "file_path": "dear-kids/dearkids/__main__.py",
  "lineno": "57",
  "column": "4",
  "context": "found.\")\n    content = commonmark(md_content)\n    content = escape_content(content, allowed_tags=ALLOWED_TAGS)\n    response.html(template, content=content)\n\n\ndef",
  "context_lines": "        md_content = get_md_content_from_disk(parameter)\n    except FileNotFoundError:\n        raise HttpError(HTTPStatus.NOT_FOUND, \"Essay not found.\")\n    content = commonmark(md_content)\n    content = escape_content(content, allowed_tags=ALLOWED_TAGS)\n    response.html(template, content=content)\n\n\ndef run() -> None:\n",
  "slicing": [
   "    content = escape_content(content, allowed_tags=ALLOWED_TAGS)\n",
   "    response.html(template, content=content)\n"
  ]
 },
 "29": {
  "name": "decimal_digits",
  "type": "str",
  "class": "build-in",
  "approach": "Pysonar2",
  "file_path": "dear-kids/dearkids/baseconv.py",
  "lineno": "18",
  "column": "4",
  "context": "om typing import Union\n\n\nclass BaseConverter:\n    decimal_digits = \"0123456789\"\n\n    def __init__(self, digits: str) -> None:\n    ",
  "context_lines": "1234\n\"\"\"\nfrom typing import Union\n\n\nclass BaseConverter:\n    decimal_digits = \"0123456789\"\n\n    def __init__(self, digits: str) -> None:\n        self.digits = digits\n\n    def from_decimal(self, i: int) -> str:\n",
  "slicing": "    decimal_digits = \"0123456789\"\n"
 },
 "30": {
  "name": "number",
  "type": "dict",
  "class": "build-in",
  "approach": "annotation",
  "file_path": "dear-kids/dearkids/baseconv.py",
  "lineno": "33",
  "column": "12",
  "context": "86/\n        if str(number)[0] == \"-\":\n            number = str(number)[1:]\n            neg = 1\n        else:\n            neg ",
  "context_lines": "    @staticmethod\n    def convert(number: Union[str, int], fromdigits: str, todigits: str) -> str:\n        # Based on http://code.activestate.com/recipes/111286/\n        if str(number)[0] == \"-\":\n            number = str(number)[1:]\n            neg = 1\n        else:\n            neg = 0\n\n        # make an integer out of the number\n",
  "slicing": [
   "            number = str(number)[1:]\n",
   "        for num in str(number):\n",
   "            x = x * len(fromdigits) + fromdigits.index(num)\n",
   "        if x == 0:\n",
   "            while x > 0:\n",
   "                digit: int = x % len(todigits)\n",
   "                res = todigits[digit] + res\n",
   "                x = int(x / len(todigits))\n",
   "                res = \"-\" + res\n",
   "        return res\n"
  ]
 },
 "31": {
  "name": "neg",
  "type": "int",
  "class": "build-in",
  "approach": "Pysonar2",
  "file_path": "dear-kids/dearkids/baseconv.py",
  "lineno": "34",
  "column": "12",
  "context": "\n            number = str(number)[1:]\n            neg = 1\n        else:\n            neg = 0\n\n        # make ",
  "context_lines": "    def convert(number: Union[str, int], fromdigits: str, todigits: str) -> str:\n        # Based on http://code.activestate.com/recipes/111286/\n        if str(number)[0] == \"-\":\n            number = str(number)[1:]\n            neg = 1\n        else:\n            neg = 0\n\n        # make an integer out of the number\n        x = 0\n",
  "slicing": [
   "            neg = 1\n",
   "            if neg:\n"
  ]
 },
 "32": {
  "name": "x",
  "type": "int",
  "class": "build-in",
  "approach": "Pysonar2",
  "file_path": "dear-kids/dearkids/baseconv.py",
  "lineno": "39",
  "column": "8",
  "context": "      # make an integer out of the number\n        x = 0\n        for num in str(number):\n            x = x ",
  "context_lines": "            neg = 1\n        else:\n            neg = 0\n\n        # make an integer out of the number\n        x = 0\n        for num in str(number):\n            x = x * len(fromdigits) + fromdigits.index(num)\n\n        # create the result in base 'len(todigits)'\n        if x == 0:\n",
  "slicing": [
   "        x = 0\n",
   "            x = x * len(fromdigits) + fromdigits.index(num)\n",
   "        if x == 0:\n",
   "            while x > 0:\n",
   "                digit: int = x % len(todigits)\n",
   "                res = todigits[digit] + res\n",
   "                x = int(x / len(todigits))\n",
   "                res = \"-\" + res\n",
   "        return res\n"
  ]
 },
 "33": {
  "name": "x",
  "type": "int",
  "class": "build-in",
  "approach": "Pysonar2",
  "file_path": "dear-kids/dearkids/baseconv.py",
  "lineno": "41",
  "column": "12",
  "context": "x = 0\n        for num in str(number):\n            x = x * len(fromdigits) + fromdigits.index(num)\n\n        # create the result in base 'len(todigits",
  "context_lines": "            neg = 0\n\n        # make an integer out of the number\n        x = 0\n        for num in str(number):\n            x = x * len(fromdigits) + fromdigits.index(num)\n\n        # create the result in base 'len(todigits)'\n        if x == 0:\n            res = todigits[0]\n",
  "slicing": [
   "            x = x * len(fromdigits) + fromdigits.index(num)\n",
   "        if x == 0:\n",
   "            while x > 0:\n",
   "                digit: int = x % len(todigits)\n",
   "                res = todigits[digit] + res\n",
   "                x = int(x / len(todigits))\n",
   "                res = \"-\" + res\n",
   "        return res\n"
  ]
 },
 "34": {
  "name": "res",
  "type": "dict",
  "class": "build-in",
  "approach": "annotation",
  "file_path": "dear-kids/dearkids/baseconv.py",
  "lineno": "45",
  "column": "12",
  "context": "se 'len(todigits)'\n        if x == 0:\n            res = todigits[0]\n        else:\n            res = \"\"\n            whi",
  "context_lines": "        for num in str(number):\n            x = x * len(fromdigits) + fromdigits.index(num)\n\n        # create the result in base 'len(todigits)'\n        if x == 0:\n            res = todigits[0]\n        else:\n            res = \"\"\n            while x > 0:\n                digit: int = x % len(todigits)\n",
  "slicing": [
   "            res = todigits[0]\n",
   "                res = todigits[digit] + res\n",
   "                res = \"-\" + res\n",
   "        return res\n"
  ]
 },
 "35": {
  "name": "neg",
  "type": "int",
  "class": "build-in",
  "approach": "Pysonar2",
  "file_path": "dear-kids/dearkids/baseconv.py",
  "lineno": "36",
  "column": "12",
  "context": "1:]\n            neg = 1\n        else:\n            neg = 0\n\n        # make an integer out of the number\n     ",
  "context_lines": "        if str(number)[0] == \"-\":\n            number = str(number)[1:]\n            neg = 1\n        else:\n            neg = 0\n\n        # make an integer out of the number\n        x = 0\n        for num in str(number):\n",
  "slicing": [
   "            neg = 0\n",
   "            if neg:\n"
  ]
 },
 "36": {
  "name": "res",
  "type": "str",
  "class": "build-in",
  "approach": "Pysonar2",
  "file_path": "dear-kids/dearkids/baseconv.py",
  "lineno": "47",
  "column": "12",
  "context": "      res = todigits[0]\n        else:\n            res = \"\"\n            while x > 0:\n                digit: in",
  "context_lines": "        # create the result in base 'len(todigits)'\n        if x == 0:\n            res = todigits[0]\n        else:\n            res = \"\"\n            while x > 0:\n                digit: int = x % len(todigits)\n                res = todigits[digit] + res\n                x = int(x / len(todigits))\n",
  "slicing": [
   "            res = \"\"\n",
   "                res = todigits[digit] + res\n",
   "                res = \"-\" + res\n",
   "        return res\n"
  ]
 },
 "37": {
  "name": "digit",
  "type": "int",
  "class": "build-in",
  "approach": "annotation",
  "file_path": "dear-kids/dearkids/baseconv.py",
  "lineno": "49",
  "column": "16",
  "context": "res = \"\"\n            while x > 0:\n                digit: int = x % len(todigits)\n                res = todigits[digit] + res\n      ",
  "context_lines": "            res = todigits[0]\n        else:\n            res = \"\"\n            while x > 0:\n                digit: int = x % len(todigits)\n                res = todigits[digit] + res\n                x = int(x / len(todigits))\n            if neg:\n                res = \"-\" + res\n",
  "slicing": [
   "                digit: int = x % len(todigits)\n",
   "                res = todigits[digit] + res\n",
   "                res = \"-\" + res\n",
   "        return res\n"
  ]
 },
 "38": {
  "name": "res",
  "type": "str",
  "class": "build-in",
  "approach": "Pysonar2",
  "file_path": "dear-kids/dearkids/baseconv.py",
  "lineno": "50",
  "column": "16",
  "context": "   digit: int = x % len(todigits)\n                res = todigits[digit] + res\n                x = int(x / len(todigits))\n       ",
  "context_lines": "        else:\n            res = \"\"\n            while x > 0:\n                digit: int = x % len(todigits)\n                res = todigits[digit] + res\n                x = int(x / len(todigits))\n            if neg:\n                res = \"-\" + res\n        return res\n\n\n",
  "slicing": [
   "                res = todigits[digit] + res\n",
   "                res = \"-\" + res\n",
   "        return res\n"
  ]
 },
 "39": {
  "name": "x",
  "type": "int",
  "class": "build-in",
  "approach": "annotation",
  "file_path": "dear-kids/dearkids/baseconv.py",
  "lineno": "51",
  "column": "16",
  "context": "      res = todigits[digit] + res\n                x = int(x / len(todigits))\n            if neg:\n                res = \"-\" + re",
  "context_lines": "            res = \"\"\n            while x > 0:\n                digit: int = x % len(todigits)\n                res = todigits[digit] + res\n                x = int(x / len(todigits))\n            if neg:\n                res = \"-\" + res\n        return res\n\n\nbin = BaseConverter(\"01\")\n",
  "slicing": [
   "                x = int(x / len(todigits))\n"
  ]
 },
 "40": {
  "name": "res",
  "type": "str",
  "class": "build-in",
  "approach": "Pysonar2",
  "file_path": "dear-kids/dearkids/baseconv.py",
  "lineno": "53",
  "column": "16",
  "context": "en(todigits))\n            if neg:\n                res = \"-\" + res\n        return res\n\n\nbin = BaseConverter(\"01\")\nhex",
  "context_lines": "                digit: int = x % len(todigits)\n                res = todigits[digit] + res\n                x = int(x / len(todigits))\n            if neg:\n                res = \"-\" + res\n        return res\n\n\nbin = BaseConverter(\"01\")\nhexconv = BaseConverter(\"0123456789ABCDEF\")\nbase57 = BaseConverter(\"ABCDEFGHIJKLMNPQRSTUVWXYZ23456789abcdefghijkmnpqrstuvwxyz\")\n",
  "slicing": [
   "                res = \"-\" + res\n",
   "        return res\n"
  ]
 },
 "41": {
  "name": "bin",
  "type": "BaseConverter",
  "class": "customized",
  "approach": "annotation",
  "file_path": "dear-kids/dearkids/baseconv.py",
  "lineno": "57",
  "column": "0",
  "context": "             res = \"-\" + res\n        return res\n\n\nbin = BaseConverter(\"01\")\nhexconv = BaseConverter(\"0123456789ABCDEF\")\nbase57",
  "context_lines": "                x = int(x / len(todigits))\n            if neg:\n                res = \"-\" + res\n        return res\n\n\nbin = BaseConverter(\"01\")\nhexconv = BaseConverter(\"0123456789ABCDEF\")\nbase57 = BaseConverter(\"ABCDEFGHIJKLMNPQRSTUVWXYZ23456789abcdefghijkmnpqrstuvwxyz\")\n",
  "slicing": "bin = BaseConverter(\"01\")\n"
 },
 "42": {
  "name": "hexconv",
  "type": "BaseConverter",
  "class": "customized",
  "approach": "annotation",
  "file_path": "dear-kids/dearkids/baseconv.py",
  "lineno": "58",
  "column": "0",
  "context": "es\n        return res\n\n\nbin = BaseConverter(\"01\")\nhexconv = BaseConverter(\"0123456789ABCDEF\")\nbase57 = BaseConverter(\"ABCDEFGHIJKLMNPQRSTUVWXYZ2",
  "context_lines": "            if neg:\n                res = \"-\" + res\n        return res\n\n\nbin = BaseConverter(\"01\")\nhexconv = BaseConverter(\"0123456789ABCDEF\")\nbase57 = BaseConverter(\"ABCDEFGHIJKLMNPQRSTUVWXYZ23456789abcdefghijkmnpqrstuvwxyz\")\n",
  "slicing": "hexconv = BaseConverter(\"0123456789ABCDEF\")\n"
 },
 "43": {
  "name": "base57",
  "type": "BaseConverter",
  "class": "customized",
  "approach": "annotation",
  "file_path": "dear-kids/dearkids/baseconv.py",
  "lineno": "59",
  "column": "0",
  "context": "\"01\")\nhexconv = BaseConverter(\"0123456789ABCDEF\")\nbase57 = BaseConverter(\"ABCDEFGHIJKLMNPQRSTUVWXYZ23456789abcdefghijkmnpqrstuvwxyz\")\nbase62 = BaseConverter(\"ABCDEFGHIJKLMNOPQRSTUVWXYZ",
  "context_lines": "                res = \"-\" + res\n        return res\n\n\nbin = BaseConverter(\"01\")\nhexconv = BaseConverter(\"0123456789ABCDEF\")\nbase57 = BaseConverter(\"ABCDEFGHIJKLMNPQRSTUVWXYZ23456789abcdefghijkmnpqrstuvwxyz\")\n",
  "slicing": "base57 = BaseConverter(\"ABCDEFGHIJKLMNPQRSTUVWXYZ23456789abcdefghijkmnpqrstuvwxyz\")\n"
 },
 "44": {
  "name": "base62",
  "type": "BaseConverter",
  "class": "customized",
  "approach": "annotation",
  "file_path": "dear-kids/dearkids/baseconv.py",
  "lineno": "60",
  "column": "0",
  "context": "KLMNPQRSTUVWXYZ23456789abcdefghijkmnpqrstuvwxyz\")\nbase62 = BaseConverter(\"ABCDEFGHIJKLMNOPQRSTUVWXYZ0123456789abcdefghijklmnopqrstuvwxyz\")\n",
  "context_lines": "        return res\n\n\nbin = BaseConverter(\"01\")\nhexconv = BaseConverter(\"0123456789ABCDEF\")\nbase57 = BaseConverter(\"ABCDEFGHIJKLMNPQRSTUVWXYZ23456789abcdefghijkmnpqrstuvwxyz\")\nbase62 = BaseConverter(\"ABCDEFGHIJKLMNOPQRSTUVWXYZ0123456789abcdefghijklmnopqrstuvwxyz\")\n",
  "slicing": "base62 = BaseConverter(\"ABCDEFGHIJKLMNOPQRSTUVWXYZ0123456789abcdefghijklmnopqrstuvwxyz\")\n"
 },
 "45": {
  "name": "language",
  "type": "str",
  "class": "build-in",
  "approach": "Pysonar2",
  "file_path": "dear-kids/dearkids/extensions.py",
  "lineno": "8",
  "column": "8",
  "context": "ge(request: Request, response: Response):\n        language = \"en\"\n        accept_language_header = request.headers.g",
  "context_lines": "from roll import Request, Response\n\n\ndef i18n(app):\n    @app.listen(\"request\")\n    async def guess_language(request: Request, response: Response):\n        language = \"en\"\n        accept_language_header = request.headers.get(\"ACCEPT-LANGUAGE\")\n        languages = parse_accept_language(accept_language_header)\n        if languages:\n            language = languages[0].language\n",
  "slicing": [
   "        language = \"en\"\n",
   "        request[\"language\"] = language\n"
  ]
 },
 "46": {
  "name": "accept_language_header",
  "type": "UNKNOWN",
  "class": "unknown",
  "approach": "Pysonar2",
  "file_path": "dear-kids/dearkids/extensions.py",
  "lineno": "9",
  "column": "8",
  "context": "ponse: Response):\n        language = \"en\"\n        accept_language_header = request.headers.get(\"ACCEPT-LANGUAGE\")\n        languages = parse_accept_language(accept_l",
  "context_lines": "def i18n(app):\n    @app.listen(\"request\")\n    async def guess_language(request: Request, response: Response):\n        language = \"en\"\n        accept_language_header = request.headers.get(\"ACCEPT-LANGUAGE\")\n        languages = parse_accept_language(accept_language_header)\n        if languages:\n            language = languages[0].language\n",
  "slicing": [
   "        accept_language_header = request.headers.get(\"ACCEPT-LANGUAGE\")\n",
   "        languages = parse_accept_language(accept_language_header)\n",
   "        if languages:\n",
   "            language = languages[0].language\n",
   "        request[\"language\"] = language\n"
  ]
 },
 "47": {
  "name": "languages",
  "type": "accept_language.parse_accept_language",
  "class": "imported",
  "approach": "annotation",
  "file_path": "dear-kids/dearkids/extensions.py",
  "lineno": "10",
  "column": "8",
  "context": " = request.headers.get(\"ACCEPT-LANGUAGE\")\n        languages = parse_accept_language(accept_language_header)\n        if languages:\n            language = langu",
  "context_lines": "    @app.listen(\"request\")\n    async def guess_language(request: Request, response: Response):\n        language = \"en\"\n        accept_language_header = request.headers.get(\"ACCEPT-LANGUAGE\")\n        languages = parse_accept_language(accept_language_header)\n        if languages:\n            language = languages[0].language\n",
  "slicing": [
   "        languages = parse_accept_language(accept_language_header)\n",
   "        if languages:\n",
   "            language = languages[0].language\n",
   "        request[\"language\"] = language\n"
  ]
 },
 "48": {
  "name": "language",
  "type": "UNKNOWN",
  "class": "unknown",
  "approach": "Pysonar2",
  "file_path": "dear-kids/dearkids/extensions.py",
  "lineno": "12",
  "column": "12",
  "context": "anguage_header)\n        if languages:\n            language = languages[0].language\n        request[\"language\"] = language\n",
  "context_lines": "        language = \"en\"\n        accept_language_header = request.headers.get(\"ACCEPT-LANGUAGE\")\n        languages = parse_accept_language(accept_language_header)\n        if languages:\n            language = languages[0].language\n",
  "slicing": [
   "            language = languages[0].language\n",
   "        request[\"language\"] = language\n"
  ]
 },
 "49": {
  "name": "HERE",
  "type": "pathlib.Path",
  "class": "imported",
  "approach": "annotation",
  "file_path": "dear-kids/dearkids/utils.py",
  "lineno": "8",
  "column": "0",
  "context": "ath\n\nimport bleach\n\nfrom .baseconv import base57\n\nHERE = Path(__file__)\n\n\ndef get_md_content_from_disk(file_name: str) -> ",
  "context_lines": "import time\nfrom pathlib import Path\n\nimport bleach\n\nfrom .baseconv import base57\n\nHERE = Path(__file__)\n\n\ndef get_md_content_from_disk(file_name: str) -> str:\n    with open(HERE.parent / \"essays\" / f\"{file_name}.md\") as md_file:\n        return md_file.read()\n\n\n",
  "slicing": [
   "HERE = Path(__file__)\n",
   "    with open(HERE.parent / \"essays\" / f\"{file_name}.md\") as md_file:\n",
   "    with open(HERE.parent / \"essays\" / f\"{file_name}.md\", \"w\") as md_file:\n"
  ]
 },
 "50": {
  "name": "epoch_time",
  "type": "int",
  "class": "build-in",
  "approach": "annotation",
  "file_path": "dear-kids/dearkids/utils.py",
  "lineno": "17",
  "column": "4",
  "context": "save_md_content_to_disk(content: str) -> str:\n    epoch_time = int(time.time())\n    file_name = base57.from_decimal(epoch_time)\n  ",
  "context_lines": "def get_md_content_from_disk(file_name: str) -> str:\n    with open(HERE.parent / \"essays\" / f\"{file_name}.md\") as md_file:\n        return md_file.read()\n\n\ndef save_md_content_to_disk(content: str) -> str:\n    epoch_time = int(time.time())\n    file_name = base57.from_decimal(epoch_time)\n    with open(HERE.parent / \"essays\" / f\"{file_name}.md\", \"w\") as md_file:\n        md_file.write(content)\n\n    return str(file_name)\n\n\n",
  "slicing": [
   "    epoch_time = int(time.time())\n",
   "    file_name = base57.from_decimal(epoch_time)\n",
   "    with open(HERE.parent / \"essays\" / f\"{file_name}.md\", \"w\") as md_file:\n",
   "    return str(file_name)\n"
  ]
 },
 "51": {
  "name": "file_name",
  "type": "str",
  "class": "build-in",
  "approach": "Pysonar2",
  "file_path": "dear-kids/dearkids/utils.py",
  "lineno": "18",
  "column": "4",
  "context": "tr) -> str:\n    epoch_time = int(time.time())\n    file_name = base57.from_decimal(epoch_time)\n    with open(HERE.parent / \"essays\" / f\"{file_nam",
  "context_lines": "    with open(HERE.parent / \"essays\" / f\"{file_name}.md\") as md_file:\n        return md_file.read()\n\n\ndef save_md_content_to_disk(content: str) -> str:\n    epoch_time = int(time.time())\n    file_name = base57.from_decimal(epoch_time)\n    with open(HERE.parent / \"essays\" / f\"{file_name}.md\", \"w\") as md_file:\n        md_file.write(content)\n\n    return str(file_name)\n\n\ndef escape_content(content: str, allowed_tags: list) -> str:\n",
  "slicing": [
   "    file_name = base57.from_decimal(epoch_time)\n",
   "    with open(HERE.parent / \"essays\" / f\"{file_name}.md\", \"w\") as md_file:\n",
   "    return str(file_name)\n"
  ]
 },
 "52": {
  "name": "template_name",
  "type": "str",
  "class": "build-in",
  "approach": "annotation",
  "file_path": "dear-kids/dearkids/templating.py",
  "lineno": "10",
  "column": "28",
  "context": "escape([\"html\"]),\n)\n\n\ndef language_aware_template(template_name: str, language_code: str) -> jinja2.Template:\n    try:\n        return env.get_template(f\"{langua",
  "context_lines": "env = Environment(\n    loader=PackageLoader(\"dearkids\", \"templates\"),\n    autoescape=select_autoescape([\"html\"]),\n)\n\n\ndef language_aware_template(template_name: str, language_code: str) -> jinja2.Template:\n    try:\n        return env.get_template(f\"{language_code}.{template_name}\")\n    except jinja2.exceptions.TemplateNotFound:\n",
  "slicing": "def language_aware_template(template_name: str, language_code: str) -> jinja2.Template:\n"
 },
 "53": {
  "name": "language_code",
  "type": "str",
  "class": "build-in",
  "approach": "annotation",
  "file_path": "dear-kids/dearkids/templating.py",
  "lineno": "10",
  "column": "48",
  "context": "\n\ndef language_aware_template(template_name: str, language_code: str) -> jinja2.Template:\n    try:\n        return env.get_template(f\"{langua",
  "context_lines": "env = Environment(\n    loader=PackageLoader(\"dearkids\", \"templates\"),\n    autoescape=select_autoescape([\"html\"]),\n)\n\n\ndef language_aware_template(template_name: str, language_code: str) -> jinja2.Template:\n    try:\n        return env.get_template(f\"{language_code}.{template_name}\")\n    except jinja2.exceptions.TemplateNotFound:\n",
  "slicing": "def language_aware_template(template_name: str, language_code: str) -> jinja2.Template:\n"
 },
 "54": {
  "name": "template",
  "type": "UNKNOWN",
  "class": "unknown",
  "approach": "Pysonar2",
  "file_path": "dear-kids/dearkids/response.py",
  "lineno": "6",
  "column": "19",
  "context": "lass CustomResponse(Response):\n    def html(self, template: jinja2.Template, *args, **kwargs) -> None:\n        self.headers[\"Content-Type\"] = \"text/html;",
  "context_lines": "import jinja2\nfrom roll import Response\n\n\nclass CustomResponse(Response):\n    def html(self, template: jinja2.Template, *args, **kwargs) -> None:\n        self.headers[\"Content-Type\"] = \"text/html; charset=utf-8\"\n",
  "slicing": "    def html(self, template: jinja2.Template, *args, **kwargs) -> None:\n"
 },
 "55": {
  "name": "digits",
  "type": "str",
  "class": "build-in",
  "approach": "annotation",
  "file_path": "dear-kids/dearkids/baseconv.py",
  "lineno": "20",
  "column": "23",
  "context": "mal_digits = \"0123456789\"\n\n    def __init__(self, digits: str) -> None:\n        self.digits = digits\n\n    def from_decimal",
  "context_lines": "\"\"\"\nfrom typing import Union\n\n\nclass BaseConverter:\n    decimal_digits = \"0123456789\"\n\n    def __init__(self, digits: str) -> None:\n        self.digits = digits\n\n    def from_decimal(self, i: int) -> str:\n        return self.convert(i, self.decimal_digits, self.digits)\n\n    def to_decimal(self, s: str) -> int:\n",
  "slicing": "    def __init__(self, digits: str) -> None:\n"
 },
 "56": {
  "name": "i",
  "type": "int",
  "class": "build-in",
  "approach": "annotation",
  "file_path": "dear-kids/dearkids/baseconv.py",
  "lineno": "23",
  "column": "27",
  "context": " self.digits = digits\n\n    def from_decimal(self, i: int) -> str:\n        return self.convert(i, self.decimal_digits",
  "context_lines": "class BaseConverter:\n    decimal_digits = \"0123456789\"\n\n    def __init__(self, digits: str) -> None:\n        self.digits = digits\n\n    def from_decimal(self, i: int) -> str:\n        return self.convert(i, self.decimal_digits, self.digits)\n\n    def to_decimal(self, s: str) -> int:\n        return int(self.convert(s, self.digits, self.decimal_digits))\n\n    @staticmethod\n",
  "slicing": "    def from_decimal(self, i: int) -> str:\n"
 },
 "57": {
  "name": "s",
  "type": "str",
  "class": "build-in",
  "approach": "annotation",
  "file_path": "dear-kids/dearkids/baseconv.py",
  "lineno": "26",
  "column": "25",
  "context": "al_digits, self.digits)\n\n    def to_decimal(self, s: str) -> int:\n        return int(self.convert(s, self.digits, se",
  "context_lines": "    def __init__(self, digits: str) -> None:\n        self.digits = digits\n\n    def from_decimal(self, i: int) -> str:\n        return self.convert(i, self.decimal_digits, self.digits)\n\n    def to_decimal(self, s: str) -> int:\n        return int(self.convert(s, self.digits, self.decimal_digits))\n\n    @staticmethod\n    def convert(number: Union[str, int], fromdigits: str, todigits: str) -> str:\n        # Based on http://code.activestate.com/recipes/111286/\n",
  "slicing": "    def to_decimal(self, s: str) -> int:\n"
 },
 "58": {
  "name": "number",
  "type": "dict",
  "class": "build-in",
  "approach": "annotation",
  "file_path": "dear-kids/dearkids/baseconv.py",
  "lineno": "30",
  "column": "16",
  "context": "cimal_digits))\n\n    @staticmethod\n    def convert(number: Union[str, int], fromdigits: str, todigits: str) -> str:\n        # Based on http://code.activestate.com/rec",
  "context_lines": "        return self.convert(i, self.decimal_digits, self.digits)\n\n    def to_decimal(self, s: str) -> int:\n        return int(self.convert(s, self.digits, self.decimal_digits))\n\n    @staticmethod\n    def convert(number: Union[str, int], fromdigits: str, todigits: str) -> str:\n        # Based on http://code.activestate.com/recipes/111286/\n        if str(number)[0] == \"-\":\n            number = str(number)[1:]\n            neg = 1\n",
  "slicing": "    def convert(number: Union[str, int], fromdigits: str, todigits: str) -> str:\n"
 },
 "59": {
  "name": "fromdigits",
  "type": "str",
  "class": "build-in",
  "approach": "annotation",
  "file_path": "dear-kids/dearkids/baseconv.py",
  "lineno": "30",
  "column": "41",
  "context": "icmethod\n    def convert(number: Union[str, int], fromdigits: str, todigits: str) -> str:\n        # Based on http://code.activestate.com/rec",
  "context_lines": "        return self.convert(i, self.decimal_digits, self.digits)\n\n    def to_decimal(self, s: str) -> int:\n        return int(self.convert(s, self.digits, self.decimal_digits))\n\n    @staticmethod\n    def convert(number: Union[str, int], fromdigits: str, todigits: str) -> str:\n        # Based on http://code.activestate.com/recipes/111286/\n        if str(number)[0] == \"-\":\n            number = str(number)[1:]\n            neg = 1\n",
  "slicing": "    def convert(number: Union[str, int], fromdigits: str, todigits: str) -> str:\n"
 },
 "60": {
  "name": "todigits",
  "type": "str",
  "class": "build-in",
  "approach": "annotation",
  "file_path": "dear-kids/dearkids/baseconv.py",
  "lineno": "30",
  "column": "58",
  "context": "convert(number: Union[str, int], fromdigits: str, todigits: str) -> str:\n        # Based on http://code.activestate.com/rec",
  "context_lines": "        return self.convert(i, self.decimal_digits, self.digits)\n\n    def to_decimal(self, s: str) -> int:\n        return int(self.convert(s, self.digits, self.decimal_digits))\n\n    @staticmethod\n    def convert(number: Union[str, int], fromdigits: str, todigits: str) -> str:\n        # Based on http://code.activestate.com/recipes/111286/\n        if str(number)[0] == \"-\":\n            number = str(number)[1:]\n            neg = 1\n",
  "slicing": "    def convert(number: Union[str, int], fromdigits: str, todigits: str) -> str:\n"
 },
 "61": {
  "name": "app",
  "type": "Roll",
  "class": "customized",
  "approach": "Pysonar2",
  "file_path": "dear-kids/dearkids/extensions.py",
  "lineno": "5",
  "column": "9",
  "context": "age\nfrom roll import Request, Response\n\n\ndef i18n(app):\n    @app.listen(\"request\")\n    async def guess_lan",
  "context_lines": "from accept_language import parse_accept_language\nfrom roll import Request, Response\n\n\ndef i18n(app):\n    @app.listen(\"request\")\n    async def guess_language(request: Request, response: Response):\n        language = \"en\"\n        accept_language_header = request.headers.get(\"ACCEPT-LANGUAGE\")\n",
  "slicing": "def i18n(app):\n"
 },
 "62": {
  "name": "file_name",
  "type": "str",
  "class": "build-in",
  "approach": "annotation",
  "file_path": "dear-kids/dearkids/utils.py",
  "lineno": "11",
  "column": "29",
  "context": "E = Path(__file__)\n\n\ndef get_md_content_from_disk(file_name: str) -> str:\n    with open(HERE.parent / \"essays\" / f\"{file_nam",
  "context_lines": "from pathlib import Path\n\nimport bleach\n\nfrom .baseconv import base57\n\nHERE = Path(__file__)\n\n\ndef get_md_content_from_disk(file_name: str) -> str:\n    with open(HERE.parent / \"essays\" / f\"{file_name}.md\") as md_file:\n        return md_file.read()\n\n\ndef save_md_content_to_disk(content: str) -> str:\n    epoch_time = int(time.time())\n",
  "slicing": "def get_md_content_from_disk(file_name: str) -> str:\n"
 },
 "63": {
  "name": "content",
  "type": "str",
  "class": "build-in",
  "approach": "annotation",
  "file_path": "dear-kids/dearkids/utils.py",
  "lineno": "16",
  "column": "28",
  "context": "turn md_file.read()\n\n\ndef save_md_content_to_disk(content: str) -> str:\n    epoch_time = int(time.time())\n    file_name = ",
  "context_lines": "HERE = Path(__file__)\n\n\ndef get_md_content_from_disk(file_name: str) -> str:\n    with open(HERE.parent / \"essays\" / f\"{file_name}.md\") as md_file:\n        return md_file.read()\n\n\ndef save_md_content_to_disk(content: str) -> str:\n    epoch_time = int(time.time())\n    file_name = base57.from_decimal(epoch_time)\n    with open(HERE.parent / \"essays\" / f\"{file_name}.md\", \"w\") as md_file:\n        md_file.write(content)\n\n",
  "slicing": "def save_md_content_to_disk(content: str) -> str:\n"
 },
 "64": {
  "name": "content",
  "type": "str",
  "class": "build-in",
  "approach": "annotation",
  "file_path": "dear-kids/dearkids/utils.py",
  "lineno": "25",
  "column": "19",
  "context": ")\n\n    return str(file_name)\n\n\ndef escape_content(content: str, allowed_tags: list) -> str:\n    return bleach.clean(content, tags=allowed_tags",
  "context_lines": "    file_name = base57.from_decimal(epoch_time)\n    with open(HERE.parent / \"essays\" / f\"{file_name}.md\", \"w\") as md_file:\n        md_file.write(content)\n\n    return str(file_name)\n\n\ndef escape_content(content: str, allowed_tags: list) -> str:\n",
  "slicing": "def escape_content(content: str, allowed_tags: list) -> str:\n"
 },
 "65": {
  "name": "allowed_tags",
  "type": "list",
  "class": "build-in",
  "approach": "annotation",
  "file_path": "dear-kids/dearkids/utils.py",
  "lineno": "25",
  "column": "33",
  "context": "str(file_name)\n\n\ndef escape_content(content: str, allowed_tags: list) -> str:\n    return bleach.clean(content, tags=allowed_tags",
  "context_lines": "    file_name = base57.from_decimal(epoch_time)\n    with open(HERE.parent / \"essays\" / f\"{file_name}.md\", \"w\") as md_file:\n        md_file.write(content)\n\n    return str(file_name)\n\n\ndef escape_content(content: str, allowed_tags: list) -> str:\n",
  "slicing": "def escape_content(content: str, allowed_tags: list) -> str:\n"
 }
}