{
 "1": {
  "name": "API_KEY",
  "type": "str",
  "class": "build-in",
  "approach": "Pysonar2",
  "file_path": "debate-checker/fact_checker.py",
  "lineno": "4",
  "column": "0",
  "context": "from apiclient import discovery\nimport spacy\n\nAPI_KEY = \"AIzaSyD91Ya6ssiNzbcReKdXpxQYSNGVCuIYAy0\"\nVERSION = \"v1alpha1\"\nAPI = \"factchecktools\"\nFACTCH",
  "context_lines": "from apiclient import discovery\nimport spacy\n\nAPI_KEY = \"AIzaSyD91Ya6ssiNzbcReKdXpxQYSNGVCuIYAy0\"\nVERSION = \"v1alpha1\"\nAPI = \"factchecktools\"\nFACTCHECK = discovery.build(API, VERSION, developerKey=API_KEY)\n\n\nnlp = spacy.load(\"en_core_web_sm\")\n\n",
  "slicing": [
   "API_KEY = \"AIzaSyD91Ya6ssiNzbcReKdXpxQYSNGVCuIYAy0\"\n",
   "FACTCHECK = discovery.build(API, VERSION, developerKey=API_KEY)\n",
   "    items = FACTCHECK.claims().search(query=claim).execute()\n",
   "    quotes = [claim[\"text\"] for claim in items[\"claims\"]]\n",
   "    is_quote = is_claim_a_quote(claim, quotes[0], similarity_threshold=0.70)\n",
   "    if is_quote:\n",
   "        claim_reviews = [claim[\"claimReview\"][0] for claim in items[\"claims\"]]\n",
   "        return claim_reviews[0]\n"
  ]
 },
 "2": {
  "name": "VERSION",
  "type": "str",
  "class": "build-in",
  "approach": "Pysonar2",
  "file_path": "debate-checker/fact_checker.py",
  "lineno": "5",
  "column": "0",
  "context": "I_KEY = \"AIzaSyD91Ya6ssiNzbcReKdXpxQYSNGVCuIYAy0\"\nVERSION = \"v1alpha1\"\nAPI = \"factchecktools\"\nFACTCHECK = discovery.build",
  "context_lines": "from apiclient import discovery\nimport spacy\n\nAPI_KEY = \"AIzaSyD91Ya6ssiNzbcReKdXpxQYSNGVCuIYAy0\"\nVERSION = \"v1alpha1\"\nAPI = \"factchecktools\"\nFACTCHECK = discovery.build(API, VERSION, developerKey=API_KEY)\n\n\nnlp = spacy.load(\"en_core_web_sm\")\n\n# TODO: the word embedding of a full sentence is simply the average over all different words...\n",
  "slicing": [
   "VERSION = \"v1alpha1\"\n",
   "FACTCHECK = discovery.build(API, VERSION, developerKey=API_KEY)\n",
   "    items = FACTCHECK.claims().search(query=claim).execute()\n",
   "    quotes = [claim[\"text\"] for claim in items[\"claims\"]]\n",
   "    is_quote = is_claim_a_quote(claim, quotes[0], similarity_threshold=0.70)\n",
   "    if is_quote:\n",
   "        claim_reviews = [claim[\"claimReview\"][0] for claim in items[\"claims\"]]\n",
   "        return claim_reviews[0]\n"
  ]
 },
 "3": {
  "name": "API",
  "type": "str",
  "class": "build-in",
  "approach": "Pysonar2",
  "file_path": "debate-checker/fact_checker.py",
  "lineno": "6",
  "column": "0",
  "context": "ssiNzbcReKdXpxQYSNGVCuIYAy0\"\nVERSION = \"v1alpha1\"\nAPI = \"factchecktools\"\nFACTCHECK = discovery.build(API, VERSION, develope",
  "context_lines": "from apiclient import discovery\nimport spacy\n\nAPI_KEY = \"AIzaSyD91Ya6ssiNzbcReKdXpxQYSNGVCuIYAy0\"\nVERSION = \"v1alpha1\"\nAPI = \"factchecktools\"\nFACTCHECK = discovery.build(API, VERSION, developerKey=API_KEY)\n\n\nnlp = spacy.load(\"en_core_web_sm\")\n\n# TODO: the word embedding of a full sentence is simply the average over all different words...\n# ... consider modify the vectors by a length difference penalty?...\n",
  "slicing": [
   "API = \"factchecktools\"\n",
   "FACTCHECK = discovery.build(API, VERSION, developerKey=API_KEY)\n",
   "    items = FACTCHECK.claims().search(query=claim).execute()\n",
   "    quotes = [claim[\"text\"] for claim in items[\"claims\"]]\n",
   "    is_quote = is_claim_a_quote(claim, quotes[0], similarity_threshold=0.70)\n",
   "    if is_quote:\n",
   "        claim_reviews = [claim[\"claimReview\"][0] for claim in items[\"claims\"]]\n",
   "        return claim_reviews[0]\n"
  ]
 },
 "4": {
  "name": "FACTCHECK",
  "type": "UNKNOWN",
  "class": "unknown",
  "approach": "Pysonar2",
  "file_path": "debate-checker/fact_checker.py",
  "lineno": "7",
  "column": "0",
  "context": "YAy0\"\nVERSION = \"v1alpha1\"\nAPI = \"factchecktools\"\nFACTCHECK = discovery.build(API, VERSION, developerKey=API_KEY)\n\n\nnlp = spacy.load(\"en_core_web_sm\")\n\n# TODO: the ",
  "context_lines": "import spacy\n\nAPI_KEY = \"AIzaSyD91Ya6ssiNzbcReKdXpxQYSNGVCuIYAy0\"\nVERSION = \"v1alpha1\"\nAPI = \"factchecktools\"\nFACTCHECK = discovery.build(API, VERSION, developerKey=API_KEY)\n\n\nnlp = spacy.load(\"en_core_web_sm\")\n\n# TODO: the word embedding of a full sentence is simply the average over all different words...\n# ... consider modify the vectors by a length difference penalty?...\n",
  "slicing": [
   "FACTCHECK = discovery.build(API, VERSION, developerKey=API_KEY)\n",
   "    items = FACTCHECK.claims().search(query=claim).execute()\n",
   "    quotes = [claim[\"text\"] for claim in items[\"claims\"]]\n",
   "    is_quote = is_claim_a_quote(claim, quotes[0], similarity_threshold=0.70)\n",
   "    if is_quote:\n",
   "        claim_reviews = [claim[\"claimReview\"][0] for claim in items[\"claims\"]]\n",
   "        return claim_reviews[0]\n"
  ]
 },
 "5": {
  "name": "nlp",
  "type": "UNKNOWN",
  "class": "unknown",
  "approach": "Pysonar2",
  "file_path": "debate-checker/fact_checker.py",
  "lineno": "10",
  "column": "0",
  "context": "overy.build(API, VERSION, developerKey=API_KEY)\n\n\nnlp = spacy.load(\"en_core_web_sm\")\n\n# TODO: the word embedding of a full sentence is ",
  "context_lines": "API_KEY = \"AIzaSyD91Ya6ssiNzbcReKdXpxQYSNGVCuIYAy0\"\nVERSION = \"v1alpha1\"\nAPI = \"factchecktools\"\nFACTCHECK = discovery.build(API, VERSION, developerKey=API_KEY)\n\n\nnlp = spacy.load(\"en_core_web_sm\")\n\n# TODO: the word embedding of a full sentence is simply the average over all different words...\n# ... consider modify the vectors by a length difference penalty?...\n# ... or alternatively, try to compare shorter pieces of the sentence and compute pairwise similarities?\n\n\n",
  "slicing": [
   "nlp = spacy.load(\"en_core_web_sm\")\n",
   "    parsed_claim = nlp(claim)\n",
   "    parsed_quote = nlp(quote)\n",
   "    parsed_claim_no_stop_words = nlp(\n",
   "        \" \".join([str(t) for t in parsed_claim if not t.is_stop])\n",
   "    parsed_quote_no_stop_words = nlp(\n",
   "        \" \".join([str(t) for t in parsed_quote if not t.is_stop])\n",
   "        parsed_claim_no_stop_words.similarity(parsed_quote_no_stop_words)\n"
  ]
 },
 "6": {
  "name": "parsed_claim",
  "type": "UNKNOWN",
  "class": "unknown",
  "approach": "annotation",
  "file_path": "debate-checker/fact_checker.py",
  "lineno": "20",
  "column": "4",
  "context": "the claim is equivalent to the quote.\n    \"\"\"\n    parsed_claim = nlp(claim)\n    parsed_quote = nlp(quote)\n\n    # remove stop w",
  "context_lines": "# ... or alternatively, try to compare shorter pieces of the sentence and compute pairwise similarities?\n\n\ndef is_claim_a_quote(claim: str, quote: str, similarity_threshold: float) -> bool:\n    \"\"\"Takes a claim and a quote and determines if the claim is equivalent to the quote.\n    \"\"\"\n    parsed_claim = nlp(claim)\n    parsed_quote = nlp(quote)\n\n    # remove stop words\n    parsed_claim_no_stop_words = nlp(\n        \" \".join([str(t) for t in parsed_claim if not t.is_stop])\n",
  "slicing": [
   "    parsed_claim = nlp(claim)\n",
   "        \" \".join([str(t) for t in parsed_claim if not t.is_stop])\n",
   "        \" \".join([str(t) for t in parsed_quote if not t.is_stop])\n"
  ]
 },
 "7": {
  "name": "parsed_quote",
  "type": "UNKNOWN",
  "class": "unknown",
  "approach": "annotation",
  "file_path": "debate-checker/fact_checker.py",
  "lineno": "21",
  "column": "4",
  "context": " quote.\n    \"\"\"\n    parsed_claim = nlp(claim)\n    parsed_quote = nlp(quote)\n\n    # remove stop words\n    parsed_claim_no_stop_",
  "context_lines": "def is_claim_a_quote(claim: str, quote: str, similarity_threshold: float) -> bool:\n    \"\"\"Takes a claim and a quote and determines if the claim is equivalent to the quote.\n    \"\"\"\n    parsed_claim = nlp(claim)\n    parsed_quote = nlp(quote)\n\n    # remove stop words\n    parsed_claim_no_stop_words = nlp(\n        \" \".join([str(t) for t in parsed_claim if not t.is_stop])\n",
  "slicing": [
   "    parsed_quote = nlp(quote)\n",
   "        \" \".join([str(t) for t in parsed_quote if not t.is_stop])\n"
  ]
 },
 "8": {
  "name": "parsed_claim_no_stop_words",
  "type": "UNKNOWN",
  "class": "unknown",
  "approach": "annotation",
  "file_path": "debate-checker/fact_checker.py",
  "lineno": "24",
  "column": "4",
  "context": "d_quote = nlp(quote)\n\n    # remove stop words\n    parsed_claim_no_stop_words = nlp(\n        \" \".join([str(t) for t in parsed_claim if ",
  "context_lines": "    \"\"\"\n    parsed_claim = nlp(claim)\n    parsed_quote = nlp(quote)\n\n    # remove stop words\n    parsed_claim_no_stop_words = nlp(\n        \" \".join([str(t) for t in parsed_claim if not t.is_stop])\n    )\n    parsed_quote_no_stop_words = nlp(\n        \" \".join([str(t) for t in parsed_quote if not t.is_stop])\n",
  "slicing": [
   "    parsed_claim_no_stop_words = nlp(\n",
   "        parsed_claim_no_stop_words.similarity(parsed_quote_no_stop_words)\n"
  ]
 },
 "9": {
  "name": "parsed_quote_no_stop_words",
  "type": "UNKNOWN",
  "class": "unknown",
  "approach": "annotation",
  "file_path": "debate-checker/fact_checker.py",
  "lineno": "27",
  "column": "4",
  "context": "or t in parsed_claim if not t.is_stop])\n    )\n    parsed_quote_no_stop_words = nlp(\n        \" \".join([str(t) for t in parsed_quote if ",
  "context_lines": "    # remove stop words\n    parsed_claim_no_stop_words = nlp(\n        \" \".join([str(t) for t in parsed_claim if not t.is_stop])\n    )\n    parsed_quote_no_stop_words = nlp(\n        \" \".join([str(t) for t in parsed_quote if not t.is_stop])\n    )\n\n    return (\n        parsed_claim_no_stop_words.similarity(parsed_quote_no_stop_words)\n",
  "slicing": [
   "    parsed_quote_no_stop_words = nlp(\n",
   "        parsed_claim_no_stop_words.similarity(parsed_quote_no_stop_words)\n"
  ]
 },
 "10": {
  "name": "items",
  "type": "UNKNOWN",
  "class": "unknown",
  "approach": "Pysonar2",
  "file_path": "debate-checker/fact_checker.py",
  "lineno": "41",
  "column": "4",
  "context": " checks it.\n    \"\"\"\n    # get factcheck items\n    items = FACTCHECK.claims().search(query=claim).execute()\n\n    # check similarity of claim to factcheck quot",
  "context_lines": "def fact_check_claim(claim: str, FACTCHECK: discovery) -> str:\n    \"\"\"Takes a claim and fact checks it.\n    \"\"\"\n    # get factcheck items\n    items = FACTCHECK.claims().search(query=claim).execute()\n\n    # check similarity of claim to factcheck quotes (first quote only)\n    # TODO: check all quotes,  not just first, and determined how to handle\n    quotes = [claim[\"text\"] for claim in items[\"claims\"]]\n",
  "slicing": [
   "    items = FACTCHECK.claims().search(query=claim).execute()\n",
   "    quotes = [claim[\"text\"] for claim in items[\"claims\"]]\n",
   "    is_quote = is_claim_a_quote(claim, quotes[0], similarity_threshold=0.70)\n",
   "    if is_quote:\n",
   "        claim_reviews = [claim[\"claimReview\"][0] for claim in items[\"claims\"]]\n",
   "        return claim_reviews[0]\n"
  ]
 },
 "11": {
  "name": "quotes",
  "type": "list",
  "class": "build-in",
  "approach": "annotation",
  "file_path": "debate-checker/fact_checker.py",
  "lineno": "45",
  "column": "4",
  "context": " not just first, and determined how to handle\n    quotes = [claim[\"text\"] for claim in items[\"claims\"]]\n    is_quote = is_claim_a_quote(claim, quotes[0], ",
  "context_lines": "    # get factcheck items\n    items = FACTCHECK.claims().search(query=claim).execute()\n\n    # check similarity of claim to factcheck quotes (first quote only)\n    # TODO: check all quotes,  not just first, and determined how to handle\n    quotes = [claim[\"text\"] for claim in items[\"claims\"]]\n    is_quote = is_claim_a_quote(claim, quotes[0], similarity_threshold=0.70)\n\n    # # TODO: introduce factcheck source preferences, for example:\n    # factcheck_preferences = {1: \"factcheck.org\", 2: \"politifact.com\"}\n\n    if is_quote:\n",
  "slicing": [
   "    quotes = [claim[\"text\"] for claim in items[\"claims\"]]\n",
   "    is_quote = is_claim_a_quote(claim, quotes[0], similarity_threshold=0.70)\n",
   "    if is_quote:\n"
  ]
 },
 "12": {
  "name": "is_quote",
  "type": "UNKNOWN",
  "class": "unknown",
  "approach": "annotation",
  "file_path": "debate-checker/fact_checker.py",
  "lineno": "46",
  "column": "4",
  "context": " [claim[\"text\"] for claim in items[\"claims\"]]\n    is_quote = is_claim_a_quote(claim, quotes[0], similarity_threshold=0.70)\n\n    # # TODO: introduce factcheck source preferen",
  "context_lines": "    items = FACTCHECK.claims().search(query=claim).execute()\n\n    # check similarity of claim to factcheck quotes (first quote only)\n    # TODO: check all quotes,  not just first, and determined how to handle\n    quotes = [claim[\"text\"] for claim in items[\"claims\"]]\n    is_quote = is_claim_a_quote(claim, quotes[0], similarity_threshold=0.70)\n\n    # # TODO: introduce factcheck source preferences, for example:\n    # factcheck_preferences = {1: \"factcheck.org\", 2: \"politifact.com\"}\n\n    if is_quote:\n",
  "slicing": [
   "    is_quote = is_claim_a_quote(claim, quotes[0], similarity_threshold=0.70)\n",
   "    if is_quote:\n"
  ]
 },
 "13": {
  "name": "claim_reviews",
  "type": "list",
  "class": "build-in",
  "approach": "annotation",
  "file_path": "debate-checker/fact_checker.py",
  "lineno": "52",
  "column": "8",
  "context": "\", 2: \"politifact.com\"}\n\n    if is_quote:\n        claim_reviews = [claim[\"claimReview\"][0] for claim in items[\"claims\"]]\n        return claim_reviews[0]\n    else:\n        ",
  "context_lines": "    is_quote = is_claim_a_quote(claim, quotes[0], similarity_threshold=0.70)\n\n    # # TODO: introduce factcheck source preferences, for example:\n    # factcheck_preferences = {1: \"factcheck.org\", 2: \"politifact.com\"}\n\n    if is_quote:\n        claim_reviews = [claim[\"claimReview\"][0] for claim in items[\"claims\"]]\n        return claim_reviews[0]\n    else:\n",
  "slicing": [
   "        claim_reviews = [claim[\"claimReview\"][0] for claim in items[\"claims\"]]\n",
   "        return claim_reviews[0]\n"
  ]
 },
 "14": {
  "name": "package_name",
  "type": "str",
  "class": "build-in",
  "approach": "Pysonar2",
  "file_path": "debate-checker/setup.py",
  "lineno": "7",
  "column": "0",
  "context": "uild\nfrom setuptools import setup, find_packages\n\npackage_name = \"debate_checker\"\n\nwith open(os.path.join(os.getcwd(), \"VERSION\")) a",
  "context_lines": "import subprocess\nfrom itertools import chain\nfrom distutils.command.build import build\nfrom setuptools import setup, find_packages\n\npackage_name = \"debate_checker\"\n\nwith open(os.path.join(os.getcwd(), \"VERSION\")) as version_file:\n    version = version_file.read().strip()\n\n\ndef parse_requirements(file):\n",
  "slicing": [
   "package_name = \"debate_checker\"\n",
   "    name=package_name,\n"
  ]
 },
 "15": {
  "name": "version",
  "type": "str",
  "class": "build-in",
  "approach": "Pysonar2",
  "file_path": "debate-checker/setup.py",
  "lineno": "10",
  "column": "4",
  "context": "oin(os.getcwd(), \"VERSION\")) as version_file:\n    version = version_file.read().strip()\n\n\ndef parse_requirements(file):\n    with open(file",
  "context_lines": "from distutils.command.build import build\nfrom setuptools import setup, find_packages\n\npackage_name = \"debate_checker\"\n\nwith open(os.path.join(os.getcwd(), \"VERSION\")) as version_file:\n    version = version_file.read().strip()\n\n\ndef parse_requirements(file):\n    with open(file, \"r\") as fs:\n        return [\n",
  "slicing": [
   "    version = version_file.read().strip()\n",
   "    version=version,\n"
  ]
 },
 "16": {
  "name": "requirements",
  "type": "UNKNOWN",
  "class": "unknown",
  "approach": "annotation",
  "file_path": "debate-checker/setup.py",
  "lineno": "26",
  "column": "0",
  "context": "trip().startswith(\"--\")\n            )\n        ]\n\n\nrequirements = parse_requirements(\"requirements.txt\")\n\n\ndef mypy_typecheck():\n    err_msg = \"[SKIP] WARN",
  "context_lines": "                and not r.strip().startswith(\"#\")\n                and not r.strip().startswith(\"--\")\n            )\n        ]\n\n\nrequirements = parse_requirements(\"requirements.txt\")\n\n\ndef mypy_typecheck():\n    err_msg = \"[SKIP] WARNING: mypy is not installed -- *NOT* type checking\"\n    try:\n",
  "slicing": [
   "requirements = parse_requirements(\"requirements.txt\")\n",
   "    install_requires=requirements,\n"
  ]
 },
 "17": {
  "name": "err_msg",
  "type": "str",
  "class": "build-in",
  "approach": "Pysonar2",
  "file_path": "debate-checker/setup.py",
  "lineno": "30",
  "column": "4",
  "context": "s(\"requirements.txt\")\n\n\ndef mypy_typecheck():\n    err_msg = \"[SKIP] WARNING: mypy is not installed -- *NOT* type checking\"\n    try:\n        with open(os.devnull, \"w\") as FNU",
  "context_lines": "            )\n        ]\n\n\nrequirements = parse_requirements(\"requirements.txt\")\n\n\ndef mypy_typecheck():\n    err_msg = \"[SKIP] WARNING: mypy is not installed -- *NOT* type checking\"\n    try:\n        with open(os.devnull, \"w\") as FNULL:\n            exit_code = subprocess.call(\n                [\"mypy\", \"-h\"], stdout=FNULL, stderr=subprocess.STDOUT\n",
  "slicing": [
   "    err_msg = \"[SKIP] WARNING: mypy is not installed -- *NOT* type checking\"\n",
   "                print(err_msg)\n",
   "        print(err_msg)\n"
  ]
 },
 "18": {
  "name": "fpath",
  "type": "str",
  "class": "build-in",
  "approach": "Pysonar2",
  "file_path": "debate-checker/setup.py",
  "lineno": "46",
  "column": "16",
  "context": ":\n            for f in filenames:\n                fpath = os.path.join(dirpath, f)\n                if os.path.isfile(fpath):\n        ",
  "context_lines": "        return\n\n    def list_files(directory):\n        for dirpath, dirnames, filenames in os.walk(directory):\n            for f in filenames:\n                fpath = os.path.join(dirpath, f)\n                if os.path.isfile(fpath):\n                    yield fpath\n\n    def py_file(filename):\n        return filename.endswith(\".py\") or filename.endswith(\".pyx\")\n\n",
  "slicing": [
   "                fpath = os.path.join(dirpath, f)\n",
   "                if os.path.isfile(fpath):\n",
   "                    yield fpath\n"
  ]
 },
 "19": {
  "name": "project_py_files",
  "type": "list",
  "class": "build-in",
  "approach": "annotation",
  "file_path": "debate-checker/setup.py",
  "lineno": "53",
  "column": "4",
  "context": "endswith(\".py\") or filename.endswith(\".pyx\")\n\n    project_py_files = list(\n        filter(\n            lambda x: \"setup.py\" n",
  "context_lines": "                if os.path.isfile(fpath):\n                    yield fpath\n\n    def py_file(filename):\n        return filename.endswith(\".py\") or filename.endswith(\".pyx\")\n\n    project_py_files = list(\n        filter(\n            lambda x: \"setup.py\" not in x,\n            chain(*[filter(py_file, list_files(loc)) for loc in [\".\"]]),\n        )\n",
  "slicing": [
   "    project_py_files = list(\n",
   "    mypy_command = [\"mypy\", \"--ignore-missing-imports\"] + project_py_files\n",
   "    exit_code = subprocess.call(mypy_command)\n",
   "    if exit_code is not 0:\n",
   "        exit(exit_code)\n"
  ]
 },
 "20": {
  "name": "mypy_command",
  "type": "UNKNOWN",
  "class": "unknown",
  "approach": "Pysonar2",
  "file_path": "debate-checker/setup.py",
  "lineno": "60",
  "column": "4",
  "context": "es(loc)) for loc in [\".\"]]),\n        )\n    )\n\n    mypy_command = [\"mypy\", \"--ignore-missing-imports\"] + project_py_files\n\n    print(f\"Typechecking with mypy:\")\n    exit_co",
  "context_lines": "            lambda x: \"setup.py\" not in x,\n            chain(*[filter(py_file, list_files(loc)) for loc in [\".\"]]),\n        )\n    )\n\n    mypy_command = [\"mypy\", \"--ignore-missing-imports\"] + project_py_files\n\n    print(f\"Typechecking with mypy:\")\n    exit_code = subprocess.call(mypy_command)\n    if exit_code is not 0:\n",
  "slicing": [
   "    mypy_command = [\"mypy\", \"--ignore-missing-imports\"] + project_py_files\n",
   "    exit_code = subprocess.call(mypy_command)\n",
   "    if exit_code is not 0:\n",
   "        exit(exit_code)\n"
  ]
 },
 "21": {
  "name": "exit_code",
  "type": "UNKNOWN",
  "class": "unknown",
  "approach": "Pysonar2",
  "file_path": "debate-checker/setup.py",
  "lineno": "63",
  "column": "4",
  "context": "_files\n\n    print(f\"Typechecking with mypy:\")\n    exit_code = subprocess.call(mypy_command)\n    if exit_code is not 0:\n        print(\"\\n\\nERRO",
  "context_lines": "        )\n    )\n\n    mypy_command = [\"mypy\", \"--ignore-missing-imports\"] + project_py_files\n\n    print(f\"Typechecking with mypy:\")\n    exit_code = subprocess.call(mypy_command)\n    if exit_code is not 0:\n        print(\"\\n\\nERROR: type checking failed -- type errors detected\")\n        exit(exit_code)\n    else:\n",
  "slicing": [
   "    exit_code = subprocess.call(mypy_command)\n",
   "    if exit_code is not 0:\n",
   "        exit(exit_code)\n"
  ]
 },
 "22": {
  "name": "exit_code",
  "type": "UNKNOWN",
  "class": "unknown",
  "approach": "Pysonar2",
  "file_path": "debate-checker/setup.py",
  "lineno": "33",
  "column": "12",
  "context": " with open(os.devnull, \"w\") as FNULL:\n            exit_code = subprocess.call(\n                [\"mypy\", \"-h\"], stdout=FNULL, stde",
  "context_lines": "def mypy_typecheck():\n    err_msg = \"[SKIP] WARNING: mypy is not installed -- *NOT* type checking\"\n    try:\n        with open(os.devnull, \"w\") as FNULL:\n            exit_code = subprocess.call(\n                [\"mypy\", \"-h\"], stdout=FNULL, stderr=subprocess.STDOUT\n            )\n            if exit_code != 0:\n                print(err_msg)\n",
  "slicing": [
   "            exit_code = subprocess.call(\n",
   "            if exit_code != 0:\n",
   "    if exit_code is not 0:\n",
   "        exit(exit_code)\n"
  ]
 },
 "23": {
  "name": "claim",
  "type": "UNKNOWN",
  "class": "unknown",
  "approach": "annotation",
  "file_path": "debate-checker/text/textual_claims.py",
  "lineno": "19",
  "column": "4",
  "context": "t w/ rules based to bootstrap labels.\n    \"\"\"\n    claim = None\n    return claim\n\n\npunctuations = string.punctuati",
  "context_lines": "def listen_for_textual_claims(text_stream):\n    \"\"\"Flags statements containing a factual claim.\n    NOTE: Will need a statistical model, but will need to start w/ rules based to bootstrap labels.\n    \"\"\"\n    claim = None\n    return claim\n\n\npunctuations = string.punctuation\n\nparser = spacy.load(\"en_core_web_sm\")\n\n# Custom transformer using spaCy\n",
  "slicing": [
   "    claim = None\n",
   "    return claim\n"
  ]
 },
 "24": {
  "name": "punctuations",
  "type": "UNKNOWN",
  "class": "unknown",
  "approach": "Pysonar2",
  "file_path": "debate-checker/text/textual_claims.py",
  "lineno": "23",
  "column": "0",
  "context": "bels.\n    \"\"\"\n    claim = None\n    return claim\n\n\npunctuations = string.punctuation\n\nparser = spacy.load(\"en_core_web_sm\")\n\n# Custom t",
  "context_lines": "    NOTE: Will need a statistical model, but will need to start w/ rules based to bootstrap labels.\n    \"\"\"\n    claim = None\n    return claim\n\n\npunctuations = string.punctuation\n\nparser = spacy.load(\"en_core_web_sm\")\n\n# Custom transformer using spaCy\nclass predictors(TransformerMixin):\n",
  "slicing": [
   "punctuations = string.punctuation\n",
   "        tok for tok in tokens if (tok not in stopwords and tok not in punctuations)\n"
  ]
 },
 "25": {
  "name": "parser",
  "type": "UNKNOWN",
  "class": "unknown",
  "approach": "Pysonar2",
  "file_path": "debate-checker/text/textual_claims.py",
  "lineno": "25",
  "column": "0",
  "context": "return claim\n\n\npunctuations = string.punctuation\n\nparser = spacy.load(\"en_core_web_sm\")\n\n# Custom transformer using spaCy\nclass predictors",
  "context_lines": "    \"\"\"\n    claim = None\n    return claim\n\n\npunctuations = string.punctuation\n\nparser = spacy.load(\"en_core_web_sm\")\n\n# Custom transformer using spaCy\nclass predictors(TransformerMixin):\n    def transform(self, X, **transform_params):\n",
  "slicing": [
   "parser = spacy.load(\"en_core_web_sm\")\n",
   "    tokens = parser(sentence)\n",
   "        for tok in tokens\n",
   "        tok for tok in tokens if (tok not in stopwords and tok not in punctuations)\n",
   "    return tokens\n"
  ]
 },
 "26": {
  "name": "tokens",
  "type": "UNKNOWN",
  "class": "unknown",
  "approach": "annotation",
  "file_path": "debate-checker/text/textual_claims.py",
  "lineno": "47",
  "column": "4",
  "context": "y word vectors\ndef spacy_tokenizer(sentence):\n    tokens = parser(sentence)\n    tokens = [\n        tok.lemma_.lower().strip() ",
  "context_lines": "    return text.strip().lower()\n\n\n# Create spacy tokenizer that parses a sentence and generates tokens\n# these can also be replaced by word vectors\ndef spacy_tokenizer(sentence):\n    tokens = parser(sentence)\n    tokens = [\n        tok.lemma_.lower().strip() if tok.lemma_ != \"-PRON-\" else tok.lower_\n        for tok in tokens\n    ]\n",
  "slicing": [
   "    tokens = parser(sentence)\n",
   "        for tok in tokens\n",
   "        tok for tok in tokens if (tok not in stopwords and tok not in punctuations)\n",
   "    return tokens\n"
  ]
 },
 "27": {
  "name": "tokens",
  "type": "list",
  "class": "build-in",
  "approach": "annotation",
  "file_path": "debate-checker/text/textual_claims.py",
  "lineno": "48",
  "column": "4",
  "context": "izer(sentence):\n    tokens = parser(sentence)\n    tokens = [\n        tok.lemma_.lower().strip() if tok.lemma_ !",
  "context_lines": "# Create spacy tokenizer that parses a sentence and generates tokens\n# these can also be replaced by word vectors\ndef spacy_tokenizer(sentence):\n    tokens = parser(sentence)\n    tokens = [\n        tok.lemma_.lower().strip() if tok.lemma_ != \"-PRON-\" else tok.lower_\n        for tok in tokens\n    ]\n    tokens = [\n",
  "slicing": [
   "    tokens = [\n",
   "        for tok in tokens\n",
   "        tok for tok in tokens if (tok not in stopwords and tok not in punctuations)\n",
   "    return tokens\n"
  ]
 },
 "28": {
  "name": "tokens",
  "type": "list",
  "class": "build-in",
  "approach": "annotation",
  "file_path": "debate-checker/text/textual_claims.py",
  "lineno": "52",
  "column": "4",
  "context": "se tok.lower_\n        for tok in tokens\n    ]\n    tokens = [\n        tok for tok in tokens if (tok not in stopw",
  "context_lines": "    tokens = [\n        tok.lemma_.lower().strip() if tok.lemma_ != \"-PRON-\" else tok.lower_\n        for tok in tokens\n    ]\n    tokens = [\n        tok for tok in tokens if (tok not in stopwords and tok not in punctuations)\n    ]\n    return tokens\n\n\n# create vectorizer object to generate feature vectors, we will use custom spacy’s tokenizer\n",
  "slicing": [
   "    tokens = [\n",
   "        tok for tok in tokens if (tok not in stopwords and tok not in punctuations)\n",
   "    return tokens\n"
  ]
 },
 "29": {
  "name": "vectorizer",
  "type": "sklearn.feature_extraction.text.CountVectorizer",
  "class": "imported",
  "approach": "annotation",
  "file_path": "debate-checker/text/textual_claims.py",
  "lineno": "59",
  "column": "0",
  "context": "ure vectors, we will use custom spacy’s tokenizer\nvectorizer = CountVectorizer(tokenizer=spacy_tokenizer, ngram_range=(1, 1))\nclassifier = LinearSVC()\n\n# Create the  pipeline t",
  "context_lines": "        tok for tok in tokens if (tok not in stopwords and tok not in punctuations)\n    ]\n    return tokens\n\n\n# create vectorizer object to generate feature vectors, we will use custom spacy’s tokenizer\nvectorizer = CountVectorizer(tokenizer=spacy_tokenizer, ngram_range=(1, 1))\nclassifier = LinearSVC()\n\n# Create the  pipeline to clean, tokenize, vectorize, and classify\npipe = Pipeline(\n    [(\"cleaner\", predictors()), (\"vectorizer\", vectorizer), (\"classifier\", classifier)]\n",
  "slicing": [
   "vectorizer = CountVectorizer(tokenizer=spacy_tokenizer, ngram_range=(1, 1))\n",
   "    [(\"cleaner\", predictors()), (\"vectorizer\", vectorizer), (\"classifier\", classifier)]\n"
  ]
 },
 "30": {
  "name": "classifier",
  "type": "sklearn.svm.LinearSVC",
  "class": "imported",
  "approach": "annotation",
  "file_path": "debate-checker/text/textual_claims.py",
  "lineno": "60",
  "column": "0",
  "context": "er(tokenizer=spacy_tokenizer, ngram_range=(1, 1))\nclassifier = LinearSVC()\n\n# Create the  pipeline to clean, tokenize, vector",
  "context_lines": "    ]\n    return tokens\n\n\n# create vectorizer object to generate feature vectors, we will use custom spacy’s tokenizer\nvectorizer = CountVectorizer(tokenizer=spacy_tokenizer, ngram_range=(1, 1))\nclassifier = LinearSVC()\n\n# Create the  pipeline to clean, tokenize, vectorize, and classify\npipe = Pipeline(\n    [(\"cleaner\", predictors()), (\"vectorizer\", vectorizer), (\"classifier\", classifier)]\n",
  "slicing": [
   "classifier = LinearSVC()\n",
   "    [(\"cleaner\", predictors()), (\"vectorizer\", vectorizer), (\"classifier\", classifier)]\n"
  ]
 },
 "31": {
  "name": "pipe",
  "type": "sklearn.pipeline.Pipeline",
  "class": "imported",
  "approach": "annotation",
  "file_path": "debate-checker/text/textual_claims.py",
  "lineno": "63",
  "column": "0",
  "context": "eline to clean, tokenize, vectorize, and classify\npipe = Pipeline(\n    [(\"cleaner\", predictors()), (\"vectorizer\", vec",
  "context_lines": "# create vectorizer object to generate feature vectors, we will use custom spacy’s tokenizer\nvectorizer = CountVectorizer(tokenizer=spacy_tokenizer, ngram_range=(1, 1))\nclassifier = LinearSVC()\n\n# Create the  pipeline to clean, tokenize, vectorize, and classify\npipe = Pipeline(\n    [(\"cleaner\", predictors()), (\"vectorizer\", vectorizer), (\"classifier\", classifier)]\n)\n\n# Load sample data\n# TODO: load data\n",
  "slicing": [
   "pipe = Pipeline(\n",
   "pipe.fit([x[0] for x in train], [x[1] for x in train])\n",
   "pred_data = pipe.predict([x[0] for x in test])\n",
   "for (sample, pred) in zip(test, pred_data):\n",
   "    print(sample, pred)\n",
   "print(\"Accuracy:\", accuracy_score([x[1] for x in test], pred_data))\n"
  ]
 },
 "32": {
  "name": "data",
  "type": "list",
  "class": "build-in",
  "approach": "annotation",
  "file_path": "debate-checker/text/textual_claims.py",
  "lineno": "69",
  "column": "0",
  "context": "ssifier)]\n)\n\n# Load sample data\n# TODO: load data\ndata: list = []\nrandom.shuffle(data)\n\nn_train, n_test = int(len(da",
  "context_lines": "    [(\"cleaner\", predictors()), (\"vectorizer\", vectorizer), (\"classifier\", classifier)]\n)\n\n# Load sample data\n# TODO: load data\ndata: list = []\nrandom.shuffle(data)\n\nn_train, n_test = int(len(data) * 0.70), len(data) - int(len(data) * 0.70)\ntrain, test = data[:n_train], data[n_train:]\n\n# Create model and measure accuracy\n",
  "slicing": [
   "data: list = []\n",
   "random.shuffle(data)\n",
   "n_train, n_test = int(len(data) * 0.70), len(data) - int(len(data) * 0.70)\n",
   "train, test = data[:n_train], data[n_train:]\n",
   "pipe.fit([x[0] for x in train], [x[1] for x in train])\n",
   "pred_data = pipe.predict([x[0] for x in test])\n",
   "for (sample, pred) in zip(test, pred_data):\n",
   "    print(sample, pred)\n",
   "print(\"Accuracy:\", accuracy_score([x[1] for x in test], pred_data))\n"
  ]
 },
 "33": {
  "name": "n_train",
  "type": "tuple",
  "class": "build-in",
  "approach": "annotation",
  "file_path": "debate-checker/text/textual_claims.py",
  "lineno": "72",
  "column": "0",
  "context": ": load data\ndata: list = []\nrandom.shuffle(data)\n\nn_train, n_test = int(len(data) * 0.70), len(data) - int(len(data) * 0.70)\ntrain, test = data[:n_train], data[n_train:]\n\n# Cr",
  "context_lines": "# Load sample data\n# TODO: load data\ndata: list = []\nrandom.shuffle(data)\n\nn_train, n_test = int(len(data) * 0.70), len(data) - int(len(data) * 0.70)\ntrain, test = data[:n_train], data[n_train:]\n\n# Create model and measure accuracy\npipe.fit([x[0] for x in train], [x[1] for x in train])\npred_data = pipe.predict([x[0] for x in test])\n",
  "slicing": [
   "n_train, n_test = int(len(data) * 0.70), len(data) - int(len(data) * 0.70)\n",
   "train, test = data[:n_train], data[n_train:]\n",
   "pipe.fit([x[0] for x in train], [x[1] for x in train])\n",
   "pred_data = pipe.predict([x[0] for x in test])\n",
   "for (sample, pred) in zip(test, pred_data):\n",
   "    print(sample, pred)\n",
   "print(\"Accuracy:\", accuracy_score([x[1] for x in test], pred_data))\n"
  ]
 },
 "34": {
  "name": "n_test",
  "type": "tuple",
  "class": "build-in",
  "approach": "annotation",
  "file_path": "debate-checker/text/textual_claims.py",
  "lineno": "72",
  "column": "9",
  "context": "ta\ndata: list = []\nrandom.shuffle(data)\n\nn_train, n_test = int(len(data) * 0.70), len(data) - int(len(data) * 0.70)\ntrain, test = data[:n_train], data[n_train:]\n\n# Cr",
  "context_lines": "# Load sample data\n# TODO: load data\ndata: list = []\nrandom.shuffle(data)\n\nn_train, n_test = int(len(data) * 0.70), len(data) - int(len(data) * 0.70)\ntrain, test = data[:n_train], data[n_train:]\n\n# Create model and measure accuracy\npipe.fit([x[0] for x in train], [x[1] for x in train])\npred_data = pipe.predict([x[0] for x in test])\n",
  "slicing": "n_train, n_test = int(len(data) * 0.70), len(data) - int(len(data) * 0.70)\n"
 },
 "35": {
  "name": "train",
  "type": "tuple",
  "class": "build-in",
  "approach": "annotation",
  "file_path": "debate-checker/text/textual_claims.py",
  "lineno": "73",
  "column": "0",
  "context": "(data) * 0.70), len(data) - int(len(data) * 0.70)\ntrain, test = data[:n_train], data[n_train:]\n\n# Create model and measure accuracy\npipe.fit([x[0",
  "context_lines": "# TODO: load data\ndata: list = []\nrandom.shuffle(data)\n\nn_train, n_test = int(len(data) * 0.70), len(data) - int(len(data) * 0.70)\ntrain, test = data[:n_train], data[n_train:]\n\n# Create model and measure accuracy\npipe.fit([x[0] for x in train], [x[1] for x in train])\npred_data = pipe.predict([x[0] for x in test])\n",
  "slicing": [
   "train, test = data[:n_train], data[n_train:]\n",
   "pipe.fit([x[0] for x in train], [x[1] for x in train])\n",
   "pred_data = pipe.predict([x[0] for x in test])\n",
   "for (sample, pred) in zip(test, pred_data):\n",
   "    print(sample, pred)\n",
   "print(\"Accuracy:\", accuracy_score([x[1] for x in test], pred_data))\n"
  ]
 },
 "36": {
  "name": "test",
  "type": "tuple",
  "class": "build-in",
  "approach": "annotation",
  "file_path": "debate-checker/text/textual_claims.py",
  "lineno": "73",
  "column": "7",
  "context": "* 0.70), len(data) - int(len(data) * 0.70)\ntrain, test = data[:n_train], data[n_train:]\n\n# Create model and measure accuracy\npipe.fit([x[0",
  "context_lines": "# TODO: load data\ndata: list = []\nrandom.shuffle(data)\n\nn_train, n_test = int(len(data) * 0.70), len(data) - int(len(data) * 0.70)\ntrain, test = data[:n_train], data[n_train:]\n\n# Create model and measure accuracy\npipe.fit([x[0] for x in train], [x[1] for x in train])\npred_data = pipe.predict([x[0] for x in test])\n",
  "slicing": [
   "train, test = data[:n_train], data[n_train:]\n",
   "pred_data = pipe.predict([x[0] for x in test])\n",
   "for (sample, pred) in zip(test, pred_data):\n",
   "    print(sample, pred)\n",
   "print(\"Accuracy:\", accuracy_score([x[1] for x in test], pred_data))\n"
  ]
 },
 "37": {
  "name": "pred_data",
  "type": "UNKNOWN",
  "class": "unknown",
  "approach": "Pysonar2",
  "file_path": "debate-checker/text/textual_claims.py",
  "lineno": "77",
  "column": "0",
  "context": "fit([x[0] for x in train], [x[1] for x in train])\npred_data = pipe.predict([x[0] for x in test])\nfor (sample, pred) in zip(test, pred_data):\n    pr",
  "context_lines": "n_train, n_test = int(len(data) * 0.70), len(data) - int(len(data) * 0.70)\ntrain, test = data[:n_train], data[n_train:]\n\n# Create model and measure accuracy\npipe.fit([x[0] for x in train], [x[1] for x in train])\npred_data = pipe.predict([x[0] for x in test])\nfor (sample, pred) in zip(test, pred_data):\n    print(sample, pred)\nprint(\"Accuracy:\", accuracy_score([x[1] for x in test], pred_data))\n\n\ndef find_numerical_claims():\n",
  "slicing": [
   "pred_data = pipe.predict([x[0] for x in test])\n",
   "for (sample, pred) in zip(test, pred_data):\n",
   "    print(sample, pred)\n",
   "print(\"Accuracy:\", accuracy_score([x[1] for x in test], pred_data))\n"
  ]
 },
 "38": {
  "name": "url",
  "type": "str",
  "class": "build-in",
  "approach": "Pysonar2",
  "file_path": "debate-checker/text/summarize.py",
  "lineno": "8",
  "column": "0",
  "context": "\n\nimport requests\n\nfrom bs4 import BeautifulSoup\n\nurl = \"https://www.politifact.com/truth-o-meter/statements/2019/jul/12/weston-pagano/fact-checking-attack-joe-biden-about-immigration-d/\"\nresponse = requests.get(url)\nsoup = BeautifulSoup(",
  "context_lines": "import time\nimport urllib.request\n\nimport requests\n\nfrom bs4 import BeautifulSoup\n\nurl = \"https://www.politifact.com/truth-o-meter/statements/2019/jul/12/weston-pagano/fact-checking-attack-joe-biden-about-immigration-d/\"\nresponse = requests.get(url)\nsoup = BeautifulSoup(response.text, \"html.parser\")\n\n# TODO: need a better way to filter for the paragraphs of interest\nparagraphs = [p.text for p in soup.findAll(\"p\") if len(p.text) > 25]\n\n\n",
  "slicing": [
   "url = \"https://www.politifact.com/truth-o-meter/statements/2019/jul/12/weston-pagano/fact-checking-attack-joe-biden-about-immigration-d/\"\n",
   "response = requests.get(url)\n",
   "soup = BeautifulSoup(response.text, \"html.parser\")\n",
   "paragraphs = [p.text for p in soup.findAll(\"p\") if len(p.text) > 25]\n"
  ]
 },
 "39": {
  "name": "response",
  "type": "UNKNOWN",
  "class": "unknown",
  "approach": "Pysonar2",
  "file_path": "debate-checker/text/summarize.py",
  "lineno": "9",
  "column": "0",
  "context": "t-checking-attack-joe-biden-about-immigration-d/\"\nresponse = requests.get(url)\nsoup = BeautifulSoup(response.text, \"html.parser\")",
  "context_lines": "import urllib.request\n\nimport requests\n\nfrom bs4 import BeautifulSoup\n\nurl = \"https://www.politifact.com/truth-o-meter/statements/2019/jul/12/weston-pagano/fact-checking-attack-joe-biden-about-immigration-d/\"\nresponse = requests.get(url)\nsoup = BeautifulSoup(response.text, \"html.parser\")\n\n# TODO: need a better way to filter for the paragraphs of interest\nparagraphs = [p.text for p in soup.findAll(\"p\") if len(p.text) > 25]\n\n\n# TODO: implement this method\n",
  "slicing": [
   "response = requests.get(url)\n",
   "soup = BeautifulSoup(response.text, \"html.parser\")\n",
   "paragraphs = [p.text for p in soup.findAll(\"p\") if len(p.text) > 25]\n"
  ]
 },
 "40": {
  "name": "soup",
  "type": "bs4.BeautifulSoup",
  "class": "imported",
  "approach": "annotation",
  "file_path": "debate-checker/text/summarize.py",
  "lineno": "10",
  "column": "0",
  "context": "bout-immigration-d/\"\nresponse = requests.get(url)\nsoup = BeautifulSoup(response.text, \"html.parser\")\n\n# TODO: need a better way to filter for the parag",
  "context_lines": "import requests\n\nfrom bs4 import BeautifulSoup\n\nurl = \"https://www.politifact.com/truth-o-meter/statements/2019/jul/12/weston-pagano/fact-checking-attack-joe-biden-about-immigration-d/\"\nresponse = requests.get(url)\nsoup = BeautifulSoup(response.text, \"html.parser\")\n\n# TODO: need a better way to filter for the paragraphs of interest\nparagraphs = [p.text for p in soup.findAll(\"p\") if len(p.text) > 25]\n\n\n# TODO: implement this method\n",
  "slicing": [
   "soup = BeautifulSoup(response.text, \"html.parser\")\n",
   "paragraphs = [p.text for p in soup.findAll(\"p\") if len(p.text) > 25]\n"
  ]
 },
 "41": {
  "name": "paragraphs",
  "type": "list",
  "class": "build-in",
  "approach": "annotation",
  "file_path": "debate-checker/text/summarize.py",
  "lineno": "13",
  "column": "0",
  "context": "tter way to filter for the paragraphs of interest\nparagraphs = [p.text for p in soup.findAll(\"p\") if len(p.text) > 25]\n\n\n# TODO: implement this method\ndef paragraph_to_s",
  "context_lines": "url = \"https://www.politifact.com/truth-o-meter/statements/2019/jul/12/weston-pagano/fact-checking-attack-joe-biden-about-immigration-d/\"\nresponse = requests.get(url)\nsoup = BeautifulSoup(response.text, \"html.parser\")\n\n# TODO: need a better way to filter for the paragraphs of interest\nparagraphs = [p.text for p in soup.findAll(\"p\") if len(p.text) > 25]\n\n\n# TODO: implement this method\ndef paragraph_to_summary(paragraph: str, summary_len: int) -> str:\n    \"\"\"Takes a paragraph and summarizes it the given summary length.\n",
  "slicing": "paragraphs = [p.text for p in soup.findAll(\"p\") if len(p.text) > 25]\n"
 },
 "42": {
  "name": "paths",
  "type": "UNKNOWN",
  "class": "unknown",
  "approach": "Pysonar2",
  "file_path": "debate-checker/text/utils.py",
  "lineno": "7",
  "column": "4",
  "context": " of the concatenated contents of the file.\"\"\"\n    paths = glob.glob(path + \"/*.txt\")\n    text = \"\"\n    for path in paths:\n        with ",
  "context_lines": "import glob\n\n\ndef append_files_from_path(path: str) -> str:\n    \"\"\"Given a path to a list of .txt files return a string\n    of the concatenated contents of the file.\"\"\"\n    paths = glob.glob(path + \"/*.txt\")\n    text = \"\"\n    for path in paths:\n        with open(path, \"r\") as f:\n            read_text = f.read()\n",
  "slicing": [
   "    paths = glob.glob(path + \"/*.txt\")\n",
   "    for path in paths:\n",
   "        with open(path, \"r\") as f:\n"
  ]
 },
 "43": {
  "name": "text",
  "type": "str",
  "class": "build-in",
  "approach": "Pysonar2",
  "file_path": "debate-checker/text/utils.py",
  "lineno": "8",
  "column": "4",
  "context": "le.\"\"\"\n    paths = glob.glob(path + \"/*.txt\")\n    text = \"\"\n    for path in paths:\n        with open(path, \"r\"",
  "context_lines": "def append_files_from_path(path: str) -> str:\n    \"\"\"Given a path to a list of .txt files return a string\n    of the concatenated contents of the file.\"\"\"\n    paths = glob.glob(path + \"/*.txt\")\n    text = \"\"\n    for path in paths:\n        with open(path, \"r\") as f:\n            read_text = f.read()\n            text += read_text\n",
  "slicing": [
   "    text = \"\"\n",
   "    return text\n"
  ]
 },
 "44": {
  "name": "read_text",
  "type": "str",
  "class": "build-in",
  "approach": "Pysonar2",
  "file_path": "debate-checker/text/utils.py",
  "lineno": "11",
  "column": "12",
  "context": "s:\n        with open(path, \"r\") as f:\n            read_text = f.read()\n            text += read_text\n    return text\n\n\nte",
  "context_lines": "    paths = glob.glob(path + \"/*.txt\")\n    text = \"\"\n    for path in paths:\n        with open(path, \"r\") as f:\n            read_text = f.read()\n            text += read_text\n    return text\n\n\ntext = append_files_from_path(\"../data/debates\")\n\n\nfrom typing import List\n\n\n",
  "slicing": [
   "            read_text = f.read()\n",
   "            text += read_text\n",
   "    return text\n"
  ]
 },
 "45": {
  "name": "text",
  "type": "UNKNOWN",
  "class": "unknown",
  "approach": "annotation",
  "file_path": "debate-checker/text/utils.py",
  "lineno": "12",
  "column": "12",
  "context": "s f:\n            read_text = f.read()\n            text += read_text\n    return text\n\n\ntext = append_files_from_path(\".",
  "context_lines": "    text = \"\"\n    for path in paths:\n        with open(path, \"r\") as f:\n            read_text = f.read()\n            text += read_text\n    return text\n\n\ntext = append_files_from_path(\"../data/debates\")\n\n\nfrom typing import List\n\n\ndef flatten_list_of_lists(l: List[List[str]]) -> List[str]:\n",
  "slicing": [
   "            text += read_text\n",
   "    return text\n"
  ]
 },
 "46": {
  "name": "text",
  "type": "UNKNOWN",
  "class": "unknown",
  "approach": "annotation",
  "file_path": "debate-checker/text/utils.py",
  "lineno": "16",
  "column": "0",
  "context": ")\n            text += read_text\n    return text\n\n\ntext = append_files_from_path(\"../data/debates\")\n\n\nfrom typing import List\n\n\ndef flatten_list_of_li",
  "context_lines": "        with open(path, \"r\") as f:\n            read_text = f.read()\n            text += read_text\n    return text\n\n\ntext = append_files_from_path(\"../data/debates\")\n\n\nfrom typing import List\n\n\ndef flatten_list_of_lists(l: List[List[str]]) -> List[str]:\n    \"\"\"do a thing...\n",
  "slicing": "text = append_files_from_path(\"../data/debates\")\n"
 },
 "47": {
  "name": "claim",
  "type": "str",
  "class": "build-in",
  "approach": "annotation",
  "file_path": "debate-checker/fact_checker.py",
  "lineno": "17",
  "column": "21",
  "context": "ute pairwise similarities?\n\n\ndef is_claim_a_quote(claim: str, quote: str, similarity_threshold: float) -> bool:\n    \"\"\"Takes a claim and a quote and determines if",
  "context_lines": "nlp = spacy.load(\"en_core_web_sm\")\n\n# TODO: the word embedding of a full sentence is simply the average over all different words...\n# ... consider modify the vectors by a length difference penalty?...\n# ... or alternatively, try to compare shorter pieces of the sentence and compute pairwise similarities?\n\n\ndef is_claim_a_quote(claim: str, quote: str, similarity_threshold: float) -> bool:\n    \"\"\"Takes a claim and a quote and determines if the claim is equivalent to the quote.\n    \"\"\"\n    parsed_claim = nlp(claim)\n    parsed_quote = nlp(quote)\n\n",
  "slicing": [
   "API_KEY = \"AIzaSyD91Ya6ssiNzbcReKdXpxQYSNGVCuIYAy0\"\n",
   "VERSION = \"v1alpha1\"\n",
   "API = \"factchecktools\"\n",
   "FACTCHECK = discovery.build(API, VERSION, developerKey=API_KEY)\n",
   "nlp = spacy.load(\"en_core_web_sm\")\n",
   "def is_claim_a_quote(claim: str, quote: str, similarity_threshold: float) -> bool:\n",
   "    parsed_claim = nlp(claim)\n",
   "    parsed_quote = nlp(quote)\n",
   "    parsed_claim_no_stop_words = nlp(\n",
   "        \" \".join([str(t) for t in parsed_claim if not t.is_stop])\n",
   "    parsed_quote_no_stop_words = nlp(\n",
   "        \" \".join([str(t) for t in parsed_quote if not t.is_stop])\n",
   "        parsed_claim_no_stop_words.similarity(parsed_quote_no_stop_words)\n",
   "    items = FACTCHECK.claims().search(query=claim).execute()\n",
   "    quotes = [claim[\"text\"] for claim in items[\"claims\"]]\n",
   "    is_quote = is_claim_a_quote(claim, quotes[0], similarity_threshold=0.70)\n",
   "    if is_quote:\n",
   "        claim_reviews = [claim[\"claimReview\"][0] for claim in items[\"claims\"]]\n",
   "        return claim_reviews[0]\n"
  ]
 },
 "48": {
  "name": "quote",
  "type": "str",
  "class": "build-in",
  "approach": "annotation",
  "file_path": "debate-checker/fact_checker.py",
  "lineno": "17",
  "column": "33",
  "context": " similarities?\n\n\ndef is_claim_a_quote(claim: str, quote: str, similarity_threshold: float) -> bool:\n    \"\"\"Takes a claim and a quote and determines if",
  "context_lines": "nlp = spacy.load(\"en_core_web_sm\")\n\n# TODO: the word embedding of a full sentence is simply the average over all different words...\n# ... consider modify the vectors by a length difference penalty?...\n# ... or alternatively, try to compare shorter pieces of the sentence and compute pairwise similarities?\n\n\ndef is_claim_a_quote(claim: str, quote: str, similarity_threshold: float) -> bool:\n    \"\"\"Takes a claim and a quote and determines if the claim is equivalent to the quote.\n    \"\"\"\n    parsed_claim = nlp(claim)\n    parsed_quote = nlp(quote)\n\n",
  "slicing": [
   "API_KEY = \"AIzaSyD91Ya6ssiNzbcReKdXpxQYSNGVCuIYAy0\"\n",
   "VERSION = \"v1alpha1\"\n",
   "API = \"factchecktools\"\n",
   "FACTCHECK = discovery.build(API, VERSION, developerKey=API_KEY)\n",
   "nlp = spacy.load(\"en_core_web_sm\")\n",
   "def is_claim_a_quote(claim: str, quote: str, similarity_threshold: float) -> bool:\n",
   "    parsed_claim = nlp(claim)\n",
   "    parsed_quote = nlp(quote)\n",
   "    parsed_claim_no_stop_words = nlp(\n",
   "        \" \".join([str(t) for t in parsed_claim if not t.is_stop])\n",
   "    parsed_quote_no_stop_words = nlp(\n",
   "        \" \".join([str(t) for t in parsed_quote if not t.is_stop])\n",
   "        parsed_claim_no_stop_words.similarity(parsed_quote_no_stop_words)\n",
   "    items = FACTCHECK.claims().search(query=claim).execute()\n",
   "    quotes = [claim[\"text\"] for claim in items[\"claims\"]]\n",
   "    is_quote = is_claim_a_quote(claim, quotes[0], similarity_threshold=0.70)\n",
   "    if is_quote:\n",
   "        claim_reviews = [claim[\"claimReview\"][0] for claim in items[\"claims\"]]\n",
   "        return claim_reviews[0]\n"
  ]
 },
 "49": {
  "name": "similarity_threshold",
  "type": "float",
  "class": "build-in",
  "approach": "annotation",
  "file_path": "debate-checker/fact_checker.py",
  "lineno": "17",
  "column": "45",
  "context": "s?\n\n\ndef is_claim_a_quote(claim: str, quote: str, similarity_threshold: float) -> bool:\n    \"\"\"Takes a claim and a quote and determines if",
  "context_lines": "nlp = spacy.load(\"en_core_web_sm\")\n\n# TODO: the word embedding of a full sentence is simply the average over all different words...\n# ... consider modify the vectors by a length difference penalty?...\n# ... or alternatively, try to compare shorter pieces of the sentence and compute pairwise similarities?\n\n\ndef is_claim_a_quote(claim: str, quote: str, similarity_threshold: float) -> bool:\n    \"\"\"Takes a claim and a quote and determines if the claim is equivalent to the quote.\n    \"\"\"\n    parsed_claim = nlp(claim)\n    parsed_quote = nlp(quote)\n\n",
  "slicing": [
   "def is_claim_a_quote(claim: str, quote: str, similarity_threshold: float) -> bool:\n",
   "    is_quote = is_claim_a_quote(claim, quotes[0], similarity_threshold=0.70)\n"
  ]
 },
 "50": {
  "name": "claim",
  "type": "str",
  "class": "build-in",
  "approach": "annotation",
  "file_path": "debate-checker/fact_checker.py",
  "lineno": "37",
  "column": "21",
  "context": "similarity_threshold\n    )\n\n\ndef fact_check_claim(claim: str, FACTCHECK: discovery) -> str:\n    \"\"\"Takes a claim and fact checks it.\n    \"\"\"\n ",
  "context_lines": "    return (\n        parsed_claim_no_stop_words.similarity(parsed_quote_no_stop_words)\n        >= similarity_threshold\n    )\n\n\ndef fact_check_claim(claim: str, FACTCHECK: discovery) -> str:\n    \"\"\"Takes a claim and fact checks it.\n    \"\"\"\n    # get factcheck items\n    items = FACTCHECK.claims().search(query=claim).execute()\n\n",
  "slicing": "def fact_check_claim(claim: str, FACTCHECK: discovery) -> str:\n"
 },
 "51": {
  "name": "FACTCHECK",
  "type": "UNKNOWN",
  "class": "unknown",
  "approach": "annotation",
  "file_path": "debate-checker/fact_checker.py",
  "lineno": "37",
  "column": "33",
  "context": "hreshold\n    )\n\n\ndef fact_check_claim(claim: str, FACTCHECK: discovery) -> str:\n    \"\"\"Takes a claim and fact checks it.\n    \"\"\"\n ",
  "context_lines": "    return (\n        parsed_claim_no_stop_words.similarity(parsed_quote_no_stop_words)\n        >= similarity_threshold\n    )\n\n\ndef fact_check_claim(claim: str, FACTCHECK: discovery) -> str:\n    \"\"\"Takes a claim and fact checks it.\n    \"\"\"\n    # get factcheck items\n    items = FACTCHECK.claims().search(query=claim).execute()\n\n",
  "slicing": "def fact_check_claim(claim: str, FACTCHECK: discovery) -> str:\n"
 },
 "52": {
  "name": "file",
  "type": "str",
  "class": "build-in",
  "approach": "Pysonar2",
  "file_path": "debate-checker/setup.py",
  "lineno": "13",
  "column": "23",
  "context": "sion_file.read().strip()\n\n\ndef parse_requirements(file):\n    with open(file, \"r\") as fs:\n        return [\n ",
  "context_lines": "from setuptools import setup, find_packages\n\npackage_name = \"debate_checker\"\n\nwith open(os.path.join(os.getcwd(), \"VERSION\")) as version_file:\n    version = version_file.read().strip()\n\n\ndef parse_requirements(file):\n    with open(file, \"r\") as fs:\n        return [\n            r\n            for r in fs.read().splitlines()\n",
  "slicing": [
   "def parse_requirements(file):\n",
   "    with open(file, \"r\") as fs:\n"
  ]
 },
 "53": {
  "name": "directory",
  "type": "str",
  "class": "build-in",
  "approach": "Pysonar2",
  "file_path": "debate-checker/setup.py",
  "lineno": "43",
  "column": "19",
  "context": "print(err_msg)\n        return\n\n    def list_files(directory):\n        for dirpath, dirnames, filenames in os.wal",
  "context_lines": "                return\n    except FileNotFoundError:\n        print(err_msg)\n        return\n\n    def list_files(directory):\n        for dirpath, dirnames, filenames in os.walk(directory):\n            for f in filenames:\n                fpath = os.path.join(dirpath, f)\n                if os.path.isfile(fpath):\n",
  "slicing": [
   "with open(os.path.join(os.getcwd(), \"VERSION\")) as version_file:\n",
   "    version = version_file.read().strip()\n",
   "def parse_requirements(file):\n",
   "    with open(file, \"r\") as fs:\n",
   "            for r in fs.read().splitlines()\n",
   "                len(r.strip()) > 0\n",
   "                and not r.strip().startswith(\"#\")\n",
   "                and not r.strip().startswith(\"--\")\n",
   "    err_msg = \"[SKIP] WARNING: mypy is not installed -- *NOT* type checking\"\n",
   "        with open(os.devnull, \"w\") as FNULL:\n",
   "            exit_code = subprocess.call(\n",
   "                [\"mypy\", \"-h\"], stdout=FNULL, stderr=subprocess.STDOUT\n",
   "            if exit_code != 0:\n",
   "                print(err_msg)\n",
   "        print(err_msg)\n",
   "    def list_files(directory):\n",
   "        for dirpath, dirnames, filenames in os.walk(directory):\n",
   "            for f in filenames:\n",
   "                fpath = os.path.join(dirpath, f)\n",
   "                if os.path.isfile(fpath):\n",
   "                    yield fpath\n",
   "            chain(*[filter(py_file, list_files(loc)) for loc in [\".\"]]),\n",
   "    if exit_code is not 0:\n",
   "        exit(exit_code)\n",
   "    version=version,\n"
  ]
 },
 "54": {
  "name": "filename",
  "type": "UNKNOWN",
  "class": "unknown",
  "approach": "Pysonar2",
  "file_path": "debate-checker/setup.py",
  "lineno": "50",
  "column": "16",
  "context": "\n                    yield fpath\n\n    def py_file(filename):\n        return filename.endswith(\".py\") or filenam",
  "context_lines": "            for f in filenames:\n                fpath = os.path.join(dirpath, f)\n                if os.path.isfile(fpath):\n                    yield fpath\n\n    def py_file(filename):\n        return filename.endswith(\".py\") or filename.endswith(\".pyx\")\n\n    project_py_files = list(\n        filter(\n            lambda x: \"setup.py\" not in x,\n",
  "slicing": "    def py_file(filename):\n"
 },
 "55": {
  "name": "text_stream",
  "type": "UNKNOWN",
  "class": "unknown",
  "approach": "Pysonar2",
  "file_path": "debate-checker/text/textual_claims.py",
  "lineno": "15",
  "column": "30",
  "context": " import LinearSVC\n\n\ndef listen_for_textual_claims(text_stream):\n    \"\"\"Flags statements containing a factual claim",
  "context_lines": "from sklearn.feature_extraction.text import CountVectorizer\nfrom sklearn.metrics import accuracy_score\nfrom sklearn.pipeline import Pipeline\nfrom sklearn.svm import LinearSVC\n\n\ndef listen_for_textual_claims(text_stream):\n    \"\"\"Flags statements containing a factual claim.\n    NOTE: Will need a statistical model, but will need to start w/ rules based to bootstrap labels.\n    \"\"\"\n    claim = None\n",
  "slicing": "def listen_for_textual_claims(text_stream):\n"
 },
 "56": {
  "name": "X",
  "type": "UNKNOWN",
  "class": "unknown",
  "approach": "Pysonar2",
  "file_path": "debate-checker/text/textual_claims.py",
  "lineno": "29",
  "column": "24",
  "context": "ictors(TransformerMixin):\n    def transform(self, X, **transform_params):\n        return [clean_text(text) for text in X]\n\n ",
  "context_lines": "punctuations = string.punctuation\n\nparser = spacy.load(\"en_core_web_sm\")\n\n# Custom transformer using spaCy\nclass predictors(TransformerMixin):\n    def transform(self, X, **transform_params):\n        return [clean_text(text) for text in X]\n\n    def fit(self, X, y=None, **fit_params):\n        return self\n\n    def get_params(self, deep=True):\n",
  "slicing": "    def transform(self, X, **transform_params):\n"
 },
 "57": {
  "name": "X",
  "type": "UNKNOWN",
  "class": "unknown",
  "approach": "Pysonar2",
  "file_path": "debate-checker/text/textual_claims.py",
  "lineno": "32",
  "column": "18",
  "context": "lean_text(text) for text in X]\n\n    def fit(self, X, y=None, **fit_params):\n        return self\n\n    def get_params(self, deep",
  "context_lines": "# Custom transformer using spaCy\nclass predictors(TransformerMixin):\n    def transform(self, X, **transform_params):\n        return [clean_text(text) for text in X]\n\n    def fit(self, X, y=None, **fit_params):\n        return self\n\n    def get_params(self, deep=True):\n        return {}\n\n\n# Basic utility function to clean the text\n",
  "slicing": "    def fit(self, X, y=None, **fit_params):\n"
 },
 "58": {
  "name": "y",
  "type": "UNKNOWN",
  "class": "unknown",
  "approach": "Pysonar2",
  "file_path": "debate-checker/text/textual_claims.py",
  "lineno": "32",
  "column": "21",
  "context": "n_text(text) for text in X]\n\n    def fit(self, X, y=None, **fit_params):\n        return self\n\n    def get_params(self, deep",
  "context_lines": "# Custom transformer using spaCy\nclass predictors(TransformerMixin):\n    def transform(self, X, **transform_params):\n        return [clean_text(text) for text in X]\n\n    def fit(self, X, y=None, **fit_params):\n        return self\n\n    def get_params(self, deep=True):\n        return {}\n\n\n# Basic utility function to clean the text\n",
  "slicing": "    def fit(self, X, y=None, **fit_params):\n"
 },
 "59": {
  "name": "deep",
  "type": "bool",
  "class": "build-in",
  "approach": "Pysonar2",
  "file_path": "debate-checker/text/textual_claims.py",
  "lineno": "35",
  "column": "25",
  "context": "s):\n        return self\n\n    def get_params(self, deep=True):\n        return {}\n\n\n# Basic utility function to cl",
  "context_lines": "    def transform(self, X, **transform_params):\n        return [clean_text(text) for text in X]\n\n    def fit(self, X, y=None, **fit_params):\n        return self\n\n    def get_params(self, deep=True):\n        return {}\n\n\n# Basic utility function to clean the text\ndef clean_text(text):\n    return text.strip().lower()\n\n\n",
  "slicing": "    def get_params(self, deep=True):\n"
 },
 "60": {
  "name": "text",
  "type": "UNKNOWN",
  "class": "unknown",
  "approach": "Pysonar2",
  "file_path": "debate-checker/text/textual_claims.py",
  "lineno": "40",
  "column": "15",
  "context": "utility function to clean the text\ndef clean_text(text):\n    return text.strip().lower()\n\n\n# Create spacy t",
  "context_lines": "        return self\n\n    def get_params(self, deep=True):\n        return {}\n\n\n# Basic utility function to clean the text\ndef clean_text(text):\n    return text.strip().lower()\n\n\n# Create spacy tokenizer that parses a sentence and generates tokens\n# these can also be replaced by word vectors\ndef spacy_tokenizer(sentence):\n",
  "slicing": "def clean_text(text):\n"
 },
 "61": {
  "name": "sentence",
  "type": "UNKNOWN",
  "class": "unknown",
  "approach": "Pysonar2",
  "file_path": "debate-checker/text/textual_claims.py",
  "lineno": "46",
  "column": "20",
  "context": "o be replaced by word vectors\ndef spacy_tokenizer(sentence):\n    tokens = parser(sentence)\n    tokens = [\n     ",
  "context_lines": "def clean_text(text):\n    return text.strip().lower()\n\n\n# Create spacy tokenizer that parses a sentence and generates tokens\n# these can also be replaced by word vectors\ndef spacy_tokenizer(sentence):\n    tokens = parser(sentence)\n    tokens = [\n        tok.lemma_.lower().strip() if tok.lemma_ != \"-PRON-\" else tok.lower_\n        for tok in tokens\n",
  "slicing": "def spacy_tokenizer(sentence):\n"
 },
 "62": {
  "name": "paragraph",
  "type": "str",
  "class": "build-in",
  "approach": "annotation",
  "file_path": "debate-checker/text/summarize.py",
  "lineno": "17",
  "column": "25",
  "context": "O: implement this method\ndef paragraph_to_summary(paragraph: str, summary_len: int) -> str:\n    \"\"\"Takes a paragraph and summarizes it the giv",
  "context_lines": "soup = BeautifulSoup(response.text, \"html.parser\")\n\n# TODO: need a better way to filter for the paragraphs of interest\nparagraphs = [p.text for p in soup.findAll(\"p\") if len(p.text) > 25]\n\n\n# TODO: implement this method\ndef paragraph_to_summary(paragraph: str, summary_len: int) -> str:\n    \"\"\"Takes a paragraph and summarizes it the given summary length.\n",
  "slicing": "def paragraph_to_summary(paragraph: str, summary_len: int) -> str:\n"
 },
 "63": {
  "name": "summary_len",
  "type": "int",
  "class": "build-in",
  "approach": "annotation",
  "file_path": "debate-checker/text/summarize.py",
  "lineno": "17",
  "column": "41",
  "context": "s method\ndef paragraph_to_summary(paragraph: str, summary_len: int) -> str:\n    \"\"\"Takes a paragraph and summarizes it the giv",
  "context_lines": "soup = BeautifulSoup(response.text, \"html.parser\")\n\n# TODO: need a better way to filter for the paragraphs of interest\nparagraphs = [p.text for p in soup.findAll(\"p\") if len(p.text) > 25]\n\n\n# TODO: implement this method\ndef paragraph_to_summary(paragraph: str, summary_len: int) -> str:\n    \"\"\"Takes a paragraph and summarizes it the given summary length.\n",
  "slicing": "def paragraph_to_summary(paragraph: str, summary_len: int) -> str:\n"
 },
 "64": {
  "name": "path",
  "type": "str",
  "class": "build-in",
  "approach": "annotation",
  "file_path": "debate-checker/text/utils.py",
  "lineno": "4",
  "column": "27",
  "context": "import glob\n\n\ndef append_files_from_path(path: str) -> str:\n    \"\"\"Given a path to a list of .txt files return",
  "context_lines": "import glob\n\n\ndef append_files_from_path(path: str) -> str:\n    \"\"\"Given a path to a list of .txt files return a string\n    of the concatenated contents of the file.\"\"\"\n    paths = glob.glob(path + \"/*.txt\")\n    text = \"\"\n",
  "slicing": [
   "def append_files_from_path(path: str) -> str:\n",
   "        with open(path, \"r\") as f:\n"
  ]
 },
 "65": {
  "name": "l",
  "type": "dict",
  "class": "build-in",
  "approach": "annotation",
  "file_path": "debate-checker/text/utils.py",
  "lineno": "22",
  "column": "26",
  "context": "om typing import List\n\n\ndef flatten_list_of_lists(l: List[List[str]]) -> List[str]:\n    \"\"\"do a thing...\n    \"\"\"\n    return \" \".join(l",
  "context_lines": "            text += read_text\n    return text\n\n\ntext = append_files_from_path(\"../data/debates\")\n\n\nfrom typing import List\n\n\ndef flatten_list_of_lists(l: List[List[str]]) -> List[str]:\n    \"\"\"do a thing...\n    \"\"\"\n",
  "slicing": "def flatten_list_of_lists(l: List[List[str]]) -> List[str]:\n"
 },
 "66": {
  "name": "parsed_claim",
  "type": "nlp",
  "class": "imported",
  "approach": "annotation",
  "file_path": "debate-checker/fact_checker.py",
  "lineno": "20",
  "column": "4",
  "slicing": "['API_KEY = \"AIzaSyD91Ya6ssiNzbcReKdXpxQYSNGVCuIYAy0\"\\n', 'VERSION = \"v1alpha1\"\\n', 'API = \"factchecktools\"\\n', 'FACTCHECK = discovery.build(API, VERSION, developerKey=API_KEY)\\n', 'nlp = spacy.load(\"en_core_web_sm\")\\n', 'def is_claim_a_quote(claim: str, quote: str, similarity_threshold: float) -> bool:\\n', '    parsed_claim = nlp(claim)\\n', '    parsed_quote = nlp(quote)\\n', '    parsed_claim_no_stop_words = nlp(\\n', '        \" \".join([str(t) for t in parsed_claim if not t.is_stop])\\n', '    parsed_quote_no_stop_words = nlp(\\n', '        \" \".join([str(t) for t in parsed_quote if not t.is_stop])\\n', '        parsed_claim_no_stop_words.similarity(parsed_quote_no_stop_words)\\n', '    items = FACTCHECK.claims().search(query=claim).execute()\\n', '    quotes = [claim[\"text\"] for claim in items[\"claims\"]]\\n', '    is_quote = is_claim_a_quote(claim, quotes[0], similarity_threshold=0.70)\\n', '    if is_quote:\\n', '        claim_reviews = [claim[\"claimReview\"][0] for claim in items[\"claims\"]]\\n', '        return claim_reviews[0]\\n']",
  "context": "the claim is equivalent to the quote.\n    \"\"\"\n    parsed_claim = nlp(claim)\n    parsed_quote = nlp(quote)\n\n    # remove stop w",
  "context_lines": "# ... or alternatively, try to compare shorter pieces of the sentence and compute pairwise similarities?\n\n\ndef is_claim_a_quote(claim: str, quote: str, similarity_threshold: float) -> bool:\n    \"\"\"Takes a claim and a quote and determines if the claim is equivalent to the quote.\n    \"\"\"\n    parsed_claim = nlp(claim)\n    parsed_quote = nlp(quote)\n\n    # remove stop words\n    parsed_claim_no_stop_words = nlp(\n        \" \".join([str(t) for t in parsed_claim if not t.is_stop])\n"
 },
 "67": {
  "name": "parsed_quote",
  "type": "nlp",
  "class": "imported",
  "approach": "annotation",
  "file_path": "debate-checker/fact_checker.py",
  "lineno": "21",
  "column": "4",
  "slicing": "['API_KEY = \"AIzaSyD91Ya6ssiNzbcReKdXpxQYSNGVCuIYAy0\"\\n', 'VERSION = \"v1alpha1\"\\n', 'API = \"factchecktools\"\\n', 'FACTCHECK = discovery.build(API, VERSION, developerKey=API_KEY)\\n', 'nlp = spacy.load(\"en_core_web_sm\")\\n', 'def is_claim_a_quote(claim: str, quote: str, similarity_threshold: float) -> bool:\\n', '    parsed_claim = nlp(claim)\\n', '    parsed_quote = nlp(quote)\\n', '    parsed_claim_no_stop_words = nlp(\\n', '        \" \".join([str(t) for t in parsed_claim if not t.is_stop])\\n', '    parsed_quote_no_stop_words = nlp(\\n', '        \" \".join([str(t) for t in parsed_quote if not t.is_stop])\\n', '        parsed_claim_no_stop_words.similarity(parsed_quote_no_stop_words)\\n', '    items = FACTCHECK.claims().search(query=claim).execute()\\n', '    quotes = [claim[\"text\"] for claim in items[\"claims\"]]\\n', '    is_quote = is_claim_a_quote(claim, quotes[0], similarity_threshold=0.70)\\n', '    if is_quote:\\n', '        claim_reviews = [claim[\"claimReview\"][0] for claim in items[\"claims\"]]\\n', '        return claim_reviews[0]\\n']",
  "context": " quote.\n    \"\"\"\n    parsed_claim = nlp(claim)\n    parsed_quote = nlp(quote)\n\n    # remove stop words\n    parsed_claim_no_stop_",
  "context_lines": "def is_claim_a_quote(claim: str, quote: str, similarity_threshold: float) -> bool:\n    \"\"\"Takes a claim and a quote and determines if the claim is equivalent to the quote.\n    \"\"\"\n    parsed_claim = nlp(claim)\n    parsed_quote = nlp(quote)\n\n    # remove stop words\n    parsed_claim_no_stop_words = nlp(\n        \" \".join([str(t) for t in parsed_claim if not t.is_stop])\n"
 },
 "68": {
  "name": "parsed_claim_no_stop_words",
  "type": "nlp",
  "class": "imported",
  "approach": "annotation",
  "file_path": "debate-checker/fact_checker.py",
  "lineno": "24",
  "column": "4",
  "slicing": "['API_KEY = \"AIzaSyD91Ya6ssiNzbcReKdXpxQYSNGVCuIYAy0\"\\n', 'VERSION = \"v1alpha1\"\\n', 'API = \"factchecktools\"\\n', 'FACTCHECK = discovery.build(API, VERSION, developerKey=API_KEY)\\n', 'nlp = spacy.load(\"en_core_web_sm\")\\n', 'def is_claim_a_quote(claim: str, quote: str, similarity_threshold: float) -> bool:\\n', '    parsed_claim = nlp(claim)\\n', '    parsed_quote = nlp(quote)\\n', '    parsed_claim_no_stop_words = nlp(\\n', '        \" \".join([str(t) for t in parsed_claim if not t.is_stop])\\n', '    parsed_quote_no_stop_words = nlp(\\n', '        \" \".join([str(t) for t in parsed_quote if not t.is_stop])\\n', '        parsed_claim_no_stop_words.similarity(parsed_quote_no_stop_words)\\n', '    items = FACTCHECK.claims().search(query=claim).execute()\\n', '    quotes = [claim[\"text\"] for claim in items[\"claims\"]]\\n', '    is_quote = is_claim_a_quote(claim, quotes[0], similarity_threshold=0.70)\\n', '    if is_quote:\\n', '        claim_reviews = [claim[\"claimReview\"][0] for claim in items[\"claims\"]]\\n', '        return claim_reviews[0]\\n']",
  "context": "d_quote = nlp(quote)\n\n    # remove stop words\n    parsed_claim_no_stop_words = nlp(\n        \" \".join([str(t) for t in parsed_claim if ",
  "context_lines": "    \"\"\"\n    parsed_claim = nlp(claim)\n    parsed_quote = nlp(quote)\n\n    # remove stop words\n    parsed_claim_no_stop_words = nlp(\n        \" \".join([str(t) for t in parsed_claim if not t.is_stop])\n    )\n    parsed_quote_no_stop_words = nlp(\n        \" \".join([str(t) for t in parsed_quote if not t.is_stop])\n"
 },
 "69": {
  "name": "parsed_quote_no_stop_words",
  "type": "nlp",
  "class": "imported",
  "approach": "annotation",
  "file_path": "debate-checker/fact_checker.py",
  "lineno": "27",
  "column": "4",
  "slicing": "['API_KEY = \"AIzaSyD91Ya6ssiNzbcReKdXpxQYSNGVCuIYAy0\"\\n', 'VERSION = \"v1alpha1\"\\n', 'API = \"factchecktools\"\\n', 'FACTCHECK = discovery.build(API, VERSION, developerKey=API_KEY)\\n', 'nlp = spacy.load(\"en_core_web_sm\")\\n', 'def is_claim_a_quote(claim: str, quote: str, similarity_threshold: float) -> bool:\\n', '    parsed_claim = nlp(claim)\\n', '    parsed_quote = nlp(quote)\\n', '    parsed_claim_no_stop_words = nlp(\\n', '        \" \".join([str(t) for t in parsed_claim if not t.is_stop])\\n', '    parsed_quote_no_stop_words = nlp(\\n', '        \" \".join([str(t) for t in parsed_quote if not t.is_stop])\\n', '        parsed_claim_no_stop_words.similarity(parsed_quote_no_stop_words)\\n', '    items = FACTCHECK.claims().search(query=claim).execute()\\n', '    quotes = [claim[\"text\"] for claim in items[\"claims\"]]\\n', '    is_quote = is_claim_a_quote(claim, quotes[0], similarity_threshold=0.70)\\n', '    if is_quote:\\n', '        claim_reviews = [claim[\"claimReview\"][0] for claim in items[\"claims\"]]\\n', '        return claim_reviews[0]\\n']",
  "context": "or t in parsed_claim if not t.is_stop])\n    )\n    parsed_quote_no_stop_words = nlp(\n        \" \".join([str(t) for t in parsed_quote if ",
  "context_lines": "    # remove stop words\n    parsed_claim_no_stop_words = nlp(\n        \" \".join([str(t) for t in parsed_claim if not t.is_stop])\n    )\n    parsed_quote_no_stop_words = nlp(\n        \" \".join([str(t) for t in parsed_quote if not t.is_stop])\n    )\n\n    return (\n        parsed_claim_no_stop_words.similarity(parsed_quote_no_stop_words)\n"
 },
 "70": {
  "name": "is_quote",
  "type": "is_claim_a_quote",
  "class": "imported",
  "approach": "annotation",
  "file_path": "debate-checker/fact_checker.py",
  "lineno": "46",
  "column": "4",
  "slicing": "['API_KEY = \"AIzaSyD91Ya6ssiNzbcReKdXpxQYSNGVCuIYAy0\"\\n', 'VERSION = \"v1alpha1\"\\n', 'API = \"factchecktools\"\\n', 'FACTCHECK = discovery.build(API, VERSION, developerKey=API_KEY)\\n', 'nlp = spacy.load(\"en_core_web_sm\")\\n', 'def is_claim_a_quote(claim: str, quote: str, similarity_threshold: float) -> bool:\\n', '    parsed_claim = nlp(claim)\\n', '    parsed_quote = nlp(quote)\\n', '    parsed_claim_no_stop_words = nlp(\\n', '        \" \".join([str(t) for t in parsed_claim if not t.is_stop])\\n', '    parsed_quote_no_stop_words = nlp(\\n', '        \" \".join([str(t) for t in parsed_quote if not t.is_stop])\\n', '        parsed_claim_no_stop_words.similarity(parsed_quote_no_stop_words)\\n', '    items = FACTCHECK.claims().search(query=claim).execute()\\n', '    quotes = [claim[\"text\"] for claim in items[\"claims\"]]\\n', '    is_quote = is_claim_a_quote(claim, quotes[0], similarity_threshold=0.70)\\n', '    if is_quote:\\n', '        claim_reviews = [claim[\"claimReview\"][0] for claim in items[\"claims\"]]\\n', '        return claim_reviews[0]\\n']",
  "context": " [claim[\"text\"] for claim in items[\"claims\"]]\n    is_quote = is_claim_a_quote(claim, quotes[0], similarity_threshold=0.70)\n\n    # # TODO: introduce factcheck source preferen",
  "context_lines": "    items = FACTCHECK.claims().search(query=claim).execute()\n\n    # check similarity of claim to factcheck quotes (first quote only)\n    # TODO: check all quotes,  not just first, and determined how to handle\n    quotes = [claim[\"text\"] for claim in items[\"claims\"]]\n    is_quote = is_claim_a_quote(claim, quotes[0], similarity_threshold=0.70)\n\n    # # TODO: introduce factcheck source preferences, for example:\n    # factcheck_preferences = {1: \"factcheck.org\", 2: \"politifact.com\"}\n\n    if is_quote:\n"
 },
 "71": {
  "name": "requirements",
  "type": "parse_requirements",
  "class": "imported",
  "approach": "annotation",
  "file_path": "debate-checker/setup.py",
  "lineno": "26",
  "column": "0",
  "slicing": "['with open(os.path.join(os.getcwd(), \"VERSION\")) as version_file:\\n', '    version = version_file.read().strip()\\n', 'def parse_requirements(file):\\n', '    with open(file, \"r\") as fs:\\n', '            for r in fs.read().splitlines()\\n', '                len(r.strip()) > 0\\n', '                and not r.strip().startswith(\"#\")\\n', '                and not r.strip().startswith(\"--\")\\n', 'requirements = parse_requirements(\"requirements.txt\")\\n', '    version=version,\\n', '    install_requires=requirements,\\n']",
  "context": "trip().startswith(\"--\")\n            )\n        ]\n\n\nrequirements = parse_requirements(\"requirements.txt\")\n\n\ndef mypy_typecheck():\n    err_msg = \"[SKIP] WARN",
  "context_lines": "                and not r.strip().startswith(\"#\")\n                and not r.strip().startswith(\"--\")\n            )\n        ]\n\n\nrequirements = parse_requirements(\"requirements.txt\")\n\n\ndef mypy_typecheck():\n    err_msg = \"[SKIP] WARNING: mypy is not installed -- *NOT* type checking\"\n    try:\n"
 },
 "72": {
  "name": "text",
  "type": "read_text",
  "class": "imported",
  "approach": "annotation",
  "file_path": "debate-checker/text/utils.py",
  "lineno": "12",
  "column": "12",
  "slicing": "['            text += read_text\\n', '    return text\\n']",
  "context": "s f:\n            read_text = f.read()\n            text += read_text\n    return text\n\n\ntext = append_files_from_path(\".",
  "context_lines": "    text = \"\"\n    for path in paths:\n        with open(path, \"r\") as f:\n            read_text = f.read()\n            text += read_text\n    return text\n\n\ntext = append_files_from_path(\"../data/debates\")\n\n\nfrom typing import List\n\n\ndef flatten_list_of_lists(l: List[List[str]]) -> List[str]:\n"
 },
 "73": {
  "name": "text",
  "type": "append_files_from_path",
  "class": "imported",
  "approach": "annotation",
  "file_path": "debate-checker/text/utils.py",
  "lineno": "16",
  "column": "0",
  "slicing": "['def append_files_from_path(path: str) -> str:\\n', '    paths = glob.glob(path + \"/*.txt\")\\n', '    text = \"\"\\n', '    for path in paths:\\n', '        with open(path, \"r\") as f:\\n', '            read_text = f.read()\\n', '            text += read_text\\n', '    return text\\n', 'text = append_files_from_path(\"../data/debates\")\\n']",
  "context": ")\n            text += read_text\n    return text\n\n\ntext = append_files_from_path(\"../data/debates\")\n\n\nfrom typing import List\n\n\ndef flatten_list_of_li",
  "context_lines": "        with open(path, \"r\") as f:\n            read_text = f.read()\n            text += read_text\n    return text\n\n\ntext = append_files_from_path(\"../data/debates\")\n\n\nfrom typing import List\n\n\ndef flatten_list_of_lists(l: List[List[str]]) -> List[str]:\n    \"\"\"do a thing...\n"
 },
 "74": {
  "name": "claim",
  "type": "None",
  "class": "imported",
  "approach": "annotation",
  "file_path": "debate-checker/text/textual_claims.py",
  "lineno": "19",
  "column": "4",
  "slicing": "['    claim = None\\n', '    return claim\\n']",
  "context": "t w/ rules based to bootstrap labels.\n    \"\"\"\n    claim = None\n    return claim\n\n\npunctuations = string.punctuati",
  "context_lines": "def listen_for_textual_claims(text_stream):\n    \"\"\"Flags statements containing a factual claim.\n    NOTE: Will need a statistical model, but will need to start w/ rules based to bootstrap labels.\n    \"\"\"\n    claim = None\n    return claim\n\n\npunctuations = string.punctuation\n\nparser = spacy.load(\"en_core_web_sm\")\n\n# Custom transformer using spaCy\n"
 },
 "75": {
  "name": "tokens",
  "type": "parser",
  "class": "imported",
  "approach": "annotation",
  "file_path": "debate-checker/text/textual_claims.py",
  "lineno": "47",
  "column": "4",
  "slicing": "['    claim = None\\n', '    return claim\\n', 'parser = spacy.load(\"en_core_web_sm\")\\n', '        return [clean_text(text) for text in X]\\n', '    return text.strip().lower()\\n', '    tokens = parser(sentence)\\n', '        for tok in tokens\\n', '        tok for tok in tokens if (tok not in stopwords and tok not in punctuations)\\n', '    return tokens\\n']",
  "context": "y word vectors\ndef spacy_tokenizer(sentence):\n    tokens = parser(sentence)\n    tokens = [\n        tok.lemma_.lower().strip() ",
  "context_lines": "    return text.strip().lower()\n\n\n# Create spacy tokenizer that parses a sentence and generates tokens\n# these can also be replaced by word vectors\ndef spacy_tokenizer(sentence):\n    tokens = parser(sentence)\n    tokens = [\n        tok.lemma_.lower().strip() if tok.lemma_ != \"-PRON-\" else tok.lower_\n        for tok in tokens\n    ]\n"
 }
}