{
 "1": {
  "name": "opt_general",
  "type": "UNKNOWN",
  "class": "unknown",
  "approach": "Pysonar2",
  "file_path": "email_api/emailapp/form.py",
  "lineno": "4",
  "column": "4",
  "context": "ango import forms\n\nclass OptForm(forms.Form):\n    opt_general = forms.BooleanField()\n    opt_sales = forms.BooleanField()\n    opt_new =",
  "context_lines": "from django import forms\n\nclass OptForm(forms.Form):\n    opt_general = forms.BooleanField()\n    opt_sales = forms.BooleanField()\n",
  "slicing": "    opt_general = forms.BooleanField()\n"
 },
 "2": {
  "name": "opt_sales",
  "type": "UNKNOWN",
  "class": "unknown",
  "approach": "Pysonar2",
  "file_path": "email_api/emailapp/form.py",
  "lineno": "5",
  "column": "4",
  "context": "Form):\n    opt_general = forms.BooleanField()\n    opt_sales = forms.BooleanField()\n    opt_new = forms.BooleanField()\n",
  "context_lines": "from django import forms\n\nclass OptForm(forms.Form):\n    opt_general = forms.BooleanField()\n    opt_sales = forms.BooleanField()\n",
  "slicing": "    opt_sales = forms.BooleanField()\n"
 },
 "3": {
  "name": "opt_new",
  "type": "UNKNOWN",
  "class": "unknown",
  "approach": "Pysonar2",
  "file_path": "email_api/emailapp/form.py",
  "lineno": "6",
  "column": "4",
  "context": "nField()\n    opt_sales = forms.BooleanField()\n    opt_new = forms.BooleanField()\n",
  "context_lines": "from django import forms\n\nclass OptForm(forms.Form):\n    opt_general = forms.BooleanField()\n    opt_sales = forms.BooleanField()\n    opt_new = forms.BooleanField()\n",
  "slicing": "    opt_new = forms.BooleanField()\n"
 },
 "4": {
  "name": "queryset",
  "type": "UNKNOWN",
  "class": "unknown",
  "approach": "Pysonar2",
  "file_path": "email_api/emailapp/views.py",
  "lineno": "23",
  "column": "4",
  "context": "                    generics.GenericAPIView):\n    queryset = Proximity.objects.all()\n    serializer_class = ProximitySerializer\n\n    de",
  "context_lines": "from emailapp.form import OptForm\n\n\nclass ProximityAlertAPI(mixins.CreateModelMixin,\n                        mixins.DestroyModelMixin,\n                        generics.GenericAPIView):\n    queryset = Proximity.objects.all()\n    serializer_class = ProximitySerializer\n\n    def post(self, request, *args, **kwargs):\n        return self.create(request, *args, **kwargs)\n\n    def delete(self, request, *args, **kwargs):\n",
  "slicing": "    queryset = Proximity.objects.all()\n"
 },
 "5": {
  "name": "serializer_class",
  "type": "emailapp.serializers.ProximitySerializer",
  "class": "customized",
  "approach": "annotation",
  "file_path": "email_api/emailapp/views.py",
  "lineno": "24",
  "column": "4",
  "context": "View):\n    queryset = Proximity.objects.all()\n    serializer_class = ProximitySerializer\n\n    def post(self, request, *args, **kwargs):\n   ",
  "context_lines": "class ProximityAlertAPI(mixins.CreateModelMixin,\n                        mixins.DestroyModelMixin,\n                        generics.GenericAPIView):\n    queryset = Proximity.objects.all()\n    serializer_class = ProximitySerializer\n\n    def post(self, request, *args, **kwargs):\n        return self.create(request, *args, **kwargs)\n\n    def delete(self, request, *args, **kwargs):\n",
  "slicing": "    serializer_class = ProximitySerializer\n"
 },
 "6": {
  "name": "queryset",
  "type": "UNKNOWN",
  "class": "unknown",
  "approach": "Pysonar2",
  "file_path": "email_api/emailapp/views.py",
  "lineno": "35",
  "column": "4",
  "context": "                    generics.GenericAPIView):\n    queryset = Proximity.objects.all()\n    serializer_class = ProximitySerializer\n\n    de",
  "context_lines": "    def delete(self, request, *args, **kwargs):\n        return self.destroy(request, *args, **kwargs)\n\n\nclass ProximityAlertListAPI(mixins.ListModelMixin,\n                            generics.GenericAPIView):\n    queryset = Proximity.objects.all()\n    serializer_class = ProximitySerializer\n\n    def get(self, request, *args, **kwargs):\n        return self.list(request, *args, **kwargs)\n\n\nclass NewsletterRecipientAPI(mixins.CreateModelMixin,\n",
  "slicing": "    queryset = Proximity.objects.all()\n"
 },
 "7": {
  "name": "serializer_class",
  "type": "emailapp.serializers.ProximitySerializer",
  "class": "customized",
  "approach": "annotation",
  "file_path": "email_api/emailapp/views.py",
  "lineno": "36",
  "column": "4",
  "context": "View):\n    queryset = Proximity.objects.all()\n    serializer_class = ProximitySerializer\n\n    def get(self, request, *args, **kwargs):\n    ",
  "context_lines": "        return self.destroy(request, *args, **kwargs)\n\n\nclass ProximityAlertListAPI(mixins.ListModelMixin,\n                            generics.GenericAPIView):\n    queryset = Proximity.objects.all()\n    serializer_class = ProximitySerializer\n\n    def get(self, request, *args, **kwargs):\n        return self.list(request, *args, **kwargs)\n\n\nclass NewsletterRecipientAPI(mixins.CreateModelMixin,\n",
  "slicing": "    serializer_class = ProximitySerializer\n"
 },
 "8": {
  "name": "queryset",
  "type": "UNKNOWN",
  "class": "unknown",
  "approach": "Pysonar2",
  "file_path": "email_api/emailapp/views.py",
  "lineno": "44",
  "column": "4",
  "context": "                    generics.GenericAPIView):\n    queryset = NewsletterRecipient.objects.all()\n    serializer_class = NewsletterRecipientSerializ",
  "context_lines": "    def get(self, request, *args, **kwargs):\n        return self.list(request, *args, **kwargs)\n\n\nclass NewsletterRecipientAPI(mixins.CreateModelMixin,\n                             generics.GenericAPIView):\n    queryset = NewsletterRecipient.objects.all()\n    serializer_class = NewsletterRecipientSerializer\n\n    def post(self, request, *args, **kwargs):\n        return self.create(request, *args, **kwargs)\n\n\nclass NewsletterRecipientListAPI(mixins.ListModelMixin,\n",
  "slicing": "    queryset = NewsletterRecipient.objects.all()\n"
 },
 "9": {
  "name": "serializer_class",
  "type": "emailapp.serializers.NewsletterRecipientSerializer",
  "class": "customized",
  "approach": "annotation",
  "file_path": "email_api/emailapp/views.py",
  "lineno": "45",
  "column": "4",
  "context": " queryset = NewsletterRecipient.objects.all()\n    serializer_class = NewsletterRecipientSerializer\n\n    def post(self, request, *args, **kwargs):\n   ",
  "context_lines": "        return self.list(request, *args, **kwargs)\n\n\nclass NewsletterRecipientAPI(mixins.CreateModelMixin,\n                             generics.GenericAPIView):\n    queryset = NewsletterRecipient.objects.all()\n    serializer_class = NewsletterRecipientSerializer\n\n    def post(self, request, *args, **kwargs):\n        return self.create(request, *args, **kwargs)\n\n\nclass NewsletterRecipientListAPI(mixins.ListModelMixin,\n",
  "slicing": "    serializer_class = NewsletterRecipientSerializer\n"
 },
 "10": {
  "name": "queryset",
  "type": "UNKNOWN",
  "class": "unknown",
  "approach": "Pysonar2",
  "file_path": "email_api/emailapp/views.py",
  "lineno": "53",
  "column": "4",
  "context": "                    generics.GenericAPIView):\n    queryset = NewsletterRecipient.objects.all()\n    filter_backends = [RecipientOptFilterBackend]\n",
  "context_lines": "    def post(self, request, *args, **kwargs):\n        return self.create(request, *args, **kwargs)\n\n\nclass NewsletterRecipientListAPI(mixins.ListModelMixin,\n                                 generics.GenericAPIView):\n    queryset = NewsletterRecipient.objects.all()\n    filter_backends = [RecipientOptFilterBackend]\n    serializer_class = NewsletterRecipientSerializer\n\n    def get(self, request, *args, **kwargs):\n        return self.list(request, *args, **kwargs)\n\n\n",
  "slicing": "    queryset = NewsletterRecipient.objects.all()\n"
 },
 "11": {
  "name": "filter_backends",
  "type": "list",
  "class": "build-in",
  "approach": "annotation",
  "file_path": "email_api/emailapp/views.py",
  "lineno": "54",
  "column": "4",
  "context": " queryset = NewsletterRecipient.objects.all()\n    filter_backends = [RecipientOptFilterBackend]\n    serializer_class = NewsletterRecipientSerializ",
  "context_lines": "        return self.create(request, *args, **kwargs)\n\n\nclass NewsletterRecipientListAPI(mixins.ListModelMixin,\n                                 generics.GenericAPIView):\n    queryset = NewsletterRecipient.objects.all()\n    filter_backends = [RecipientOptFilterBackend]\n    serializer_class = NewsletterRecipientSerializer\n\n    def get(self, request, *args, **kwargs):\n        return self.list(request, *args, **kwargs)\n\n\nclass NewsletterUnsubscribeAPI(mixins.UpdateModelMixin,\n",
  "slicing": "    filter_backends = [RecipientOptFilterBackend]\n"
 },
 "12": {
  "name": "serializer_class",
  "type": "emailapp.serializers.NewsletterRecipientSerializer",
  "class": "customized",
  "approach": "annotation",
  "file_path": "email_api/emailapp/views.py",
  "lineno": "55",
  "column": "4",
  "context": "filter_backends = [RecipientOptFilterBackend]\n    serializer_class = NewsletterRecipientSerializer\n\n    def get(self, request, *args, **kwargs):\n    ",
  "context_lines": "class NewsletterRecipientListAPI(mixins.ListModelMixin,\n                                 generics.GenericAPIView):\n    queryset = NewsletterRecipient.objects.all()\n    filter_backends = [RecipientOptFilterBackend]\n    serializer_class = NewsletterRecipientSerializer\n\n    def get(self, request, *args, **kwargs):\n        return self.list(request, *args, **kwargs)\n\n\nclass NewsletterUnsubscribeAPI(mixins.UpdateModelMixin,\n",
  "slicing": "    serializer_class = NewsletterRecipientSerializer\n"
 },
 "13": {
  "name": "queryset",
  "type": "UNKNOWN",
  "class": "unknown",
  "approach": "Pysonar2",
  "file_path": "email_api/emailapp/views.py",
  "lineno": "63",
  "column": "4",
  "context": "                    generics.GenericAPIView):\n    queryset = NewsletterRecipient.objects.all()\n    serializer_class = NewsletterRecipientOptOutSe",
  "context_lines": "    def get(self, request, *args, **kwargs):\n        return self.list(request, *args, **kwargs)\n\n\nclass NewsletterUnsubscribeAPI(mixins.UpdateModelMixin,\n                               generics.GenericAPIView):\n    queryset = NewsletterRecipient.objects.all()\n    serializer_class = NewsletterRecipientOptOutSerializer\n\n    def update(self, request, *args, **kwargs):\n        instance = self.get_object()\n        serializer = self.get_serializer(\n",
  "slicing": "    queryset = NewsletterRecipient.objects.all()\n"
 },
 "14": {
  "name": "serializer_class",
  "type": "emailapp.serializers.NewsletterRecipientOptOutSerializer",
  "class": "customized",
  "approach": "annotation",
  "file_path": "email_api/emailapp/views.py",
  "lineno": "64",
  "column": "4",
  "context": " queryset = NewsletterRecipient.objects.all()\n    serializer_class = NewsletterRecipientOptOutSerializer\n\n    def update(self, request, *args, **kwargs):\n ",
  "context_lines": "        return self.list(request, *args, **kwargs)\n\n\nclass NewsletterUnsubscribeAPI(mixins.UpdateModelMixin,\n                               generics.GenericAPIView):\n    queryset = NewsletterRecipient.objects.all()\n    serializer_class = NewsletterRecipientOptOutSerializer\n\n    def update(self, request, *args, **kwargs):\n        instance = self.get_object()\n        serializer = self.get_serializer(\n",
  "slicing": "    serializer_class = NewsletterRecipientOptOutSerializer\n"
 },
 "15": {
  "name": "instance",
  "type": "UNKNOWN",
  "class": "unknown",
  "approach": "Pysonar2",
  "file_path": "email_api/emailapp/views.py",
  "lineno": "67",
  "column": "8",
  "context": "f update(self, request, *args, **kwargs):\n        instance = self.get_object()\n        serializer = self.get_serializer(\n        ",
  "context_lines": "                               generics.GenericAPIView):\n    queryset = NewsletterRecipient.objects.all()\n    serializer_class = NewsletterRecipientOptOutSerializer\n\n    def update(self, request, *args, **kwargs):\n        instance = self.get_object()\n        serializer = self.get_serializer(\n            instance, data={}, partial=True)\n        serializer.is_valid(raise_exception=True)\n        self.perform_update(serializer)\n",
  "slicing": [
   "        instance = self.get_object()\n",
   "            instance, data={}, partial=True)\n"
  ]
 },
 "16": {
  "name": "serializer",
  "type": "UNKNOWN",
  "class": "unknown",
  "approach": "Pysonar2",
  "file_path": "email_api/emailapp/views.py",
  "lineno": "68",
  "column": "8",
  "context": "gs):\n        instance = self.get_object()\n        serializer = self.get_serializer(\n            instance, data={}, partial=True)\n     ",
  "context_lines": "    queryset = NewsletterRecipient.objects.all()\n    serializer_class = NewsletterRecipientOptOutSerializer\n\n    def update(self, request, *args, **kwargs):\n        instance = self.get_object()\n        serializer = self.get_serializer(\n            instance, data={}, partial=True)\n        serializer.is_valid(raise_exception=True)\n        self.perform_update(serializer)\n        return Response(serializer.data)\n\n",
  "slicing": [
   "        serializer = self.get_serializer(\n",
   "        serializer.is_valid(raise_exception=True)\n",
   "        self.perform_update(serializer)\n",
   "        return Response(serializer.data)\n"
  ]
 },
 "17": {
  "name": "queryset",
  "type": "UNKNOWN",
  "class": "unknown",
  "approach": "Pysonar2",
  "file_path": "email_api/emailapp/views.py",
  "lineno": "79",
  "column": "4",
  "context": "s.UpdateModelMixin, generics.GenericAPIView):\n    queryset = NewsletterRecipient.objects.all()\n    serializer_class = NewsletterRecipientOptOutSe",
  "context_lines": "        return Response(serializer.data)\n\n    def patch(self, request, *args, **kwargs):\n        return self.update(request, *args, **kwargs)\n\n\nclass NewsletterManageAPI(mixins.UpdateModelMixin, generics.GenericAPIView):\n    queryset = NewsletterRecipient.objects.all()\n    serializer_class = NewsletterRecipientOptOutSerializer\n\n    def patch(self, request, *args, **kwargs):\n        return self.update(request, *args, **kwargs)\n\n\nclass ManageView(View):\n",
  "slicing": "    queryset = NewsletterRecipient.objects.all()\n"
 },
 "18": {
  "name": "serializer_class",
  "type": "emailapp.serializers.NewsletterRecipientOptOutSerializer",
  "class": "customized",
  "approach": "annotation",
  "file_path": "email_api/emailapp/views.py",
  "lineno": "80",
  "column": "4",
  "context": " queryset = NewsletterRecipient.objects.all()\n    serializer_class = NewsletterRecipientOptOutSerializer\n\n    def patch(self, request, *args, **kwargs):\n  ",
  "context_lines": "    def patch(self, request, *args, **kwargs):\n        return self.update(request, *args, **kwargs)\n\n\nclass NewsletterManageAPI(mixins.UpdateModelMixin, generics.GenericAPIView):\n    queryset = NewsletterRecipient.objects.all()\n    serializer_class = NewsletterRecipientOptOutSerializer\n\n    def patch(self, request, *args, **kwargs):\n        return self.update(request, *args, **kwargs)\n\n\nclass ManageView(View):\n",
  "slicing": "    serializer_class = NewsletterRecipientOptOutSerializer\n"
 },
 "19": {
  "name": "ID_INCREMENT_BEGIN",
  "type": "int",
  "class": "build-in",
  "approach": "Pysonar2",
  "file_path": "email_api/emailapp/models.py",
  "lineno": "6",
  "column": "0",
  "context": "ilapp.utils import generate_token, TOKEN_LENGTH\n\n\nID_INCREMENT_BEGIN = 21428\n\n\ndef id_increment() -> int:\n    last_id = Newslet",
  "context_lines": "from django.db import models\n\nfrom emailapp.utils import generate_token, TOKEN_LENGTH\n\n\nID_INCREMENT_BEGIN = 21428\n\n\ndef id_increment() -> int:\n    last_id = NewsletterRecipient.objects.all().order_by('id').last()\n    new_id = (last_id + 3 if last_id else ID_INCREMENT_BEGIN)\n",
  "slicing": [
   "ID_INCREMENT_BEGIN = 21428\n",
   "    new_id = (last_id + 3 if last_id else ID_INCREMENT_BEGIN)\n",
   "    return new_id\n"
  ]
 },
 "20": {
  "name": "last_id",
  "type": "UNKNOWN",
  "class": "unknown",
  "approach": "Pysonar2",
  "file_path": "email_api/emailapp/models.py",
  "lineno": "10",
  "column": "4",
  "context": "NT_BEGIN = 21428\n\n\ndef id_increment() -> int:\n    last_id = NewsletterRecipient.objects.all().order_by('id').last()\n    new_id = (last_id + 3 if last_id else ID_INCRE",
  "context_lines": "from django.db import models\n\nfrom emailapp.utils import generate_token, TOKEN_LENGTH\n\n\nID_INCREMENT_BEGIN = 21428\n\n\ndef id_increment() -> int:\n    last_id = NewsletterRecipient.objects.all().order_by('id').last()\n    new_id = (last_id + 3 if last_id else ID_INCREMENT_BEGIN)\n    return new_id\n\n\nclass Proximity(models.Model):\n    email = models.EmailField(blank=None)\n",
  "slicing": [
   "    last_id = NewsletterRecipient.objects.all().order_by('id').last()\n",
   "    new_id = (last_id + 3 if last_id else ID_INCREMENT_BEGIN)\n",
   "    return new_id\n"
  ]
 },
 "21": {
  "name": "new_id",
  "type": "int",
  "class": "build-in",
  "approach": "Pysonar2",
  "file_path": "email_api/emailapp/models.py",
  "lineno": "11",
  "column": "4",
  "context": "Recipient.objects.all().order_by('id').last()\n    new_id = (last_id + 3 if last_id else ID_INCREMENT_BEGIN)\n    return new_id\n\n\nclass Proximity(models.Model):",
  "context_lines": "from emailapp.utils import generate_token, TOKEN_LENGTH\n\n\nID_INCREMENT_BEGIN = 21428\n\n\ndef id_increment() -> int:\n    last_id = NewsletterRecipient.objects.all().order_by('id').last()\n    new_id = (last_id + 3 if last_id else ID_INCREMENT_BEGIN)\n    return new_id\n\n\nclass Proximity(models.Model):\n    email = models.EmailField(blank=None)\n    city = models.CharField(max_length=100, db_index=True)\n\n\n",
  "slicing": [
   "    new_id = (last_id + 3 if last_id else ID_INCREMENT_BEGIN)\n",
   "    return new_id\n"
  ]
 },
 "22": {
  "name": "email",
  "type": "UNKNOWN",
  "class": "unknown",
  "approach": "Pysonar2",
  "file_path": "email_api/emailapp/models.py",
  "lineno": "16",
  "column": "4",
  "context": "eturn new_id\n\n\nclass Proximity(models.Model):\n    email = models.EmailField(blank=None)\n    city = models.CharField(max_length=100, db_ind",
  "context_lines": "    last_id = NewsletterRecipient.objects.all().order_by('id').last()\n    new_id = (last_id + 3 if last_id else ID_INCREMENT_BEGIN)\n    return new_id\n\n\nclass Proximity(models.Model):\n    email = models.EmailField(blank=None)\n    city = models.CharField(max_length=100, db_index=True)\n\n\nclass Address(models.Model):\n    city = models.CharField(max_length=64)\n    street = models.CharField(max_length=128, blank=True)\n",
  "slicing": "    email = models.EmailField(blank=None)\n"
 },
 "23": {
  "name": "city",
  "type": "UNKNOWN",
  "class": "unknown",
  "approach": "Pysonar2",
  "file_path": "email_api/emailapp/models.py",
  "lineno": "17",
  "column": "4",
  "context": "l):\n    email = models.EmailField(blank=None)\n    city = models.CharField(max_length=100, db_index=True)\n\n\nclass Address(models.Model):\n    city = models.C",
  "context_lines": "    new_id = (last_id + 3 if last_id else ID_INCREMENT_BEGIN)\n    return new_id\n\n\nclass Proximity(models.Model):\n    email = models.EmailField(blank=None)\n    city = models.CharField(max_length=100, db_index=True)\n\n\nclass Address(models.Model):\n    city = models.CharField(max_length=64)\n    street = models.CharField(max_length=128, blank=True)\n",
  "slicing": "    city = models.CharField(max_length=100, db_index=True)\n"
 },
 "24": {
  "name": "city",
  "type": "UNKNOWN",
  "class": "unknown",
  "approach": "Pysonar2",
  "file_path": "email_api/emailapp/models.py",
  "lineno": "21",
  "column": "4",
  "context": "db_index=True)\n\n\nclass Address(models.Model):\n    city = models.CharField(max_length=64)\n    street = models.CharField(max_length=128, blan",
  "context_lines": "class Proximity(models.Model):\n    email = models.EmailField(blank=None)\n    city = models.CharField(max_length=100, db_index=True)\n\n\nclass Address(models.Model):\n    city = models.CharField(max_length=64)\n    street = models.CharField(max_length=128, blank=True)\n    secondary = models.CharField(max_length=128, blank=True)\n    zip_code = models.CharField(max_length=16, blank=False)\n    country = models.CharField(max_length=32, blank=False)\n\n\n",
  "slicing": "    city = models.CharField(max_length=64)\n"
 },
 "25": {
  "name": "street",
  "type": "UNKNOWN",
  "class": "unknown",
  "approach": "Pysonar2",
  "file_path": "email_api/emailapp/models.py",
  "lineno": "22",
  "column": "4",
  "context": "):\n    city = models.CharField(max_length=64)\n    street = models.CharField(max_length=128, blank=True)\n    secondary = models.CharField(max_length=128, b",
  "context_lines": "    email = models.EmailField(blank=None)\n    city = models.CharField(max_length=100, db_index=True)\n\n\nclass Address(models.Model):\n    city = models.CharField(max_length=64)\n    street = models.CharField(max_length=128, blank=True)\n    secondary = models.CharField(max_length=128, blank=True)\n    zip_code = models.CharField(max_length=16, blank=False)\n    country = models.CharField(max_length=32, blank=False)\n\n\nclass NewsletterRecipient(models.Model):\n",
  "slicing": "    street = models.CharField(max_length=128, blank=True)\n"
 },
 "26": {
  "name": "secondary",
  "type": "UNKNOWN",
  "class": "unknown",
  "approach": "Pysonar2",
  "file_path": "email_api/emailapp/models.py",
  "lineno": "23",
  "column": "4",
  "context": " models.CharField(max_length=128, blank=True)\n    secondary = models.CharField(max_length=128, blank=True)\n    zip_code = models.CharField(max_length=16, bla",
  "context_lines": "    city = models.CharField(max_length=100, db_index=True)\n\n\nclass Address(models.Model):\n    city = models.CharField(max_length=64)\n    street = models.CharField(max_length=128, blank=True)\n    secondary = models.CharField(max_length=128, blank=True)\n    zip_code = models.CharField(max_length=16, blank=False)\n    country = models.CharField(max_length=32, blank=False)\n\n\nclass NewsletterRecipient(models.Model):\n    email = models.EmailField(blank=None)\n",
  "slicing": "    secondary = models.CharField(max_length=128, blank=True)\n"
 },
 "27": {
  "name": "zip_code",
  "type": "UNKNOWN",
  "class": "unknown",
  "approach": "Pysonar2",
  "file_path": "email_api/emailapp/models.py",
  "lineno": "24",
  "column": "4",
  "context": " models.CharField(max_length=128, blank=True)\n    zip_code = models.CharField(max_length=16, blank=False)\n    country = models.CharField(max_length=32, blan",
  "context_lines": "class Address(models.Model):\n    city = models.CharField(max_length=64)\n    street = models.CharField(max_length=128, blank=True)\n    secondary = models.CharField(max_length=128, blank=True)\n    zip_code = models.CharField(max_length=16, blank=False)\n    country = models.CharField(max_length=32, blank=False)\n\n\nclass NewsletterRecipient(models.Model):\n    email = models.EmailField(blank=None)\n    firstname = models.CharField(blank=False, max_length=100)\n",
  "slicing": "    zip_code = models.CharField(max_length=16, blank=False)\n"
 },
 "28": {
  "name": "country",
  "type": "UNKNOWN",
  "class": "unknown",
  "approach": "Pysonar2",
  "file_path": "email_api/emailapp/models.py",
  "lineno": "25",
  "column": "4",
  "context": " models.CharField(max_length=16, blank=False)\n    country = models.CharField(max_length=32, blank=False)\n\n\nclass NewsletterRecipient(models.Model):\n    ema",
  "context_lines": "    city = models.CharField(max_length=64)\n    street = models.CharField(max_length=128, blank=True)\n    secondary = models.CharField(max_length=128, blank=True)\n    zip_code = models.CharField(max_length=16, blank=False)\n    country = models.CharField(max_length=32, blank=False)\n\n\nclass NewsletterRecipient(models.Model):\n    email = models.EmailField(blank=None)\n    firstname = models.CharField(blank=False, max_length=100)\n",
  "slicing": "    country = models.CharField(max_length=32, blank=False)\n"
 },
 "29": {
  "name": "email",
  "type": "UNKNOWN",
  "class": "unknown",
  "approach": "Pysonar2",
  "file_path": "email_api/emailapp/models.py",
  "lineno": "29",
  "column": "4",
  "context": "e)\n\n\nclass NewsletterRecipient(models.Model):\n    email = models.EmailField(blank=None)\n    firstname = models.CharField(blank=False, max_",
  "context_lines": "    secondary = models.CharField(max_length=128, blank=True)\n    zip_code = models.CharField(max_length=16, blank=False)\n    country = models.CharField(max_length=32, blank=False)\n\n\nclass NewsletterRecipient(models.Model):\n    email = models.EmailField(blank=None)\n    firstname = models.CharField(blank=False, max_length=100)\n    lastname = models.CharField(blank=False, max_length=100)\n    id_email = models.IntegerField(default=id_increment, editable=False, db_index=True)\n    token = models.CharField(default=generate_token, max_length=TOKEN_LENGTH)\n\n\n",
  "slicing": "    email = models.EmailField(blank=None)\n"
 },
 "30": {
  "name": "firstname",
  "type": "UNKNOWN",
  "class": "unknown",
  "approach": "Pysonar2",
  "file_path": "email_api/emailapp/models.py",
  "lineno": "30",
  "column": "4",
  "context": "l):\n    email = models.EmailField(blank=None)\n    firstname = models.CharField(blank=False, max_length=100)\n    lastname = models.CharField(blank=False, max_l",
  "context_lines": "    zip_code = models.CharField(max_length=16, blank=False)\n    country = models.CharField(max_length=32, blank=False)\n\n\nclass NewsletterRecipient(models.Model):\n    email = models.EmailField(blank=None)\n    firstname = models.CharField(blank=False, max_length=100)\n    lastname = models.CharField(blank=False, max_length=100)\n    id_email = models.IntegerField(default=id_increment, editable=False, db_index=True)\n    token = models.CharField(default=generate_token, max_length=TOKEN_LENGTH)\n\n\nclass NewsletterCategoryOpt(models.Model):\n",
  "slicing": "    firstname = models.CharField(blank=False, max_length=100)\n"
 },
 "31": {
  "name": "lastname",
  "type": "UNKNOWN",
  "class": "unknown",
  "approach": "Pysonar2",
  "file_path": "email_api/emailapp/models.py",
  "lineno": "31",
  "column": "4",
  "context": "models.CharField(blank=False, max_length=100)\n    lastname = models.CharField(blank=False, max_length=100)\n    id_email = models.IntegerField(default=id_incr",
  "context_lines": "    country = models.CharField(max_length=32, blank=False)\n\n\nclass NewsletterRecipient(models.Model):\n    email = models.EmailField(blank=None)\n    firstname = models.CharField(blank=False, max_length=100)\n    lastname = models.CharField(blank=False, max_length=100)\n    id_email = models.IntegerField(default=id_increment, editable=False, db_index=True)\n    token = models.CharField(default=generate_token, max_length=TOKEN_LENGTH)\n\n\nclass NewsletterCategoryOpt(models.Model):\n    recipient = models.ForeignKey(NewsletterRecipient, on_delete=models.CASCADE)\n",
  "slicing": "    lastname = models.CharField(blank=False, max_length=100)\n"
 },
 "32": {
  "name": "id_email",
  "type": "UNKNOWN",
  "class": "unknown",
  "approach": "Pysonar2",
  "file_path": "email_api/emailapp/models.py",
  "lineno": "32",
  "column": "4",
  "context": "models.CharField(blank=False, max_length=100)\n    id_email = models.IntegerField(default=id_increment, editable=False, db_index=True)\n    token = models.CharField(default=generate_toke",
  "context_lines": "class NewsletterRecipient(models.Model):\n    email = models.EmailField(blank=None)\n    firstname = models.CharField(blank=False, max_length=100)\n    lastname = models.CharField(blank=False, max_length=100)\n    id_email = models.IntegerField(default=id_increment, editable=False, db_index=True)\n    token = models.CharField(default=generate_token, max_length=TOKEN_LENGTH)\n\n\nclass NewsletterCategoryOpt(models.Model):\n    recipient = models.ForeignKey(NewsletterRecipient, on_delete=models.CASCADE)\n    opt_general = models.BooleanField(default=False)\n",
  "slicing": "    id_email = models.IntegerField(default=id_increment, editable=False, db_index=True)\n"
 },
 "33": {
  "name": "token",
  "type": "UNKNOWN",
  "class": "unknown",
  "approach": "Pysonar2",
  "file_path": "email_api/emailapp/models.py",
  "lineno": "33",
  "column": "4",
  "context": "=id_increment, editable=False, db_index=True)\n    token = models.CharField(default=generate_token, max_length=TOKEN_LENGTH)\n\n\nclass NewsletterCategoryOpt(models.Model):\n    r",
  "context_lines": "    email = models.EmailField(blank=None)\n    firstname = models.CharField(blank=False, max_length=100)\n    lastname = models.CharField(blank=False, max_length=100)\n    id_email = models.IntegerField(default=id_increment, editable=False, db_index=True)\n    token = models.CharField(default=generate_token, max_length=TOKEN_LENGTH)\n\n\nclass NewsletterCategoryOpt(models.Model):\n    recipient = models.ForeignKey(NewsletterRecipient, on_delete=models.CASCADE)\n    opt_general = models.BooleanField(default=False)\n",
  "slicing": "    token = models.CharField(default=generate_token, max_length=TOKEN_LENGTH)\n"
 },
 "34": {
  "name": "recipient",
  "type": "UNKNOWN",
  "class": "unknown",
  "approach": "Pysonar2",
  "file_path": "email_api/emailapp/models.py",
  "lineno": "37",
  "column": "4",
  "context": "\n\n\nclass NewsletterCategoryOpt(models.Model):\n    recipient = models.ForeignKey(NewsletterRecipient, on_delete=models.CASCADE)\n    opt_general = models.BooleanField(default=Fals",
  "context_lines": "    lastname = models.CharField(blank=False, max_length=100)\n    id_email = models.IntegerField(default=id_increment, editable=False, db_index=True)\n    token = models.CharField(default=generate_token, max_length=TOKEN_LENGTH)\n\n\nclass NewsletterCategoryOpt(models.Model):\n    recipient = models.ForeignKey(NewsletterRecipient, on_delete=models.CASCADE)\n    opt_general = models.BooleanField(default=False)\n    opt_sales = models.BooleanField(default=False)\n",
  "slicing": "    recipient = models.ForeignKey(NewsletterRecipient, on_delete=models.CASCADE)\n"
 },
 "35": {
  "name": "opt_general",
  "type": "UNKNOWN",
  "class": "unknown",
  "approach": "Pysonar2",
  "file_path": "email_api/emailapp/models.py",
  "lineno": "38",
  "column": "4",
  "context": "ewsletterRecipient, on_delete=models.CASCADE)\n    opt_general = models.BooleanField(default=False)\n    opt_sales = models.BooleanField(default=False)",
  "context_lines": "    id_email = models.IntegerField(default=id_increment, editable=False, db_index=True)\n    token = models.CharField(default=generate_token, max_length=TOKEN_LENGTH)\n\n\nclass NewsletterCategoryOpt(models.Model):\n    recipient = models.ForeignKey(NewsletterRecipient, on_delete=models.CASCADE)\n    opt_general = models.BooleanField(default=False)\n    opt_sales = models.BooleanField(default=False)\n",
  "slicing": "    opt_general = models.BooleanField(default=False)\n"
 },
 "36": {
  "name": "opt_sales",
  "type": "UNKNOWN",
  "class": "unknown",
  "approach": "Pysonar2",
  "file_path": "email_api/emailapp/models.py",
  "lineno": "39",
  "column": "4",
  "context": "_general = models.BooleanField(default=False)\n    opt_sales = models.BooleanField(default=False)\n    opt_new = models.BooleanField(default=False)\n",
  "context_lines": "    token = models.CharField(default=generate_token, max_length=TOKEN_LENGTH)\n\n\nclass NewsletterCategoryOpt(models.Model):\n    recipient = models.ForeignKey(NewsletterRecipient, on_delete=models.CASCADE)\n    opt_general = models.BooleanField(default=False)\n    opt_sales = models.BooleanField(default=False)\n",
  "slicing": "    opt_sales = models.BooleanField(default=False)\n"
 },
 "37": {
  "name": "opt_new",
  "type": "UNKNOWN",
  "class": "unknown",
  "approach": "Pysonar2",
  "file_path": "email_api/emailapp/models.py",
  "lineno": "40",
  "column": "4",
  "context": "pt_sales = models.BooleanField(default=False)\n    opt_new = models.BooleanField(default=False)\n",
  "context_lines": "class NewsletterCategoryOpt(models.Model):\n    recipient = models.ForeignKey(NewsletterRecipient, on_delete=models.CASCADE)\n    opt_general = models.BooleanField(default=False)\n    opt_sales = models.BooleanField(default=False)\n    opt_new = models.BooleanField(default=False)\n",
  "slicing": "    opt_new = models.BooleanField(default=False)\n"
 },
 "38": {
  "name": "name",
  "type": "str",
  "class": "build-in",
  "approach": "Pysonar2",
  "file_path": "email_api/emailapp/apps.py",
  "lineno": "5",
  "column": "4",
  "context": " AppConfig\n\n\nclass EmailappConfig(AppConfig):\n    name = 'emailapp'\n",
  "context_lines": "from django.apps import AppConfig\n\n\nclass EmailappConfig(AppConfig):\n    name = 'emailapp'\n",
  "slicing": "    name = 'emailapp'\n"
 },
 "39": {
  "name": "model",
  "type": "emailapp.models.Proximity",
  "class": "customized",
  "approach": "annotation",
  "file_path": "email_api/emailapp/serializers.py",
  "lineno": "6",
  "column": "8",
  "context": "alizers.ModelSerializer):\n    class Meta:\n        model = Proximity\n        fields = ('email', 'city')\n\nclass Newslett",
  "context_lines": "from emailapp.models import Proximity, NewsletterRecipient\nfrom rest_framework import serializers\n\nclass ProximitySerializer(serializers.ModelSerializer):\n    class Meta:\n        model = Proximity\n        fields = ('email', 'city')\n\nclass NewsletterRecipientSerializer(serializers.ModelSerializer):\n    class Meta:\n        model = NewsletterRecipient\n",
  "slicing": "        model = Proximity\n"
 },
 "40": {
  "name": "fields",
  "type": "tuple",
  "class": "build-in",
  "approach": "annotation",
  "file_path": "email_api/emailapp/serializers.py",
  "lineno": "7",
  "column": "8",
  "context": "    class Meta:\n        model = Proximity\n        fields = ('email', 'city')\n\nclass NewsletterRecipientSerializer(serializers.M",
  "context_lines": "from rest_framework import serializers\n\nclass ProximitySerializer(serializers.ModelSerializer):\n    class Meta:\n        model = Proximity\n        fields = ('email', 'city')\n\nclass NewsletterRecipientSerializer(serializers.ModelSerializer):\n    class Meta:\n        model = NewsletterRecipient\n",
  "slicing": "        fields = ('email', 'city')\n"
 },
 "41": {
  "name": "model",
  "type": "emailapp.models.NewsletterRecipient",
  "class": "customized",
  "approach": "annotation",
  "file_path": "email_api/emailapp/serializers.py",
  "lineno": "11",
  "column": "8",
  "context": "alizers.ModelSerializer):\n    class Meta:\n        model = NewsletterRecipient\n        fields = ('email', 'firstname', 'lastname'",
  "context_lines": "        model = Proximity\n        fields = ('email', 'city')\n\nclass NewsletterRecipientSerializer(serializers.ModelSerializer):\n    class Meta:\n        model = NewsletterRecipient\n        fields = ('email', 'firstname', 'lastname')\n\nclass NewsletterRecipientOptOutSerializer(serializers.ModelSerializer):\n    class Meta:\n        model = NewsletterRecipient\n",
  "slicing": "        model = NewsletterRecipient\n"
 },
 "42": {
  "name": "fields",
  "type": "tuple",
  "class": "build-in",
  "approach": "annotation",
  "file_path": "email_api/emailapp/serializers.py",
  "lineno": "12",
  "column": "8",
  "context": "Meta:\n        model = NewsletterRecipient\n        fields = ('email', 'firstname', 'lastname')\n\nclass NewsletterRecipientOptOutSerializer(seriali",
  "context_lines": "        fields = ('email', 'city')\n\nclass NewsletterRecipientSerializer(serializers.ModelSerializer):\n    class Meta:\n        model = NewsletterRecipient\n        fields = ('email', 'firstname', 'lastname')\n\nclass NewsletterRecipientOptOutSerializer(serializers.ModelSerializer):\n    class Meta:\n        model = NewsletterRecipient\n",
  "slicing": "        fields = ('email', 'firstname', 'lastname')\n"
 },
 "43": {
  "name": "model",
  "type": "emailapp.models.NewsletterRecipient",
  "class": "customized",
  "approach": "annotation",
  "file_path": "email_api/emailapp/serializers.py",
  "lineno": "16",
  "column": "8",
  "context": "alizers.ModelSerializer):\n    class Meta:\n        model = NewsletterRecipient\n        fields = ('email', )\n",
  "context_lines": "        model = NewsletterRecipient\n        fields = ('email', 'firstname', 'lastname')\n\nclass NewsletterRecipientOptOutSerializer(serializers.ModelSerializer):\n    class Meta:\n        model = NewsletterRecipient\n",
  "slicing": "        model = NewsletterRecipient\n"
 },
 "44": {
  "name": "fields",
  "type": "tuple",
  "class": "build-in",
  "approach": "annotation",
  "file_path": "email_api/emailapp/serializers.py",
  "lineno": "17",
  "column": "8",
  "context": "Meta:\n        model = NewsletterRecipient\n        fields = ('email', )\n",
  "context_lines": "        fields = ('email', 'firstname', 'lastname')\n\nclass NewsletterRecipientOptOutSerializer(serializers.ModelSerializer):\n    class Meta:\n        model = NewsletterRecipient\n        fields = ('email', )\n",
  "slicing": "        fields = ('email', )\n"
 },
 "45": {
  "name": "TOKEN_LENGTH",
  "type": "int",
  "class": "build-in",
  "approach": "Pysonar2",
  "file_path": "email_api/emailapp/utils.py",
  "lineno": "3",
  "column": "0",
  "context": "rom django.utils.crypto import get_random_string\n\nTOKEN_LENGTH = 128\n\n\ndef generate_token() -> str:\n    return get_rand",
  "context_lines": "from django.utils.crypto import get_random_string\n\nTOKEN_LENGTH = 128\n\n\ndef generate_token() -> str:\n",
  "slicing": [
   "TOKEN_LENGTH = 128\n",
   "    return get_random_string(length=TOKEN_LENGTH)\n"
  ]
 },
 "46": {
  "name": "dependencies",
  "type": "list",
  "class": "build-in",
  "approach": "annotation",
  "file_path": "email_api/emailapp/migrations/0002_auto_20180927_1228.py",
  "lineno": "8",
  "column": "4",
  "context": "els\n\n\nclass Migration(migrations.Migration):\n\n    dependencies = [\n        ('emailapp', '0001_initial'),\n    ]\n\n    o",
  "context_lines": "# Generated by Django 2.0.7 on 2018-09-27 12:28\n\nfrom django.db import migrations, models\n\n\nclass Migration(migrations.Migration):\n\n    dependencies = [\n        ('emailapp', '0001_initial'),\n    ]\n\n    operations = [\n        migrations.AddField(\n",
  "slicing": "    dependencies = [\n"
 },
 "47": {
  "name": "operations",
  "type": "list",
  "class": "build-in",
  "approach": "annotation",
  "file_path": "email_api/emailapp/migrations/0002_auto_20180927_1228.py",
  "lineno": "12",
  "column": "4",
  "context": "\n        ('emailapp', '0001_initial'),\n    ]\n\n    operations = [\n        migrations.AddField(\n            model_nam",
  "context_lines": "class Migration(migrations.Migration):\n\n    dependencies = [\n        ('emailapp', '0001_initial'),\n    ]\n\n    operations = [\n        migrations.AddField(\n            model_name='newsletterrecipient',\n            name='firstname',\n            field=models.CharField(default='', max_length=100),\n",
  "slicing": "    operations = [\n"
 },
 "48": {
  "name": "initial",
  "type": "bool",
  "class": "build-in",
  "approach": "annotation",
  "file_path": "email_api/emailapp/migrations/0001_initial.py",
  "lineno": "11",
  "column": "4",
  "context": "ils\n\n\nclass Migration(migrations.Migration):\n\n    initial = True\n\n    dependencies = [\n    ]\n\n    operations = [\n  ",
  "context_lines": "import django.db.models.deletion\nimport emailapp.models\nimport emailapp.utils\n\n\nclass Migration(migrations.Migration):\n\n    initial = True\n\n    dependencies = [\n    ]\n\n    operations = [\n",
  "slicing": "    initial = True\n"
 },
 "49": {
  "name": "dependencies",
  "type": "list",
  "class": "build-in",
  "approach": "annotation",
  "file_path": "email_api/emailapp/migrations/0001_initial.py",
  "lineno": "13",
  "column": "4",
  "context": "n(migrations.Migration):\n\n    initial = True\n\n    dependencies = [\n    ]\n\n    operations = [\n        migrations.Creat",
  "context_lines": "import emailapp.models\nimport emailapp.utils\n\n\nclass Migration(migrations.Migration):\n\n    initial = True\n\n    dependencies = [\n    ]\n\n    operations = [\n        migrations.CreateModel(\n            name='Address',\n",
  "slicing": "    dependencies = [\n"
 },
 "50": {
  "name": "operations",
  "type": "list",
  "class": "build-in",
  "approach": "annotation",
  "file_path": "email_api/emailapp/migrations/0001_initial.py",
  "lineno": "16",
  "column": "4",
  "context": "  initial = True\n\n    dependencies = [\n    ]\n\n    operations = [\n        migrations.CreateModel(\n            name='",
  "context_lines": "class Migration(migrations.Migration):\n\n    initial = True\n\n    dependencies = [\n    ]\n\n    operations = [\n        migrations.CreateModel(\n            name='Address',\n            fields=[\n                ('id', models.AutoField(auto_created=True, primary_key=True, serialize=False, verbose_name='ID')),\n",
  "slicing": "    operations = [\n"
 },
 "51": {
  "name": "debug",
  "type": "bool",
  "class": "build-in",
  "approach": "annotation",
  "file_path": "email_api/config/config_leo.py",
  "lineno": "3",
  "column": "0",
  "context": "import os\n\ndebug = True\n\ndatabase = {\n    'default': {\n        'ENGINE': '",
  "context_lines": "import os\n\ndebug = True\n\ndatabase = {\n    'default': {\n        'ENGINE': 'django.db.backends.postgresql_psycopg2',\n",
  "slicing": "debug = True\n"
 },
 "52": {
  "name": "database",
  "type": "dict",
  "class": "build-in",
  "approach": "annotation",
  "file_path": "email_api/config/config_leo.py",
  "lineno": "5",
  "column": "0",
  "context": "import os\n\ndebug = True\n\ndatabase = {\n    'default': {\n        'ENGINE': 'django.db.back",
  "context_lines": "import os\n\ndebug = True\n\ndatabase = {\n    'default': {\n        'ENGINE': 'django.db.backends.postgresql_psycopg2',\n        'NAME': 'emailapi',\n        'USER': 'emailapi',\n",
  "slicing": "database = {\n"
 },
 "53": {
  "name": "STATIC_ROOT",
  "type": "str",
  "class": "build-in",
  "approach": "Pysonar2",
  "file_path": "email_api/config/config_leo.py",
  "lineno": "16",
  "column": "0",
  "context": "HOST': 'localhost',\n        'PORT': 5432\n    }\n}\n\nSTATIC_ROOT = '/home/kyalma/source/email_api/static/'\n\nSECURE_PROXY_SSL_HEADER = None\n\nSECURE_SSL_REDIRE",
  "context_lines": "        'HOST': 'localhost',\n        'PORT': 5432\n    }\n}\n\nSTATIC_ROOT = '/home/kyalma/source/email_api/static/'\n\nSECURE_PROXY_SSL_HEADER = None\n\nSECURE_SSL_REDIRECT = False\n\nSESSION_COOKIE_SECURE = False\n\n",
  "slicing": "STATIC_ROOT = '/home/kyalma/source/email_api/static/'\n"
 },
 "54": {
  "name": "SECURE_PROXY_SSL_HEADER",
  "type": "UNKNOWN",
  "class": "unknown",
  "approach": "annotation",
  "file_path": "email_api/config/config_leo.py",
  "lineno": "18",
  "column": "0",
  "context": "C_ROOT = '/home/kyalma/source/email_api/static/'\n\nSECURE_PROXY_SSL_HEADER = None\n\nSECURE_SSL_REDIRECT = False\n\nSESSION_COOKIE_SECUR",
  "context_lines": "        'PORT': 5432\n    }\n}\n\nSTATIC_ROOT = '/home/kyalma/source/email_api/static/'\n\nSECURE_PROXY_SSL_HEADER = None\n\nSECURE_SSL_REDIRECT = False\n\nSESSION_COOKIE_SECURE = False\n\n",
  "slicing": "SECURE_PROXY_SSL_HEADER = None\n"
 },
 "55": {
  "name": "SECURE_SSL_REDIRECT",
  "type": "bool",
  "class": "build-in",
  "approach": "annotation",
  "file_path": "email_api/config/config_leo.py",
  "lineno": "20",
  "column": "0",
  "context": "ail_api/static/'\n\nSECURE_PROXY_SSL_HEADER = None\n\nSECURE_SSL_REDIRECT = False\n\nSESSION_COOKIE_SECURE = False\n\nCSRF_COOKIE_SECURE",
  "context_lines": "    }\n}\n\nSTATIC_ROOT = '/home/kyalma/source/email_api/static/'\n\nSECURE_PROXY_SSL_HEADER = None\n\nSECURE_SSL_REDIRECT = False\n\nSESSION_COOKIE_SECURE = False\n\n",
  "slicing": "SECURE_SSL_REDIRECT = False\n"
 },
 "56": {
  "name": "SESSION_COOKIE_SECURE",
  "type": "bool",
  "class": "build-in",
  "approach": "annotation",
  "file_path": "email_api/config/config_leo.py",
  "lineno": "22",
  "column": "0",
  "context": "Y_SSL_HEADER = None\n\nSECURE_SSL_REDIRECT = False\n\nSESSION_COOKIE_SECURE = False\n\nCSRF_COOKIE_SECURE = False\n",
  "context_lines": "}\n\nSTATIC_ROOT = '/home/kyalma/source/email_api/static/'\n\nSECURE_PROXY_SSL_HEADER = None\n\nSECURE_SSL_REDIRECT = False\n\nSESSION_COOKIE_SECURE = False\n\n",
  "slicing": "SESSION_COOKIE_SECURE = False\n"
 },
 "57": {
  "name": "CSRF_COOKIE_SECURE",
  "type": "bool",
  "class": "build-in",
  "approach": "annotation",
  "file_path": "email_api/config/config_leo.py",
  "lineno": "24",
  "column": "0",
  "context": "_REDIRECT = False\n\nSESSION_COOKIE_SECURE = False\n\nCSRF_COOKIE_SECURE = False\n",
  "context_lines": "STATIC_ROOT = '/home/kyalma/source/email_api/static/'\n\nSECURE_PROXY_SSL_HEADER = None\n\nSECURE_SSL_REDIRECT = False\n\nSESSION_COOKIE_SECURE = False\n\nCSRF_COOKIE_SECURE = False\n",
  "slicing": "CSRF_COOKIE_SECURE = False\n"
 },
 "58": {
  "name": "debug",
  "type": "bool",
  "class": "build-in",
  "approach": "annotation",
  "file_path": "email_api/config/buildbot.py",
  "lineno": "1",
  "column": "0",
  "context": "debug = False\n\ndatabase = {\n    'default': {\n        'ENGINE': '",
  "context_lines": "debug = False\n\ndatabase = {\n    'default': {\n        'ENGINE': 'django.db.backends.postgresql_psycopg2',\n",
  "slicing": "debug = False\n"
 },
 "59": {
  "name": "database",
  "type": "dict",
  "class": "build-in",
  "approach": "annotation",
  "file_path": "email_api/config/buildbot.py",
  "lineno": "3",
  "column": "0",
  "context": "debug = False\n\ndatabase = {\n    'default': {\n        'ENGINE': 'django.db.back",
  "context_lines": "debug = False\n\ndatabase = {\n    'default': {\n        'ENGINE': 'django.db.backends.postgresql_psycopg2',\n        'NAME': 'emailapi',\n        'USER': 'emailapi',\n",
  "slicing": "database = {\n"
 },
 "60": {
  "name": "STATIC_ROOT",
  "type": "str",
  "class": "build-in",
  "approach": "Pysonar2",
  "file_path": "email_api/config/buildbot.py",
  "lineno": "14",
  "column": "0",
  "context": "HOST': 'localhost',\n        'PORT': 5432\n    }\n}\n\nSTATIC_ROOT = '/var/www/email_api/static/'\n\nSECURE_PROXY_SSL_HEADER = ('HTTP_X_FORWARDED_PROT",
  "context_lines": "        'HOST': 'localhost',\n        'PORT': 5432\n    }\n}\n\nSTATIC_ROOT = '/var/www/email_api/static/'\n\nSECURE_PROXY_SSL_HEADER = ('HTTP_X_FORWARDED_PROTO', 'https')\n\nSECURE_SSL_REDIRECT = True\n\nSESSION_COOKIE_SECURE = True\n\n",
  "slicing": "STATIC_ROOT = '/var/www/email_api/static/'\n"
 },
 "61": {
  "name": "SECURE_PROXY_SSL_HEADER",
  "type": "tuple",
  "class": "build-in",
  "approach": "annotation",
  "file_path": "email_api/config/buildbot.py",
  "lineno": "16",
  "column": "0",
  "context": " }\n}\n\nSTATIC_ROOT = '/var/www/email_api/static/'\n\nSECURE_PROXY_SSL_HEADER = ('HTTP_X_FORWARDED_PROTO', 'https')\n\nSECURE_SSL_REDIRECT = True\n\nSESSION_COOKIE_SECURE",
  "context_lines": "        'PORT': 5432\n    }\n}\n\nSTATIC_ROOT = '/var/www/email_api/static/'\n\nSECURE_PROXY_SSL_HEADER = ('HTTP_X_FORWARDED_PROTO', 'https')\n\nSECURE_SSL_REDIRECT = True\n\nSESSION_COOKIE_SECURE = True\n\n",
  "slicing": "SECURE_PROXY_SSL_HEADER = ('HTTP_X_FORWARDED_PROTO', 'https')\n"
 },
 "62": {
  "name": "SECURE_SSL_REDIRECT",
  "type": "bool",
  "class": "build-in",
  "approach": "annotation",
  "file_path": "email_api/config/buildbot.py",
  "lineno": "18",
  "column": "0",
  "context": "SSL_HEADER = ('HTTP_X_FORWARDED_PROTO', 'https')\n\nSECURE_SSL_REDIRECT = True\n\nSESSION_COOKIE_SECURE = True\n\nCSRF_COOKIE_SECURE ",
  "context_lines": "    }\n}\n\nSTATIC_ROOT = '/var/www/email_api/static/'\n\nSECURE_PROXY_SSL_HEADER = ('HTTP_X_FORWARDED_PROTO', 'https')\n\nSECURE_SSL_REDIRECT = True\n\nSESSION_COOKIE_SECURE = True\n\n",
  "slicing": "SECURE_SSL_REDIRECT = True\n"
 },
 "63": {
  "name": "SESSION_COOKIE_SECURE",
  "type": "bool",
  "class": "build-in",
  "approach": "annotation",
  "file_path": "email_api/config/buildbot.py",
  "lineno": "20",
  "column": "0",
  "context": "DED_PROTO', 'https')\n\nSECURE_SSL_REDIRECT = True\n\nSESSION_COOKIE_SECURE = True\n\nCSRF_COOKIE_SECURE = True\n",
  "context_lines": "}\n\nSTATIC_ROOT = '/var/www/email_api/static/'\n\nSECURE_PROXY_SSL_HEADER = ('HTTP_X_FORWARDED_PROTO', 'https')\n\nSECURE_SSL_REDIRECT = True\n\nSESSION_COOKIE_SECURE = True\n\n",
  "slicing": "SESSION_COOKIE_SECURE = True\n"
 },
 "64": {
  "name": "CSRF_COOKIE_SECURE",
  "type": "bool",
  "class": "build-in",
  "approach": "annotation",
  "file_path": "email_api/config/buildbot.py",
  "lineno": "22",
  "column": "0",
  "context": "SL_REDIRECT = True\n\nSESSION_COOKIE_SECURE = True\n\nCSRF_COOKIE_SECURE = True\n",
  "context_lines": "STATIC_ROOT = '/var/www/email_api/static/'\n\nSECURE_PROXY_SSL_HEADER = ('HTTP_X_FORWARDED_PROTO', 'https')\n\nSECURE_SSL_REDIRECT = True\n\nSESSION_COOKIE_SECURE = True\n\nCSRF_COOKIE_SECURE = True\n",
  "slicing": "CSRF_COOKIE_SECURE = True\n"
 },
 "65": {
  "name": "application",
  "type": "django.core.wsgi.get_wsgi_application",
  "class": "imported",
  "approach": "annotation",
  "file_path": "email_api/emailproj/wsgi.py",
  "lineno": "16",
  "column": "0",
  "context": "(\"DJANGO_SETTINGS_MODULE\", \"emailproj.settings\")\n\napplication = get_wsgi_application()\n",
  "context_lines": "\"\"\"\n\nimport os\n\nfrom django.core.wsgi import get_wsgi_application\n\nos.environ.setdefault(\"DJANGO_SETTINGS_MODULE\", \"emailproj.settings\")\n\napplication = get_wsgi_application()\n",
  "slicing": "application = get_wsgi_application()\n"
 },
 "66": {
  "name": "swagger_view",
  "type": "rest_framework_swagger.views.get_swagger_view",
  "class": "imported",
  "approach": "annotation",
  "file_path": "email_api/emailproj/urls.py",
  "lineno": "9",
  "column": "0",
  "context": "port get_swagger_view\nfrom emailapp import views\n\nswagger_view = get_swagger_view(title='Email API')\n\n\nurlpatterns = [\n    url(r'^docs/$', swagger_view",
  "context_lines": "from django.conf.urls.static import static\nfrom rest_framework import routers, serializers, viewsets\nfrom rest_framework_swagger.views import get_swagger_view\nfrom emailapp import views\n\nswagger_view = get_swagger_view(title='Email API')\n\n\nurlpatterns = [\n    url(r'^docs/$', swagger_view, name='docs'),\n    url(r'^proximity/$', views.ProximityAlertAPI.as_view()),\n",
  "slicing": [
   "swagger_view = get_swagger_view(title='Email API')\n",
   "    url(r'^docs/$', swagger_view, name='docs'),\n"
  ]
 },
 "67": {
  "name": "urlpatterns",
  "type": "list",
  "class": "build-in",
  "approach": "Pysonar2",
  "file_path": "email_api/emailproj/urls.py",
  "lineno": "12",
  "column": "0",
  "context": "gger_view = get_swagger_view(title='Email API')\n\n\nurlpatterns = [\n    url(r'^docs/$', swagger_view, name='docs'),\n  ",
  "context_lines": "from rest_framework import routers, serializers, viewsets\nfrom rest_framework_swagger.views import get_swagger_view\nfrom emailapp import views\n\nswagger_view = get_swagger_view(title='Email API')\n\n\nurlpatterns = [\n    url(r'^docs/$', swagger_view, name='docs'),\n    url(r'^proximity/$', views.ProximityAlertAPI.as_view()),\n    url(r'^proximity/list/$', views.ProximityAlertListAPI.as_view()),\n    url(r'^newsletter/recipient/$',\n",
  "slicing": "urlpatterns = [\n"
 },
 "68": {
  "name": "BASE_DIR",
  "type": "str",
  "class": "build-in",
  "approach": "Pysonar2",
  "file_path": "email_api/emailproj/settings.py",
  "lineno": "18",
  "column": "0",
  "context": "he project like this: os.path.join(BASE_DIR, ...)\nBASE_DIR = os.path.dirname(os.path.dirname(os.path.abspath(__file__)))\n\n\n# Quick-start development settings - unsuitable ",
  "context_lines": "\"\"\"\n\nimport os\n\nfrom config import settings\n\n# Build paths inside the project like this: os.path.join(BASE_DIR, ...)\nBASE_DIR = os.path.dirname(os.path.dirname(os.path.abspath(__file__)))\n\n\n# Quick-start development settings - unsuitable for production\n# See https://docs.djangoproject.com/en/2.0/howto/deployment/checklist/\n\n# SECURITY WARNING: keep the secret key used in production secret!\n",
  "slicing": "BASE_DIR = os.path.dirname(os.path.dirname(os.path.abspath(__file__)))\n"
 },
 "69": {
  "name": "SECRET_KEY",
  "type": "str",
  "class": "build-in",
  "approach": "Pysonar2",
  "file_path": "email_api/emailproj/settings.py",
  "lineno": "25",
  "column": "0",
  "context": "G: keep the secret key used in production secret!\nSECRET_KEY = 'f*$162r_df9y1uhip#@=#a*1+0v_c@i=@!zln3$s*mu7p&c2(2'\n\n# SECURITY WARNING: don't run with debug turned o",
  "context_lines": "BASE_DIR = os.path.dirname(os.path.dirname(os.path.abspath(__file__)))\n\n\n# Quick-start development settings - unsuitable for production\n# See https://docs.djangoproject.com/en/2.0/howto/deployment/checklist/\n\n# SECURITY WARNING: keep the secret key used in production secret!\nSECRET_KEY = 'f*$162r_df9y1uhip#@=#a*1+0v_c@i=@!zln3$s*mu7p&c2(2'\n\n# SECURITY WARNING: don't run with debug turned on in production!\nDEBUG = settings.debug\n\nALLOWED_HOSTS = ['*']\n\n\n",
  "slicing": "SECRET_KEY = 'f*$162r_df9y1uhip#@=#a*1+0v_c@i=@!zln3$s*mu7p&c2(2'\n"
 },
 "70": {
  "name": "DEBUG",
  "type": "UNKNOWN",
  "class": "unknown",
  "approach": "Pysonar2",
  "file_path": "email_api/emailproj/settings.py",
  "lineno": "28",
  "column": "0",
  "context": "NG: don't run with debug turned on in production!\nDEBUG = settings.debug\n\nALLOWED_HOSTS = ['*']\n\n\n# Application definition\n",
  "context_lines": "# See https://docs.djangoproject.com/en/2.0/howto/deployment/checklist/\n\n# SECURITY WARNING: keep the secret key used in production secret!\nSECRET_KEY = 'f*$162r_df9y1uhip#@=#a*1+0v_c@i=@!zln3$s*mu7p&c2(2'\n\n# SECURITY WARNING: don't run with debug turned on in production!\nDEBUG = settings.debug\n\nALLOWED_HOSTS = ['*']\n\n\n# Application definition\n\nINSTALLED_APPS = [\n",
  "slicing": "DEBUG = settings.debug\n"
 },
 "71": {
  "name": "ALLOWED_HOSTS",
  "type": "list",
  "class": "build-in",
  "approach": "annotation",
  "file_path": "email_api/emailproj/settings.py",
  "lineno": "30",
  "column": "0",
  "context": " turned on in production!\nDEBUG = settings.debug\n\nALLOWED_HOSTS = ['*']\n\n\n# Application definition\n\nINSTALLED_APPS = [\n   ",
  "context_lines": "# SECURITY WARNING: keep the secret key used in production secret!\nSECRET_KEY = 'f*$162r_df9y1uhip#@=#a*1+0v_c@i=@!zln3$s*mu7p&c2(2'\n\n# SECURITY WARNING: don't run with debug turned on in production!\nDEBUG = settings.debug\n\nALLOWED_HOSTS = ['*']\n\n\n# Application definition\n\nINSTALLED_APPS = [\n    'django.contrib.admin',\n",
  "slicing": "ALLOWED_HOSTS = ['*']\n"
 },
 "72": {
  "name": "INSTALLED_APPS",
  "type": "list",
  "class": "build-in",
  "approach": "annotation",
  "file_path": "email_api/emailproj/settings.py",
  "lineno": "35",
  "column": "0",
  "context": "ALLOWED_HOSTS = ['*']\n\n\n# Application definition\n\nINSTALLED_APPS = [\n    'django.contrib.admin',\n    'django.contrib.au",
  "context_lines": "# SECURITY WARNING: don't run with debug turned on in production!\nDEBUG = settings.debug\n\nALLOWED_HOSTS = ['*']\n\n\n# Application definition\n\nINSTALLED_APPS = [\n    'django.contrib.admin',\n    'django.contrib.auth',\n    'django.contrib.contenttypes',\n    'django.contrib.sessions',\n",
  "slicing": "INSTALLED_APPS = [\n"
 },
 "73": {
  "name": "MIDDLEWARE",
  "type": "list",
  "class": "build-in",
  "approach": "annotation",
  "file_path": "email_api/emailproj/settings.py",
  "lineno": "48",
  "column": "0",
  "context": "rest_framework',\n    'rest_framework_swagger',\n]\n\nMIDDLEWARE = [\n    'django.middleware.security.SecurityMiddleware",
  "context_lines": "    'emailapp',\n    'rest_framework',\n    'rest_framework_swagger',\n]\n\nMIDDLEWARE = [\n    'django.middleware.security.SecurityMiddleware',\n    'django.contrib.sessions.middleware.SessionMiddleware',\n    'django.middleware.common.CommonMiddleware',\n    'django.middleware.csrf.CsrfViewMiddleware',\n",
  "slicing": "MIDDLEWARE = [\n"
 },
 "74": {
  "name": "ROOT_URLCONF",
  "type": "str",
  "class": "build-in",
  "approach": "Pysonar2",
  "file_path": "email_api/emailproj/settings.py",
  "lineno": "58",
  "column": "0",
  "context": "dleware.clickjacking.XFrameOptionsMiddleware',\n]\n\nROOT_URLCONF = 'emailproj.urls'\n\nTEMPLATES = [\n    {\n        'BACKEND': 'django.te",
  "context_lines": "    'django.contrib.auth.middleware.AuthenticationMiddleware',\n    'django.contrib.messages.middleware.MessageMiddleware',\n    'django.middleware.clickjacking.XFrameOptionsMiddleware',\n]\n\nROOT_URLCONF = 'emailproj.urls'\n\nTEMPLATES = [\n    {\n        'BACKEND': 'django.template.backends.django.DjangoTemplates',\n",
  "slicing": "ROOT_URLCONF = 'emailproj.urls'\n"
 },
 "75": {
  "name": "TEMPLATES",
  "type": "list",
  "class": "build-in",
  "approach": "annotation",
  "file_path": "email_api/emailproj/settings.py",
  "lineno": "60",
  "column": "0",
  "context": "sMiddleware',\n]\n\nROOT_URLCONF = 'emailproj.urls'\n\nTEMPLATES = [\n    {\n        'BACKEND': 'django.template.backends",
  "context_lines": "    'django.contrib.messages.middleware.MessageMiddleware',\n    'django.middleware.clickjacking.XFrameOptionsMiddleware',\n]\n\nROOT_URLCONF = 'emailproj.urls'\n\nTEMPLATES = [\n    {\n        'BACKEND': 'django.template.backends.django.DjangoTemplates',\n        'DIRS': [],\n        'APP_DIRS': True,\n",
  "slicing": "TEMPLATES = [\n"
 },
 "76": {
  "name": "WSGI_APPLICATION",
  "type": "str",
  "class": "build-in",
  "approach": "Pysonar2",
  "file_path": "email_api/emailproj/settings.py",
  "lineno": "76",
  "column": "0",
  "context": "rs.messages',\n            ],\n        },\n    },\n]\n\nWSGI_APPLICATION = 'emailproj.wsgi.application'\n\n\n# Database\n# https://docs.djangoproject.com/en/2",
  "context_lines": "            ],\n        },\n    },\n]\n\nWSGI_APPLICATION = 'emailproj.wsgi.application'\n\n\n# Database\n# https://docs.djangoproject.com/en/2.0/ref/settings/#databases\n\nDATABASES = settings.database\n\n",
  "slicing": "WSGI_APPLICATION = 'emailproj.wsgi.application'\n"
 },
 "77": {
  "name": "DATABASES",
  "type": "UNKNOWN",
  "class": "unknown",
  "approach": "Pysonar2",
  "file_path": "email_api/emailproj/settings.py",
  "lineno": "82",
  "column": "0",
  "context": "djangoproject.com/en/2.0/ref/settings/#databases\n\nDATABASES = settings.database\n\n# Password validation\n# https://docs.djangoprojec",
  "context_lines": "]\n\nWSGI_APPLICATION = 'emailproj.wsgi.application'\n\n\n# Database\n# https://docs.djangoproject.com/en/2.0/ref/settings/#databases\n\nDATABASES = settings.database\n\n# Password validation\n# https://docs.djangoproject.com/en/2.0/ref/settings/#auth-password-validators\n\nAUTH_PASSWORD_VALIDATORS = [\n",
  "slicing": "DATABASES = settings.database\n"
 },
 "78": {
  "name": "AUTH_PASSWORD_VALIDATORS",
  "type": "list",
  "class": "build-in",
  "approach": "annotation",
  "file_path": "email_api/emailproj/settings.py",
  "lineno": "87",
  "column": "0",
  "context": "om/en/2.0/ref/settings/#auth-password-validators\n\nAUTH_PASSWORD_VALIDATORS = [\n    {\n        'NAME': 'django.contrib.auth.passwor",
  "context_lines": "# https://docs.djangoproject.com/en/2.0/ref/settings/#databases\n\nDATABASES = settings.database\n\n# Password validation\n# https://docs.djangoproject.com/en/2.0/ref/settings/#auth-password-validators\n\nAUTH_PASSWORD_VALIDATORS = [\n    {\n        'NAME': 'django.contrib.auth.password_validation.UserAttributeSimilarityValidator',\n    },\n    {\n",
  "slicing": "AUTH_PASSWORD_VALIDATORS = [\n"
 },
 "79": {
  "name": "LANGUAGE_CODE",
  "type": "str",
  "class": "build-in",
  "approach": "Pysonar2",
  "file_path": "email_api/emailproj/settings.py",
  "lineno": "106",
  "column": "0",
  "context": "tps://docs.djangoproject.com/en/2.0/topics/i18n/\n\nLANGUAGE_CODE = 'en-us'\n\nTIME_ZONE = 'UTC'\n\nUSE_I18N = True\n\nUSE_L10N = Tr",
  "context_lines": "    },\n]\n\n\n# Internationalization\n# https://docs.djangoproject.com/en/2.0/topics/i18n/\n\nLANGUAGE_CODE = 'en-us'\n\nTIME_ZONE = 'UTC'\n\nUSE_I18N = True\n\nUSE_L10N = True\n\n",
  "slicing": "LANGUAGE_CODE = 'en-us'\n"
 },
 "80": {
  "name": "TIME_ZONE",
  "type": "str",
  "class": "build-in",
  "approach": "Pysonar2",
  "file_path": "email_api/emailproj/settings.py",
  "lineno": "108",
  "column": "0",
  "context": "com/en/2.0/topics/i18n/\n\nLANGUAGE_CODE = 'en-us'\n\nTIME_ZONE = 'UTC'\n\nUSE_I18N = True\n\nUSE_L10N = True\n\nUSE_TZ = True\n\n",
  "context_lines": "]\n\n\n# Internationalization\n# https://docs.djangoproject.com/en/2.0/topics/i18n/\n\nLANGUAGE_CODE = 'en-us'\n\nTIME_ZONE = 'UTC'\n\nUSE_I18N = True\n\nUSE_L10N = True\n\nUSE_TZ = True\n\n\n",
  "slicing": "TIME_ZONE = 'UTC'\n"
 },
 "81": {
  "name": "USE_I18N",
  "type": "bool",
  "class": "build-in",
  "approach": "annotation",
  "file_path": "email_api/emailproj/settings.py",
  "lineno": "110",
  "column": "0",
  "context": "18n/\n\nLANGUAGE_CODE = 'en-us'\n\nTIME_ZONE = 'UTC'\n\nUSE_I18N = True\n\nUSE_L10N = True\n\nUSE_TZ = True\n\n\n# Static files (",
  "context_lines": "# Internationalization\n# https://docs.djangoproject.com/en/2.0/topics/i18n/\n\nLANGUAGE_CODE = 'en-us'\n\nTIME_ZONE = 'UTC'\n\nUSE_I18N = True\n\nUSE_L10N = True\n\nUSE_TZ = True\n\n\n# Static files (CSS, JavaScript, Images)\n",
  "slicing": "USE_I18N = True\n"
 },
 "82": {
  "name": "USE_L10N",
  "type": "bool",
  "class": "build-in",
  "approach": "annotation",
  "file_path": "email_api/emailproj/settings.py",
  "lineno": "112",
  "column": "0",
  "context": "DE = 'en-us'\n\nTIME_ZONE = 'UTC'\n\nUSE_I18N = True\n\nUSE_L10N = True\n\nUSE_TZ = True\n\n\n# Static files (CSS, JavaScript, ",
  "context_lines": "# https://docs.djangoproject.com/en/2.0/topics/i18n/\n\nLANGUAGE_CODE = 'en-us'\n\nTIME_ZONE = 'UTC'\n\nUSE_I18N = True\n\nUSE_L10N = True\n\nUSE_TZ = True\n\n\n# Static files (CSS, JavaScript, Images)\n# https://docs.djangoproject.com/en/2.0/howto/static-files/\n\n",
  "slicing": "USE_L10N = True\n"
 },
 "83": {
  "name": "USE_TZ",
  "type": "bool",
  "class": "build-in",
  "approach": "annotation",
  "file_path": "email_api/emailproj/settings.py",
  "lineno": "114",
  "column": "0",
  "context": "E_ZONE = 'UTC'\n\nUSE_I18N = True\n\nUSE_L10N = True\n\nUSE_TZ = True\n\n\n# Static files (CSS, JavaScript, Images)\n# https",
  "context_lines": "LANGUAGE_CODE = 'en-us'\n\nTIME_ZONE = 'UTC'\n\nUSE_I18N = True\n\nUSE_L10N = True\n\nUSE_TZ = True\n\n\n# Static files (CSS, JavaScript, Images)\n# https://docs.djangoproject.com/en/2.0/howto/static-files/\n\nSITE_ROOT = os.path.dirname(os.path.realpath(__file__))\n\n",
  "slicing": "USE_TZ = True\n"
 },
 "84": {
  "name": "SITE_ROOT",
  "type": "str",
  "class": "build-in",
  "approach": "Pysonar2",
  "file_path": "email_api/emailproj/settings.py",
  "lineno": "120",
  "column": "0",
  "context": "ocs.djangoproject.com/en/2.0/howto/static-files/\n\nSITE_ROOT = os.path.dirname(os.path.realpath(__file__))\n\nSTATICFILES_DIRS = [\n    os.path.join(SITE_ROOT, ",
  "context_lines": "USE_L10N = True\n\nUSE_TZ = True\n\n\n# Static files (CSS, JavaScript, Images)\n# https://docs.djangoproject.com/en/2.0/howto/static-files/\n\nSITE_ROOT = os.path.dirname(os.path.realpath(__file__))\n\nSTATICFILES_DIRS = [\n    os.path.join(SITE_ROOT, 'static/'),\n]\n\n",
  "slicing": [
   "SITE_ROOT = os.path.dirname(os.path.realpath(__file__))\n",
   "    os.path.join(SITE_ROOT, 'static/'),\n"
  ]
 },
 "85": {
  "name": "STATICFILES_DIRS",
  "type": "list",
  "class": "build-in",
  "approach": "annotation",
  "file_path": "email_api/emailproj/settings.py",
  "lineno": "122",
  "column": "0",
  "context": "OT = os.path.dirname(os.path.realpath(__file__))\n\nSTATICFILES_DIRS = [\n    os.path.join(SITE_ROOT, 'static/'),\n]\n\nSTATIC_",
  "context_lines": "USE_TZ = True\n\n\n# Static files (CSS, JavaScript, Images)\n# https://docs.djangoproject.com/en/2.0/howto/static-files/\n\nSITE_ROOT = os.path.dirname(os.path.realpath(__file__))\n\nSTATICFILES_DIRS = [\n    os.path.join(SITE_ROOT, 'static/'),\n]\n\nSTATIC_URL = '/static/'\n\nSTATIC_ROOT = settings.STATIC_ROOT\n\n\n",
  "slicing": "STATICFILES_DIRS = [\n"
 },
 "86": {
  "name": "STATIC_URL",
  "type": "str",
  "class": "build-in",
  "approach": "Pysonar2",
  "file_path": "email_api/emailproj/settings.py",
  "lineno": "126",
  "column": "0",
  "context": "RS = [\n    os.path.join(SITE_ROOT, 'static/'),\n]\n\nSTATIC_URL = '/static/'\n\nSTATIC_ROOT = settings.STATIC_ROOT\n\n\nREST_FRAMEWO",
  "context_lines": "SITE_ROOT = os.path.dirname(os.path.realpath(__file__))\n\nSTATICFILES_DIRS = [\n    os.path.join(SITE_ROOT, 'static/'),\n]\n\nSTATIC_URL = '/static/'\n\nSTATIC_ROOT = settings.STATIC_ROOT\n\n\nREST_FRAMEWORK = {\n    'DEFAULT_RENDERER_CLASSES': (\n",
  "slicing": "STATIC_URL = '/static/'\n"
 },
 "87": {
  "name": "STATIC_ROOT",
  "type": "UNKNOWN",
  "class": "unknown",
  "approach": "Pysonar2",
  "file_path": "email_api/emailproj/settings.py",
  "lineno": "128",
  "column": "0",
  "context": "ITE_ROOT, 'static/'),\n]\n\nSTATIC_URL = '/static/'\n\nSTATIC_ROOT = settings.STATIC_ROOT\n\n\nREST_FRAMEWORK = {\n    'DEFAULT_RENDERER_CLASSES",
  "context_lines": "STATICFILES_DIRS = [\n    os.path.join(SITE_ROOT, 'static/'),\n]\n\nSTATIC_URL = '/static/'\n\nSTATIC_ROOT = settings.STATIC_ROOT\n\n\nREST_FRAMEWORK = {\n    'DEFAULT_RENDERER_CLASSES': (\n        'rest_framework_swagger.renderers.JSONRenderer',\n",
  "slicing": "STATIC_ROOT = settings.STATIC_ROOT\n"
 },
 "88": {
  "name": "REST_FRAMEWORK",
  "type": "dict",
  "class": "build-in",
  "approach": "annotation",
  "file_path": "email_api/emailproj/settings.py",
  "lineno": "131",
  "column": "0",
  "context": " '/static/'\n\nSTATIC_ROOT = settings.STATIC_ROOT\n\n\nREST_FRAMEWORK = {\n    'DEFAULT_RENDERER_CLASSES': (\n        'rest_fr",
  "context_lines": "    os.path.join(SITE_ROOT, 'static/'),\n]\n\nSTATIC_URL = '/static/'\n\nSTATIC_ROOT = settings.STATIC_ROOT\n\n\nREST_FRAMEWORK = {\n    'DEFAULT_RENDERER_CLASSES': (\n        'rest_framework_swagger.renderers.JSONRenderer',\n        'rest_framework_swagger.renderers.SwaggerUIRenderer',\n        'rest_framework_swagger.renderers.OpenAPIRenderer',\n",
  "slicing": "REST_FRAMEWORK = {\n"
 },
 "89": {
  "name": "SWAGGER_SETTINGS",
  "type": "dict",
  "class": "build-in",
  "approach": "annotation",
  "file_path": "email_api/emailproj/settings.py",
  "lineno": "144",
  "column": "0",
  "context": "  'rest_framework.permissions.AllowAny',\n    )\n}\n\nSWAGGER_SETTINGS = {\n    'USE_SESSION_AUTH': False\n}\n\nSECURE_PROXY_SSL_",
  "context_lines": "    'DEFAULT_PERMISSION_CLASSES': (\n        'rest_framework.permissions.AllowAny',\n    )\n}\n\nSWAGGER_SETTINGS = {\n    'USE_SESSION_AUTH': False\n}\n\nSECURE_PROXY_SSL_HEADER = settings.SECURE_PROXY_SSL_HEADER\n\nSECURE_SSL_REDIRECT = settings.SECURE_SSL_REDIRECT\n\n",
  "slicing": "SWAGGER_SETTINGS = {\n"
 },
 "90": {
  "name": "SECURE_PROXY_SSL_HEADER",
  "type": "UNKNOWN",
  "class": "unknown",
  "approach": "Pysonar2",
  "file_path": "email_api/emailproj/settings.py",
  "lineno": "148",
  "column": "0",
  "context": "GER_SETTINGS = {\n    'USE_SESSION_AUTH': False\n}\n\nSECURE_PROXY_SSL_HEADER = settings.SECURE_PROXY_SSL_HEADER\n\nSECURE_SSL_REDIRECT = settings.SECURE_SSL_REDIREC",
  "context_lines": "}\n\nSWAGGER_SETTINGS = {\n    'USE_SESSION_AUTH': False\n}\n\nSECURE_PROXY_SSL_HEADER = settings.SECURE_PROXY_SSL_HEADER\n\nSECURE_SSL_REDIRECT = settings.SECURE_SSL_REDIRECT\n\nSESSION_COOKIE_SECURE = settings.SESSION_COOKIE_SECURE\n\n",
  "slicing": "SECURE_PROXY_SSL_HEADER = settings.SECURE_PROXY_SSL_HEADER\n"
 },
 "91": {
  "name": "SECURE_SSL_REDIRECT",
  "type": "UNKNOWN",
  "class": "unknown",
  "approach": "Pysonar2",
  "file_path": "email_api/emailproj/settings.py",
  "lineno": "150",
  "column": "0",
  "context": "XY_SSL_HEADER = settings.SECURE_PROXY_SSL_HEADER\n\nSECURE_SSL_REDIRECT = settings.SECURE_SSL_REDIRECT\n\nSESSION_COOKIE_SECURE = settings.SESSION_COOKIE_S",
  "context_lines": "SWAGGER_SETTINGS = {\n    'USE_SESSION_AUTH': False\n}\n\nSECURE_PROXY_SSL_HEADER = settings.SECURE_PROXY_SSL_HEADER\n\nSECURE_SSL_REDIRECT = settings.SECURE_SSL_REDIRECT\n\nSESSION_COOKIE_SECURE = settings.SESSION_COOKIE_SECURE\n\n",
  "slicing": "SECURE_SSL_REDIRECT = settings.SECURE_SSL_REDIRECT\n"
 },
 "92": {
  "name": "SESSION_COOKIE_SECURE",
  "type": "UNKNOWN",
  "class": "unknown",
  "approach": "Pysonar2",
  "file_path": "email_api/emailproj/settings.py",
  "lineno": "152",
  "column": "0",
  "context": "CURE_SSL_REDIRECT = settings.SECURE_SSL_REDIRECT\n\nSESSION_COOKIE_SECURE = settings.SESSION_COOKIE_SECURE\n\nCSRF_COOKIE_SECURE = settings.CSRF_COOKIE_SECURE\n",
  "context_lines": "    'USE_SESSION_AUTH': False\n}\n\nSECURE_PROXY_SSL_HEADER = settings.SECURE_PROXY_SSL_HEADER\n\nSECURE_SSL_REDIRECT = settings.SECURE_SSL_REDIRECT\n\nSESSION_COOKIE_SECURE = settings.SESSION_COOKIE_SECURE\n\n",
  "slicing": "SESSION_COOKIE_SECURE = settings.SESSION_COOKIE_SECURE\n"
 },
 "93": {
  "name": "CSRF_COOKIE_SECURE",
  "type": "UNKNOWN",
  "class": "unknown",
  "approach": "Pysonar2",
  "file_path": "email_api/emailproj/settings.py",
  "lineno": "154",
  "column": "0",
  "context": "N_COOKIE_SECURE = settings.SESSION_COOKIE_SECURE\n\nCSRF_COOKIE_SECURE = settings.CSRF_COOKIE_SECURE\n",
  "context_lines": "}\n\nSECURE_PROXY_SSL_HEADER = settings.SECURE_PROXY_SSL_HEADER\n\nSECURE_SSL_REDIRECT = settings.SECURE_SSL_REDIRECT\n\nSESSION_COOKIE_SECURE = settings.SESSION_COOKIE_SECURE\n\nCSRF_COOKIE_SECURE = settings.CSRF_COOKIE_SECURE\n",
  "slicing": "CSRF_COOKIE_SECURE = settings.CSRF_COOKIE_SECURE\n"
 },
 "94": {
  "name": "request",
  "type": "UNKNOWN",
  "class": "unknown",
  "approach": "Pysonar2",
  "file_path": "email_api/emailapp/views.py",
  "lineno": "26",
  "column": "19",
  "context": "r_class = ProximitySerializer\n\n    def post(self, request, *args, **kwargs):\n        return self.create(request, *args, **kwarg",
  "context_lines": "                        mixins.DestroyModelMixin,\n                        generics.GenericAPIView):\n    queryset = Proximity.objects.all()\n    serializer_class = ProximitySerializer\n\n    def post(self, request, *args, **kwargs):\n        return self.create(request, *args, **kwargs)\n\n    def delete(self, request, *args, **kwargs):\n        return self.destroy(request, *args, **kwargs)\n\n\nclass ProximityAlertListAPI(mixins.ListModelMixin,\n",
  "slicing": "    def post(self, request, *args, **kwargs):\n"
 },
 "95": {
  "name": "request",
  "type": "UNKNOWN",
  "class": "unknown",
  "approach": "Pysonar2",
  "file_path": "email_api/emailapp/views.py",
  "lineno": "29",
  "column": "21",
  "context": "e(request, *args, **kwargs)\n\n    def delete(self, request, *args, **kwargs):\n        return self.destroy(request, *args, **kwar",
  "context_lines": "    queryset = Proximity.objects.all()\n    serializer_class = ProximitySerializer\n\n    def post(self, request, *args, **kwargs):\n        return self.create(request, *args, **kwargs)\n\n    def delete(self, request, *args, **kwargs):\n        return self.destroy(request, *args, **kwargs)\n\n\nclass ProximityAlertListAPI(mixins.ListModelMixin,\n                            generics.GenericAPIView):\n    queryset = Proximity.objects.all()\n",
  "slicing": "    def delete(self, request, *args, **kwargs):\n"
 },
 "96": {
  "name": "request",
  "type": "UNKNOWN",
  "class": "unknown",
  "approach": "Pysonar2",
  "file_path": "email_api/emailapp/views.py",
  "lineno": "38",
  "column": "18",
  "context": "er_class = ProximitySerializer\n\n    def get(self, request, *args, **kwargs):\n        return self.list(request, *args, **kwargs)",
  "context_lines": "class ProximityAlertListAPI(mixins.ListModelMixin,\n                            generics.GenericAPIView):\n    queryset = Proximity.objects.all()\n    serializer_class = ProximitySerializer\n\n    def get(self, request, *args, **kwargs):\n        return self.list(request, *args, **kwargs)\n\n\nclass NewsletterRecipientAPI(mixins.CreateModelMixin,\n                             generics.GenericAPIView):\n    queryset = NewsletterRecipient.objects.all()\n",
  "slicing": "    def get(self, request, *args, **kwargs):\n"
 },
 "97": {
  "name": "request",
  "type": "UNKNOWN",
  "class": "unknown",
  "approach": "Pysonar2",
  "file_path": "email_api/emailapp/views.py",
  "lineno": "47",
  "column": "19",
  "context": "NewsletterRecipientSerializer\n\n    def post(self, request, *args, **kwargs):\n        return self.create(request, *args, **kwarg",
  "context_lines": "class NewsletterRecipientAPI(mixins.CreateModelMixin,\n                             generics.GenericAPIView):\n    queryset = NewsletterRecipient.objects.all()\n    serializer_class = NewsletterRecipientSerializer\n\n    def post(self, request, *args, **kwargs):\n        return self.create(request, *args, **kwargs)\n\n\nclass NewsletterRecipientListAPI(mixins.ListModelMixin,\n                                 generics.GenericAPIView):\n    queryset = NewsletterRecipient.objects.all()\n",
  "slicing": "    def post(self, request, *args, **kwargs):\n"
 },
 "98": {
  "name": "request",
  "type": "UNKNOWN",
  "class": "unknown",
  "approach": "Pysonar2",
  "file_path": "email_api/emailapp/views.py",
  "lineno": "57",
  "column": "18",
  "context": " NewsletterRecipientSerializer\n\n    def get(self, request, *args, **kwargs):\n        return self.list(request, *args, **kwargs)",
  "context_lines": "                                 generics.GenericAPIView):\n    queryset = NewsletterRecipient.objects.all()\n    filter_backends = [RecipientOptFilterBackend]\n    serializer_class = NewsletterRecipientSerializer\n\n    def get(self, request, *args, **kwargs):\n        return self.list(request, *args, **kwargs)\n\n\nclass NewsletterUnsubscribeAPI(mixins.UpdateModelMixin,\n                               generics.GenericAPIView):\n    queryset = NewsletterRecipient.objects.all()\n",
  "slicing": "    def get(self, request, *args, **kwargs):\n"
 },
 "99": {
  "name": "request",
  "type": "UNKNOWN",
  "class": "unknown",
  "approach": "Pysonar2",
  "file_path": "email_api/emailapp/views.py",
  "lineno": "66",
  "column": "21",
  "context": "erRecipientOptOutSerializer\n\n    def update(self, request, *args, **kwargs):\n        instance = self.get_object()\n        seria",
  "context_lines": "class NewsletterUnsubscribeAPI(mixins.UpdateModelMixin,\n                               generics.GenericAPIView):\n    queryset = NewsletterRecipient.objects.all()\n    serializer_class = NewsletterRecipientOptOutSerializer\n\n    def update(self, request, *args, **kwargs):\n        instance = self.get_object()\n        serializer = self.get_serializer(\n            instance, data={}, partial=True)\n        serializer.is_valid(raise_exception=True)\n",
  "slicing": "    def update(self, request, *args, **kwargs):\n"
 },
 "100": {
  "name": "request",
  "type": "UNKNOWN",
  "class": "unknown",
  "approach": "Pysonar2",
  "file_path": "email_api/emailapp/views.py",
  "lineno": "74",
  "column": "20",
  "context": "rn Response(serializer.data)\n\n    def patch(self, request, *args, **kwargs):\n        return self.update(request, *args, **kwarg",
  "context_lines": "            instance, data={}, partial=True)\n        serializer.is_valid(raise_exception=True)\n        self.perform_update(serializer)\n        return Response(serializer.data)\n\n    def patch(self, request, *args, **kwargs):\n        return self.update(request, *args, **kwargs)\n\n\nclass NewsletterManageAPI(mixins.UpdateModelMixin, generics.GenericAPIView):\n    queryset = NewsletterRecipient.objects.all()\n    serializer_class = NewsletterRecipientOptOutSerializer\n\n",
  "slicing": "    def patch(self, request, *args, **kwargs):\n"
 },
 "101": {
  "name": "request",
  "type": "UNKNOWN",
  "class": "unknown",
  "approach": "Pysonar2",
  "file_path": "email_api/emailapp/views.py",
  "lineno": "82",
  "column": "20",
  "context": "terRecipientOptOutSerializer\n\n    def patch(self, request, *args, **kwargs):\n        return self.update(request, *args, **kwarg",
  "context_lines": "        return self.update(request, *args, **kwargs)\n\n\nclass NewsletterManageAPI(mixins.UpdateModelMixin, generics.GenericAPIView):\n    queryset = NewsletterRecipient.objects.all()\n    serializer_class = NewsletterRecipientOptOutSerializer\n\n    def patch(self, request, *args, **kwargs):\n        return self.update(request, *args, **kwargs)\n\n\nclass ManageView(View):\n    def get(self, request, pk):\n        # magic happens here\n",
  "slicing": "    def patch(self, request, *args, **kwargs):\n"
 },
 "102": {
  "name": "request",
  "type": "UNKNOWN",
  "class": "unknown",
  "approach": "Pysonar2",
  "file_path": "email_api/emailapp/views.py",
  "lineno": "87",
  "column": "18",
  "context": "args)\n\n\nclass ManageView(View):\n    def get(self, request, pk):\n        # magic happens here\n        return render",
  "context_lines": "    serializer_class = NewsletterRecipientOptOutSerializer\n\n    def patch(self, request, *args, **kwargs):\n        return self.update(request, *args, **kwargs)\n\n\nclass ManageView(View):\n    def get(self, request, pk):\n        # magic happens here\n        return render(request, 'emailapp/manage.html', {\n            'form': OptForm,\n            'hash': 1,\n",
  "slicing": "    def get(self, request, pk):\n"
 },
 "103": {
  "name": "pk",
  "type": "UNKNOWN",
  "class": "unknown",
  "approach": "Pysonar2",
  "file_path": "email_api/emailapp/views.py",
  "lineno": "87",
  "column": "27",
  "context": "lass ManageView(View):\n    def get(self, request, pk):\n        # magic happens here\n        return render",
  "context_lines": "    serializer_class = NewsletterRecipientOptOutSerializer\n\n    def patch(self, request, *args, **kwargs):\n        return self.update(request, *args, **kwargs)\n\n\nclass ManageView(View):\n    def get(self, request, pk):\n        # magic happens here\n        return render(request, 'emailapp/manage.html', {\n            'form': OptForm,\n            'hash': 1,\n",
  "slicing": "    def get(self, request, pk):\n"
 },
 "104": {
  "name": "request",
  "type": "UNKNOWN",
  "class": "unknown",
  "approach": "Pysonar2",
  "file_path": "email_api/emailapp/views.py",
  "lineno": "97",
  "column": "19",
  "context": "  'opt_new': False\n        })\n\n    def post(self, request, pk, *args, **kwargs):\n        print(args)\n        print(kwargs)\n        ",
  "context_lines": "            'opt_general': True,\n            'opt_sales': False,\n            'opt_new': False\n        })\n\n    def post(self, request, pk, *args, **kwargs):\n        print(args)\n        print(kwargs)\n",
  "slicing": "    def post(self, request, pk, *args, **kwargs):\n"
 },
 "105": {
  "name": "pk",
  "type": "UNKNOWN",
  "class": "unknown",
  "approach": "Pysonar2",
  "file_path": "email_api/emailapp/views.py",
  "lineno": "97",
  "column": "28",
  "context": "w': False\n        })\n\n    def post(self, request, pk, *args, **kwargs):\n        print(args)\n        print(kwargs)\n        ",
  "context_lines": "            'opt_general': True,\n            'opt_sales': False,\n            'opt_new': False\n        })\n\n    def post(self, request, pk, *args, **kwargs):\n        print(args)\n        print(kwargs)\n",
  "slicing": "    def post(self, request, pk, *args, **kwargs):\n"
 },
 "106": {
  "name": "request",
  "type": "UNKNOWN",
  "class": "unknown",
  "approach": "Pysonar2",
  "file_path": "email_api/emailapp/filters.py",
  "lineno": "4",
  "column": "30",
  "context": "BaseFilterBackend):\n    def filter_queryset(self, request, queryset, view):\n        return queryset\n",
  "context_lines": "from rest_framework import filters\n\nclass RecipientOptFilterBackend(filters.BaseFilterBackend):\n    def filter_queryset(self, request, queryset, view):\n",
  "slicing": "    def filter_queryset(self, request, queryset, view):\n"
 },
 "107": {
  "name": "queryset",
  "type": "UNKNOWN",
  "class": "unknown",
  "approach": "Pysonar2",
  "file_path": "email_api/emailapp/filters.py",
  "lineno": "4",
  "column": "39",
  "context": "rBackend):\n    def filter_queryset(self, request, queryset, view):\n        return queryset\n",
  "context_lines": "from rest_framework import filters\n\nclass RecipientOptFilterBackend(filters.BaseFilterBackend):\n    def filter_queryset(self, request, queryset, view):\n",
  "slicing": "    def filter_queryset(self, request, queryset, view):\n"
 },
 "108": {
  "name": "view",
  "type": "UNKNOWN",
  "class": "unknown",
  "approach": "Pysonar2",
  "file_path": "email_api/emailapp/filters.py",
  "lineno": "4",
  "column": "49",
  "context": "\n    def filter_queryset(self, request, queryset, view):\n        return queryset\n",
  "context_lines": "from rest_framework import filters\n\nclass RecipientOptFilterBackend(filters.BaseFilterBackend):\n    def filter_queryset(self, request, queryset, view):\n",
  "slicing": "    def filter_queryset(self, request, queryset, view):\n"
 }
}