{
 "1": {
  "name": "parser",
  "type": "UNKNOWN",
  "class": "unknown",
  "approach": "Pysonar2",
  "file_path": "energy-challenge/main.py",
  "lineno": "7",
  "column": "4",
  "context": " cmd line application.\"\"\"\n    import argparse\n    parser = argparse.ArgumentParser(\n        description=\"\"\"Main entry point for comman",
  "context_lines": "from bill_member import calculate_and_print_bill\n\n\ndef parse_arguments():\n    \"\"\"Parse arguments for cmd line application.\"\"\"\n    import argparse\n    parser = argparse.ArgumentParser(\n        description=\"\"\"Main entry point for command line app to compute your \\n\n        energy bill based on a given readings.json file, which is assumed \\n\n        to be in the root directory.\"\"\")\n    parser.add_argument('--member_id', type=str,\n",
  "slicing": [
   "    parser = argparse.ArgumentParser(\n",
   "    parser.add_argument('--member_id', type=str,\n",
   "    parser.add_argument('--account_id', type=str,\n",
   "    parser.add_argument('--bill_date', type=str,\n",
   "    return parser.parse_args()\n"
  ]
 },
 "2": {
  "name": "args",
  "type": "UNKNOWN",
  "class": "unknown",
  "approach": "annotation",
  "file_path": "energy-challenge/main.py",
  "lineno": "41",
  "column": "4",
  "context": "t_id, bill_date)\n\n\nif __name__ == '__main__':\n    args = parse_arguments()\n    main(member_id=args.member_id,\n         accoun",
  "context_lines": "    Timezone is assumed to be GMT.\n    \"\"\"\n    calculate_and_print_bill(member_id, account_id, bill_date)\n\n\nif __name__ == '__main__':\n    args = parse_arguments()\n    main(member_id=args.member_id,\n         account_id=args.account_id,\n",
  "slicing": [
   "    args = parse_arguments()\n",
   "    main(member_id=args.member_id,\n",
   "         account_id=args.account_id,\n",
   "         bill_date=args.bill_date)\n"
  ]
 },
 "3": {
  "name": "readings",
  "type": "UNKNOWN",
  "class": "unknown",
  "approach": "Pysonar2",
  "file_path": "energy-challenge/load_readings.py",
  "lineno": "10",
  "column": "8",
  "context": "  with open('./readings.json', 'r') as f:\n        readings = json.load(f)\n    return readings\n",
  "context_lines": "    There's no need to refactor this function.\n    The json library reads until EOF and then loads into memory.\n    Returns a dictionary.\"\"\"\n    with open('./readings.json', 'r') as f:\n        readings = json.load(f)\n",
  "slicing": [
   "        readings = json.load(f)\n",
   "    return readings\n"
  ]
 },
 "4": {
  "name": "amount",
  "type": "bill_member.calculate_bill",
  "class": "imported",
  "approach": "annotation",
  "file_path": "energy-challenge/test_bill_member.py",
  "lineno": "11",
  "column": "8",
  "context": "def test_calculate_bill_for_august(self):\n        amount, kwh = calculate_bill(member_id='member-123',\n                                     account_id='A",
  "context_lines": "from test_data import (\n    multiple_sources_data, multiple_accounts_data, multiple_accounts_data_2)\n\n\nclass TestBillMember(unittest.TestCase):\n\n    def test_calculate_bill_for_august(self):\n        amount, kwh = calculate_bill(member_id='member-123',\n                                     account_id='ALL',\n                                     bill_date='2017-08-31')\n        self.assertEqual(amount, 27.57)\n        self.assertEqual(kwh, 167)\n\n",
  "slicing": [
   "        amount, kwh = calculate_bill(member_id='member-123',\n",
   "        self.assertEqual(amount, 27.57)\n",
   "        self.assertEqual(amount, 54.56)\n",
   "        self.assertEqual(amount, 55.14)\n",
   "        self.assertEqual(amount, 27.57)\n"
  ]
 },
 "5": {
  "name": "kwh",
  "type": "bill_member.calculate_bill",
  "class": "imported",
  "approach": "annotation",
  "file_path": "energy-challenge/test_bill_member.py",
  "lineno": "11",
  "column": "16",
  "context": "_calculate_bill_for_august(self):\n        amount, kwh = calculate_bill(member_id='member-123',\n                                     account_id='A",
  "context_lines": "from test_data import (\n    multiple_sources_data, multiple_accounts_data, multiple_accounts_data_2)\n\n\nclass TestBillMember(unittest.TestCase):\n\n    def test_calculate_bill_for_august(self):\n        amount, kwh = calculate_bill(member_id='member-123',\n                                     account_id='ALL',\n                                     bill_date='2017-08-31')\n        self.assertEqual(amount, 27.57)\n        self.assertEqual(kwh, 167)\n\n",
  "slicing": [
   "        amount, kwh = calculate_bill(member_id='member-123',\n",
   "        self.assertEqual(kwh, 167)\n",
   "        self.assertEqual(kwh, 677)\n",
   "        self.assertEqual(kwh, 334)\n",
   "        self.assertEqual(kwh, 167)\n"
  ]
 },
 "6": {
  "name": "mock_get_readings",
  "type": "unittest.mock.patch",
  "class": "imported",
  "approach": "annotation",
  "file_path": "energy-challenge/test_bill_member.py",
  "lineno": "18",
  "column": "8",
  "context": "calculate_bill_with_gas_for_august(self):\n        mock_get_readings = patch(\n            'load_readings.get_readings', return_v",
  "context_lines": "                                     bill_date='2017-08-31')\n        self.assertEqual(amount, 27.57)\n        self.assertEqual(kwh, 167)\n\n    def test_calculate_bill_with_gas_for_august(self):\n        mock_get_readings = patch(\n            'load_readings.get_readings', return_value=multiple_sources_data)\n        mock_get_readings.start()\n        amount, kwh = calculate_bill(member_id='member-123',\n                                     account_id='ALL',\n",
  "slicing": [
   "        mock_get_readings = patch(\n",
   "        mock_get_readings.start()\n",
   "        mock_get_readings.stop()\n",
   "        mock_get_readings.start()\n",
   "        mock_get_readings.stop()\n",
   "        mock_get_readings.start()\n",
   "        mock_get_readings.stop()\n"
  ]
 },
 "7": {
  "name": "amount",
  "type": "bill_member.calculate_bill",
  "class": "imported",
  "approach": "annotation",
  "file_path": "energy-challenge/test_bill_member.py",
  "lineno": "21",
  "column": "8",
  "context": "s_data)\n        mock_get_readings.start()\n        amount, kwh = calculate_bill(member_id='member-123',\n                                     account_id='A",
  "context_lines": "    def test_calculate_bill_with_gas_for_august(self):\n        mock_get_readings = patch(\n            'load_readings.get_readings', return_value=multiple_sources_data)\n        mock_get_readings.start()\n        amount, kwh = calculate_bill(member_id='member-123',\n                                     account_id='ALL',\n                                     bill_date='2017-08-31')\n        self.assertEqual(amount, 54.56)\n        self.assertEqual(kwh, 677)\n",
  "slicing": [
   "        amount, kwh = calculate_bill(member_id='member-123',\n",
   "        self.assertEqual(amount, 54.56)\n",
   "        self.assertEqual(amount, 55.14)\n",
   "        self.assertEqual(amount, 27.57)\n"
  ]
 },
 "8": {
  "name": "kwh",
  "type": "bill_member.calculate_bill",
  "class": "imported",
  "approach": "annotation",
  "file_path": "energy-challenge/test_bill_member.py",
  "lineno": "21",
  "column": "16",
  "context": "        mock_get_readings.start()\n        amount, kwh = calculate_bill(member_id='member-123',\n                                     account_id='A",
  "context_lines": "    def test_calculate_bill_with_gas_for_august(self):\n        mock_get_readings = patch(\n            'load_readings.get_readings', return_value=multiple_sources_data)\n        mock_get_readings.start()\n        amount, kwh = calculate_bill(member_id='member-123',\n                                     account_id='ALL',\n                                     bill_date='2017-08-31')\n        self.assertEqual(amount, 54.56)\n        self.assertEqual(kwh, 677)\n",
  "slicing": [
   "        amount, kwh = calculate_bill(member_id='member-123',\n",
   "        self.assertEqual(kwh, 677)\n",
   "        self.assertEqual(kwh, 334)\n",
   "        self.assertEqual(kwh, 167)\n"
  ]
 },
 "9": {
  "name": "mock_get_readings",
  "type": "unittest.mock.patch",
  "class": "imported",
  "approach": "annotation",
  "file_path": "energy-challenge/test_bill_member.py",
  "lineno": "29",
  "column": "8",
  "context": "_with_multiple_accounts_for_august(self):\n        mock_get_readings = patch(\n            'load_readings.get_readings', return_v",
  "context_lines": "        self.assertEqual(amount, 54.56)\n        self.assertEqual(kwh, 677)\n        mock_get_readings.stop()\n\n    def test_calculate_with_multiple_accounts_for_august(self):\n        mock_get_readings = patch(\n            'load_readings.get_readings', return_value=multiple_accounts_data)\n        mock_get_readings.start()\n        amount, kwh = calculate_bill(member_id='member-123',\n                                     account_id='ALL',\n",
  "slicing": [
   "        mock_get_readings = patch(\n",
   "        mock_get_readings.start()\n",
   "        mock_get_readings.stop()\n",
   "        mock_get_readings.start()\n",
   "        mock_get_readings.stop()\n"
  ]
 },
 "10": {
  "name": "amount",
  "type": "bill_member.calculate_bill",
  "class": "imported",
  "approach": "annotation",
  "file_path": "energy-challenge/test_bill_member.py",
  "lineno": "32",
  "column": "8",
  "context": "s_data)\n        mock_get_readings.start()\n        amount, kwh = calculate_bill(member_id='member-123',\n                                     account_id='A",
  "context_lines": "    def test_calculate_with_multiple_accounts_for_august(self):\n        mock_get_readings = patch(\n            'load_readings.get_readings', return_value=multiple_accounts_data)\n        mock_get_readings.start()\n        amount, kwh = calculate_bill(member_id='member-123',\n                                     account_id='ALL',\n                                     bill_date='2017-08-31')\n        self.assertEqual(amount, 55.14)\n        self.assertEqual(kwh, 334)\n",
  "slicing": [
   "        amount, kwh = calculate_bill(member_id='member-123',\n",
   "        self.assertEqual(amount, 55.14)\n",
   "        self.assertEqual(amount, 27.57)\n"
  ]
 },
 "11": {
  "name": "kwh",
  "type": "bill_member.calculate_bill",
  "class": "imported",
  "approach": "annotation",
  "file_path": "energy-challenge/test_bill_member.py",
  "lineno": "32",
  "column": "16",
  "context": "        mock_get_readings.start()\n        amount, kwh = calculate_bill(member_id='member-123',\n                                     account_id='A",
  "context_lines": "    def test_calculate_with_multiple_accounts_for_august(self):\n        mock_get_readings = patch(\n            'load_readings.get_readings', return_value=multiple_accounts_data)\n        mock_get_readings.start()\n        amount, kwh = calculate_bill(member_id='member-123',\n                                     account_id='ALL',\n                                     bill_date='2017-08-31')\n        self.assertEqual(amount, 55.14)\n        self.assertEqual(kwh, 334)\n",
  "slicing": [
   "        amount, kwh = calculate_bill(member_id='member-123',\n",
   "        self.assertEqual(kwh, 334)\n",
   "        self.assertEqual(kwh, 167)\n"
  ]
 },
 "12": {
  "name": "mock_get_readings",
  "type": "unittest.mock.patch",
  "class": "imported",
  "approach": "annotation",
  "file_path": "energy-challenge/test_bill_member.py",
  "lineno": "40",
  "column": "8",
  "context": "_with_multiple_accounts_for_august(self):\n        mock_get_readings = patch(\n            'load_readings.get_readings', return_v",
  "context_lines": "        self.assertEqual(amount, 55.14)\n        self.assertEqual(kwh, 334)\n        mock_get_readings.stop()\n\n    def test_calculate_single_account_with_multiple_accounts_for_august(self):\n        mock_get_readings = patch(\n            'load_readings.get_readings', return_value=multiple_accounts_data_2)\n        mock_get_readings.start()\n        amount, kwh = calculate_bill(member_id='member-123',\n                                     account_id='account-abc',\n",
  "slicing": [
   "        mock_get_readings = patch(\n",
   "        mock_get_readings.start()\n",
   "        mock_get_readings.stop()\n"
  ]
 },
 "13": {
  "name": "amount",
  "type": "bill_member.calculate_bill",
  "class": "imported",
  "approach": "annotation",
  "file_path": "energy-challenge/test_bill_member.py",
  "lineno": "43",
  "column": "8",
  "context": "data_2)\n        mock_get_readings.start()\n        amount, kwh = calculate_bill(member_id='member-123',\n                                     account_id='a",
  "context_lines": "    def test_calculate_single_account_with_multiple_accounts_for_august(self):\n        mock_get_readings = patch(\n            'load_readings.get_readings', return_value=multiple_accounts_data_2)\n        mock_get_readings.start()\n        amount, kwh = calculate_bill(member_id='member-123',\n                                     account_id='account-abc',\n                                     bill_date='2017-08-31')\n        self.assertEqual(amount, 27.57)\n        self.assertEqual(kwh, 167)\n",
  "slicing": [
   "        amount, kwh = calculate_bill(member_id='member-123',\n",
   "        self.assertEqual(amount, 27.57)\n"
  ]
 },
 "14": {
  "name": "kwh",
  "type": "bill_member.calculate_bill",
  "class": "imported",
  "approach": "annotation",
  "file_path": "energy-challenge/test_bill_member.py",
  "lineno": "43",
  "column": "16",
  "context": "        mock_get_readings.start()\n        amount, kwh = calculate_bill(member_id='member-123',\n                                     account_id='a",
  "context_lines": "    def test_calculate_single_account_with_multiple_accounts_for_august(self):\n        mock_get_readings = patch(\n            'load_readings.get_readings', return_value=multiple_accounts_data_2)\n        mock_get_readings.start()\n        amount, kwh = calculate_bill(member_id='member-123',\n                                     account_id='account-abc',\n                                     bill_date='2017-08-31')\n        self.assertEqual(amount, 27.57)\n        self.assertEqual(kwh, 167)\n",
  "slicing": [
   "        amount, kwh = calculate_bill(member_id='member-123',\n",
   "        self.assertEqual(kwh, 167)\n"
  ]
 },
 "15": {
  "name": "amount",
  "type": "int",
  "class": "build-in",
  "approach": "Pysonar2",
  "file_path": "energy-challenge/bill_member.py",
  "lineno": "27",
  "column": "4",
  "context": "ys in the billing\n    calendar month.\n    \"\"\"\n    amount = 0\n    total_est_consumption = 0\n    for energy_sourc",
  "context_lines": "    resulting number by the number of days between those two readings.\n    That average is then multiplied by the number of days in the billing\n    calendar month.\n    \"\"\"\n    amount = 0\n    total_est_consumption = 0\n    for energy_source in energy_sources:\n        source, items = energy_source.popitem()\n        if source not in ['electricity', 'gas']:\n",
  "slicing": [
   "    amount = 0\n",
   "    return amount, total_est_consumption\n",
   "    return round(amount, 2), int(kwh)\n",
   "        amount=amount))\n"
  ]
 },
 "16": {
  "name": "total_est_consumption",
  "type": "int",
  "class": "build-in",
  "approach": "Pysonar2",
  "file_path": "energy-challenge/bill_member.py",
  "lineno": "28",
  "column": "4",
  "context": "ng\n    calendar month.\n    \"\"\"\n    amount = 0\n    total_est_consumption = 0\n    for energy_source in energy_sources:\n        s",
  "context_lines": "    That average is then multiplied by the number of days in the billing\n    calendar month.\n    \"\"\"\n    amount = 0\n    total_est_consumption = 0\n    for energy_source in energy_sources:\n        source, items = energy_source.popitem()\n        if source not in ['electricity', 'gas']:\n            raise InvalidSource(f'${source} is not a valid energy source.')\n",
  "slicing": [
   "    total_est_consumption = 0\n",
   "    return amount, total_est_consumption\n"
  ]
 },
 "17": {
  "name": "source",
  "type": "UNKNOWN",
  "class": "unknown",
  "approach": "Pysonar2",
  "file_path": "energy-challenge/bill_member.py",
  "lineno": "30",
  "column": "8",
  "context": "\n    for energy_source in energy_sources:\n        source, items = energy_source.popitem()\n        if source not in ['electricity', 'gas']:\n ",
  "context_lines": "    \"\"\"\n    amount = 0\n    total_est_consumption = 0\n    for energy_source in energy_sources:\n        source, items = energy_source.popitem()\n        if source not in ['electricity', 'gas']:\n            raise InvalidSource(f'${source} is not a valid energy source.')\n        # Retreive the index of the reading where the month matches\n        # that of the bill_date. There is probably a better way to\n",
  "slicing": [
   "        source, items = energy_source.popitem()\n",
   "        if source not in ['electricity', 'gas']:\n",
   "            raise InvalidSource(f'${source} is not a valid energy source.')\n",
   "        if source == 'gas' and reading['unit'] == 'm3':\n",
   "        tariff = BULB_TARIFF[source]\n",
   "            (tariff['standing_charge'] * days_in_month)\n",
   "            + (tariff['unit_rate'] * est_consumption)) / 100\n"
  ]
 },
 "18": {
  "name": "items",
  "type": "UNKNOWN",
  "class": "unknown",
  "approach": "Pysonar2",
  "file_path": "energy-challenge/bill_member.py",
  "lineno": "30",
  "column": "16",
  "context": " energy_source in energy_sources:\n        source, items = energy_source.popitem()\n        if source not in ['electricity', 'gas']:\n ",
  "context_lines": "    \"\"\"\n    amount = 0\n    total_est_consumption = 0\n    for energy_source in energy_sources:\n        source, items = energy_source.popitem()\n        if source not in ['electricity', 'gas']:\n            raise InvalidSource(f'${source} is not a valid energy source.')\n        # Retreive the index of the reading where the month matches\n        # that of the bill_date. There is probably a better way to\n",
  "slicing": [
   "        source, items = energy_source.popitem()\n",
   "            (i for i, d in enumerate(items)\n",
   "                    d['readingDate'][:-1]).year == bill_year\n",
   "                    d['readingDate'][:-1]).month == bill_month),\n",
   "        reading = items[index]\n",
   "        past_reading = items[index-1]\n",
   "        reading_date = datetime.fromisoformat(reading['readingDate'][:-1])\n",
   "            past_reading['readingDate'][:-1])\n",
   "        reading_interval = (reading_date - past_reading_date).days\n",
   "            (reading.get('cumulative') - past_reading.get('cumulative'))\n",
   "            / reading_interval)\n",
   "        days_in_month = monthrange(reading_date.year, reading_date.month)[1]\n",
   "        est_consumption = avg_consumption * days_in_month\n",
   "        if source == 'gas' and reading['unit'] == 'm3':\n",
   "            est_consumption = m3_to_kwh(est_consumption)\n",
   "        est_consumption = int(round(est_consumption, 0))\n",
   "            (tariff['standing_charge'] * days_in_month)\n",
   "            + (tariff['unit_rate'] * est_consumption)) / 100\n",
   "        total_est_consumption += est_consumption\n",
   "    return amount, total_est_consumption\n",
   "            (d for d in member if account_id in d), (None, None))\n"
  ]
 },
 "19": {
  "name": "index",
  "type": "UNKNOWN",
  "class": "unknown",
  "approach": "annotation",
  "file_path": "energy-challenge/bill_member.py",
  "lineno": "36",
  "column": "8",
  "context": "sn't require creating 2 datetime objects.\n        index = next(\n            (i for i, d in enumerate(items)\n      ",
  "context_lines": "            raise InvalidSource(f'${source} is not a valid energy source.')\n        # Retreive the index of the reading where the month matches\n        # that of the bill_date. There is probably a better way to\n        # do this that doesn't require creating 2 datetime objects.\n        index = next(\n            (i for i, d in enumerate(items)\n                if datetime.fromisoformat(\n                    d['readingDate'][:-1]).year == bill_year\n                and datetime.fromisoformat(\n",
  "slicing": [
   "        index = next(\n",
   "        if index is None:\n",
   "        reading = items[index]\n",
   "        past_reading = items[index-1]\n",
   "        reading_date = datetime.fromisoformat(reading['readingDate'][:-1])\n",
   "            past_reading['readingDate'][:-1])\n",
   "        reading_interval = (reading_date - past_reading_date).days\n",
   "            (reading.get('cumulative') - past_reading.get('cumulative'))\n",
   "            / reading_interval)\n",
   "        days_in_month = monthrange(reading_date.year, reading_date.month)[1]\n",
   "        est_consumption = avg_consumption * days_in_month\n",
   "        if source == 'gas' and reading['unit'] == 'm3':\n",
   "            est_consumption = m3_to_kwh(est_consumption)\n",
   "        est_consumption = int(round(est_consumption, 0))\n",
   "            (tariff['standing_charge'] * days_in_month)\n",
   "            + (tariff['unit_rate'] * est_consumption)) / 100\n",
   "        total_est_consumption += est_consumption\n",
   "    return amount, total_est_consumption\n"
  ]
 },
 "20": {
  "name": "reading",
  "type": "dict",
  "class": "build-in",
  "approach": "annotation",
  "file_path": "energy-challenge/bill_member.py",
  "lineno": "56",
  "column": "8",
  "context": " of\n        # days in the calendar month.\n        reading = items[index]\n        past_reading = items[index-1]\n        read",
  "context_lines": "        # consumption is calculated based on the number of days between\n        # the reading for the current billing month, and the previous\n        # billing month. This avergae is then multiplied by the number of\n        # days in the calendar month.\n        reading = items[index]\n        past_reading = items[index-1]\n        reading_date = datetime.fromisoformat(reading['readingDate'][:-1])\n        past_reading_date = datetime.fromisoformat(\n            past_reading['readingDate'][:-1])\n",
  "slicing": [
   "        reading = items[index]\n",
   "        reading_date = datetime.fromisoformat(reading['readingDate'][:-1])\n",
   "        reading_interval = (reading_date - past_reading_date).days\n",
   "            (reading.get('cumulative') - past_reading.get('cumulative'))\n",
   "            / reading_interval)\n",
   "        days_in_month = monthrange(reading_date.year, reading_date.month)[1]\n",
   "        est_consumption = avg_consumption * days_in_month\n",
   "        if source == 'gas' and reading['unit'] == 'm3':\n",
   "            est_consumption = m3_to_kwh(est_consumption)\n",
   "        est_consumption = int(round(est_consumption, 0))\n",
   "            (tariff['standing_charge'] * days_in_month)\n",
   "            + (tariff['unit_rate'] * est_consumption)) / 100\n",
   "        total_est_consumption += est_consumption\n",
   "    return amount, total_est_consumption\n"
  ]
 },
 "21": {
  "name": "past_reading",
  "type": "dict",
  "class": "build-in",
  "approach": "annotation",
  "file_path": "energy-challenge/bill_member.py",
  "lineno": "57",
  "column": "8",
  "context": "dar month.\n        reading = items[index]\n        past_reading = items[index-1]\n        reading_date = datetime.fromisoformat(read",
  "context_lines": "        # the reading for the current billing month, and the previous\n        # billing month. This avergae is then multiplied by the number of\n        # days in the calendar month.\n        reading = items[index]\n        past_reading = items[index-1]\n        reading_date = datetime.fromisoformat(reading['readingDate'][:-1])\n        past_reading_date = datetime.fromisoformat(\n            past_reading['readingDate'][:-1])\n        reading_interval = (reading_date - past_reading_date).days\n",
  "slicing": [
   "        past_reading = items[index-1]\n",
   "            past_reading['readingDate'][:-1])\n",
   "            (reading.get('cumulative') - past_reading.get('cumulative'))\n"
  ]
 },
 "22": {
  "name": "reading_date",
  "type": "UNKNOWN",
  "class": "unknown",
  "approach": "Pysonar2",
  "file_path": "energy-challenge/bill_member.py",
  "lineno": "58",
  "column": "8",
  "context": "ex]\n        past_reading = items[index-1]\n        reading_date = datetime.fromisoformat(reading['readingDate'][:-1])\n        past_reading_date = datetime.fromisoformat",
  "context_lines": "        # billing month. This avergae is then multiplied by the number of\n        # days in the calendar month.\n        reading = items[index]\n        past_reading = items[index-1]\n        reading_date = datetime.fromisoformat(reading['readingDate'][:-1])\n        past_reading_date = datetime.fromisoformat(\n            past_reading['readingDate'][:-1])\n        reading_interval = (reading_date - past_reading_date).days\n        avg_consumption = (\n",
  "slicing": [
   "        reading_date = datetime.fromisoformat(reading['readingDate'][:-1])\n",
   "        reading_interval = (reading_date - past_reading_date).days\n",
   "            / reading_interval)\n",
   "        days_in_month = monthrange(reading_date.year, reading_date.month)[1]\n",
   "        est_consumption = avg_consumption * days_in_month\n",
   "            est_consumption = m3_to_kwh(est_consumption)\n",
   "        est_consumption = int(round(est_consumption, 0))\n",
   "            (tariff['standing_charge'] * days_in_month)\n",
   "            + (tariff['unit_rate'] * est_consumption)) / 100\n",
   "        total_est_consumption += est_consumption\n",
   "    return amount, total_est_consumption\n"
  ]
 },
 "23": {
  "name": "past_reading_date",
  "type": "UNKNOWN",
  "class": "unknown",
  "approach": "Pysonar2",
  "file_path": "energy-challenge/bill_member.py",
  "lineno": "59",
  "column": "8",
  "context": "romisoformat(reading['readingDate'][:-1])\n        past_reading_date = datetime.fromisoformat(\n            past_reading['readingDate'][:-1])\n    ",
  "context_lines": "        # days in the calendar month.\n        reading = items[index]\n        past_reading = items[index-1]\n        reading_date = datetime.fromisoformat(reading['readingDate'][:-1])\n        past_reading_date = datetime.fromisoformat(\n            past_reading['readingDate'][:-1])\n        reading_interval = (reading_date - past_reading_date).days\n        avg_consumption = (\n            (reading.get('cumulative') - past_reading.get('cumulative'))\n",
  "slicing": [
   "        past_reading_date = datetime.fromisoformat(\n",
   "        reading_interval = (reading_date - past_reading_date).days\n",
   "            / reading_interval)\n"
  ]
 },
 "24": {
  "name": "reading_interval",
  "type": "UNKNOWN",
  "class": "unknown",
  "approach": "Pysonar2",
  "file_path": "energy-challenge/bill_member.py",
  "lineno": "61",
  "column": "8",
  "context": "        past_reading['readingDate'][:-1])\n        reading_interval = (reading_date - past_reading_date).days\n        avg_consumption = (\n            (reading.g",
  "context_lines": "        past_reading = items[index-1]\n        reading_date = datetime.fromisoformat(reading['readingDate'][:-1])\n        past_reading_date = datetime.fromisoformat(\n            past_reading['readingDate'][:-1])\n        reading_interval = (reading_date - past_reading_date).days\n        avg_consumption = (\n            (reading.get('cumulative') - past_reading.get('cumulative'))\n            / reading_interval)\n        days_in_month = monthrange(reading_date.year, reading_date.month)[1]\n",
  "slicing": [
   "        reading_interval = (reading_date - past_reading_date).days\n",
   "            / reading_interval)\n"
  ]
 },
 "25": {
  "name": "avg_consumption",
  "type": "UNKNOWN",
  "class": "unknown",
  "approach": "Pysonar2",
  "file_path": "energy-challenge/bill_member.py",
  "lineno": "62",
  "column": "8",
  "context": "= (reading_date - past_reading_date).days\n        avg_consumption = (\n            (reading.get('cumulative') - past_read",
  "context_lines": "        reading_date = datetime.fromisoformat(reading['readingDate'][:-1])\n        past_reading_date = datetime.fromisoformat(\n            past_reading['readingDate'][:-1])\n        reading_interval = (reading_date - past_reading_date).days\n        avg_consumption = (\n            (reading.get('cumulative') - past_reading.get('cumulative'))\n            / reading_interval)\n        days_in_month = monthrange(reading_date.year, reading_date.month)[1]\n        est_consumption = avg_consumption * days_in_month\n\n",
  "slicing": [
   "        avg_consumption = (\n",
   "        est_consumption = avg_consumption * days_in_month\n",
   "            est_consumption = m3_to_kwh(est_consumption)\n",
   "        est_consumption = int(round(est_consumption, 0))\n",
   "            + (tariff['unit_rate'] * est_consumption)) / 100\n",
   "        total_est_consumption += est_consumption\n",
   "    return amount, total_est_consumption\n"
  ]
 },
 "26": {
  "name": "days_in_month",
  "type": "dict",
  "class": "build-in",
  "approach": "annotation",
  "file_path": "energy-challenge/bill_member.py",
  "lineno": "65",
  "column": "8",
  "context": "lative'))\n            / reading_interval)\n        days_in_month = monthrange(reading_date.year, reading_date.month)[1]\n        est_consumption = avg_consumption * days_i",
  "context_lines": "        reading_interval = (reading_date - past_reading_date).days\n        avg_consumption = (\n            (reading.get('cumulative') - past_reading.get('cumulative'))\n            / reading_interval)\n        days_in_month = monthrange(reading_date.year, reading_date.month)[1]\n        est_consumption = avg_consumption * days_in_month\n\n        # Gas is generally measured in cubic meters, so need to convert to kWh\n        if source == 'gas' and reading['unit'] == 'm3':\n            est_consumption = m3_to_kwh(est_consumption)\n",
  "slicing": [
   "        days_in_month = monthrange(reading_date.year, reading_date.month)[1]\n",
   "        est_consumption = avg_consumption * days_in_month\n",
   "            est_consumption = m3_to_kwh(est_consumption)\n",
   "        est_consumption = int(round(est_consumption, 0))\n",
   "            (tariff['standing_charge'] * days_in_month)\n",
   "            + (tariff['unit_rate'] * est_consumption)) / 100\n",
   "        total_est_consumption += est_consumption\n",
   "    return amount, total_est_consumption\n"
  ]
 },
 "27": {
  "name": "est_consumption",
  "type": "UNKNOWN",
  "class": "unknown",
  "approach": "Pysonar2",
  "file_path": "energy-challenge/bill_member.py",
  "lineno": "66",
  "column": "8",
  "context": "reading_date.year, reading_date.month)[1]\n        est_consumption = avg_consumption * days_in_month\n\n        # Gas is generally measured in cubic mete",
  "context_lines": "        avg_consumption = (\n            (reading.get('cumulative') - past_reading.get('cumulative'))\n            / reading_interval)\n        days_in_month = monthrange(reading_date.year, reading_date.month)[1]\n        est_consumption = avg_consumption * days_in_month\n\n        # Gas is generally measured in cubic meters, so need to convert to kWh\n        if source == 'gas' and reading['unit'] == 'm3':\n            est_consumption = m3_to_kwh(est_consumption)\n",
  "slicing": [
   "        est_consumption = avg_consumption * days_in_month\n",
   "            est_consumption = m3_to_kwh(est_consumption)\n",
   "        est_consumption = int(round(est_consumption, 0))\n",
   "            + (tariff['unit_rate'] * est_consumption)) / 100\n",
   "        total_est_consumption += est_consumption\n",
   "    return amount, total_est_consumption\n"
  ]
 },
 "28": {
  "name": "est_consumption",
  "type": "UNKNOWN",
  "class": "unknown",
  "approach": "annotation",
  "file_path": "energy-challenge/bill_member.py",
  "lineno": "70",
  "column": "12",
  "context": "== 'gas' and reading['unit'] == 'm3':\n            est_consumption = m3_to_kwh(est_consumption)\n        # Round the estimated consumption to the n",
  "context_lines": "        days_in_month = monthrange(reading_date.year, reading_date.month)[1]\n        est_consumption = avg_consumption * days_in_month\n\n        # Gas is generally measured in cubic meters, so need to convert to kWh\n        if source == 'gas' and reading['unit'] == 'm3':\n            est_consumption = m3_to_kwh(est_consumption)\n        # Round the estimated consumption to the nearest whole number as Bulb\n        # doesn't bill to the decimal. Source:\n        # https://community.bulb.co.uk/discussion/1600/help-with-bill-calculations\n        est_consumption = int(round(est_consumption, 0))\n",
  "slicing": [
   "            est_consumption = m3_to_kwh(est_consumption)\n",
   "        est_consumption = int(round(est_consumption, 0))\n",
   "            + (tariff['unit_rate'] * est_consumption)) / 100\n",
   "        total_est_consumption += est_consumption\n",
   "    return amount, total_est_consumption\n"
  ]
 },
 "29": {
  "name": "est_consumption",
  "type": "int",
  "class": "build-in",
  "approach": "annotation",
  "file_path": "energy-challenge/bill_member.py",
  "lineno": "74",
  "column": "8",
  "context": "scussion/1600/help-with-bill-calculations\n        est_consumption = int(round(est_consumption, 0))\n        tariff = BULB_TARIFF[source]\n        amoun",
  "context_lines": "            est_consumption = m3_to_kwh(est_consumption)\n        # Round the estimated consumption to the nearest whole number as Bulb\n        # doesn't bill to the decimal. Source:\n        # https://community.bulb.co.uk/discussion/1600/help-with-bill-calculations\n        est_consumption = int(round(est_consumption, 0))\n        tariff = BULB_TARIFF[source]\n        amount += (\n            (tariff['standing_charge'] * days_in_month)\n            + (tariff['unit_rate'] * est_consumption)) / 100\n",
  "slicing": [
   "        est_consumption = int(round(est_consumption, 0))\n",
   "            + (tariff['unit_rate'] * est_consumption)) / 100\n",
   "        total_est_consumption += est_consumption\n",
   "    return amount, total_est_consumption\n"
  ]
 },
 "30": {
  "name": "tariff",
  "type": "dict",
  "class": "build-in",
  "approach": "annotation",
  "file_path": "energy-challenge/bill_member.py",
  "lineno": "75",
  "column": "8",
  "context": "sumption = int(round(est_consumption, 0))\n        tariff = BULB_TARIFF[source]\n        amount += (\n            (tariff['standing_",
  "context_lines": "        # Round the estimated consumption to the nearest whole number as Bulb\n        # doesn't bill to the decimal. Source:\n        # https://community.bulb.co.uk/discussion/1600/help-with-bill-calculations\n        est_consumption = int(round(est_consumption, 0))\n        tariff = BULB_TARIFF[source]\n        amount += (\n            (tariff['standing_charge'] * days_in_month)\n            + (tariff['unit_rate'] * est_consumption)) / 100\n        total_est_consumption += est_consumption\n\n",
  "slicing": [
   "        tariff = BULB_TARIFF[source]\n",
   "            (tariff['standing_charge'] * days_in_month)\n",
   "            + (tariff['unit_rate'] * est_consumption)) / 100\n"
  ]
 },
 "31": {
  "name": "amount",
  "type": "int",
  "class": "build-in",
  "approach": "Pysonar2",
  "file_path": "energy-challenge/bill_member.py",
  "lineno": "76",
  "column": "8",
  "context": " 0))\n        tariff = BULB_TARIFF[source]\n        amount += (\n            (tariff['standing_charge'] * days_in_m",
  "context_lines": "        # doesn't bill to the decimal. Source:\n        # https://community.bulb.co.uk/discussion/1600/help-with-bill-calculations\n        est_consumption = int(round(est_consumption, 0))\n        tariff = BULB_TARIFF[source]\n        amount += (\n            (tariff['standing_charge'] * days_in_month)\n            + (tariff['unit_rate'] * est_consumption)) / 100\n        total_est_consumption += est_consumption\n\n    return amount, total_est_consumption\n\n\n",
  "slicing": [
   "        amount += (\n",
   "    return amount, total_est_consumption\n",
   "    return round(amount, 2), int(kwh)\n",
   "        amount=amount))\n"
  ]
 },
 "32": {
  "name": "total_est_consumption",
  "type": "UNKNOWN",
  "class": "unknown",
  "approach": "annotation",
  "file_path": "energy-challenge/bill_member.py",
  "lineno": "79",
  "column": "8",
  "context": "ff['unit_rate'] * est_consumption)) / 100\n        total_est_consumption += est_consumption\n\n    return amount, total_est_consumption\n\n\ndef ca",
  "context_lines": "        tariff = BULB_TARIFF[source]\n        amount += (\n            (tariff['standing_charge'] * days_in_month)\n            + (tariff['unit_rate'] * est_consumption)) / 100\n        total_est_consumption += est_consumption\n\n    return amount, total_est_consumption\n\n\ndef calculate_bill(member_id=None, account_id=None, bill_date=None):\n    \"\"\"\n",
  "slicing": [
   "        total_est_consumption += est_consumption\n",
   "    return amount, total_est_consumption\n"
  ]
 },
 "33": {
  "name": "account_id",
  "type": "bool",
  "class": "build-in",
  "approach": "annotation",
  "file_path": "energy-challenge/bill_member.py",
  "lineno": "91",
  "column": "4",
  "context": "s None, then assume all accounts are included\n    account_id = account_id or 'ALL'\n    readings = load_readings.get_readings()\n    me",
  "context_lines": "    If account_id is 'ALL' then the bill will be calculated as a total\n    of all accounts for that specific member.\n    \"\"\"\n    # If account_id is None, then assume all accounts are included\n    account_id = account_id or 'ALL'\n    readings = load_readings.get_readings()\n    member = readings.get(member_id)\n    if member is None:\n        raise NotFoundError(f'Member ID (${member_id}) not found')\n\n",
  "slicing": [
   "    account_id = account_id or 'ALL'\n",
   "    if account_id.lower() == 'all':\n",
   "            (d for d in member if account_id in d), (None, None))\n",
   "            raise NotFoundError(f'Account ID (${account_id}) not found')\n",
   "            account[account_id], bill_date.month, bill_date.year)\n"
  ]
 },
 "34": {
  "name": "readings",
  "type": "UNKNOWN",
  "class": "unknown",
  "approach": "Pysonar2",
  "file_path": "energy-challenge/bill_member.py",
  "lineno": "92",
  "column": "4",
  "context": "included\n    account_id = account_id or 'ALL'\n    readings = load_readings.get_readings()\n    member = readings.get(member_id)\n    if member",
  "context_lines": "    of all accounts for that specific member.\n    \"\"\"\n    # If account_id is None, then assume all accounts are included\n    account_id = account_id or 'ALL'\n    readings = load_readings.get_readings()\n    member = readings.get(member_id)\n    if member is None:\n        raise NotFoundError(f'Member ID (${member_id}) not found')\n\n    amount, kwh = 0, 0\n",
  "slicing": [
   "    readings = load_readings.get_readings()\n",
   "    member = readings.get(member_id)\n",
   "    if member is None:\n",
   "        for account in member:\n",
   "            for acc_id, energy_sources in account.items():\n",
   "                    energy_sources, bill_date.month, bill_date.year)\n",
   "            (d for d in member if account_id in d), (None, None))\n",
   "        if account is None:\n",
   "            account[account_id], bill_date.month, bill_date.year)\n",
   "    account = account or 'ALL'\n",
   "    amount, kwh = calculate_bill(member_id, account, bill_date)\n",
   "        account=account,\n",
   "        amount=amount))\n",
   "    print('based on {kwh}kWh of usage in the last month'.format(kwh=kwh))\n"
  ]
 },
 "35": {
  "name": "member",
  "type": "UNKNOWN",
  "class": "unknown",
  "approach": "Pysonar2",
  "file_path": "energy-challenge/bill_member.py",
  "lineno": "93",
  "column": "4",
  "context": "'\n    readings = load_readings.get_readings()\n    member = readings.get(member_id)\n    if member is None:\n        raise NotFoundError",
  "context_lines": "    \"\"\"\n    # If account_id is None, then assume all accounts are included\n    account_id = account_id or 'ALL'\n    readings = load_readings.get_readings()\n    member = readings.get(member_id)\n    if member is None:\n        raise NotFoundError(f'Member ID (${member_id}) not found')\n\n    amount, kwh = 0, 0\n    bill_date = date.fromisoformat(bill_date)\n",
  "slicing": [
   "    member = readings.get(member_id)\n",
   "    if member is None:\n",
   "        for account in member:\n",
   "            for acc_id, energy_sources in account.items():\n",
   "                    energy_sources, bill_date.month, bill_date.year)\n",
   "            (d for d in member if account_id in d), (None, None))\n",
   "        if account is None:\n",
   "            account[account_id], bill_date.month, bill_date.year)\n",
   "    account = account or 'ALL'\n",
   "    amount, kwh = calculate_bill(member_id, account, bill_date)\n",
   "        account=account,\n",
   "        amount=amount))\n",
   "    print('based on {kwh}kWh of usage in the last month'.format(kwh=kwh))\n"
  ]
 },
 "36": {
  "name": "amount",
  "type": "tuple",
  "class": "build-in",
  "approach": "annotation",
  "file_path": "energy-challenge/bill_member.py",
  "lineno": "97",
  "column": "4",
  "context": "Error(f'Member ID (${member_id}) not found')\n\n    amount, kwh = 0, 0\n    bill_date = date.fromisoformat(bill_date)\n    ",
  "context_lines": "    readings = load_readings.get_readings()\n    member = readings.get(member_id)\n    if member is None:\n        raise NotFoundError(f'Member ID (${member_id}) not found')\n\n    amount, kwh = 0, 0\n    bill_date = date.fromisoformat(bill_date)\n    if account_id.lower() == 'all':\n        for account in member:\n            for acc_id, energy_sources in account.items():\n",
  "slicing": [
   "    amount, kwh = 0, 0\n",
   "    return round(amount, 2), int(kwh)\n",
   "        amount=amount))\n"
  ]
 },
 "37": {
  "name": "kwh",
  "type": "tuple",
  "class": "build-in",
  "approach": "annotation",
  "file_path": "energy-challenge/bill_member.py",
  "lineno": "97",
  "column": "12",
  "context": "Member ID (${member_id}) not found')\n\n    amount, kwh = 0, 0\n    bill_date = date.fromisoformat(bill_date)\n    ",
  "context_lines": "    readings = load_readings.get_readings()\n    member = readings.get(member_id)\n    if member is None:\n        raise NotFoundError(f'Member ID (${member_id}) not found')\n\n    amount, kwh = 0, 0\n    bill_date = date.fromisoformat(bill_date)\n    if account_id.lower() == 'all':\n        for account in member:\n            for acc_id, energy_sources in account.items():\n",
  "slicing": [
   "    amount, kwh = 0, 0\n",
   "    return round(amount, 2), int(kwh)\n",
   "    print('based on {kwh}kWh of usage in the last month'.format(kwh=kwh))\n"
  ]
 },
 "38": {
  "name": "bill_date",
  "type": "UNKNOWN",
  "class": "unknown",
  "approach": "Pysonar2",
  "file_path": "energy-challenge/bill_member.py",
  "lineno": "98",
  "column": "4",
  "context": "mber_id}) not found')\n\n    amount, kwh = 0, 0\n    bill_date = date.fromisoformat(bill_date)\n    if account_id.lower() == 'all':\n        for ac",
  "context_lines": "    member = readings.get(member_id)\n    if member is None:\n        raise NotFoundError(f'Member ID (${member_id}) not found')\n\n    amount, kwh = 0, 0\n    bill_date = date.fromisoformat(bill_date)\n    if account_id.lower() == 'all':\n        for account in member:\n            for acc_id, energy_sources in account.items():\n                amt, consumption = process_sources(\n",
  "slicing": [
   "    bill_date = date.fromisoformat(bill_date)\n",
   "                    energy_sources, bill_date.month, bill_date.year)\n",
   "            account[account_id], bill_date.month, bill_date.year)\n",
   "    bill_date = bill_date or '2017-08-31'\n",
   "    amount, kwh = calculate_bill(member_id, account, bill_date)\n",
   "        date=bill_date,\n",
   "        amount=amount))\n",
   "    print('based on {kwh}kWh of usage in the last month'.format(kwh=kwh))\n"
  ]
 },
 "39": {
  "name": "amt",
  "type": "UNKNOWN",
  "class": "unknown",
  "approach": "annotation",
  "file_path": "energy-challenge/bill_member.py",
  "lineno": "102",
  "column": "16",
  "context": "nergy_sources in account.items():\n                amt, consumption = process_sources(\n                    energy_sources, bill_date.mont",
  "context_lines": "    bill_date = date.fromisoformat(bill_date)\n    if account_id.lower() == 'all':\n        for account in member:\n            for acc_id, energy_sources in account.items():\n                amt, consumption = process_sources(\n                    energy_sources, bill_date.month, bill_date.year)\n                amount += amt\n                kwh += consumption\n    else:\n",
  "slicing": [
   "                amt, consumption = process_sources(\n",
   "                amount += amt\n",
   "    return round(amount, 2), int(kwh)\n",
   "        amount=amount))\n"
  ]
 },
 "40": {
  "name": "consumption",
  "type": "UNKNOWN",
  "class": "unknown",
  "approach": "annotation",
  "file_path": "energy-challenge/bill_member.py",
  "lineno": "102",
  "column": "21",
  "context": "_sources in account.items():\n                amt, consumption = process_sources(\n                    energy_sources, bill_date.mont",
  "context_lines": "    bill_date = date.fromisoformat(bill_date)\n    if account_id.lower() == 'all':\n        for account in member:\n            for acc_id, energy_sources in account.items():\n                amt, consumption = process_sources(\n                    energy_sources, bill_date.month, bill_date.year)\n                amount += amt\n                kwh += consumption\n    else:\n",
  "slicing": [
   "                amt, consumption = process_sources(\n",
   "                kwh += consumption\n",
   "    return round(amount, 2), int(kwh)\n",
   "    print('based on {kwh}kWh of usage in the last month'.format(kwh=kwh))\n"
  ]
 },
 "41": {
  "name": "amount",
  "type": "UNKNOWN",
  "class": "unknown",
  "approach": "annotation",
  "file_path": "energy-challenge/bill_member.py",
  "lineno": "104",
  "column": "16",
  "context": " bill_date.month, bill_date.year)\n                amount += amt\n                kwh += consumption\n    else:\n     ",
  "context_lines": "        for account in member:\n            for acc_id, energy_sources in account.items():\n                amt, consumption = process_sources(\n                    energy_sources, bill_date.month, bill_date.year)\n                amount += amt\n                kwh += consumption\n    else:\n        account = next(\n            (d for d in member if account_id in d), (None, None))\n",
  "slicing": [
   "                amount += amt\n",
   "    return round(amount, 2), int(kwh)\n",
   "        amount=amount))\n"
  ]
 },
 "42": {
  "name": "kwh",
  "type": "UNKNOWN",
  "class": "unknown",
  "approach": "annotation",
  "file_path": "energy-challenge/bill_member.py",
  "lineno": "105",
  "column": "16",
  "context": "ar)\n                amount += amt\n                kwh += consumption\n    else:\n        account = next(\n            (d f",
  "context_lines": "            for acc_id, energy_sources in account.items():\n                amt, consumption = process_sources(\n                    energy_sources, bill_date.month, bill_date.year)\n                amount += amt\n                kwh += consumption\n    else:\n        account = next(\n            (d for d in member if account_id in d), (None, None))\n        if account is None:\n",
  "slicing": [
   "                kwh += consumption\n",
   "    return round(amount, 2), int(kwh)\n",
   "    print('based on {kwh}kWh of usage in the last month'.format(kwh=kwh))\n"
  ]
 },
 "43": {
  "name": "account",
  "type": "UNKNOWN",
  "class": "unknown",
  "approach": "annotation",
  "file_path": "energy-challenge/bill_member.py",
  "lineno": "107",
  "column": "8",
  "context": "             kwh += consumption\n    else:\n        account = next(\n            (d for d in member if account_id in d)",
  "context_lines": "                    energy_sources, bill_date.month, bill_date.year)\n                amount += amt\n                kwh += consumption\n    else:\n        account = next(\n            (d for d in member if account_id in d), (None, None))\n        if account is None:\n            raise NotFoundError(f'Account ID (${account_id}) not found')\n        amount, kwh = process_sources(\n",
  "slicing": [
   "        account = next(\n",
   "        if account is None:\n",
   "            account[account_id], bill_date.month, bill_date.year)\n",
   "    account = account or 'ALL'\n",
   "    amount, kwh = calculate_bill(member_id, account, bill_date)\n",
   "        account=account,\n",
   "        amount=amount))\n",
   "    print('based on {kwh}kWh of usage in the last month'.format(kwh=kwh))\n"
  ]
 },
 "44": {
  "name": "amount",
  "type": "UNKNOWN",
  "class": "unknown",
  "approach": "annotation",
  "file_path": "energy-challenge/bill_member.py",
  "lineno": "111",
  "column": "8",
  "context": "(f'Account ID (${account_id}) not found')\n        amount, kwh = process_sources(\n            account[account_id], bill_date.month, ",
  "context_lines": "        account = next(\n            (d for d in member if account_id in d), (None, None))\n        if account is None:\n            raise NotFoundError(f'Account ID (${account_id}) not found')\n        amount, kwh = process_sources(\n            account[account_id], bill_date.month, bill_date.year)\n\n    return round(amount, 2), int(kwh)\n\n\ndef calculate_and_print_bill(member_id, account, bill_date):\n    \"\"\"Calculate the bill and then print it to screen.\n",
  "slicing": [
   "        amount, kwh = process_sources(\n",
   "    return round(amount, 2), int(kwh)\n",
   "        amount=amount))\n"
  ]
 },
 "45": {
  "name": "kwh",
  "type": "UNKNOWN",
  "class": "unknown",
  "approach": "annotation",
  "file_path": "energy-challenge/bill_member.py",
  "lineno": "111",
  "column": "16",
  "context": "nt ID (${account_id}) not found')\n        amount, kwh = process_sources(\n            account[account_id], bill_date.month, ",
  "context_lines": "        account = next(\n            (d for d in member if account_id in d), (None, None))\n        if account is None:\n            raise NotFoundError(f'Account ID (${account_id}) not found')\n        amount, kwh = process_sources(\n            account[account_id], bill_date.month, bill_date.year)\n\n    return round(amount, 2), int(kwh)\n\n\ndef calculate_and_print_bill(member_id, account, bill_date):\n    \"\"\"Calculate the bill and then print it to screen.\n",
  "slicing": [
   "        amount, kwh = process_sources(\n",
   "    return round(amount, 2), int(kwh)\n",
   "    print('based on {kwh}kWh of usage in the last month'.format(kwh=kwh))\n"
  ]
 },
 "46": {
  "name": "member_id",
  "type": "bool",
  "class": "build-in",
  "approach": "annotation",
  "file_path": "energy-challenge/bill_member.py",
  "lineno": "121",
  "column": "4",
  "context": "There's no need to refactor this function.\"\"\"\n    member_id = member_id or 'member-123'\n    bill_date = bill_date or '2017-08-31'\n    acco",
  "context_lines": "def calculate_and_print_bill(member_id, account, bill_date):\n    \"\"\"Calculate the bill and then print it to screen.\n    Account is an optional argument - I could bill for one account or many.\n    There's no need to refactor this function.\"\"\"\n    member_id = member_id or 'member-123'\n    bill_date = bill_date or '2017-08-31'\n    account = account or 'ALL'\n    amount, kwh = calculate_bill(member_id, account, bill_date)\n    print('Hello {member}!'.format(member=member_id))\n",
  "slicing": [
   "    member_id = member_id or 'member-123'\n",
   "    amount, kwh = calculate_bill(member_id, account, bill_date)\n",
   "    print('Hello {member}!'.format(member=member_id))\n",
   "        amount=amount))\n",
   "    print('based on {kwh}kWh of usage in the last month'.format(kwh=kwh))\n"
  ]
 },
 "47": {
  "name": "bill_date",
  "type": "bool",
  "class": "build-in",
  "approach": "annotation",
  "file_path": "energy-challenge/bill_member.py",
  "lineno": "122",
  "column": "4",
  "context": "\"\"\"\n    member_id = member_id or 'member-123'\n    bill_date = bill_date or '2017-08-31'\n    account = account or 'ALL'\n    amount, kwh = c",
  "context_lines": "    \"\"\"Calculate the bill and then print it to screen.\n    Account is an optional argument - I could bill for one account or many.\n    There's no need to refactor this function.\"\"\"\n    member_id = member_id or 'member-123'\n    bill_date = bill_date or '2017-08-31'\n    account = account or 'ALL'\n    amount, kwh = calculate_bill(member_id, account, bill_date)\n    print('Hello {member}!'.format(member=member_id))\n    print('Your bill for {account} on {date} is £{amount}'.format(\n",
  "slicing": [
   "    bill_date = bill_date or '2017-08-31'\n",
   "    amount, kwh = calculate_bill(member_id, account, bill_date)\n",
   "        date=bill_date,\n",
   "        amount=amount))\n",
   "    print('based on {kwh}kWh of usage in the last month'.format(kwh=kwh))\n"
  ]
 },
 "48": {
  "name": "account",
  "type": "bool",
  "class": "build-in",
  "approach": "annotation",
  "file_path": "energy-challenge/bill_member.py",
  "lineno": "123",
  "column": "4",
  "context": "23'\n    bill_date = bill_date or '2017-08-31'\n    account = account or 'ALL'\n    amount, kwh = calculate_bill(member_id, accoun",
  "context_lines": "    Account is an optional argument - I could bill for one account or many.\n    There's no need to refactor this function.\"\"\"\n    member_id = member_id or 'member-123'\n    bill_date = bill_date or '2017-08-31'\n    account = account or 'ALL'\n    amount, kwh = calculate_bill(member_id, account, bill_date)\n    print('Hello {member}!'.format(member=member_id))\n    print('Your bill for {account} on {date} is £{amount}'.format(\n        account=account,\n",
  "slicing": [
   "    account = account or 'ALL'\n",
   "    amount, kwh = calculate_bill(member_id, account, bill_date)\n",
   "        account=account,\n",
   "        amount=amount))\n",
   "    print('based on {kwh}kWh of usage in the last month'.format(kwh=kwh))\n"
  ]
 },
 "49": {
  "name": "amount",
  "type": "bill_member.calculate_bill",
  "class": "imported",
  "approach": "annotation",
  "file_path": "energy-challenge/bill_member.py",
  "lineno": "124",
  "column": "4",
  "context": "r '2017-08-31'\n    account = account or 'ALL'\n    amount, kwh = calculate_bill(member_id, account, bill_date)\n    print('Hello {member}!'.format(member=member_i",
  "context_lines": "    There's no need to refactor this function.\"\"\"\n    member_id = member_id or 'member-123'\n    bill_date = bill_date or '2017-08-31'\n    account = account or 'ALL'\n    amount, kwh = calculate_bill(member_id, account, bill_date)\n    print('Hello {member}!'.format(member=member_id))\n    print('Your bill for {account} on {date} is £{amount}'.format(\n        account=account,\n        date=bill_date,\n",
  "slicing": [
   "    amount, kwh = calculate_bill(member_id, account, bill_date)\n",
   "        amount=amount))\n"
  ]
 },
 "50": {
  "name": "kwh",
  "type": "bill_member.calculate_bill",
  "class": "imported",
  "approach": "annotation",
  "file_path": "energy-challenge/bill_member.py",
  "lineno": "124",
  "column": "12",
  "context": "08-31'\n    account = account or 'ALL'\n    amount, kwh = calculate_bill(member_id, account, bill_date)\n    print('Hello {member}!'.format(member=member_i",
  "context_lines": "    There's no need to refactor this function.\"\"\"\n    member_id = member_id or 'member-123'\n    bill_date = bill_date or '2017-08-31'\n    account = account or 'ALL'\n    amount, kwh = calculate_bill(member_id, account, bill_date)\n    print('Hello {member}!'.format(member=member_id))\n    print('Your bill for {account} on {date} is £{amount}'.format(\n        account=account,\n        date=bill_date,\n",
  "slicing": [
   "    amount, kwh = calculate_bill(member_id, account, bill_date)\n",
   "    print('based on {kwh}kWh of usage in the last month'.format(kwh=kwh))\n"
  ]
 },
 "51": {
  "name": "multiple_sources_data",
  "type": "dict",
  "class": "build-in",
  "approach": "annotation",
  "file_path": "energy-challenge/test_data.py",
  "lineno": "1",
  "column": "0",
  "context": "multiple_sources_data = {\n    'member-123': [\n        {\n            'account",
  "context_lines": "multiple_sources_data = {\n    'member-123': [\n        {\n            'account-abc': [\n                {\n",
  "slicing": "multiple_sources_data = {\n"
 },
 "52": {
  "name": "multiple_accounts_data",
  "type": "dict",
  "class": "build-in",
  "approach": "annotation",
  "file_path": "energy-challenge/test_data.py",
  "lineno": "38",
  "column": "0",
  "context": "               }\n            ]\n        }\n    ]\n}\n\nmultiple_accounts_data = {\n    'member-123': [\n        {\n            'account",
  "context_lines": "            ]\n        }\n    ]\n}\n\nmultiple_accounts_data = {\n    'member-123': [\n        {\n            'account-abc': [\n                {\n",
  "slicing": "multiple_accounts_data = {\n"
 },
 "53": {
  "name": "multiple_accounts_data_2",
  "type": "dict",
  "class": "build-in",
  "approach": "annotation",
  "file_path": "energy-challenge/test_data.py",
  "lineno": "79",
  "column": "0",
  "context": "               }\n            ]\n        }\n    ]\n}\n\nmultiple_accounts_data_2 = {\n    'member-123': [\n        {\n            'account",
  "context_lines": "            ]\n        }\n    ]\n}\n\nmultiple_accounts_data_2 = {\n    'member-123': [\n        {\n            'account-abc': [\n                {\n",
  "slicing": "multiple_accounts_data_2 = {\n"
 },
 "54": {
  "name": "BULB_TARIFF",
  "type": "dict",
  "class": "build-in",
  "approach": "annotation",
  "file_path": "energy-challenge/tariff.py",
  "lineno": "4",
  "column": "0",
  "context": "\"\"\"Constants for computing bulb bills.\"\"\"\n\n\nBULB_TARIFF = {\n    \"electricity\": {\n        \"unit_rate\": 11.949, ",
  "context_lines": "\"\"\"Constants for computing bulb bills.\"\"\"\n\n\nBULB_TARIFF = {\n    \"electricity\": {\n        \"unit_rate\": 11.949,  # pence per kWh\n        \"standing_charge\": 24.56  # fixed daily charge in pence\n    },\n",
  "slicing": "BULB_TARIFF = {\n"
 },
 "55": {
  "name": "member_id",
  "type": "UNKNOWN",
  "class": "unknown",
  "approach": "Pysonar2",
  "file_path": "energy-challenge/main.py",
  "lineno": "23",
  "column": "9",
  "context": "zone.')\n    return parser.parse_args()\n\n\ndef main(member_id=None, account_id=None, bill_date=None):\n    \"\"\"Main entry point for bill calculation comma",
  "context_lines": "                        or an individual account.')\n    parser.add_argument('--bill_date', type=str,\n                        help='ISO standard formatted date for UTC timezone.')\n    return parser.parse_args()\n\n\ndef main(member_id=None, account_id=None, bill_date=None):\n    \"\"\"Main entry point for bill calculation command line app.\n\n    member_id :: the member identifier in our dataset.\n\n    account_id :: the account identifier in our dataset.\n    If left unset, we return a total bill for all accounts.\n\n",
  "slicing": [
   "def main(member_id=None, account_id=None, bill_date=None):\n",
   "    main(member_id=args.member_id,\n"
  ]
 },
 "56": {
  "name": "account_id",
  "type": "UNKNOWN",
  "class": "unknown",
  "approach": "Pysonar2",
  "file_path": "energy-challenge/main.py",
  "lineno": "23",
  "column": "25",
  "context": "rn parser.parse_args()\n\n\ndef main(member_id=None, account_id=None, bill_date=None):\n    \"\"\"Main entry point for bill calculation comma",
  "context_lines": "                        or an individual account.')\n    parser.add_argument('--bill_date', type=str,\n                        help='ISO standard formatted date for UTC timezone.')\n    return parser.parse_args()\n\n\ndef main(member_id=None, account_id=None, bill_date=None):\n    \"\"\"Main entry point for bill calculation command line app.\n\n    member_id :: the member identifier in our dataset.\n\n    account_id :: the account identifier in our dataset.\n    If left unset, we return a total bill for all accounts.\n\n",
  "slicing": [
   "def main(member_id=None, account_id=None, bill_date=None):\n",
   "    main(member_id=args.member_id,\n"
  ]
 },
 "57": {
  "name": "bill_date",
  "type": "UNKNOWN",
  "class": "unknown",
  "approach": "Pysonar2",
  "file_path": "energy-challenge/main.py",
  "lineno": "23",
  "column": "42",
  "context": "rgs()\n\n\ndef main(member_id=None, account_id=None, bill_date=None):\n    \"\"\"Main entry point for bill calculation comma",
  "context_lines": "                        or an individual account.')\n    parser.add_argument('--bill_date', type=str,\n                        help='ISO standard formatted date for UTC timezone.')\n    return parser.parse_args()\n\n\ndef main(member_id=None, account_id=None, bill_date=None):\n    \"\"\"Main entry point for bill calculation command line app.\n\n    member_id :: the member identifier in our dataset.\n\n    account_id :: the account identifier in our dataset.\n    If left unset, we return a total bill for all accounts.\n\n",
  "slicing": [
   "def main(member_id=None, account_id=None, bill_date=None):\n",
   "    main(member_id=args.member_id,\n"
  ]
 },
 "58": {
  "name": "m3_reading",
  "type": "UNKNOWN",
  "class": "unknown",
  "approach": "Pysonar2",
  "file_path": "energy-challenge/bill_member.py",
  "lineno": "8",
  "column": "14",
  "context": "port NotFoundError, InvalidSource\n\n\ndef m3_to_kwh(m3_reading):\n    \"\"\"\n    Calculate the number of kWh from the p",
  "context_lines": "from tariff import BULB_TARIFF\nfrom datetime import datetime, date\nfrom calendar import monthrange\nfrom exceptions import NotFoundError, InvalidSource\n\n\ndef m3_to_kwh(m3_reading):\n    \"\"\"\n    Calculate the number of kWh from the provided m3 (cubic meters) amount.\n    The formula used has been taken from this page:\n        https://community.bulb.co.uk/discussion/730/gas-unit-conversion-calculation\n",
  "slicing": [
   "def m3_to_kwh(m3_reading):\n",
   "    return ((m3_reading * 1.02264) * 39) / 3.6\n",
   "    for energy_source in energy_sources:\n",
   "        source, items = energy_source.popitem()\n",
   "        if source not in ['electricity', 'gas']:\n",
   "            raise InvalidSource(f'${source} is not a valid energy source.')\n",
   "        index = next(\n",
   "            (i for i, d in enumerate(items)\n",
   "                    d['readingDate'][:-1]).year == bill_year\n",
   "                    d['readingDate'][:-1]).month == bill_month),\n",
   "        if index is None:\n",
   "        reading = items[index]\n",
   "        past_reading = items[index-1]\n",
   "        reading_date = datetime.fromisoformat(reading['readingDate'][:-1])\n",
   "        past_reading_date = datetime.fromisoformat(\n",
   "            past_reading['readingDate'][:-1])\n",
   "        reading_interval = (reading_date - past_reading_date).days\n",
   "        avg_consumption = (\n",
   "            (reading.get('cumulative') - past_reading.get('cumulative'))\n",
   "            / reading_interval)\n",
   "        days_in_month = monthrange(reading_date.year, reading_date.month)[1]\n",
   "        est_consumption = avg_consumption * days_in_month\n",
   "        if source == 'gas' and reading['unit'] == 'm3':\n",
   "            est_consumption = m3_to_kwh(est_consumption)\n",
   "        est_consumption = int(round(est_consumption, 0))\n",
   "        tariff = BULB_TARIFF[source]\n",
   "            (tariff['standing_charge'] * days_in_month)\n",
   "            + (tariff['unit_rate'] * est_consumption)) / 100\n",
   "        total_est_consumption += est_consumption\n",
   "    return amount, total_est_consumption\n",
   "            (d for d in member if account_id in d), (None, None))\n"
  ]
 },
 "59": {
  "name": "energy_sources",
  "type": "UNKNOWN",
  "class": "unknown",
  "approach": "Pysonar2",
  "file_path": "energy-challenge/bill_member.py",
  "lineno": "17",
  "column": "20",
  "context": "ding * 1.02264) * 39) / 3.6\n\n\ndef process_sources(energy_sources, bill_month, bill_year):\n    \"\"\"\n    Loop through energy sources and calcul",
  "context_lines": "    The formula used has been taken from this page:\n        https://community.bulb.co.uk/discussion/730/gas-unit-conversion-calculation\n    \"\"\"\n    return ((m3_reading * 1.02264) * 39) / 3.6\n\n\ndef process_sources(energy_sources, bill_month, bill_year):\n    \"\"\"\n    Loop through energy sources and calculates the total £ amount and kWh\n    for both electricity and gas for the calendar month. The average\n    consumption is calculated by taking the reading date for the specified\n",
  "slicing": [
   "def process_sources(energy_sources, bill_month, bill_year):\n",
   "                    energy_sources, bill_date.month, bill_date.year)\n"
  ]
 },
 "60": {
  "name": "bill_month",
  "type": "UNKNOWN",
  "class": "unknown",
  "approach": "Pysonar2",
  "file_path": "energy-challenge/bill_member.py",
  "lineno": "17",
  "column": "36",
  "context": "* 39) / 3.6\n\n\ndef process_sources(energy_sources, bill_month, bill_year):\n    \"\"\"\n    Loop through energy sources and calcul",
  "context_lines": "    The formula used has been taken from this page:\n        https://community.bulb.co.uk/discussion/730/gas-unit-conversion-calculation\n    \"\"\"\n    return ((m3_reading * 1.02264) * 39) / 3.6\n\n\ndef process_sources(energy_sources, bill_month, bill_year):\n    \"\"\"\n    Loop through energy sources and calculates the total £ amount and kWh\n    for both electricity and gas for the calendar month. The average\n    consumption is calculated by taking the reading date for the specified\n",
  "slicing": [
   "def process_sources(energy_sources, bill_month, bill_year):\n",
   "                    d['readingDate'][:-1]).month == bill_month),\n"
  ]
 },
 "61": {
  "name": "bill_year",
  "type": "UNKNOWN",
  "class": "unknown",
  "approach": "Pysonar2",
  "file_path": "energy-challenge/bill_member.py",
  "lineno": "17",
  "column": "48",
  "context": "\n\ndef process_sources(energy_sources, bill_month, bill_year):\n    \"\"\"\n    Loop through energy sources and calcul",
  "context_lines": "    The formula used has been taken from this page:\n        https://community.bulb.co.uk/discussion/730/gas-unit-conversion-calculation\n    \"\"\"\n    return ((m3_reading * 1.02264) * 39) / 3.6\n\n\ndef process_sources(energy_sources, bill_month, bill_year):\n    \"\"\"\n    Loop through energy sources and calculates the total £ amount and kWh\n    for both electricity and gas for the calendar month. The average\n    consumption is calculated by taking the reading date for the specified\n",
  "slicing": [
   "def process_sources(energy_sources, bill_month, bill_year):\n",
   "                    d['readingDate'][:-1]).year == bill_year\n"
  ]
 },
 "62": {
  "name": "member_id",
  "type": "UNKNOWN",
  "class": "unknown",
  "approach": "Pysonar2",
  "file_path": "energy-challenge/bill_member.py",
  "lineno": "84",
  "column": "19",
  "context": "mount, total_est_consumption\n\n\ndef calculate_bill(member_id=None, account_id=None, bill_date=None):\n    \"\"\"\n    Calculate the bill for the provided me",
  "context_lines": "            (tariff['standing_charge'] * days_in_month)\n            + (tariff['unit_rate'] * est_consumption)) / 100\n        total_est_consumption += est_consumption\n\n    return amount, total_est_consumption\n\n\ndef calculate_bill(member_id=None, account_id=None, bill_date=None):\n    \"\"\"\n    Calculate the bill for the provided member and account ID.\n    If account_id is 'ALL' then the bill will be calculated as a total\n    of all accounts for that specific member.\n",
  "slicing": [
   "def calculate_bill(member_id=None, account_id=None, bill_date=None):\n",
   "    amount, kwh = calculate_bill(member_id, account, bill_date)\n",
   "    print('Hello {member}!'.format(member=member_id))\n",
   "        amount=amount))\n",
   "    print('based on {kwh}kWh of usage in the last month'.format(kwh=kwh))\n"
  ]
 },
 "63": {
  "name": "account_id",
  "type": "UNKNOWN",
  "class": "unknown",
  "approach": "Pysonar2",
  "file_path": "energy-challenge/bill_member.py",
  "lineno": "84",
  "column": "35",
  "context": "_consumption\n\n\ndef calculate_bill(member_id=None, account_id=None, bill_date=None):\n    \"\"\"\n    Calculate the bill for the provided me",
  "context_lines": "            (tariff['standing_charge'] * days_in_month)\n            + (tariff['unit_rate'] * est_consumption)) / 100\n        total_est_consumption += est_consumption\n\n    return amount, total_est_consumption\n\n\ndef calculate_bill(member_id=None, account_id=None, bill_date=None):\n    \"\"\"\n    Calculate the bill for the provided member and account ID.\n    If account_id is 'ALL' then the bill will be calculated as a total\n    of all accounts for that specific member.\n",
  "slicing": [
   "def calculate_bill(member_id=None, account_id=None, bill_date=None):\n",
   "            account[account_id], bill_date.month, bill_date.year)\n",
   "    amount, kwh = calculate_bill(member_id, account, bill_date)\n",
   "        amount=amount))\n",
   "    print('based on {kwh}kWh of usage in the last month'.format(kwh=kwh))\n"
  ]
 },
 "64": {
  "name": "bill_date",
  "type": "UNKNOWN",
  "class": "unknown",
  "approach": "Pysonar2",
  "file_path": "energy-challenge/bill_member.py",
  "lineno": "84",
  "column": "52",
  "context": "f calculate_bill(member_id=None, account_id=None, bill_date=None):\n    \"\"\"\n    Calculate the bill for the provided me",
  "context_lines": "            (tariff['standing_charge'] * days_in_month)\n            + (tariff['unit_rate'] * est_consumption)) / 100\n        total_est_consumption += est_consumption\n\n    return amount, total_est_consumption\n\n\ndef calculate_bill(member_id=None, account_id=None, bill_date=None):\n    \"\"\"\n    Calculate the bill for the provided member and account ID.\n    If account_id is 'ALL' then the bill will be calculated as a total\n    of all accounts for that specific member.\n",
  "slicing": [
   "def calculate_bill(member_id=None, account_id=None, bill_date=None):\n",
   "    amount, kwh = calculate_bill(member_id, account, bill_date)\n",
   "        date=bill_date,\n",
   "        amount=amount))\n",
   "    print('based on {kwh}kWh of usage in the last month'.format(kwh=kwh))\n"
  ]
 },
 "65": {
  "name": "member_id",
  "type": "UNKNOWN",
  "class": "unknown",
  "approach": "Pysonar2",
  "file_path": "energy-challenge/bill_member.py",
  "lineno": "117",
  "column": "29",
  "context": "ount, 2), int(kwh)\n\n\ndef calculate_and_print_bill(member_id, account, bill_date):\n    \"\"\"Calculate the bill and then print it to scr",
  "context_lines": "            raise NotFoundError(f'Account ID (${account_id}) not found')\n        amount, kwh = process_sources(\n            account[account_id], bill_date.month, bill_date.year)\n\n    return round(amount, 2), int(kwh)\n\n\ndef calculate_and_print_bill(member_id, account, bill_date):\n    \"\"\"Calculate the bill and then print it to screen.\n    Account is an optional argument - I could bill for one account or many.\n    There's no need to refactor this function.\"\"\"\n    member_id = member_id or 'member-123'\n",
  "slicing": "def calculate_and_print_bill(member_id, account, bill_date):\n"
 },
 "66": {
  "name": "account",
  "type": "UNKNOWN",
  "class": "unknown",
  "approach": "Pysonar2",
  "file_path": "energy-challenge/bill_member.py",
  "lineno": "117",
  "column": "40",
  "context": "nt(kwh)\n\n\ndef calculate_and_print_bill(member_id, account, bill_date):\n    \"\"\"Calculate the bill and then print it to scr",
  "context_lines": "            raise NotFoundError(f'Account ID (${account_id}) not found')\n        amount, kwh = process_sources(\n            account[account_id], bill_date.month, bill_date.year)\n\n    return round(amount, 2), int(kwh)\n\n\ndef calculate_and_print_bill(member_id, account, bill_date):\n    \"\"\"Calculate the bill and then print it to screen.\n    Account is an optional argument - I could bill for one account or many.\n    There's no need to refactor this function.\"\"\"\n    member_id = member_id or 'member-123'\n",
  "slicing": "def calculate_and_print_bill(member_id, account, bill_date):\n"
 },
 "67": {
  "name": "bill_date",
  "type": "UNKNOWN",
  "class": "unknown",
  "approach": "Pysonar2",
  "file_path": "energy-challenge/bill_member.py",
  "lineno": "117",
  "column": "49",
  "context": "\ndef calculate_and_print_bill(member_id, account, bill_date):\n    \"\"\"Calculate the bill and then print it to scr",
  "context_lines": "            raise NotFoundError(f'Account ID (${account_id}) not found')\n        amount, kwh = process_sources(\n            account[account_id], bill_date.month, bill_date.year)\n\n    return round(amount, 2), int(kwh)\n\n\ndef calculate_and_print_bill(member_id, account, bill_date):\n    \"\"\"Calculate the bill and then print it to screen.\n    Account is an optional argument - I could bill for one account or many.\n    There's no need to refactor this function.\"\"\"\n    member_id = member_id or 'member-123'\n",
  "slicing": "def calculate_and_print_bill(member_id, account, bill_date):\n"
 }
}