{
 "1": {
  "name": "author",
  "type": "UNKNOWN",
  "class": "unknown",
  "approach": "Pysonar2",
  "file_path": "eng-roi-challenge/tweeter/schemas.py",
  "lineno": "10",
  "column": "4",
  "context": " deserializing and validating Tweets\n    \"\"\"\n\n    author = serializers.CharField(max_length=200)\n    content = serializers.CharField(max_length=50)",
  "context_lines": "class TweetSchema(serializers.Serializer):\n    \"\"\"\n    Handles serializing, deserializing and validating Tweets\n    \"\"\"\n\n    author = serializers.CharField(max_length=200)\n    content = serializers.CharField(max_length=50)\n    created_on = serializers.DateTimeField(\n        required=False, format=\"%Y/%m/%d %H:%M:%S\"\n    )\n",
  "slicing": "    author = serializers.CharField(max_length=200)\n"
 },
 "2": {
  "name": "content",
  "type": "UNKNOWN",
  "class": "unknown",
  "approach": "Pysonar2",
  "file_path": "eng-roi-challenge/tweeter/schemas.py",
  "lineno": "11",
  "column": "4",
  "context": "uthor = serializers.CharField(max_length=200)\n    content = serializers.CharField(max_length=50)\n    created_on = serializers.DateTimeField(\n      ",
  "context_lines": "    \"\"\"\n    Handles serializing, deserializing and validating Tweets\n    \"\"\"\n\n    author = serializers.CharField(max_length=200)\n    content = serializers.CharField(max_length=50)\n    created_on = serializers.DateTimeField(\n        required=False, format=\"%Y/%m/%d %H:%M:%S\"\n    )\n",
  "slicing": "    content = serializers.CharField(max_length=50)\n"
 },
 "3": {
  "name": "created_on",
  "type": "UNKNOWN",
  "class": "unknown",
  "approach": "Pysonar2",
  "file_path": "eng-roi-challenge/tweeter/schemas.py",
  "lineno": "12",
  "column": "4",
  "context": "ontent = serializers.CharField(max_length=50)\n    created_on = serializers.DateTimeField(\n        required=False, format=\"%Y/%m/%d %H:%M:%S\"",
  "context_lines": "    Handles serializing, deserializing and validating Tweets\n    \"\"\"\n\n    author = serializers.CharField(max_length=200)\n    content = serializers.CharField(max_length=50)\n    created_on = serializers.DateTimeField(\n        required=False, format=\"%Y/%m/%d %H:%M:%S\"\n    )\n",
  "slicing": "    created_on = serializers.DateTimeField(\n"
 },
 "4": {
  "name": "accept",
  "type": "UNKNOWN",
  "class": "unknown",
  "approach": "Pysonar2",
  "file_path": "eng-roi-challenge/tweeter/views.py",
  "lineno": "22",
  "column": "4",
  "context": "\":\n        return handle_post_tweet(request)\n\n    accept = request.META.get(\"HTTP_ACCEPT\")\n    if \"text/html\" in accept:\n        return handl",
  "context_lines": "# request's method and Content-Type.\ndef handle_root(request):\n    if request.method == \"POST\":\n        return handle_post_tweet(request)\n\n    accept = request.META.get(\"HTTP_ACCEPT\")\n    if \"text/html\" in accept:\n        return handle_render_landing(request)\n    return handle_get_tweets(request)\n\n\ndef handle_render_landing(request):\n",
  "slicing": [
   "    accept = request.META.get(\"HTTP_ACCEPT\")\n",
   "    if \"text/html\" in accept:\n"
  ]
 },
 "5": {
  "name": "tweets",
  "type": "UNKNOWN",
  "class": "unknown",
  "approach": "Pysonar2",
  "file_path": "eng-roi-challenge/tweeter/views.py",
  "lineno": "39",
  "column": "4",
  "context": "list of the existing Tweets, as JSON.\n    \"\"\"\n    tweets = Tweet.objects.order_by(\"-created_on\")\n    serialized = TweetSchema(tweets, many=True)\n  ",
  "context_lines": "def handle_get_tweets(request):\n    \"\"\"\n    Returns a list of the existing Tweets, as JSON.\n    \"\"\"\n    tweets = Tweet.objects.order_by(\"-created_on\")\n    serialized = TweetSchema(tweets, many=True)\n    return JsonResponse(serialized.data, safe=False)\n\n\ndef handle_post_tweet(request):\n    \"\"\"\n",
  "slicing": [
   "    tweets = Tweet.objects.order_by(\"-created_on\")\n",
   "    serialized = TweetSchema(tweets, many=True)\n",
   "    return JsonResponse(serialized.data, safe=False)\n"
  ]
 },
 "6": {
  "name": "serialized",
  "type": "schemas.TweetSchema",
  "class": "customized",
  "approach": "annotation",
  "file_path": "eng-roi-challenge/tweeter/views.py",
  "lineno": "40",
  "column": "4",
  "context": "weets = Tweet.objects.order_by(\"-created_on\")\n    serialized = TweetSchema(tweets, many=True)\n    return JsonResponse(serialized.data, safe=Fals",
  "context_lines": "    \"\"\"\n    Returns a list of the existing Tweets, as JSON.\n    \"\"\"\n    tweets = Tweet.objects.order_by(\"-created_on\")\n    serialized = TweetSchema(tweets, many=True)\n    return JsonResponse(serialized.data, safe=False)\n\n\ndef handle_post_tweet(request):\n    \"\"\"\n    Deals with creating new Tweets\n",
  "slicing": [
   "    serialized = TweetSchema(tweets, many=True)\n",
   "    return JsonResponse(serialized.data, safe=False)\n"
  ]
 },
 "7": {
  "name": "payload",
  "type": "io.BytesIO",
  "class": "imported",
  "approach": "annotation",
  "file_path": "eng-roi-challenge/tweeter/views.py",
  "lineno": "48",
  "column": "4",
  "context": "\"\"\n    Deals with creating new Tweets\n    \"\"\"\n    payload = BytesIO(request.body)\n    try:\n        json_data = JSONParser().parse(pa",
  "context_lines": "def handle_post_tweet(request):\n    \"\"\"\n    Deals with creating new Tweets\n    \"\"\"\n    payload = BytesIO(request.body)\n    try:\n        json_data = JSONParser().parse(payload)\n    except ParseError as err:\n        logging.error(err)\n",
  "slicing": [
   "    payload = BytesIO(request.body)\n",
   "        json_data = JSONParser().parse(payload)\n",
   "    parsed_data = TweetSchema(data=json_data)\n",
   "    if not parsed_data.is_valid():\n",
   "        return HttpResponse(json.dumps(parsed_data.errors), status=400)\n",
   "    tweet = Tweet(**parsed_data.data)\n",
   "    tweet.save()\n"
  ]
 },
 "8": {
  "name": "parsed_data",
  "type": "schemas.TweetSchema",
  "class": "customized",
  "approach": "annotation",
  "file_path": "eng-roi-challenge/tweeter/views.py",
  "lineno": "55",
  "column": "4",
  "context": "    return HttpResponse(\"error\", status=400)\n\n    parsed_data = TweetSchema(data=json_data)\n    if not parsed_data.is_valid():\n        return ",
  "context_lines": "        json_data = JSONParser().parse(payload)\n    except ParseError as err:\n        logging.error(err)\n        return HttpResponse(\"error\", status=400)\n\n    parsed_data = TweetSchema(data=json_data)\n    if not parsed_data.is_valid():\n        return HttpResponse(json.dumps(parsed_data.errors), status=400)\n    tweet = Tweet(**parsed_data.data)\n    tweet.save()\n",
  "slicing": [
   "    parsed_data = TweetSchema(data=json_data)\n",
   "    if not parsed_data.is_valid():\n",
   "        return HttpResponse(json.dumps(parsed_data.errors), status=400)\n",
   "    tweet = Tweet(**parsed_data.data)\n",
   "    tweet.save()\n"
  ]
 },
 "9": {
  "name": "tweet",
  "type": "models.Tweet",
  "class": "customized",
  "approach": "annotation",
  "file_path": "eng-roi-challenge/tweeter/views.py",
  "lineno": "58",
  "column": "4",
  "context": "e(json.dumps(parsed_data.errors), status=400)\n    tweet = Tweet(**parsed_data.data)\n    tweet.save()\n    return HttpResponse(\"asd\", st",
  "context_lines": "        return HttpResponse(\"error\", status=400)\n\n    parsed_data = TweetSchema(data=json_data)\n    if not parsed_data.is_valid():\n        return HttpResponse(json.dumps(parsed_data.errors), status=400)\n    tweet = Tweet(**parsed_data.data)\n    tweet.save()\n",
  "slicing": [
   "    tweet = Tweet(**parsed_data.data)\n",
   "    tweet.save()\n"
  ]
 },
 "10": {
  "name": "json_data",
  "type": "UNKNOWN",
  "class": "unknown",
  "approach": "Pysonar2",
  "file_path": "eng-roi-challenge/tweeter/views.py",
  "lineno": "50",
  "column": "8",
  "context": " payload = BytesIO(request.body)\n    try:\n        json_data = JSONParser().parse(payload)\n    except ParseError as err:\n        logging.erro",
  "context_lines": "    Deals with creating new Tweets\n    \"\"\"\n    payload = BytesIO(request.body)\n    try:\n        json_data = JSONParser().parse(payload)\n    except ParseError as err:\n        logging.error(err)\n        return HttpResponse(\"error\", status=400)\n\n    parsed_data = TweetSchema(data=json_data)\n",
  "slicing": [
   "        json_data = JSONParser().parse(payload)\n",
   "    parsed_data = TweetSchema(data=json_data)\n",
   "    if not parsed_data.is_valid():\n",
   "        return HttpResponse(json.dumps(parsed_data.errors), status=400)\n",
   "    tweet = Tweet(**parsed_data.data)\n",
   "    tweet.save()\n"
  ]
 },
 "11": {
  "name": "author",
  "type": "UNKNOWN",
  "class": "unknown",
  "approach": "Pysonar2",
  "file_path": "eng-roi-challenge/tweeter/models.py",
  "lineno": "12",
  "column": "4",
  "context": "   Represents a DB entry for Tweets.\n    \"\"\"\n\n    author = models.CharField(max_length=200)\n    content = models.CharField(max_length=50)\n    ",
  "context_lines": "class Tweet(models.Model):\n    \"\"\"\n    Represents a DB entry for Tweets.\n    \"\"\"\n\n    author = models.CharField(max_length=200)\n    content = models.CharField(max_length=50)\n    created_on = models.DateTimeField(default=datetime.datetime.utcnow)\n\n    def __str__(self):\n        return f\"{self.author}: {self.content}\"\n",
  "slicing": "    author = models.CharField(max_length=200)\n"
 },
 "12": {
  "name": "content",
  "type": "UNKNOWN",
  "class": "unknown",
  "approach": "Pysonar2",
  "file_path": "eng-roi-challenge/tweeter/models.py",
  "lineno": "13",
  "column": "4",
  "context": "    author = models.CharField(max_length=200)\n    content = models.CharField(max_length=50)\n    created_on = models.DateTimeField(default=date",
  "context_lines": "    \"\"\"\n    Represents a DB entry for Tweets.\n    \"\"\"\n\n    author = models.CharField(max_length=200)\n    content = models.CharField(max_length=50)\n    created_on = models.DateTimeField(default=datetime.datetime.utcnow)\n\n    def __str__(self):\n        return f\"{self.author}: {self.content}\"\n",
  "slicing": "    content = models.CharField(max_length=50)\n"
 },
 "13": {
  "name": "created_on",
  "type": "UNKNOWN",
  "class": "unknown",
  "approach": "Pysonar2",
  "file_path": "eng-roi-challenge/tweeter/models.py",
  "lineno": "14",
  "column": "4",
  "context": "    content = models.CharField(max_length=50)\n    created_on = models.DateTimeField(default=datetime.datetime.utcnow)\n\n    def __str__(self):\n        return f\"{self.aut",
  "context_lines": "    Represents a DB entry for Tweets.\n    \"\"\"\n\n    author = models.CharField(max_length=200)\n    content = models.CharField(max_length=50)\n    created_on = models.DateTimeField(default=datetime.datetime.utcnow)\n\n    def __str__(self):\n        return f\"{self.author}: {self.content}\"\n",
  "slicing": "    created_on = models.DateTimeField(default=datetime.datetime.utcnow)\n"
 },
 "14": {
  "name": "header",
  "type": "dict",
  "class": "build-in",
  "approach": "annotation",
  "file_path": "eng-roi-challenge/tweeter/tests.py",
  "lineno": "30",
  "column": "8",
  "context": "ked_render.return_value = HttpResponse()\n\n        header = {\"HTTP_ACCEPT\": \"text/html\"}\n        self.client.get(\"/\", **header)\n        ass",
  "context_lines": "    def test_accept_html(\n        self, mocked_post_tweet, mocked_get_tweets, mocked_render\n    ):\n        mocked_render.return_value = HttpResponse()\n\n        header = {\"HTTP_ACCEPT\": \"text/html\"}\n        self.client.get(\"/\", **header)\n        assert not mocked_post_tweet.called\n        assert not mocked_get_tweets.called\n        assert mocked_render.called\n\n",
  "slicing": [
   "        header = {\"HTTP_ACCEPT\": \"text/html\"}\n",
   "        self.client.get(\"/\", **header)\n",
   "        self.client.get(\"/\", **header)\n"
  ]
 },
 "15": {
  "name": "header",
  "type": "dict",
  "class": "build-in",
  "approach": "annotation",
  "file_path": "eng-roi-challenge/tweeter/tests.py",
  "lineno": "41",
  "column": "8",
  "context": "get_tweets.return_value = HttpResponse()\n\n        header = {\"HTTP_ACCEPT\": \"application/json\"}\n        self.client.get(\"/\", **header)\n        ass",
  "context_lines": "    def test_accept_json(\n        self, mocked_post_tweet, mocked_get_tweets, mocked_render\n    ):\n        mocked_get_tweets.return_value = HttpResponse()\n\n        header = {\"HTTP_ACCEPT\": \"application/json\"}\n        self.client.get(\"/\", **header)\n        assert not mocked_post_tweet.called\n        assert mocked_get_tweets.called\n        assert not mocked_render.called\n\n",
  "slicing": [
   "        header = {\"HTTP_ACCEPT\": \"application/json\"}\n",
   "        self.client.get(\"/\", **header)\n"
  ]
 },
 "16": {
  "name": "client",
  "type": "django.test.Client",
  "class": "imported",
  "approach": "annotation",
  "file_path": "eng-roi-challenge/tweeter/tests.py",
  "lineno": "58",
  "column": "8",
  "context": "ding(TestCase):\n    def test_works(self):\n        client = Client()\n        headers = {\"HTTP_ACCEPT\": \"text/html\"}\n   ",
  "context_lines": "        assert not mocked_get_tweets.called\n        assert not mocked_render.called\n\n\nclass TestRenderLanding(TestCase):\n    def test_works(self):\n        client = Client()\n        headers = {\"HTTP_ACCEPT\": \"text/html\"}\n        resp = client.get(\"/\", **headers)\n        assert resp.status_code == 200\n\n\nclass TestListTweets(TestCase):\n",
  "slicing": [
   "        client = Client()\n",
   "        resp = client.get(\"/\", **headers)\n",
   "        assert resp.status_code == 200\n",
   "        assert resp.status_code == 200\n",
   "        tweets = resp.json()\n",
   "        assert len(tweets) == 2\n",
   "        assert tweets[0][\"created_on\"] > tweets[1][\"created_on\"]\n",
   "        assert resp.status_code == 200\n",
   "        tweets = resp.json()\n",
   "        assert not tweets\n",
   "        assert resp.status_code == 201\n",
   "        assert resp.status_code == 400\n",
   "        assert resp.status_code == 400\n"
  ]
 },
 "17": {
  "name": "headers",
  "type": "dict",
  "class": "build-in",
  "approach": "annotation",
  "file_path": "eng-roi-challenge/tweeter/tests.py",
  "lineno": "59",
  "column": "8",
  "context": "st_works(self):\n        client = Client()\n        headers = {\"HTTP_ACCEPT\": \"text/html\"}\n        resp = client.get(\"/\", **headers)\n        ",
  "context_lines": "        assert not mocked_render.called\n\n\nclass TestRenderLanding(TestCase):\n    def test_works(self):\n        client = Client()\n        headers = {\"HTTP_ACCEPT\": \"text/html\"}\n        resp = client.get(\"/\", **headers)\n        assert resp.status_code == 200\n\n\nclass TestListTweets(TestCase):\n    def setup(self):\n",
  "slicing": [
   "        headers = {\"HTTP_ACCEPT\": \"text/html\"}\n",
   "        resp = client.get(\"/\", **headers)\n",
   "        assert resp.status_code == 200\n",
   "        resp = self.client.get(\"/\", **headers)\n",
   "        assert resp.status_code == 200\n",
   "        tweets = resp.json()\n",
   "        assert len(tweets) == 2\n",
   "        assert tweets[0][\"created_on\"] > tweets[1][\"created_on\"]\n",
   "        resp = self.client.get(\"/\", **headers)\n",
   "        assert resp.status_code == 200\n",
   "        tweets = resp.json()\n",
   "        assert not tweets\n",
   "        assert resp.status_code == 201\n",
   "        assert resp.status_code == 400\n",
   "        assert resp.status_code == 400\n"
  ]
 },
 "18": {
  "name": "resp",
  "type": "UNKNOWN",
  "class": "unknown",
  "approach": "Pysonar2",
  "file_path": "eng-roi-challenge/tweeter/tests.py",
  "lineno": "60",
  "column": "8",
  "context": "   headers = {\"HTTP_ACCEPT\": \"text/html\"}\n        resp = client.get(\"/\", **headers)\n        assert resp.status_code == 200\n\n\nclass Tes",
  "context_lines": "class TestRenderLanding(TestCase):\n    def test_works(self):\n        client = Client()\n        headers = {\"HTTP_ACCEPT\": \"text/html\"}\n        resp = client.get(\"/\", **headers)\n        assert resp.status_code == 200\n\n\nclass TestListTweets(TestCase):\n    def setup(self):\n        self.client = Client()\n\n",
  "slicing": [
   "        resp = client.get(\"/\", **headers)\n",
   "        assert resp.status_code == 200\n",
   "        assert resp.status_code == 200\n",
   "        tweets = resp.json()\n",
   "        assert len(tweets) == 2\n",
   "        assert tweets[0][\"created_on\"] > tweets[1][\"created_on\"]\n",
   "        assert resp.status_code == 200\n",
   "        tweets = resp.json()\n",
   "        assert not tweets\n",
   "        assert resp.status_code == 201\n",
   "        assert resp.status_code == 400\n",
   "        assert resp.status_code == 400\n"
  ]
 },
 "19": {
  "name": "first_tweet",
  "type": "tweeter.models.Tweet",
  "class": "customized",
  "approach": "annotation",
  "file_path": "eng-roi-challenge/tweeter/tests.py",
  "lineno": "69",
  "column": "8",
  "context": "t()\n\n    def test_lists_all_tweets(self):\n        first_tweet = Tweet(\n            author=\"Shaggy\",\n            content=\"",
  "context_lines": "class TestListTweets(TestCase):\n    def setup(self):\n        self.client = Client()\n\n    def test_lists_all_tweets(self):\n        first_tweet = Tweet(\n            author=\"Shaggy\",\n            content=\"Scooby Doo where are you?\",\n            created_on=datetime.datetime(2018, 9, 19),\n        )\n",
  "slicing": [
   "        first_tweet = Tweet(\n",
   "        first_tweet.save()\n"
  ]
 },
 "20": {
  "name": "last_tweet",
  "type": "tweeter.models.Tweet",
  "class": "customized",
  "approach": "annotation",
  "file_path": "eng-roi-challenge/tweeter/tests.py",
  "lineno": "76",
  "column": "8",
  "context": "9),\n        )\n        first_tweet.save()\n\n        last_tweet = Tweet(\n            author=\"Scooby Doo\",\n            conte",
  "context_lines": "            content=\"Scooby Doo where are you?\",\n            created_on=datetime.datetime(2018, 9, 19),\n        )\n        first_tweet.save()\n\n        last_tweet = Tweet(\n            author=\"Scooby Doo\",\n            content=\"I'm here\",\n            created_on=datetime.datetime(2018, 9, 20),\n        )\n",
  "slicing": [
   "        last_tweet = Tweet(\n",
   "        last_tweet.save()\n"
  ]
 },
 "21": {
  "name": "headers",
  "type": "dict",
  "class": "build-in",
  "approach": "annotation",
  "file_path": "eng-roi-challenge/tweeter/tests.py",
  "lineno": "83",
  "column": "8",
  "context": "20),\n        )\n        last_tweet.save()\n\n        headers = {\"HTTP_ACCEPT\": \"application/json\"}\n        resp = self.client.get(\"/\", **headers)\n   ",
  "context_lines": "            content=\"I'm here\",\n            created_on=datetime.datetime(2018, 9, 20),\n        )\n        last_tweet.save()\n\n        headers = {\"HTTP_ACCEPT\": \"application/json\"}\n        resp = self.client.get(\"/\", **headers)\n        assert resp.status_code == 200\n\n        tweets = resp.json()\n        assert len(tweets) == 2\n",
  "slicing": [
   "        headers = {\"HTTP_ACCEPT\": \"application/json\"}\n",
   "        resp = self.client.get(\"/\", **headers)\n",
   "        assert resp.status_code == 200\n",
   "        tweets = resp.json()\n",
   "        assert len(tweets) == 2\n",
   "        assert tweets[0][\"created_on\"] > tweets[1][\"created_on\"]\n",
   "        resp = self.client.get(\"/\", **headers)\n",
   "        assert resp.status_code == 200\n",
   "        tweets = resp.json()\n",
   "        assert not tweets\n",
   "        assert resp.status_code == 201\n",
   "        assert resp.status_code == 400\n",
   "        assert resp.status_code == 400\n"
  ]
 },
 "22": {
  "name": "resp",
  "type": "UNKNOWN",
  "class": "unknown",
  "approach": "Pysonar2",
  "file_path": "eng-roi-challenge/tweeter/tests.py",
  "lineno": "84",
  "column": "8",
  "context": "ers = {\"HTTP_ACCEPT\": \"application/json\"}\n        resp = self.client.get(\"/\", **headers)\n        assert resp.status_code == 200\n\n        tw",
  "context_lines": "            created_on=datetime.datetime(2018, 9, 20),\n        )\n        last_tweet.save()\n\n        headers = {\"HTTP_ACCEPT\": \"application/json\"}\n        resp = self.client.get(\"/\", **headers)\n        assert resp.status_code == 200\n\n        tweets = resp.json()\n        assert len(tweets) == 2\n        assert tweets[0][\"created_on\"] > tweets[1][\"created_on\"]\n\n",
  "slicing": [
   "        resp = self.client.get(\"/\", **headers)\n",
   "        assert resp.status_code == 200\n",
   "        tweets = resp.json()\n",
   "        assert len(tweets) == 2\n",
   "        assert tweets[0][\"created_on\"] > tweets[1][\"created_on\"]\n",
   "        assert resp.status_code == 200\n",
   "        tweets = resp.json()\n",
   "        assert not tweets\n",
   "        assert resp.status_code == 201\n",
   "        assert resp.status_code == 400\n",
   "        assert resp.status_code == 400\n"
  ]
 },
 "23": {
  "name": "tweets",
  "type": "UNKNOWN",
  "class": "unknown",
  "approach": "Pysonar2",
  "file_path": "eng-roi-challenge/tweeter/tests.py",
  "lineno": "87",
  "column": "8",
  "context": ")\n        assert resp.status_code == 200\n\n        tweets = resp.json()\n        assert len(tweets) == 2\n        assert twe",
  "context_lines": "        last_tweet.save()\n\n        headers = {\"HTTP_ACCEPT\": \"application/json\"}\n        resp = self.client.get(\"/\", **headers)\n        assert resp.status_code == 200\n\n        tweets = resp.json()\n        assert len(tweets) == 2\n        assert tweets[0][\"created_on\"] > tweets[1][\"created_on\"]\n\n    def test_no_tweets_to_list(self):\n        headers = {\"HTTP_ACCEPT\": \"application/json\"}\n",
  "slicing": [
   "        tweets = resp.json()\n",
   "        assert len(tweets) == 2\n",
   "        assert tweets[0][\"created_on\"] > tweets[1][\"created_on\"]\n",
   "        assert not tweets\n"
  ]
 },
 "24": {
  "name": "headers",
  "type": "dict",
  "class": "build-in",
  "approach": "annotation",
  "file_path": "eng-roi-challenge/tweeter/tests.py",
  "lineno": "92",
  "column": "8",
  "context": "\"]\n\n    def test_no_tweets_to_list(self):\n        headers = {\"HTTP_ACCEPT\": \"application/json\"}\n        resp = self.client.get(\"/\", **headers)\n   ",
  "context_lines": "        tweets = resp.json()\n        assert len(tweets) == 2\n        assert tweets[0][\"created_on\"] > tweets[1][\"created_on\"]\n\n    def test_no_tweets_to_list(self):\n        headers = {\"HTTP_ACCEPT\": \"application/json\"}\n        resp = self.client.get(\"/\", **headers)\n        assert resp.status_code == 200\n\n        tweets = resp.json()\n        assert not tweets\n\n\n",
  "slicing": [
   "        headers = {\"HTTP_ACCEPT\": \"application/json\"}\n",
   "        resp = self.client.get(\"/\", **headers)\n",
   "        assert resp.status_code == 200\n",
   "        tweets = resp.json()\n",
   "        assert not tweets\n",
   "        assert resp.status_code == 201\n",
   "        assert resp.status_code == 400\n",
   "        assert resp.status_code == 400\n"
  ]
 },
 "25": {
  "name": "resp",
  "type": "UNKNOWN",
  "class": "unknown",
  "approach": "Pysonar2",
  "file_path": "eng-roi-challenge/tweeter/tests.py",
  "lineno": "93",
  "column": "8",
  "context": "ers = {\"HTTP_ACCEPT\": \"application/json\"}\n        resp = self.client.get(\"/\", **headers)\n        assert resp.status_code == 200\n\n        tw",
  "context_lines": "        assert len(tweets) == 2\n        assert tweets[0][\"created_on\"] > tweets[1][\"created_on\"]\n\n    def test_no_tweets_to_list(self):\n        headers = {\"HTTP_ACCEPT\": \"application/json\"}\n        resp = self.client.get(\"/\", **headers)\n        assert resp.status_code == 200\n\n        tweets = resp.json()\n        assert not tweets\n\n\nclass TestPostTweet(TestCase):\n",
  "slicing": [
   "        resp = self.client.get(\"/\", **headers)\n",
   "        assert resp.status_code == 200\n",
   "        tweets = resp.json()\n",
   "        assert not tweets\n",
   "        assert resp.status_code == 201\n",
   "        assert resp.status_code == 400\n",
   "        assert resp.status_code == 400\n"
  ]
 },
 "26": {
  "name": "tweets",
  "type": "UNKNOWN",
  "class": "unknown",
  "approach": "Pysonar2",
  "file_path": "eng-roi-challenge/tweeter/tests.py",
  "lineno": "96",
  "column": "8",
  "context": ")\n        assert resp.status_code == 200\n\n        tweets = resp.json()\n        assert not tweets\n\n\nclass TestPostTweet(Te",
  "context_lines": "    def test_no_tweets_to_list(self):\n        headers = {\"HTTP_ACCEPT\": \"application/json\"}\n        resp = self.client.get(\"/\", **headers)\n        assert resp.status_code == 200\n\n        tweets = resp.json()\n        assert not tweets\n\n\nclass TestPostTweet(TestCase):\n    def setup(self):\n        self.client = Client()\n\n",
  "slicing": [
   "        tweets = resp.json()\n",
   "        assert not tweets\n"
  ]
 },
 "27": {
  "name": "payload",
  "type": "dict",
  "class": "build-in",
  "approach": "annotation",
  "file_path": "eng-roi-challenge/tweeter/tests.py",
  "lineno": "105",
  "column": "8",
  "context": ")\n\n    def test_tweets_are_created(self):\n        payload = {\"author\": \"Shaggy\", \"content\": \"Scooby Doo where are you?\"}\n        resp = self.client.post(\n            \"/\", ",
  "context_lines": "class TestPostTweet(TestCase):\n    def setup(self):\n        self.client = Client()\n\n    def test_tweets_are_created(self):\n        payload = {\"author\": \"Shaggy\", \"content\": \"Scooby Doo where are you?\"}\n        resp = self.client.post(\n            \"/\", data=payload, content_type=\"application/json\"\n        )\n        assert resp.status_code == 201\n\n",
  "slicing": [
   "        payload = {\"author\": \"Shaggy\", \"content\": \"Scooby Doo where are you?\"}\n",
   "            \"/\", data=payload, content_type=\"application/json\"\n",
   "            \"/\", data=payload, content_type=\"application/json\"\n",
   "            \"/\", data=payload, content_type=\"application/json\"\n"
  ]
 },
 "28": {
  "name": "resp",
  "type": "UNKNOWN",
  "class": "unknown",
  "approach": "Pysonar2",
  "file_path": "eng-roi-challenge/tweeter/tests.py",
  "lineno": "106",
  "column": "8",
  "context": ", \"content\": \"Scooby Doo where are you?\"}\n        resp = self.client.post(\n            \"/\", data=payload, content_type=\"appli",
  "context_lines": "    def setup(self):\n        self.client = Client()\n\n    def test_tweets_are_created(self):\n        payload = {\"author\": \"Shaggy\", \"content\": \"Scooby Doo where are you?\"}\n        resp = self.client.post(\n            \"/\", data=payload, content_type=\"application/json\"\n        )\n        assert resp.status_code == 201\n\n        db_entries = list(Tweet.objects.all())\n",
  "slicing": [
   "        resp = self.client.post(\n",
   "        assert resp.status_code == 201\n",
   "        assert resp.status_code == 400\n",
   "        assert resp.status_code == 400\n"
  ]
 },
 "29": {
  "name": "db_entries",
  "type": "list",
  "class": "build-in",
  "approach": "annotation",
  "file_path": "eng-roi-challenge/tweeter/tests.py",
  "lineno": "111",
  "column": "8",
  "context": ")\n        assert resp.status_code == 201\n\n        db_entries = list(Tweet.objects.all())\n        assert len(db_entries) == 1\n\n    def test_",
  "context_lines": "        resp = self.client.post(\n            \"/\", data=payload, content_type=\"application/json\"\n        )\n        assert resp.status_code == 201\n\n        db_entries = list(Tweet.objects.all())\n        assert len(db_entries) == 1\n\n    def test_payload_missing_attributes(self):\n        payload = {\"author\": \"Scooby Doo\"}\n        resp = self.client.post(\n",
  "slicing": [
   "        db_entries = list(Tweet.objects.all())\n",
   "        assert len(db_entries) == 1\n"
  ]
 },
 "30": {
  "name": "payload",
  "type": "dict",
  "class": "build-in",
  "approach": "annotation",
  "file_path": "eng-roi-challenge/tweeter/tests.py",
  "lineno": "115",
  "column": "8",
  "context": "ef test_payload_missing_attributes(self):\n        payload = {\"author\": \"Scooby Doo\"}\n        resp = self.client.post(\n            \"/\", ",
  "context_lines": "        assert resp.status_code == 201\n\n        db_entries = list(Tweet.objects.all())\n        assert len(db_entries) == 1\n\n    def test_payload_missing_attributes(self):\n        payload = {\"author\": \"Scooby Doo\"}\n        resp = self.client.post(\n            \"/\", data=payload, content_type=\"application/json\"\n        )\n        assert resp.status_code == 400\n\n",
  "slicing": [
   "        payload = {\"author\": \"Scooby Doo\"}\n",
   "            \"/\", data=payload, content_type=\"application/json\"\n",
   "            \"/\", data=payload, content_type=\"application/json\"\n"
  ]
 },
 "31": {
  "name": "resp",
  "type": "UNKNOWN",
  "class": "unknown",
  "approach": "Pysonar2",
  "file_path": "eng-roi-challenge/tweeter/tests.py",
  "lineno": "116",
  "column": "8",
  "context": "       payload = {\"author\": \"Scooby Doo\"}\n        resp = self.client.post(\n            \"/\", data=payload, content_type=\"appli",
  "context_lines": "        db_entries = list(Tweet.objects.all())\n        assert len(db_entries) == 1\n\n    def test_payload_missing_attributes(self):\n        payload = {\"author\": \"Scooby Doo\"}\n        resp = self.client.post(\n            \"/\", data=payload, content_type=\"application/json\"\n        )\n        assert resp.status_code == 400\n\n    def test_malformed_payload(self):\n",
  "slicing": [
   "        resp = self.client.post(\n",
   "        assert resp.status_code == 400\n",
   "        assert resp.status_code == 400\n"
  ]
 },
 "32": {
  "name": "payload",
  "type": "list",
  "class": "build-in",
  "approach": "annotation",
  "file_path": "eng-roi-challenge/tweeter/tests.py",
  "lineno": "122",
  "column": "8",
  "context": "00\n\n    def test_malformed_payload(self):\n        payload = [\"this\", \"is\", \"sparta\"]\n        resp = self.client.post(\n            \"/\", ",
  "context_lines": "            \"/\", data=payload, content_type=\"application/json\"\n        )\n        assert resp.status_code == 400\n\n    def test_malformed_payload(self):\n        payload = [\"this\", \"is\", \"sparta\"]\n        resp = self.client.post(\n            \"/\", data=payload, content_type=\"application/json\"\n        )\n",
  "slicing": [
   "        payload = [\"this\", \"is\", \"sparta\"]\n",
   "            \"/\", data=payload, content_type=\"application/json\"\n"
  ]
 },
 "33": {
  "name": "resp",
  "type": "UNKNOWN",
  "class": "unknown",
  "approach": "Pysonar2",
  "file_path": "eng-roi-challenge/tweeter/tests.py",
  "lineno": "123",
  "column": "8",
  "context": "       payload = [\"this\", \"is\", \"sparta\"]\n        resp = self.client.post(\n            \"/\", data=payload, content_type=\"appli",
  "context_lines": "        )\n        assert resp.status_code == 400\n\n    def test_malformed_payload(self):\n        payload = [\"this\", \"is\", \"sparta\"]\n        resp = self.client.post(\n            \"/\", data=payload, content_type=\"application/json\"\n        )\n",
  "slicing": [
   "        resp = self.client.post(\n",
   "        assert resp.status_code == 400\n"
  ]
 },
 "34": {
  "name": "name",
  "type": "str",
  "class": "build-in",
  "approach": "Pysonar2",
  "file_path": "eng-roi-challenge/tweeter/apps.py",
  "lineno": "5",
  "column": "4",
  "context": "t AppConfig\n\n\nclass TweeterConfig(AppConfig):\n    name = 'tweeter'\n",
  "context_lines": "from django.apps import AppConfig\n\n\nclass TweeterConfig(AppConfig):\n    name = 'tweeter'\n",
  "slicing": "    name = 'tweeter'\n"
 },
 "35": {
  "name": "urlpatterns",
  "type": "list",
  "class": "build-in",
  "approach": "annotation",
  "file_path": "eng-roi-challenge/tweeter/urls.py",
  "lineno": "4",
  "column": "0",
  "context": "from django.urls import path\nfrom . import views\n\nurlpatterns = [path(\"\", views.handle_root, name=\"handle_root\")]\n",
  "context_lines": "from django.urls import path\nfrom . import views\n\nurlpatterns = [path(\"\", views.handle_root, name=\"handle_root\")]\n",
  "slicing": "urlpatterns = [path(\"\", views.handle_root, name=\"handle_root\")]\n"
 },
 "36": {
  "name": "initial",
  "type": "bool",
  "class": "build-in",
  "approach": "annotation",
  "file_path": "eng-roi-challenge/tweeter/migrations/0001_initial.py",
  "lineno": "8",
  "column": "4",
  "context": "els\n\n\nclass Migration(migrations.Migration):\n\n    initial = True\n\n    dependencies = [\n    ]\n\n    operations = [\n  ",
  "context_lines": "# Generated by Django 2.1.1 on 2018-09-19 22:23\n\nfrom django.db import migrations, models\n\n\nclass Migration(migrations.Migration):\n\n    initial = True\n\n    dependencies = [\n    ]\n\n    operations = [\n",
  "slicing": "    initial = True\n"
 },
 "37": {
  "name": "dependencies",
  "type": "list",
  "class": "build-in",
  "approach": "annotation",
  "file_path": "eng-roi-challenge/tweeter/migrations/0001_initial.py",
  "lineno": "10",
  "column": "4",
  "context": "n(migrations.Migration):\n\n    initial = True\n\n    dependencies = [\n    ]\n\n    operations = [\n        migrations.Creat",
  "context_lines": "# Generated by Django 2.1.1 on 2018-09-19 22:23\n\nfrom django.db import migrations, models\n\n\nclass Migration(migrations.Migration):\n\n    initial = True\n\n    dependencies = [\n    ]\n\n    operations = [\n        migrations.CreateModel(\n            name='Tweet',\n",
  "slicing": "    dependencies = [\n"
 },
 "38": {
  "name": "operations",
  "type": "list",
  "class": "build-in",
  "approach": "annotation",
  "file_path": "eng-roi-challenge/tweeter/migrations/0001_initial.py",
  "lineno": "13",
  "column": "4",
  "context": "  initial = True\n\n    dependencies = [\n    ]\n\n    operations = [\n        migrations.CreateModel(\n            name='",
  "context_lines": "class Migration(migrations.Migration):\n\n    initial = True\n\n    dependencies = [\n    ]\n\n    operations = [\n        migrations.CreateModel(\n            name='Tweet',\n            fields=[\n                ('id', models.AutoField(auto_created=True, primary_key=True, serialize=False, verbose_name='ID')),\n",
  "slicing": "    operations = [\n"
 },
 "39": {
  "name": "application",
  "type": "django.core.wsgi.get_wsgi_application",
  "class": "imported",
  "approach": "annotation",
  "file_path": "eng-roi-challenge/poor_tweeter/wsgi.py",
  "lineno": "16",
  "column": "0",
  "context": "JANGO_SETTINGS_MODULE', 'poor_tweeter.settings')\n\napplication = get_wsgi_application()\n",
  "context_lines": "\"\"\"\n\nimport os\n\nfrom django.core.wsgi import get_wsgi_application\n\nos.environ.setdefault('DJANGO_SETTINGS_MODULE', 'poor_tweeter.settings')\n\napplication = get_wsgi_application()\n",
  "slicing": "application = get_wsgi_application()\n"
 },
 "40": {
  "name": "urlpatterns",
  "type": "list",
  "class": "build-in",
  "approach": "annotation",
  "file_path": "eng-roi-challenge/poor_tweeter/urls.py",
  "lineno": "19",
  "column": "0",
  "context": "port admin\nfrom django.urls import path, include\n\nurlpatterns = [\n    path(\"admin/\", admin.site.urls),\n    path(\"\", ",
  "context_lines": "    2. Add a URL to urlpatterns:  path('blog/', include('blog.urls'))\n\"\"\"\nfrom django.contrib import admin\nfrom django.urls import path, include\n\nurlpatterns = [\n    path(\"admin/\", admin.site.urls),\n    path(\"\", include(\"tweeter.urls\")),\n]\n",
  "slicing": "urlpatterns = [\n"
 },
 "41": {
  "name": "BASE_DIR",
  "type": "str",
  "class": "build-in",
  "approach": "Pysonar2",
  "file_path": "eng-roi-challenge/poor_tweeter/settings.py",
  "lineno": "16",
  "column": "0",
  "context": "he project like this: os.path.join(BASE_DIR, ...)\nBASE_DIR = os.path.dirname(os.path.dirname(os.path.abspath(__file__)))\n\n\n# Quick-start development settings - unsuitable ",
  "context_lines": "https://docs.djangoproject.com/en/2.1/ref/settings/\n\"\"\"\n\nimport os\n\n# Build paths inside the project like this: os.path.join(BASE_DIR, ...)\nBASE_DIR = os.path.dirname(os.path.dirname(os.path.abspath(__file__)))\n\n\n# Quick-start development settings - unsuitable for production\n# See https://docs.djangoproject.com/en/2.1/howto/deployment/checklist/\n\n# SECURITY WARNING: keep the secret key used in production secret!\n",
  "slicing": [
   "BASE_DIR = os.path.dirname(os.path.dirname(os.path.abspath(__file__)))\n",
   "        \"NAME\": os.path.join(BASE_DIR, \"db.sqlite3\"),\n"
  ]
 },
 "42": {
  "name": "SECRET_KEY",
  "type": "str",
  "class": "build-in",
  "approach": "Pysonar2",
  "file_path": "eng-roi-challenge/poor_tweeter/settings.py",
  "lineno": "23",
  "column": "0",
  "context": "G: keep the secret key used in production secret!\nSECRET_KEY = \"0t=smvizxzg-__$ymzh&0rxit3r_cxg6simeb&lq451y3=b2so\"\n\n# SECURITY WARNING: don't run with debug turned o",
  "context_lines": "BASE_DIR = os.path.dirname(os.path.dirname(os.path.abspath(__file__)))\n\n\n# Quick-start development settings - unsuitable for production\n# See https://docs.djangoproject.com/en/2.1/howto/deployment/checklist/\n\n# SECURITY WARNING: keep the secret key used in production secret!\nSECRET_KEY = \"0t=smvizxzg-__$ymzh&0rxit3r_cxg6simeb&lq451y3=b2so\"\n\n# SECURITY WARNING: don't run with debug turned on in production!\nDEBUG = True\n\nALLOWED_HOSTS = []\n\n\n",
  "slicing": "SECRET_KEY = \"0t=smvizxzg-__$ymzh&0rxit3r_cxg6simeb&lq451y3=b2so\"\n"
 },
 "43": {
  "name": "DEBUG",
  "type": "bool",
  "class": "build-in",
  "approach": "annotation",
  "file_path": "eng-roi-challenge/poor_tweeter/settings.py",
  "lineno": "26",
  "column": "0",
  "context": "NG: don't run with debug turned on in production!\nDEBUG = True\n\nALLOWED_HOSTS = []\n\n\n# Application definition\n\nIN",
  "context_lines": "# See https://docs.djangoproject.com/en/2.1/howto/deployment/checklist/\n\n# SECURITY WARNING: keep the secret key used in production secret!\nSECRET_KEY = \"0t=smvizxzg-__$ymzh&0rxit3r_cxg6simeb&lq451y3=b2so\"\n\n# SECURITY WARNING: don't run with debug turned on in production!\nDEBUG = True\n\nALLOWED_HOSTS = []\n\n\n# Application definition\n\nINSTALLED_APPS = [\n",
  "slicing": "DEBUG = True\n"
 },
 "44": {
  "name": "ALLOWED_HOSTS",
  "type": "list",
  "class": "build-in",
  "approach": "annotation",
  "file_path": "eng-roi-challenge/poor_tweeter/settings.py",
  "lineno": "28",
  "column": "0",
  "context": "with debug turned on in production!\nDEBUG = True\n\nALLOWED_HOSTS = []\n\n\n# Application definition\n\nINSTALLED_APPS = [\n   ",
  "context_lines": "# SECURITY WARNING: keep the secret key used in production secret!\nSECRET_KEY = \"0t=smvizxzg-__$ymzh&0rxit3r_cxg6simeb&lq451y3=b2so\"\n\n# SECURITY WARNING: don't run with debug turned on in production!\nDEBUG = True\n\nALLOWED_HOSTS = []\n\n\n# Application definition\n\nINSTALLED_APPS = [\n    \"tweeter.apps.TweeterConfig\",\n",
  "slicing": "ALLOWED_HOSTS = []\n"
 },
 "45": {
  "name": "INSTALLED_APPS",
  "type": "list",
  "class": "build-in",
  "approach": "annotation",
  "file_path": "eng-roi-challenge/poor_tweeter/settings.py",
  "lineno": "33",
  "column": "0",
  "context": "e\n\nALLOWED_HOSTS = []\n\n\n# Application definition\n\nINSTALLED_APPS = [\n    \"tweeter.apps.TweeterConfig\",\n    \"django.cont",
  "context_lines": "# SECURITY WARNING: don't run with debug turned on in production!\nDEBUG = True\n\nALLOWED_HOSTS = []\n\n\n# Application definition\n\nINSTALLED_APPS = [\n    \"tweeter.apps.TweeterConfig\",\n    \"django.contrib.admin\",\n    \"django.contrib.auth\",\n    \"django.contrib.contenttypes\",\n",
  "slicing": "INSTALLED_APPS = [\n"
 },
 "46": {
  "name": "MIDDLEWARE",
  "type": "list",
  "class": "build-in",
  "approach": "annotation",
  "file_path": "eng-roi-challenge/poor_tweeter/settings.py",
  "lineno": "43",
  "column": "0",
  "context": "b.messages\",\n    \"django.contrib.staticfiles\",\n]\n\nMIDDLEWARE = [\n    \"django.middleware.security.SecurityMiddleware",
  "context_lines": "    \"django.contrib.sessions\",\n    \"django.contrib.messages\",\n    \"django.contrib.staticfiles\",\n]\n\nMIDDLEWARE = [\n    \"django.middleware.security.SecurityMiddleware\",\n    \"django.contrib.sessions.middleware.SessionMiddleware\",\n    \"django.middleware.common.CommonMiddleware\",\n    # \"django.middleware.csrf.CsrfViewMiddleware\",\n",
  "slicing": "MIDDLEWARE = [\n"
 },
 "47": {
  "name": "ROOT_URLCONF",
  "type": "str",
  "class": "build-in",
  "approach": "Pysonar2",
  "file_path": "eng-roi-challenge/poor_tweeter/settings.py",
  "lineno": "53",
  "column": "0",
  "context": "dleware.clickjacking.XFrameOptionsMiddleware\",\n]\n\nROOT_URLCONF = \"poor_tweeter.urls\"\n\nTEMPLATES = [\n    {\n        \"BACKEND\": \"django.te",
  "context_lines": "    \"django.contrib.auth.middleware.AuthenticationMiddleware\",\n    \"django.contrib.messages.middleware.MessageMiddleware\",\n    \"django.middleware.clickjacking.XFrameOptionsMiddleware\",\n]\n\nROOT_URLCONF = \"poor_tweeter.urls\"\n\nTEMPLATES = [\n    {\n        \"BACKEND\": \"django.template.backends.django.DjangoTemplates\",\n",
  "slicing": "ROOT_URLCONF = \"poor_tweeter.urls\"\n"
 },
 "48": {
  "name": "TEMPLATES",
  "type": "list",
  "class": "build-in",
  "approach": "annotation",
  "file_path": "eng-roi-challenge/poor_tweeter/settings.py",
  "lineno": "55",
  "column": "0",
  "context": "ddleware\",\n]\n\nROOT_URLCONF = \"poor_tweeter.urls\"\n\nTEMPLATES = [\n    {\n        \"BACKEND\": \"django.template.backends",
  "context_lines": "    \"django.contrib.messages.middleware.MessageMiddleware\",\n    \"django.middleware.clickjacking.XFrameOptionsMiddleware\",\n]\n\nROOT_URLCONF = \"poor_tweeter.urls\"\n\nTEMPLATES = [\n    {\n        \"BACKEND\": \"django.template.backends.django.DjangoTemplates\",\n        \"DIRS\": [],\n        \"APP_DIRS\": True,\n",
  "slicing": "TEMPLATES = [\n"
 },
 "49": {
  "name": "WSGI_APPLICATION",
  "type": "str",
  "class": "build-in",
  "approach": "Pysonar2",
  "file_path": "eng-roi-challenge/poor_tweeter/settings.py",
  "lineno": "71",
  "column": "0",
  "context": "sors.messages\",\n            ]\n        },\n    }\n]\n\nWSGI_APPLICATION = \"poor_tweeter.wsgi.application\"\n\n\n# Database\n# https://docs.djangoproject.com/en/2",
  "context_lines": "            ]\n        },\n    }\n]\n\nWSGI_APPLICATION = \"poor_tweeter.wsgi.application\"\n\n\n# Database\n# https://docs.djangoproject.com/en/2.1/ref/settings/#databases\n\nDATABASES = {\n",
  "slicing": "WSGI_APPLICATION = \"poor_tweeter.wsgi.application\"\n"
 },
 "50": {
  "name": "DATABASES",
  "type": "dict",
  "class": "build-in",
  "approach": "annotation",
  "file_path": "eng-roi-challenge/poor_tweeter/settings.py",
  "lineno": "77",
  "column": "0",
  "context": "djangoproject.com/en/2.1/ref/settings/#databases\n\nDATABASES = {\n    \"default\": {\n        \"ENGINE\": \"django.db.back",
  "context_lines": "]\n\nWSGI_APPLICATION = \"poor_tweeter.wsgi.application\"\n\n\n# Database\n# https://docs.djangoproject.com/en/2.1/ref/settings/#databases\n\nDATABASES = {\n    \"default\": {\n        \"ENGINE\": \"django.db.backends.sqlite3\",\n        \"NAME\": os.path.join(BASE_DIR, \"db.sqlite3\"),\n    }\n",
  "slicing": "DATABASES = {\n"
 },
 "51": {
  "name": "AUTH_PASSWORD_VALIDATORS",
  "type": "list",
  "class": "build-in",
  "approach": "annotation",
  "file_path": "eng-roi-challenge/poor_tweeter/settings.py",
  "lineno": "88",
  "column": "0",
  "context": "om/en/2.1/ref/settings/#auth-password-validators\n\nAUTH_PASSWORD_VALIDATORS = [\n    {\n        \"NAME\": \"django.contrib.auth.passwor",
  "context_lines": "    }\n}\n\n\n# Password validation\n# https://docs.djangoproject.com/en/2.1/ref/settings/#auth-password-validators\n\nAUTH_PASSWORD_VALIDATORS = [\n    {\n        \"NAME\": \"django.contrib.auth.password_validation.UserAttributeSimilarityValidator\"\n    },\n    {\"NAME\": \"django.contrib.auth.password_validation.MinimumLengthValidator\"},\n",
  "slicing": "AUTH_PASSWORD_VALIDATORS = [\n"
 },
 "52": {
  "name": "LANGUAGE_CODE",
  "type": "str",
  "class": "build-in",
  "approach": "Pysonar2",
  "file_path": "eng-roi-challenge/poor_tweeter/settings.py",
  "lineno": "103",
  "column": "0",
  "context": "tps://docs.djangoproject.com/en/2.1/topics/i18n/\n\nLANGUAGE_CODE = \"en-us\"\n\nTIME_ZONE = \"UTC\"\n\nUSE_I18N = True\n\nUSE_L10N = Tr",
  "context_lines": "    },\n]\n\n\n# Internationalization\n# https://docs.djangoproject.com/en/2.1/topics/i18n/\n\nLANGUAGE_CODE = \"en-us\"\n\nTIME_ZONE = \"UTC\"\n\nUSE_I18N = True\n\nUSE_L10N = True\n\n",
  "slicing": "LANGUAGE_CODE = \"en-us\"\n"
 },
 "53": {
  "name": "TIME_ZONE",
  "type": "str",
  "class": "build-in",
  "approach": "Pysonar2",
  "file_path": "eng-roi-challenge/poor_tweeter/settings.py",
  "lineno": "105",
  "column": "0",
  "context": "com/en/2.1/topics/i18n/\n\nLANGUAGE_CODE = \"en-us\"\n\nTIME_ZONE = \"UTC\"\n\nUSE_I18N = True\n\nUSE_L10N = True\n\nUSE_TZ = True\n\n",
  "context_lines": "]\n\n\n# Internationalization\n# https://docs.djangoproject.com/en/2.1/topics/i18n/\n\nLANGUAGE_CODE = \"en-us\"\n\nTIME_ZONE = \"UTC\"\n\nUSE_I18N = True\n\nUSE_L10N = True\n\nUSE_TZ = True\n\n\n",
  "slicing": "TIME_ZONE = \"UTC\"\n"
 },
 "54": {
  "name": "USE_I18N",
  "type": "bool",
  "class": "build-in",
  "approach": "annotation",
  "file_path": "eng-roi-challenge/poor_tweeter/settings.py",
  "lineno": "107",
  "column": "0",
  "context": "18n/\n\nLANGUAGE_CODE = \"en-us\"\n\nTIME_ZONE = \"UTC\"\n\nUSE_I18N = True\n\nUSE_L10N = True\n\nUSE_TZ = True\n\n\n# Static files (",
  "context_lines": "# Internationalization\n# https://docs.djangoproject.com/en/2.1/topics/i18n/\n\nLANGUAGE_CODE = \"en-us\"\n\nTIME_ZONE = \"UTC\"\n\nUSE_I18N = True\n\nUSE_L10N = True\n\nUSE_TZ = True\n\n\n# Static files (CSS, JavaScript, Images)\n",
  "slicing": "USE_I18N = True\n"
 },
 "55": {
  "name": "USE_L10N",
  "type": "bool",
  "class": "build-in",
  "approach": "annotation",
  "file_path": "eng-roi-challenge/poor_tweeter/settings.py",
  "lineno": "109",
  "column": "0",
  "context": "DE = \"en-us\"\n\nTIME_ZONE = \"UTC\"\n\nUSE_I18N = True\n\nUSE_L10N = True\n\nUSE_TZ = True\n\n\n# Static files (CSS, JavaScript, ",
  "context_lines": "# https://docs.djangoproject.com/en/2.1/topics/i18n/\n\nLANGUAGE_CODE = \"en-us\"\n\nTIME_ZONE = \"UTC\"\n\nUSE_I18N = True\n\nUSE_L10N = True\n\nUSE_TZ = True\n\n\n# Static files (CSS, JavaScript, Images)\n# https://docs.djangoproject.com/en/2.1/howto/static-files/\n\n",
  "slicing": "USE_L10N = True\n"
 },
 "56": {
  "name": "USE_TZ",
  "type": "bool",
  "class": "build-in",
  "approach": "annotation",
  "file_path": "eng-roi-challenge/poor_tweeter/settings.py",
  "lineno": "111",
  "column": "0",
  "context": "E_ZONE = \"UTC\"\n\nUSE_I18N = True\n\nUSE_L10N = True\n\nUSE_TZ = True\n\n\n# Static files (CSS, JavaScript, Images)\n# https",
  "context_lines": "LANGUAGE_CODE = \"en-us\"\n\nTIME_ZONE = \"UTC\"\n\nUSE_I18N = True\n\nUSE_L10N = True\n\nUSE_TZ = True\n\n\n# Static files (CSS, JavaScript, Images)\n# https://docs.djangoproject.com/en/2.1/howto/static-files/\n\nSTATIC_URL = \"/static/\"\n",
  "slicing": "USE_TZ = True\n"
 },
 "57": {
  "name": "STATIC_URL",
  "type": "str",
  "class": "build-in",
  "approach": "Pysonar2",
  "file_path": "eng-roi-challenge/poor_tweeter/settings.py",
  "lineno": "117",
  "column": "0",
  "context": "ocs.djangoproject.com/en/2.1/howto/static-files/\n\nSTATIC_URL = \"/static/\"\n\n",
  "context_lines": "USE_L10N = True\n\nUSE_TZ = True\n\n\n# Static files (CSS, JavaScript, Images)\n# https://docs.djangoproject.com/en/2.1/howto/static-files/\n\nSTATIC_URL = \"/static/\"\n",
  "slicing": "STATIC_URL = \"/static/\"\n"
 },
 "58": {
  "name": "request",
  "type": "UNKNOWN",
  "class": "unknown",
  "approach": "Pysonar2",
  "file_path": "eng-roi-challenge/tweeter/views.py",
  "lineno": "18",
  "column": "16",
  "context": "equest's method and Content-Type.\ndef handle_root(request):\n    if request.method == \"POST\":\n        return ha",
  "context_lines": "# The challenge's documentation states that all the functionality\n# should be served by the '/' endpoint. So we'll use this\n# proto-handler to pass requests to 3 handlers, based on the\n# request's method and Content-Type.\ndef handle_root(request):\n    if request.method == \"POST\":\n        return handle_post_tweet(request)\n\n    accept = request.META.get(\"HTTP_ACCEPT\")\n    if \"text/html\" in accept:\n",
  "slicing": "def handle_root(request):\n"
 },
 "59": {
  "name": "request",
  "type": "UNKNOWN",
  "class": "unknown",
  "approach": "Pysonar2",
  "file_path": "eng-roi-challenge/tweeter/views.py",
  "lineno": "28",
  "column": "26",
  "context": "e_get_tweets(request)\n\n\ndef handle_render_landing(request):\n    \"\"\"\n    Renders the website's landing page\n   ",
  "context_lines": "    accept = request.META.get(\"HTTP_ACCEPT\")\n    if \"text/html\" in accept:\n        return handle_render_landing(request)\n    return handle_get_tweets(request)\n\n\ndef handle_render_landing(request):\n    \"\"\"\n    Renders the website's landing page\n    \"\"\"\n    return render(request, \"tweeter/index.html\")\n\n\n",
  "slicing": "def handle_render_landing(request):\n"
 },
 "60": {
  "name": "request",
  "type": "UNKNOWN",
  "class": "unknown",
  "approach": "Pysonar2",
  "file_path": "eng-roi-challenge/tweeter/views.py",
  "lineno": "35",
  "column": "22",
  "context": "st, \"tweeter/index.html\")\n\n\ndef handle_get_tweets(request):\n    \"\"\"\n    Returns a list of the existing Tweets,",
  "context_lines": "    \"\"\"\n    Renders the website's landing page\n    \"\"\"\n    return render(request, \"tweeter/index.html\")\n\n\ndef handle_get_tweets(request):\n    \"\"\"\n    Returns a list of the existing Tweets, as JSON.\n    \"\"\"\n    tweets = Tweet.objects.order_by(\"-created_on\")\n",
  "slicing": "def handle_get_tweets(request):\n"
 },
 "61": {
  "name": "request",
  "type": "UNKNOWN",
  "class": "unknown",
  "approach": "Pysonar2",
  "file_path": "eng-roi-challenge/tweeter/views.py",
  "lineno": "44",
  "column": "22",
  "context": "ialized.data, safe=False)\n\n\ndef handle_post_tweet(request):\n    \"\"\"\n    Deals with creating new Tweets\n    \"\"\"",
  "context_lines": "    \"\"\"\n    tweets = Tweet.objects.order_by(\"-created_on\")\n    serialized = TweetSchema(tweets, many=True)\n    return JsonResponse(serialized.data, safe=False)\n\n\ndef handle_post_tweet(request):\n    \"\"\"\n    Deals with creating new Tweets\n    \"\"\"\n    payload = BytesIO(request.body)\n",
  "slicing": "def handle_post_tweet(request):\n"
 },
 "62": {
  "name": "mocked_post_tweet",
  "type": "UNKNOWN",
  "class": "unknown",
  "approach": "Pysonar2",
  "file_path": "eng-roi-challenge/tweeter/tests.py",
  "lineno": "26",
  "column": "14",
  "context": "Client()\n\n    def test_accept_html(\n        self, mocked_post_tweet, mocked_get_tweets, mocked_render\n    ):\n        mocked_render.return_value = HttpRe",
  "context_lines": "class TestHandleRoot(TestCase):\n    def setup(self, *_):\n        self.client = Client()\n\n    def test_accept_html(\n        self, mocked_post_tweet, mocked_get_tweets, mocked_render\n    ):\n        mocked_render.return_value = HttpResponse()\n\n        header = {\"HTTP_ACCEPT\": \"text/html\"}\n        self.client.get(\"/\", **header)\n",
  "slicing": "        self, mocked_post_tweet, mocked_get_tweets, mocked_render\n"
 },
 "63": {
  "name": "mocked_get_tweets",
  "type": "UNKNOWN",
  "class": "unknown",
  "approach": "Pysonar2",
  "file_path": "eng-roi-challenge/tweeter/tests.py",
  "lineno": "26",
  "column": "33",
  "context": "est_accept_html(\n        self, mocked_post_tweet, mocked_get_tweets, mocked_render\n    ):\n        mocked_render.return_value = HttpRe",
  "context_lines": "class TestHandleRoot(TestCase):\n    def setup(self, *_):\n        self.client = Client()\n\n    def test_accept_html(\n        self, mocked_post_tweet, mocked_get_tweets, mocked_render\n    ):\n        mocked_render.return_value = HttpResponse()\n\n        header = {\"HTTP_ACCEPT\": \"text/html\"}\n        self.client.get(\"/\", **header)\n",
  "slicing": "        self, mocked_post_tweet, mocked_get_tweets, mocked_render\n"
 },
 "64": {
  "name": "mocked_render",
  "type": "UNKNOWN",
  "class": "unknown",
  "approach": "Pysonar2",
  "file_path": "eng-roi-challenge/tweeter/tests.py",
  "lineno": "26",
  "column": "52",
  "context": "      self, mocked_post_tweet, mocked_get_tweets, mocked_render\n    ):\n        mocked_render.return_value = HttpRe",
  "context_lines": "class TestHandleRoot(TestCase):\n    def setup(self, *_):\n        self.client = Client()\n\n    def test_accept_html(\n        self, mocked_post_tweet, mocked_get_tweets, mocked_render\n    ):\n        mocked_render.return_value = HttpResponse()\n\n        header = {\"HTTP_ACCEPT\": \"text/html\"}\n        self.client.get(\"/\", **header)\n",
  "slicing": "        self, mocked_post_tweet, mocked_get_tweets, mocked_render\n"
 },
 "65": {
  "name": "mocked_post_tweet",
  "type": "UNKNOWN",
  "class": "unknown",
  "approach": "Pysonar2",
  "file_path": "eng-roi-challenge/tweeter/tests.py",
  "lineno": "37",
  "column": "14",
  "context": "r.called\n\n    def test_accept_json(\n        self, mocked_post_tweet, mocked_get_tweets, mocked_render\n    ):\n        mocked_get_tweets.return_value = Ht",
  "context_lines": "        assert not mocked_post_tweet.called\n        assert not mocked_get_tweets.called\n        assert mocked_render.called\n\n    def test_accept_json(\n        self, mocked_post_tweet, mocked_get_tweets, mocked_render\n    ):\n        mocked_get_tweets.return_value = HttpResponse()\n\n        header = {\"HTTP_ACCEPT\": \"application/json\"}\n        self.client.get(\"/\", **header)\n",
  "slicing": "        self, mocked_post_tweet, mocked_get_tweets, mocked_render\n"
 },
 "66": {
  "name": "mocked_get_tweets",
  "type": "UNKNOWN",
  "class": "unknown",
  "approach": "Pysonar2",
  "file_path": "eng-roi-challenge/tweeter/tests.py",
  "lineno": "37",
  "column": "33",
  "context": "est_accept_json(\n        self, mocked_post_tweet, mocked_get_tweets, mocked_render\n    ):\n        mocked_get_tweets.return_value = Ht",
  "context_lines": "        assert not mocked_post_tweet.called\n        assert not mocked_get_tweets.called\n        assert mocked_render.called\n\n    def test_accept_json(\n        self, mocked_post_tweet, mocked_get_tweets, mocked_render\n    ):\n        mocked_get_tweets.return_value = HttpResponse()\n\n        header = {\"HTTP_ACCEPT\": \"application/json\"}\n        self.client.get(\"/\", **header)\n",
  "slicing": "        self, mocked_post_tweet, mocked_get_tweets, mocked_render\n"
 },
 "67": {
  "name": "mocked_render",
  "type": "UNKNOWN",
  "class": "unknown",
  "approach": "Pysonar2",
  "file_path": "eng-roi-challenge/tweeter/tests.py",
  "lineno": "37",
  "column": "52",
  "context": "      self, mocked_post_tweet, mocked_get_tweets, mocked_render\n    ):\n        mocked_get_tweets.return_value = Ht",
  "context_lines": "        assert not mocked_post_tweet.called\n        assert not mocked_get_tweets.called\n        assert mocked_render.called\n\n    def test_accept_json(\n        self, mocked_post_tweet, mocked_get_tweets, mocked_render\n    ):\n        mocked_get_tweets.return_value = HttpResponse()\n\n        header = {\"HTTP_ACCEPT\": \"application/json\"}\n        self.client.get(\"/\", **header)\n",
  "slicing": "        self, mocked_post_tweet, mocked_get_tweets, mocked_render\n"
 },
 "68": {
  "name": "mocked_post_tweet",
  "type": "UNKNOWN",
  "class": "unknown",
  "approach": "Pysonar2",
  "file_path": "eng-roi-challenge/tweeter/tests.py",
  "lineno": "47",
  "column": "24",
  "context": "not mocked_render.called\n\n    def test_post(self, mocked_post_tweet, mocked_get_tweets, mocked_render):\n        mocked_post_tweet.return_value = HttpRespo",
  "context_lines": "        self.client.get(\"/\", **header)\n        assert not mocked_post_tweet.called\n        assert mocked_get_tweets.called\n        assert not mocked_render.called\n\n    def test_post(self, mocked_post_tweet, mocked_get_tweets, mocked_render):\n        mocked_post_tweet.return_value = HttpResponse()\n\n        self.client.post(\"/\")\n        assert mocked_post_tweet.called\n        assert not mocked_get_tweets.called\n",
  "slicing": "    def test_post(self, mocked_post_tweet, mocked_get_tweets, mocked_render):\n"
 },
 "69": {
  "name": "mocked_get_tweets",
  "type": "UNKNOWN",
  "class": "unknown",
  "approach": "Pysonar2",
  "file_path": "eng-roi-challenge/tweeter/tests.py",
  "lineno": "47",
  "column": "43",
  "context": "alled\n\n    def test_post(self, mocked_post_tweet, mocked_get_tweets, mocked_render):\n        mocked_post_tweet.return_value = HttpRespo",
  "context_lines": "        self.client.get(\"/\", **header)\n        assert not mocked_post_tweet.called\n        assert mocked_get_tweets.called\n        assert not mocked_render.called\n\n    def test_post(self, mocked_post_tweet, mocked_get_tweets, mocked_render):\n        mocked_post_tweet.return_value = HttpResponse()\n\n        self.client.post(\"/\")\n        assert mocked_post_tweet.called\n        assert not mocked_get_tweets.called\n",
  "slicing": "    def test_post(self, mocked_post_tweet, mocked_get_tweets, mocked_render):\n"
 },
 "70": {
  "name": "mocked_render",
  "type": "UNKNOWN",
  "class": "unknown",
  "approach": "Pysonar2",
  "file_path": "eng-roi-challenge/tweeter/tests.py",
  "lineno": "47",
  "column": "62",
  "context": "_post(self, mocked_post_tweet, mocked_get_tweets, mocked_render):\n        mocked_post_tweet.return_value = HttpRespo",
  "context_lines": "        self.client.get(\"/\", **header)\n        assert not mocked_post_tweet.called\n        assert mocked_get_tweets.called\n        assert not mocked_render.called\n\n    def test_post(self, mocked_post_tweet, mocked_get_tweets, mocked_render):\n        mocked_post_tweet.return_value = HttpResponse()\n\n        self.client.post(\"/\")\n        assert mocked_post_tweet.called\n        assert not mocked_get_tweets.called\n",
  "slicing": "    def test_post(self, mocked_post_tweet, mocked_get_tweets, mocked_render):\n"
 }
}