{
 "1": {
  "name": "DB_TYPE",
  "type": "str",
  "class": "build-in",
  "approach": "annotation",
  "file_path": "ennead/ennead/config.py",
  "lineno": "22",
  "column": "4",
  "context": "t: code for new teacher registration\n    \"\"\"\n\n    DB_TYPE: str = 'sqlite'\n    DB_NAME: str = ':memory:'\n    DB_PARAMS: Dict[",
  "context_lines": "    db_name: database name\n    db_params: additional parameters for passing to peewee\n    teacher_secret: code for new teacher registration\n    \"\"\"\n\n    DB_TYPE: str = 'sqlite'\n    DB_NAME: str = ':memory:'\n    DB_PARAMS: Dict[str, Union[str, int, None]] = field(default_factory=dict)\n    TEACHER_SECRET: str = 'muchsecret'\n    SECRET_KEY: str = 'boomboomboom'  # For Flask\n",
  "slicing": "    DB_TYPE: str = 'sqlite'\n"
 },
 "2": {
  "name": "DB_NAME",
  "type": "str",
  "class": "build-in",
  "approach": "annotation",
  "file_path": "ennead/ennead/config.py",
  "lineno": "23",
  "column": "4",
  "context": "stration\n    \"\"\"\n\n    DB_TYPE: str = 'sqlite'\n    DB_NAME: str = ':memory:'\n    DB_PARAMS: Dict[str, Union[str, int, None]] = ",
  "context_lines": "    db_params: additional parameters for passing to peewee\n    teacher_secret: code for new teacher registration\n    \"\"\"\n\n    DB_TYPE: str = 'sqlite'\n    DB_NAME: str = ':memory:'\n    DB_PARAMS: Dict[str, Union[str, int, None]] = field(default_factory=dict)\n    TEACHER_SECRET: str = 'muchsecret'\n    SECRET_KEY: str = 'boomboomboom'  # For Flask\n    UPLOAD_DIR: str = '/tmp/ennead'\n\n",
  "slicing": "    DB_NAME: str = ':memory:'\n"
 },
 "3": {
  "name": "DB_PARAMS",
  "type": "dict",
  "class": "build-in",
  "approach": "annotation",
  "file_path": "ennead/ennead/config.py",
  "lineno": "24",
  "column": "4",
  "context": " str = 'sqlite'\n    DB_NAME: str = ':memory:'\n    DB_PARAMS: Dict[str, Union[str, int, None]] = field(default_factory=dict)\n    TEACHER_SECRET: str = 'muchsecret'\n    SECRET_",
  "context_lines": "    teacher_secret: code for new teacher registration\n    \"\"\"\n\n    DB_TYPE: str = 'sqlite'\n    DB_NAME: str = ':memory:'\n    DB_PARAMS: Dict[str, Union[str, int, None]] = field(default_factory=dict)\n    TEACHER_SECRET: str = 'muchsecret'\n    SECRET_KEY: str = 'boomboomboom'  # For Flask\n    UPLOAD_DIR: str = '/tmp/ennead'\n\n    @classmethod\n",
  "slicing": "    DB_PARAMS: Dict[str, Union[str, int, None]] = field(default_factory=dict)\n"
 },
 "4": {
  "name": "TEACHER_SECRET",
  "type": "str",
  "class": "build-in",
  "approach": "annotation",
  "file_path": "ennead/ennead/config.py",
  "lineno": "25",
  "column": "4",
  "context": "tr, int, None]] = field(default_factory=dict)\n    TEACHER_SECRET: str = 'muchsecret'\n    SECRET_KEY: str = 'boomboomboom'  # For Flask\n",
  "context_lines": "    \"\"\"\n\n    DB_TYPE: str = 'sqlite'\n    DB_NAME: str = ':memory:'\n    DB_PARAMS: Dict[str, Union[str, int, None]] = field(default_factory=dict)\n    TEACHER_SECRET: str = 'muchsecret'\n    SECRET_KEY: str = 'boomboomboom'  # For Flask\n    UPLOAD_DIR: str = '/tmp/ennead'\n\n    @classmethod\n    def from_filename(cls, filename: str) -> 'Config':\n",
  "slicing": "    TEACHER_SECRET: str = 'muchsecret'\n"
 },
 "5": {
  "name": "SECRET_KEY",
  "type": "str",
  "class": "build-in",
  "approach": "annotation",
  "file_path": "ennead/ennead/config.py",
  "lineno": "26",
  "column": "4",
  "context": "=dict)\n    TEACHER_SECRET: str = 'muchsecret'\n    SECRET_KEY: str = 'boomboomboom'  # For Flask\n    UPLOAD_DIR: str = '/tmp/ennead'\n\n    @classmet",
  "context_lines": "    DB_TYPE: str = 'sqlite'\n    DB_NAME: str = ':memory:'\n    DB_PARAMS: Dict[str, Union[str, int, None]] = field(default_factory=dict)\n    TEACHER_SECRET: str = 'muchsecret'\n    SECRET_KEY: str = 'boomboomboom'  # For Flask\n    UPLOAD_DIR: str = '/tmp/ennead'\n\n    @classmethod\n    def from_filename(cls, filename: str) -> 'Config':\n        \"\"\"Read Config params from JSON file\"\"\"\n\n",
  "slicing": "    SECRET_KEY: str = 'boomboomboom'  # For Flask\n"
 },
 "6": {
  "name": "UPLOAD_DIR",
  "type": "str",
  "class": "build-in",
  "approach": "annotation",
  "file_path": "ennead/ennead/config.py",
  "lineno": "27",
  "column": "4",
  "context": "SECRET_KEY: str = 'boomboomboom'  # For Flask\n    UPLOAD_DIR: str = '/tmp/ennead'\n\n    @classmethod\n    def from_filename(cls, filen",
  "context_lines": "    DB_NAME: str = ':memory:'\n    DB_PARAMS: Dict[str, Union[str, int, None]] = field(default_factory=dict)\n    TEACHER_SECRET: str = 'muchsecret'\n    SECRET_KEY: str = 'boomboomboom'  # For Flask\n    UPLOAD_DIR: str = '/tmp/ennead'\n\n    @classmethod\n    def from_filename(cls, filename: str) -> 'Config':\n        \"\"\"Read Config params from JSON file\"\"\"\n\n",
  "slicing": "    UPLOAD_DIR: str = '/tmp/ennead'\n"
 },
 "7": {
  "name": "result",
  "type": "UNKNOWN",
  "class": "unknown",
  "approach": "annotation",
  "file_path": "ennead/ennead/config.py",
  "lineno": "33",
  "column": "8",
  "context": " \"\"\"Read Config params from JSON file\"\"\"\n\n        result = cls()\n        with open(filename, encoding='utf-8') as c",
  "context_lines": "    UPLOAD_DIR: str = '/tmp/ennead'\n\n    @classmethod\n    def from_filename(cls, filename: str) -> 'Config':\n        \"\"\"Read Config params from JSON file\"\"\"\n\n        result = cls()\n        with open(filename, encoding='utf-8') as config_file:\n            config_data = json.load(config_file)\n            for key, value in config_data.items():\n                setattr(result, key, value)\n",
  "slicing": [
   "        result = cls()\n",
   "                setattr(result, key, value)\n",
   "        return result\n",
   "        for config_field in fields(result):\n",
   "            if config_field.type == str:\n",
   "                    result,\n",
   "                    config_field.name,\n",
   "                    os.environ.get(config_field.name, getattr(cls, config_field.name))\n",
   "            result.DB_TYPE = parsed_url.scheme\n",
   "            result.DB_NAME = parsed_url.path[1:]  # Stripping leading slash\n",
   "            result.DB_PARAMS = {\n",
   "        return result\n"
  ]
 },
 "8": {
  "name": "config_data",
  "type": "UNKNOWN",
  "class": "unknown",
  "approach": "Pysonar2",
  "file_path": "ennead/ennead/config.py",
  "lineno": "35",
  "column": "12",
  "context": "me, encoding='utf-8') as config_file:\n            config_data = json.load(config_file)\n            for key, value in config_data.items():",
  "context_lines": "    def from_filename(cls, filename: str) -> 'Config':\n        \"\"\"Read Config params from JSON file\"\"\"\n\n        result = cls()\n        with open(filename, encoding='utf-8') as config_file:\n            config_data = json.load(config_file)\n            for key, value in config_data.items():\n                setattr(result, key, value)\n        return result\n\n    @classmethod\n",
  "slicing": [
   "            config_data = json.load(config_file)\n",
   "            for key, value in config_data.items():\n",
   "                setattr(result, key, value)\n"
  ]
 },
 "9": {
  "name": "result",
  "type": "UNKNOWN",
  "class": "unknown",
  "approach": "annotation",
  "file_path": "ennead/ennead/config.py",
  "lineno": "44",
  "column": "8",
  "context": "Config params from system environment\"\"\"\n\n        result = cls()\n        for config_field in fields(result):\n      ",
  "context_lines": "        return result\n\n    @classmethod\n    def from_env(cls) -> 'Config':\n        \"\"\"Read Config params from system environment\"\"\"\n\n        result = cls()\n        for config_field in fields(result):\n            # TODO: handling non-str fields\n            if config_field.type == str:\n                setattr(\n",
  "slicing": [
   "        result = cls()\n",
   "        for config_field in fields(result):\n",
   "            if config_field.type == str:\n",
   "                    result,\n",
   "                    config_field.name,\n",
   "                    os.environ.get(config_field.name, getattr(cls, config_field.name))\n",
   "            result.DB_TYPE = parsed_url.scheme\n",
   "            result.DB_NAME = parsed_url.path[1:]  # Stripping leading slash\n",
   "            result.DB_PARAMS = {\n",
   "        return result\n"
  ]
 },
 "10": {
  "name": "parsed_url",
  "type": "urllib.parse.urlparse",
  "class": "imported",
  "approach": "annotation",
  "file_path": "ennead/ennead/config.py",
  "lineno": "54",
  "column": "12",
  "context": "   if os.environ.get('DATABASE_URL'):\n            parsed_url = urlparse(os.environ['DATABASE_URL'])\n            result.DB_TYPE = parsed_url.scheme\n   ",
  "context_lines": "                    config_field.name,\n                    os.environ.get(config_field.name, getattr(cls, config_field.name))\n                )\n        if os.environ.get('DATABASE_URL'):\n            parsed_url = urlparse(os.environ['DATABASE_URL'])\n            result.DB_TYPE = parsed_url.scheme\n            result.DB_NAME = parsed_url.path[1:]  # Stripping leading slash\n            result.DB_PARAMS = {\n                'user': parsed_url.username,\n",
  "slicing": [
   "            parsed_url = urlparse(os.environ['DATABASE_URL'])\n",
   "            result.DB_TYPE = parsed_url.scheme\n",
   "            result.DB_NAME = parsed_url.path[1:]  # Stripping leading slash\n",
   "                'user': parsed_url.username,\n",
   "                'password': parsed_url.password,\n",
   "                'host': parsed_url.hostname,\n",
   "                'port': (int(parsed_url.port) if parsed_url.port else None)\n"
  ]
 },
 "11": {
  "name": "user",
  "type": "UNKNOWN",
  "class": "unknown",
  "approach": "Pysonar2",
  "file_path": "ennead/ennead/app.py",
  "lineno": "28",
  "column": "12",
  "context": "if 'user_id' in session:\n        try:\n            user = User.get(User.id == session['user_id'])\n        except User.DoesNotExist:\n            retu",
  "context_lines": "    \"\"\"Before-request hook injecting user into `flask.g`\"\"\"\n\n    g.user = None\n    if 'user_id' in session:\n        try:\n            user = User.get(User.id == session['user_id'])\n        except User.DoesNotExist:\n            return\n        g.user = user\n\n\ndef create_app(config_path: Optional[str] = None) -> Flask:\n",
  "slicing": [
   "            user = User.get(User.id == session['user_id'])\n",
   "        g.user = user\n"
  ]
 },
 "12": {
  "name": "app",
  "type": "flask.Flask",
  "class": "imported",
  "approach": "annotation",
  "file_path": "ennead/ennead/app.py",
  "lineno": "37",
  "column": "4",
  "context": "k app from JSON config (or with defaults)\"\"\"\n\n    app = Flask(__name__)\n    config = None\n    if config_path:\n        try:",
  "context_lines": "            return\n        g.user = user\n\n\ndef create_app(config_path: Optional[str] = None) -> Flask:\n    \"\"\"Create Flask app from JSON config (or with defaults)\"\"\"\n\n    app = Flask(__name__)\n    config = None\n    if config_path:\n        try:\n            config = Config.from_filename(config_path)\n",
  "slicing": [
   "    app = Flask(__name__)\n",
   "    app.config.from_object(config)\n",
   "    app.before_request(inject_user)\n",
   "    app.add_url_rule('/', 'index', index)\n",
   "    app.add_url_rule('/md', 'render_markdown_endpoint', render_markdown_endpoint, methods=['POST'])\n",
   "    app.add_url_rule('/upload/<path:filename>', 'uploaded_file', uploaded_file)\n",
   "    app.add_url_rule('/upload', 'upload_file', upload_file, methods=['POST'])\n",
   "    app.add_url_rule('/adm/files', 'files_page', files_page)\n",
   "    app.add_url_rule('/register', 'register_page', register_page)\n",
   "    app.add_url_rule('/register', 'register', register, methods=['POST'])\n",
   "    app.add_url_rule('/login', 'login_page', login_page)\n",
   "    app.add_url_rule('/login', 'login', login, methods=['POST'])\n",
   "    app.add_url_rule('/logout', 'logout', logout)\n",
   "    app.add_url_rule('/adm/tasks', 'adm_task_list_page', adm_task_list_page)\n",
   "    app.add_url_rule('/adm/tasks/<int:task_id>', 'task_edit_page', task_edit_page)\n",
   "    app.add_url_rule('/adm/tasks', 'task_edit', task_edit, methods=['POST'])\n",
   "    app.add_url_rule(\n",
   "    return app\n"
  ]
 },
 "13": {
  "name": "config",
  "type": "UNKNOWN",
  "class": "unknown",
  "approach": "annotation",
  "file_path": "ennead/ennead/app.py",
  "lineno": "38",
  "column": "4",
  "context": " with defaults)\"\"\"\n\n    app = Flask(__name__)\n    config = None\n    if config_path:\n        try:\n            confi",
  "context_lines": "        g.user = user\n\n\ndef create_app(config_path: Optional[str] = None) -> Flask:\n    \"\"\"Create Flask app from JSON config (or with defaults)\"\"\"\n\n    app = Flask(__name__)\n    config = None\n    if config_path:\n        try:\n            config = Config.from_filename(config_path)\n        except FileNotFoundError:\n",
  "slicing": [
   "    config = None\n",
   "    if config is None:\n",
   "    app.config.from_object(config)\n",
   "    database.initialize(config.DB_CLASS(config.DB_NAME, **config.DB_PARAMS))\n"
  ]
 },
 "14": {
  "name": "config",
  "type": "UNKNOWN",
  "class": "unknown",
  "approach": "Pysonar2",
  "file_path": "ennead/ennead/app.py",
  "lineno": "45",
  "column": "8",
  "context": ":\n            pass\n    if config is None:\n        config = Config.from_env()\n    app.config.from_object(config)\n\n    database.i",
  "context_lines": "            config = Config.from_filename(config_path)\n        except FileNotFoundError:\n            pass\n    if config is None:\n        config = Config.from_env()\n    app.config.from_object(config)\n\n    database.initialize(config.DB_CLASS(config.DB_NAME, **config.DB_PARAMS))\n    database.create_tables([User, Task, TaskSet, Thread, Post, File])\n\n    app.before_request(inject_user)\n\n",
  "slicing": [
   "        config = Config.from_env()\n",
   "    app.config.from_object(config)\n",
   "    database.initialize(config.DB_CLASS(config.DB_NAME, **config.DB_PARAMS))\n"
  ]
 },
 "15": {
  "name": "config",
  "type": "UNKNOWN",
  "class": "unknown",
  "approach": "Pysonar2",
  "file_path": "ennead/ennead/app.py",
  "lineno": "41",
  "column": "12",
  "context": "None\n    if config_path:\n        try:\n            config = Config.from_filename(config_path)\n        except FileNotFoundError:\n            pass",
  "context_lines": "    app = Flask(__name__)\n    config = None\n    if config_path:\n        try:\n            config = Config.from_filename(config_path)\n        except FileNotFoundError:\n            pass\n    if config is None:\n        config = Config.from_env()\n",
  "slicing": [
   "            config = Config.from_filename(config_path)\n",
   "    if config is None:\n",
   "    app.config.from_object(config)\n",
   "    database.initialize(config.DB_CLASS(config.DB_NAME, **config.DB_PARAMS))\n"
  ]
 },
 "16": {
  "name": "filename",
  "type": "UNKNOWN",
  "class": "unknown",
  "approach": "Pysonar2",
  "file_path": "ennead/ennead/views/file.py",
  "lineno": "23",
  "column": "4",
  "context": "le' not in request.files:\n        abort(400)\n\n    filename = request.files['file'].filename\n    filedata = request.files['file'].read()\n    fi",
  "context_lines": "def upload_file() -> Response:\n    \"\"\"POST /upload: upload a file to server and return it's URL\"\"\"\n\n    if 'file' not in request.files:\n        abort(400)\n\n    filename = request.files['file'].filename\n    filedata = request.files['file'].read()\n    file_model = File.from_data(\n        current_app.config['UPLOAD_DIR'], filename, filedata, g.user\n    )\n\n",
  "slicing": [
   "    filename = request.files['file'].filename\n",
   "        current_app.config['UPLOAD_DIR'], filename, filedata, g.user\n"
  ]
 },
 "17": {
  "name": "filedata",
  "type": "UNKNOWN",
  "class": "unknown",
  "approach": "Pysonar2",
  "file_path": "ennead/ennead/views/file.py",
  "lineno": "24",
  "column": "4",
  "context": "    filename = request.files['file'].filename\n    filedata = request.files['file'].read()\n    file_model = File.from_data(\n        current_a",
  "context_lines": "    \"\"\"POST /upload: upload a file to server and return it's URL\"\"\"\n\n    if 'file' not in request.files:\n        abort(400)\n\n    filename = request.files['file'].filename\n    filedata = request.files['file'].read()\n    file_model = File.from_data(\n        current_app.config['UPLOAD_DIR'], filename, filedata, g.user\n    )\n\n    return Response(f'/upload/{file_model.path}')\n\n\n",
  "slicing": [
   "    filedata = request.files['file'].read()\n",
   "        current_app.config['UPLOAD_DIR'], filename, filedata, g.user\n"
  ]
 },
 "18": {
  "name": "file_model",
  "type": "UNKNOWN",
  "class": "unknown",
  "approach": "Pysonar2",
  "file_path": "ennead/ennead/views/file.py",
  "lineno": "25",
  "column": "4",
  "context": "e\n    filedata = request.files['file'].read()\n    file_model = File.from_data(\n        current_app.config['UPLOAD_DIR'], filename",
  "context_lines": "    if 'file' not in request.files:\n        abort(400)\n\n    filename = request.files['file'].filename\n    filedata = request.files['file'].read()\n    file_model = File.from_data(\n        current_app.config['UPLOAD_DIR'], filename, filedata, g.user\n    )\n\n    return Response(f'/upload/{file_model.path}')\n\n\n@require_teacher\n",
  "slicing": [
   "    file_model = File.from_data(\n",
   "    return Response(f'/upload/{file_model.path}')\n"
  ]
 },
 "19": {
  "name": "task",
  "type": "UNKNOWN",
  "class": "unknown",
  "approach": "Pysonar2",
  "file_path": "ennead/ennead/views/admin.py",
  "lineno": "22",
  "column": "8",
  "context": "ks/<task_id>: task edit page\"\"\"\n\n    try:\n        task = Task.get(Task.id == task_id)\n    except Task.DoesNotExist:\n        abort(404)\n\n",
  "context_lines": "@require_teacher\ndef task_edit_page(task_id: int) -> Response:\n    \"\"\"GET /adm/tasks/<task_id>: task edit page\"\"\"\n\n    try:\n        task = Task.get(Task.id == task_id)\n    except Task.DoesNotExist:\n        abort(404)\n\n    return render_template('task_edit.html', task=task)\n\n\n@require_teacher\n",
  "slicing": [
   "        task = Task.get(Task.id == task_id)\n",
   "    return render_template('task_edit.html', task=task)\n",
   "        task.task_set\n",
   "        task.task_set = TaskSet.get(TaskSet.active == True)  # noqa: E712\n",
   "    task.name = request.form.get('name', task.name)\n",
   "    task.description = request.form.get('description', task.description)\n",
   "        task.base_score = int(request.form.get('base_score', task.base_score) or 0)\n",
   "    task.save()\n"
  ]
 },
 "20": {
  "name": "task",
  "type": "UNKNOWN",
  "class": "unknown",
  "approach": "Pysonar2",
  "file_path": "ennead/ennead/views/admin.py",
  "lineno": "35",
  "column": "12",
  "context": "  if request.form['id']:\n        try:\n            task = Task.get_by_id(int(request.form['id']))\n        except Task.DoesNotExist:\n            abor",
  "context_lines": "def task_edit() -> Response:\n    \"\"\"POST /adm/tasks: create or update task\"\"\"\n\n    if request.form['id']:\n        try:\n            task = Task.get_by_id(int(request.form['id']))\n        except Task.DoesNotExist:\n            abort(404)\n        except ValueError:\n            abort(400)\n",
  "slicing": [
   "            task = Task.get_by_id(int(request.form['id']))\n",
   "        task.task_set\n",
   "        task.task_set = TaskSet.get(TaskSet.active == True)  # noqa: E712\n",
   "    task.name = request.form.get('name', task.name)\n",
   "    task.description = request.form.get('description', task.description)\n",
   "        task.base_score = int(request.form.get('base_score', task.base_score) or 0)\n",
   "    task.save()\n"
  ]
 },
 "21": {
  "name": "task",
  "type": "ennead.models.task.Task",
  "class": "customized",
  "approach": "annotation",
  "file_path": "ennead/ennead/views/admin.py",
  "lineno": "41",
  "column": "8",
  "context": "ueError:\n            abort(400)\n    else:\n        task = Task()\n\n    try:\n        task.task_set\n    except TaskSet",
  "context_lines": "            abort(404)\n        except ValueError:\n            abort(400)\n    else:\n        task = Task()\n\n    try:\n        task.task_set\n    except TaskSet.DoesNotExist:\n",
  "slicing": [
   "        task = Task()\n",
   "        task.task_set\n",
   "        task.task_set = TaskSet.get(TaskSet.active == True)  # noqa: E712\n",
   "    task.name = request.form.get('name', task.name)\n",
   "    task.description = request.form.get('description', task.description)\n",
   "        task.base_score = int(request.form.get('base_score', task.base_score) or 0)\n",
   "    task.save()\n"
  ]
 },
 "22": {
  "name": "markdown",
  "type": "UNKNOWN",
  "class": "unknown",
  "approach": "Pysonar2",
  "file_path": "ennead/ennead/views/system.py",
  "lineno": "8",
  "column": "4",
  "context": "\n\ndef render_markdown_endpoint() -> Response:\n    markdown = request.get_data().decode('utf-8')\n    return Response(render_markdown(markdown))\n",
  "context_lines": "from flask import request\nfrom werkzeug.wrappers import Response\n\nfrom ennead.utils import render_markdown\n\n\ndef render_markdown_endpoint() -> Response:\n    markdown = request.get_data().decode('utf-8')\n",
  "slicing": [
   "    markdown = request.get_data().decode('utf-8')\n",
   "    return Response(render_markdown(markdown))\n"
  ]
 },
 "23": {
  "name": "splash_text",
  "type": "UNKNOWN",
  "class": "unknown",
  "approach": "Pysonar2",
  "file_path": "ennead/ennead/views/auth.py",
  "lineno": "16",
  "column": "4",
  "context": " \"\"\"GET /register: show registration page\"\"\"\n\n    splash_text = {\n        'fields': 'Not all required fields filled'",
  "context_lines": "from ennead.models.user import User, UserGroup\n\n\n@require_not_logged_in\ndef register_page() -> Response:\n    \"\"\"GET /register: show registration page\"\"\"\n\n    splash_text = {\n        'fields': 'Not all required fields filled',\n        'exists': 'User with this username already exists'\n    }.get(str(request.args.get('splash')), '')\n\n    return render_template('register.html', splash_text=splash_text)\n\n\n",
  "slicing": [
   "    splash_text = {\n",
   "    return render_template('register.html', splash_text=splash_text)\n",
   "    return render_template('login.html', splash_text=splash_text)\n"
  ]
 },
 "24": {
  "name": "user",
  "type": "ennead.models.user.User",
  "class": "customized",
  "approach": "annotation",
  "file_path": "ennead/ennead/views/auth.py",
  "lineno": "28",
  "column": "4",
  "context": "POST /register: process registration form\"\"\"\n\n    user = User()\n\n    for field in ('username', 'first_name', 'surn",
  "context_lines": "    return render_template('register.html', splash_text=splash_text)\n\n\n@require_not_logged_in\ndef register() -> Response:\n    \"\"\"POST /register: process registration form\"\"\"\n\n    user = User()\n\n    for field in ('username', 'first_name', 'surname'):\n        if field not in request.form:\n            return redirect(url_for('register_page', splash='fields'))\n",
  "slicing": [
   "    user = User()\n",
   "        setattr(user, field, request.form[field])\n",
   "    if user.username.endswith(':' + current_app.config['TEACHER_SECRET']):\n",
   "        user.username = user.username[:-(len(current_app.config['TEACHER_SECRET']) + 1)]\n",
   "        user.group = UserGroup.teacher\n",
   "        user.group = UserGroup.student\n",
   "    if list(User.select().where(User.username == user.username)):\n",
   "        setattr(user, field, request.form.get(field))\n",
   "    user.set_password(request.form['password'])\n",
   "    user.registered_at = datetime.datetime.now()\n",
   "    user.save()\n",
   "    session['user_id'] = user.id\n",
   "    if user.check_password(request.form['password']):\n",
   "        session['user_id'] = user.id\n"
  ]
 },
 "25": {
  "name": "splash_text",
  "type": "UNKNOWN",
  "class": "unknown",
  "approach": "Pysonar2",
  "file_path": "ennead/ennead/views/auth.py",
  "lineno": "62",
  "column": "4",
  "context": "ponse:\n    \"\"\"GET /login: show login page\"\"\"\n\n    splash_text = {\n        'nouser': 'No such user',\n        'passwor",
  "context_lines": "    return redirect(url_for('index'))\n\n\n@require_not_logged_in\ndef login_page() -> Response:\n    \"\"\"GET /login: show login page\"\"\"\n\n    splash_text = {\n        'nouser': 'No such user',\n        'password': 'Wrong password'\n    }.get(str(request.args.get('splash')), '')\n\n    return render_template('login.html', splash_text=splash_text)\n\n\n",
  "slicing": [
   "    splash_text = {\n",
   "    return render_template('login.html', splash_text=splash_text)\n"
  ]
 },
 "26": {
  "name": "user",
  "type": "UNKNOWN",
  "class": "unknown",
  "approach": "Pysonar2",
  "file_path": "ennead/ennead/views/auth.py",
  "lineno": "79",
  "column": "8",
  "context": "'login_page', splash='fields'))\n\n    try:\n        user = User.get(User.username == request.form['username'])\n    except User.DoesNotExist:\n        return redir",
  "context_lines": "    for field in ('username', 'password'):\n        if field not in request.form:\n            return redirect(url_for('login_page', splash='fields'))\n\n    try:\n        user = User.get(User.username == request.form['username'])\n    except User.DoesNotExist:\n        return redirect(url_for('login_page', splash='nouser'))\n\n    if user.check_password(request.form['password']):\n        session['user_id'] = user.id\n",
  "slicing": [
   "        user = User.get(User.username == request.form['username'])\n",
   "    if user.check_password(request.form['password']):\n",
   "        session['user_id'] = user.id\n"
  ]
 },
 "27": {
  "name": "image",
  "type": "UNKNOWN",
  "class": "unknown",
  "approach": "Pysonar2",
  "file_path": "ennead/ennead/utils/markdown.py",
  "lineno": "24",
  "column": "8",
  "context": "s\"\"\"\n\n    def handleMatch(self, m, data):\n        image, m_start, index = super().handleMatch(m, data)\n        image.set('class', 'markdown-image img-thu",
  "context_lines": "        md.inlinePatterns.deregister('html')\n\n\nclass BetterImages(ImageInlineProcessor):\n    \"\"\"Return a clickable & zoomable image from the given match with additional classes\"\"\"\n\n    def handleMatch(self, m, data):\n        image, m_start, index = super().handleMatch(m, data)\n        image.set('class', 'markdown-image img-thumbnail')\n        elem = ElementTree.Element('a')\n        elem.set('href', image.get('src'))\n        elem.set('target', '_blank')\n",
  "slicing": [
   "        image, m_start, index = super().handleMatch(m, data)\n",
   "        image.set('class', 'markdown-image img-thumbnail')\n",
   "        elem.set('href', image.get('src'))\n",
   "        elem.append(image)\n"
  ]
 },
 "28": {
  "name": "m_start",
  "type": "UNKNOWN",
  "class": "unknown",
  "approach": "Pysonar2",
  "file_path": "ennead/ennead/utils/markdown.py",
  "lineno": "24",
  "column": "15",
  "context": "   def handleMatch(self, m, data):\n        image, m_start, index = super().handleMatch(m, data)\n        image.set('class', 'markdown-image img-thu",
  "context_lines": "        md.inlinePatterns.deregister('html')\n\n\nclass BetterImages(ImageInlineProcessor):\n    \"\"\"Return a clickable & zoomable image from the given match with additional classes\"\"\"\n\n    def handleMatch(self, m, data):\n        image, m_start, index = super().handleMatch(m, data)\n        image.set('class', 'markdown-image img-thumbnail')\n        elem = ElementTree.Element('a')\n        elem.set('href', image.get('src'))\n        elem.set('target', '_blank')\n",
  "slicing": [
   "        image, m_start, index = super().handleMatch(m, data)\n",
   "        return elem, m_start, index\n"
  ]
 },
 "29": {
  "name": "index",
  "type": "UNKNOWN",
  "class": "unknown",
  "approach": "Pysonar2",
  "file_path": "ennead/ennead/utils/markdown.py",
  "lineno": "24",
  "column": "24",
  "context": "ndleMatch(self, m, data):\n        image, m_start, index = super().handleMatch(m, data)\n        image.set('class', 'markdown-image img-thu",
  "context_lines": "        md.inlinePatterns.deregister('html')\n\n\nclass BetterImages(ImageInlineProcessor):\n    \"\"\"Return a clickable & zoomable image from the given match with additional classes\"\"\"\n\n    def handleMatch(self, m, data):\n        image, m_start, index = super().handleMatch(m, data)\n        image.set('class', 'markdown-image img-thumbnail')\n        elem = ElementTree.Element('a')\n        elem.set('href', image.get('src'))\n        elem.set('target', '_blank')\n",
  "slicing": [
   "        image, m_start, index = super().handleMatch(m, data)\n",
   "        return elem, m_start, index\n"
  ]
 },
 "30": {
  "name": "elem",
  "type": "UNKNOWN",
  "class": "unknown",
  "approach": "Pysonar2",
  "file_path": "ennead/ennead/utils/markdown.py",
  "lineno": "26",
  "column": "8",
  "context": "('class', 'markdown-image img-thumbnail')\n        elem = ElementTree.Element('a')\n        elem.set('href', image.get('src'))\n       ",
  "context_lines": "    \"\"\"Return a clickable & zoomable image from the given match with additional classes\"\"\"\n\n    def handleMatch(self, m, data):\n        image, m_start, index = super().handleMatch(m, data)\n        image.set('class', 'markdown-image img-thumbnail')\n        elem = ElementTree.Element('a')\n        elem.set('href', image.get('src'))\n        elem.set('target', '_blank')\n        elem.set('data-lity', '')\n        elem.append(image)\n",
  "slicing": [
   "        elem = ElementTree.Element('a')\n",
   "        elem.set('href', image.get('src'))\n",
   "        elem.set('target', '_blank')\n",
   "        elem.set('data-lity', '')\n",
   "        elem.append(image)\n",
   "        return elem, m_start, index\n"
  ]
 },
 "31": {
  "name": "cache",
  "type": "dict",
  "class": "build-in",
  "approach": "annotation",
  "file_path": "ennead/ennead/utils/markdown.py",
  "lineno": "37",
  "column": "4",
  "context": "t with .set() method auto-encoding values\"\"\"\n\n    cache: Dict[str, bytes]\n\n    def __init__(self):\n        self.cache = dict",
  "context_lines": "        elem.append(image)\n        return elem, m_start, index\n\n\nclass DictCache:\n    \"\"\"Dict with .set() method auto-encoding values\"\"\"\n\n    cache: Dict[str, bytes]\n\n    def __init__(self):\n        self.cache = dict()\n\n    def set(self, key: str, value: str, **_: Any) -> None:\n",
  "slicing": "    cache: Dict[str, bytes]\n"
 },
 "32": {
  "name": "cache_key",
  "type": "str",
  "class": "build-in",
  "approach": "Pysonar2",
  "file_path": "ennead/ennead/utils/markdown.py",
  "lineno": "76",
  "column": "8",
  "context": "r get from cache if already converted\"\"\"\n\n        cache_key = f'md:{markdown}'\n        try:\n            html = self.cache_engine.",
  "context_lines": "        except redis.exceptions.ConnectionError:\n            self.cache_engine = DictCache()\n\n    def render(self, markdown: str) -> str:\n        \"\"\"Convert Markdown to HTML, or get from cache if already converted\"\"\"\n\n        cache_key = f'md:{markdown}'\n        try:\n            html = self.cache_engine.get(cache_key)\n        except redis.exceptions.RedisError:\n            html = None\n",
  "slicing": [
   "        cache_key = f'md:{markdown}'\n",
   "            html = self.cache_engine.get(cache_key)\n",
   "        if html is None:\n",
   "                self.cache_engine.set(cache_key, html, ex=(7 * 24 * 60 * 60))\n",
   "        return html\n"
  ]
 },
 "33": {
  "name": "html",
  "type": "UNKNOWN",
  "class": "unknown",
  "approach": "Pysonar2",
  "file_path": "ennead/ennead/utils/markdown.py",
  "lineno": "82",
  "column": "12",
  "context": " html = None\n        if html is None:\n            html = self.engine.convert(markdown)\n            # Cache expires in one week\n          ",
  "context_lines": "            html = self.cache_engine.get(cache_key)\n        except redis.exceptions.RedisError:\n            html = None\n        if html is None:\n            html = self.engine.convert(markdown)\n            # Cache expires in one week\n            try:\n                self.cache_engine.set(cache_key, html, ex=(7 * 24 * 60 * 60))\n            except redis.exceptions.RedisError:\n",
  "slicing": [
   "            html = self.engine.convert(markdown)\n",
   "                self.cache_engine.set(cache_key, html, ex=(7 * 24 * 60 * 60))\n",
   "        return html\n"
  ]
 },
 "34": {
  "name": "html",
  "type": "UNKNOWN",
  "class": "unknown",
  "approach": "Pysonar2",
  "file_path": "ennead/ennead/utils/markdown.py",
  "lineno": "78",
  "column": "12",
  "context": "e_key = f'md:{markdown}'\n        try:\n            html = self.cache_engine.get(cache_key)\n        except redis.exceptions.RedisError:\n      ",
  "context_lines": "    def render(self, markdown: str) -> str:\n        \"\"\"Convert Markdown to HTML, or get from cache if already converted\"\"\"\n\n        cache_key = f'md:{markdown}'\n        try:\n            html = self.cache_engine.get(cache_key)\n        except redis.exceptions.RedisError:\n            html = None\n        if html is None:\n            html = self.engine.convert(markdown)\n",
  "slicing": [
   "            html = self.cache_engine.get(cache_key)\n",
   "        if html is None:\n",
   "                self.cache_engine.set(cache_key, html, ex=(7 * 24 * 60 * 60))\n",
   "        return html\n"
  ]
 },
 "35": {
  "name": "html",
  "type": "UNKNOWN",
  "class": "unknown",
  "approach": "annotation",
  "file_path": "ennead/ennead/utils/markdown.py",
  "lineno": "80",
  "column": "12",
  "context": "  except redis.exceptions.RedisError:\n            html = None\n        if html is None:\n            html = self.e",
  "context_lines": "        cache_key = f'md:{markdown}'\n        try:\n            html = self.cache_engine.get(cache_key)\n        except redis.exceptions.RedisError:\n            html = None\n        if html is None:\n            html = self.engine.convert(markdown)\n            # Cache expires in one week\n            try:\n",
  "slicing": [
   "            html = None\n",
   "        if html is None:\n",
   "                self.cache_engine.set(cache_key, html, ex=(7 * 24 * 60 * 60))\n",
   "        return html\n"
  ]
 },
 "36": {
  "name": "MARKDOWN_ENGINE",
  "type": "CachedMarkdown",
  "class": "customized",
  "approach": "annotation",
  "file_path": "ennead/ennead/utils/markdown.py",
  "lineno": "91",
  "column": "0",
  "context": "Error:\n                pass\n        return html\n\n\nMARKDOWN_ENGINE = CachedMarkdown()\n\n\ndef render_markdown(markdown: str) -> str:\n    \"",
  "context_lines": "                self.cache_engine.set(cache_key, html, ex=(7 * 24 * 60 * 60))\n            except redis.exceptions.RedisError:\n                pass\n        return html\n\n\nMARKDOWN_ENGINE = CachedMarkdown()\n\n\ndef render_markdown(markdown: str) -> str:\n    \"\"\"Render markdown using default renderer\"\"\"\n\n",
  "slicing": [
   "MARKDOWN_ENGINE = CachedMarkdown()\n",
   "    return MARKDOWN_ENGINE.render(markdown)\n"
  ]
 },
 "37": {
  "name": "__all__",
  "type": "list",
  "class": "build-in",
  "approach": "annotation",
  "file_path": "ennead/ennead/utils/__init__.py",
  "lineno": "12",
  "column": "0",
  "context": "om ennead.utils.markdown import render_markdown\n\n\n__all__ = ['require_logged_in', 'require_not_logged_in', 'require_teacher', 'render_markdown']\n\n\ndef require_logged_in(func: Callable) -> Callabl",
  "context_lines": "from functools import wraps\n\nfrom flask import g, abort, redirect, url_for\nfrom werkzeug.wrappers import Response\n\nfrom ennead.utils.markdown import render_markdown\n\n\n__all__ = ['require_logged_in', 'require_not_logged_in', 'require_teacher', 'render_markdown']\n\n\ndef require_logged_in(func: Callable) -> Callable:\n    \"\"\"Make endpoint require logged in user\"\"\"\n\n    @wraps(func)\n",
  "slicing": "__all__ = ['require_logged_in', 'require_not_logged_in', 'require_teacher', 'render_markdown']\n"
 },
 "38": {
  "name": "user",
  "type": "ennead.models.user.User",
  "class": "customized",
  "approach": "annotation",
  "file_path": "ennead/ennead/models/file.py",
  "lineno": "26",
  "column": "4",
  "context": "\n        token: short token for path\n    \"\"\"\n\n    user: User = ForeignKeyField(User, backref='+')\n    name: str = CharField()\n    token: str = Fixed",
  "context_lines": "        user: user who uploaded file\n        name: filename as specified on upload\n        token: short token for path\n    \"\"\"\n\n    user: User = ForeignKeyField(User, backref='+')\n    name: str = CharField()\n    token: str = FixedCharField(8)\n    uploaded_at: datetime.datetime = DateTimeField()\n\n    @property\n",
  "slicing": [
   "    user: User = ForeignKeyField(User, backref='+')\n",
   "        file_entry.user = user\n"
  ]
 },
 "39": {
  "name": "name",
  "type": "str",
  "class": "build-in",
  "approach": "annotation",
  "file_path": "ennead/ennead/models/file.py",
  "lineno": "27",
  "column": "4",
  "context": "er: User = ForeignKeyField(User, backref='+')\n    name: str = CharField()\n    token: str = FixedCharField(8)\n    uploaded_at",
  "context_lines": "        name: filename as specified on upload\n        token: short token for path\n    \"\"\"\n\n    user: User = ForeignKeyField(User, backref='+')\n    name: str = CharField()\n    token: str = FixedCharField(8)\n    uploaded_at: datetime.datetime = DateTimeField()\n\n    @property\n    def path(self) -> str:\n",
  "slicing": [
   "    name: str = CharField()\n",
   "        file_entry.name = name\n",
   "        full_path = os.path.normpath(os.path.join(dir_path, name))\n",
   "        if not full_path.startswith(dir_path + os.sep):\n",
   "            raise FileCreationError(f\"{name} doesn't seems like correct file name\")\n",
   "        with open(full_path, 'wb') as file:\n"
  ]
 },
 "40": {
  "name": "token",
  "type": "str",
  "class": "build-in",
  "approach": "annotation",
  "file_path": "ennead/ennead/models/file.py",
  "lineno": "28",
  "column": "4",
  "context": "ser, backref='+')\n    name: str = CharField()\n    token: str = FixedCharField(8)\n    uploaded_at: datetime.datetime = DateTimeField",
  "context_lines": "        token: short token for path\n    \"\"\"\n\n    user: User = ForeignKeyField(User, backref='+')\n    name: str = CharField()\n    token: str = FixedCharField(8)\n    uploaded_at: datetime.datetime = DateTimeField()\n\n    @property\n    def path(self) -> str:\n        \"\"\"path of file relative to upload dir\"\"\"\n\n",
  "slicing": "    token: str = FixedCharField(8)\n"
 },
 "41": {
  "name": "uploaded_at",
  "type": "datetime",
  "class": "imported",
  "approach": "Pysonar2",
  "file_path": "ennead/ennead/models/file.py",
  "lineno": "29",
  "column": "4",
  "context": "harField()\n    token: str = FixedCharField(8)\n    uploaded_at: datetime.datetime = DateTimeField()\n\n    @property\n    def path(self) -> str:\n        ",
  "context_lines": "    \"\"\"\n\n    user: User = ForeignKeyField(User, backref='+')\n    name: str = CharField()\n    token: str = FixedCharField(8)\n    uploaded_at: datetime.datetime = DateTimeField()\n\n    @property\n    def path(self) -> str:\n        \"\"\"path of file relative to upload dir\"\"\"\n\n",
  "slicing": "    uploaded_at: datetime.datetime = DateTimeField()\n"
 },
 "42": {
  "name": "file_entry",
  "type": "UNKNOWN",
  "class": "unknown",
  "approach": "annotation",
  "file_path": "ennead/ennead/models/file.py",
  "lineno": "41",
  "column": "8",
  "context": " directory and create DB entry for it\"\"\"\n\n        file_entry = cls()\n        file_entry.user = user\n        file_entry.",
  "context_lines": "        return f'{self.token}/{self.name}'\n\n    @classmethod\n    def from_data(cls, directory: str, name: str, data: bytes, user: User) -> 'File':\n        \"\"\"Save file to directory and create DB entry for it\"\"\"\n\n        file_entry = cls()\n        file_entry.user = user\n        file_entry.name = name\n        file_entry.token = secrets.token_urlsafe(6)  # token_urlsafe(6) produces 8 characters\n        file_entry.uploaded_at = datetime.datetime.now()\n",
  "slicing": [
   "        file_entry = cls()\n",
   "        file_entry.user = user\n",
   "        file_entry.name = name\n",
   "        file_entry.token = secrets.token_urlsafe(6)  # token_urlsafe(6) produces 8 characters\n",
   "        file_entry.uploaded_at = datetime.datetime.now()\n",
   "        file_entry.save()\n",
   "        dir_path = os.path.join(os.path.realpath(directory), file_entry.token)\n",
   "        os.mkdir(dir_path)\n",
   "        full_path = os.path.normpath(os.path.join(dir_path, name))\n",
   "        if not full_path.startswith(dir_path + os.sep):\n",
   "        with open(full_path, 'wb') as file:\n",
   "        return file_entry\n"
  ]
 },
 "43": {
  "name": "dir_path",
  "type": "str",
  "class": "build-in",
  "approach": "Pysonar2",
  "file_path": "ennead/ennead/models/file.py",
  "lineno": "48",
  "column": "8",
  "context": "datetime.now()\n        file_entry.save()\n\n        dir_path = os.path.join(os.path.realpath(directory), file_entry.token)\n        os.mkdir(dir_path)\n        full_path = os.",
  "context_lines": "        file_entry.name = name\n        file_entry.token = secrets.token_urlsafe(6)  # token_urlsafe(6) produces 8 characters\n        file_entry.uploaded_at = datetime.datetime.now()\n        file_entry.save()\n\n        dir_path = os.path.join(os.path.realpath(directory), file_entry.token)\n        os.mkdir(dir_path)\n        full_path = os.path.normpath(os.path.join(dir_path, name))\n        if not full_path.startswith(dir_path + os.sep):\n            raise FileCreationError(f\"{name} doesn't seems like correct file name\")\n\n",
  "slicing": [
   "        dir_path = os.path.join(os.path.realpath(directory), file_entry.token)\n",
   "        os.mkdir(dir_path)\n",
   "        full_path = os.path.normpath(os.path.join(dir_path, name))\n",
   "        if not full_path.startswith(dir_path + os.sep):\n",
   "        with open(full_path, 'wb') as file:\n"
  ]
 },
 "44": {
  "name": "full_path",
  "type": "str",
  "class": "build-in",
  "approach": "Pysonar2",
  "file_path": "ennead/ennead/models/file.py",
  "lineno": "50",
  "column": "8",
  "context": "e_entry.token)\n        os.mkdir(dir_path)\n        full_path = os.path.normpath(os.path.join(dir_path, name))\n        if not full_path.startswith(dir_path + os.",
  "context_lines": "        file_entry.uploaded_at = datetime.datetime.now()\n        file_entry.save()\n\n        dir_path = os.path.join(os.path.realpath(directory), file_entry.token)\n        os.mkdir(dir_path)\n        full_path = os.path.normpath(os.path.join(dir_path, name))\n        if not full_path.startswith(dir_path + os.sep):\n            raise FileCreationError(f\"{name} doesn't seems like correct file name\")\n\n        with open(full_path, 'wb') as file:\n            file.write(data)\n\n",
  "slicing": [
   "        full_path = os.path.normpath(os.path.join(dir_path, name))\n",
   "        if not full_path.startswith(dir_path + os.sep):\n",
   "        with open(full_path, 'wb') as file:\n"
  ]
 },
 "45": {
  "name": "name",
  "type": "str",
  "class": "build-in",
  "approach": "annotation",
  "file_path": "ennead/ennead/models/task.py",
  "lineno": "24",
  "column": "4",
  "context": " `Thread`s with this user as student\n    \"\"\"\n\n    name: str = CharField()\n    active: bool = BooleanField()\n\n    tasks: List",
  "context_lines": "        tasks: list of `Task` of this set\n        active: is this `TaskSet` current\n        threads: list of `Thread`s with this user as student\n    \"\"\"\n\n    name: str = CharField()\n    active: bool = BooleanField()\n\n    tasks: List['Task']\n    threads: List['Thread']\n\n\nclass Task(BaseModel):\n",
  "slicing": "    name: str = CharField()\n"
 },
 "46": {
  "name": "active",
  "type": "bool",
  "class": "build-in",
  "approach": "annotation",
  "file_path": "ennead/ennead/models/task.py",
  "lineno": "25",
  "column": "4",
  "context": " student\n    \"\"\"\n\n    name: str = CharField()\n    active: bool = BooleanField()\n\n    tasks: List['Task']\n    threads: List['Thread",
  "context_lines": "        active: is this `TaskSet` current\n        threads: list of `Thread`s with this user as student\n    \"\"\"\n\n    name: str = CharField()\n    active: bool = BooleanField()\n\n    tasks: List['Task']\n    threads: List['Thread']\n\n\nclass Task(BaseModel):\n",
  "slicing": "    active: bool = BooleanField()\n"
 },
 "47": {
  "name": "tasks",
  "type": "dict",
  "class": "build-in",
  "approach": "annotation",
  "file_path": "ennead/ennead/models/task.py",
  "lineno": "27",
  "column": "4",
  "context": "harField()\n    active: bool = BooleanField()\n\n    tasks: List['Task']\n    threads: List['Thread']\n\n\nclass Task(BaseModel",
  "context_lines": "        threads: list of `Thread`s with this user as student\n    \"\"\"\n\n    name: str = CharField()\n    active: bool = BooleanField()\n\n    tasks: List['Task']\n    threads: List['Thread']\n\n\nclass Task(BaseModel):\n    \"\"\"One task for student\n\n    Attributes:\n",
  "slicing": "    tasks: List['Task']\n"
 },
 "48": {
  "name": "threads",
  "type": "dict",
  "class": "build-in",
  "approach": "annotation",
  "file_path": "ennead/ennead/models/task.py",
  "lineno": "28",
  "column": "4",
  "context": "ool = BooleanField()\n\n    tasks: List['Task']\n    threads: List['Thread']\n\n\nclass Task(BaseModel):\n    \"\"\"One task for stude",
  "context_lines": "    \"\"\"\n\n    name: str = CharField()\n    active: bool = BooleanField()\n\n    tasks: List['Task']\n    threads: List['Thread']\n\n\nclass Task(BaseModel):\n    \"\"\"One task for student\n\n    Attributes:\n",
  "slicing": "    threads: List['Thread']\n"
 },
 "49": {
  "name": "name",
  "type": "str",
  "class": "build-in",
  "approach": "annotation",
  "file_path": "ennead/ennead/models/task.py",
  "lineno": "42",
  "column": "4",
  "context": " list of `Thread`s about this `Task`\n    \"\"\"\n\n    name: str = CharField()\n    description: str = TextField()\n    base_score:",
  "context_lines": "        base_score: basic maximal score for `Task`\n        task_set: set this `Task` belongs to\n        threads: list of `Thread`s about this `Task`\n    \"\"\"\n\n    name: str = CharField()\n    description: str = TextField()\n    base_score: int = IntegerField()\n    task_set: TaskSet = ForeignKeyField(TaskSet, backref='tasks')\n\n    threads: List['Thread']\n\n",
  "slicing": "    name: str = CharField()\n"
 },
 "50": {
  "name": "description",
  "type": "str",
  "class": "build-in",
  "approach": "annotation",
  "file_path": "ennead/ennead/models/task.py",
  "lineno": "43",
  "column": "4",
  "context": "s `Task`\n    \"\"\"\n\n    name: str = CharField()\n    description: str = TextField()\n    base_score: int = IntegerField()\n    task_set:",
  "context_lines": "        task_set: set this `Task` belongs to\n        threads: list of `Thread`s about this `Task`\n    \"\"\"\n\n    name: str = CharField()\n    description: str = TextField()\n    base_score: int = IntegerField()\n    task_set: TaskSet = ForeignKeyField(TaskSet, backref='tasks')\n\n    threads: List['Thread']\n\n    @property\n",
  "slicing": "    description: str = TextField()\n"
 },
 "51": {
  "name": "base_score",
  "type": "int",
  "class": "build-in",
  "approach": "annotation",
  "file_path": "ennead/ennead/models/task.py",
  "lineno": "44",
  "column": "4",
  "context": "harField()\n    description: str = TextField()\n    base_score: int = IntegerField()\n    task_set: TaskSet = ForeignKeyField(TaskSet, b",
  "context_lines": "        threads: list of `Thread`s about this `Task`\n    \"\"\"\n\n    name: str = CharField()\n    description: str = TextField()\n    base_score: int = IntegerField()\n    task_set: TaskSet = ForeignKeyField(TaskSet, backref='tasks')\n\n    threads: List['Thread']\n\n    @property\n    def html_description(self):\n",
  "slicing": "    base_score: int = IntegerField()\n"
 },
 "52": {
  "name": "task_set",
  "type": "ennead.models.task.TaskSet",
  "class": "customized",
  "approach": "annotation",
  "file_path": "ennead/ennead/models/task.py",
  "lineno": "45",
  "column": "4",
  "context": "tField()\n    base_score: int = IntegerField()\n    task_set: TaskSet = ForeignKeyField(TaskSet, backref='tasks')\n\n    threads: List['Thread']\n\n    @property\n    de",
  "context_lines": "    \"\"\"\n\n    name: str = CharField()\n    description: str = TextField()\n    base_score: int = IntegerField()\n    task_set: TaskSet = ForeignKeyField(TaskSet, backref='tasks')\n\n    threads: List['Thread']\n\n    @property\n    def html_description(self):\n",
  "slicing": "    task_set: TaskSet = ForeignKeyField(TaskSet, backref='tasks')\n"
 },
 "53": {
  "name": "threads",
  "type": "dict",
  "class": "build-in",
  "approach": "annotation",
  "file_path": "ennead/ennead/models/task.py",
  "lineno": "47",
  "column": "4",
  "context": " = ForeignKeyField(TaskSet, backref='tasks')\n\n    threads: List['Thread']\n\n    @property\n    def html_description(self):\n   ",
  "context_lines": "    name: str = CharField()\n    description: str = TextField()\n    base_score: int = IntegerField()\n    task_set: TaskSet = ForeignKeyField(TaskSet, backref='tasks')\n\n    threads: List['Thread']\n\n    @property\n    def html_description(self):\n        \"\"\"`Task` description in HTML\"\"\"\n\n",
  "slicing": "    threads: List['Thread']\n"
 },
 "54": {
  "name": "database",
  "type": "peewee.DatabaseProxy",
  "class": "imported",
  "approach": "annotation",
  "file_path": "ennead/ennead/models/base.py",
  "lineno": "7",
  "column": "0",
  "context": "d-name\n\nfrom peewee import DatabaseProxy, Model\n\n\ndatabase = DatabaseProxy()\n\n\nclass BaseModel(Model):\n    class Meta:\n        ",
  "context_lines": "\"\"\"Base model for all Ennead models\"\"\"\n# pylint: disable=missing-docstring,invalid-name\n\nfrom peewee import DatabaseProxy, Model\n\n\ndatabase = DatabaseProxy()\n\n\nclass BaseModel(Model):\n    class Meta:\n",
  "slicing": [
   "database = DatabaseProxy()\n",
   "        database = database\n"
  ]
 },
 "55": {
  "name": "database",
  "type": "ennead.models.base.database",
  "class": "imported",
  "approach": "annotation",
  "file_path": "ennead/ennead/models/base.py",
  "lineno": "12",
  "column": "8",
  "context": "\n\nclass BaseModel(Model):\n    class Meta:\n        database = database\n",
  "context_lines": "from peewee import DatabaseProxy, Model\n\n\ndatabase = DatabaseProxy()\n\n\nclass BaseModel(Model):\n    class Meta:\n        database = database\n",
  "slicing": [
   "        database = database\n"
  ]
 },
 "56": {
  "name": "task",
  "type": "ennead.models.task.Task",
  "class": "customized",
  "approach": "annotation",
  "file_path": "ennead/ennead/models/thread.py",
  "lineno": "23",
  "column": "4",
  "context": "st: list of `Post`s in this `Thread`\n    \"\"\"\n\n    task: Task = ForeignKeyField(Task, backref='threads')\n    score: int = IntegerField()\n    student: User ",
  "context_lines": "        score: how much points student got for this `Thread`\n        student: `User` this thread belongs to\n        post: list of `Post`s in this `Thread`\n    \"\"\"\n\n    task: Task = ForeignKeyField(Task, backref='threads')\n    score: int = IntegerField()\n    student: User = ForeignKeyField(User, backref='threads')\n\n    posts: List['Post']\n\n\nclass Post(BaseModel):\n",
  "slicing": "    task: Task = ForeignKeyField(Task, backref='threads')\n"
 },
 "57": {
  "name": "score",
  "type": "int",
  "class": "build-in",
  "approach": "annotation",
  "file_path": "ennead/ennead/models/thread.py",
  "lineno": "24",
  "column": "4",
  "context": "sk = ForeignKeyField(Task, backref='threads')\n    score: int = IntegerField()\n    student: User = ForeignKeyField(User, backref=",
  "context_lines": "        student: `User` this thread belongs to\n        post: list of `Post`s in this `Thread`\n    \"\"\"\n\n    task: Task = ForeignKeyField(Task, backref='threads')\n    score: int = IntegerField()\n    student: User = ForeignKeyField(User, backref='threads')\n\n    posts: List['Post']\n\n\nclass Post(BaseModel):\n    \"\"\"One post in `Thread` with `User` about `Task`\n\n",
  "slicing": "    score: int = IntegerField()\n"
 },
 "58": {
  "name": "student",
  "type": "ennead.models.user.User",
  "class": "customized",
  "approach": "annotation",
  "file_path": "ennead/ennead/models/thread.py",
  "lineno": "25",
  "column": "4",
  "context": "ef='threads')\n    score: int = IntegerField()\n    student: User = ForeignKeyField(User, backref='threads')\n\n    posts: List['Post']\n\n\nclass Post(BaseModel):\n",
  "context_lines": "        post: list of `Post`s in this `Thread`\n    \"\"\"\n\n    task: Task = ForeignKeyField(Task, backref='threads')\n    score: int = IntegerField()\n    student: User = ForeignKeyField(User, backref='threads')\n\n    posts: List['Post']\n\n\nclass Post(BaseModel):\n    \"\"\"One post in `Thread` with `User` about `Task`\n\n",
  "slicing": "    student: User = ForeignKeyField(User, backref='threads')\n"
 },
 "59": {
  "name": "posts",
  "type": "dict",
  "class": "build-in",
  "approach": "annotation",
  "file_path": "ennead/ennead/models/thread.py",
  "lineno": "27",
  "column": "4",
  "context": "r = ForeignKeyField(User, backref='threads')\n\n    posts: List['Post']\n\n\nclass Post(BaseModel):\n    \"\"\"One post in `Threa",
  "context_lines": "    \"\"\"\n\n    task: Task = ForeignKeyField(Task, backref='threads')\n    score: int = IntegerField()\n    student: User = ForeignKeyField(User, backref='threads')\n\n    posts: List['Post']\n\n\nclass Post(BaseModel):\n    \"\"\"One post in `Thread` with `User` about `Task`\n\n    Attributes:\n",
  "slicing": "    posts: List['Post']\n"
 },
 "60": {
  "name": "text",
  "type": "str",
  "class": "build-in",
  "approach": "annotation",
  "file_path": "ennead/ennead/models/thread.py",
  "lineno": "40",
  "column": "4",
  "context": "hread: `Thread` this task belongs to\n    \"\"\"\n\n    text: str = TextField()\n    date: datetime.datetime = DateTimeField()\n    ",
  "context_lines": "        date: date this `Post` was posted\n        author: `User` who wrote this post\n        thread: `Thread` this task belongs to\n    \"\"\"\n\n    text: str = TextField()\n    date: datetime.datetime = DateTimeField()\n    author: User = ForeignKeyField(User, backref='+')  # '+' means 'no backref'\n",
  "slicing": "    text: str = TextField()\n"
 },
 "61": {
  "name": "date",
  "type": "UNKNOWN",
  "class": "unknown",
  "approach": "Pysonar2",
  "file_path": "ennead/ennead/models/thread.py",
  "lineno": "41",
  "column": "4",
  "context": "longs to\n    \"\"\"\n\n    text: str = TextField()\n    date: datetime.datetime = DateTimeField()\n    author: User = ForeignKeyField(User, backref='",
  "context_lines": "        author: `User` who wrote this post\n        thread: `Thread` this task belongs to\n    \"\"\"\n\n    text: str = TextField()\n    date: datetime.datetime = DateTimeField()\n    author: User = ForeignKeyField(User, backref='+')  # '+' means 'no backref'\n",
  "slicing": "    date: datetime.datetime = DateTimeField()\n"
 },
 "62": {
  "name": "author",
  "type": "ennead.models.user.User",
  "class": "customized",
  "approach": "annotation",
  "file_path": "ennead/ennead/models/thread.py",
  "lineno": "42",
  "column": "4",
  "context": "    date: datetime.datetime = DateTimeField()\n    author: User = ForeignKeyField(User, backref='+')  # '+' means 'no backref'\n    thread: Thread = ForeignKeyField(Thread, backr",
  "context_lines": "        thread: `Thread` this task belongs to\n    \"\"\"\n\n    text: str = TextField()\n    date: datetime.datetime = DateTimeField()\n    author: User = ForeignKeyField(User, backref='+')  # '+' means 'no backref'\n",
  "slicing": "    author: User = ForeignKeyField(User, backref='+')  # '+' means 'no backref'\n"
 },
 "63": {
  "name": "thread",
  "type": "ennead.models.thread.Thread",
  "class": "customized",
  "approach": "annotation",
  "file_path": "ennead/ennead/models/thread.py",
  "lineno": "43",
  "column": "4",
  "context": "(User, backref='+')  # '+' means 'no backref'\n    thread: Thread = ForeignKeyField(Thread, backref='posts')\n",
  "context_lines": "    \"\"\"\n\n    text: str = TextField()\n    date: datetime.datetime = DateTimeField()\n    author: User = ForeignKeyField(User, backref='+')  # '+' means 'no backref'\n    thread: Thread = ForeignKeyField(Thread, backref='posts')\n",
  "slicing": "    thread: Thread = ForeignKeyField(Thread, backref='posts')\n"
 },
 "64": {
  "name": "teacher",
  "type": "int",
  "class": "build-in",
  "approach": "Pysonar2",
  "file_path": "ennead/ennead/models/user.py",
  "lineno": "25",
  "column": "4",
  "context": "      student: can only submit tasks\n    \"\"\"\n\n    teacher = 0\n    student = 1\n\n\nclass User(BaseModel):\n    \"\"\"Sy",
  "context_lines": "    Attributes:\n        teacher: has admin privileges, can create and modify tasks\n        student: can only submit tasks\n    \"\"\"\n\n    teacher = 0\n    student = 1\n\n\nclass User(BaseModel):\n    \"\"\"System user, either teacher or student\n\n    Attributes:\n",
  "slicing": "    teacher = 0\n"
 },
 "65": {
  "name": "student",
  "type": "int",
  "class": "build-in",
  "approach": "Pysonar2",
  "file_path": "ennead/ennead/models/user.py",
  "lineno": "26",
  "column": "4",
  "context": "an only submit tasks\n    \"\"\"\n\n    teacher = 0\n    student = 1\n\n\nclass User(BaseModel):\n    \"\"\"System user, eithe",
  "context_lines": "        teacher: has admin privileges, can create and modify tasks\n        student: can only submit tasks\n    \"\"\"\n\n    teacher = 0\n    student = 1\n\n\nclass User(BaseModel):\n    \"\"\"System user, either teacher or student\n\n    Attributes:\n",
  "slicing": "    student = 1\n"
 },
 "66": {
  "name": "username",
  "type": "str",
  "class": "build-in",
  "approach": "annotation",
  "file_path": "ennead/ennead/models/user.py",
  "lineno": "41",
  "column": "4",
  "context": "`s this `User` belongs to as student\n    \"\"\"\n\n    username: str = CharField(32, unique=True)\n    email: str = CharField(null=True)\n    register",
  "context_lines": "        password_sha512: salted sha512 of user password\n        password_salt: salt, used for password hashing\n        threads: list of `Thread`s this `User` belongs to as student\n    \"\"\"\n\n    username: str = CharField(32, unique=True)\n    email: str = CharField(null=True)\n    registered_at: datetime.datetime = DateField()\n    first_name: str = CharField()\n    surname: str = CharField()\n",
  "slicing": "    username: str = CharField(32, unique=True)\n"
 },
 "67": {
  "name": "email",
  "type": "str",
  "class": "build-in",
  "approach": "annotation",
  "file_path": "ennead/ennead/models/user.py",
  "lineno": "42",
  "column": "4",
  "context": "   username: str = CharField(32, unique=True)\n    email: str = CharField(null=True)\n    registered_at: datetime.datetime = DateField()",
  "context_lines": "        password_salt: salt, used for password hashing\n        threads: list of `Thread`s this `User` belongs to as student\n    \"\"\"\n\n    username: str = CharField(32, unique=True)\n    email: str = CharField(null=True)\n    registered_at: datetime.datetime = DateField()\n    first_name: str = CharField()\n    surname: str = CharField()\n    patronym: str = CharField(null=True)\n",
  "slicing": "    email: str = CharField(null=True)\n"
 },
 "68": {
  "name": "registered_at",
  "type": "UNKNOWN",
  "class": "unknown",
  "approach": "Pysonar2",
  "file_path": "ennead/ennead/models/user.py",
  "lineno": "43",
  "column": "4",
  "context": "e=True)\n    email: str = CharField(null=True)\n    registered_at: datetime.datetime = DateField()\n    first_name: str = CharField()\n    surname: str",
  "context_lines": "        threads: list of `Thread`s this `User` belongs to as student\n    \"\"\"\n\n    username: str = CharField(32, unique=True)\n    email: str = CharField(null=True)\n    registered_at: datetime.datetime = DateField()\n    first_name: str = CharField()\n    surname: str = CharField()\n    patronym: str = CharField(null=True)\n    group: UserGroup = IntegerField()\n",
  "slicing": "    registered_at: datetime.datetime = DateField()\n"
 },
 "69": {
  "name": "first_name",
  "type": "str",
  "class": "build-in",
  "approach": "annotation",
  "file_path": "ennead/ennead/models/user.py",
  "lineno": "44",
  "column": "4",
  "context": "egistered_at: datetime.datetime = DateField()\n    first_name: str = CharField()\n    surname: str = CharField()\n    patronym: str =",
  "context_lines": "    \"\"\"\n\n    username: str = CharField(32, unique=True)\n    email: str = CharField(null=True)\n    registered_at: datetime.datetime = DateField()\n    first_name: str = CharField()\n    surname: str = CharField()\n    patronym: str = CharField(null=True)\n    group: UserGroup = IntegerField()\n    password_sha512: str = FixedCharField(128)\n",
  "slicing": "    first_name: str = CharField()\n"
 },
 "70": {
  "name": "surname",
  "type": "str",
  "class": "build-in",
  "approach": "annotation",
  "file_path": "ennead/ennead/models/user.py",
  "lineno": "45",
  "column": "4",
  "context": "DateField()\n    first_name: str = CharField()\n    surname: str = CharField()\n    patronym: str = CharField(null=True)\n    group",
  "context_lines": "    username: str = CharField(32, unique=True)\n    email: str = CharField(null=True)\n    registered_at: datetime.datetime = DateField()\n    first_name: str = CharField()\n    surname: str = CharField()\n    patronym: str = CharField(null=True)\n    group: UserGroup = IntegerField()\n    password_sha512: str = FixedCharField(128)\n    password_salt: str = FixedCharField(32)\n\n",
  "slicing": "    surname: str = CharField()\n"
 },
 "71": {
  "name": "patronym",
  "type": "str",
  "class": "build-in",
  "approach": "annotation",
  "file_path": "ennead/ennead/models/user.py",
  "lineno": "46",
  "column": "4",
  "context": " = CharField()\n    surname: str = CharField()\n    patronym: str = CharField(null=True)\n    group: UserGroup = IntegerField()\n    password",
  "context_lines": "    email: str = CharField(null=True)\n    registered_at: datetime.datetime = DateField()\n    first_name: str = CharField()\n    surname: str = CharField()\n    patronym: str = CharField(null=True)\n    group: UserGroup = IntegerField()\n    password_sha512: str = FixedCharField(128)\n    password_salt: str = FixedCharField(32)\n\n    threads: List['Thread']\n\n",
  "slicing": "    patronym: str = CharField(null=True)\n"
 },
 "72": {
  "name": "group",
  "type": "ennead.models.user.UserGroup",
  "class": "customized",
  "approach": "annotation",
  "file_path": "ennead/ennead/models/user.py",
  "lineno": "47",
  "column": "4",
  "context": "ld()\n    patronym: str = CharField(null=True)\n    group: UserGroup = IntegerField()\n    password_sha512: str = FixedCharField(128)\n   ",
  "context_lines": "    registered_at: datetime.datetime = DateField()\n    first_name: str = CharField()\n    surname: str = CharField()\n    patronym: str = CharField(null=True)\n    group: UserGroup = IntegerField()\n    password_sha512: str = FixedCharField(128)\n    password_salt: str = FixedCharField(32)\n\n    threads: List['Thread']\n\n    def _hash_password(self, password: str) -> str:\n",
  "slicing": "    group: UserGroup = IntegerField()\n"
 },
 "73": {
  "name": "password_sha512",
  "type": "str",
  "class": "build-in",
  "approach": "annotation",
  "file_path": "ennead/ennead/models/user.py",
  "lineno": "48",
  "column": "4",
  "context": "l=True)\n    group: UserGroup = IntegerField()\n    password_sha512: str = FixedCharField(128)\n    password_salt: str = FixedCharField(32)\n\n    t",
  "context_lines": "    first_name: str = CharField()\n    surname: str = CharField()\n    patronym: str = CharField(null=True)\n    group: UserGroup = IntegerField()\n    password_sha512: str = FixedCharField(128)\n    password_salt: str = FixedCharField(32)\n\n    threads: List['Thread']\n\n    def _hash_password(self, password: str) -> str:\n        \"\"\"Hash password using stored salt\"\"\"\n\n",
  "slicing": "    password_sha512: str = FixedCharField(128)\n"
 },
 "74": {
  "name": "password_salt",
  "type": "str",
  "class": "build-in",
  "approach": "annotation",
  "file_path": "ennead/ennead/models/user.py",
  "lineno": "49",
  "column": "4",
  "context": "   password_sha512: str = FixedCharField(128)\n    password_salt: str = FixedCharField(32)\n\n    threads: List['Thread']\n\n    def _hash_passwo",
  "context_lines": "    surname: str = CharField()\n    patronym: str = CharField(null=True)\n    group: UserGroup = IntegerField()\n    password_sha512: str = FixedCharField(128)\n    password_salt: str = FixedCharField(32)\n\n    threads: List['Thread']\n\n    def _hash_password(self, password: str) -> str:\n        \"\"\"Hash password using stored salt\"\"\"\n\n",
  "slicing": "    password_salt: str = FixedCharField(32)\n"
 },
 "75": {
  "name": "threads",
  "type": "dict",
  "class": "build-in",
  "approach": "annotation",
  "file_path": "ennead/ennead/models/user.py",
  "lineno": "51",
  "column": "4",
  "context": "\n    password_salt: str = FixedCharField(32)\n\n    threads: List['Thread']\n\n    def _hash_password(self, password: str) -> st",
  "context_lines": "    patronym: str = CharField(null=True)\n    group: UserGroup = IntegerField()\n    password_sha512: str = FixedCharField(128)\n    password_salt: str = FixedCharField(32)\n\n    threads: List['Thread']\n\n    def _hash_password(self, password: str) -> str:\n        \"\"\"Hash password using stored salt\"\"\"\n\n        hashed_password = hashlib.sha512()\n",
  "slicing": "    threads: List['Thread']\n"
 },
 "76": {
  "name": "hashed_password",
  "type": "UNKNOWN",
  "class": "unknown",
  "approach": "Pysonar2",
  "file_path": "ennead/ennead/models/user.py",
  "lineno": "56",
  "column": "8",
  "context": "   \"\"\"Hash password using stored salt\"\"\"\n\n        hashed_password = hashlib.sha512()\n        hashed_password.update(password.encode('ut",
  "context_lines": "    password_salt: str = FixedCharField(32)\n\n    threads: List['Thread']\n\n    def _hash_password(self, password: str) -> str:\n        \"\"\"Hash password using stored salt\"\"\"\n\n        hashed_password = hashlib.sha512()\n        hashed_password.update(password.encode('utf-8'))\n        hashed_password.update(self.password_salt.encode('utf-8'))\n        return hashed_password.hexdigest()\n\n    def set_password(self, new_password: str) -> None:\n",
  "slicing": [
   "        hashed_password = hashlib.sha512()\n",
   "        hashed_password.update(password.encode('utf-8'))\n",
   "        hashed_password.update(self.password_salt.encode('utf-8'))\n",
   "        return hashed_password.hexdigest()\n"
  ]
 },
 "77": {
  "name": "cls",
  "type": "UNKNOWN",
  "class": "unknown",
  "approach": "Pysonar2",
  "file_path": "ennead/ennead/config.py",
  "lineno": "30",
  "column": "22",
  "context": "p/ennead'\n\n    @classmethod\n    def from_filename(cls, filename: str) -> 'Config':\n        \"\"\"Read Config params from JSON file\"\"\"\n\n ",
  "context_lines": "    TEACHER_SECRET: str = 'muchsecret'\n    SECRET_KEY: str = 'boomboomboom'  # For Flask\n    UPLOAD_DIR: str = '/tmp/ennead'\n\n    @classmethod\n    def from_filename(cls, filename: str) -> 'Config':\n        \"\"\"Read Config params from JSON file\"\"\"\n\n        result = cls()\n        with open(filename, encoding='utf-8') as config_file:\n            config_data = json.load(config_file)\n",
  "slicing": "    def from_filename(cls, filename: str) -> 'Config':\n"
 },
 "78": {
  "name": "filename",
  "type": "str",
  "class": "build-in",
  "approach": "annotation",
  "file_path": "ennead/ennead/config.py",
  "lineno": "30",
  "column": "27",
  "context": "ead'\n\n    @classmethod\n    def from_filename(cls, filename: str) -> 'Config':\n        \"\"\"Read Config params from JSON file\"\"\"\n\n ",
  "context_lines": "    TEACHER_SECRET: str = 'muchsecret'\n    SECRET_KEY: str = 'boomboomboom'  # For Flask\n    UPLOAD_DIR: str = '/tmp/ennead'\n\n    @classmethod\n    def from_filename(cls, filename: str) -> 'Config':\n        \"\"\"Read Config params from JSON file\"\"\"\n\n        result = cls()\n        with open(filename, encoding='utf-8') as config_file:\n            config_data = json.load(config_file)\n",
  "slicing": "    def from_filename(cls, filename: str) -> 'Config':\n"
 },
 "79": {
  "name": "cls",
  "type": "UNKNOWN",
  "class": "unknown",
  "approach": "Pysonar2",
  "file_path": "ennead/ennead/config.py",
  "lineno": "41",
  "column": "17",
  "context": " return result\n\n    @classmethod\n    def from_env(cls) -> 'Config':\n        \"\"\"Read Config params from system environm",
  "context_lines": "            for key, value in config_data.items():\n                setattr(result, key, value)\n        return result\n\n    @classmethod\n    def from_env(cls) -> 'Config':\n        \"\"\"Read Config params from system environment\"\"\"\n\n        result = cls()\n        for config_field in fields(result):\n            # TODO: handling non-str fields\n",
  "slicing": "    def from_env(cls) -> 'Config':\n"
 },
 "80": {
  "name": "config_path",
  "type": "dict",
  "class": "build-in",
  "approach": "annotation",
  "file_path": "ennead/ennead/app.py",
  "lineno": "34",
  "column": "15",
  "context": "    return\n        g.user = user\n\n\ndef create_app(config_path: Optional[str] = None) -> Flask:\n    \"\"\"Create Flask app from JSON config (or with ",
  "context_lines": "            user = User.get(User.id == session['user_id'])\n        except User.DoesNotExist:\n            return\n        g.user = user\n\n\ndef create_app(config_path: Optional[str] = None) -> Flask:\n    \"\"\"Create Flask app from JSON config (or with defaults)\"\"\"\n\n    app = Flask(__name__)\n    config = None\n    if config_path:\n",
  "slicing": [
   "            user = User.get(User.id == session['user_id'])\n",
   "        g.user = user\n",
   "def create_app(config_path: Optional[str] = None) -> Flask:\n",
   "            config = Config.from_filename(config_path)\n",
   "    if config is None:\n",
   "    app.config.from_object(config)\n",
   "    database.initialize(config.DB_CLASS(config.DB_NAME, **config.DB_PARAMS))\n"
  ]
 },
 "81": {
  "name": "filename",
  "type": "str",
  "class": "build-in",
  "approach": "annotation",
  "file_path": "ennead/ennead/views/file.py",
  "lineno": "10",
  "column": "18",
  "context": "nnead.models.file import File\n\n\ndef uploaded_file(filename: str) -> Response:\n    \"\"\"GET /upload/<token>/<filename>: serve user-",
  "context_lines": "from flask import g, abort, current_app, render_template, request, send_from_directory\nfrom werkzeug.wrappers import Response\n\nfrom ennead.utils import require_logged_in, require_teacher\nfrom ennead.models.file import File\n\n\ndef uploaded_file(filename: str) -> Response:\n    \"\"\"GET /upload/<token>/<filename>: serve user-uploaded file\"\"\"\n\n    return send_from_directory(current_app.config['UPLOAD_DIR'], filename)\n\n\n@require_logged_in\ndef upload_file() -> Response:\n",
  "slicing": "def uploaded_file(filename: str) -> Response:\n"
 },
 "82": {
  "name": "task_id",
  "type": "int",
  "class": "build-in",
  "approach": "annotation",
  "file_path": "ennead/ennead/views/admin.py",
  "lineno": "18",
  "column": "19",
  "context": "tive=True))\n\n\n@require_teacher\ndef task_edit_page(task_id: int) -> Response:\n    \"\"\"GET /adm/tasks/<task_id>: task edit page\"\"\"",
  "context_lines": "def adm_task_list_page() -> Response:\n    \"\"\"GET /adm/tasks: list of tasks & creation of new\"\"\"\n\n    return render_template('adm_task_list.html', task_set=TaskSet.get(active=True))\n\n\n@require_teacher\ndef task_edit_page(task_id: int) -> Response:\n    \"\"\"GET /adm/tasks/<task_id>: task edit page\"\"\"\n\n    try:\n        task = Task.get(Task.id == task_id)\n    except Task.DoesNotExist:\n",
  "slicing": "def task_edit_page(task_id: int) -> Response:\n"
 },
 "83": {
  "name": "task_id",
  "type": "int",
  "class": "build-in",
  "approach": "annotation",
  "file_path": "ennead/ennead/views/admin.py",
  "lineno": "60",
  "column": "16",
  "context": "k_list_page'))\n\n\n@require_teacher\ndef task_delete(task_id: int) -> Response:\n    \"\"\"DELETE /adm/tasks/<task_id>: delete a task\"",
  "context_lines": "        abort(400)\n\n    task.save()\n    return redirect(url_for('adm_task_list_page'))\n\n\n@require_teacher\ndef task_delete(task_id: int) -> Response:\n    \"\"\"DELETE /adm/tasks/<task_id>: delete a task\"\"\"\n\n    Task.delete().where(Task.id == task_id).execute()\n",
  "slicing": "def task_delete(task_id: int) -> Response:\n"
 },
 "84": {
  "name": "md",
  "type": "UNKNOWN",
  "class": "unknown",
  "approach": "annotation",
  "file_path": "ennead/ennead/utils/markdown.py",
  "lineno": "15",
  "column": "29",
  "context": "t disallows HTML\"\"\"\n\n    def extendMarkdown(self, md: Markdown) -> None:\n        md.preprocessors.deregister('html_block')\n",
  "context_lines": "from markdown.extensions import Extension as MarkdownExtension\nfrom markdown.inlinepatterns import IMAGE_LINK_RE, ImageInlineProcessor\n\n\nclass DisallowHTML(MarkdownExtension):\n    \"\"\"Simple extension for Python-Markdown that disallows HTML\"\"\"\n\n    def extendMarkdown(self, md: Markdown) -> None:\n        md.preprocessors.deregister('html_block')\n        md.inlinePatterns.deregister('html')\n\n\nclass BetterImages(ImageInlineProcessor):\n    \"\"\"Return a clickable & zoomable image from the given match with additional classes\"\"\"\n\n",
  "slicing": "    def extendMarkdown(self, md: Markdown) -> None:\n"
 },
 "85": {
  "name": "m",
  "type": "UNKNOWN",
  "class": "unknown",
  "approach": "Pysonar2",
  "file_path": "ennead/ennead/utils/markdown.py",
  "lineno": "23",
  "column": "26",
  "context": " additional classes\"\"\"\n\n    def handleMatch(self, m, data):\n        image, m_start, index = super().handleMatc",
  "context_lines": "        md.preprocessors.deregister('html_block')\n        md.inlinePatterns.deregister('html')\n\n\nclass BetterImages(ImageInlineProcessor):\n    \"\"\"Return a clickable & zoomable image from the given match with additional classes\"\"\"\n\n    def handleMatch(self, m, data):\n        image, m_start, index = super().handleMatch(m, data)\n        image.set('class', 'markdown-image img-thumbnail')\n        elem = ElementTree.Element('a')\n        elem.set('href', image.get('src'))\n",
  "slicing": "    def handleMatch(self, m, data):\n"
 },
 "86": {
  "name": "data",
  "type": "UNKNOWN",
  "class": "unknown",
  "approach": "Pysonar2",
  "file_path": "ennead/ennead/utils/markdown.py",
  "lineno": "23",
  "column": "29",
  "context": "ditional classes\"\"\"\n\n    def handleMatch(self, m, data):\n        image, m_start, index = super().handleMatc",
  "context_lines": "        md.preprocessors.deregister('html_block')\n        md.inlinePatterns.deregister('html')\n\n\nclass BetterImages(ImageInlineProcessor):\n    \"\"\"Return a clickable & zoomable image from the given match with additional classes\"\"\"\n\n    def handleMatch(self, m, data):\n        image, m_start, index = super().handleMatch(m, data)\n        image.set('class', 'markdown-image img-thumbnail')\n        elem = ElementTree.Element('a')\n        elem.set('href', image.get('src'))\n",
  "slicing": "    def handleMatch(self, m, data):\n"
 },
 "87": {
  "name": "key",
  "type": "str",
  "class": "build-in",
  "approach": "annotation",
  "file_path": "ennead/ennead/utils/markdown.py",
  "lineno": "42",
  "column": "18",
  "context": "):\n        self.cache = dict()\n\n    def set(self, key: str, value: str, **_: Any) -> None:\n        \"\"\"Set value at key to value.encode('utf-8",
  "context_lines": "    \"\"\"Dict with .set() method auto-encoding values\"\"\"\n\n    cache: Dict[str, bytes]\n\n    def __init__(self):\n        self.cache = dict()\n\n    def set(self, key: str, value: str, **_: Any) -> None:\n        \"\"\"Set value at key to value.encode('utf-8')\"\"\"\n\n        self.cache[key] = value.encode('utf-8')\n\n    def get(self, key: str, default: Optional[str] = None) -> Optional[str]:\n        \"\"\"Get and decode value at key\"\"\"\n\n",
  "slicing": "    def set(self, key: str, value: str, **_: Any) -> None:\n"
 },
 "88": {
  "name": "value",
  "type": "str",
  "class": "build-in",
  "approach": "annotation",
  "file_path": "ennead/ennead/utils/markdown.py",
  "lineno": "42",
  "column": "28",
  "context": " self.cache = dict()\n\n    def set(self, key: str, value: str, **_: Any) -> None:\n        \"\"\"Set value at key to value.encode('utf-8",
  "context_lines": "    \"\"\"Dict with .set() method auto-encoding values\"\"\"\n\n    cache: Dict[str, bytes]\n\n    def __init__(self):\n        self.cache = dict()\n\n    def set(self, key: str, value: str, **_: Any) -> None:\n        \"\"\"Set value at key to value.encode('utf-8')\"\"\"\n\n        self.cache[key] = value.encode('utf-8')\n\n    def get(self, key: str, default: Optional[str] = None) -> Optional[str]:\n        \"\"\"Get and decode value at key\"\"\"\n\n",
  "slicing": "    def set(self, key: str, value: str, **_: Any) -> None:\n"
 },
 "89": {
  "name": "key",
  "type": "str",
  "class": "build-in",
  "approach": "annotation",
  "file_path": "ennead/ennead/utils/markdown.py",
  "lineno": "47",
  "column": "18",
  "context": "e[key] = value.encode('utf-8')\n\n    def get(self, key: str, default: Optional[str] = None) -> Optional[str]:\n        \"\"\"Get and decode value at key\"\"\"\n\n       ",
  "context_lines": "        self.cache = dict()\n\n    def set(self, key: str, value: str, **_: Any) -> None:\n        \"\"\"Set value at key to value.encode('utf-8')\"\"\"\n\n        self.cache[key] = value.encode('utf-8')\n\n    def get(self, key: str, default: Optional[str] = None) -> Optional[str]:\n        \"\"\"Get and decode value at key\"\"\"\n\n        if key in self.cache:\n            return self.cache[key].decode('utf-8')\n        return default\n\n\n",
  "slicing": "    def get(self, key: str, default: Optional[str] = None) -> Optional[str]:\n"
 },
 "90": {
  "name": "default",
  "type": "dict",
  "class": "build-in",
  "approach": "annotation",
  "file_path": "ennead/ennead/utils/markdown.py",
  "lineno": "47",
  "column": "28",
  "context": "alue.encode('utf-8')\n\n    def get(self, key: str, default: Optional[str] = None) -> Optional[str]:\n        \"\"\"Get and decode value at key\"\"\"\n\n       ",
  "context_lines": "        self.cache = dict()\n\n    def set(self, key: str, value: str, **_: Any) -> None:\n        \"\"\"Set value at key to value.encode('utf-8')\"\"\"\n\n        self.cache[key] = value.encode('utf-8')\n\n    def get(self, key: str, default: Optional[str] = None) -> Optional[str]:\n        \"\"\"Get and decode value at key\"\"\"\n\n        if key in self.cache:\n            return self.cache[key].decode('utf-8')\n        return default\n\n\n",
  "slicing": "    def get(self, key: str, default: Optional[str] = None) -> Optional[str]:\n"
 },
 "91": {
  "name": "markdown",
  "type": "str",
  "class": "build-in",
  "approach": "annotation",
  "file_path": "ennead/ennead/utils/markdown.py",
  "lineno": "73",
  "column": "21",
  "context": ".cache_engine = DictCache()\n\n    def render(self, markdown: str) -> str:\n        \"\"\"Convert Markdown to HTML, or get from c",
  "context_lines": "            self.cache_engine = redis.Redis()\n            self.cache_engine.ping()\n        except redis.exceptions.ConnectionError:\n            self.cache_engine = DictCache()\n\n    def render(self, markdown: str) -> str:\n        \"\"\"Convert Markdown to HTML, or get from cache if already converted\"\"\"\n\n        cache_key = f'md:{markdown}'\n        try:\n            html = self.cache_engine.get(cache_key)\n",
  "slicing": "    def render(self, markdown: str) -> str:\n"
 },
 "92": {
  "name": "markdown",
  "type": "str",
  "class": "build-in",
  "approach": "annotation",
  "file_path": "ennead/ennead/utils/markdown.py",
  "lineno": "94",
  "column": "20",
  "context": "N_ENGINE = CachedMarkdown()\n\n\ndef render_markdown(markdown: str) -> str:\n    \"\"\"Render markdown using default renderer\"\"\"\n\n",
  "context_lines": "            except redis.exceptions.RedisError:\n                pass\n        return html\n\n\nMARKDOWN_ENGINE = CachedMarkdown()\n\n\ndef render_markdown(markdown: str) -> str:\n    \"\"\"Render markdown using default renderer\"\"\"\n\n",
  "slicing": "def render_markdown(markdown: str) -> str:\n"
 },
 "93": {
  "name": "func",
  "type": "UNKNOWN",
  "class": "unknown",
  "approach": "annotation",
  "file_path": "ennead/ennead/utils/__init__.py",
  "lineno": "15",
  "column": "22",
  "context": "cher', 'render_markdown']\n\n\ndef require_logged_in(func: Callable) -> Callable:\n    \"\"\"Make endpoint require logged in user\"\"\"\n\n  ",
  "context_lines": "from flask import g, abort, redirect, url_for\nfrom werkzeug.wrappers import Response\n\nfrom ennead.utils.markdown import render_markdown\n\n\n__all__ = ['require_logged_in', 'require_not_logged_in', 'require_teacher', 'render_markdown']\n\n\ndef require_logged_in(func: Callable) -> Callable:\n    \"\"\"Make endpoint require logged in user\"\"\"\n\n    @wraps(func)\n    def wrapped(*args: Any, **kwargs: Any) -> Response:\n        if not g.user:\n",
  "slicing": "def require_logged_in(func: Callable) -> Callable:\n"
 },
 "94": {
  "name": "func",
  "type": "UNKNOWN",
  "class": "unknown",
  "approach": "annotation",
  "file_path": "ennead/ennead/utils/__init__.py",
  "lineno": "27",
  "column": "26",
  "context": ")\n\n    return wrapped\n\n\ndef require_not_logged_in(func: Callable) -> Callable:\n    \"\"\"Make endpoint require NOT logged in user\"\"\"",
  "context_lines": "        if not g.user:\n            return redirect(url_for('login_page'))\n        return func(*args, **kwargs)\n\n    return wrapped\n\n\ndef require_not_logged_in(func: Callable) -> Callable:\n    \"\"\"Make endpoint require NOT logged in user\"\"\"\n\n    @wraps(func)\n    def wrapped(*args: Any, **kwargs: Any) -> Response:\n        if g.user:\n",
  "slicing": "def require_not_logged_in(func: Callable) -> Callable:\n"
 },
 "95": {
  "name": "func",
  "type": "UNKNOWN",
  "class": "unknown",
  "approach": "annotation",
  "file_path": "ennead/ennead/utils/__init__.py",
  "lineno": "39",
  "column": "20",
  "context": "kwargs)\n\n    return wrapped\n\n\ndef require_teacher(func: Callable) -> Callable:\n    \"\"\"Make endpoint require logged in teacher\"\"\"\n",
  "context_lines": "        if g.user:\n            return redirect(url_for('index'))\n        return func(*args, **kwargs)\n\n    return wrapped\n\n\ndef require_teacher(func: Callable) -> Callable:\n    \"\"\"Make endpoint require logged in teacher\"\"\"\n\n    # pylint: disable=inconsistent-return-statements\n    @wraps(func)\n    def wrapped(*args: Any, **kwargs: Any) -> Response:\n",
  "slicing": "def require_teacher(func: Callable) -> Callable:\n"
 },
 "96": {
  "name": "cls",
  "type": "File",
  "class": "customized",
  "approach": "Pysonar2",
  "file_path": "ennead/ennead/models/file.py",
  "lineno": "38",
  "column": "18",
  "context": "/{self.name}'\n\n    @classmethod\n    def from_data(cls, directory: str, name: str, data: bytes, user: User) -> 'File':\n        \"\"\"Save file to directory and create DB en",
  "context_lines": "    def path(self) -> str:\n        \"\"\"path of file relative to upload dir\"\"\"\n\n        return f'{self.token}/{self.name}'\n\n    @classmethod\n    def from_data(cls, directory: str, name: str, data: bytes, user: User) -> 'File':\n        \"\"\"Save file to directory and create DB entry for it\"\"\"\n\n        file_entry = cls()\n        file_entry.user = user\n        file_entry.name = name\n",
  "slicing": "    def from_data(cls, directory: str, name: str, data: bytes, user: User) -> 'File':\n"
 },
 "97": {
  "name": "directory",
  "type": "str",
  "class": "build-in",
  "approach": "annotation",
  "file_path": "ennead/ennead/models/file.py",
  "lineno": "38",
  "column": "23",
  "context": "f.name}'\n\n    @classmethod\n    def from_data(cls, directory: str, name: str, data: bytes, user: User) -> 'File':\n        \"\"\"Save file to directory and create DB en",
  "context_lines": "    def path(self) -> str:\n        \"\"\"path of file relative to upload dir\"\"\"\n\n        return f'{self.token}/{self.name}'\n\n    @classmethod\n    def from_data(cls, directory: str, name: str, data: bytes, user: User) -> 'File':\n        \"\"\"Save file to directory and create DB entry for it\"\"\"\n\n        file_entry = cls()\n        file_entry.user = user\n        file_entry.name = name\n",
  "slicing": "    def from_data(cls, directory: str, name: str, data: bytes, user: User) -> 'File':\n"
 },
 "98": {
  "name": "name",
  "type": "str",
  "class": "build-in",
  "approach": "annotation",
  "file_path": "ennead/ennead/models/file.py",
  "lineno": "38",
  "column": "39",
  "context": "lassmethod\n    def from_data(cls, directory: str, name: str, data: bytes, user: User) -> 'File':\n        \"\"\"Save file to directory and create DB en",
  "context_lines": "    def path(self) -> str:\n        \"\"\"path of file relative to upload dir\"\"\"\n\n        return f'{self.token}/{self.name}'\n\n    @classmethod\n    def from_data(cls, directory: str, name: str, data: bytes, user: User) -> 'File':\n        \"\"\"Save file to directory and create DB entry for it\"\"\"\n\n        file_entry = cls()\n        file_entry.user = user\n        file_entry.name = name\n",
  "slicing": "    def from_data(cls, directory: str, name: str, data: bytes, user: User) -> 'File':\n"
 },
 "99": {
  "name": "data",
  "type": "bytes",
  "class": "build-in",
  "approach": "annotation",
  "file_path": "ennead/ennead/models/file.py",
  "lineno": "38",
  "column": "50",
  "context": "    def from_data(cls, directory: str, name: str, data: bytes, user: User) -> 'File':\n        \"\"\"Save file to directory and create DB en",
  "context_lines": "    def path(self) -> str:\n        \"\"\"path of file relative to upload dir\"\"\"\n\n        return f'{self.token}/{self.name}'\n\n    @classmethod\n    def from_data(cls, directory: str, name: str, data: bytes, user: User) -> 'File':\n        \"\"\"Save file to directory and create DB entry for it\"\"\"\n\n        file_entry = cls()\n        file_entry.user = user\n        file_entry.name = name\n",
  "slicing": "    def from_data(cls, directory: str, name: str, data: bytes, user: User) -> 'File':\n"
 },
 "100": {
  "name": "user",
  "type": "User",
  "class": "customized",
  "approach": "annotation",
  "file_path": "ennead/ennead/models/file.py",
  "lineno": "38",
  "column": "63",
  "context": "data(cls, directory: str, name: str, data: bytes, user: User) -> 'File':\n        \"\"\"Save file to directory and create DB en",
  "context_lines": "    def path(self) -> str:\n        \"\"\"path of file relative to upload dir\"\"\"\n\n        return f'{self.token}/{self.name}'\n\n    @classmethod\n    def from_data(cls, directory: str, name: str, data: bytes, user: User) -> 'File':\n        \"\"\"Save file to directory and create DB entry for it\"\"\"\n\n        file_entry = cls()\n        file_entry.user = user\n        file_entry.name = name\n",
  "slicing": "    def from_data(cls, directory: str, name: str, data: bytes, user: User) -> 'File':\n"
 },
 "101": {
  "name": "password",
  "type": "str",
  "class": "build-in",
  "approach": "annotation",
  "file_path": "ennead/ennead/models/user.py",
  "lineno": "53",
  "column": "29",
  "context": "ads: List['Thread']\n\n    def _hash_password(self, password: str) -> str:\n        \"\"\"Hash password using stored salt\"\"\"\n\n   ",
  "context_lines": "    group: UserGroup = IntegerField()\n    password_sha512: str = FixedCharField(128)\n    password_salt: str = FixedCharField(32)\n\n    threads: List['Thread']\n\n    def _hash_password(self, password: str) -> str:\n        \"\"\"Hash password using stored salt\"\"\"\n\n        hashed_password = hashlib.sha512()\n        hashed_password.update(password.encode('utf-8'))\n        hashed_password.update(self.password_salt.encode('utf-8'))\n",
  "slicing": "    def _hash_password(self, password: str) -> str:\n"
 },
 "102": {
  "name": "new_password",
  "type": "str",
  "class": "build-in",
  "approach": "annotation",
  "file_path": "ennead/ennead/models/user.py",
  "lineno": "61",
  "column": "27",
  "context": "_password.hexdigest()\n\n    def set_password(self, new_password: str) -> None:\n        \"\"\"Generate salt and set new password for ",
  "context_lines": "        hashed_password = hashlib.sha512()\n        hashed_password.update(password.encode('utf-8'))\n        hashed_password.update(self.password_salt.encode('utf-8'))\n        return hashed_password.hexdigest()\n\n    def set_password(self, new_password: str) -> None:\n        \"\"\"Generate salt and set new password for `User`\"\"\"\n\n        # secrets.token_urlsafe() argument is not token length.\n        # It's number of random bytes used, to generate token\n        # 24 bytes gives us 32 characters\n",
  "slicing": "    def set_password(self, new_password: str) -> None:\n"
 },
 "103": {
  "name": "password",
  "type": "str",
  "class": "build-in",
  "approach": "annotation",
  "file_path": "ennead/ennead/models/user.py",
  "lineno": "70",
  "column": "29",
  "context": "sword(new_password)\n\n    def check_password(self, password: str) -> bool:\n        \"\"\"Safely check password for correctness\"\"",
  "context_lines": "        # It's number of random bytes used, to generate token\n        # 24 bytes gives us 32 characters\n        self.password_salt = secrets.token_urlsafe(24)\n        self.password_sha512 = self._hash_password(new_password)\n\n    def check_password(self, password: str) -> bool:\n        \"\"\"Safely check password for correctness\"\"\"\n\n        return secrets.compare_digest(\n            self._hash_password(password),\n            self.password_sha512\n",
  "slicing": "    def check_password(self, password: str) -> bool:\n"
 }
}