{
 "1": {
  "name": "r",
  "type": "UNKNOWN",
  "class": "unknown",
  "approach": "Pysonar2",
  "file_path": "fauxmo-plugins/restapiplugin.py",
  "lineno": "171",
  "column": "8",
  "context": "     \"\"\"Call HTTP method via Requests.\"\"\"\n        r = requests.request(\n            self.method,\n            cmd,\n        ",
  "context_lines": "        \"\"\"Turn device off.\"\"\"\n        return self.set_state(self.off_cmd, self.off_data, self.off_json)\n\n    def set_state(self, cmd: str, data: dict, json: dict) -> bool:\n        \"\"\"Call HTTP method via Requests.\"\"\"\n        r = requests.request(\n            self.method,\n            cmd,\n            data=data,\n            json=json,\n",
  "slicing": [
   "        r = requests.request(\n",
   "        return r.status_code in [200, 201]\n"
  ]
 },
 "2": {
  "name": "resp",
  "type": "UNKNOWN",
  "class": "unknown",
  "approach": "Pysonar2",
  "file_path": "fauxmo-plugins/restapiplugin.py",
  "lineno": "191",
  "column": "8",
  "context": "md is None:\n            return \"unknown\"\n\n        resp = requests.request(\n            self.state_method,\n            self.st",
  "context_lines": "            \"on\", \"off\", or \"unknown\"\n\n        \"\"\"\n        if self.state_cmd is None:\n            return \"unknown\"\n\n        resp = requests.request(\n            self.state_method,\n            self.state_cmd,\n            data=self.state_data,\n            json=self.state_json,\n",
  "slicing": [
   "        resp = requests.request(\n",
   "        if self.state_response_off in resp.text:\n",
   "        elif self.state_response_on in resp.text:\n"
  ]
 },
 "3": {
  "name": "service_map",
  "type": "dict",
  "class": "build-in",
  "approach": "annotation",
  "file_path": "fauxmo-plugins/homeassistantplugin.py",
  "lineno": "64",
  "column": "4",
  "context": " and\n    toggle these with the Echo.\n    \"\"\"\n\n    service_map = {\n        \"cover\": {\n            \"on\": \"open_cover\",",
  "context_lines": "    \"\"\"Fauxmo plugin for HomeAssistant REST API.\n\n    Allows users to specify Home Assistant services in their config.json and\n    toggle these with the Echo.\n    \"\"\"\n\n    service_map = {\n        \"cover\": {\n            \"on\": \"open_cover\",\n            \"off\": \"close_cover\",\n            \"on_state\": \"open\",\n",
  "slicing": "    service_map = {\n"
 },
 "4": {
  "name": "url",
  "type": "str",
  "class": "build-in",
  "approach": "Pysonar2",
  "file_path": "fauxmo-plugins/homeassistantplugin.py",
  "lineno": "116",
  "column": "8",
  "context": " the service should recongize\n        \"\"\"\n        url = f\"{self.ha_url}/api/services/{self.domain}/{signal}\"\n        data = {\"entity_id\": self.entity_id}\n\n    ",
  "context_lines": "        \"\"\"Send `signal` as determined by service_map.\n\n        Args:\n            signal: the signal the service should recongize\n        \"\"\"\n        url = f\"{self.ha_url}/api/services/{self.domain}/{signal}\"\n        data = {\"entity_id\": self.entity_id}\n\n        req = urllib.request.Request(\n            url=url,\n            headers=self.headers,\n",
  "slicing": [
   "        url = f\"{self.ha_url}/api/services/{self.domain}/{signal}\"\n",
   "            url=url,\n",
   "        req = urllib.request.Request(url=url, headers=self.headers)\n",
   "        with urllib.request.urlopen(req) as r:\n"
  ]
 },
 "5": {
  "name": "data",
  "type": "dict",
  "class": "build-in",
  "approach": "annotation",
  "file_path": "fauxmo-plugins/homeassistantplugin.py",
  "lineno": "117",
  "column": "8",
  "context": "url}/api/services/{self.domain}/{signal}\"\n        data = {\"entity_id\": self.entity_id}\n\n        req = urllib.request.Request(\n           ",
  "context_lines": "        Args:\n            signal: the signal the service should recongize\n        \"\"\"\n        url = f\"{self.ha_url}/api/services/{self.domain}/{signal}\"\n        data = {\"entity_id\": self.entity_id}\n\n        req = urllib.request.Request(\n            url=url,\n            headers=self.headers,\n",
  "slicing": [
   "        data = {\"entity_id\": self.entity_id}\n",
   "            data=json.dumps(data).encode(\"utf8\"),\n"
  ]
 },
 "6": {
  "name": "req",
  "type": "UNKNOWN",
  "class": "unknown",
  "approach": "Pysonar2",
  "file_path": "fauxmo-plugins/homeassistantplugin.py",
  "lineno": "119",
  "column": "8",
  "context": "    data = {\"entity_id\": self.entity_id}\n\n        req = urllib.request.Request(\n            url=url,\n            headers=self.head",
  "context_lines": "            signal: the signal the service should recongize\n        \"\"\"\n        url = f\"{self.ha_url}/api/services/{self.domain}/{signal}\"\n        data = {\"entity_id\": self.entity_id}\n\n        req = urllib.request.Request(\n            url=url,\n            headers=self.headers,\n            data=json.dumps(data).encode(\"utf8\"),\n            method=\"POST\",\n",
  "slicing": [
   "        req = urllib.request.Request(\n",
   "        with urllib.request.urlopen(req) as r:\n",
   "        with urllib.request.urlopen(req) as r:\n"
  ]
 },
 "7": {
  "name": "on_cmd",
  "type": "dict",
  "class": "build-in",
  "approach": "annotation",
  "file_path": "fauxmo-plugins/homeassistantplugin.py",
  "lineno": "136",
  "column": "8",
  "context": "seems to have been turned on.\n        \"\"\"\n        on_cmd = HomeAssistantPlugin.service_map[self.domain.lower()][\"on\"]\n        return self.send(on_cmd)\n\n    def off(self",
  "context_lines": "    def on(self) -> bool:\n        \"\"\"Turn the Home Assistant device on.\n\n        Returns: Whether the device seems to have been turned on.\n        \"\"\"\n        on_cmd = HomeAssistantPlugin.service_map[self.domain.lower()][\"on\"]\n        return self.send(on_cmd)\n\n    def off(self) -> bool:\n        \"\"\"Turn the Home Assistant device off.\n\n        Returns: Whether the device seems to have been turned off.\n",
  "slicing": [
   "        on_cmd = HomeAssistantPlugin.service_map[self.domain.lower()][\"on\"]\n",
   "        return self.send(on_cmd)\n"
  ]
 },
 "8": {
  "name": "off_cmd",
  "type": "dict",
  "class": "build-in",
  "approach": "annotation",
  "file_path": "fauxmo-plugins/homeassistantplugin.py",
  "lineno": "144",
  "column": "8",
  "context": "eems to have been turned off.\n        \"\"\"\n        off_cmd = HomeAssistantPlugin.service_map[self.domain.lower()][\"off\"]\n        return self.send(off_cmd)\n\n    def get_sta",
  "context_lines": "    def off(self) -> bool:\n        \"\"\"Turn the Home Assistant device off.\n\n        Returns: Whether the device seems to have been turned off.\n        \"\"\"\n        off_cmd = HomeAssistantPlugin.service_map[self.domain.lower()][\"off\"]\n        return self.send(off_cmd)\n\n    def get_state(self) -> str:\n        \"\"\"Query the state of the Home Assistant device.\n\n        Returns: Device state as reported by HomeAssistant\n",
  "slicing": [
   "        off_cmd = HomeAssistantPlugin.service_map[self.domain.lower()][\"off\"]\n",
   "        return self.send(off_cmd)\n"
  ]
 },
 "9": {
  "name": "url",
  "type": "str",
  "class": "build-in",
  "approach": "Pysonar2",
  "file_path": "fauxmo-plugins/homeassistantplugin.py",
  "lineno": "152",
  "column": "8",
  "context": " as reported by HomeAssistant\n        \"\"\"\n        url = f\"{self.ha_url}/api/states/{self.entity_id}\"\n\n        req = urllib.request.Request(url=url, hea",
  "context_lines": "    def get_state(self) -> str:\n        \"\"\"Query the state of the Home Assistant device.\n\n        Returns: Device state as reported by HomeAssistant\n        \"\"\"\n        url = f\"{self.ha_url}/api/states/{self.entity_id}\"\n\n        req = urllib.request.Request(url=url, headers=self.headers)\n        with urllib.request.urlopen(req) as r:\n            response = r.read().decode(\"utf\")\n",
  "slicing": [
   "        url = f\"{self.ha_url}/api/states/{self.entity_id}\"\n",
   "        req = urllib.request.Request(url=url, headers=self.headers)\n",
   "        with urllib.request.urlopen(req) as r:\n"
  ]
 },
 "10": {
  "name": "req",
  "type": "UNKNOWN",
  "class": "unknown",
  "approach": "Pysonar2",
  "file_path": "fauxmo-plugins/homeassistantplugin.py",
  "lineno": "154",
  "column": "8",
  "context": "elf.ha_url}/api/states/{self.entity_id}\"\n\n        req = urllib.request.Request(url=url, headers=self.headers)\n        with urllib.request.urlopen(req) as r:\n   ",
  "context_lines": "        \"\"\"Query the state of the Home Assistant device.\n\n        Returns: Device state as reported by HomeAssistant\n        \"\"\"\n        url = f\"{self.ha_url}/api/states/{self.entity_id}\"\n\n        req = urllib.request.Request(url=url, headers=self.headers)\n        with urllib.request.urlopen(req) as r:\n            response = r.read().decode(\"utf\")\n",
  "slicing": [
   "        req = urllib.request.Request(url=url, headers=self.headers)\n",
   "        with urllib.request.urlopen(req) as r:\n"
  ]
 },
 "11": {
  "name": "response",
  "type": "UNKNOWN",
  "class": "unknown",
  "approach": "Pysonar2",
  "file_path": "fauxmo-plugins/homeassistantplugin.py",
  "lineno": "156",
  "column": "12",
  "context": "ith urllib.request.urlopen(req) as r:\n            response = r.read().decode(\"utf\")\n        return json.loads(response)[\"state\"]\n",
  "context_lines": "        \"\"\"\n        url = f\"{self.ha_url}/api/states/{self.entity_id}\"\n\n        req = urllib.request.Request(url=url, headers=self.headers)\n        with urllib.request.urlopen(req) as r:\n            response = r.read().decode(\"utf\")\n",
  "slicing": [
   "            response = r.read().decode(\"utf\")\n",
   "        return json.loads(response)[\"state\"]\n"
  ]
 },
 "12": {
  "name": "status",
  "type": "UNKNOWN",
  "class": "unknown",
  "approach": "Pysonar2",
  "file_path": "fauxmo-plugins/mqttplugin.py",
  "lineno": "149",
  "column": "8",
  "context": "       \"\"\"Process an incoming message.\"\"\"\n        status = message.payload.decode(\"utf-8\")\n\n        if status == self.off_value:\n            ",
  "context_lines": "    def on_message(\n        self, client: Client, userdata: str, message: MQTTMessage\n    ) -> None:\n        \"\"\"Process an incoming message.\"\"\"\n        status = message.payload.decode(\"utf-8\")\n\n        if status == self.off_value:\n            self.status = \"off\"\n        elif status == self.on_value:\n",
  "slicing": [
   "        status = message.payload.decode(\"utf-8\")\n",
   "        if status == self.off_value:\n",
   "        elif status == self.on_value:\n"
  ]
 },
 "13": {
  "name": "msg",
  "type": "UNKNOWN",
  "class": "unknown",
  "approach": "Pysonar2",
  "file_path": "fauxmo-plugins/mqttplugin.py",
  "lineno": "157",
  "column": "8",
  "context": "sh(self, topic: str, value: str) -> bool:\n        msg = self.client.publish(topic, value)\n        try:\n            msg.wait_for_publish()\n  ",
  "context_lines": "            self.status = \"off\"\n        elif status == self.on_value:\n            self.status = \"on\"\n\n    def _publish(self, topic: str, value: str) -> bool:\n        msg = self.client.publish(topic, value)\n        try:\n            msg.wait_for_publish()\n        except ValueError:\n            return False\n",
  "slicing": [
   "        msg = self.client.publish(topic, value)\n",
   "            msg.wait_for_publish()\n"
  ]
 },
 "14": {
  "name": "shlexed_cmd",
  "type": "UNKNOWN",
  "class": "unknown",
  "approach": "Pysonar2",
  "file_path": "fauxmo-plugins/commandlineplugin.py",
  "lineno": "89",
  "column": "8",
  "context": "ems to have run without error\n        \"\"\"\n        shlexed_cmd = shlex.split(cmd)\n        process = subprocess.run(shlexed_cmd)\n    ",
  "context_lines": "            cmd: Command to be run\n        Returns:\n            True if command seems to have run without error\n        \"\"\"\n        shlexed_cmd = shlex.split(cmd)\n        process = subprocess.run(shlexed_cmd)\n        return process.returncode == 0\n\n    def on(self) -> bool:\n        \"\"\"Run on command.\n\n",
  "slicing": [
   "        shlexed_cmd = shlex.split(cmd)\n",
   "        process = subprocess.run(shlexed_cmd)\n",
   "        return process.returncode == 0\n"
  ]
 },
 "15": {
  "name": "process",
  "type": "UNKNOWN",
  "class": "unknown",
  "approach": "Pysonar2",
  "file_path": "fauxmo-plugins/commandlineplugin.py",
  "lineno": "90",
  "column": "8",
  "context": "\"\"\n        shlexed_cmd = shlex.split(cmd)\n        process = subprocess.run(shlexed_cmd)\n        return process.returncode == 0\n\n    def on",
  "context_lines": "        Returns:\n            True if command seems to have run without error\n        \"\"\"\n        shlexed_cmd = shlex.split(cmd)\n        process = subprocess.run(shlexed_cmd)\n        return process.returncode == 0\n\n    def on(self) -> bool:\n        \"\"\"Run on command.\n\n        Returns:\n",
  "slicing": [
   "        process = subprocess.run(shlexed_cmd)\n",
   "        return process.returncode == 0\n"
  ]
 },
 "16": {
  "name": "returned_zero",
  "type": "bool",
  "class": "build-in",
  "approach": "Pysonar2",
  "file_path": "fauxmo-plugins/commandlineplugin.py",
  "lineno": "128",
  "column": "8",
  "context": "md is None:\n            return \"unknown\"\n\n        returned_zero = self.run_cmd(self.state_cmd)\n        if returned_zero is True:\n            retu",
  "context_lines": "            \"on\" or \"off\" if `state_cmd` is defined, \"unknown\" if undefined\n\n        \"\"\"\n        if self.state_cmd is None:\n            return \"unknown\"\n\n        returned_zero = self.run_cmd(self.state_cmd)\n        if returned_zero is True:\n            return \"on\"\n",
  "slicing": [
   "        returned_zero = self.run_cmd(self.state_cmd)\n",
   "        if returned_zero is True:\n"
  ]
 },
 "17": {
  "name": "config_path_str",
  "type": "str",
  "class": "build-in",
  "approach": "Pysonar2",
  "file_path": "fauxmo-plugins/tests/test_mqttplugin.py",
  "lineno": "9",
  "column": "0",
  "context": "icMock, patch\n\nfrom mqttplugin import MQTTPlugin\n\nconfig_path_str = \"tests/test_mqttplugin_config.json\"\n\n\ndef test_mqttplugin_mosquitto_dot_org() -> None:",
  "context_lines": "import json\nimport time\nfrom unittest.mock import MagicMock, patch\n\nfrom mqttplugin import MQTTPlugin\n\nconfig_path_str = \"tests/test_mqttplugin_config.json\"\n\n\ndef test_mqttplugin_mosquitto_dot_org() -> None:\n    \"\"\"Test MQTTPlugin against test.mosquitto.org.\"\"\"\n    with open(config_path_str) as f:\n",
  "slicing": [
   "config_path_str = \"tests/test_mqttplugin_config.json\"\n",
   "    with open(config_path_str) as f:\n",
   "    with open(config_path_str) as f:\n",
   "    with open(config_path_str) as f:\n",
   "    with open(config_path_str) as f:\n"
  ]
 },
 "18": {
  "name": "config",
  "type": "dict",
  "class": "build-in",
  "approach": "annotation",
  "file_path": "fauxmo-plugins/tests/test_mqttplugin.py",
  "lineno": "15",
  "column": "8",
  "context": ".\"\"\"\n    with open(config_path_str) as f:\n        config: dict = json.load(f)\n\n    mosquitto_devices = (\n        device\n        ",
  "context_lines": "config_path_str = \"tests/test_mqttplugin_config.json\"\n\n\ndef test_mqttplugin_mosquitto_dot_org() -> None:\n    \"\"\"Test MQTTPlugin against test.mosquitto.org.\"\"\"\n    with open(config_path_str) as f:\n        config: dict = json.load(f)\n\n    mosquitto_devices = (\n        device\n        for device in config[\"PLUGINS\"][\"MQTTPlugin\"][\"DEVICES\"]\n",
  "slicing": [
   "        config: dict = json.load(f)\n",
   "        for device in config[\"PLUGINS\"][\"MQTTPlugin\"][\"DEVICES\"]\n",
   "        if device[\"mqtt_server\"] == \"test.mosquitto.org\"\n",
   "            if device.subscribed is True:\n",
   "        assert device.on() is True\n",
   "            state = device.get_state()\n",
   "            if state != \"unknown\":\n",
   "        assert state == \"on\"\n",
   "        assert device.off() is True\n",
   "            state = device.get_state()\n",
   "            if state != \"on\":\n",
   "        assert state == \"off\"\n",
   "        device\n",
   "        for device in config[\"PLUGINS\"][\"MQTTPlugin\"][\"DEVICES\"]\n",
   "        if device[\"mqtt_server\"] == \"mqtt.yes_auth.no_state\"\n",
   "        device\n",
   "        for device in config[\"PLUGINS\"][\"MQTTPlugin\"][\"DEVICES\"]\n",
   "        if device[\"mqtt_server\"] == \"mqtt.yes_auth.no_state\"\n",
   "    assert device.subscribed is False\n",
   "        device\n",
   "        for device in config[\"PLUGINS\"][\"MQTTPlugin\"][\"DEVICES\"]\n",
   "        if device[\"mqtt_server\"] == \"mqtt.no_auth.yes_state\"\n"
  ]
 },
 "19": {
  "name": "mosquitto_devices",
  "type": "list",
  "class": "build-in",
  "approach": "Pysonar2",
  "file_path": "fauxmo-plugins/tests/test_mqttplugin.py",
  "lineno": "17",
  "column": "4",
  "context": "r) as f:\n        config: dict = json.load(f)\n\n    mosquitto_devices = (\n        device\n        for device in config[\"PLUGI",
  "context_lines": "def test_mqttplugin_mosquitto_dot_org() -> None:\n    \"\"\"Test MQTTPlugin against test.mosquitto.org.\"\"\"\n    with open(config_path_str) as f:\n        config: dict = json.load(f)\n\n    mosquitto_devices = (\n        device\n        for device in config[\"PLUGINS\"][\"MQTTPlugin\"][\"DEVICES\"]\n        if device[\"mqtt_server\"] == \"test.mosquitto.org\"\n    )\n",
  "slicing": [
   "    mosquitto_devices = (\n",
   "    for device_conf in mosquitto_devices:\n",
   "        device = MQTTPlugin(**device_conf)\n",
   "            if device.subscribed is True:\n",
   "        assert device.on() is True\n",
   "            state = device.get_state()\n",
   "            if state != \"unknown\":\n",
   "        assert state == \"on\"\n",
   "        assert device.off() is True\n",
   "            state = device.get_state()\n",
   "            if state != \"on\":\n",
   "        assert state == \"off\"\n",
   "        device\n",
   "        if device[\"mqtt_server\"] == \"mqtt.yes_auth.no_state\"\n",
   "    MQTTPlugin(**device_conf)\n",
   "        device\n",
   "        if device[\"mqtt_server\"] == \"mqtt.yes_auth.no_state\"\n",
   "    device = MQTTPlugin(**device_conf)\n",
   "    assert device.subscribed is False\n",
   "        device\n",
   "        if device[\"mqtt_server\"] == \"mqtt.no_auth.yes_state\"\n",
   "    MQTTPlugin(**device_conf)\n"
  ]
 },
 "20": {
  "name": "device",
  "type": "mqttplugin.MQTTPlugin",
  "class": "customized",
  "approach": "annotation",
  "file_path": "fauxmo-plugins/tests/test_mqttplugin.py",
  "lineno": "23",
  "column": "8",
  "context": "    for device_conf in mosquitto_devices:\n        device = MQTTPlugin(**device_conf)\n\n        for _ in range(100):\n            if devic",
  "context_lines": "        for device in config[\"PLUGINS\"][\"MQTTPlugin\"][\"DEVICES\"]\n        if device[\"mqtt_server\"] == \"test.mosquitto.org\"\n    )\n    for device_conf in mosquitto_devices:\n        device = MQTTPlugin(**device_conf)\n\n        for _ in range(100):\n            if device.subscribed is True:\n                break\n",
  "slicing": [
   "        device = MQTTPlugin(**device_conf)\n",
   "            if device.subscribed is True:\n",
   "        assert device.on() is True\n",
   "            state = device.get_state()\n",
   "            if state != \"unknown\":\n",
   "        assert state == \"on\"\n",
   "        assert device.off() is True\n",
   "            state = device.get_state()\n",
   "            if state != \"on\":\n",
   "        assert state == \"off\"\n",
   "        device\n",
   "        if device[\"mqtt_server\"] == \"mqtt.yes_auth.no_state\"\n",
   "        device\n",
   "        if device[\"mqtt_server\"] == \"mqtt.yes_auth.no_state\"\n",
   "    assert device.subscribed is False\n",
   "        device\n",
   "        if device[\"mqtt_server\"] == \"mqtt.no_auth.yes_state\"\n"
  ]
 },
 "21": {
  "name": "state",
  "type": "UNKNOWN",
  "class": "unknown",
  "approach": "Pysonar2",
  "file_path": "fauxmo-plugins/tests/test_mqttplugin.py",
  "lineno": "34",
  "column": "12",
  "context": ") is True\n        for _ in range(20):\n            state = device.get_state()\n            if state != \"unknown\":\n               ",
  "context_lines": "        else:\n            assert False, \"Time out waiting for subscribe.\"\n\n        assert device.on() is True\n        for _ in range(20):\n            state = device.get_state()\n            if state != \"unknown\":\n                break\n            time.sleep(0.1)\n        assert state == \"on\"\n\n",
  "slicing": [
   "            state = device.get_state()\n",
   "            if state != \"unknown\":\n",
   "        assert state == \"on\"\n",
   "            if state != \"on\":\n",
   "        assert state == \"off\"\n"
  ]
 },
 "22": {
  "name": "state",
  "type": "UNKNOWN",
  "class": "unknown",
  "approach": "Pysonar2",
  "file_path": "fauxmo-plugins/tests/test_mqttplugin.py",
  "lineno": "42",
  "column": "12",
  "context": ") is True\n        for _ in range(20):\n            state = device.get_state()\n            if state != \"on\":\n                brea",
  "context_lines": "            time.sleep(0.1)\n        assert state == \"on\"\n\n        assert device.off() is True\n        for _ in range(20):\n            state = device.get_state()\n            if state != \"on\":\n                break\n            time.sleep(0.1)\n        assert state == \"off\"\n\n\n",
  "slicing": [
   "            state = device.get_state()\n",
   "            if state != \"on\":\n",
   "        assert state == \"off\"\n"
  ]
 },
 "23": {
  "name": "mock_instance",
  "type": "UNKNOWN",
  "class": "unknown",
  "approach": "Pysonar2",
  "file_path": "fauxmo-plugins/tests/test_mqttplugin.py",
  "lineno": "52",
  "column": "4",
  "context": "\"\"\"Ensure auth is being used if available.\"\"\"\n    mock_instance = mock_client.return_value\n    with open(config_path_str) as f:\n        confi",
  "context_lines": "        assert state == \"off\"\n\n\n@patch(\"mqttplugin.Client\", autospec=True)\ndef test_mqtt_auth(mock_client: MagicMock) -> None:\n    \"\"\"Ensure auth is being used if available.\"\"\"\n    mock_instance = mock_client.return_value\n    with open(config_path_str) as f:\n        config: dict = json.load(f)\n\n    device_conf = next(\n        device\n",
  "slicing": [
   "    mock_instance = mock_client.return_value\n",
   "    mock_instance.username_pw_set.assert_called_once_with(\n",
   "    mock_instance.loop_start.assert_not_called()\n",
   "    mock_instance.subscribe.assert_not_called()\n",
   "    mock_instance.username_pw_set.assert_not_called()\n"
  ]
 },
 "24": {
  "name": "config",
  "type": "dict",
  "class": "build-in",
  "approach": "annotation",
  "file_path": "fauxmo-plugins/tests/test_mqttplugin.py",
  "lineno": "54",
  "column": "8",
  "context": "alue\n    with open(config_path_str) as f:\n        config: dict = json.load(f)\n\n    device_conf = next(\n        device\n        fo",
  "context_lines": "def test_mqtt_auth(mock_client: MagicMock) -> None:\n    \"\"\"Ensure auth is being used if available.\"\"\"\n    mock_instance = mock_client.return_value\n    with open(config_path_str) as f:\n        config: dict = json.load(f)\n\n    device_conf = next(\n        device\n        for device in config[\"PLUGINS\"][\"MQTTPlugin\"][\"DEVICES\"]\n",
  "slicing": [
   "        config: dict = json.load(f)\n",
   "        for device in config[\"PLUGINS\"][\"MQTTPlugin\"][\"DEVICES\"]\n",
   "        if device[\"mqtt_server\"] == \"mqtt.yes_auth.no_state\"\n",
   "        device\n",
   "        for device in config[\"PLUGINS\"][\"MQTTPlugin\"][\"DEVICES\"]\n",
   "        if device[\"mqtt_server\"] == \"mqtt.yes_auth.no_state\"\n",
   "    assert device.subscribed is False\n",
   "        device\n",
   "        for device in config[\"PLUGINS\"][\"MQTTPlugin\"][\"DEVICES\"]\n",
   "        if device[\"mqtt_server\"] == \"mqtt.no_auth.yes_state\"\n"
  ]
 },
 "25": {
  "name": "device_conf",
  "type": "UNKNOWN",
  "class": "unknown",
  "approach": "annotation",
  "file_path": "fauxmo-plugins/tests/test_mqttplugin.py",
  "lineno": "56",
  "column": "4",
  "context": "r) as f:\n        config: dict = json.load(f)\n\n    device_conf = next(\n        device\n        for device in config[\"PLUGI",
  "context_lines": "    \"\"\"Ensure auth is being used if available.\"\"\"\n    mock_instance = mock_client.return_value\n    with open(config_path_str) as f:\n        config: dict = json.load(f)\n\n    device_conf = next(\n        device\n        for device in config[\"PLUGINS\"][\"MQTTPlugin\"][\"DEVICES\"]\n        if device[\"mqtt_server\"] == \"mqtt.yes_auth.no_state\"\n    )\n",
  "slicing": [
   "    device_conf = next(\n",
   "    MQTTPlugin(**device_conf)\n",
   "    device = MQTTPlugin(**device_conf)\n",
   "    assert device.subscribed is False\n",
   "        device\n",
   "        if device[\"mqtt_server\"] == \"mqtt.no_auth.yes_state\"\n",
   "    MQTTPlugin(**device_conf)\n"
  ]
 },
 "26": {
  "name": "mock_instance",
  "type": "UNKNOWN",
  "class": "unknown",
  "approach": "Pysonar2",
  "file_path": "fauxmo-plugins/tests/test_mqttplugin.py",
  "lineno": "70",
  "column": "4",
  "context": "s not specified, loop_start is not called.\"\"\"\n    mock_instance = mock_client.return_value\n    with open(config_path_str) as f:\n        confi",
  "context_lines": "    )\n\n\n@patch(\"mqttplugin.Client\", autospec=True)\ndef test_mqtt_nostate(mock_client: MagicMock) -> None:\n    \"\"\"If state_cmd is not specified, loop_start is not called.\"\"\"\n    mock_instance = mock_client.return_value\n    with open(config_path_str) as f:\n        config: dict = json.load(f)\n\n    device_conf = next(\n        device\n",
  "slicing": [
   "    mock_instance = mock_client.return_value\n",
   "    mock_instance.loop_start.assert_not_called()\n",
   "    mock_instance.subscribe.assert_not_called()\n",
   "    mock_instance.username_pw_set.assert_not_called()\n"
  ]
 },
 "27": {
  "name": "config",
  "type": "dict",
  "class": "build-in",
  "approach": "annotation",
  "file_path": "fauxmo-plugins/tests/test_mqttplugin.py",
  "lineno": "72",
  "column": "8",
  "context": "alue\n    with open(config_path_str) as f:\n        config: dict = json.load(f)\n\n    device_conf = next(\n        device\n        fo",
  "context_lines": "def test_mqtt_nostate(mock_client: MagicMock) -> None:\n    \"\"\"If state_cmd is not specified, loop_start is not called.\"\"\"\n    mock_instance = mock_client.return_value\n    with open(config_path_str) as f:\n        config: dict = json.load(f)\n\n    device_conf = next(\n        device\n        for device in config[\"PLUGINS\"][\"MQTTPlugin\"][\"DEVICES\"]\n",
  "slicing": [
   "        config: dict = json.load(f)\n",
   "        for device in config[\"PLUGINS\"][\"MQTTPlugin\"][\"DEVICES\"]\n",
   "        if device[\"mqtt_server\"] == \"mqtt.yes_auth.no_state\"\n",
   "    assert device.subscribed is False\n",
   "        device\n",
   "        for device in config[\"PLUGINS\"][\"MQTTPlugin\"][\"DEVICES\"]\n",
   "        if device[\"mqtt_server\"] == \"mqtt.no_auth.yes_state\"\n"
  ]
 },
 "28": {
  "name": "device_conf",
  "type": "UNKNOWN",
  "class": "unknown",
  "approach": "annotation",
  "file_path": "fauxmo-plugins/tests/test_mqttplugin.py",
  "lineno": "74",
  "column": "4",
  "context": "r) as f:\n        config: dict = json.load(f)\n\n    device_conf = next(\n        device\n        for device in config[\"PLUGI",
  "context_lines": "    \"\"\"If state_cmd is not specified, loop_start is not called.\"\"\"\n    mock_instance = mock_client.return_value\n    with open(config_path_str) as f:\n        config: dict = json.load(f)\n\n    device_conf = next(\n        device\n        for device in config[\"PLUGINS\"][\"MQTTPlugin\"][\"DEVICES\"]\n        if device[\"mqtt_server\"] == \"mqtt.yes_auth.no_state\"\n    )\n",
  "slicing": [
   "    device_conf = next(\n",
   "    device = MQTTPlugin(**device_conf)\n",
   "    assert device.subscribed is False\n",
   "        device\n",
   "        if device[\"mqtt_server\"] == \"mqtt.no_auth.yes_state\"\n",
   "    MQTTPlugin(**device_conf)\n"
  ]
 },
 "29": {
  "name": "device",
  "type": "mqttplugin.MQTTPlugin",
  "class": "customized",
  "approach": "annotation",
  "file_path": "fauxmo-plugins/tests/test_mqttplugin.py",
  "lineno": "79",
  "column": "4",
  "context": "tt_server\"] == \"mqtt.yes_auth.no_state\"\n    )\n    device = MQTTPlugin(**device_conf)\n    mock_instance.loop_start.assert_not_called()\n ",
  "context_lines": "        device\n        for device in config[\"PLUGINS\"][\"MQTTPlugin\"][\"DEVICES\"]\n        if device[\"mqtt_server\"] == \"mqtt.yes_auth.no_state\"\n    )\n    device = MQTTPlugin(**device_conf)\n    mock_instance.loop_start.assert_not_called()\n    mock_instance.subscribe.assert_not_called()\n    assert device.subscribed is False\n\n\n@patch(\"mqttplugin.Client\", autospec=True)\n",
  "slicing": [
   "    device = MQTTPlugin(**device_conf)\n",
   "    assert device.subscribed is False\n",
   "        device\n",
   "        if device[\"mqtt_server\"] == \"mqtt.no_auth.yes_state\"\n"
  ]
 },
 "30": {
  "name": "mock_instance",
  "type": "UNKNOWN",
  "class": "unknown",
  "approach": "Pysonar2",
  "file_path": "fauxmo-plugins/tests/test_mqttplugin.py",
  "lineno": "88",
  "column": "4",
  "context": " auth is not being used if not configured.\"\"\"\n    mock_instance = mock_client.return_value\n    with open(config_path_str) as f:\n        confi",
  "context_lines": "    assert device.subscribed is False\n\n\n@patch(\"mqttplugin.Client\", autospec=True)\ndef test_mqtt_noauth(mock_client: MagicMock) -> None:\n    \"\"\"Ensure auth is not being used if not configured.\"\"\"\n    mock_instance = mock_client.return_value\n    with open(config_path_str) as f:\n        config: dict = json.load(f)\n\n    device_conf = next(\n        device\n",
  "slicing": [
   "    mock_instance = mock_client.return_value\n",
   "    mock_instance.username_pw_set.assert_not_called()\n"
  ]
 },
 "31": {
  "name": "config",
  "type": "dict",
  "class": "build-in",
  "approach": "annotation",
  "file_path": "fauxmo-plugins/tests/test_mqttplugin.py",
  "lineno": "90",
  "column": "8",
  "context": "alue\n    with open(config_path_str) as f:\n        config: dict = json.load(f)\n\n    device_conf = next(\n        device\n        fo",
  "context_lines": "def test_mqtt_noauth(mock_client: MagicMock) -> None:\n    \"\"\"Ensure auth is not being used if not configured.\"\"\"\n    mock_instance = mock_client.return_value\n    with open(config_path_str) as f:\n        config: dict = json.load(f)\n\n    device_conf = next(\n        device\n        for device in config[\"PLUGINS\"][\"MQTTPlugin\"][\"DEVICES\"]\n",
  "slicing": [
   "        config: dict = json.load(f)\n",
   "        for device in config[\"PLUGINS\"][\"MQTTPlugin\"][\"DEVICES\"]\n",
   "        if device[\"mqtt_server\"] == \"mqtt.no_auth.yes_state\"\n"
  ]
 },
 "32": {
  "name": "device_conf",
  "type": "UNKNOWN",
  "class": "unknown",
  "approach": "annotation",
  "file_path": "fauxmo-plugins/tests/test_mqttplugin.py",
  "lineno": "92",
  "column": "4",
  "context": "r) as f:\n        config: dict = json.load(f)\n\n    device_conf = next(\n        device\n        for device in config[\"PLUGI",
  "context_lines": "    \"\"\"Ensure auth is not being used if not configured.\"\"\"\n    mock_instance = mock_client.return_value\n    with open(config_path_str) as f:\n        config: dict = json.load(f)\n\n    device_conf = next(\n        device\n        for device in config[\"PLUGINS\"][\"MQTTPlugin\"][\"DEVICES\"]\n        if device[\"mqtt_server\"] == \"mqtt.no_auth.yes_state\"\n    )\n",
  "slicing": [
   "    device_conf = next(\n",
   "    MQTTPlugin(**device_conf)\n"
  ]
 },
 "33": {
  "name": "config_path_str",
  "type": "str",
  "class": "build-in",
  "approach": "Pysonar2",
  "file_path": "fauxmo-plugins/tests/test_restapiplugin.py",
  "lineno": "14",
  "column": "0",
  "context": "equests\nfrom restapiplugin import RESTAPIPlugin\n\n\nconfig_path_str = \"tests/test_restapiplugin_config.json\"\n\n\n@pytest.fixture(scope=\"function\")\ndef restapiplu",
  "context_lines": "import httpbin\nimport pytest\nimport requests\nfrom restapiplugin import RESTAPIPlugin\n\n\nconfig_path_str = \"tests/test_restapiplugin_config.json\"\n\n\n@pytest.fixture(scope=\"function\")\ndef restapiplugin_target() -> Generator:\n    \"\"\"Simulate the endpoints triggered by RESTAPIPlugin.\"\"\"\n",
  "slicing": [
   "config_path_str = \"tests/test_commandlineplugin_config.json\"\n",
   "    with fauxmo_server(config_path_str) as fauxmo_ip:\n",
   "    with open(config_path_str) as f:\n"
  ]
 },
 "34": {
  "name": "fauxmo_device",
  "type": "multiprocessing.Process",
  "class": "imported",
  "approach": "annotation",
  "file_path": "fauxmo-plugins/tests/test_restapiplugin.py",
  "lineno": "20",
  "column": "4",
  "context": " the endpoints triggered by RESTAPIPlugin.\"\"\"\n    fauxmo_device = Process(\n        target=httpbin.core.app.run,\n        kwarg",
  "context_lines": "config_path_str = \"tests/test_restapiplugin_config.json\"\n\n\n@pytest.fixture(scope=\"function\")\ndef restapiplugin_target() -> Generator:\n    \"\"\"Simulate the endpoints triggered by RESTAPIPlugin.\"\"\"\n    fauxmo_device = Process(\n        target=httpbin.core.app.run,\n        kwargs={\"host\": \"127.0.0.1\", \"port\": 8000},\n        daemon=True,\n    )\n\n",
  "slicing": [
   "    fauxmo_device = Process(\n",
   "    fauxmo_device.start()\n",
   "    fauxmo_device.terminate()\n",
   "    fauxmo_device.join()\n"
  ]
 },
 "35": {
  "name": "command_format",
  "type": "UNKNOWN",
  "class": "unknown",
  "approach": "Pysonar2",
  "file_path": "fauxmo-plugins/tests/test_restapiplugin.py",
  "lineno": "50",
  "column": "4",
  "context": "his case, from the device's `on_cmd`)\n    \"\"\"\n    command_format = (\n        \"SOAPACTION: \" '\"urn:Belkin:service:basice",
  "context_lines": "    server for Fauxmo to interact with.\n\n    requests.post -> Fauxmo device running at `port` -> target url (httpbin\n    in this case, from the device's `on_cmd`)\n    \"\"\"\n    command_format = (\n        \"SOAPACTION: \" '\"urn:Belkin:service:basicevent:1#{}BinaryState\"'.format\n    )\n    data_template = \"<BinaryState>{}</BinaryState>\".format\n\n    data_get_state = command_format(\"Get\")\n",
  "slicing": [
   "    command_format = (\n",
   "    data_get_state = command_format(\"Get\")\n",
   "    data_on = command_format(\"Set\") + data_template(1)\n",
   "    data_off = command_format(\"Set\") + data_template(0)\n",
   "        resp_on = requests.post(base_url, data=data_on.encode())\n",
   "        resp_off = requests.post(base_url, data=data_off.encode())\n",
   "        resp_state = requests.post(base_url, data=data_get_state.encode())\n",
   "    assert resp_on.status_code == 200\n",
   "    assert resp_off.status_code == 200\n",
   "    assert resp_state.status_code == 200\n"
  ]
 },
 "36": {
  "name": "data_template",
  "type": "UNKNOWN",
  "class": "unknown",
  "approach": "Pysonar2",
  "file_path": "fauxmo-plugins/tests/test_restapiplugin.py",
  "lineno": "53",
  "column": "4",
  "context": "ice:basicevent:1#{}BinaryState\"'.format\n    )\n    data_template = \"<BinaryState>{}</BinaryState>\".format\n\n    data_get_state = command_format(\"Get\")\n    da",
  "context_lines": "    \"\"\"\n    command_format = (\n        \"SOAPACTION: \" '\"urn:Belkin:service:basicevent:1#{}BinaryState\"'.format\n    )\n    data_template = \"<BinaryState>{}</BinaryState>\".format\n\n    data_get_state = command_format(\"Get\")\n    data_on = command_format(\"Set\") + data_template(1)\n    data_off = command_format(\"Set\") + data_template(0)\n\n",
  "slicing": [
   "    data_template = \"<BinaryState>{}</BinaryState>\".format\n",
   "    data_on = command_format(\"Set\") + data_template(1)\n",
   "    data_off = command_format(\"Set\") + data_template(0)\n",
   "        resp_on = requests.post(base_url, data=data_on.encode())\n",
   "        resp_off = requests.post(base_url, data=data_off.encode())\n",
   "    assert resp_on.status_code == 200\n",
   "    assert resp_off.status_code == 200\n"
  ]
 },
 "37": {
  "name": "data_get_state",
  "type": "UNKNOWN",
  "class": "unknown",
  "approach": "annotation",
  "file_path": "fauxmo-plugins/tests/test_restapiplugin.py",
  "lineno": "55",
  "column": "4",
  "context": "ate = \"<BinaryState>{}</BinaryState>\".format\n\n    data_get_state = command_format(\"Get\")\n    data_on = command_format(\"Set\") + data_templat",
  "context_lines": "    command_format = (\n        \"SOAPACTION: \" '\"urn:Belkin:service:basicevent:1#{}BinaryState\"'.format\n    )\n    data_template = \"<BinaryState>{}</BinaryState>\".format\n\n    data_get_state = command_format(\"Get\")\n    data_on = command_format(\"Set\") + data_template(1)\n    data_off = command_format(\"Set\") + data_template(0)\n\n    with fauxmo_server(config_path_str) as fauxmo_ip:\n        base_url = f\"http://{fauxmo_ip}:12345/upnp/control/basicevent1\"\n",
  "slicing": [
   "    data_get_state = command_format(\"Get\")\n",
   "        resp_state = requests.post(base_url, data=data_get_state.encode())\n",
   "    assert resp_state.status_code == 200\n"
  ]
 },
 "38": {
  "name": "data_on",
  "type": "str",
  "class": "build-in",
  "approach": "Pysonar2",
  "file_path": "fauxmo-plugins/tests/test_restapiplugin.py",
  "lineno": "56",
  "column": "4",
  "context": "t\n\n    data_get_state = command_format(\"Get\")\n    data_on = command_format(\"Set\") + data_template(1)\n    data_off = command_format(\"Set\") + data_templa",
  "context_lines": "        \"SOAPACTION: \" '\"urn:Belkin:service:basicevent:1#{}BinaryState\"'.format\n    )\n    data_template = \"<BinaryState>{}</BinaryState>\".format\n\n    data_get_state = command_format(\"Get\")\n    data_on = command_format(\"Set\") + data_template(1)\n    data_off = command_format(\"Set\") + data_template(0)\n\n    with fauxmo_server(config_path_str) as fauxmo_ip:\n        base_url = f\"http://{fauxmo_ip}:12345/upnp/control/basicevent1\"\n        resp_on = requests.post(base_url, data=data_on.encode())\n",
  "slicing": [
   "    data_on = command_format(\"Set\") + data_template(1)\n",
   "        resp_on = requests.post(base_url, data=data_on.encode())\n",
   "    assert resp_on.status_code == 200\n"
  ]
 },
 "39": {
  "name": "data_off",
  "type": "str",
  "class": "build-in",
  "approach": "Pysonar2",
  "file_path": "fauxmo-plugins/tests/test_restapiplugin.py",
  "lineno": "57",
  "column": "4",
  "context": "on = command_format(\"Set\") + data_template(1)\n    data_off = command_format(\"Set\") + data_template(0)\n\n    with fauxmo_server(config_path_str) as fauxmo",
  "context_lines": "    )\n    data_template = \"<BinaryState>{}</BinaryState>\".format\n\n    data_get_state = command_format(\"Get\")\n    data_on = command_format(\"Set\") + data_template(1)\n    data_off = command_format(\"Set\") + data_template(0)\n\n    with fauxmo_server(config_path_str) as fauxmo_ip:\n        base_url = f\"http://{fauxmo_ip}:12345/upnp/control/basicevent1\"\n        resp_on = requests.post(base_url, data=data_on.encode())\n",
  "slicing": [
   "    data_off = command_format(\"Set\") + data_template(0)\n",
   "        resp_off = requests.post(base_url, data=data_off.encode())\n",
   "    assert resp_off.status_code == 200\n"
  ]
 },
 "40": {
  "name": "base_url",
  "type": "str",
  "class": "build-in",
  "approach": "Pysonar2",
  "file_path": "fauxmo-plugins/tests/test_restapiplugin.py",
  "lineno": "60",
  "column": "8",
  "context": "xmo_server(config_path_str) as fauxmo_ip:\n        base_url = f\"http://{fauxmo_ip}:12345/upnp/control/basicevent1\"\n        resp_on = requests.post(base_url, data=dat",
  "context_lines": "    data_get_state = command_format(\"Get\")\n    data_on = command_format(\"Set\") + data_template(1)\n    data_off = command_format(\"Set\") + data_template(0)\n\n    with fauxmo_server(config_path_str) as fauxmo_ip:\n        base_url = f\"http://{fauxmo_ip}:12345/upnp/control/basicevent1\"\n        resp_on = requests.post(base_url, data=data_on.encode())\n        resp_off = requests.post(base_url, data=data_off.encode())\n        resp_state = requests.post(base_url, data=data_get_state.encode())\n\n    assert resp_on.status_code == 200\n",
  "slicing": [
   "        base_url = f\"http://{fauxmo_ip}:12345/upnp/control/basicevent1\"\n",
   "        resp_on = requests.post(base_url, data=data_on.encode())\n",
   "        resp_off = requests.post(base_url, data=data_off.encode())\n",
   "        resp_state = requests.post(base_url, data=data_get_state.encode())\n",
   "    assert resp_on.status_code == 200\n",
   "    assert resp_off.status_code == 200\n",
   "    assert resp_state.status_code == 200\n"
  ]
 },
 "41": {
  "name": "resp_on",
  "type": "UNKNOWN",
  "class": "unknown",
  "approach": "Pysonar2",
  "file_path": "fauxmo-plugins/tests/test_restapiplugin.py",
  "lineno": "61",
  "column": "8",
  "context": "auxmo_ip}:12345/upnp/control/basicevent1\"\n        resp_on = requests.post(base_url, data=data_on.encode())\n        resp_off = requests.post(base_url, data=da",
  "context_lines": "    data_on = command_format(\"Set\") + data_template(1)\n    data_off = command_format(\"Set\") + data_template(0)\n\n    with fauxmo_server(config_path_str) as fauxmo_ip:\n        base_url = f\"http://{fauxmo_ip}:12345/upnp/control/basicevent1\"\n        resp_on = requests.post(base_url, data=data_on.encode())\n        resp_off = requests.post(base_url, data=data_off.encode())\n        resp_state = requests.post(base_url, data=data_get_state.encode())\n\n    assert resp_on.status_code == 200\n    assert resp_off.status_code == 200\n",
  "slicing": [
   "        resp_on = requests.post(base_url, data=data_on.encode())\n",
   "    assert resp_on.status_code == 200\n"
  ]
 },
 "42": {
  "name": "resp_off",
  "type": "UNKNOWN",
  "class": "unknown",
  "approach": "Pysonar2",
  "file_path": "fauxmo-plugins/tests/test_restapiplugin.py",
  "lineno": "62",
  "column": "8",
  "context": "sts.post(base_url, data=data_on.encode())\n        resp_off = requests.post(base_url, data=data_off.encode())\n        resp_state = requests.post(base_url, data=",
  "context_lines": "    data_off = command_format(\"Set\") + data_template(0)\n\n    with fauxmo_server(config_path_str) as fauxmo_ip:\n        base_url = f\"http://{fauxmo_ip}:12345/upnp/control/basicevent1\"\n        resp_on = requests.post(base_url, data=data_on.encode())\n        resp_off = requests.post(base_url, data=data_off.encode())\n        resp_state = requests.post(base_url, data=data_get_state.encode())\n\n    assert resp_on.status_code == 200\n    assert resp_off.status_code == 200\n    assert resp_state.status_code == 200\n\n\n",
  "slicing": [
   "        resp_off = requests.post(base_url, data=data_off.encode())\n",
   "    assert resp_off.status_code == 200\n"
  ]
 },
 "43": {
  "name": "resp_state",
  "type": "UNKNOWN",
  "class": "unknown",
  "approach": "Pysonar2",
  "file_path": "fauxmo-plugins/tests/test_restapiplugin.py",
  "lineno": "63",
  "column": "8",
  "context": "ts.post(base_url, data=data_off.encode())\n        resp_state = requests.post(base_url, data=data_get_state.encode())\n\n    assert resp_on.status_code == 200\n    assert ",
  "context_lines": "    with fauxmo_server(config_path_str) as fauxmo_ip:\n        base_url = f\"http://{fauxmo_ip}:12345/upnp/control/basicevent1\"\n        resp_on = requests.post(base_url, data=data_on.encode())\n        resp_off = requests.post(base_url, data=data_off.encode())\n        resp_state = requests.post(base_url, data=data_get_state.encode())\n\n    assert resp_on.status_code == 200\n    assert resp_off.status_code == 200\n    assert resp_state.status_code == 200\n\n\n",
  "slicing": [
   "        resp_state = requests.post(base_url, data=data_get_state.encode())\n",
   "    assert resp_state.status_code == 200\n"
  ]
 },
 "44": {
  "name": "config",
  "type": "dict",
  "class": "build-in",
  "approach": "annotation",
  "file_path": "fauxmo-plugins/tests/test_restapiplugin.py",
  "lineno": "73",
  "column": "8",
  "context": ".\"\"\"\n    with open(config_path_str) as f:\n        config: dict = json.load(f)\n\n    for device_conf in config[\"PLUGINS\"][\"RESTAPI",
  "context_lines": "    assert resp_state.status_code == 200\n\n\ndef test_restapiplugin_unit(restapiplugin_target: pytest.fixture) -> None:\n    \"\"\"Test simple unit tests on just the device without the integration.\"\"\"\n    with open(config_path_str) as f:\n        config: dict = json.load(f)\n\n    for device_conf in config[\"PLUGINS\"][\"RESTAPIPlugin\"][\"DEVICES\"]:\n        device = RESTAPIPlugin(**device_conf)\n        assert device.on() is True\n",
  "slicing": [
   "        config: dict = json.load(f)\n",
   "    for device_conf in config[\"PLUGINS\"][\"RESTAPIPlugin\"][\"DEVICES\"]:\n",
   "        device = RESTAPIPlugin(**device_conf)\n",
   "        assert device.on() is True\n",
   "        assert device.off() is True\n",
   "        state = device.get_state()\n",
   "        if device.state_cmd is not None:\n",
   "            assert state == \"on\"\n",
   "            assert state == \"unknown\"\n"
  ]
 },
 "45": {
  "name": "device",
  "type": "restapiplugin.RESTAPIPlugin",
  "class": "customized",
  "approach": "annotation",
  "file_path": "fauxmo-plugins/tests/test_restapiplugin.py",
  "lineno": "76",
  "column": "8",
  "context": "g[\"PLUGINS\"][\"RESTAPIPlugin\"][\"DEVICES\"]:\n        device = RESTAPIPlugin(**device_conf)\n        assert device.on() is True\n        assert ",
  "context_lines": "    \"\"\"Test simple unit tests on just the device without the integration.\"\"\"\n    with open(config_path_str) as f:\n        config: dict = json.load(f)\n\n    for device_conf in config[\"PLUGINS\"][\"RESTAPIPlugin\"][\"DEVICES\"]:\n        device = RESTAPIPlugin(**device_conf)\n        assert device.on() is True\n        assert device.off() is True\n\n        state = device.get_state()\n        if device.state_cmd is not None:\n",
  "slicing": [
   "        device = RESTAPIPlugin(**device_conf)\n",
   "        assert device.on() is True\n",
   "        assert device.off() is True\n",
   "        state = device.get_state()\n",
   "        if device.state_cmd is not None:\n",
   "            assert state == \"on\"\n",
   "            assert state == \"unknown\"\n"
  ]
 },
 "46": {
  "name": "state",
  "type": "UNKNOWN",
  "class": "unknown",
  "approach": "Pysonar2",
  "file_path": "fauxmo-plugins/tests/test_restapiplugin.py",
  "lineno": "80",
  "column": "8",
  "context": "True\n        assert device.off() is True\n\n        state = device.get_state()\n        if device.state_cmd is not None:\n         ",
  "context_lines": "    for device_conf in config[\"PLUGINS\"][\"RESTAPIPlugin\"][\"DEVICES\"]:\n        device = RESTAPIPlugin(**device_conf)\n        assert device.on() is True\n        assert device.off() is True\n\n        state = device.get_state()\n        if device.state_cmd is not None:\n            assert state == \"on\"\n        else:\n",
  "slicing": [
   "        state = device.get_state()\n",
   "            assert state == \"on\"\n",
   "            assert state == \"unknown\"\n"
  ]
 },
 "47": {
  "name": "config_path_str",
  "type": "str",
  "class": "build-in",
  "approach": "Pysonar2",
  "file_path": "fauxmo-plugins/tests/test_commandlineplugin.py",
  "lineno": "14",
  "column": "0",
  "context": "from commandlineplugin import CommandLinePlugin\n\n\nconfig_path_str = \"tests/test_commandlineplugin_config.json\"\n\n\ndef test_commandlineplugin_integration(fauxmo_se",
  "context_lines": "import json\n\nimport pytest\nimport requests\nfrom commandlineplugin import CommandLinePlugin\n\n\nconfig_path_str = \"tests/test_commandlineplugin_config.json\"\n\n\ndef test_commandlineplugin_integration(fauxmo_server: pytest.fixture) -> None:\n    \"\"\"Test \"on\" and \"off\" actions for CommandLinePlugin.\n\n    This test uses requests to `post` a value to a Fauxmo device that\n",
  "slicing": [
   "config_path_str = \"tests/test_commandlineplugin_config.json\"\n",
   "    with fauxmo_server(config_path_str) as fauxmo_ip:\n",
   "    with open(config_path_str) as f:\n"
  ]
 },
 "48": {
  "name": "command_format",
  "type": "UNKNOWN",
  "class": "unknown",
  "approach": "Pysonar2",
  "file_path": "fauxmo-plugins/tests/test_commandlineplugin.py",
  "lineno": "24",
  "column": "4",
  "context": "uest to turn something `on` or `off`.\n    \"\"\"\n    command_format = (\n        \"SOAPACTION: \" '\"urn:Belkin:service:basice",
  "context_lines": "    This test uses requests to `post` a value to a Fauxmo device that\n    simulates the way the Echo interacts with the Fauxmo server when it gets a\n    request to turn something `on` or `off`.\n    \"\"\"\n    command_format = (\n        \"SOAPACTION: \" '\"urn:Belkin:service:basicevent:1#{}BinaryState\"'.format\n    )\n    data_template = \"<BinaryState>{}</BinaryState>\".format\n\n    data_get_state = command_format(\"Get\")\n",
  "slicing": [
   "    command_format = (\n",
   "    data_get_state = command_format(\"Get\")\n",
   "    data_on = command_format(\"Set\") + data_template(1)\n",
   "    data_off = command_format(\"Set\") + data_template(0)\n",
   "        resp_on = requests.post(base_url, data=data_on.encode())\n",
   "            requests.post(base_url, data=data_off.encode())\n",
   "        resp_state = requests.post(base_url, data=data_get_state.encode())\n",
   "    assert resp_on.status_code == 200\n",
   "    assert resp_state.status_code == 200\n"
  ]
 },
 "49": {
  "name": "data_template",
  "type": "UNKNOWN",
  "class": "unknown",
  "approach": "Pysonar2",
  "file_path": "fauxmo-plugins/tests/test_commandlineplugin.py",
  "lineno": "27",
  "column": "4",
  "context": "ice:basicevent:1#{}BinaryState\"'.format\n    )\n    data_template = \"<BinaryState>{}</BinaryState>\".format\n\n    data_get_state = command_format(\"Get\")\n    da",
  "context_lines": "    \"\"\"\n    command_format = (\n        \"SOAPACTION: \" '\"urn:Belkin:service:basicevent:1#{}BinaryState\"'.format\n    )\n    data_template = \"<BinaryState>{}</BinaryState>\".format\n\n    data_get_state = command_format(\"Get\")\n    data_on = command_format(\"Set\") + data_template(1)\n    data_off = command_format(\"Set\") + data_template(0)\n\n",
  "slicing": [
   "    data_template = \"<BinaryState>{}</BinaryState>\".format\n",
   "    data_on = command_format(\"Set\") + data_template(1)\n",
   "    data_off = command_format(\"Set\") + data_template(0)\n",
   "        resp_on = requests.post(base_url, data=data_on.encode())\n",
   "            requests.post(base_url, data=data_off.encode())\n",
   "    assert resp_on.status_code == 200\n"
  ]
 },
 "50": {
  "name": "data_get_state",
  "type": "UNKNOWN",
  "class": "unknown",
  "approach": "annotation",
  "file_path": "fauxmo-plugins/tests/test_commandlineplugin.py",
  "lineno": "29",
  "column": "4",
  "context": "ate = \"<BinaryState>{}</BinaryState>\".format\n\n    data_get_state = command_format(\"Get\")\n    data_on = command_format(\"Set\") + data_templat",
  "context_lines": "    command_format = (\n        \"SOAPACTION: \" '\"urn:Belkin:service:basicevent:1#{}BinaryState\"'.format\n    )\n    data_template = \"<BinaryState>{}</BinaryState>\".format\n\n    data_get_state = command_format(\"Get\")\n    data_on = command_format(\"Set\") + data_template(1)\n    data_off = command_format(\"Set\") + data_template(0)\n\n    with fauxmo_server(config_path_str) as fauxmo_ip:\n        base_url = f\"http://{fauxmo_ip}:12345/upnp/control/basicevent1\"\n",
  "slicing": [
   "    data_get_state = command_format(\"Get\")\n",
   "        resp_state = requests.post(base_url, data=data_get_state.encode())\n",
   "    assert resp_state.status_code == 200\n"
  ]
 },
 "51": {
  "name": "data_on",
  "type": "str",
  "class": "build-in",
  "approach": "Pysonar2",
  "file_path": "fauxmo-plugins/tests/test_commandlineplugin.py",
  "lineno": "30",
  "column": "4",
  "context": "t\n\n    data_get_state = command_format(\"Get\")\n    data_on = command_format(\"Set\") + data_template(1)\n    data_off = command_format(\"Set\") + data_templa",
  "context_lines": "        \"SOAPACTION: \" '\"urn:Belkin:service:basicevent:1#{}BinaryState\"'.format\n    )\n    data_template = \"<BinaryState>{}</BinaryState>\".format\n\n    data_get_state = command_format(\"Get\")\n    data_on = command_format(\"Set\") + data_template(1)\n    data_off = command_format(\"Set\") + data_template(0)\n\n    with fauxmo_server(config_path_str) as fauxmo_ip:\n        base_url = f\"http://{fauxmo_ip}:12345/upnp/control/basicevent1\"\n        resp_on = requests.post(base_url, data=data_on.encode())\n\n",
  "slicing": [
   "    data_on = command_format(\"Set\") + data_template(1)\n",
   "        resp_on = requests.post(base_url, data=data_on.encode())\n",
   "    assert resp_on.status_code == 200\n"
  ]
 },
 "52": {
  "name": "data_off",
  "type": "str",
  "class": "build-in",
  "approach": "Pysonar2",
  "file_path": "fauxmo-plugins/tests/test_commandlineplugin.py",
  "lineno": "31",
  "column": "4",
  "context": "on = command_format(\"Set\") + data_template(1)\n    data_off = command_format(\"Set\") + data_template(0)\n\n    with fauxmo_server(config_path_str) as fauxmo",
  "context_lines": "    )\n    data_template = \"<BinaryState>{}</BinaryState>\".format\n\n    data_get_state = command_format(\"Get\")\n    data_on = command_format(\"Set\") + data_template(1)\n    data_off = command_format(\"Set\") + data_template(0)\n\n    with fauxmo_server(config_path_str) as fauxmo_ip:\n        base_url = f\"http://{fauxmo_ip}:12345/upnp/control/basicevent1\"\n        resp_on = requests.post(base_url, data=data_on.encode())\n\n",
  "slicing": [
   "    data_off = command_format(\"Set\") + data_template(0)\n",
   "            requests.post(base_url, data=data_off.encode())\n"
  ]
 },
 "53": {
  "name": "base_url",
  "type": "str",
  "class": "build-in",
  "approach": "Pysonar2",
  "file_path": "fauxmo-plugins/tests/test_commandlineplugin.py",
  "lineno": "34",
  "column": "8",
  "context": "xmo_server(config_path_str) as fauxmo_ip:\n        base_url = f\"http://{fauxmo_ip}:12345/upnp/control/basicevent1\"\n        resp_on = requests.post(base_url, data=dat",
  "context_lines": "    data_get_state = command_format(\"Get\")\n    data_on = command_format(\"Set\") + data_template(1)\n    data_off = command_format(\"Set\") + data_template(0)\n\n    with fauxmo_server(config_path_str) as fauxmo_ip:\n        base_url = f\"http://{fauxmo_ip}:12345/upnp/control/basicevent1\"\n        resp_on = requests.post(base_url, data=data_on.encode())\n\n        # Off command return code is not 0, so hangs and returns an error to\n        # notify user that command failed\n        with pytest.raises(requests.exceptions.ConnectionError):\n",
  "slicing": [
   "        base_url = f\"http://{fauxmo_ip}:12345/upnp/control/basicevent1\"\n",
   "        resp_on = requests.post(base_url, data=data_on.encode())\n",
   "            requests.post(base_url, data=data_off.encode())\n",
   "        resp_state = requests.post(base_url, data=data_get_state.encode())\n",
   "    assert resp_on.status_code == 200\n",
   "    assert resp_state.status_code == 200\n"
  ]
 },
 "54": {
  "name": "resp_on",
  "type": "UNKNOWN",
  "class": "unknown",
  "approach": "Pysonar2",
  "file_path": "fauxmo-plugins/tests/test_commandlineplugin.py",
  "lineno": "35",
  "column": "8",
  "context": "auxmo_ip}:12345/upnp/control/basicevent1\"\n        resp_on = requests.post(base_url, data=data_on.encode())\n\n        # Off command return code is not 0, so ha",
  "context_lines": "    data_on = command_format(\"Set\") + data_template(1)\n    data_off = command_format(\"Set\") + data_template(0)\n\n    with fauxmo_server(config_path_str) as fauxmo_ip:\n        base_url = f\"http://{fauxmo_ip}:12345/upnp/control/basicevent1\"\n        resp_on = requests.post(base_url, data=data_on.encode())\n\n        # Off command return code is not 0, so hangs and returns an error to\n        # notify user that command failed\n        with pytest.raises(requests.exceptions.ConnectionError):\n",
  "slicing": [
   "        resp_on = requests.post(base_url, data=data_on.encode())\n",
   "    assert resp_on.status_code == 200\n"
  ]
 },
 "55": {
  "name": "resp_state",
  "type": "UNKNOWN",
  "class": "unknown",
  "approach": "Pysonar2",
  "file_path": "fauxmo-plugins/tests/test_commandlineplugin.py",
  "lineno": "42",
  "column": "8",
  "context": "s.post(base_url, data=data_off.encode())\n\n        resp_state = requests.post(base_url, data=data_get_state.encode())\n\n    assert resp_on.status_code == 200\n    assert ",
  "context_lines": "        # Off command return code is not 0, so hangs and returns an error to\n        # notify user that command failed\n        with pytest.raises(requests.exceptions.ConnectionError):\n            requests.post(base_url, data=data_off.encode())\n\n        resp_state = requests.post(base_url, data=data_get_state.encode())\n\n    assert resp_on.status_code == 200\n    assert resp_state.status_code == 200\n\n\ndef test_commandlineplugin_unit() -> None:\n",
  "slicing": [
   "        resp_state = requests.post(base_url, data=data_get_state.encode())\n",
   "    assert resp_state.status_code == 200\n"
  ]
 },
 "56": {
  "name": "config",
  "type": "UNKNOWN",
  "class": "unknown",
  "approach": "Pysonar2",
  "file_path": "fauxmo-plugins/tests/test_commandlineplugin.py",
  "lineno": "51",
  "column": "8",
  "context": ".\"\"\"\n    with open(config_path_str) as f:\n        config = json.load(f)\n\n    for device_conf in config[\"PLUGINS\"][\"Command",
  "context_lines": "    assert resp_state.status_code == 200\n\n\ndef test_commandlineplugin_unit() -> None:\n    \"\"\"Test simpler unit tests on just the device without the integration.\"\"\"\n    with open(config_path_str) as f:\n        config = json.load(f)\n\n    for device_conf in config[\"PLUGINS\"][\"CommandLinePlugin\"][\"DEVICES\"]:\n        device = CommandLinePlugin(**device_conf)\n        assert device.on() is True\n",
  "slicing": [
   "        config = json.load(f)\n",
   "    for device_conf in config[\"PLUGINS\"][\"CommandLinePlugin\"][\"DEVICES\"]:\n",
   "        device = CommandLinePlugin(**device_conf)\n",
   "        assert device.on() is True\n",
   "        assert device.off() is False\n",
   "        state = device.get_state()\n",
   "        if device.state_cmd is None:\n",
   "            assert state == \"unknown\"\n",
   "            if \"on state\" in device.name:\n",
   "                assert state == \"on\"\n",
   "            elif \"off state\" in device.name:\n",
   "                assert state == \"off\"\n"
  ]
 },
 "57": {
  "name": "device",
  "type": "commandlineplugin.CommandLinePlugin",
  "class": "customized",
  "approach": "annotation",
  "file_path": "fauxmo-plugins/tests/test_commandlineplugin.py",
  "lineno": "54",
  "column": "8",
  "context": "LUGINS\"][\"CommandLinePlugin\"][\"DEVICES\"]:\n        device = CommandLinePlugin(**device_conf)\n        assert device.on() is True\n        assert ",
  "context_lines": "    \"\"\"Test simpler unit tests on just the device without the integration.\"\"\"\n    with open(config_path_str) as f:\n        config = json.load(f)\n\n    for device_conf in config[\"PLUGINS\"][\"CommandLinePlugin\"][\"DEVICES\"]:\n        device = CommandLinePlugin(**device_conf)\n        assert device.on() is True\n        assert device.off() is False\n\n        state = device.get_state()\n        if device.state_cmd is None:\n",
  "slicing": [
   "        device = CommandLinePlugin(**device_conf)\n",
   "        assert device.on() is True\n",
   "        assert device.off() is False\n",
   "        state = device.get_state()\n",
   "        if device.state_cmd is None:\n",
   "            assert state == \"unknown\"\n",
   "            if \"on state\" in device.name:\n",
   "                assert state == \"on\"\n",
   "            elif \"off state\" in device.name:\n",
   "                assert state == \"off\"\n"
  ]
 },
 "58": {
  "name": "state",
  "type": "UNKNOWN",
  "class": "unknown",
  "approach": "Pysonar2",
  "file_path": "fauxmo-plugins/tests/test_commandlineplugin.py",
  "lineno": "58",
  "column": "8",
  "context": "rue\n        assert device.off() is False\n\n        state = device.get_state()\n        if device.state_cmd is None:\n            a",
  "context_lines": "    for device_conf in config[\"PLUGINS\"][\"CommandLinePlugin\"][\"DEVICES\"]:\n        device = CommandLinePlugin(**device_conf)\n        assert device.on() is True\n        assert device.off() is False\n\n        state = device.get_state()\n        if device.state_cmd is None:\n            assert state == \"unknown\"\n        else:\n            if \"on state\" in device.name:\n",
  "slicing": [
   "        state = device.get_state()\n",
   "            assert state == \"unknown\"\n",
   "                assert state == \"on\"\n",
   "                assert state == \"off\"\n"
  ]
 },
 "59": {
  "name": "cmd",
  "type": "str",
  "class": "build-in",
  "approach": "annotation",
  "file_path": "fauxmo-plugins/restapiplugin.py",
  "lineno": "169",
  "column": "24",
  "context": "off_data, self.off_json)\n\n    def set_state(self, cmd: str, data: dict, json: dict) -> bool:\n        \"\"\"Call HTTP method via Requests.\"\"\"\n     ",
  "context_lines": "        return self.set_state(self.on_cmd, self.on_data, self.on_json)\n\n    def off(self) -> bool:\n        \"\"\"Turn device off.\"\"\"\n        return self.set_state(self.off_cmd, self.off_data, self.off_json)\n\n    def set_state(self, cmd: str, data: dict, json: dict) -> bool:\n        \"\"\"Call HTTP method via Requests.\"\"\"\n        r = requests.request(\n            self.method,\n            cmd,\n",
  "slicing": "    def set_state(self, cmd: str, data: dict, json: dict) -> bool:\n"
 },
 "60": {
  "name": "data",
  "type": "dict",
  "class": "build-in",
  "approach": "annotation",
  "file_path": "fauxmo-plugins/restapiplugin.py",
  "lineno": "169",
  "column": "34",
  "context": "self.off_json)\n\n    def set_state(self, cmd: str, data: dict, json: dict) -> bool:\n        \"\"\"Call HTTP method via Requests.\"\"\"\n     ",
  "context_lines": "        return self.set_state(self.on_cmd, self.on_data, self.on_json)\n\n    def off(self) -> bool:\n        \"\"\"Turn device off.\"\"\"\n        return self.set_state(self.off_cmd, self.off_data, self.off_json)\n\n    def set_state(self, cmd: str, data: dict, json: dict) -> bool:\n        \"\"\"Call HTTP method via Requests.\"\"\"\n        r = requests.request(\n            self.method,\n            cmd,\n",
  "slicing": "    def set_state(self, cmd: str, data: dict, json: dict) -> bool:\n"
 },
 "61": {
  "name": "json",
  "type": "dict",
  "class": "build-in",
  "approach": "annotation",
  "file_path": "fauxmo-plugins/restapiplugin.py",
  "lineno": "169",
  "column": "46",
  "context": "n)\n\n    def set_state(self, cmd: str, data: dict, json: dict) -> bool:\n        \"\"\"Call HTTP method via Requests.\"\"\"\n     ",
  "context_lines": "        return self.set_state(self.on_cmd, self.on_data, self.on_json)\n\n    def off(self) -> bool:\n        \"\"\"Turn device off.\"\"\"\n        return self.set_state(self.off_cmd, self.off_data, self.off_json)\n\n    def set_state(self, cmd: str, data: dict, json: dict) -> bool:\n        \"\"\"Call HTTP method via Requests.\"\"\"\n        r = requests.request(\n            self.method,\n            cmd,\n",
  "slicing": "    def set_state(self, cmd: str, data: dict, json: dict) -> bool:\n"
 },
 "62": {
  "name": "name",
  "type": "str",
  "class": "build-in",
  "approach": "annotation",
  "file_path": "fauxmo-plugins/homeassistantplugin.py",
  "lineno": "79",
  "column": "8",
  "context": "},\n    }\n\n    def __init__(\n        self,\n        name: str,\n        port: int,\n        entity_id: str,\n       ",
  "context_lines": "        \"switch\": {\"on\": \"turn_on\", \"off\": \"turn_off\"},\n    }\n\n    def __init__(\n        self,\n        name: str,\n        port: int,\n        entity_id: str,\n        ha_host: str,\n        ha_port: int = 8123,\n",
  "slicing": "        name: str,\n"
 },
 "63": {
  "name": "port",
  "type": "int",
  "class": "build-in",
  "approach": "annotation",
  "file_path": "fauxmo-plugins/homeassistantplugin.py",
  "lineno": "80",
  "column": "8",
  "context": "_init__(\n        self,\n        name: str,\n        port: int,\n        entity_id: str,\n        ha_host: str,\n    ",
  "context_lines": "    }\n\n    def __init__(\n        self,\n        name: str,\n        port: int,\n        entity_id: str,\n        ha_host: str,\n        ha_port: int = 8123,\n        ha_protocol: str = \"http\",\n",
  "slicing": "        port: int,\n"
 },
 "64": {
  "name": "entity_id",
  "type": "str",
  "class": "build-in",
  "approach": "annotation",
  "file_path": "fauxmo-plugins/homeassistantplugin.py",
  "lineno": "81",
  "column": "8",
  "context": "lf,\n        name: str,\n        port: int,\n        entity_id: str,\n        ha_host: str,\n        ha_port: int = 8123,",
  "context_lines": "    def __init__(\n        self,\n        name: str,\n        port: int,\n        entity_id: str,\n        ha_host: str,\n        ha_port: int = 8123,\n        ha_protocol: str = \"http\",\n        ha_token: str = None,\n",
  "slicing": "        entity_id: str,\n"
 },
 "65": {
  "name": "ha_host",
  "type": "str",
  "class": "build-in",
  "approach": "annotation",
  "file_path": "fauxmo-plugins/homeassistantplugin.py",
  "lineno": "82",
  "column": "8",
  "context": "       port: int,\n        entity_id: str,\n        ha_host: str,\n        ha_port: int = 8123,\n        ha_protocol: ",
  "context_lines": "        self,\n        name: str,\n        port: int,\n        entity_id: str,\n        ha_host: str,\n        ha_port: int = 8123,\n        ha_protocol: str = \"http\",\n        ha_token: str = None,\n    ) -> None:\n",
  "slicing": "        ha_host: str,\n"
 },
 "66": {
  "name": "ha_port",
  "type": "int",
  "class": "build-in",
  "approach": "annotation",
  "file_path": "fauxmo-plugins/homeassistantplugin.py",
  "lineno": "83",
  "column": "8",
  "context": "    entity_id: str,\n        ha_host: str,\n        ha_port: int = 8123,\n        ha_protocol: str = \"http\",\n        ha_toke",
  "context_lines": "        name: str,\n        port: int,\n        entity_id: str,\n        ha_host: str,\n        ha_port: int = 8123,\n        ha_protocol: str = \"http\",\n        ha_token: str = None,\n    ) -> None:\n        \"\"\"Initialize a HomeAssistantPlugin instance.\n\n",
  "slicing": "        ha_port: int = 8123,\n"
 },
 "67": {
  "name": "ha_protocol",
  "type": "str",
  "class": "build-in",
  "approach": "annotation",
  "file_path": "fauxmo-plugins/homeassistantplugin.py",
  "lineno": "84",
  "column": "8",
  "context": "a_host: str,\n        ha_port: int = 8123,\n        ha_protocol: str = \"http\",\n        ha_token: str = None,\n    ) -> None:\n     ",
  "context_lines": "        port: int,\n        entity_id: str,\n        ha_host: str,\n        ha_port: int = 8123,\n        ha_protocol: str = \"http\",\n        ha_token: str = None,\n    ) -> None:\n        \"\"\"Initialize a HomeAssistantPlugin instance.\n\n        Args:\n",
  "slicing": "        ha_protocol: str = \"http\",\n"
 },
 "68": {
  "name": "ha_token",
  "type": "str",
  "class": "build-in",
  "approach": "annotation",
  "file_path": "fauxmo-plugins/homeassistantplugin.py",
  "lineno": "85",
  "column": "8",
  "context": " 8123,\n        ha_protocol: str = \"http\",\n        ha_token: str = None,\n    ) -> None:\n        \"\"\"Initialize a HomeAssista",
  "context_lines": "        entity_id: str,\n        ha_host: str,\n        ha_port: int = 8123,\n        ha_protocol: str = \"http\",\n        ha_token: str = None,\n    ) -> None:\n        \"\"\"Initialize a HomeAssistantPlugin instance.\n\n        Args:\n            ha_token: Long-lived HomeAssistant token\n",
  "slicing": "        ha_token: str = None,\n"
 },
 "69": {
  "name": "signal",
  "type": "str",
  "class": "build-in",
  "approach": "annotation",
  "file_path": "fauxmo-plugins/homeassistantplugin.py",
  "lineno": "110",
  "column": "19",
  "context": "_init__(name=name, port=port)\n\n    def send(self, signal: str) -> bool:\n        \"\"\"Send `signal` as determined by service_",
  "context_lines": "            \"Authorization\": f\"Bearer {ha_token}\",\n            \"content-type\": \"application/json\",\n        }\n        super().__init__(name=name, port=port)\n\n    def send(self, signal: str) -> bool:\n        \"\"\"Send `signal` as determined by service_map.\n\n        Args:\n            signal: the signal the service should recongize\n        \"\"\"\n",
  "slicing": "    def send(self, signal: str) -> bool:\n"
 },
 "70": {
  "name": "client",
  "type": "UNKNOWN",
  "class": "unknown",
  "approach": "annotation",
  "file_path": "fauxmo-plugins/mqttplugin.py",
  "lineno": "133",
  "column": "14",
  "context": "._subscribed\n\n    def on_subscribe(\n        self, client: Client, userdata: str, mid: int, granted_qos: List[int]\n    ) -> None:\n        \"\"\"Set attribute to show th",
  "context_lines": "    def subscribed(self) -> bool:\n        \"\"\"Property to return whether the subscription has completed.\"\"\"\n        return self._subscribed\n\n    def on_subscribe(\n        self, client: Client, userdata: str, mid: int, granted_qos: List[int]\n    ) -> None:\n        \"\"\"Set attribute to show that initial subscription is complete.\"\"\"\n        self._subscribed = True\n\n    def on_connect(\n",
  "slicing": "        self, client: Client, userdata: str, mid: int, granted_qos: List[int]\n"
 },
 "71": {
  "name": "userdata",
  "type": "str",
  "class": "build-in",
  "approach": "annotation",
  "file_path": "fauxmo-plugins/mqttplugin.py",
  "lineno": "133",
  "column": "30",
  "context": "  def on_subscribe(\n        self, client: Client, userdata: str, mid: int, granted_qos: List[int]\n    ) -> None:\n        \"\"\"Set attribute to show th",
  "context_lines": "    def subscribed(self) -> bool:\n        \"\"\"Property to return whether the subscription has completed.\"\"\"\n        return self._subscribed\n\n    def on_subscribe(\n        self, client: Client, userdata: str, mid: int, granted_qos: List[int]\n    ) -> None:\n        \"\"\"Set attribute to show that initial subscription is complete.\"\"\"\n        self._subscribed = True\n\n    def on_connect(\n",
  "slicing": "        self, client: Client, userdata: str, mid: int, granted_qos: List[int]\n"
 },
 "72": {
  "name": "mid",
  "type": "int",
  "class": "build-in",
  "approach": "annotation",
  "file_path": "fauxmo-plugins/mqttplugin.py",
  "lineno": "133",
  "column": "45",
  "context": "ibe(\n        self, client: Client, userdata: str, mid: int, granted_qos: List[int]\n    ) -> None:\n        \"\"\"Set attribute to show th",
  "context_lines": "    def subscribed(self) -> bool:\n        \"\"\"Property to return whether the subscription has completed.\"\"\"\n        return self._subscribed\n\n    def on_subscribe(\n        self, client: Client, userdata: str, mid: int, granted_qos: List[int]\n    ) -> None:\n        \"\"\"Set attribute to show that initial subscription is complete.\"\"\"\n        self._subscribed = True\n\n    def on_connect(\n",
  "slicing": "        self, client: Client, userdata: str, mid: int, granted_qos: List[int]\n"
 },
 "73": {
  "name": "granted_qos",
  "type": "dict",
  "class": "build-in",
  "approach": "annotation",
  "file_path": "fauxmo-plugins/mqttplugin.py",
  "lineno": "133",
  "column": "55",
  "context": "   self, client: Client, userdata: str, mid: int, granted_qos: List[int]\n    ) -> None:\n        \"\"\"Set attribute to show th",
  "context_lines": "    def subscribed(self) -> bool:\n        \"\"\"Property to return whether the subscription has completed.\"\"\"\n        return self._subscribed\n\n    def on_subscribe(\n        self, client: Client, userdata: str, mid: int, granted_qos: List[int]\n    ) -> None:\n        \"\"\"Set attribute to show that initial subscription is complete.\"\"\"\n        self._subscribed = True\n\n    def on_connect(\n",
  "slicing": "        self, client: Client, userdata: str, mid: int, granted_qos: List[int]\n"
 },
 "74": {
  "name": "client",
  "type": "UNKNOWN",
  "class": "unknown",
  "approach": "annotation",
  "file_path": "fauxmo-plugins/mqttplugin.py",
  "lineno": "139",
  "column": "14",
  "context": "scribed = True\n\n    def on_connect(\n        self, client: Client, userdata: str, flags: dict, rc: int\n    ) -> None:\n        \"\"\"Subscribe to state comma",
  "context_lines": "    ) -> None:\n        \"\"\"Set attribute to show that initial subscription is complete.\"\"\"\n        self._subscribed = True\n\n    def on_connect(\n        self, client: Client, userdata: str, flags: dict, rc: int\n    ) -> None:\n        \"\"\"Subscribe to state command on connect (or reconnect).\"\"\"\n        if self.state_cmd is not None:\n            self.client.subscribe(self.state_cmd)\n\n",
  "slicing": "        self, client: Client, userdata: str, flags: dict, rc: int\n"
 },
 "75": {
  "name": "userdata",
  "type": "str",
  "class": "build-in",
  "approach": "annotation",
  "file_path": "fauxmo-plugins/mqttplugin.py",
  "lineno": "139",
  "column": "30",
  "context": "    def on_connect(\n        self, client: Client, userdata: str, flags: dict, rc: int\n    ) -> None:\n        \"\"\"Subscribe to state comma",
  "context_lines": "    ) -> None:\n        \"\"\"Set attribute to show that initial subscription is complete.\"\"\"\n        self._subscribed = True\n\n    def on_connect(\n        self, client: Client, userdata: str, flags: dict, rc: int\n    ) -> None:\n        \"\"\"Subscribe to state command on connect (or reconnect).\"\"\"\n        if self.state_cmd is not None:\n            self.client.subscribe(self.state_cmd)\n\n",
  "slicing": "        self, client: Client, userdata: str, flags: dict, rc: int\n"
 },
 "76": {
  "name": "flags",
  "type": "dict",
  "class": "build-in",
  "approach": "annotation",
  "file_path": "fauxmo-plugins/mqttplugin.py",
  "lineno": "139",
  "column": "45",
  "context": "ect(\n        self, client: Client, userdata: str, flags: dict, rc: int\n    ) -> None:\n        \"\"\"Subscribe to state comma",
  "context_lines": "    ) -> None:\n        \"\"\"Set attribute to show that initial subscription is complete.\"\"\"\n        self._subscribed = True\n\n    def on_connect(\n        self, client: Client, userdata: str, flags: dict, rc: int\n    ) -> None:\n        \"\"\"Subscribe to state command on connect (or reconnect).\"\"\"\n        if self.state_cmd is not None:\n            self.client.subscribe(self.state_cmd)\n\n",
  "slicing": "        self, client: Client, userdata: str, flags: dict, rc: int\n"
 },
 "77": {
  "name": "rc",
  "type": "int",
  "class": "build-in",
  "approach": "annotation",
  "file_path": "fauxmo-plugins/mqttplugin.py",
  "lineno": "139",
  "column": "58",
  "context": "self, client: Client, userdata: str, flags: dict, rc: int\n    ) -> None:\n        \"\"\"Subscribe to state comma",
  "context_lines": "    ) -> None:\n        \"\"\"Set attribute to show that initial subscription is complete.\"\"\"\n        self._subscribed = True\n\n    def on_connect(\n        self, client: Client, userdata: str, flags: dict, rc: int\n    ) -> None:\n        \"\"\"Subscribe to state command on connect (or reconnect).\"\"\"\n        if self.state_cmd is not None:\n            self.client.subscribe(self.state_cmd)\n\n",
  "slicing": "        self, client: Client, userdata: str, flags: dict, rc: int\n"
 },
 "78": {
  "name": "client",
  "type": "UNKNOWN",
  "class": "unknown",
  "approach": "annotation",
  "file_path": "fauxmo-plugins/mqttplugin.py",
  "lineno": "146",
  "column": "14",
  "context": "elf.state_cmd)\n\n    def on_message(\n        self, client: Client, userdata: str, message: MQTTMessage\n    ) -> None:\n        \"\"\"Process an incoming mess",
  "context_lines": "        \"\"\"Subscribe to state command on connect (or reconnect).\"\"\"\n        if self.state_cmd is not None:\n            self.client.subscribe(self.state_cmd)\n\n    def on_message(\n        self, client: Client, userdata: str, message: MQTTMessage\n    ) -> None:\n        \"\"\"Process an incoming message.\"\"\"\n        status = message.payload.decode(\"utf-8\")\n\n        if status == self.off_value:\n",
  "slicing": "        self, client: Client, userdata: str, message: MQTTMessage\n"
 },
 "79": {
  "name": "userdata",
  "type": "str",
  "class": "build-in",
  "approach": "annotation",
  "file_path": "fauxmo-plugins/mqttplugin.py",
  "lineno": "146",
  "column": "30",
  "context": "    def on_message(\n        self, client: Client, userdata: str, message: MQTTMessage\n    ) -> None:\n        \"\"\"Process an incoming mess",
  "context_lines": "        \"\"\"Subscribe to state command on connect (or reconnect).\"\"\"\n        if self.state_cmd is not None:\n            self.client.subscribe(self.state_cmd)\n\n    def on_message(\n        self, client: Client, userdata: str, message: MQTTMessage\n    ) -> None:\n        \"\"\"Process an incoming message.\"\"\"\n        status = message.payload.decode(\"utf-8\")\n\n        if status == self.off_value:\n",
  "slicing": "        self, client: Client, userdata: str, message: MQTTMessage\n"
 },
 "80": {
  "name": "message",
  "type": "UNKNOWN",
  "class": "unknown",
  "approach": "annotation",
  "file_path": "fauxmo-plugins/mqttplugin.py",
  "lineno": "146",
  "column": "45",
  "context": "age(\n        self, client: Client, userdata: str, message: MQTTMessage\n    ) -> None:\n        \"\"\"Process an incoming mess",
  "context_lines": "        \"\"\"Subscribe to state command on connect (or reconnect).\"\"\"\n        if self.state_cmd is not None:\n            self.client.subscribe(self.state_cmd)\n\n    def on_message(\n        self, client: Client, userdata: str, message: MQTTMessage\n    ) -> None:\n        \"\"\"Process an incoming message.\"\"\"\n        status = message.payload.decode(\"utf-8\")\n\n        if status == self.off_value:\n",
  "slicing": "        self, client: Client, userdata: str, message: MQTTMessage\n"
 },
 "81": {
  "name": "topic",
  "type": "str",
  "class": "build-in",
  "approach": "annotation",
  "file_path": "fauxmo-plugins/mqttplugin.py",
  "lineno": "156",
  "column": "23",
  "context": "       self.status = \"on\"\n\n    def _publish(self, topic: str, value: str) -> bool:\n        msg = self.client.publish(topic, value)\n  ",
  "context_lines": "        if status == self.off_value:\n            self.status = \"off\"\n        elif status == self.on_value:\n            self.status = \"on\"\n\n    def _publish(self, topic: str, value: str) -> bool:\n        msg = self.client.publish(topic, value)\n        try:\n            msg.wait_for_publish()\n        except ValueError:\n",
  "slicing": "    def _publish(self, topic: str, value: str) -> bool:\n"
 },
 "82": {
  "name": "value",
  "type": "str",
  "class": "build-in",
  "approach": "annotation",
  "file_path": "fauxmo-plugins/mqttplugin.py",
  "lineno": "156",
  "column": "35",
  "context": "status = \"on\"\n\n    def _publish(self, topic: str, value: str) -> bool:\n        msg = self.client.publish(topic, value)\n  ",
  "context_lines": "        if status == self.off_value:\n            self.status = \"off\"\n        elif status == self.on_value:\n            self.status = \"on\"\n\n    def _publish(self, topic: str, value: str) -> bool:\n        msg = self.client.publish(topic, value)\n        try:\n            msg.wait_for_publish()\n        except ValueError:\n",
  "slicing": "    def _publish(self, topic: str, value: str) -> bool:\n"
 },
 "83": {
  "name": "name",
  "type": "str",
  "class": "build-in",
  "approach": "annotation",
  "file_path": "fauxmo-plugins/commandlineplugin.py",
  "lineno": "60",
  "column": "8",
  "context": "hine.\"\"\"\n\n    def __init__(\n        self,\n        name: str,\n        port: int,\n        on_cmd: str,\n        of",
  "context_lines": "class CommandLinePlugin(FauxmoPlugin):\n    \"\"\"Fauxmo Plugin for running commands on the local machine.\"\"\"\n\n    def __init__(\n        self,\n        name: str,\n        port: int,\n        on_cmd: str,\n        off_cmd: str,\n        state_cmd: str = None,\n",
  "slicing": "        name: str,\n"
 },
 "84": {
  "name": "port",
  "type": "int",
  "class": "build-in",
  "approach": "annotation",
  "file_path": "fauxmo-plugins/commandlineplugin.py",
  "lineno": "61",
  "column": "8",
  "context": "_init__(\n        self,\n        name: str,\n        port: int,\n        on_cmd: str,\n        off_cmd: str,\n       ",
  "context_lines": "    \"\"\"Fauxmo Plugin for running commands on the local machine.\"\"\"\n\n    def __init__(\n        self,\n        name: str,\n        port: int,\n        on_cmd: str,\n        off_cmd: str,\n        state_cmd: str = None,\n    ) -> None:\n",
  "slicing": "        port: int,\n"
 },
 "85": {
  "name": "on_cmd",
  "type": "str",
  "class": "build-in",
  "approach": "annotation",
  "file_path": "fauxmo-plugins/commandlineplugin.py",
  "lineno": "62",
  "column": "8",
  "context": "lf,\n        name: str,\n        port: int,\n        on_cmd: str,\n        off_cmd: str,\n        state_cmd: str = Non",
  "context_lines": "    def __init__(\n        self,\n        name: str,\n        port: int,\n        on_cmd: str,\n        off_cmd: str,\n        state_cmd: str = None,\n    ) -> None:\n        \"\"\"Initialize a CommandLinePlugin instance.\n\n",
  "slicing": "        on_cmd: str,\n"
 },
 "86": {
  "name": "off_cmd",
  "type": "str",
  "class": "build-in",
  "approach": "annotation",
  "file_path": "fauxmo-plugins/commandlineplugin.py",
  "lineno": "63",
  "column": "8",
  "context": ",\n        port: int,\n        on_cmd: str,\n        off_cmd: str,\n        state_cmd: str = None,\n    ) -> None:\n    ",
  "context_lines": "        self,\n        name: str,\n        port: int,\n        on_cmd: str,\n        off_cmd: str,\n        state_cmd: str = None,\n    ) -> None:\n        \"\"\"Initialize a CommandLinePlugin instance.\n\n        Args:\n",
  "slicing": "        off_cmd: str,\n"
 },
 "87": {
  "name": "state_cmd",
  "type": "str",
  "class": "build-in",
  "approach": "annotation",
  "file_path": "fauxmo-plugins/commandlineplugin.py",
  "lineno": "64",
  "column": "8",
  "context": "       on_cmd: str,\n        off_cmd: str,\n        state_cmd: str = None,\n    ) -> None:\n        \"\"\"Initialize a CommandLine",
  "context_lines": "        name: str,\n        port: int,\n        on_cmd: str,\n        off_cmd: str,\n        state_cmd: str = None,\n    ) -> None:\n        \"\"\"Initialize a CommandLinePlugin instance.\n\n        Args:\n            name: Name for this Fauxmo device\n",
  "slicing": "        state_cmd: str = None,\n"
 },
 "88": {
  "name": "cmd",
  "type": "str",
  "class": "build-in",
  "approach": "annotation",
  "file_path": "fauxmo-plugins/commandlineplugin.py",
  "lineno": "81",
  "column": "22",
  "context": "it__(name=name, port=port)\n\n    def run_cmd(self, cmd: str) -> bool:\n        \"\"\"Partialmethod to run command.\n\n        ",
  "context_lines": "        self.on_cmd = on_cmd\n        self.off_cmd = off_cmd\n        self.state_cmd = state_cmd\n\n        super().__init__(name=name, port=port)\n\n    def run_cmd(self, cmd: str) -> bool:\n        \"\"\"Partialmethod to run command.\n\n        Args:\n            cmd: Command to be run\n        Returns:\n",
  "slicing": "    def run_cmd(self, cmd: str) -> bool:\n"
 },
 "89": {
  "name": "mock_client",
  "type": "UNKNOWN",
  "class": "unknown",
  "approach": "annotation",
  "file_path": "fauxmo-plugins/tests/test_mqttplugin.py",
  "lineno": "50",
  "column": "19",
  "context": "plugin.Client\", autospec=True)\ndef test_mqtt_auth(mock_client: MagicMock) -> None:\n    \"\"\"Ensure auth is being used if available.\"\"\"\n",
  "context_lines": "                break\n            time.sleep(0.1)\n        assert state == \"off\"\n\n\n@patch(\"mqttplugin.Client\", autospec=True)\ndef test_mqtt_auth(mock_client: MagicMock) -> None:\n    \"\"\"Ensure auth is being used if available.\"\"\"\n    mock_instance = mock_client.return_value\n    with open(config_path_str) as f:\n        config: dict = json.load(f)\n\n",
  "slicing": "def test_mqtt_auth(mock_client: MagicMock) -> None:\n"
 },
 "90": {
  "name": "mock_client",
  "type": "UNKNOWN",
  "class": "unknown",
  "approach": "annotation",
  "file_path": "fauxmo-plugins/tests/test_mqttplugin.py",
  "lineno": "68",
  "column": "22",
  "context": "gin.Client\", autospec=True)\ndef test_mqtt_nostate(mock_client: MagicMock) -> None:\n    \"\"\"If state_cmd is not specified, loop_start i",
  "context_lines": "    mock_instance.username_pw_set.assert_called_once_with(\n        \"MyUser\", \"MyPassword\"\n    )\n\n\n@patch(\"mqttplugin.Client\", autospec=True)\ndef test_mqtt_nostate(mock_client: MagicMock) -> None:\n    \"\"\"If state_cmd is not specified, loop_start is not called.\"\"\"\n    mock_instance = mock_client.return_value\n    with open(config_path_str) as f:\n        config: dict = json.load(f)\n\n",
  "slicing": "def test_mqtt_nostate(mock_client: MagicMock) -> None:\n"
 },
 "91": {
  "name": "mock_client",
  "type": "UNKNOWN",
  "class": "unknown",
  "approach": "annotation",
  "file_path": "fauxmo-plugins/tests/test_mqttplugin.py",
  "lineno": "86",
  "column": "21",
  "context": "ugin.Client\", autospec=True)\ndef test_mqtt_noauth(mock_client: MagicMock) -> None:\n    \"\"\"Ensure auth is not being used if not config",
  "context_lines": "    mock_instance.loop_start.assert_not_called()\n    mock_instance.subscribe.assert_not_called()\n    assert device.subscribed is False\n\n\n@patch(\"mqttplugin.Client\", autospec=True)\ndef test_mqtt_noauth(mock_client: MagicMock) -> None:\n    \"\"\"Ensure auth is not being used if not configured.\"\"\"\n    mock_instance = mock_client.return_value\n    with open(config_path_str) as f:\n        config: dict = json.load(f)\n\n",
  "slicing": "def test_mqtt_noauth(mock_client: MagicMock) -> None:\n"
 },
 "92": {
  "name": "fauxmo_server",
  "type": "UNKNOWN",
  "class": "unknown",
  "approach": "Pysonar2",
  "file_path": "fauxmo-plugins/tests/test_restapiplugin.py",
  "lineno": "36",
  "column": "4",
  "context": ".join()\n\n\ndef test_restapiplugin_integration(\n    fauxmo_server: pytest.fixture, restapiplugin_target: pytest.fixture\n) -> None:\n    \"\"\"Test \"on\" and \"off\" actions for ",
  "context_lines": "    yield\n\n    fauxmo_device.terminate()\n    fauxmo_device.join()\n\n\ndef test_restapiplugin_integration(\n    fauxmo_server: pytest.fixture, restapiplugin_target: pytest.fixture\n) -> None:\n    \"\"\"Test \"on\" and \"off\" actions for RESTAPIPlugin.\n\n    This test uses requests to `post` a value to a Fauxmo device that\n    simulates the way the Echo interacts with the Fauxmo server when it gets a\n",
  "slicing": "    fauxmo_server: pytest.fixture, restapiplugin_target: pytest.fixture\n"
 },
 "93": {
  "name": "restapiplugin_target",
  "type": "UNKNOWN",
  "class": "unknown",
  "approach": "Pysonar2",
  "file_path": "fauxmo-plugins/tests/test_restapiplugin.py",
  "lineno": "36",
  "column": "35",
  "context": "n_integration(\n    fauxmo_server: pytest.fixture, restapiplugin_target: pytest.fixture\n) -> None:\n    \"\"\"Test \"on\" and \"off\" actions for ",
  "context_lines": "    yield\n\n    fauxmo_device.terminate()\n    fauxmo_device.join()\n\n\ndef test_restapiplugin_integration(\n    fauxmo_server: pytest.fixture, restapiplugin_target: pytest.fixture\n) -> None:\n    \"\"\"Test \"on\" and \"off\" actions for RESTAPIPlugin.\n\n    This test uses requests to `post` a value to a Fauxmo device that\n    simulates the way the Echo interacts with the Fauxmo server when it gets a\n",
  "slicing": "    fauxmo_server: pytest.fixture, restapiplugin_target: pytest.fixture\n"
 },
 "94": {
  "name": "restapiplugin_target",
  "type": "UNKNOWN",
  "class": "unknown",
  "approach": "Pysonar2",
  "file_path": "fauxmo-plugins/tests/test_restapiplugin.py",
  "lineno": "70",
  "column": "28",
  "context": ".status_code == 200\n\n\ndef test_restapiplugin_unit(restapiplugin_target: pytest.fixture) -> None:\n    \"\"\"Test simple unit tests on just the device w",
  "context_lines": "        resp_state = requests.post(base_url, data=data_get_state.encode())\n\n    assert resp_on.status_code == 200\n    assert resp_off.status_code == 200\n    assert resp_state.status_code == 200\n\n\ndef test_restapiplugin_unit(restapiplugin_target: pytest.fixture) -> None:\n    \"\"\"Test simple unit tests on just the device without the integration.\"\"\"\n    with open(config_path_str) as f:\n        config: dict = json.load(f)\n\n    for device_conf in config[\"PLUGINS\"][\"RESTAPIPlugin\"][\"DEVICES\"]:\n",
  "slicing": "def test_restapiplugin_unit(restapiplugin_target: pytest.fixture) -> None:\n"
 },
 "95": {
  "name": "fauxmo_server",
  "type": "UNKNOWN",
  "class": "unknown",
  "approach": "Pysonar2",
  "file_path": "fauxmo-plugins/tests/test_commandlineplugin.py",
  "lineno": "17",
  "column": "39",
  "context": "ig.json\"\n\n\ndef test_commandlineplugin_integration(fauxmo_server: pytest.fixture) -> None:\n    \"\"\"Test \"on\" and \"off\" actions for CommandLine",
  "context_lines": "import pytest\nimport requests\nfrom commandlineplugin import CommandLinePlugin\n\n\nconfig_path_str = \"tests/test_commandlineplugin_config.json\"\n\n\ndef test_commandlineplugin_integration(fauxmo_server: pytest.fixture) -> None:\n    \"\"\"Test \"on\" and \"off\" actions for CommandLinePlugin.\n\n    This test uses requests to `post` a value to a Fauxmo device that\n    simulates the way the Echo interacts with the Fauxmo server when it gets a\n    request to turn something `on` or `off`.\n",
  "slicing": "def test_commandlineplugin_integration(fauxmo_server: pytest.fixture) -> None:\n"
 },
 "96": {
  "name": "config_path_str",
  "type": "str",
  "class": "build-in",
  "approach": "annotation",
  "file_path": "fauxmo-plugins/tests/conftest.py",
  "lineno": "16",
  "column": "23",
  "context": " in a separate thread.\"\"\"\n\n    def __init__(self, config_path_str: str) -> None:\n        \"\"\"Initialize test Fauxmo server with path",
  "context_lines": "from fauxmo import fauxmo\nfrom fauxmo.utils import get_local_ip\n\n\nclass TestFauxmoServer:\n    \"\"\"Runs Fauxmo in a separate thread.\"\"\"\n\n    def __init__(self, config_path_str: str) -> None:\n        \"\"\"Initialize test Fauxmo server with path to config.\"\"\"\n        self.config_path_str = config_path_str\n\n    def __enter__(self) -> str:\n        \"\"\"Start a TextFauxmoServer, returns the ip address it's running on.\"\"\"\n",
  "slicing": "    def __init__(self, config_path_str: str) -> None:\n"
 },
 "97": {
  "name": "exc_type",
  "type": "dict",
  "class": "build-in",
  "approach": "annotation",
  "file_path": "fauxmo-plugins/tests/conftest.py",
  "lineno": "33",
  "column": "8",
  "context": "cal_ip()\n\n    def __exit__(\n        self,\n        exc_type: Optional[Type[BaseException]],\n        exc_value: Optional[Exception],\n        tr",
  "context_lines": "        time.sleep(1)\n        return get_local_ip()\n\n    def __exit__(\n        self,\n        exc_type: Optional[Type[BaseException]],\n        exc_value: Optional[Exception],\n        traceback: Optional[TracebackType],\n    ) -> None:\n        \"\"\"Terminate the server and join the thread on exit.\"\"\"\n",
  "slicing": "        exc_type: Optional[Type[BaseException]],\n"
 },
 "98": {
  "name": "exc_value",
  "type": "dict",
  "class": "build-in",
  "approach": "annotation",
  "file_path": "fauxmo-plugins/tests/conftest.py",
  "lineno": "34",
  "column": "8",
  "context": " exc_type: Optional[Type[BaseException]],\n        exc_value: Optional[Exception],\n        traceback: Optional[TracebackType],\n    ) ",
  "context_lines": "        return get_local_ip()\n\n    def __exit__(\n        self,\n        exc_type: Optional[Type[BaseException]],\n        exc_value: Optional[Exception],\n        traceback: Optional[TracebackType],\n    ) -> None:\n        \"\"\"Terminate the server and join the thread on exit.\"\"\"\n        self.server.terminate()\n",
  "slicing": "        exc_value: Optional[Exception],\n"
 },
 "99": {
  "name": "traceback",
  "type": "dict",
  "class": "build-in",
  "approach": "annotation",
  "file_path": "fauxmo-plugins/tests/conftest.py",
  "lineno": "35",
  "column": "8",
  "context": ",\n        exc_value: Optional[Exception],\n        traceback: Optional[TracebackType],\n    ) -> None:\n        \"\"\"Terminate the server and",
  "context_lines": "    def __exit__(\n        self,\n        exc_type: Optional[Type[BaseException]],\n        exc_value: Optional[Exception],\n        traceback: Optional[TracebackType],\n    ) -> None:\n        \"\"\"Terminate the server and join the thread on exit.\"\"\"\n        self.server.terminate()\n        self.server.join()\n\n\n",
  "slicing": "        traceback: Optional[TracebackType],\n"
 }
}