{
 "1": {
  "name": "log_level",
  "type": "UNKNOWN",
  "class": "unknown",
  "approach": "Pysonar2",
  "file_path": "FDDOrgan/main.py",
  "lineno": "11",
  "column": "4",
  "context": "MoppySerialBridge\n\nif __name__ == \"__main__\":\n    log_level = os.environ.get('LEVEL_NAME', logging.INFO)\n    logging.basicConfig(level=log_level)\n    keybo",
  "context_lines": "from serial.tools.list_ports import comports\n\nfrom controller import FDDOrgan\nfrom moppy.bridge import MoppySerialBridge\n\nif __name__ == \"__main__\":\n    log_level = os.environ.get('LEVEL_NAME', logging.INFO)\n    logging.basicConfig(level=log_level)\n    keyboard = mido.get_input_names()[0]\n    port = comports()[0].device\n    ser = serial.Serial(port, 57600)\n",
  "slicing": [
   "    log_level = os.environ.get('LEVEL_NAME', logging.INFO)\n",
   "    logging.basicConfig(level=log_level)\n"
  ]
 },
 "2": {
  "name": "keyboard",
  "type": "dict",
  "class": "build-in",
  "approach": "annotation",
  "file_path": "FDDOrgan/main.py",
  "lineno": "13",
  "column": "4",
  "context": "NFO)\n    logging.basicConfig(level=log_level)\n    keyboard = mido.get_input_names()[0]\n    port = comports()[0].device\n    ser = serial.S",
  "context_lines": "from moppy.bridge import MoppySerialBridge\n\nif __name__ == \"__main__\":\n    log_level = os.environ.get('LEVEL_NAME', logging.INFO)\n    logging.basicConfig(level=log_level)\n    keyboard = mido.get_input_names()[0]\n    port = comports()[0].device\n    ser = serial.Serial(port, 57600)\n    bridge = MoppySerialBridge(ser)\n\n    with FDDOrgan(bridge, keyboard) as organ:\n",
  "slicing": [
   "    keyboard = mido.get_input_names()[0]\n",
   "    with FDDOrgan(bridge, keyboard) as organ:\n"
  ]
 },
 "3": {
  "name": "port",
  "type": "UNKNOWN",
  "class": "unknown",
  "approach": "Pysonar2",
  "file_path": "FDDOrgan/main.py",
  "lineno": "14",
  "column": "4",
  "context": "vel)\n    keyboard = mido.get_input_names()[0]\n    port = comports()[0].device\n    ser = serial.Serial(port, 57600)\n    bridge = ",
  "context_lines": "if __name__ == \"__main__\":\n    log_level = os.environ.get('LEVEL_NAME', logging.INFO)\n    logging.basicConfig(level=log_level)\n    keyboard = mido.get_input_names()[0]\n    port = comports()[0].device\n    ser = serial.Serial(port, 57600)\n    bridge = MoppySerialBridge(ser)\n\n    with FDDOrgan(bridge, keyboard) as organ:\n",
  "slicing": [
   "    port = comports()[0].device\n",
   "    ser = serial.Serial(port, 57600)\n",
   "    bridge = MoppySerialBridge(ser)\n",
   "    with FDDOrgan(bridge, keyboard) as organ:\n"
  ]
 },
 "4": {
  "name": "ser",
  "type": "UNKNOWN",
  "class": "unknown",
  "approach": "Pysonar2",
  "file_path": "FDDOrgan/main.py",
  "lineno": "15",
  "column": "4",
  "context": "ut_names()[0]\n    port = comports()[0].device\n    ser = serial.Serial(port, 57600)\n    bridge = MoppySerialBridge(ser)\n\n    with FDDO",
  "context_lines": "    log_level = os.environ.get('LEVEL_NAME', logging.INFO)\n    logging.basicConfig(level=log_level)\n    keyboard = mido.get_input_names()[0]\n    port = comports()[0].device\n    ser = serial.Serial(port, 57600)\n    bridge = MoppySerialBridge(ser)\n\n    with FDDOrgan(bridge, keyboard) as organ:\n",
  "slicing": [
   "    ser = serial.Serial(port, 57600)\n",
   "    bridge = MoppySerialBridge(ser)\n",
   "    with FDDOrgan(bridge, keyboard) as organ:\n"
  ]
 },
 "5": {
  "name": "bridge",
  "type": "moppy.bridge.MoppySerialBridge",
  "class": "customized",
  "approach": "annotation",
  "file_path": "FDDOrgan/main.py",
  "lineno": "16",
  "column": "4",
  "context": "].device\n    ser = serial.Serial(port, 57600)\n    bridge = MoppySerialBridge(ser)\n\n    with FDDOrgan(bridge, keyboard) as organ:\n   ",
  "context_lines": "    logging.basicConfig(level=log_level)\n    keyboard = mido.get_input_names()[0]\n    port = comports()[0].device\n    ser = serial.Serial(port, 57600)\n    bridge = MoppySerialBridge(ser)\n\n    with FDDOrgan(bridge, keyboard) as organ:\n",
  "slicing": [
   "    bridge = MoppySerialBridge(ser)\n",
   "    with FDDOrgan(bridge, keyboard) as organ:\n"
  ]
 },
 "6": {
  "name": "logger",
  "type": "UNKNOWN",
  "class": "unknown",
  "approach": "Pysonar2",
  "file_path": "FDDOrgan/controller.py",
  "lineno": "8",
  "column": "0",
  "context": "mido\n\nfrom moppy.bridge import MoppySerialBridge\n\nlogger = logging.getLogger(__name__)\n\n\nclass FDDOrgan(object):\n    def __init__(self, b",
  "context_lines": "import logging\nimport typing as t\n\nimport mido\n\nfrom moppy.bridge import MoppySerialBridge\n\nlogger = logging.getLogger(__name__)\n\n\nclass FDDOrgan(object):\n    def __init__(self, bridge: MoppySerialBridge, midi_inport_name: str) -> None:\n        self.bridge = bridge\n",
  "slicing": [
   "logger = logging.getLogger(__name__)\n",
   "        logger.info(\"organ config: %s\", self.configuration)\n",
   "                        logger.debug(\"no available sub addresses\")\n",
   "                    logger.debug('unknown command %s', message)\n"
  ]
 },
 "7": {
  "name": "consecutive_unknown",
  "type": "int",
  "class": "build-in",
  "approach": "Pysonar2",
  "file_path": "FDDOrgan/controller.py",
  "lineno": "39",
  "column": "8",
  "context": "op_sequence()\n\n    def run(self) -> None:\n        consecutive_unknown = 0\n        if not self.configuration or not self.midi",
  "context_lines": "    def __exit__(self, exc_type, exc_val, exc_tb):\n        self.midi_inport.close()\n        self.bridge.stop_sequence()\n\n    def run(self) -> None:\n        consecutive_unknown = 0\n        if not self.configuration or not self.midi_inport:\n            raise ValueError(\"Midi port has not been opened\")\n\n        try:\n            for message in self.midi_inport:\n",
  "slicing": [
   "        consecutive_unknown = 0\n",
   "                if consecutive_unknown > 3:\n"
  ]
 },
 "8": {
  "name": "unknown",
  "type": "bool",
  "class": "build-in",
  "approach": "annotation",
  "file_path": "FDDOrgan/controller.py",
  "lineno": "45",
  "column": "16",
  "context": " for message in self.midi_inport:\n                unknown = False\n                if message.type == \"note_on\":\n    ",
  "context_lines": "        if not self.configuration or not self.midi_inport:\n            raise ValueError(\"Midi port has not been opened\")\n\n        try:\n            for message in self.midi_inport:\n                unknown = False\n                if message.type == \"note_on\":\n                    sub_address = self._claim_available_sub_address(message.note)\n                    if not sub_address:\n                        logger.debug(\"no available sub addresses\")\n",
  "slicing": [
   "                unknown = False\n",
   "                if not unknown:\n"
  ]
 },
 "9": {
  "name": "sub_address",
  "type": "UNKNOWN",
  "class": "unknown",
  "approach": "Pysonar2",
  "file_path": "FDDOrgan/controller.py",
  "lineno": "47",
  "column": "20",
  "context": "if message.type == \"note_on\":\n                    sub_address = self._claim_available_sub_address(message.note)\n                    if not sub_address:\n          ",
  "context_lines": "        try:\n            for message in self.midi_inport:\n                unknown = False\n                if message.type == \"note_on\":\n                    sub_address = self._claim_available_sub_address(message.note)\n                    if not sub_address:\n                        logger.debug(\"no available sub addresses\")\n                        continue\n                    self.bridge.play_note(\n",
  "slicing": [
   "                    sub_address = self._claim_available_sub_address(message.note)\n",
   "                    if not sub_address:\n",
   "                        sub_address,\n",
   "                    if sub_address > 0:\n",
   "                            message.note, self.configuration.device_address, sub_address\n",
   "        self.note_locations[note_number] = sub_address\n",
   "        return sub_address\n",
   "                if self.available_sub_addresses[i] > sub_address:\n",
   "            self.available_sub_addresses.insert(i, sub_address)\n",
   "            return sub_address\n"
  ]
 },
 "10": {
  "name": "sub_address",
  "type": "int",
  "class": "build-in",
  "approach": "Pysonar2",
  "file_path": "FDDOrgan/controller.py",
  "lineno": "58",
  "column": "20",
  "context": "f message.type == \"note_off\":\n                    sub_address = self._free_note(message.note)\n                    if sub_address > 0:\n          ",
  "context_lines": "                        self.configuration.device_address,\n                        sub_address,\n                    )\n                elif message.type == \"note_off\":\n                    sub_address = self._free_note(message.note)\n                    if sub_address > 0:\n                        self.bridge.stop_note(\n                            message.note, self.configuration.device_address, sub_address\n                        )\n",
  "slicing": [
   "                    sub_address = self._free_note(message.note)\n",
   "                    if sub_address > 0:\n",
   "                            message.note, self.configuration.device_address, sub_address\n",
   "        self.note_locations[note_number] = sub_address\n",
   "        return sub_address\n",
   "                if self.available_sub_addresses[i] > sub_address:\n",
   "            self.available_sub_addresses.insert(i, sub_address)\n",
   "            return sub_address\n"
  ]
 },
 "11": {
  "name": "unknown",
  "type": "bool",
  "class": "build-in",
  "approach": "annotation",
  "file_path": "FDDOrgan/controller.py",
  "lineno": "66",
  "column": "20",
  "context": "ration)\n                else:\n                    unknown = True\n                    logger.debug('unknown command ",
  "context_lines": "                        )\n                elif message.type == \"pitchwheel\":\n                    self.bridge.bend_pitch(message.pitch, self.configuration)\n                else:\n                    unknown = True\n                    logger.debug('unknown command %s', message)\n\n                if not unknown:\n                    consecutive_unknown = 0\n                else:\n",
  "slicing": [
   "                    unknown = True\n",
   "                if not unknown:\n"
  ]
 },
 "12": {
  "name": "consecutive_unknown",
  "type": "int",
  "class": "build-in",
  "approach": "Pysonar2",
  "file_path": "FDDOrgan/controller.py",
  "lineno": "70",
  "column": "20",
  "context": "              if not unknown:\n                    consecutive_unknown = 0\n                else:\n                    consecut",
  "context_lines": "                else:\n                    unknown = True\n                    logger.debug('unknown command %s', message)\n\n                if not unknown:\n                    consecutive_unknown = 0\n                else:\n                    consecutive_unknown += 1\n                if consecutive_unknown > 3:\n                    consecutive_unknown = 0\n",
  "slicing": [
   "                    consecutive_unknown = 0\n",
   "                if consecutive_unknown > 3:\n"
  ]
 },
 "13": {
  "name": "consecutive_unknown",
  "type": "int",
  "class": "build-in",
  "approach": "Pysonar2",
  "file_path": "FDDOrgan/controller.py",
  "lineno": "72",
  "column": "20",
  "context": "own = 0\n                else:\n                    consecutive_unknown += 1\n                if consecutive_unknown > 3:\n      ",
  "context_lines": "                    logger.debug('unknown command %s', message)\n\n                if not unknown:\n                    consecutive_unknown = 0\n                else:\n                    consecutive_unknown += 1\n                if consecutive_unknown > 3:\n                    consecutive_unknown = 0\n                    self.bridge.reset()\n        except KeyboardInterrupt as e:\n",
  "slicing": [
   "                    consecutive_unknown += 1\n",
   "                if consecutive_unknown > 3:\n"
  ]
 },
 "14": {
  "name": "consecutive_unknown",
  "type": "int",
  "class": "build-in",
  "approach": "Pysonar2",
  "file_path": "FDDOrgan/controller.py",
  "lineno": "74",
  "column": "20",
  "context": "  if consecutive_unknown > 3:\n                    consecutive_unknown = 0\n                    self.bridge.reset()\n        ex",
  "context_lines": "                    consecutive_unknown = 0\n                else:\n                    consecutive_unknown += 1\n                if consecutive_unknown > 3:\n                    consecutive_unknown = 0\n                    self.bridge.reset()\n        except KeyboardInterrupt as e:\n            pass\n\n    def _claim_available_sub_address(self, note_number: int) -> t.Union[int, None]:\n",
  "slicing": "                    consecutive_unknown = 0\n"
 },
 "15": {
  "name": "sub_address",
  "type": "dict",
  "class": "build-in",
  "approach": "annotation",
  "file_path": "FDDOrgan/controller.py",
  "lineno": "82",
  "column": "8",
  "context": "le_sub_addresses:\n            return None\n        sub_address = self.available_sub_addresses[0]\n        self.available_sub_addresses = self.availa",
  "context_lines": "            pass\n\n    def _claim_available_sub_address(self, note_number: int) -> t.Union[int, None]:\n        if not self.available_sub_addresses:\n            return None\n        sub_address = self.available_sub_addresses[0]\n        self.available_sub_addresses = self.available_sub_addresses[1:]\n        self.note_locations[note_number] = sub_address\n        return sub_address\n\n    def _free_note(self, note_number: int) -> int:\n",
  "slicing": [
   "        sub_address = self.available_sub_addresses[0]\n",
   "        self.note_locations[note_number] = sub_address\n",
   "        return sub_address\n",
   "                if self.available_sub_addresses[i] > sub_address:\n",
   "            self.available_sub_addresses.insert(i, sub_address)\n",
   "            return sub_address\n"
  ]
 },
 "16": {
  "name": "sub_address",
  "type": "UNKNOWN",
  "class": "unknown",
  "approach": "Pysonar2",
  "file_path": "FDDOrgan/controller.py",
  "lineno": "89",
  "column": "12",
  "context": "f note_number in self.note_locations:\n            sub_address = self.note_locations.pop(note_number)\n            i = 0\n            for i in range(len(s",
  "context_lines": "        self.note_locations[note_number] = sub_address\n        return sub_address\n\n    def _free_note(self, note_number: int) -> int:\n        if note_number in self.note_locations:\n            sub_address = self.note_locations.pop(note_number)\n            i = 0\n            for i in range(len(self.available_sub_addresses)):\n                if self.available_sub_addresses[i] > sub_address:\n                    break\n",
  "slicing": [
   "            sub_address = self.note_locations.pop(note_number)\n",
   "                if self.available_sub_addresses[i] > sub_address:\n",
   "            self.available_sub_addresses.insert(i, sub_address)\n",
   "            return sub_address\n"
  ]
 },
 "17": {
  "name": "i",
  "type": "int",
  "class": "build-in",
  "approach": "Pysonar2",
  "file_path": "FDDOrgan/controller.py",
  "lineno": "90",
  "column": "12",
  "context": " self.note_locations.pop(note_number)\n            i = 0\n            for i in range(len(self.available_sub_",
  "context_lines": "        return sub_address\n\n    def _free_note(self, note_number: int) -> int:\n        if note_number in self.note_locations:\n            sub_address = self.note_locations.pop(note_number)\n            i = 0\n            for i in range(len(self.available_sub_addresses)):\n                if self.available_sub_addresses[i] > sub_address:\n                    break\n            self.available_sub_addresses.insert(i, sub_address)\n",
  "slicing": [
   "            i = 0\n",
   "                if self.available_sub_addresses[i] > sub_address:\n",
   "            self.available_sub_addresses.insert(i, sub_address)\n"
  ]
 },
 "18": {
  "name": "MESSAGE_START",
  "type": "int",
  "class": "build-in",
  "approach": "Pysonar2",
  "file_path": "FDDOrgan/moppy/protocol.py",
  "lineno": "3",
  "column": "0",
  "context": "import typing as t\n\nMESSAGE_START = 0x4D\nPREAMBLE_LENGTH = 4\n\n\nclass BaseMoppyCommand(objec",
  "context_lines": "import typing as t\n\nMESSAGE_START = 0x4D\nPREAMBLE_LENGTH = 4\n\n\nclass BaseMoppyCommand(object):\n    command = -1\n\n    def __repr__(self) -> str:\n",
  "slicing": [
   "MESSAGE_START = 0x4D\n",
   "            MESSAGE_START,\n"
  ]
 },
 "19": {
  "name": "PREAMBLE_LENGTH",
  "type": "int",
  "class": "build-in",
  "approach": "Pysonar2",
  "file_path": "FDDOrgan/moppy/protocol.py",
  "lineno": "4",
  "column": "0",
  "context": "import typing as t\n\nMESSAGE_START = 0x4D\nPREAMBLE_LENGTH = 4\n\n\nclass BaseMoppyCommand(object):\n    command = -1",
  "context_lines": "import typing as t\n\nMESSAGE_START = 0x4D\nPREAMBLE_LENGTH = 4\n\n\nclass BaseMoppyCommand(object):\n    command = -1\n\n    def __repr__(self) -> str:\n",
  "slicing": "PREAMBLE_LENGTH = 4\n"
 },
 "20": {
  "name": "command",
  "type": "int",
  "class": "build-in",
  "approach": "Pysonar2",
  "file_path": "FDDOrgan/moppy/protocol.py",
  "lineno": "8",
  "column": "4",
  "context": "_LENGTH = 4\n\n\nclass BaseMoppyCommand(object):\n    command = -1\n\n    def __repr__(self) -> str:\n        payload_re",
  "context_lines": "import typing as t\n\nMESSAGE_START = 0x4D\nPREAMBLE_LENGTH = 4\n\n\nclass BaseMoppyCommand(object):\n    command = -1\n\n    def __repr__(self) -> str:\n        payload_repr = \", \".join(\n            \"{}={}\".format(slot, getattr(self, slot))\n",
  "slicing": "    command = -1\n"
 },
 "21": {
  "name": "payload_repr",
  "type": "str",
  "class": "build-in",
  "approach": "Pysonar2",
  "file_path": "FDDOrgan/moppy/protocol.py",
  "lineno": "11",
  "column": "8",
  "context": "mand = -1\n\n    def __repr__(self) -> str:\n        payload_repr = \", \".join(\n            \"{}={}\".format(slot, getattr(self, slo",
  "context_lines": "PREAMBLE_LENGTH = 4\n\n\nclass BaseMoppyCommand(object):\n    command = -1\n\n    def __repr__(self) -> str:\n        payload_repr = \", \".join(\n            \"{}={}\".format(slot, getattr(self, slot))\n            for slot in getattr(self, \"__slots__\", [])\n        )\n        return \"[command={}, length={}, payload=[{}]\".format(\n",
  "slicing": [
   "        payload_repr = \", \".join(\n",
   "            self.command, self.length, payload_repr\n"
  ]
 },
 "22": {
  "name": "payload",
  "type": "UNKNOWN",
  "class": "unknown",
  "approach": "annotation",
  "file_path": "FDDOrgan/moppy/protocol.py",
  "lineno": "24",
  "column": "8",
  "context": " 1\n\n    def to_list(self) -> t.List[int]:\n        payload = getattr(self, \"__slots__\", [])\n        payload = [getattr(self, slot) for slot in",
  "context_lines": "    @property\n    def length(self) -> int:\n        return len(getattr(self, \"__slots__\", [])) + 1\n\n    def to_list(self) -> t.List[int]:\n        payload = getattr(self, \"__slots__\", [])\n        payload = [getattr(self, slot) for slot in payload]\n        return [self.length, self.command] + payload\n\n\nclass SystemPingCommand(BaseMoppyCommand):\n    command = 0x80\n\n\n",
  "slicing": [
   "        payload = getattr(self, \"__slots__\", [])\n",
   "        payload = [getattr(self, slot) for slot in payload]\n",
   "        return [self.length, self.command] + payload\n"
  ]
 },
 "23": {
  "name": "payload",
  "type": "list",
  "class": "build-in",
  "approach": "annotation",
  "file_path": "FDDOrgan/moppy/protocol.py",
  "lineno": "25",
  "column": "8",
  "context": " payload = getattr(self, \"__slots__\", [])\n        payload = [getattr(self, slot) for slot in payload]\n        return [self.length, self.command] + paylo",
  "context_lines": "    def length(self) -> int:\n        return len(getattr(self, \"__slots__\", [])) + 1\n\n    def to_list(self) -> t.List[int]:\n        payload = getattr(self, \"__slots__\", [])\n        payload = [getattr(self, slot) for slot in payload]\n        return [self.length, self.command] + payload\n\n\nclass SystemPingCommand(BaseMoppyCommand):\n    command = 0x80\n\n\nclass SystemPongCommand(BaseMoppyCommand):\n",
  "slicing": [
   "        payload = [getattr(self, slot) for slot in payload]\n",
   "        return [self.length, self.command] + payload\n"
  ]
 },
 "24": {
  "name": "command",
  "type": "int",
  "class": "build-in",
  "approach": "Pysonar2",
  "file_path": "FDDOrgan/moppy/protocol.py",
  "lineno": "30",
  "column": "4",
  "context": "\n\n\nclass SystemPingCommand(BaseMoppyCommand):\n    command = 0x80\n\n\nclass SystemPongCommand(BaseMoppyCommand):\n    c",
  "context_lines": "        payload = getattr(self, \"__slots__\", [])\n        payload = [getattr(self, slot) for slot in payload]\n        return [self.length, self.command] + payload\n\n\nclass SystemPingCommand(BaseMoppyCommand):\n    command = 0x80\n\n\nclass SystemPongCommand(BaseMoppyCommand):\n    command = 0x81\n\n    __slots__ = [\"device_address\", \"min_sub_address\", \"max_sub_address\"]\n\n",
  "slicing": "    command = 0x80\n"
 },
 "25": {
  "name": "command",
  "type": "int",
  "class": "build-in",
  "approach": "Pysonar2",
  "file_path": "FDDOrgan/moppy/protocol.py",
  "lineno": "34",
  "column": "4",
  "context": "\n\n\nclass SystemPongCommand(BaseMoppyCommand):\n    command = 0x81\n\n    __slots__ = [\"device_address\", \"min_sub_addre",
  "context_lines": "        return [self.length, self.command] + payload\n\n\nclass SystemPingCommand(BaseMoppyCommand):\n    command = 0x80\n\n\nclass SystemPongCommand(BaseMoppyCommand):\n    command = 0x81\n\n    __slots__ = [\"device_address\", \"min_sub_address\", \"max_sub_address\"]\n\n    def __init__(\n        self, device_address: int, min_sub_address: int, max_sub_address: int\n",
  "slicing": "    command = 0x81\n"
 },
 "26": {
  "name": "__slots__",
  "type": "list",
  "class": "build-in",
  "approach": "annotation",
  "file_path": "FDDOrgan/moppy/protocol.py",
  "lineno": "36",
  "column": "4",
  "context": "ommand(BaseMoppyCommand):\n    command = 0x81\n\n    __slots__ = [\"device_address\", \"min_sub_address\", \"max_sub_address\"]\n\n    def __init__(\n        self, device_address: i",
  "context_lines": "class SystemPingCommand(BaseMoppyCommand):\n    command = 0x80\n\n\nclass SystemPongCommand(BaseMoppyCommand):\n    command = 0x81\n\n    __slots__ = [\"device_address\", \"min_sub_address\", \"max_sub_address\"]\n\n    def __init__(\n        self, device_address: int, min_sub_address: int, max_sub_address: int\n    ) -> None:\n",
  "slicing": "    __slots__ = [\"device_address\", \"min_sub_address\", \"max_sub_address\"]\n"
 },
 "27": {
  "name": "command",
  "type": "int",
  "class": "build-in",
  "approach": "Pysonar2",
  "file_path": "FDDOrgan/moppy/protocol.py",
  "lineno": "47",
  "column": "4",
  "context": "\n\nclass SystemResetCommand(BaseMoppyCommand):\n    command = 0xFF\n\n\nclass SystemSequenceStartCommand(BaseMoppyComman",
  "context_lines": "        self.device_address = device_address\n        self.min_sub_address = min_sub_address\n        self.max_sub_address = max_sub_address\n\n\nclass SystemResetCommand(BaseMoppyCommand):\n    command = 0xFF\n\n\nclass SystemSequenceStartCommand(BaseMoppyCommand):\n    command = 0xFA\n\n\nclass SystemSequenceStopCommand(BaseMoppyCommand):\n",
  "slicing": "    command = 0xFF\n"
 },
 "28": {
  "name": "command",
  "type": "int",
  "class": "build-in",
  "approach": "Pysonar2",
  "file_path": "FDDOrgan/moppy/protocol.py",
  "lineno": "51",
  "column": "4",
  "context": "SystemSequenceStartCommand(BaseMoppyCommand):\n    command = 0xFA\n\n\nclass SystemSequenceStopCommand(BaseMoppyCommand",
  "context_lines": "        self.max_sub_address = max_sub_address\n\n\nclass SystemResetCommand(BaseMoppyCommand):\n    command = 0xFF\n\n\nclass SystemSequenceStartCommand(BaseMoppyCommand):\n    command = 0xFA\n\n\nclass SystemSequenceStopCommand(BaseMoppyCommand):\n    command = 0xFC\n\n\nclass DeviceResetCommand(BaseMoppyCommand):\n",
  "slicing": "    command = 0xFA\n"
 },
 "29": {
  "name": "command",
  "type": "int",
  "class": "build-in",
  "approach": "Pysonar2",
  "file_path": "FDDOrgan/moppy/protocol.py",
  "lineno": "55",
  "column": "4",
  "context": " SystemSequenceStopCommand(BaseMoppyCommand):\n    command = 0xFC\n\n\nclass DeviceResetCommand(BaseMoppyCommand):\n    ",
  "context_lines": "    command = 0xFF\n\n\nclass SystemSequenceStartCommand(BaseMoppyCommand):\n    command = 0xFA\n\n\nclass SystemSequenceStopCommand(BaseMoppyCommand):\n    command = 0xFC\n\n\nclass DeviceResetCommand(BaseMoppyCommand):\n    command = 0x00\n\n\nclass DeviceStopNoteCommand(BaseMoppyCommand):\n",
  "slicing": "    command = 0xFC\n"
 },
 "30": {
  "name": "command",
  "type": "int",
  "class": "build-in",
  "approach": "Pysonar2",
  "file_path": "FDDOrgan/moppy/protocol.py",
  "lineno": "59",
  "column": "4",
  "context": "\n\nclass DeviceResetCommand(BaseMoppyCommand):\n    command = 0x00\n\n\nclass DeviceStopNoteCommand(BaseMoppyCommand):\n ",
  "context_lines": "    command = 0xFA\n\n\nclass SystemSequenceStopCommand(BaseMoppyCommand):\n    command = 0xFC\n\n\nclass DeviceResetCommand(BaseMoppyCommand):\n    command = 0x00\n\n\nclass DeviceStopNoteCommand(BaseMoppyCommand):\n    command = 0x08\n\n    __slots__ = [\"note_number\"]\n\n",
  "slicing": "    command = 0x00\n"
 },
 "31": {
  "name": "command",
  "type": "int",
  "class": "build-in",
  "approach": "Pysonar2",
  "file_path": "FDDOrgan/moppy/protocol.py",
  "lineno": "63",
  "column": "4",
  "context": "lass DeviceStopNoteCommand(BaseMoppyCommand):\n    command = 0x08\n\n    __slots__ = [\"note_number\"]\n\n    def __init__",
  "context_lines": "    command = 0xFC\n\n\nclass DeviceResetCommand(BaseMoppyCommand):\n    command = 0x00\n\n\nclass DeviceStopNoteCommand(BaseMoppyCommand):\n    command = 0x08\n\n    __slots__ = [\"note_number\"]\n\n    def __init__(self, note_number: int) -> None:\n        self.note_number = note_number\n\n\n",
  "slicing": "    command = 0x08\n"
 },
 "32": {
  "name": "__slots__",
  "type": "list",
  "class": "build-in",
  "approach": "annotation",
  "file_path": "FDDOrgan/moppy/protocol.py",
  "lineno": "65",
  "column": "4",
  "context": "ommand(BaseMoppyCommand):\n    command = 0x08\n\n    __slots__ = [\"note_number\"]\n\n    def __init__(self, note_number: int) -> None:",
  "context_lines": "class DeviceResetCommand(BaseMoppyCommand):\n    command = 0x00\n\n\nclass DeviceStopNoteCommand(BaseMoppyCommand):\n    command = 0x08\n\n    __slots__ = [\"note_number\"]\n\n    def __init__(self, note_number: int) -> None:\n        self.note_number = note_number\n\n\nclass DevicePlayNoteCommand(BaseMoppyCommand):\n",
  "slicing": "    __slots__ = [\"note_number\"]\n"
 },
 "33": {
  "name": "command",
  "type": "int",
  "class": "build-in",
  "approach": "Pysonar2",
  "file_path": "FDDOrgan/moppy/protocol.py",
  "lineno": "72",
  "column": "4",
  "context": "lass DevicePlayNoteCommand(BaseMoppyCommand):\n    command = 0x09\n\n    __slots__ = [\"note_number\", \"velocity\"]\n\n    ",
  "context_lines": "    __slots__ = [\"note_number\"]\n\n    def __init__(self, note_number: int) -> None:\n        self.note_number = note_number\n\n\nclass DevicePlayNoteCommand(BaseMoppyCommand):\n    command = 0x09\n\n    __slots__ = [\"note_number\", \"velocity\"]\n\n    def __init__(self, note_number: int, velocity: int = 0) -> None:\n        self.note_number = note_number\n",
  "slicing": "    command = 0x09\n"
 },
 "34": {
  "name": "__slots__",
  "type": "list",
  "class": "build-in",
  "approach": "annotation",
  "file_path": "FDDOrgan/moppy/protocol.py",
  "lineno": "74",
  "column": "4",
  "context": "ommand(BaseMoppyCommand):\n    command = 0x09\n\n    __slots__ = [\"note_number\", \"velocity\"]\n\n    def __init__(self, note_number: int, velocity",
  "context_lines": "    def __init__(self, note_number: int) -> None:\n        self.note_number = note_number\n\n\nclass DevicePlayNoteCommand(BaseMoppyCommand):\n    command = 0x09\n\n    __slots__ = [\"note_number\", \"velocity\"]\n\n    def __init__(self, note_number: int, velocity: int = 0) -> None:\n        self.note_number = note_number\n        self.velocity = velocity\n\n\n",
  "slicing": "    __slots__ = [\"note_number\", \"velocity\"]\n"
 },
 "35": {
  "name": "command",
  "type": "int",
  "class": "build-in",
  "approach": "Pysonar2",
  "file_path": "FDDOrgan/moppy/protocol.py",
  "lineno": "82",
  "column": "4",
  "context": "ty\n\n\nclass DeviceBendPitch(BaseMoppyCommand):\n    command = 0x0E\n\n    __slots__ = [\"msb\", \"lsb\"]\n\n    def __init__(",
  "context_lines": "    def __init__(self, note_number: int, velocity: int = 0) -> None:\n        self.note_number = note_number\n        self.velocity = velocity\n\n\nclass DeviceBendPitch(BaseMoppyCommand):\n    command = 0x0E\n\n    __slots__ = [\"msb\", \"lsb\"]\n\n    def __init__(self, bend_amount: int) -> None:\n        bend_bytes = bend_amount.to_bytes(2, byteorder=\"big\", signed=True)\n",
  "slicing": "    command = 0x0E\n"
 },
 "36": {
  "name": "__slots__",
  "type": "list",
  "class": "build-in",
  "approach": "annotation",
  "file_path": "FDDOrgan/moppy/protocol.py",
  "lineno": "84",
  "column": "4",
  "context": "dPitch(BaseMoppyCommand):\n    command = 0x0E\n\n    __slots__ = [\"msb\", \"lsb\"]\n\n    def __init__(self, bend_amount: int) -> None:",
  "context_lines": "        self.note_number = note_number\n        self.velocity = velocity\n\n\nclass DeviceBendPitch(BaseMoppyCommand):\n    command = 0x0E\n\n    __slots__ = [\"msb\", \"lsb\"]\n\n    def __init__(self, bend_amount: int) -> None:\n        bend_bytes = bend_amount.to_bytes(2, byteorder=\"big\", signed=True)\n        self.msb = bend_bytes[0]\n",
  "slicing": "    __slots__ = [\"msb\", \"lsb\"]\n"
 },
 "37": {
  "name": "bend_bytes",
  "type": "UNKNOWN",
  "class": "unknown",
  "approach": "Pysonar2",
  "file_path": "FDDOrgan/moppy/protocol.py",
  "lineno": "87",
  "column": "8",
  "context": "__init__(self, bend_amount: int) -> None:\n        bend_bytes = bend_amount.to_bytes(2, byteorder=\"big\", signed=True)\n        self.msb = bend_bytes[0]\n        self.lsb ",
  "context_lines": "class DeviceBendPitch(BaseMoppyCommand):\n    command = 0x0E\n\n    __slots__ = [\"msb\", \"lsb\"]\n\n    def __init__(self, bend_amount: int) -> None:\n        bend_bytes = bend_amount.to_bytes(2, byteorder=\"big\", signed=True)\n        self.msb = bend_bytes[0]\n        self.lsb = bend_bytes[1]\n\n    @property\n    def bend_amount(self) -> int:\n",
  "slicing": [
   "        bend_bytes = bend_amount.to_bytes(2, byteorder=\"big\", signed=True)\n",
   "        self.msb = bend_bytes[0]\n",
   "        self.lsb = bend_bytes[1]\n"
  ]
 },
 "38": {
  "name": "device_address",
  "type": "int",
  "class": "build-in",
  "approach": "annotation",
  "file_path": "FDDOrgan/moppy/protocol.py",
  "lineno": "97",
  "column": "4",
  "context": "ned=True)\n\n\nclass MoppyMessage(t.NamedTuple):\n    device_address: int\n    sub_address: int\n    command: BaseMoppyCommand",
  "context_lines": "    @property\n    def bend_amount(self) -> int:\n        return int.from_bytes([self.msb, self.lsb], byteorder='big', signed=True)\n\n\nclass MoppyMessage(t.NamedTuple):\n    device_address: int\n    sub_address: int\n    command: BaseMoppyCommand\n\n    def render(self) -> bytes:\n        full_message = [\n",
  "slicing": "    device_address: int\n"
 },
 "39": {
  "name": "sub_address",
  "type": "int",
  "class": "build-in",
  "approach": "annotation",
  "file_path": "FDDOrgan/moppy/protocol.py",
  "lineno": "98",
  "column": "4",
  "context": "essage(t.NamedTuple):\n    device_address: int\n    sub_address: int\n    command: BaseMoppyCommand\n\n    def render(self",
  "context_lines": "    def bend_amount(self) -> int:\n        return int.from_bytes([self.msb, self.lsb], byteorder='big', signed=True)\n\n\nclass MoppyMessage(t.NamedTuple):\n    device_address: int\n    sub_address: int\n    command: BaseMoppyCommand\n\n    def render(self) -> bytes:\n        full_message = [\n            MESSAGE_START,\n",
  "slicing": "    sub_address: int\n"
 },
 "40": {
  "name": "command",
  "type": "BaseMoppyCommand",
  "class": "customized",
  "approach": "annotation",
  "file_path": "FDDOrgan/moppy/protocol.py",
  "lineno": "99",
  "column": "4",
  "context": "\n    device_address: int\n    sub_address: int\n    command: BaseMoppyCommand\n\n    def render(self) -> bytes:\n        full_messa",
  "context_lines": "        return int.from_bytes([self.msb, self.lsb], byteorder='big', signed=True)\n\n\nclass MoppyMessage(t.NamedTuple):\n    device_address: int\n    sub_address: int\n    command: BaseMoppyCommand\n\n    def render(self) -> bytes:\n        full_message = [\n            MESSAGE_START,\n",
  "slicing": "    command: BaseMoppyCommand\n"
 },
 "41": {
  "name": "full_message",
  "type": "list",
  "class": "build-in",
  "approach": "Pysonar2",
  "file_path": "FDDOrgan/moppy/protocol.py",
  "lineno": "102",
  "column": "8",
  "context": "pyCommand\n\n    def render(self) -> bytes:\n        full_message = [\n            MESSAGE_START,\n            self.device",
  "context_lines": "    device_address: int\n    sub_address: int\n    command: BaseMoppyCommand\n\n    def render(self) -> bytes:\n        full_message = [\n            MESSAGE_START,\n            self.device_address,\n            self.sub_address,\n        ] + self.command.to_list()\n",
  "slicing": [
   "        full_message = [\n",
   "        byte_message = [val.to_bytes(1, byteorder=\"little\") for val in full_message]\n",
   "        return b\"\".join(byte_message)\n"
  ]
 },
 "42": {
  "name": "byte_message",
  "type": "list",
  "class": "build-in",
  "approach": "annotation",
  "file_path": "FDDOrgan/moppy/protocol.py",
  "lineno": "107",
  "column": "8",
  "context": "dress,\n        ] + self.command.to_list()\n        byte_message = [val.to_bytes(1, byteorder=\"little\") for val in full_message]\n        return b\"\".join(byte_message)\n",
  "context_lines": "            MESSAGE_START,\n            self.device_address,\n            self.sub_address,\n        ] + self.command.to_list()\n        byte_message = [val.to_bytes(1, byteorder=\"little\") for val in full_message]\n",
  "slicing": [
   "        byte_message = [val.to_bytes(1, byteorder=\"little\") for val in full_message]\n",
   "        return b\"\".join(byte_message)\n"
  ]
 },
 "43": {
  "name": "logger",
  "type": "UNKNOWN",
  "class": "unknown",
  "approach": "Pysonar2",
  "file_path": "FDDOrgan/moppy/bridge.py",
  "lineno": "8",
  "column": "0",
  "context": "serial import Serial\n\nimport moppy.protocol as p\n\nlogger = logging.getLogger(__name__)\n\n\nclass MoppySerialBridge(object):\n    def __init_",
  "context_lines": "import logging\nfrom time import sleep\n\nfrom serial import Serial\n\nimport moppy.protocol as p\n\nlogger = logging.getLogger(__name__)\n\n\nclass MoppySerialBridge(object):\n    def __init__(self, ser: Serial) -> None:\n        self.ser = ser\n",
  "slicing": [
   "logger = logging.getLogger(__name__)\n",
   "        logger.info(\"organ config: %s\", self.configuration)\n",
   "                        logger.debug(\"no available sub addresses\")\n",
   "                    logger.debug('unknown command %s', message)\n"
  ]
 },
 "44": {
  "name": "ping",
  "type": "UNKNOWN",
  "class": "unknown",
  "approach": "Pysonar2",
  "file_path": "FDDOrgan/moppy/bridge.py",
  "lineno": "26",
  "column": "8",
  "context": "   def ping(self) -> p.SystemPongCommand:\n        ping = p.SystemPingCommand()\n        self._send_command(ping, 0, 0)\n        if ",
  "context_lines": "                return\n            except ValueError:\n                sleep(1)\n\n    def ping(self) -> p.SystemPongCommand:\n        ping = p.SystemPingCommand()\n        self._send_command(ping, 0, 0)\n        if not self.ser.in_waiting:\n            raise ValueError(\"No response from serial port\")\n        preamble = self.ser.read(p.PREAMBLE_LENGTH)\n",
  "slicing": [
   "        ping = p.SystemPingCommand()\n",
   "        self._send_command(ping, 0, 0)\n"
  ]
 },
 "45": {
  "name": "preamble",
  "type": "UNKNOWN",
  "class": "unknown",
  "approach": "Pysonar2",
  "file_path": "FDDOrgan/moppy/bridge.py",
  "lineno": "30",
  "column": "8",
  "context": "alueError(\"No response from serial port\")\n        preamble = self.ser.read(p.PREAMBLE_LENGTH)\n        assert preamble[0] == p.MESSAGE_START\n\n   ",
  "context_lines": "        ping = p.SystemPingCommand()\n        self._send_command(ping, 0, 0)\n        if not self.ser.in_waiting:\n            raise ValueError(\"No response from serial port\")\n        preamble = self.ser.read(p.PREAMBLE_LENGTH)\n        assert preamble[0] == p.MESSAGE_START\n\n        payload_length = preamble[3]\n        payload = self.ser.read(payload_length)\n        assert payload[0] == p.SystemPongCommand.command\n\n",
  "slicing": [
   "        preamble = self.ser.read(p.PREAMBLE_LENGTH)\n",
   "        assert preamble[0] == p.MESSAGE_START\n",
   "        payload_length = preamble[3]\n",
   "        payload = self.ser.read(payload_length)\n",
   "        assert payload[0] == p.SystemPongCommand.command\n",
   "        return p.SystemPongCommand(*payload[1:])\n"
  ]
 },
 "46": {
  "name": "payload_length",
  "type": "dict",
  "class": "build-in",
  "approach": "annotation",
  "file_path": "FDDOrgan/moppy/bridge.py",
  "lineno": "33",
  "column": "8",
  "context": "   assert preamble[0] == p.MESSAGE_START\n\n        payload_length = preamble[3]\n        payload = self.ser.read(payload_length)\n  ",
  "context_lines": "        if not self.ser.in_waiting:\n            raise ValueError(\"No response from serial port\")\n        preamble = self.ser.read(p.PREAMBLE_LENGTH)\n        assert preamble[0] == p.MESSAGE_START\n\n        payload_length = preamble[3]\n        payload = self.ser.read(payload_length)\n        assert payload[0] == p.SystemPongCommand.command\n\n        return p.SystemPongCommand(*payload[1:])\n\n    def reset(self) -> None:\n",
  "slicing": [
   "        payload_length = preamble[3]\n",
   "        payload = self.ser.read(payload_length)\n",
   "        assert payload[0] == p.SystemPongCommand.command\n",
   "        return p.SystemPongCommand(*payload[1:])\n"
  ]
 },
 "47": {
  "name": "payload",
  "type": "UNKNOWN",
  "class": "unknown",
  "approach": "Pysonar2",
  "file_path": "FDDOrgan/moppy/bridge.py",
  "lineno": "34",
  "column": "8",
  "context": "ART\n\n        payload_length = preamble[3]\n        payload = self.ser.read(payload_length)\n        assert payload[0] == p.SystemPongCommand.c",
  "context_lines": "            raise ValueError(\"No response from serial port\")\n        preamble = self.ser.read(p.PREAMBLE_LENGTH)\n        assert preamble[0] == p.MESSAGE_START\n\n        payload_length = preamble[3]\n        payload = self.ser.read(payload_length)\n        assert payload[0] == p.SystemPongCommand.command\n\n        return p.SystemPongCommand(*payload[1:])\n\n    def reset(self) -> None:\n        self._send_command(p.SystemResetCommand(), 0, 0)\n\n",
  "slicing": [
   "        payload = self.ser.read(payload_length)\n",
   "        assert payload[0] == p.SystemPongCommand.command\n",
   "        return p.SystemPongCommand(*payload[1:])\n"
  ]
 },
 "48": {
  "name": "command",
  "type": "UNKNOWN",
  "class": "unknown",
  "approach": "Pysonar2",
  "file_path": "FDDOrgan/moppy/bridge.py",
  "lineno": "54",
  "column": "8",
  "context": "ess: int, sub_address: int\n    ) -> None:\n        command = p.DevicePlayNoteCommand(note_number=note, velocity=velocity)\n        self._send_command(command, device_address",
  "context_lines": "        self._send_command(p.DeviceResetCommand(), device_number, 0)\n\n    def play_note(\n        self, note: int, velocity: int, device_address: int, sub_address: int\n    ) -> None:\n        command = p.DevicePlayNoteCommand(note_number=note, velocity=velocity)\n        self._send_command(command, device_address, sub_address)\n\n    def stop_note(self, note: int, device_address: int, sub_address: int) -> None:\n        command = p.DeviceStopNoteCommand(note_number=note)\n        self._send_command(command, device_address, sub_address)\n\n",
  "slicing": [
   "        command = p.DevicePlayNoteCommand(note_number=note, velocity=velocity)\n",
   "        self._send_command(command, device_address, sub_address)\n",
   "        self._send_command(command, device_address, sub_address)\n",
   "            self._send_command(command, configuration.device_address, i)\n",
   "            device_address=device_address, sub_address=sub_address, command=command\n"
  ]
 },
 "49": {
  "name": "command",
  "type": "UNKNOWN",
  "class": "unknown",
  "approach": "Pysonar2",
  "file_path": "FDDOrgan/moppy/bridge.py",
  "lineno": "58",
  "column": "8",
  "context": "_address: int, sub_address: int) -> None:\n        command = p.DeviceStopNoteCommand(note_number=note)\n        self._send_command(command, device_address",
  "context_lines": "    ) -> None:\n        command = p.DevicePlayNoteCommand(note_number=note, velocity=velocity)\n        self._send_command(command, device_address, sub_address)\n\n    def stop_note(self, note: int, device_address: int, sub_address: int) -> None:\n        command = p.DeviceStopNoteCommand(note_number=note)\n        self._send_command(command, device_address, sub_address)\n\n    def bend_pitch(self, bend_amount: int, configuration: p.SystemPongCommand) -> None:\n        command = p.DeviceBendPitch(bend_amount)\n        for i in range(configuration.min_sub_address, configuration.max_sub_address + 1):\n",
  "slicing": [
   "        command = p.DeviceStopNoteCommand(note_number=note)\n",
   "        self._send_command(command, device_address, sub_address)\n",
   "            self._send_command(command, configuration.device_address, i)\n",
   "            device_address=device_address, sub_address=sub_address, command=command\n"
  ]
 },
 "50": {
  "name": "command",
  "type": "UNKNOWN",
  "class": "unknown",
  "approach": "Pysonar2",
  "file_path": "FDDOrgan/moppy/bridge.py",
  "lineno": "62",
  "column": "8",
  "context": "figuration: p.SystemPongCommand) -> None:\n        command = p.DeviceBendPitch(bend_amount)\n        for i in range(configuration.min_sub_addre",
  "context_lines": "    def stop_note(self, note: int, device_address: int, sub_address: int) -> None:\n        command = p.DeviceStopNoteCommand(note_number=note)\n        self._send_command(command, device_address, sub_address)\n\n    def bend_pitch(self, bend_amount: int, configuration: p.SystemPongCommand) -> None:\n        command = p.DeviceBendPitch(bend_amount)\n        for i in range(configuration.min_sub_address, configuration.max_sub_address + 1):\n            self._send_command(command, configuration.device_address, i)\n\n    def _send_command(\n        self, command: p.BaseMoppyCommand, device_address: int, sub_address: int\n",
  "slicing": [
   "        command = p.DeviceBendPitch(bend_amount)\n",
   "            self._send_command(command, configuration.device_address, i)\n",
   "            device_address=device_address, sub_address=sub_address, command=command\n"
  ]
 },
 "51": {
  "name": "message",
  "type": "UNKNOWN",
  "class": "unknown",
  "approach": "Pysonar2",
  "file_path": "FDDOrgan/moppy/bridge.py",
  "lineno": "69",
  "column": "8",
  "context": "ess: int, sub_address: int\n    ) -> None:\n        message = p.MoppyMessage(\n            device_address=device_address, sub_add",
  "context_lines": "            self._send_command(command, configuration.device_address, i)\n\n    def _send_command(\n        self, command: p.BaseMoppyCommand, device_address: int, sub_address: int\n    ) -> None:\n        message = p.MoppyMessage(\n            device_address=device_address, sub_address=sub_address, command=command\n        )\n        self._send_message(message)\n\n    def _send_message(self, message: p.MoppyMessage) -> None:\n",
  "slicing": [
   "        message = p.MoppyMessage(\n",
   "        self._send_message(message)\n",
   "        logger.debug(\"sending message %s\", message.render())\n",
   "        self.ser.write(message.render())\n"
  ]
 },
 "52": {
  "name": "bridge",
  "type": "MoppySerialBridge",
  "class": "customized",
  "approach": "annotation",
  "file_path": "FDDOrgan/controller.py",
  "lineno": "12",
  "column": "23",
  "context": "\n\n\nclass FDDOrgan(object):\n    def __init__(self, bridge: MoppySerialBridge, midi_inport_name: str) -> None:\n        self.bridge = bridge\n        self.midi_inp",
  "context_lines": "import mido\n\nfrom moppy.bridge import MoppySerialBridge\n\nlogger = logging.getLogger(__name__)\n\n\nclass FDDOrgan(object):\n    def __init__(self, bridge: MoppySerialBridge, midi_inport_name: str) -> None:\n        self.bridge = bridge\n        self.midi_inport_name = midi_inport_name\n        self.midi_inport = None\n\n        self.bridge.wait_for_startup()\n",
  "slicing": "    def __init__(self, bridge: MoppySerialBridge, midi_inport_name: str) -> None:\n"
 },
 "53": {
  "name": "midi_inport_name",
  "type": "str",
  "class": "build-in",
  "approach": "annotation",
  "file_path": "FDDOrgan/controller.py",
  "lineno": "12",
  "column": "50",
  "context": "    def __init__(self, bridge: MoppySerialBridge, midi_inport_name: str) -> None:\n        self.bridge = bridge\n        self.midi_inp",
  "context_lines": "import mido\n\nfrom moppy.bridge import MoppySerialBridge\n\nlogger = logging.getLogger(__name__)\n\n\nclass FDDOrgan(object):\n    def __init__(self, bridge: MoppySerialBridge, midi_inport_name: str) -> None:\n        self.bridge = bridge\n        self.midi_inport_name = midi_inport_name\n        self.midi_inport = None\n\n        self.bridge.wait_for_startup()\n",
  "slicing": "    def __init__(self, bridge: MoppySerialBridge, midi_inport_name: str) -> None:\n"
 },
 "54": {
  "name": "exc_type",
  "type": "UNKNOWN",
  "class": "unknown",
  "approach": "Pysonar2",
  "file_path": "FDDOrgan/controller.py",
  "lineno": "34",
  "column": "23",
  "context": "tion)\n        return self\n\n    def __exit__(self, exc_type, exc_val, exc_tb):\n        self.midi_inport.close()\n        self.brid",
  "context_lines": "        self.midi_inport = mido.open_input(self.midi_inport_name)\n        self.bridge.start_sequence()\n        logger.info(\"organ config: %s\", self.configuration)\n        return self\n\n    def __exit__(self, exc_type, exc_val, exc_tb):\n        self.midi_inport.close()\n        self.bridge.stop_sequence()\n\n    def run(self) -> None:\n        consecutive_unknown = 0\n",
  "slicing": "    def __exit__(self, exc_type, exc_val, exc_tb):\n"
 },
 "55": {
  "name": "exc_val",
  "type": "UNKNOWN",
  "class": "unknown",
  "approach": "Pysonar2",
  "file_path": "FDDOrgan/controller.py",
  "lineno": "34",
  "column": "33",
  "context": "    return self\n\n    def __exit__(self, exc_type, exc_val, exc_tb):\n        self.midi_inport.close()\n        self.brid",
  "context_lines": "        self.midi_inport = mido.open_input(self.midi_inport_name)\n        self.bridge.start_sequence()\n        logger.info(\"organ config: %s\", self.configuration)\n        return self\n\n    def __exit__(self, exc_type, exc_val, exc_tb):\n        self.midi_inport.close()\n        self.bridge.stop_sequence()\n\n    def run(self) -> None:\n        consecutive_unknown = 0\n",
  "slicing": "    def __exit__(self, exc_type, exc_val, exc_tb):\n"
 },
 "56": {
  "name": "exc_tb",
  "type": "UNKNOWN",
  "class": "unknown",
  "approach": "Pysonar2",
  "file_path": "FDDOrgan/controller.py",
  "lineno": "34",
  "column": "42",
  "context": "n self\n\n    def __exit__(self, exc_type, exc_val, exc_tb):\n        self.midi_inport.close()\n        self.brid",
  "context_lines": "        self.midi_inport = mido.open_input(self.midi_inport_name)\n        self.bridge.start_sequence()\n        logger.info(\"organ config: %s\", self.configuration)\n        return self\n\n    def __exit__(self, exc_type, exc_val, exc_tb):\n        self.midi_inport.close()\n        self.bridge.stop_sequence()\n\n    def run(self) -> None:\n        consecutive_unknown = 0\n",
  "slicing": "    def __exit__(self, exc_type, exc_val, exc_tb):\n"
 },
 "57": {
  "name": "note_number",
  "type": "int",
  "class": "build-in",
  "approach": "annotation",
  "file_path": "FDDOrgan/controller.py",
  "lineno": "79",
  "column": "43",
  "context": " pass\n\n    def _claim_available_sub_address(self, note_number: int) -> t.Union[int, None]:\n        if not self.available_sub_addresses:\n     ",
  "context_lines": "                    consecutive_unknown = 0\n                    self.bridge.reset()\n        except KeyboardInterrupt as e:\n            pass\n\n    def _claim_available_sub_address(self, note_number: int) -> t.Union[int, None]:\n        if not self.available_sub_addresses:\n            return None\n        sub_address = self.available_sub_addresses[0]\n        self.available_sub_addresses = self.available_sub_addresses[1:]\n",
  "slicing": "    def _claim_available_sub_address(self, note_number: int) -> t.Union[int, None]:\n"
 },
 "58": {
  "name": "note_number",
  "type": "int",
  "class": "build-in",
  "approach": "annotation",
  "file_path": "FDDOrgan/controller.py",
  "lineno": "87",
  "column": "25",
  "context": "     return sub_address\n\n    def _free_note(self, note_number: int) -> int:\n        if note_number in self.note_locations:\n   ",
  "context_lines": "        sub_address = self.available_sub_addresses[0]\n        self.available_sub_addresses = self.available_sub_addresses[1:]\n        self.note_locations[note_number] = sub_address\n        return sub_address\n\n    def _free_note(self, note_number: int) -> int:\n        if note_number in self.note_locations:\n            sub_address = self.note_locations.pop(note_number)\n            i = 0\n            for i in range(len(self.available_sub_addresses)):\n",
  "slicing": "    def _free_note(self, note_number: int) -> int:\n"
 },
 "59": {
  "name": "device_address",
  "type": "int",
  "class": "build-in",
  "approach": "annotation",
  "file_path": "FDDOrgan/moppy/protocol.py",
  "lineno": "39",
  "column": "14",
  "context": "ax_sub_address\"]\n\n    def __init__(\n        self, device_address: int, min_sub_address: int, max_sub_address: int\n    ) -> None:\n        self.device_address = devic",
  "context_lines": "class SystemPongCommand(BaseMoppyCommand):\n    command = 0x81\n\n    __slots__ = [\"device_address\", \"min_sub_address\", \"max_sub_address\"]\n\n    def __init__(\n        self, device_address: int, min_sub_address: int, max_sub_address: int\n    ) -> None:\n        self.device_address = device_address\n        self.min_sub_address = min_sub_address\n        self.max_sub_address = max_sub_address\n\n\n",
  "slicing": "        self, device_address: int, min_sub_address: int, max_sub_address: int\n"
 },
 "60": {
  "name": "min_sub_address",
  "type": "int",
  "class": "build-in",
  "approach": "annotation",
  "file_path": "FDDOrgan/moppy/protocol.py",
  "lineno": "39",
  "column": "35",
  "context": " def __init__(\n        self, device_address: int, min_sub_address: int, max_sub_address: int\n    ) -> None:\n        self.device_address = devic",
  "context_lines": "class SystemPongCommand(BaseMoppyCommand):\n    command = 0x81\n\n    __slots__ = [\"device_address\", \"min_sub_address\", \"max_sub_address\"]\n\n    def __init__(\n        self, device_address: int, min_sub_address: int, max_sub_address: int\n    ) -> None:\n        self.device_address = device_address\n        self.min_sub_address = min_sub_address\n        self.max_sub_address = max_sub_address\n\n\n",
  "slicing": "        self, device_address: int, min_sub_address: int, max_sub_address: int\n"
 },
 "61": {
  "name": "max_sub_address",
  "type": "int",
  "class": "build-in",
  "approach": "annotation",
  "file_path": "FDDOrgan/moppy/protocol.py",
  "lineno": "39",
  "column": "57",
  "context": " self, device_address: int, min_sub_address: int, max_sub_address: int\n    ) -> None:\n        self.device_address = devic",
  "context_lines": "class SystemPongCommand(BaseMoppyCommand):\n    command = 0x81\n\n    __slots__ = [\"device_address\", \"min_sub_address\", \"max_sub_address\"]\n\n    def __init__(\n        self, device_address: int, min_sub_address: int, max_sub_address: int\n    ) -> None:\n        self.device_address = device_address\n        self.min_sub_address = min_sub_address\n        self.max_sub_address = max_sub_address\n\n\n",
  "slicing": "        self, device_address: int, min_sub_address: int, max_sub_address: int\n"
 },
 "62": {
  "name": "note_number",
  "type": "int",
  "class": "build-in",
  "approach": "annotation",
  "file_path": "FDDOrgan/moppy/protocol.py",
  "lineno": "67",
  "column": "23",
  "context": "slots__ = [\"note_number\"]\n\n    def __init__(self, note_number: int) -> None:\n        self.note_number = note_number\n\n\nclass Dev",
  "context_lines": "    command = 0x00\n\n\nclass DeviceStopNoteCommand(BaseMoppyCommand):\n    command = 0x08\n\n    __slots__ = [\"note_number\"]\n\n    def __init__(self, note_number: int) -> None:\n        self.note_number = note_number\n\n\nclass DevicePlayNoteCommand(BaseMoppyCommand):\n    command = 0x09\n\n    __slots__ = [\"note_number\", \"velocity\"]\n\n",
  "slicing": "    def __init__(self, note_number: int) -> None:\n"
 },
 "63": {
  "name": "note_number",
  "type": "int",
  "class": "build-in",
  "approach": "annotation",
  "file_path": "FDDOrgan/moppy/protocol.py",
  "lineno": "76",
  "column": "23",
  "context": "note_number\", \"velocity\"]\n\n    def __init__(self, note_number: int, velocity: int = 0) -> None:\n        self.note_number = note_number\n        sel",
  "context_lines": "        self.note_number = note_number\n\n\nclass DevicePlayNoteCommand(BaseMoppyCommand):\n    command = 0x09\n\n    __slots__ = [\"note_number\", \"velocity\"]\n\n    def __init__(self, note_number: int, velocity: int = 0) -> None:\n        self.note_number = note_number\n        self.velocity = velocity\n\n\nclass DeviceBendPitch(BaseMoppyCommand):\n    command = 0x0E\n\n",
  "slicing": "    def __init__(self, note_number: int, velocity: int = 0) -> None:\n"
 },
 "64": {
  "name": "velocity",
  "type": "int",
  "class": "build-in",
  "approach": "annotation",
  "file_path": "FDDOrgan/moppy/protocol.py",
  "lineno": "76",
  "column": "41",
  "context": "ocity\"]\n\n    def __init__(self, note_number: int, velocity: int = 0) -> None:\n        self.note_number = note_number\n        sel",
  "context_lines": "        self.note_number = note_number\n\n\nclass DevicePlayNoteCommand(BaseMoppyCommand):\n    command = 0x09\n\n    __slots__ = [\"note_number\", \"velocity\"]\n\n    def __init__(self, note_number: int, velocity: int = 0) -> None:\n        self.note_number = note_number\n        self.velocity = velocity\n\n\nclass DeviceBendPitch(BaseMoppyCommand):\n    command = 0x0E\n\n",
  "slicing": "    def __init__(self, note_number: int, velocity: int = 0) -> None:\n"
 },
 "65": {
  "name": "bend_amount",
  "type": "int",
  "class": "build-in",
  "approach": "annotation",
  "file_path": "FDDOrgan/moppy/protocol.py",
  "lineno": "86",
  "column": "23",
  "context": "_slots__ = [\"msb\", \"lsb\"]\n\n    def __init__(self, bend_amount: int) -> None:\n        bend_bytes = bend_amount.to_bytes(2, byteo",
  "context_lines": "        self.velocity = velocity\n\n\nclass DeviceBendPitch(BaseMoppyCommand):\n    command = 0x0E\n\n    __slots__ = [\"msb\", \"lsb\"]\n\n    def __init__(self, bend_amount: int) -> None:\n        bend_bytes = bend_amount.to_bytes(2, byteorder=\"big\", signed=True)\n        self.msb = bend_bytes[0]\n        self.lsb = bend_bytes[1]\n\n    @property\n",
  "slicing": "    def __init__(self, bend_amount: int) -> None:\n"
 },
 "66": {
  "name": "ser",
  "type": "UNKNOWN",
  "class": "unknown",
  "approach": "annotation",
  "file_path": "FDDOrgan/moppy/bridge.py",
  "lineno": "12",
  "column": "23",
  "context": "MoppySerialBridge(object):\n    def __init__(self, ser: Serial) -> None:\n        self.ser = ser\n        self.wait_for_start",
  "context_lines": "from serial import Serial\n\nimport moppy.protocol as p\n\nlogger = logging.getLogger(__name__)\n\n\nclass MoppySerialBridge(object):\n    def __init__(self, ser: Serial) -> None:\n        self.ser = ser\n        self.wait_for_startup()\n\n    def wait_for_startup(self, timeout: int = 10) -> None:\n        for i in range(timeout):\n",
  "slicing": "    def __init__(self, ser: Serial) -> None:\n"
 },
 "67": {
  "name": "timeout",
  "type": "int",
  "class": "build-in",
  "approach": "annotation",
  "file_path": "FDDOrgan/moppy/bridge.py",
  "lineno": "16",
  "column": "31",
  "context": "ait_for_startup()\n\n    def wait_for_startup(self, timeout: int = 10) -> None:\n        for i in range(timeout):\n            logge",
  "context_lines": "class MoppySerialBridge(object):\n    def __init__(self, ser: Serial) -> None:\n        self.ser = ser\n        self.wait_for_startup()\n\n    def wait_for_startup(self, timeout: int = 10) -> None:\n        for i in range(timeout):\n            logger.debug(\"attempting to connect to moppy: %d\", i)\n            try:\n                self.ping()\n",
  "slicing": "    def wait_for_startup(self, timeout: int = 10) -> None:\n"
 },
 "68": {
  "name": "device_number",
  "type": "int",
  "class": "build-in",
  "approach": "annotation",
  "file_path": "FDDOrgan/moppy/bridge.py",
  "lineno": "48",
  "column": "27",
  "context": "eStopCommand(), 0, 0)\n\n    def reset_device(self, device_number: int) -> None:\n        self._send_command(p.DeviceResetCommand(),",
  "context_lines": "    def start_sequence(self) -> None:\n        self._send_command(p.SystemSequenceStartCommand(), 0, 0)\n\n    def stop_sequence(self) -> None:\n        self._send_command(p.SystemSequenceStopCommand(), 0, 0)\n\n    def reset_device(self, device_number: int) -> None:\n        self._send_command(p.DeviceResetCommand(), device_number, 0)\n\n    def play_note(\n        self, note: int, velocity: int, device_address: int, sub_address: int\n    ) -> None:\n",
  "slicing": "    def reset_device(self, device_number: int) -> None:\n"
 },
 "69": {
  "name": "note",
  "type": "int",
  "class": "build-in",
  "approach": "annotation",
  "file_path": "FDDOrgan/moppy/bridge.py",
  "lineno": "52",
  "column": "14",
  "context": "vice_number, 0)\n\n    def play_note(\n        self, note: int, velocity: int, device_address: int, sub_address: int\n    ) -> None:\n        command = p.DevicePlayNoteC",
  "context_lines": "        self._send_command(p.SystemSequenceStopCommand(), 0, 0)\n\n    def reset_device(self, device_number: int) -> None:\n        self._send_command(p.DeviceResetCommand(), device_number, 0)\n\n    def play_note(\n        self, note: int, velocity: int, device_address: int, sub_address: int\n    ) -> None:\n        command = p.DevicePlayNoteCommand(note_number=note, velocity=velocity)\n        self._send_command(command, device_address, sub_address)\n\n    def stop_note(self, note: int, device_address: int, sub_address: int) -> None:\n",
  "slicing": "        self, note: int, velocity: int, device_address: int, sub_address: int\n"
 },
 "70": {
  "name": "velocity",
  "type": "int",
  "class": "build-in",
  "approach": "annotation",
  "file_path": "FDDOrgan/moppy/bridge.py",
  "lineno": "52",
  "column": "25",
  "context": ", 0)\n\n    def play_note(\n        self, note: int, velocity: int, device_address: int, sub_address: int\n    ) -> None:\n        command = p.DevicePlayNoteC",
  "context_lines": "        self._send_command(p.SystemSequenceStopCommand(), 0, 0)\n\n    def reset_device(self, device_number: int) -> None:\n        self._send_command(p.DeviceResetCommand(), device_number, 0)\n\n    def play_note(\n        self, note: int, velocity: int, device_address: int, sub_address: int\n    ) -> None:\n        command = p.DevicePlayNoteCommand(note_number=note, velocity=velocity)\n        self._send_command(command, device_address, sub_address)\n\n    def stop_note(self, note: int, device_address: int, sub_address: int) -> None:\n",
  "slicing": "        self, note: int, velocity: int, device_address: int, sub_address: int\n"
 },
 "71": {
  "name": "device_address",
  "type": "int",
  "class": "build-in",
  "approach": "annotation",
  "file_path": "FDDOrgan/moppy/bridge.py",
  "lineno": "52",
  "column": "40",
  "context": "lay_note(\n        self, note: int, velocity: int, device_address: int, sub_address: int\n    ) -> None:\n        command = p.DevicePlayNoteC",
  "context_lines": "        self._send_command(p.SystemSequenceStopCommand(), 0, 0)\n\n    def reset_device(self, device_number: int) -> None:\n        self._send_command(p.DeviceResetCommand(), device_number, 0)\n\n    def play_note(\n        self, note: int, velocity: int, device_address: int, sub_address: int\n    ) -> None:\n        command = p.DevicePlayNoteCommand(note_number=note, velocity=velocity)\n        self._send_command(command, device_address, sub_address)\n\n    def stop_note(self, note: int, device_address: int, sub_address: int) -> None:\n",
  "slicing": "        self, note: int, velocity: int, device_address: int, sub_address: int\n"
 },
 "72": {
  "name": "sub_address",
  "type": "int",
  "class": "build-in",
  "approach": "annotation",
  "file_path": "FDDOrgan/moppy/bridge.py",
  "lineno": "52",
  "column": "61",
  "context": "f, note: int, velocity: int, device_address: int, sub_address: int\n    ) -> None:\n        command = p.DevicePlayNoteC",
  "context_lines": "        self._send_command(p.SystemSequenceStopCommand(), 0, 0)\n\n    def reset_device(self, device_number: int) -> None:\n        self._send_command(p.DeviceResetCommand(), device_number, 0)\n\n    def play_note(\n        self, note: int, velocity: int, device_address: int, sub_address: int\n    ) -> None:\n        command = p.DevicePlayNoteCommand(note_number=note, velocity=velocity)\n        self._send_command(command, device_address, sub_address)\n\n    def stop_note(self, note: int, device_address: int, sub_address: int) -> None:\n",
  "slicing": "        self, note: int, velocity: int, device_address: int, sub_address: int\n"
 },
 "73": {
  "name": "note",
  "type": "int",
  "class": "build-in",
  "approach": "annotation",
  "file_path": "FDDOrgan/moppy/bridge.py",
  "lineno": "57",
  "column": "24",
  "context": "ce_address, sub_address)\n\n    def stop_note(self, note: int, device_address: int, sub_address: int) -> None:\n        command = p.DeviceStopNoteCommand(note_num",
  "context_lines": "        self, note: int, velocity: int, device_address: int, sub_address: int\n    ) -> None:\n        command = p.DevicePlayNoteCommand(note_number=note, velocity=velocity)\n        self._send_command(command, device_address, sub_address)\n\n    def stop_note(self, note: int, device_address: int, sub_address: int) -> None:\n        command = p.DeviceStopNoteCommand(note_number=note)\n        self._send_command(command, device_address, sub_address)\n\n    def bend_pitch(self, bend_amount: int, configuration: p.SystemPongCommand) -> None:\n        command = p.DeviceBendPitch(bend_amount)\n",
  "slicing": "    def stop_note(self, note: int, device_address: int, sub_address: int) -> None:\n"
 },
 "74": {
  "name": "device_address",
  "type": "int",
  "class": "build-in",
  "approach": "annotation",
  "file_path": "FDDOrgan/moppy/bridge.py",
  "lineno": "57",
  "column": "35",
  "context": " sub_address)\n\n    def stop_note(self, note: int, device_address: int, sub_address: int) -> None:\n        command = p.DeviceStopNoteCommand(note_num",
  "context_lines": "        self, note: int, velocity: int, device_address: int, sub_address: int\n    ) -> None:\n        command = p.DevicePlayNoteCommand(note_number=note, velocity=velocity)\n        self._send_command(command, device_address, sub_address)\n\n    def stop_note(self, note: int, device_address: int, sub_address: int) -> None:\n        command = p.DeviceStopNoteCommand(note_number=note)\n        self._send_command(command, device_address, sub_address)\n\n    def bend_pitch(self, bend_amount: int, configuration: p.SystemPongCommand) -> None:\n        command = p.DeviceBendPitch(bend_amount)\n",
  "slicing": "    def stop_note(self, note: int, device_address: int, sub_address: int) -> None:\n"
 },
 "75": {
  "name": "sub_address",
  "type": "int",
  "class": "build-in",
  "approach": "annotation",
  "file_path": "FDDOrgan/moppy/bridge.py",
  "lineno": "57",
  "column": "56",
  "context": "f stop_note(self, note: int, device_address: int, sub_address: int) -> None:\n        command = p.DeviceStopNoteCommand(note_num",
  "context_lines": "        self, note: int, velocity: int, device_address: int, sub_address: int\n    ) -> None:\n        command = p.DevicePlayNoteCommand(note_number=note, velocity=velocity)\n        self._send_command(command, device_address, sub_address)\n\n    def stop_note(self, note: int, device_address: int, sub_address: int) -> None:\n        command = p.DeviceStopNoteCommand(note_number=note)\n        self._send_command(command, device_address, sub_address)\n\n    def bend_pitch(self, bend_amount: int, configuration: p.SystemPongCommand) -> None:\n        command = p.DeviceBendPitch(bend_amount)\n",
  "slicing": "    def stop_note(self, note: int, device_address: int, sub_address: int) -> None:\n"
 },
 "76": {
  "name": "bend_amount",
  "type": "int",
  "class": "build-in",
  "approach": "annotation",
  "file_path": "FDDOrgan/moppy/bridge.py",
  "lineno": "61",
  "column": "25",
  "context": "e_address, sub_address)\n\n    def bend_pitch(self, bend_amount: int, configuration: p.SystemPongCommand) -> None:\n        command = p.DeviceBendPitch(bend_amount)\n ",
  "context_lines": "        self._send_command(command, device_address, sub_address)\n\n    def stop_note(self, note: int, device_address: int, sub_address: int) -> None:\n        command = p.DeviceStopNoteCommand(note_number=note)\n        self._send_command(command, device_address, sub_address)\n\n    def bend_pitch(self, bend_amount: int, configuration: p.SystemPongCommand) -> None:\n        command = p.DeviceBendPitch(bend_amount)\n        for i in range(configuration.min_sub_address, configuration.max_sub_address + 1):\n            self._send_command(command, configuration.device_address, i)\n\n    def _send_command(\n",
  "slicing": "    def bend_pitch(self, bend_amount: int, configuration: p.SystemPongCommand) -> None:\n"
 },
 "77": {
  "name": "configuration",
  "type": "UNKNOWN",
  "class": "unknown",
  "approach": "Pysonar2",
  "file_path": "FDDOrgan/moppy/bridge.py",
  "lineno": "61",
  "column": "43",
  "context": "ress)\n\n    def bend_pitch(self, bend_amount: int, configuration: p.SystemPongCommand) -> None:\n        command = p.DeviceBendPitch(bend_amount)\n ",
  "context_lines": "        self._send_command(command, device_address, sub_address)\n\n    def stop_note(self, note: int, device_address: int, sub_address: int) -> None:\n        command = p.DeviceStopNoteCommand(note_number=note)\n        self._send_command(command, device_address, sub_address)\n\n    def bend_pitch(self, bend_amount: int, configuration: p.SystemPongCommand) -> None:\n        command = p.DeviceBendPitch(bend_amount)\n        for i in range(configuration.min_sub_address, configuration.max_sub_address + 1):\n            self._send_command(command, configuration.device_address, i)\n\n    def _send_command(\n",
  "slicing": "    def bend_pitch(self, bend_amount: int, configuration: p.SystemPongCommand) -> None:\n"
 },
 "78": {
  "name": "command",
  "type": "UNKNOWN",
  "class": "unknown",
  "approach": "Pysonar2",
  "file_path": "FDDOrgan/moppy/bridge.py",
  "lineno": "67",
  "column": "14",
  "context": "address, i)\n\n    def _send_command(\n        self, command: p.BaseMoppyCommand, device_address: int, sub_address: int\n    ) -> None:\n        message = p.MoppyMessage(\n ",
  "context_lines": "        command = p.DeviceBendPitch(bend_amount)\n        for i in range(configuration.min_sub_address, configuration.max_sub_address + 1):\n            self._send_command(command, configuration.device_address, i)\n\n    def _send_command(\n        self, command: p.BaseMoppyCommand, device_address: int, sub_address: int\n    ) -> None:\n        message = p.MoppyMessage(\n            device_address=device_address, sub_address=sub_address, command=command\n        )\n",
  "slicing": "        self, command: p.BaseMoppyCommand, device_address: int, sub_address: int\n"
 },
 "79": {
  "name": "device_address",
  "type": "int",
  "class": "build-in",
  "approach": "annotation",
  "file_path": "FDDOrgan/moppy/bridge.py",
  "lineno": "67",
  "column": "43",
  "context": "mmand(\n        self, command: p.BaseMoppyCommand, device_address: int, sub_address: int\n    ) -> None:\n        message = p.MoppyMessage(\n ",
  "context_lines": "        command = p.DeviceBendPitch(bend_amount)\n        for i in range(configuration.min_sub_address, configuration.max_sub_address + 1):\n            self._send_command(command, configuration.device_address, i)\n\n    def _send_command(\n        self, command: p.BaseMoppyCommand, device_address: int, sub_address: int\n    ) -> None:\n        message = p.MoppyMessage(\n            device_address=device_address, sub_address=sub_address, command=command\n        )\n",
  "slicing": "        self, command: p.BaseMoppyCommand, device_address: int, sub_address: int\n"
 },
 "80": {
  "name": "sub_address",
  "type": "int",
  "class": "build-in",
  "approach": "annotation",
  "file_path": "FDDOrgan/moppy/bridge.py",
  "lineno": "67",
  "column": "64",
  "context": "command: p.BaseMoppyCommand, device_address: int, sub_address: int\n    ) -> None:\n        message = p.MoppyMessage(\n ",
  "context_lines": "        command = p.DeviceBendPitch(bend_amount)\n        for i in range(configuration.min_sub_address, configuration.max_sub_address + 1):\n            self._send_command(command, configuration.device_address, i)\n\n    def _send_command(\n        self, command: p.BaseMoppyCommand, device_address: int, sub_address: int\n    ) -> None:\n        message = p.MoppyMessage(\n            device_address=device_address, sub_address=sub_address, command=command\n        )\n",
  "slicing": "        self, command: p.BaseMoppyCommand, device_address: int, sub_address: int\n"
 },
 "81": {
  "name": "message",
  "type": "UNKNOWN",
  "class": "unknown",
  "approach": "Pysonar2",
  "file_path": "FDDOrgan/moppy/bridge.py",
  "lineno": "74",
  "column": "28",
  "context": "end_message(message)\n\n    def _send_message(self, message: p.MoppyMessage) -> None:\n        logger.debug(\"sending message %s\", message",
  "context_lines": "        message = p.MoppyMessage(\n            device_address=device_address, sub_address=sub_address, command=command\n        )\n        self._send_message(message)\n\n    def _send_message(self, message: p.MoppyMessage) -> None:\n        logger.debug(\"sending message %s\", message.render())\n",
  "slicing": "    def _send_message(self, message: p.MoppyMessage) -> None:\n"
 }
}