{
 "1": {
  "name": "version",
  "type": "str",
  "class": "build-in",
  "approach": "Pysonar2",
  "file_path": "figcan/setup.py",
  "lineno": "18",
  "column": "4",
  "context": "d_packages, setup\n\nwith open('VERSION') as f:\n    version = f.read()\n\nwith open('README.md') as f:\n    long_desc = f.re",
  "context_lines": "# See the License for the specific language governing permissions and\n# limitations under the License.\n\nfrom setuptools import find_packages, setup\n\nwith open('VERSION') as f:\n    version = f.read()\n\nwith open('README.md') as f:\n    long_desc = f.read()\n\nsetup(\n",
  "slicing": [
   "    version = f.read()\n",
   "    version=version,\n"
  ]
 },
 "2": {
  "name": "long_desc",
  "type": "str",
  "class": "build-in",
  "approach": "Pysonar2",
  "file_path": "figcan/setup.py",
  "lineno": "21",
  "column": "4",
  "context": "sion = f.read()\n\nwith open('README.md') as f:\n    long_desc = f.read()\n\nsetup(\n    name='figcan',\n    version=version,\n  ",
  "context_lines": "from setuptools import find_packages, setup\n\nwith open('VERSION') as f:\n    version = f.read()\n\nwith open('README.md') as f:\n    long_desc = f.read()\n\nsetup(\n    name='figcan',\n    version=version,\n",
  "slicing": [
   "    long_desc = f.read()\n",
   "    long_description=long_desc,\n"
  ]
 },
 "3": {
  "name": "cfg",
  "type": "figcan.Configuration",
  "class": "customized",
  "approach": "annotation",
  "file_path": "figcan/tests/test_apply.py",
  "lineno": "26",
  "column": "4",
  "context": "le\n\n\ndef test_apply_nested_dict(base_config):\n    cfg = Configuration(base_config)\n    cfg.apply({\"foo\": \"baz\", \"logging\": {\"level\": ",
  "context_lines": "from collections import namedtuple\n\nimport pytest\n\nfrom figcan import Configuration, Extensible\n\n\ndef test_apply_nested_dict(base_config):\n    cfg = Configuration(base_config)\n    cfg.apply({\"foo\": \"baz\", \"logging\": {\"level\": 6}})\n\n    assert cfg['foo'] == 'baz'\n    assert cfg['logging']['level'] == 6\n    assert cfg['logging']['format'] == 'some format'\n\n\n",
  "slicing": [
   "    cfg = Configuration(base_config)\n",
   "    cfg.apply({\"foo\": \"baz\", \"logging\": {\"level\": 6}})\n",
   "    assert cfg['foo'] == 'baz'\n",
   "    assert cfg['logging']['level'] == 6\n",
   "    assert cfg['logging']['format'] == 'some format'\n",
   "    cfg.apply({\"foo\": \"baz\", \"logging\": {\"level\": 6}})\n",
   "        cfg.apply({\"foos\": \"baz\"})\n",
   "    cfg.apply({\"foos\": \"baz\"}, raise_on_unknown_key=False)\n",
   "    assert 'foos' not in cfg\n",
   "    cfg.apply({\"foo\": \"baz\", \"logging\": {\"handlers\": {\"handler3\": 'new handler'}}})\n",
   "    assert cfg['foo'] == 'baz'\n",
   "    assert cfg['logging']['level'] == 5\n",
   "    assert cfg['logging']['handlers']['handler1'] == 'some config'\n",
   "    assert cfg['logging']['handlers']['handler3'] == 'new handler'\n",
   "    cfg.apply_flat(flat_overrides)\n",
   "    assert cfg['foo'] == 'baz'\n",
   "    assert cfg['is_enabled'] is True\n",
   "    assert cfg['logging']['level'] == 6\n",
   "    assert cfg['logging']['handlers']['handler1'] == 'something else'\n",
   "    cfg.apply_flat(flat_overrides, prefix='figcan_')\n",
   "    assert cfg['foo'] == 'bar'\n",
   "    assert cfg['is_enabled'] is True\n",
   "    assert cfg['logging']['handlers']['handler1'] == 'something else'\n",
   "    assert cfg['logging']['level'] == 6\n",
   "    cfg.apply_flat(flat_overrides, prefix='figcan_')\n",
   "    assert 'shmevel' not in cfg['logging']\n",
   "    assert 'logging_shmevel' not in cfg\n",
   "    cfg.apply_flat(flat_overrides, namespace_separator='.')\n",
   "    assert cfg['is_enabled'] is True\n",
   "    assert cfg['logging']['level'] == 6\n",
   "    assert cfg['logging']['handlers']['handler1'] == 'some config'\n",
   "    cfg.apply_object(ConfigOverrides(foo='blah', is_enabled=True))\n",
   "    assert cfg['foo'] == 'blah'\n",
   "    assert cfg['is_enabled'] is True\n",
   "    cfg.apply_object(ConfigOverrides(level=4, format='this is a format'), apply_on=('logging',))\n",
   "    assert cfg['logging']['level'] == 4\n",
   "    assert cfg['logging']['format'] == 'this is a format'\n",
   "    cfg.apply_object(args, apply_on=('logging',))\n",
   "    assert cfg['logging']['level'] == 3\n",
   "    assert cfg['logging']['format'] == 'some great format'\n"
  ]
 },
 "4": {
  "name": "cfg",
  "type": "figcan.Configuration",
  "class": "customized",
  "approach": "annotation",
  "file_path": "figcan/tests/test_apply.py",
  "lineno": "35",
  "column": "4",
  "context": "y_nested_dict_base_not_modified(base_config):\n    cfg = Configuration(base_config)\n    cfg.apply({\"foo\": \"baz\", \"logging\": {\"level\": ",
  "context_lines": "    assert cfg['foo'] == 'baz'\n    assert cfg['logging']['level'] == 6\n    assert cfg['logging']['format'] == 'some format'\n\n\ndef test_apply_nested_dict_base_not_modified(base_config):\n    cfg = Configuration(base_config)\n    cfg.apply({\"foo\": \"baz\", \"logging\": {\"level\": 6}})\n    assert base_config['foo'] == 'bar'\n\n\ndef test_apply_nokey_raises(base_config):\n    cfg = Configuration(base_config)\n",
  "slicing": [
   "    cfg = Configuration(base_config)\n",
   "    cfg.apply({\"foo\": \"baz\", \"logging\": {\"level\": 6}})\n",
   "        cfg.apply({\"foos\": \"baz\"})\n",
   "    cfg.apply({\"foos\": \"baz\"}, raise_on_unknown_key=False)\n",
   "    assert 'foos' not in cfg\n",
   "    cfg.apply({\"foo\": \"baz\", \"logging\": {\"handlers\": {\"handler3\": 'new handler'}}})\n",
   "    assert cfg['foo'] == 'baz'\n",
   "    assert cfg['logging']['level'] == 5\n",
   "    assert cfg['logging']['handlers']['handler1'] == 'some config'\n",
   "    assert cfg['logging']['handlers']['handler3'] == 'new handler'\n",
   "    cfg.apply_flat(flat_overrides)\n",
   "    assert cfg['foo'] == 'baz'\n",
   "    assert cfg['is_enabled'] is True\n",
   "    assert cfg['logging']['level'] == 6\n",
   "    assert cfg['logging']['handlers']['handler1'] == 'something else'\n",
   "    cfg.apply_flat(flat_overrides, prefix='figcan_')\n",
   "    assert cfg['foo'] == 'bar'\n",
   "    assert cfg['is_enabled'] is True\n",
   "    assert cfg['logging']['handlers']['handler1'] == 'something else'\n",
   "    assert cfg['logging']['level'] == 6\n",
   "    cfg.apply_flat(flat_overrides, prefix='figcan_')\n",
   "    assert 'shmevel' not in cfg['logging']\n",
   "    assert 'logging_shmevel' not in cfg\n",
   "    cfg.apply_flat(flat_overrides, namespace_separator='.')\n",
   "    assert cfg['is_enabled'] is True\n",
   "    assert cfg['logging']['level'] == 6\n",
   "    assert cfg['logging']['handlers']['handler1'] == 'some config'\n",
   "    cfg.apply_object(ConfigOverrides(foo='blah', is_enabled=True))\n",
   "    assert cfg['foo'] == 'blah'\n",
   "    assert cfg['is_enabled'] is True\n",
   "    cfg.apply_object(ConfigOverrides(level=4, format='this is a format'), apply_on=('logging',))\n",
   "    assert cfg['logging']['level'] == 4\n",
   "    assert cfg['logging']['format'] == 'this is a format'\n",
   "    cfg.apply_object(args, apply_on=('logging',))\n",
   "    assert cfg['logging']['level'] == 3\n",
   "    assert cfg['logging']['format'] == 'some great format'\n"
  ]
 },
 "5": {
  "name": "cfg",
  "type": "figcan.Configuration",
  "class": "customized",
  "approach": "annotation",
  "file_path": "figcan/tests/test_apply.py",
  "lineno": "41",
  "column": "4",
  "context": "'\n\n\ndef test_apply_nokey_raises(base_config):\n    cfg = Configuration(base_config)\n    with pytest.raises(KeyError):\n        cfg.appl",
  "context_lines": "    cfg = Configuration(base_config)\n    cfg.apply({\"foo\": \"baz\", \"logging\": {\"level\": 6}})\n    assert base_config['foo'] == 'bar'\n\n\ndef test_apply_nokey_raises(base_config):\n    cfg = Configuration(base_config)\n    with pytest.raises(KeyError):\n        cfg.apply({\"foos\": \"baz\"})\n\n\ndef test_apply_nokey_ignored(base_config):\n    cfg = Configuration(base_config)\n",
  "slicing": [
   "    cfg = Configuration(base_config)\n",
   "        cfg.apply({\"foos\": \"baz\"})\n",
   "    cfg.apply({\"foos\": \"baz\"}, raise_on_unknown_key=False)\n",
   "    assert 'foos' not in cfg\n",
   "    cfg.apply({\"foo\": \"baz\", \"logging\": {\"handlers\": {\"handler3\": 'new handler'}}})\n",
   "    assert cfg['foo'] == 'baz'\n",
   "    assert cfg['logging']['level'] == 5\n",
   "    assert cfg['logging']['handlers']['handler1'] == 'some config'\n",
   "    assert cfg['logging']['handlers']['handler3'] == 'new handler'\n",
   "    cfg.apply_flat(flat_overrides)\n",
   "    assert cfg['foo'] == 'baz'\n",
   "    assert cfg['is_enabled'] is True\n",
   "    assert cfg['logging']['level'] == 6\n",
   "    assert cfg['logging']['handlers']['handler1'] == 'something else'\n",
   "    cfg.apply_flat(flat_overrides, prefix='figcan_')\n",
   "    assert cfg['foo'] == 'bar'\n",
   "    assert cfg['is_enabled'] is True\n",
   "    assert cfg['logging']['handlers']['handler1'] == 'something else'\n",
   "    assert cfg['logging']['level'] == 6\n",
   "    cfg.apply_flat(flat_overrides, prefix='figcan_')\n",
   "    assert 'shmevel' not in cfg['logging']\n",
   "    assert 'logging_shmevel' not in cfg\n",
   "    cfg.apply_flat(flat_overrides, namespace_separator='.')\n",
   "    assert cfg['is_enabled'] is True\n",
   "    assert cfg['logging']['level'] == 6\n",
   "    assert cfg['logging']['handlers']['handler1'] == 'some config'\n",
   "    cfg.apply_object(ConfigOverrides(foo='blah', is_enabled=True))\n",
   "    assert cfg['foo'] == 'blah'\n",
   "    assert cfg['is_enabled'] is True\n",
   "    cfg.apply_object(ConfigOverrides(level=4, format='this is a format'), apply_on=('logging',))\n",
   "    assert cfg['logging']['level'] == 4\n",
   "    assert cfg['logging']['format'] == 'this is a format'\n",
   "    cfg.apply_object(args, apply_on=('logging',))\n",
   "    assert cfg['logging']['level'] == 3\n",
   "    assert cfg['logging']['format'] == 'some great format'\n"
  ]
 },
 "6": {
  "name": "cfg",
  "type": "figcan.Configuration",
  "class": "customized",
  "approach": "annotation",
  "file_path": "figcan/tests/test_apply.py",
  "lineno": "47",
  "column": "4",
  "context": "\n\n\ndef test_apply_nokey_ignored(base_config):\n    cfg = Configuration(base_config)\n    cfg.apply({\"foos\": \"baz\"}, raise_on_unknown_ke",
  "context_lines": "    cfg = Configuration(base_config)\n    with pytest.raises(KeyError):\n        cfg.apply({\"foos\": \"baz\"})\n\n\ndef test_apply_nokey_ignored(base_config):\n    cfg = Configuration(base_config)\n    cfg.apply({\"foos\": \"baz\"}, raise_on_unknown_key=False)\n    assert 'foos' not in cfg\n\n\ndef test_apply_nokey_flexible_config_added(base_config):\n    base_config['logging']['handlers'] = Extensible(base_config['logging']['handlers'])\n",
  "slicing": [
   "    cfg = Configuration(base_config)\n",
   "    cfg.apply({\"foos\": \"baz\"}, raise_on_unknown_key=False)\n",
   "    assert 'foos' not in cfg\n",
   "    cfg.apply({\"foo\": \"baz\", \"logging\": {\"handlers\": {\"handler3\": 'new handler'}}})\n",
   "    assert cfg['foo'] == 'baz'\n",
   "    assert cfg['logging']['level'] == 5\n",
   "    assert cfg['logging']['handlers']['handler1'] == 'some config'\n",
   "    assert cfg['logging']['handlers']['handler3'] == 'new handler'\n",
   "    cfg.apply_flat(flat_overrides)\n",
   "    assert cfg['foo'] == 'baz'\n",
   "    assert cfg['is_enabled'] is True\n",
   "    assert cfg['logging']['level'] == 6\n",
   "    assert cfg['logging']['handlers']['handler1'] == 'something else'\n",
   "    cfg.apply_flat(flat_overrides, prefix='figcan_')\n",
   "    assert cfg['foo'] == 'bar'\n",
   "    assert cfg['is_enabled'] is True\n",
   "    assert cfg['logging']['handlers']['handler1'] == 'something else'\n",
   "    assert cfg['logging']['level'] == 6\n",
   "    cfg.apply_flat(flat_overrides, prefix='figcan_')\n",
   "    assert 'shmevel' not in cfg['logging']\n",
   "    assert 'logging_shmevel' not in cfg\n",
   "    cfg.apply_flat(flat_overrides, namespace_separator='.')\n",
   "    assert cfg['is_enabled'] is True\n",
   "    assert cfg['logging']['level'] == 6\n",
   "    assert cfg['logging']['handlers']['handler1'] == 'some config'\n",
   "    cfg.apply_object(ConfigOverrides(foo='blah', is_enabled=True))\n",
   "    assert cfg['foo'] == 'blah'\n",
   "    assert cfg['is_enabled'] is True\n",
   "    cfg.apply_object(ConfigOverrides(level=4, format='this is a format'), apply_on=('logging',))\n",
   "    assert cfg['logging']['level'] == 4\n",
   "    assert cfg['logging']['format'] == 'this is a format'\n",
   "    cfg.apply_object(args, apply_on=('logging',))\n",
   "    assert cfg['logging']['level'] == 3\n",
   "    assert cfg['logging']['format'] == 'some great format'\n"
  ]
 },
 "7": {
  "name": "cfg",
  "type": "figcan.Configuration",
  "class": "customized",
  "approach": "annotation",
  "file_path": "figcan/tests/test_apply.py",
  "lineno": "54",
  "column": "4",
  "context": "xtensible(base_config['logging']['handlers'])\n    cfg = Configuration(base_config)\n    cfg.apply({\"foo\": \"baz\", \"logging\": {\"handlers",
  "context_lines": "    cfg.apply({\"foos\": \"baz\"}, raise_on_unknown_key=False)\n    assert 'foos' not in cfg\n\n\ndef test_apply_nokey_flexible_config_added(base_config):\n    base_config['logging']['handlers'] = Extensible(base_config['logging']['handlers'])\n    cfg = Configuration(base_config)\n    cfg.apply({\"foo\": \"baz\", \"logging\": {\"handlers\": {\"handler3\": 'new handler'}}})\n\n    assert cfg['foo'] == 'baz'\n    assert cfg['logging']['level'] == 5\n    assert cfg['logging']['handlers']['handler1'] == 'some config'\n",
  "slicing": [
   "    cfg = Configuration(base_config)\n",
   "    cfg.apply({\"foo\": \"baz\", \"logging\": {\"handlers\": {\"handler3\": 'new handler'}}})\n",
   "    assert cfg['foo'] == 'baz'\n",
   "    assert cfg['logging']['level'] == 5\n",
   "    assert cfg['logging']['handlers']['handler1'] == 'some config'\n",
   "    assert cfg['logging']['handlers']['handler3'] == 'new handler'\n",
   "    cfg.apply_flat(flat_overrides)\n",
   "    assert cfg['foo'] == 'baz'\n",
   "    assert cfg['is_enabled'] is True\n",
   "    assert cfg['logging']['level'] == 6\n",
   "    assert cfg['logging']['handlers']['handler1'] == 'something else'\n",
   "    cfg.apply_flat(flat_overrides, prefix='figcan_')\n",
   "    assert cfg['foo'] == 'bar'\n",
   "    assert cfg['is_enabled'] is True\n",
   "    assert cfg['logging']['handlers']['handler1'] == 'something else'\n",
   "    assert cfg['logging']['level'] == 6\n",
   "    cfg.apply_flat(flat_overrides, prefix='figcan_')\n",
   "    assert 'shmevel' not in cfg['logging']\n",
   "    assert 'logging_shmevel' not in cfg\n",
   "    cfg.apply_flat(flat_overrides, namespace_separator='.')\n",
   "    assert cfg['is_enabled'] is True\n",
   "    assert cfg['logging']['level'] == 6\n",
   "    assert cfg['logging']['handlers']['handler1'] == 'some config'\n",
   "    cfg.apply_object(ConfigOverrides(foo='blah', is_enabled=True))\n",
   "    assert cfg['foo'] == 'blah'\n",
   "    assert cfg['is_enabled'] is True\n",
   "    cfg.apply_object(ConfigOverrides(level=4, format='this is a format'), apply_on=('logging',))\n",
   "    assert cfg['logging']['level'] == 4\n",
   "    assert cfg['logging']['format'] == 'this is a format'\n",
   "    cfg.apply_object(args, apply_on=('logging',))\n",
   "    assert cfg['logging']['level'] == 3\n",
   "    assert cfg['logging']['format'] == 'some great format'\n"
  ]
 },
 "8": {
  "name": "cfg",
  "type": "figcan.Configuration",
  "class": "customized",
  "approach": "annotation",
  "file_path": "figcan/tests/test_apply.py",
  "lineno": "64",
  "column": "4",
  "context": "ler'\n\n\ndef test_apply_flat_dict(base_config):\n    cfg = Configuration(base_config)\n    flat_overrides = {'foo': 'baz',\n              ",
  "context_lines": "    assert cfg['logging']['level'] == 5\n    assert cfg['logging']['handlers']['handler1'] == 'some config'\n    assert cfg['logging']['handlers']['handler3'] == 'new handler'\n\n\ndef test_apply_flat_dict(base_config):\n    cfg = Configuration(base_config)\n    flat_overrides = {'foo': 'baz',\n                      'is_enabled': True,\n                      'logging_level': 6,\n                      'logging_handlers_handler1': 'something else'}\n",
  "slicing": [
   "    cfg = Configuration(base_config)\n",
   "    cfg.apply_flat(flat_overrides)\n",
   "    assert cfg['foo'] == 'baz'\n",
   "    assert cfg['is_enabled'] is True\n",
   "    assert cfg['logging']['level'] == 6\n",
   "    assert cfg['logging']['handlers']['handler1'] == 'something else'\n",
   "    cfg.apply_flat(flat_overrides, prefix='figcan_')\n",
   "    assert cfg['foo'] == 'bar'\n",
   "    assert cfg['is_enabled'] is True\n",
   "    assert cfg['logging']['handlers']['handler1'] == 'something else'\n",
   "    assert cfg['logging']['level'] == 6\n",
   "    cfg.apply_flat(flat_overrides, prefix='figcan_')\n",
   "    assert 'shmevel' not in cfg['logging']\n",
   "    assert 'logging_shmevel' not in cfg\n",
   "    cfg.apply_flat(flat_overrides, namespace_separator='.')\n",
   "    assert cfg['is_enabled'] is True\n",
   "    assert cfg['logging']['level'] == 6\n",
   "    assert cfg['logging']['handlers']['handler1'] == 'some config'\n",
   "    cfg.apply_object(ConfigOverrides(foo='blah', is_enabled=True))\n",
   "    assert cfg['foo'] == 'blah'\n",
   "    assert cfg['is_enabled'] is True\n",
   "    cfg.apply_object(ConfigOverrides(level=4, format='this is a format'), apply_on=('logging',))\n",
   "    assert cfg['logging']['level'] == 4\n",
   "    assert cfg['logging']['format'] == 'this is a format'\n",
   "    cfg.apply_object(args, apply_on=('logging',))\n",
   "    assert cfg['logging']['level'] == 3\n",
   "    assert cfg['logging']['format'] == 'some great format'\n"
  ]
 },
 "9": {
  "name": "flat_overrides",
  "type": "dict",
  "class": "build-in",
  "approach": "annotation",
  "file_path": "figcan/tests/test_apply.py",
  "lineno": "65",
  "column": "4",
  "context": "config):\n    cfg = Configuration(base_config)\n    flat_overrides = {'foo': 'baz',\n                      'is_enabled': True,\n        ",
  "context_lines": "    assert cfg['logging']['handlers']['handler1'] == 'some config'\n    assert cfg['logging']['handlers']['handler3'] == 'new handler'\n\n\ndef test_apply_flat_dict(base_config):\n    cfg = Configuration(base_config)\n    flat_overrides = {'foo': 'baz',\n                      'is_enabled': True,\n                      'logging_level': 6,\n                      'logging_handlers_handler1': 'something else'}\n    cfg.apply_flat(flat_overrides)\n\n",
  "slicing": [
   "    flat_overrides = {'foo': 'baz',\n",
   "    cfg.apply_flat(flat_overrides)\n",
   "    cfg.apply_flat(flat_overrides, prefix='figcan_')\n",
   "    cfg.apply_flat(flat_overrides, prefix='figcan_')\n",
   "    cfg.apply_flat(flat_overrides, namespace_separator='.')\n"
  ]
 },
 "10": {
  "name": "cfg",
  "type": "figcan.Configuration",
  "class": "customized",
  "approach": "annotation",
  "file_path": "figcan/tests/test_apply.py",
  "lineno": "78",
  "column": "4",
  "context": "apply_flat_dict_prefix_stripped(base_config):\n    cfg = Configuration(base_config)\n    flat_overrides = {'foo': 'baz',\n              ",
  "context_lines": "    assert cfg['is_enabled'] is True\n    assert cfg['logging']['level'] == 6\n    assert cfg['logging']['handlers']['handler1'] == 'something else'\n\n\ndef test_apply_flat_dict_prefix_stripped(base_config):\n    cfg = Configuration(base_config)\n    flat_overrides = {'foo': 'baz',\n                      'figcan_is_enabled': True,\n                      'figcan_logging_level': 6,\n                      'figcan_logging_handlers_handler1': 'something else',\n",
  "slicing": [
   "    cfg = Configuration(base_config)\n",
   "    cfg.apply_flat(flat_overrides, prefix='figcan_')\n",
   "    assert cfg['foo'] == 'bar'\n",
   "    assert cfg['is_enabled'] is True\n",
   "    assert cfg['logging']['handlers']['handler1'] == 'something else'\n",
   "    assert cfg['logging']['level'] == 6\n",
   "    cfg.apply_flat(flat_overrides, prefix='figcan_')\n",
   "    assert 'shmevel' not in cfg['logging']\n",
   "    assert 'logging_shmevel' not in cfg\n",
   "    cfg.apply_flat(flat_overrides, namespace_separator='.')\n",
   "    assert cfg['is_enabled'] is True\n",
   "    assert cfg['logging']['level'] == 6\n",
   "    assert cfg['logging']['handlers']['handler1'] == 'some config'\n",
   "    cfg.apply_object(ConfigOverrides(foo='blah', is_enabled=True))\n",
   "    assert cfg['foo'] == 'blah'\n",
   "    assert cfg['is_enabled'] is True\n",
   "    cfg.apply_object(ConfigOverrides(level=4, format='this is a format'), apply_on=('logging',))\n",
   "    assert cfg['logging']['level'] == 4\n",
   "    assert cfg['logging']['format'] == 'this is a format'\n",
   "    cfg.apply_object(args, apply_on=('logging',))\n",
   "    assert cfg['logging']['level'] == 3\n",
   "    assert cfg['logging']['format'] == 'some great format'\n"
  ]
 },
 "11": {
  "name": "flat_overrides",
  "type": "dict",
  "class": "build-in",
  "approach": "annotation",
  "file_path": "figcan/tests/test_apply.py",
  "lineno": "79",
  "column": "4",
  "context": "config):\n    cfg = Configuration(base_config)\n    flat_overrides = {'foo': 'baz',\n                      'figcan_is_enabled': True,\n ",
  "context_lines": "    assert cfg['logging']['level'] == 6\n    assert cfg['logging']['handlers']['handler1'] == 'something else'\n\n\ndef test_apply_flat_dict_prefix_stripped(base_config):\n    cfg = Configuration(base_config)\n    flat_overrides = {'foo': 'baz',\n                      'figcan_is_enabled': True,\n                      'figcan_logging_level': 6,\n                      'figcan_logging_handlers_handler1': 'something else',\n                      'logging_level': 4}\n\n",
  "slicing": [
   "    flat_overrides = {'foo': 'baz',\n",
   "    cfg.apply_flat(flat_overrides, prefix='figcan_')\n",
   "    cfg.apply_flat(flat_overrides, prefix='figcan_')\n",
   "    cfg.apply_flat(flat_overrides, namespace_separator='.')\n"
  ]
 },
 "12": {
  "name": "cfg",
  "type": "figcan.Configuration",
  "class": "customized",
  "approach": "annotation",
  "file_path": "figcan/tests/test_apply.py",
  "lineno": "94",
  "column": "4",
  "context": "ct_prefix_stripped_missing_keys(base_config):\n    cfg = Configuration(base_config)\n    flat_overrides = {'figcan_logging_level': 6,\n ",
  "context_lines": "    assert cfg['is_enabled'] is True\n    assert cfg['logging']['handlers']['handler1'] == 'something else'\n    assert cfg['logging']['level'] == 6\n\n\ndef test_apply_flat_dict_prefix_stripped_missing_keys(base_config):\n    cfg = Configuration(base_config)\n    flat_overrides = {'figcan_logging_level': 6,\n                      'figcan_logging_shmevel': 9}\n\n    cfg.apply_flat(flat_overrides, prefix='figcan_')\n\n    assert 'shmevel' not in cfg['logging']\n",
  "slicing": [
   "    cfg = Configuration(base_config)\n",
   "    cfg.apply_flat(flat_overrides, prefix='figcan_')\n",
   "    assert 'shmevel' not in cfg['logging']\n",
   "    assert 'logging_shmevel' not in cfg\n",
   "    cfg.apply_flat(flat_overrides, namespace_separator='.')\n",
   "    assert cfg['is_enabled'] is True\n",
   "    assert cfg['logging']['level'] == 6\n",
   "    assert cfg['logging']['handlers']['handler1'] == 'some config'\n",
   "    cfg.apply_object(ConfigOverrides(foo='blah', is_enabled=True))\n",
   "    assert cfg['foo'] == 'blah'\n",
   "    assert cfg['is_enabled'] is True\n",
   "    cfg.apply_object(ConfigOverrides(level=4, format='this is a format'), apply_on=('logging',))\n",
   "    assert cfg['logging']['level'] == 4\n",
   "    assert cfg['logging']['format'] == 'this is a format'\n",
   "    cfg.apply_object(args, apply_on=('logging',))\n",
   "    assert cfg['logging']['level'] == 3\n",
   "    assert cfg['logging']['format'] == 'some great format'\n"
  ]
 },
 "13": {
  "name": "flat_overrides",
  "type": "dict",
  "class": "build-in",
  "approach": "annotation",
  "file_path": "figcan/tests/test_apply.py",
  "lineno": "95",
  "column": "4",
  "context": "config):\n    cfg = Configuration(base_config)\n    flat_overrides = {'figcan_logging_level': 6,\n                      'figcan_logging_shmevel': 9}",
  "context_lines": "    assert cfg['logging']['handlers']['handler1'] == 'something else'\n    assert cfg['logging']['level'] == 6\n\n\ndef test_apply_flat_dict_prefix_stripped_missing_keys(base_config):\n    cfg = Configuration(base_config)\n    flat_overrides = {'figcan_logging_level': 6,\n                      'figcan_logging_shmevel': 9}\n\n    cfg.apply_flat(flat_overrides, prefix='figcan_')\n\n    assert 'shmevel' not in cfg['logging']\n    assert 'logging_shmevel' not in cfg\n\n\n",
  "slicing": [
   "    flat_overrides = {'figcan_logging_level': 6,\n",
   "    cfg.apply_flat(flat_overrides, prefix='figcan_')\n",
   "    cfg.apply_flat(flat_overrides, namespace_separator='.')\n"
  ]
 },
 "14": {
  "name": "cfg",
  "type": "figcan.Configuration",
  "class": "customized",
  "approach": "annotation",
  "file_path": "figcan/tests/test_apply.py",
  "lineno": "105",
  "column": "4",
  "context": "t_dict_custom_nesting_separator(base_config):\n    cfg = Configuration(base_config)\n    flat_overrides = {'is_enabled': True,\n        ",
  "context_lines": "    cfg.apply_flat(flat_overrides, prefix='figcan_')\n\n    assert 'shmevel' not in cfg['logging']\n    assert 'logging_shmevel' not in cfg\n\n\ndef test_apply_flat_dict_custom_nesting_separator(base_config):\n    cfg = Configuration(base_config)\n    flat_overrides = {'is_enabled': True,\n                      'is.enabled': False,\n                      'logging.level': 6,\n                      'logging.handlers_handler1': 'something else'}\n\n",
  "slicing": [
   "    cfg = Configuration(base_config)\n",
   "    cfg.apply_flat(flat_overrides, namespace_separator='.')\n",
   "    assert cfg['is_enabled'] is True\n",
   "    assert cfg['logging']['level'] == 6\n",
   "    assert cfg['logging']['handlers']['handler1'] == 'some config'\n",
   "    cfg.apply_object(ConfigOverrides(foo='blah', is_enabled=True))\n",
   "    assert cfg['foo'] == 'blah'\n",
   "    assert cfg['is_enabled'] is True\n",
   "    cfg.apply_object(ConfigOverrides(level=4, format='this is a format'), apply_on=('logging',))\n",
   "    assert cfg['logging']['level'] == 4\n",
   "    assert cfg['logging']['format'] == 'this is a format'\n",
   "    cfg.apply_object(args, apply_on=('logging',))\n",
   "    assert cfg['logging']['level'] == 3\n",
   "    assert cfg['logging']['format'] == 'some great format'\n"
  ]
 },
 "15": {
  "name": "flat_overrides",
  "type": "dict",
  "class": "build-in",
  "approach": "annotation",
  "file_path": "figcan/tests/test_apply.py",
  "lineno": "106",
  "column": "4",
  "context": "config):\n    cfg = Configuration(base_config)\n    flat_overrides = {'is_enabled': True,\n                      'is.enabled': False,\n       ",
  "context_lines": "    assert 'shmevel' not in cfg['logging']\n    assert 'logging_shmevel' not in cfg\n\n\ndef test_apply_flat_dict_custom_nesting_separator(base_config):\n    cfg = Configuration(base_config)\n    flat_overrides = {'is_enabled': True,\n                      'is.enabled': False,\n                      'logging.level': 6,\n                      'logging.handlers_handler1': 'something else'}\n\n    cfg.apply_flat(flat_overrides, namespace_separator='.')\n",
  "slicing": [
   "    flat_overrides = {'is_enabled': True,\n",
   "    cfg.apply_flat(flat_overrides, namespace_separator='.')\n"
  ]
 },
 "16": {
  "name": "cfg",
  "type": "figcan.Configuration",
  "class": "customized",
  "approach": "annotation",
  "file_path": "figcan/tests/test_apply.py",
  "lineno": "118",
  "column": "4",
  "context": "config'\n\n\ndef test_apply_object(base_config):\n    cfg = Configuration(base_config)\n    ConfigOverrides = namedtuple('ConfigOverrides'",
  "context_lines": "    assert cfg['is_enabled'] is True\n    assert cfg['logging']['level'] == 6\n    assert cfg['logging']['handlers']['handler1'] == 'some config'\n\n\ndef test_apply_object(base_config):\n    cfg = Configuration(base_config)\n    ConfigOverrides = namedtuple('ConfigOverrides', ('foo', 'is_enabled'))\n    cfg.apply_object(ConfigOverrides(foo='blah', is_enabled=True))\n\n    assert cfg['foo'] == 'blah'\n    assert cfg['is_enabled'] is True\n\n\n",
  "slicing": [
   "    cfg = Configuration(base_config)\n",
   "    cfg.apply_object(ConfigOverrides(foo='blah', is_enabled=True))\n",
   "    assert cfg['foo'] == 'blah'\n",
   "    assert cfg['is_enabled'] is True\n",
   "    cfg.apply_object(ConfigOverrides(level=4, format='this is a format'), apply_on=('logging',))\n",
   "    assert cfg['logging']['level'] == 4\n",
   "    assert cfg['logging']['format'] == 'this is a format'\n",
   "    cfg.apply_object(args, apply_on=('logging',))\n",
   "    assert cfg['logging']['level'] == 3\n",
   "    assert cfg['logging']['format'] == 'some great format'\n"
  ]
 },
 "17": {
  "name": "ConfigOverrides",
  "type": "collections.namedtuple",
  "class": "imported",
  "approach": "annotation",
  "file_path": "figcan/tests/test_apply.py",
  "lineno": "119",
  "column": "4",
  "context": "config):\n    cfg = Configuration(base_config)\n    ConfigOverrides = namedtuple('ConfigOverrides', ('foo', 'is_enabled'))\n    cfg.apply_object(ConfigOverrides(foo='blah', i",
  "context_lines": "    assert cfg['logging']['level'] == 6\n    assert cfg['logging']['handlers']['handler1'] == 'some config'\n\n\ndef test_apply_object(base_config):\n    cfg = Configuration(base_config)\n    ConfigOverrides = namedtuple('ConfigOverrides', ('foo', 'is_enabled'))\n    cfg.apply_object(ConfigOverrides(foo='blah', is_enabled=True))\n\n    assert cfg['foo'] == 'blah'\n    assert cfg['is_enabled'] is True\n\n\ndef test_apply_object_to_subkey(base_config):\n",
  "slicing": [
   "    ConfigOverrides = namedtuple('ConfigOverrides', ('foo', 'is_enabled'))\n",
   "    cfg.apply_object(ConfigOverrides(foo='blah', is_enabled=True))\n",
   "    cfg.apply_object(ConfigOverrides(level=4, format='this is a format'), apply_on=('logging',))\n"
  ]
 },
 "18": {
  "name": "cfg",
  "type": "figcan.Configuration",
  "class": "customized",
  "approach": "annotation",
  "file_path": "figcan/tests/test_apply.py",
  "lineno": "127",
  "column": "4",
  "context": "def test_apply_object_to_subkey(base_config):\n    cfg = Configuration(base_config)\n    ConfigOverrides = namedtuple('ConfigOverrides'",
  "context_lines": "    cfg.apply_object(ConfigOverrides(foo='blah', is_enabled=True))\n\n    assert cfg['foo'] == 'blah'\n    assert cfg['is_enabled'] is True\n\n\ndef test_apply_object_to_subkey(base_config):\n    cfg = Configuration(base_config)\n    ConfigOverrides = namedtuple('ConfigOverrides', ('level', 'format'))\n    cfg.apply_object(ConfigOverrides(level=4, format='this is a format'), apply_on=('logging',))\n\n    assert cfg['logging']['level'] == 4\n    assert cfg['logging']['format'] == 'this is a format'\n\n\n",
  "slicing": [
   "    cfg = Configuration(base_config)\n",
   "    cfg.apply_object(ConfigOverrides(level=4, format='this is a format'), apply_on=('logging',))\n",
   "    assert cfg['logging']['level'] == 4\n",
   "    assert cfg['logging']['format'] == 'this is a format'\n",
   "    cfg.apply_object(args, apply_on=('logging',))\n",
   "    assert cfg['logging']['level'] == 3\n",
   "    assert cfg['logging']['format'] == 'some great format'\n"
  ]
 },
 "19": {
  "name": "ConfigOverrides",
  "type": "collections.namedtuple",
  "class": "imported",
  "approach": "annotation",
  "file_path": "figcan/tests/test_apply.py",
  "lineno": "128",
  "column": "4",
  "context": "config):\n    cfg = Configuration(base_config)\n    ConfigOverrides = namedtuple('ConfigOverrides', ('level', 'format'))\n    cfg.apply_object(ConfigOverrides(level=4, form",
  "context_lines": "    assert cfg['foo'] == 'blah'\n    assert cfg['is_enabled'] is True\n\n\ndef test_apply_object_to_subkey(base_config):\n    cfg = Configuration(base_config)\n    ConfigOverrides = namedtuple('ConfigOverrides', ('level', 'format'))\n    cfg.apply_object(ConfigOverrides(level=4, format='this is a format'), apply_on=('logging',))\n\n    assert cfg['logging']['level'] == 4\n    assert cfg['logging']['format'] == 'this is a format'\n\n\ndef test_apply_object_from_argparse(base_config):\n",
  "slicing": [
   "    ConfigOverrides = namedtuple('ConfigOverrides', ('level', 'format'))\n",
   "    cfg.apply_object(ConfigOverrides(level=4, format='this is a format'), apply_on=('logging',))\n"
  ]
 },
 "20": {
  "name": "parser",
  "type": "UNKNOWN",
  "class": "unknown",
  "approach": "Pysonar2",
  "file_path": "figcan/tests/test_apply.py",
  "lineno": "136",
  "column": "4",
  "context": "test_apply_object_from_argparse(base_config):\n    parser = argparse.ArgumentParser()\n    parser.add_argument('--level', type=int)\n    p",
  "context_lines": "    cfg.apply_object(ConfigOverrides(level=4, format='this is a format'), apply_on=('logging',))\n\n    assert cfg['logging']['level'] == 4\n    assert cfg['logging']['format'] == 'this is a format'\n\n\ndef test_apply_object_from_argparse(base_config):\n    parser = argparse.ArgumentParser()\n    parser.add_argument('--level', type=int)\n    parser.add_argument('--format', type=str)\n    parser.add_argument('--other-flag', action='store_true')\n    args = parser.parse_args(['--level', '3', '--format', 'some great format', '--other-flag'])\n\n",
  "slicing": [
   "    parser = argparse.ArgumentParser()\n",
   "    parser.add_argument('--level', type=int)\n",
   "    parser.add_argument('--format', type=str)\n",
   "    parser.add_argument('--other-flag', action='store_true')\n",
   "    args = parser.parse_args(['--level', '3', '--format', 'some great format', '--other-flag'])\n",
   "    cfg.apply_object(args, apply_on=('logging',))\n"
  ]
 },
 "21": {
  "name": "args",
  "type": "UNKNOWN",
  "class": "unknown",
  "approach": "Pysonar2",
  "file_path": "figcan/tests/test_apply.py",
  "lineno": "140",
  "column": "4",
  "context": "argument('--other-flag', action='store_true')\n    args = parser.parse_args(['--level', '3', '--format', 'some great format', '--other-flag'])\n\n    cfg = Configuration(base_config)\n    cfg.appl",
  "context_lines": "    parser = argparse.ArgumentParser()\n    parser.add_argument('--level', type=int)\n    parser.add_argument('--format', type=str)\n    parser.add_argument('--other-flag', action='store_true')\n    args = parser.parse_args(['--level', '3', '--format', 'some great format', '--other-flag'])\n\n    cfg = Configuration(base_config)\n    cfg.apply_object(args, apply_on=('logging',))\n\n    assert cfg['logging']['level'] == 3\n",
  "slicing": [
   "    args = parser.parse_args(['--level', '3', '--format', 'some great format', '--other-flag'])\n",
   "    cfg.apply_object(args, apply_on=('logging',))\n"
  ]
 },
 "22": {
  "name": "cfg",
  "type": "figcan.Configuration",
  "class": "customized",
  "approach": "annotation",
  "file_path": "figcan/tests/test_apply.py",
  "lineno": "142",
  "column": "4",
  "context": "rmat', 'some great format', '--other-flag'])\n\n    cfg = Configuration(base_config)\n    cfg.apply_object(args, apply_on=('logging',))\n",
  "context_lines": "    parser.add_argument('--level', type=int)\n    parser.add_argument('--format', type=str)\n    parser.add_argument('--other-flag', action='store_true')\n    args = parser.parse_args(['--level', '3', '--format', 'some great format', '--other-flag'])\n\n    cfg = Configuration(base_config)\n    cfg.apply_object(args, apply_on=('logging',))\n\n    assert cfg['logging']['level'] == 3\n",
  "slicing": [
   "    cfg = Configuration(base_config)\n",
   "    cfg.apply_object(args, apply_on=('logging',))\n",
   "    assert cfg['logging']['level'] == 3\n",
   "    assert cfg['logging']['format'] == 'some great format'\n"
  ]
 },
 "23": {
  "name": "cfg",
  "type": "figcan.Configuration",
  "class": "customized",
  "approach": "annotation",
  "file_path": "figcan/tests/test_mapping_iface.py",
  "lineno": "23",
  "column": "4",
  "context": "ef test_can_read_existing_items(base_config):\n    cfg = Configuration(base_config)\n    assert cfg['is_enabled'] is False\n    assert c",
  "context_lines": "# limitations under the License.\n\nimport pytest\n\nfrom figcan import Configuration\n\n\ndef test_can_read_existing_items(base_config):\n    cfg = Configuration(base_config)\n    assert cfg['is_enabled'] is False\n    assert cfg['items'][2] == 3\n    assert cfg['logging']['handlers']['handler1'] == 'some config'\n\n\ndef test_throw_if_read_nonexisting_items(base_config):\n",
  "slicing": [
   "    cfg = Configuration(base_config)\n",
   "    assert cfg['is_enabled'] is False\n",
   "    assert cfg['items'][2] == 3\n",
   "    assert cfg['logging']['handlers']['handler1'] == 'some config'\n",
   "        assert cfg['is_fababled'] is False\n",
   "        assert cfg['items']['item_foo'] == 3\n",
   "    assert cfg.get('is_fababled', 'foo') == 'foo'\n",
   "        cfg['is_enabled'] = True\n",
   "        cfg['new_key'] = 'new value'\n",
   "    assert 'items' in cfg\n",
   "    assert 'format' in cfg['logging']\n",
   "    cfg_keys = [k for k in cfg]\n",
   "    assert len(cfg_keys) == 5\n",
   "    assert len(cfg.keys()) == 5\n",
   "    assert len(cfg.values()) == 5\n",
   "    assert len(cfg.items()) == 5\n",
   "    assert len(cfg) == 5\n"
  ]
 },
 "24": {
  "name": "cfg",
  "type": "figcan.Configuration",
  "class": "customized",
  "approach": "annotation",
  "file_path": "figcan/tests/test_mapping_iface.py",
  "lineno": "30",
  "column": "4",
  "context": "throw_if_read_nonexisting_items(base_config):\n    cfg = Configuration(base_config)\n    with pytest.raises(KeyError):\n        assert c",
  "context_lines": "    assert cfg['is_enabled'] is False\n    assert cfg['items'][2] == 3\n    assert cfg['logging']['handlers']['handler1'] == 'some config'\n\n\ndef test_throw_if_read_nonexisting_items(base_config):\n    cfg = Configuration(base_config)\n    with pytest.raises(KeyError):\n        assert cfg['is_fababled'] is False\n\n    with pytest.raises(TypeError):\n        assert cfg['items']['item_foo'] == 3\n\n\n",
  "slicing": [
   "    cfg = Configuration(base_config)\n",
   "        assert cfg['is_fababled'] is False\n",
   "        assert cfg['items']['item_foo'] == 3\n",
   "    assert cfg.get('is_fababled', 'foo') == 'foo'\n",
   "        cfg['is_enabled'] = True\n",
   "        cfg['new_key'] = 'new value'\n",
   "    assert 'items' in cfg\n",
   "    assert 'format' in cfg['logging']\n",
   "    cfg_keys = [k for k in cfg]\n",
   "    assert len(cfg_keys) == 5\n",
   "    assert len(cfg.keys()) == 5\n",
   "    assert len(cfg.values()) == 5\n",
   "    assert len(cfg.items()) == 5\n",
   "    assert len(cfg) == 5\n"
  ]
 },
 "25": {
  "name": "cfg",
  "type": "figcan.Configuration",
  "class": "customized",
  "approach": "annotation",
  "file_path": "figcan/tests/test_mapping_iface.py",
  "lineno": "39",
  "column": "4",
  "context": "ad_nonexisting_key_with_default(base_config):\n    cfg = Configuration(base_config)\n    assert cfg.get('is_fababled', 'foo') == 'foo'\n",
  "context_lines": "        assert cfg['is_fababled'] is False\n\n    with pytest.raises(TypeError):\n        assert cfg['items']['item_foo'] == 3\n\n\ndef test_can_read_nonexisting_key_with_default(base_config):\n    cfg = Configuration(base_config)\n    assert cfg.get('is_fababled', 'foo') == 'foo'\n\n\ndef test_throw_on_write(base_config):\n    cfg = Configuration(base_config)\n    with pytest.raises(TypeError):\n",
  "slicing": [
   "    cfg = Configuration(base_config)\n",
   "    assert cfg.get('is_fababled', 'foo') == 'foo'\n",
   "        cfg['is_enabled'] = True\n",
   "        cfg['new_key'] = 'new value'\n",
   "    assert 'items' in cfg\n",
   "    assert 'format' in cfg['logging']\n",
   "    cfg_keys = [k for k in cfg]\n",
   "    assert len(cfg_keys) == 5\n",
   "    assert len(cfg.keys()) == 5\n",
   "    assert len(cfg.values()) == 5\n",
   "    assert len(cfg.items()) == 5\n",
   "    assert len(cfg) == 5\n"
  ]
 },
 "26": {
  "name": "cfg",
  "type": "figcan.Configuration",
  "class": "customized",
  "approach": "annotation",
  "file_path": "figcan/tests/test_mapping_iface.py",
  "lineno": "44",
  "column": "4",
  "context": "'foo'\n\n\ndef test_throw_on_write(base_config):\n    cfg = Configuration(base_config)\n    with pytest.raises(TypeError):\n        cfg['is",
  "context_lines": "def test_can_read_nonexisting_key_with_default(base_config):\n    cfg = Configuration(base_config)\n    assert cfg.get('is_fababled', 'foo') == 'foo'\n\n\ndef test_throw_on_write(base_config):\n    cfg = Configuration(base_config)\n    with pytest.raises(TypeError):\n        cfg['is_enabled'] = True\n\n    with pytest.raises(TypeError):\n        cfg['new_key'] = 'new value'\n\n\n",
  "slicing": [
   "    cfg = Configuration(base_config)\n",
   "        cfg['is_enabled'] = True\n",
   "        cfg['new_key'] = 'new value'\n",
   "    assert 'items' in cfg\n",
   "    assert 'format' in cfg['logging']\n",
   "    cfg_keys = [k for k in cfg]\n",
   "    assert len(cfg_keys) == 5\n",
   "    assert len(cfg.keys()) == 5\n",
   "    assert len(cfg.values()) == 5\n",
   "    assert len(cfg.items()) == 5\n",
   "    assert len(cfg) == 5\n"
  ]
 },
 "27": {
  "name": "cfg",
  "type": "figcan.Configuration",
  "class": "customized",
  "approach": "annotation",
  "file_path": "figcan/tests/test_mapping_iface.py",
  "lineno": "53",
  "column": "4",
  "context": "def test_can_check_for_items_in(base_config):\n    cfg = Configuration(base_config)\n    assert 'items' in cfg\n    assert 'format' in c",
  "context_lines": "        cfg['is_enabled'] = True\n\n    with pytest.raises(TypeError):\n        cfg['new_key'] = 'new value'\n\n\ndef test_can_check_for_items_in(base_config):\n    cfg = Configuration(base_config)\n    assert 'items' in cfg\n    assert 'format' in cfg['logging']\n\n\ndef test_is_iterable(base_config):\n    cfg = Configuration(base_config)\n",
  "slicing": [
   "    cfg = Configuration(base_config)\n",
   "    assert 'items' in cfg\n",
   "    assert 'format' in cfg['logging']\n",
   "    cfg_keys = [k for k in cfg]\n",
   "    assert len(cfg_keys) == 5\n",
   "    assert len(cfg.keys()) == 5\n",
   "    assert len(cfg.values()) == 5\n",
   "    assert len(cfg.items()) == 5\n",
   "    assert len(cfg) == 5\n"
  ]
 },
 "28": {
  "name": "cfg",
  "type": "figcan.Configuration",
  "class": "customized",
  "approach": "annotation",
  "file_path": "figcan/tests/test_mapping_iface.py",
  "lineno": "59",
  "column": "4",
  "context": "ogging']\n\n\ndef test_is_iterable(base_config):\n    cfg = Configuration(base_config)\n    cfg_keys = [k for k in cfg]\n    assert len(cfg",
  "context_lines": "    cfg = Configuration(base_config)\n    assert 'items' in cfg\n    assert 'format' in cfg['logging']\n\n\ndef test_is_iterable(base_config):\n    cfg = Configuration(base_config)\n    cfg_keys = [k for k in cfg]\n    assert len(cfg_keys) == 5\n    assert len(cfg.keys()) == 5\n    assert len(cfg.values()) == 5\n",
  "slicing": [
   "    cfg = Configuration(base_config)\n",
   "    cfg_keys = [k for k in cfg]\n",
   "    assert len(cfg_keys) == 5\n",
   "    assert len(cfg.keys()) == 5\n",
   "    assert len(cfg.values()) == 5\n",
   "    assert len(cfg.items()) == 5\n",
   "    assert len(cfg) == 5\n"
  ]
 },
 "29": {
  "name": "cfg_keys",
  "type": "list",
  "class": "build-in",
  "approach": "annotation",
  "file_path": "figcan/tests/test_mapping_iface.py",
  "lineno": "60",
  "column": "4",
  "context": "config):\n    cfg = Configuration(base_config)\n    cfg_keys = [k for k in cfg]\n    assert len(cfg_keys) == 5\n    assert len(cfg.k",
  "context_lines": "    assert 'items' in cfg\n    assert 'format' in cfg['logging']\n\n\ndef test_is_iterable(base_config):\n    cfg = Configuration(base_config)\n    cfg_keys = [k for k in cfg]\n    assert len(cfg_keys) == 5\n    assert len(cfg.keys()) == 5\n    assert len(cfg.values()) == 5\n    assert len(cfg.items()) == 5\n\n\n",
  "slicing": [
   "    cfg_keys = [k for k in cfg]\n",
   "    assert len(cfg_keys) == 5\n"
  ]
 },
 "30": {
  "name": "cfg",
  "type": "figcan.Configuration",
  "class": "customized",
  "approach": "annotation",
  "file_path": "figcan/tests/test_mapping_iface.py",
  "lineno": "68",
  "column": "4",
  "context": "tems()) == 5\n\n\ndef test_has_len(base_config):\n    cfg = Configuration(base_config)\n    assert len(cfg) == 5\n",
  "context_lines": "    assert len(cfg.keys()) == 5\n    assert len(cfg.values()) == 5\n    assert len(cfg.items()) == 5\n\n\ndef test_has_len(base_config):\n    cfg = Configuration(base_config)\n",
  "slicing": [
   "    cfg = Configuration(base_config)\n",
   "    assert len(cfg) == 5\n"
  ]
 },
 "31": {
  "name": "flat_key",
  "type": "UNKNOWN",
  "class": "unknown",
  "approach": "Pysonar2",
  "file_path": "figcan/figcan/figcan.py",
  "lineno": "59",
  "column": "16",
  "context": "bj_keys:\n            if apply_on:\n                flat_key = apply_on + (config_key, )\n            else:\n                flat_key = (conf",
  "context_lines": "        except TypeError:\n            config_obj_keys = filter(lambda k: k[0] != '_', dir(config_obj))\n\n        for config_key in config_obj_keys:\n            if apply_on:\n                flat_key = apply_on + (config_key, )\n            else:\n                flat_key = (config_key, )\n\n            if flat_key in self._flat_pointers:\n                container, orig_key = self._flat_pointers[flat_key]\n",
  "slicing": [
   "                flat_key = apply_on + (config_key, )\n",
   "            if flat_key in self._flat_pointers:\n",
   "                container, orig_key = self._flat_pointers[flat_key]\n",
   "                container[orig_key] = getattr(config_obj, config_key)\n",
   "            if flat_key in config:\n",
   "                container[orig_key] = config[flat_key]\n",
   "        self._flat_pointers = {ks: (container, k) for ks, container, k in _create_flat_pointers(self._data)}\n"
  ]
 },
 "32": {
  "name": "container",
  "type": "dict",
  "class": "build-in",
  "approach": "annotation",
  "file_path": "figcan/figcan/figcan.py",
  "lineno": "64",
  "column": "16",
  "context": " flat_key in self._flat_pointers:\n                container, orig_key = self._flat_pointers[flat_key]\n                container[orig_key] = getattr(conf",
  "context_lines": "                flat_key = apply_on + (config_key, )\n            else:\n                flat_key = (config_key, )\n\n            if flat_key in self._flat_pointers:\n                container, orig_key = self._flat_pointers[flat_key]\n                container[orig_key] = getattr(config_obj, config_key)\n\n    def apply_flat(self, config, namespace_separator='_', prefix=''):\n        # type: (BaseMapping[str, Any], str, str) -> None\n        \"\"\"Apply additional configuration from a flattened dictionary\n\n",
  "slicing": [
   "                container, orig_key = self._flat_pointers[flat_key]\n",
   "                container[orig_key] = getattr(config_obj, config_key)\n",
   "                container[orig_key] = config[flat_key]\n",
   "        self._flat_pointers = {ks: (container, k) for ks, container, k in _create_flat_pointers(self._data)}\n"
  ]
 },
 "33": {
  "name": "orig_key",
  "type": "dict",
  "class": "build-in",
  "approach": "annotation",
  "file_path": "figcan/figcan/figcan.py",
  "lineno": "64",
  "column": "27",
  "context": "n self._flat_pointers:\n                container, orig_key = self._flat_pointers[flat_key]\n                container[orig_key] = getattr(conf",
  "context_lines": "                flat_key = apply_on + (config_key, )\n            else:\n                flat_key = (config_key, )\n\n            if flat_key in self._flat_pointers:\n                container, orig_key = self._flat_pointers[flat_key]\n                container[orig_key] = getattr(config_obj, config_key)\n\n    def apply_flat(self, config, namespace_separator='_', prefix=''):\n        # type: (BaseMapping[str, Any], str, str) -> None\n        \"\"\"Apply additional configuration from a flattened dictionary\n\n",
  "slicing": [
   "                container, orig_key = self._flat_pointers[flat_key]\n",
   "                container[orig_key] = getattr(config_obj, config_key)\n",
   "                container[orig_key] = config[flat_key]\n"
  ]
 },
 "34": {
  "name": "config_obj_keys",
  "type": "list",
  "class": "build-in",
  "approach": "Pysonar2",
  "file_path": "figcan/figcan/figcan.py",
  "lineno": "53",
  "column": "12",
  "context": "lf._init_flat_pointers()\n        try:\n            config_obj_keys = vars(config_obj).keys()  # type: Iterable[str]\n        except TypeError:\n            config_obj_k",
  "context_lines": "        configuration object\n        \"\"\"\n        self._init_flat_pointers()\n        try:\n            config_obj_keys = vars(config_obj).keys()  # type: Iterable[str]\n        except TypeError:\n            config_obj_keys = filter(lambda k: k[0] != '_', dir(config_obj))\n\n        for config_key in config_obj_keys:\n            if apply_on:\n",
  "slicing": [
   "            config_obj_keys = vars(config_obj).keys()  # type: Iterable[str]\n",
   "        for config_key in config_obj_keys:\n",
   "                flat_key = apply_on + (config_key, )\n",
   "                flat_key = (config_key, )\n",
   "            if flat_key in self._flat_pointers:\n",
   "                container, orig_key = self._flat_pointers[flat_key]\n",
   "                container[orig_key] = getattr(config_obj, config_key)\n",
   "            if flat_key in config:\n",
   "                container[orig_key] = config[flat_key]\n",
   "        self._flat_pointers = {ks: (container, k) for ks, container, k in _create_flat_pointers(self._data)}\n"
  ]
 },
 "35": {
  "name": "config_obj_keys",
  "type": "UNKNOWN",
  "class": "unknown",
  "approach": "annotation",
  "file_path": "figcan/figcan/figcan.py",
  "lineno": "55",
  "column": "12",
  "context": "erable[str]\n        except TypeError:\n            config_obj_keys = filter(lambda k: k[0] != '_', dir(config_obj))\n\n        for config_key in config_obj_keys:\n      ",
  "context_lines": "        self._init_flat_pointers()\n        try:\n            config_obj_keys = vars(config_obj).keys()  # type: Iterable[str]\n        except TypeError:\n            config_obj_keys = filter(lambda k: k[0] != '_', dir(config_obj))\n\n        for config_key in config_obj_keys:\n            if apply_on:\n                flat_key = apply_on + (config_key, )\n",
  "slicing": [
   "            config_obj_keys = filter(lambda k: k[0] != '_', dir(config_obj))\n",
   "        for config_key in config_obj_keys:\n",
   "                flat_key = apply_on + (config_key, )\n",
   "                flat_key = (config_key, )\n",
   "            if flat_key in self._flat_pointers:\n",
   "                container, orig_key = self._flat_pointers[flat_key]\n",
   "                container[orig_key] = getattr(config_obj, config_key)\n",
   "            if flat_key in config:\n",
   "                container[orig_key] = config[flat_key]\n",
   "        self._flat_pointers = {ks: (container, k) for ks, container, k in _create_flat_pointers(self._data)}\n"
  ]
 },
 "36": {
  "name": "flat_key",
  "type": "tuple",
  "class": "build-in",
  "approach": "annotation",
  "file_path": "figcan/figcan/figcan.py",
  "lineno": "61",
  "column": "16",
  "context": " (config_key, )\n            else:\n                flat_key = (config_key, )\n\n            if flat_key in self._flat_pointers:\n ",
  "context_lines": "        for config_key in config_obj_keys:\n            if apply_on:\n                flat_key = apply_on + (config_key, )\n            else:\n                flat_key = (config_key, )\n\n            if flat_key in self._flat_pointers:\n                container, orig_key = self._flat_pointers[flat_key]\n                container[orig_key] = getattr(config_obj, config_key)\n\n",
  "slicing": [
   "                flat_key = (config_key, )\n",
   "            if flat_key in self._flat_pointers:\n",
   "                container, orig_key = self._flat_pointers[flat_key]\n",
   "                container[orig_key] = getattr(config_obj, config_key)\n",
   "            if flat_key in config:\n",
   "                container[orig_key] = config[flat_key]\n",
   "        self._flat_pointers = {ks: (container, k) for ks, container, k in _create_flat_pointers(self._data)}\n"
  ]
 },
 "37": {
  "name": "flat_key",
  "type": "str",
  "class": "build-in",
  "approach": "Pysonar2",
  "file_path": "figcan/figcan/figcan.py",
  "lineno": "79",
  "column": "12",
  "context": "_key) in self._flat_pointers.items():\n            flat_key = '{prefix}{joined_key}'.format(prefix=prefix, joined_key=namespace_separator.join(key_stack))\n            if flat_key in config:\n               ",
  "context_lines": "        such as INI files.\n        \"\"\"\n        self._init_flat_pointers()\n        for key_stack, (container, orig_key) in self._flat_pointers.items():\n            flat_key = '{prefix}{joined_key}'.format(prefix=prefix, joined_key=namespace_separator.join(key_stack))\n            if flat_key in config:\n                container[orig_key] = config[flat_key]\n\n    def _init_flat_pointers(self):\n        if len(self._flat_pointers) > 0:\n",
  "slicing": [
   "            flat_key = '{prefix}{joined_key}'.format(prefix=prefix, joined_key=namespace_separator.join(key_stack))\n",
   "            if flat_key in config:\n",
   "                container[orig_key] = config[flat_key]\n"
  ]
 },
 "38": {
  "name": "message",
  "type": "str",
  "class": "build-in",
  "approach": "Pysonar2",
  "file_path": "figcan/figcan/figcan.py",
  "lineno": "124",
  "column": "12",
  "context": "  dct[k] = merge_dct[k]\n        else:\n            message = \"Unknown configuration key: '{k}'\".format(k=k)\n            if raise_on_missing:\n                r",
  "context_lines": "                dct[k] = merge_dct[k]\n        elif isinstance(dct, Extensible):\n            dct[k] = merge_dct[k]\n        else:\n            message = \"Unknown configuration key: '{k}'\".format(k=k)\n            if raise_on_missing:\n                raise KeyError(message)\n            else:\n                logging.getLogger(__name__).warning(message)\n\n",
  "slicing": [
   "            message = \"Unknown configuration key: '{k}'\".format(k=k)\n",
   "                raise KeyError(message)\n",
   "                logging.getLogger(__name__).warning(message)\n"
  ]
 },
 "39": {
  "name": "current_key",
  "type": "UNKNOWN",
  "class": "unknown",
  "approach": "Pysonar2",
  "file_path": "figcan/figcan/figcan.py",
  "lineno": "138",
  "column": "8",
  "context": "er, key)\n    \"\"\"\n    for k in dct.keys():\n        current_key = key_stack + (k,)\n        if isinstance(dct[k], BaseMapping):\n      ",
  "context_lines": "    # type: (Dict[str, Any], Tuple[str, ...]) -> Generator[Tuple[Tuple[str, ...], Dict[str, Any], str], None, None]\n    \"\"\"Create a flattened dictionary of \"key stacks\" -> (value container, key)\n    \"\"\"\n    for k in dct.keys():\n        current_key = key_stack + (k,)\n        if isinstance(dct[k], BaseMapping):\n            for flat_ptr in _create_flat_pointers(dct[k], current_key):\n                yield flat_ptr\n        else:\n",
  "slicing": [
   "        current_key = key_stack + (k,)\n",
   "            for flat_ptr in _create_flat_pointers(dct[k], current_key):\n",
   "                yield flat_ptr\n",
   "            yield (current_key, dct, k)\n"
  ]
 },
 "40": {
  "name": "base_config",
  "type": "UNKNOWN",
  "class": "unknown",
  "approach": "Pysonar2",
  "file_path": "figcan/tests/test_apply.py",
  "lineno": "25",
  "column": "27",
  "context": "guration, Extensible\n\n\ndef test_apply_nested_dict(base_config):\n    cfg = Configuration(base_config)\n    cfg.apply",
  "context_lines": "import argparse\nfrom collections import namedtuple\n\nimport pytest\n\nfrom figcan import Configuration, Extensible\n\n\ndef test_apply_nested_dict(base_config):\n    cfg = Configuration(base_config)\n    cfg.apply({\"foo\": \"baz\", \"logging\": {\"level\": 6}})\n\n    assert cfg['foo'] == 'baz'\n    assert cfg['logging']['level'] == 6\n",
  "slicing": "def test_apply_nested_dict(base_config):\n"
 },
 "41": {
  "name": "base_config",
  "type": "UNKNOWN",
  "class": "unknown",
  "approach": "Pysonar2",
  "file_path": "figcan/tests/test_apply.py",
  "lineno": "34",
  "column": "45",
  "context": "t'\n\n\ndef test_apply_nested_dict_base_not_modified(base_config):\n    cfg = Configuration(base_config)\n    cfg.apply",
  "context_lines": "    cfg.apply({\"foo\": \"baz\", \"logging\": {\"level\": 6}})\n\n    assert cfg['foo'] == 'baz'\n    assert cfg['logging']['level'] == 6\n    assert cfg['logging']['format'] == 'some format'\n\n\ndef test_apply_nested_dict_base_not_modified(base_config):\n    cfg = Configuration(base_config)\n    cfg.apply({\"foo\": \"baz\", \"logging\": {\"level\": 6}})\n    assert base_config['foo'] == 'bar'\n\n\ndef test_apply_nokey_raises(base_config):\n",
  "slicing": "def test_apply_nested_dict_base_not_modified(base_config):\n"
 },
 "42": {
  "name": "base_config",
  "type": "UNKNOWN",
  "class": "unknown",
  "approach": "Pysonar2",
  "file_path": "figcan/tests/test_apply.py",
  "lineno": "40",
  "column": "28",
  "context": "fig['foo'] == 'bar'\n\n\ndef test_apply_nokey_raises(base_config):\n    cfg = Configuration(base_config)\n    with pyte",
  "context_lines": "def test_apply_nested_dict_base_not_modified(base_config):\n    cfg = Configuration(base_config)\n    cfg.apply({\"foo\": \"baz\", \"logging\": {\"level\": 6}})\n    assert base_config['foo'] == 'bar'\n\n\ndef test_apply_nokey_raises(base_config):\n    cfg = Configuration(base_config)\n    with pytest.raises(KeyError):\n        cfg.apply({\"foos\": \"baz\"})\n\n\ndef test_apply_nokey_ignored(base_config):\n",
  "slicing": "def test_apply_nokey_raises(base_config):\n"
 },
 "43": {
  "name": "base_config",
  "type": "UNKNOWN",
  "class": "unknown",
  "approach": "Pysonar2",
  "file_path": "figcan/tests/test_apply.py",
  "lineno": "46",
  "column": "29",
  "context": "y({\"foos\": \"baz\"})\n\n\ndef test_apply_nokey_ignored(base_config):\n    cfg = Configuration(base_config)\n    cfg.apply",
  "context_lines": "def test_apply_nokey_raises(base_config):\n    cfg = Configuration(base_config)\n    with pytest.raises(KeyError):\n        cfg.apply({\"foos\": \"baz\"})\n\n\ndef test_apply_nokey_ignored(base_config):\n    cfg = Configuration(base_config)\n    cfg.apply({\"foos\": \"baz\"}, raise_on_unknown_key=False)\n    assert 'foos' not in cfg\n\n\ndef test_apply_nokey_flexible_config_added(base_config):\n",
  "slicing": "def test_apply_nokey_ignored(base_config):\n"
 },
 "44": {
  "name": "base_config",
  "type": "UNKNOWN",
  "class": "unknown",
  "approach": "Pysonar2",
  "file_path": "figcan/tests/test_apply.py",
  "lineno": "52",
  "column": "43",
  "context": " cfg\n\n\ndef test_apply_nokey_flexible_config_added(base_config):\n    base_config['logging']['handlers'] = Extensibl",
  "context_lines": "def test_apply_nokey_ignored(base_config):\n    cfg = Configuration(base_config)\n    cfg.apply({\"foos\": \"baz\"}, raise_on_unknown_key=False)\n    assert 'foos' not in cfg\n\n\ndef test_apply_nokey_flexible_config_added(base_config):\n    base_config['logging']['handlers'] = Extensible(base_config['logging']['handlers'])\n    cfg = Configuration(base_config)\n    cfg.apply({\"foo\": \"baz\", \"logging\": {\"handlers\": {\"handler3\": 'new handler'}}})\n\n    assert cfg['foo'] == 'baz'\n",
  "slicing": "def test_apply_nokey_flexible_config_added(base_config):\n"
 },
 "45": {
  "name": "base_config",
  "type": "UNKNOWN",
  "class": "unknown",
  "approach": "Pysonar2",
  "file_path": "figcan/tests/test_apply.py",
  "lineno": "63",
  "column": "25",
  "context": "er3'] == 'new handler'\n\n\ndef test_apply_flat_dict(base_config):\n    cfg = Configuration(base_config)\n    flat_over",
  "context_lines": "    assert cfg['foo'] == 'baz'\n    assert cfg['logging']['level'] == 5\n    assert cfg['logging']['handlers']['handler1'] == 'some config'\n    assert cfg['logging']['handlers']['handler3'] == 'new handler'\n\n\ndef test_apply_flat_dict(base_config):\n    cfg = Configuration(base_config)\n    flat_overrides = {'foo': 'baz',\n                      'is_enabled': True,\n                      'logging_level': 6,\n",
  "slicing": "def test_apply_flat_dict(base_config):\n"
 },
 "46": {
  "name": "base_config",
  "type": "UNKNOWN",
  "class": "unknown",
  "approach": "Pysonar2",
  "file_path": "figcan/tests/test_apply.py",
  "lineno": "77",
  "column": "41",
  "context": " else'\n\n\ndef test_apply_flat_dict_prefix_stripped(base_config):\n    cfg = Configuration(base_config)\n    flat_over",
  "context_lines": "    assert cfg['foo'] == 'baz'\n    assert cfg['is_enabled'] is True\n    assert cfg['logging']['level'] == 6\n    assert cfg['logging']['handlers']['handler1'] == 'something else'\n\n\ndef test_apply_flat_dict_prefix_stripped(base_config):\n    cfg = Configuration(base_config)\n    flat_overrides = {'foo': 'baz',\n                      'figcan_is_enabled': True,\n                      'figcan_logging_level': 6,\n",
  "slicing": "def test_apply_flat_dict_prefix_stripped(base_config):\n"
 },
 "47": {
  "name": "base_config",
  "type": "UNKNOWN",
  "class": "unknown",
  "approach": "Pysonar2",
  "file_path": "figcan/tests/test_apply.py",
  "lineno": "93",
  "column": "54",
  "context": "test_apply_flat_dict_prefix_stripped_missing_keys(base_config):\n    cfg = Configuration(base_config)\n    flat_over",
  "context_lines": "    assert cfg['foo'] == 'bar'\n    assert cfg['is_enabled'] is True\n    assert cfg['logging']['handlers']['handler1'] == 'something else'\n    assert cfg['logging']['level'] == 6\n\n\ndef test_apply_flat_dict_prefix_stripped_missing_keys(base_config):\n    cfg = Configuration(base_config)\n    flat_overrides = {'figcan_logging_level': 6,\n                      'figcan_logging_shmevel': 9}\n\n    cfg.apply_flat(flat_overrides, prefix='figcan_')\n\n",
  "slicing": "def test_apply_flat_dict_prefix_stripped_missing_keys(base_config):\n"
 },
 "48": {
  "name": "base_config",
  "type": "UNKNOWN",
  "class": "unknown",
  "approach": "Pysonar2",
  "file_path": "figcan/tests/test_apply.py",
  "lineno": "104",
  "column": "50",
  "context": "def test_apply_flat_dict_custom_nesting_separator(base_config):\n    cfg = Configuration(base_config)\n    flat_over",
  "context_lines": "                      'figcan_logging_shmevel': 9}\n\n    cfg.apply_flat(flat_overrides, prefix='figcan_')\n\n    assert 'shmevel' not in cfg['logging']\n    assert 'logging_shmevel' not in cfg\n\n\ndef test_apply_flat_dict_custom_nesting_separator(base_config):\n    cfg = Configuration(base_config)\n    flat_overrides = {'is_enabled': True,\n                      'is.enabled': False,\n                      'logging.level': 6,\n",
  "slicing": "def test_apply_flat_dict_custom_nesting_separator(base_config):\n"
 },
 "49": {
  "name": "base_config",
  "type": "UNKNOWN",
  "class": "unknown",
  "approach": "Pysonar2",
  "file_path": "figcan/tests/test_apply.py",
  "lineno": "117",
  "column": "22",
  "context": "ndler1'] == 'some config'\n\n\ndef test_apply_object(base_config):\n    cfg = Configuration(base_config)\n    ConfigOve",
  "context_lines": "    cfg.apply_flat(flat_overrides, namespace_separator='.')\n    assert cfg['is_enabled'] is True\n    assert cfg['logging']['level'] == 6\n    assert cfg['logging']['handlers']['handler1'] == 'some config'\n\n\ndef test_apply_object(base_config):\n    cfg = Configuration(base_config)\n    ConfigOverrides = namedtuple('ConfigOverrides', ('foo', 'is_enabled'))\n    cfg.apply_object(ConfigOverrides(foo='blah', is_enabled=True))\n\n    assert cfg['foo'] == 'blah'\n",
  "slicing": "def test_apply_object(base_config):\n"
 },
 "50": {
  "name": "base_config",
  "type": "UNKNOWN",
  "class": "unknown",
  "approach": "Pysonar2",
  "file_path": "figcan/tests/test_apply.py",
  "lineno": "126",
  "column": "32",
  "context": "abled'] is True\n\n\ndef test_apply_object_to_subkey(base_config):\n    cfg = Configuration(base_config)\n    ConfigOve",
  "context_lines": "    ConfigOverrides = namedtuple('ConfigOverrides', ('foo', 'is_enabled'))\n    cfg.apply_object(ConfigOverrides(foo='blah', is_enabled=True))\n\n    assert cfg['foo'] == 'blah'\n    assert cfg['is_enabled'] is True\n\n\ndef test_apply_object_to_subkey(base_config):\n    cfg = Configuration(base_config)\n    ConfigOverrides = namedtuple('ConfigOverrides', ('level', 'format'))\n    cfg.apply_object(ConfigOverrides(level=4, format='this is a format'), apply_on=('logging',))\n\n    assert cfg['logging']['level'] == 4\n",
  "slicing": "def test_apply_object_to_subkey(base_config):\n"
 },
 "51": {
  "name": "base_config",
  "type": "UNKNOWN",
  "class": "unknown",
  "approach": "Pysonar2",
  "file_path": "figcan/tests/test_apply.py",
  "lineno": "135",
  "column": "36",
  "context": "s a format'\n\n\ndef test_apply_object_from_argparse(base_config):\n    parser = argparse.ArgumentParser()\n    parser.",
  "context_lines": "    ConfigOverrides = namedtuple('ConfigOverrides', ('level', 'format'))\n    cfg.apply_object(ConfigOverrides(level=4, format='this is a format'), apply_on=('logging',))\n\n    assert cfg['logging']['level'] == 4\n    assert cfg['logging']['format'] == 'this is a format'\n\n\ndef test_apply_object_from_argparse(base_config):\n    parser = argparse.ArgumentParser()\n    parser.add_argument('--level', type=int)\n    parser.add_argument('--format', type=str)\n    parser.add_argument('--other-flag', action='store_true')\n",
  "slicing": "def test_apply_object_from_argparse(base_config):\n"
 },
 "52": {
  "name": "base_config",
  "type": "UNKNOWN",
  "class": "unknown",
  "approach": "Pysonar2",
  "file_path": "figcan/tests/test_mapping_iface.py",
  "lineno": "22",
  "column": "33",
  "context": " Configuration\n\n\ndef test_can_read_existing_items(base_config):\n    cfg = Configuration(base_config)\n    assert cf",
  "context_lines": "# See the License for the specific language governing permissions and\n# limitations under the License.\n\nimport pytest\n\nfrom figcan import Configuration\n\n\ndef test_can_read_existing_items(base_config):\n    cfg = Configuration(base_config)\n    assert cfg['is_enabled'] is False\n    assert cfg['items'][2] == 3\n    assert cfg['logging']['handlers']['handler1'] == 'some config'\n\n\n",
  "slicing": "def test_can_read_existing_items(base_config):\n"
 },
 "53": {
  "name": "base_config",
  "type": "UNKNOWN",
  "class": "unknown",
  "approach": "Pysonar2",
  "file_path": "figcan/tests/test_mapping_iface.py",
  "lineno": "29",
  "column": "41",
  "context": "onfig'\n\n\ndef test_throw_if_read_nonexisting_items(base_config):\n    cfg = Configuration(base_config)\n    with pyte",
  "context_lines": "    cfg = Configuration(base_config)\n    assert cfg['is_enabled'] is False\n    assert cfg['items'][2] == 3\n    assert cfg['logging']['handlers']['handler1'] == 'some config'\n\n\ndef test_throw_if_read_nonexisting_items(base_config):\n    cfg = Configuration(base_config)\n    with pytest.raises(KeyError):\n        assert cfg['is_fababled'] is False\n\n    with pytest.raises(TypeError):\n",
  "slicing": "def test_throw_if_read_nonexisting_items(base_config):\n"
 },
 "54": {
  "name": "base_config",
  "type": "UNKNOWN",
  "class": "unknown",
  "approach": "Pysonar2",
  "file_path": "figcan/tests/test_mapping_iface.py",
  "lineno": "38",
  "column": "47",
  "context": "\n\n\ndef test_can_read_nonexisting_key_with_default(base_config):\n    cfg = Configuration(base_config)\n    assert cf",
  "context_lines": "    with pytest.raises(KeyError):\n        assert cfg['is_fababled'] is False\n\n    with pytest.raises(TypeError):\n        assert cfg['items']['item_foo'] == 3\n\n\ndef test_can_read_nonexisting_key_with_default(base_config):\n    cfg = Configuration(base_config)\n    assert cfg.get('is_fababled', 'foo') == 'foo'\n\n\ndef test_throw_on_write(base_config):\n    cfg = Configuration(base_config)\n",
  "slicing": "def test_can_read_nonexisting_key_with_default(base_config):\n"
 },
 "55": {
  "name": "base_config",
  "type": "UNKNOWN",
  "class": "unknown",
  "approach": "Pysonar2",
  "file_path": "figcan/tests/test_mapping_iface.py",
  "lineno": "43",
  "column": "24",
  "context": "abled', 'foo') == 'foo'\n\n\ndef test_throw_on_write(base_config):\n    cfg = Configuration(base_config)\n    with pyte",
  "context_lines": "        assert cfg['items']['item_foo'] == 3\n\n\ndef test_can_read_nonexisting_key_with_default(base_config):\n    cfg = Configuration(base_config)\n    assert cfg.get('is_fababled', 'foo') == 'foo'\n\n\ndef test_throw_on_write(base_config):\n    cfg = Configuration(base_config)\n    with pytest.raises(TypeError):\n        cfg['is_enabled'] = True\n\n    with pytest.raises(TypeError):\n",
  "slicing": "def test_throw_on_write(base_config):\n"
 },
 "56": {
  "name": "base_config",
  "type": "UNKNOWN",
  "class": "unknown",
  "approach": "Pysonar2",
  "file_path": "figcan/tests/test_mapping_iface.py",
  "lineno": "52",
  "column": "32",
  "context": "] = 'new value'\n\n\ndef test_can_check_for_items_in(base_config):\n    cfg = Configuration(base_config)\n    assert 'i",
  "context_lines": "    with pytest.raises(TypeError):\n        cfg['is_enabled'] = True\n\n    with pytest.raises(TypeError):\n        cfg['new_key'] = 'new value'\n\n\ndef test_can_check_for_items_in(base_config):\n    cfg = Configuration(base_config)\n    assert 'items' in cfg\n    assert 'format' in cfg['logging']\n\n\ndef test_is_iterable(base_config):\n",
  "slicing": "def test_can_check_for_items_in(base_config):\n"
 },
 "57": {
  "name": "base_config",
  "type": "UNKNOWN",
  "class": "unknown",
  "approach": "Pysonar2",
  "file_path": "figcan/tests/test_mapping_iface.py",
  "lineno": "58",
  "column": "21",
  "context": "'format' in cfg['logging']\n\n\ndef test_is_iterable(base_config):\n    cfg = Configuration(base_config)\n    cfg_keys ",
  "context_lines": "def test_can_check_for_items_in(base_config):\n    cfg = Configuration(base_config)\n    assert 'items' in cfg\n    assert 'format' in cfg['logging']\n\n\ndef test_is_iterable(base_config):\n    cfg = Configuration(base_config)\n    cfg_keys = [k for k in cfg]\n    assert len(cfg_keys) == 5\n    assert len(cfg.keys()) == 5\n",
  "slicing": "def test_is_iterable(base_config):\n"
 },
 "58": {
  "name": "base_config",
  "type": "UNKNOWN",
  "class": "unknown",
  "approach": "Pysonar2",
  "file_path": "figcan/tests/test_mapping_iface.py",
  "lineno": "67",
  "column": "17",
  "context": "  assert len(cfg.items()) == 5\n\n\ndef test_has_len(base_config):\n    cfg = Configuration(base_config)\n    assert le",
  "context_lines": "    assert len(cfg_keys) == 5\n    assert len(cfg.keys()) == 5\n    assert len(cfg.values()) == 5\n    assert len(cfg.items()) == 5\n\n\ndef test_has_len(base_config):\n    cfg = Configuration(base_config)\n",
  "slicing": "def test_has_len(base_config):\n"
 },
 "59": {
  "name": "base_config",
  "type": "UNKNOWN",
  "class": "unknown",
  "approach": "Pysonar2",
  "file_path": "figcan/figcan/figcan.py",
  "lineno": "30",
  "column": "23",
  "context": "guration container\n    \"\"\"\n    def __init__(self, base_config):\n        # type: (Dict[str, Any]) -> None\n        s",
  "context_lines": "    from collections import Mapping as BaseMapping\n\n\nclass Configuration(BaseMapping):\n    \"\"\"Configuration container\n    \"\"\"\n    def __init__(self, base_config):\n        # type: (Dict[str, Any]) -> None\n        self._data = deepcopy(base_config)\n        self._flat_pointers = {}  # type: Dict[Tuple[str, ...], Tuple[Dict[str, Any], str]]\n\n    def apply(self, config, raise_on_unknown_key=True):\n",
  "slicing": "    def __init__(self, base_config):\n"
 },
 "60": {
  "name": "config",
  "type": "UNKNOWN",
  "class": "unknown",
  "approach": "Pysonar2",
  "file_path": "figcan/figcan/figcan.py",
  "lineno": "35",
  "column": "20",
  "context": " Tuple[Dict[str, Any], str]]\n\n    def apply(self, config, raise_on_unknown_key=True):\n        # type: (Dict[str, Any], bool) -> None\n   ",
  "context_lines": "    def __init__(self, base_config):\n        # type: (Dict[str, Any]) -> None\n        self._data = deepcopy(base_config)\n        self._flat_pointers = {}  # type: Dict[Tuple[str, ...], Tuple[Dict[str, Any], str]]\n\n    def apply(self, config, raise_on_unknown_key=True):\n        # type: (Dict[str, Any], bool) -> None\n        \"\"\"Apply additional configuration from a dictionary\n\n        This will look for dictionary items that exist in the base_config any apply their values on the current\n        configuration object\n",
  "slicing": "    def apply(self, config, raise_on_unknown_key=True):\n"
 },
 "61": {
  "name": "raise_on_unknown_key",
  "type": "bool",
  "class": "build-in",
  "approach": "Pysonar2",
  "file_path": "figcan/figcan/figcan.py",
  "lineno": "35",
  "column": "28",
  "context": "ict[str, Any], str]]\n\n    def apply(self, config, raise_on_unknown_key=True):\n        # type: (Dict[str, Any], bool) -> None\n   ",
  "context_lines": "    def __init__(self, base_config):\n        # type: (Dict[str, Any]) -> None\n        self._data = deepcopy(base_config)\n        self._flat_pointers = {}  # type: Dict[Tuple[str, ...], Tuple[Dict[str, Any], str]]\n\n    def apply(self, config, raise_on_unknown_key=True):\n        # type: (Dict[str, Any], bool) -> None\n        \"\"\"Apply additional configuration from a dictionary\n\n        This will look for dictionary items that exist in the base_config any apply their values on the current\n        configuration object\n",
  "slicing": "    def apply(self, config, raise_on_unknown_key=True):\n"
 },
 "62": {
  "name": "config_obj",
  "type": "UNKNOWN",
  "class": "unknown",
  "approach": "Pysonar2",
  "file_path": "figcan/figcan/figcan.py",
  "lineno": "44",
  "column": "27",
  "context": "raise_on_unknown_key)\n\n    def apply_object(self, config_obj, apply_on=None):\n        # type: (object, Optional[Tuple[str, ...]]",
  "context_lines": "        This will look for dictionary items that exist in the base_config any apply their values on the current\n        configuration object\n        \"\"\"\n        _recursive_merge(self._data, config, raise_on_unknown_key)\n\n    def apply_object(self, config_obj, apply_on=None):\n        # type: (object, Optional[Tuple[str, ...]]) -> None\n        \"\"\"Apply additional configuration from any Python object\n\n        This will look for object attributes that exist in the base_config and apply their values  on the current\n        configuration object\n",
  "slicing": "    def apply_object(self, config_obj, apply_on=None):\n"
 },
 "63": {
  "name": "apply_on",
  "type": "UNKNOWN",
  "class": "unknown",
  "approach": "Pysonar2",
  "file_path": "figcan/figcan/figcan.py",
  "lineno": "44",
  "column": "39",
  "context": "nown_key)\n\n    def apply_object(self, config_obj, apply_on=None):\n        # type: (object, Optional[Tuple[str, ...]]",
  "context_lines": "        This will look for dictionary items that exist in the base_config any apply their values on the current\n        configuration object\n        \"\"\"\n        _recursive_merge(self._data, config, raise_on_unknown_key)\n\n    def apply_object(self, config_obj, apply_on=None):\n        # type: (object, Optional[Tuple[str, ...]]) -> None\n        \"\"\"Apply additional configuration from any Python object\n\n        This will look for object attributes that exist in the base_config and apply their values  on the current\n        configuration object\n",
  "slicing": "    def apply_object(self, config_obj, apply_on=None):\n"
 },
 "64": {
  "name": "config",
  "type": "UNKNOWN",
  "class": "unknown",
  "approach": "Pysonar2",
  "file_path": "figcan/figcan/figcan.py",
  "lineno": "67",
  "column": "25",
  "context": "config_obj, config_key)\n\n    def apply_flat(self, config, namespace_separator='_', prefix=''):\n        # type: (BaseMapping[str, Any], str, str) ",
  "context_lines": "                flat_key = (config_key, )\n\n            if flat_key in self._flat_pointers:\n                container, orig_key = self._flat_pointers[flat_key]\n                container[orig_key] = getattr(config_obj, config_key)\n\n    def apply_flat(self, config, namespace_separator='_', prefix=''):\n        # type: (BaseMapping[str, Any], str, str) -> None\n        \"\"\"Apply additional configuration from a flattened dictionary\n\n        This will look for dictionary items that match flattened keys from base_config and apply their values on the\n        current configuration object.\n\n",
  "slicing": "    def apply_flat(self, config, namespace_separator='_', prefix=''):\n"
 },
 "65": {
  "name": "namespace_separator",
  "type": "str",
  "class": "build-in",
  "approach": "Pysonar2",
  "file_path": "figcan/figcan/figcan.py",
  "lineno": "67",
  "column": "33",
  "context": "bj, config_key)\n\n    def apply_flat(self, config, namespace_separator='_', prefix=''):\n        # type: (BaseMapping[str, Any], str, str) ",
  "context_lines": "                flat_key = (config_key, )\n\n            if flat_key in self._flat_pointers:\n                container, orig_key = self._flat_pointers[flat_key]\n                container[orig_key] = getattr(config_obj, config_key)\n\n    def apply_flat(self, config, namespace_separator='_', prefix=''):\n        # type: (BaseMapping[str, Any], str, str) -> None\n        \"\"\"Apply additional configuration from a flattened dictionary\n\n        This will look for dictionary items that match flattened keys from base_config and apply their values on the\n        current configuration object.\n\n",
  "slicing": "    def apply_flat(self, config, namespace_separator='_', prefix=''):\n"
 },
 "66": {
  "name": "prefix",
  "type": "str",
  "class": "build-in",
  "approach": "Pysonar2",
  "file_path": "figcan/figcan/figcan.py",
  "lineno": "67",
  "column": "58",
  "context": "apply_flat(self, config, namespace_separator='_', prefix=''):\n        # type: (BaseMapping[str, Any], str, str) ",
  "context_lines": "                flat_key = (config_key, )\n\n            if flat_key in self._flat_pointers:\n                container, orig_key = self._flat_pointers[flat_key]\n                container[orig_key] = getattr(config_obj, config_key)\n\n    def apply_flat(self, config, namespace_separator='_', prefix=''):\n        # type: (BaseMapping[str, Any], str, str) -> None\n        \"\"\"Apply additional configuration from a flattened dictionary\n\n        This will look for dictionary items that match flattened keys from base_config and apply their values on the\n        current configuration object.\n\n",
  "slicing": "    def apply_flat(self, config, namespace_separator='_', prefix=''):\n"
 },
 "67": {
  "name": "k",
  "type": "UNKNOWN",
  "class": "unknown",
  "approach": "Pysonar2",
  "file_path": "figcan/figcan/figcan.py",
  "lineno": "88",
  "column": "26",
  "context": "_pointers(self._data)}\n\n    def __getitem__(self, k):\n        # type: (str) -> Any\n        return self._",
  "context_lines": "    def _init_flat_pointers(self):\n        if len(self._flat_pointers) > 0:\n            return\n        self._flat_pointers = {ks: (container, k) for ks, container, k in _create_flat_pointers(self._data)}\n\n    def __getitem__(self, k):\n        # type: (str) -> Any\n        return self._data[k]\n\n    def __len__(self):\n        # type: () -> int\n",
  "slicing": "    def __getitem__(self, k):\n"
 },
 "68": {
  "name": "dct",
  "type": "UNKNOWN",
  "class": "unknown",
  "approach": "Pysonar2",
  "file_path": "figcan/figcan/figcan.py",
  "lineno": "109",
  "column": "21",
  "context": "ion tree.\n    \"\"\"\n    pass\n\n\ndef _recursive_merge(dct, merge_dct, raise_on_missing):\n    # type: (Dict[str, Any], Dict[str, Any], bool)",
  "context_lines": "    \"\"\"A drop-in replacement for `dict` that can be used to describe base configuration sections.\n\n    When used, the system will allow adding unknown configuration keys to the configuration tree.\n    \"\"\"\n    pass\n\n\ndef _recursive_merge(dct, merge_dct, raise_on_missing):\n    # type: (Dict[str, Any], Dict[str, Any], bool) -> Dict[str, Any]\n    \"\"\"Recursive dict merge\n\n    This modifies `dct` in place. Use `copy.deepcopy` if this behavior is not desired.\n    \"\"\"\n",
  "slicing": "def _recursive_merge(dct, merge_dct, raise_on_missing):\n"
 },
 "69": {
  "name": "merge_dct",
  "type": "UNKNOWN",
  "class": "unknown",
  "approach": "Pysonar2",
  "file_path": "figcan/figcan/figcan.py",
  "lineno": "109",
  "column": "26",
  "context": "ree.\n    \"\"\"\n    pass\n\n\ndef _recursive_merge(dct, merge_dct, raise_on_missing):\n    # type: (Dict[str, Any], Dict[str, Any], bool)",
  "context_lines": "    \"\"\"A drop-in replacement for `dict` that can be used to describe base configuration sections.\n\n    When used, the system will allow adding unknown configuration keys to the configuration tree.\n    \"\"\"\n    pass\n\n\ndef _recursive_merge(dct, merge_dct, raise_on_missing):\n    # type: (Dict[str, Any], Dict[str, Any], bool) -> Dict[str, Any]\n    \"\"\"Recursive dict merge\n\n    This modifies `dct` in place. Use `copy.deepcopy` if this behavior is not desired.\n    \"\"\"\n",
  "slicing": "def _recursive_merge(dct, merge_dct, raise_on_missing):\n"
 },
 "70": {
  "name": "raise_on_missing",
  "type": "bool",
  "class": "build-in",
  "approach": "Pysonar2",
  "file_path": "figcan/figcan/figcan.py",
  "lineno": "109",
  "column": "37",
  "context": "\"\n    pass\n\n\ndef _recursive_merge(dct, merge_dct, raise_on_missing):\n    # type: (Dict[str, Any], Dict[str, Any], bool)",
  "context_lines": "    \"\"\"A drop-in replacement for `dict` that can be used to describe base configuration sections.\n\n    When used, the system will allow adding unknown configuration keys to the configuration tree.\n    \"\"\"\n    pass\n\n\ndef _recursive_merge(dct, merge_dct, raise_on_missing):\n    # type: (Dict[str, Any], Dict[str, Any], bool) -> Dict[str, Any]\n    \"\"\"Recursive dict merge\n\n    This modifies `dct` in place. Use `copy.deepcopy` if this behavior is not desired.\n    \"\"\"\n",
  "slicing": "def _recursive_merge(dct, merge_dct, raise_on_missing):\n"
 },
 "71": {
  "name": "dct",
  "type": "UNKNOWN",
  "class": "unknown",
  "approach": "Pysonar2",
  "file_path": "figcan/figcan/figcan.py",
  "lineno": "133",
  "column": "26",
  "context": "sage)\n\n    return dct\n\n\ndef _create_flat_pointers(dct, key_stack=()):\n    # type: (Dict[str, Any], Tuple[str, ...]) -> G",
  "context_lines": "                raise KeyError(message)\n            else:\n                logging.getLogger(__name__).warning(message)\n\n    return dct\n\n\ndef _create_flat_pointers(dct, key_stack=()):\n    # type: (Dict[str, Any], Tuple[str, ...]) -> Generator[Tuple[Tuple[str, ...], Dict[str, Any], str], None, None]\n    \"\"\"Create a flattened dictionary of \"key stacks\" -> (value container, key)\n    \"\"\"\n    for k in dct.keys():\n",
  "slicing": "def _create_flat_pointers(dct, key_stack=()):\n"
 },
 "72": {
  "name": "key_stack",
  "type": "UNKNOWN",
  "class": "unknown",
  "approach": "Pysonar2",
  "file_path": "figcan/figcan/figcan.py",
  "lineno": "133",
  "column": "31",
  "context": "\n\n    return dct\n\n\ndef _create_flat_pointers(dct, key_stack=()):\n    # type: (Dict[str, Any], Tuple[str, ...]) -> G",
  "context_lines": "                raise KeyError(message)\n            else:\n                logging.getLogger(__name__).warning(message)\n\n    return dct\n\n\ndef _create_flat_pointers(dct, key_stack=()):\n    # type: (Dict[str, Any], Tuple[str, ...]) -> Generator[Tuple[Tuple[str, ...], Dict[str, Any], str], None, None]\n    \"\"\"Create a flattened dictionary of \"key stacks\" -> (value container, key)\n    \"\"\"\n    for k in dct.keys():\n",
  "slicing": "def _create_flat_pointers(dct, key_stack=()):\n"
 }
}