{
 "1": {
  "name": "hosts",
  "type": "list",
  "class": "build-in",
  "approach": "annotation",
  "file_path": "findssh/src/findssh/coro.py",
  "lineno": "18",
  "column": "4",
  "context": "ing.List[typing.Tuple[ip.IPv4Address, str]]:\n\n    hosts = []\n    for h in asyncio.as_completed([waiter(host, po",
  "context_lines": "from .base import validateservice\n\n\nasync def get_hosts(\n    net: ip.IPv4Network, port: int, service: str, timeout: float\n) -> typing.List[typing.Tuple[ip.IPv4Address, str]]:\n\n    hosts = []\n    for h in asyncio.as_completed([waiter(host, port, service, timeout) for host in net.hosts()]):\n        host = await h\n        if host:\n            print(host)\n",
  "slicing": [
   "    hosts = []\n",
   "            hosts.append(host)\n",
   "    return hosts\n"
  ]
 },
 "2": {
  "name": "host",
  "type": "UNKNOWN",
  "class": "unknown",
  "approach": "Pysonar2",
  "file_path": "findssh/src/findssh/coro.py",
  "lineno": "20",
  "column": "8",
  "context": "vice, timeout) for host in net.hosts()]):\n        host = await h\n        if host:\n            print(host)\n         ",
  "context_lines": "    net: ip.IPv4Network, port: int, service: str, timeout: float\n) -> typing.List[typing.Tuple[ip.IPv4Address, str]]:\n\n    hosts = []\n    for h in asyncio.as_completed([waiter(host, port, service, timeout) for host in net.hosts()]):\n        host = await h\n        if host:\n            print(host)\n            hosts.append(host)\n\n    return hosts\n\n\n",
  "slicing": [
   "        host = await h\n",
   "        if host:\n",
   "            print(host)\n",
   "            hosts.append(host)\n",
   "        res = await asyncio.wait_for(isportopen(host, port, service), timeout=timeout)\n",
   "    return res\n",
   "    host_str = host.exploded\n",
   "        reader, _ = await asyncio.open_connection(host_str, port)\n",
   "        b = await reader.read(32)  # arbitrary number of bytes\n",
   "    svc_txt = validateservice(service, host_str, b)\n",
   "    if svc_txt:\n",
   "        return host, svc_txt\n"
  ]
 },
 "3": {
  "name": "res",
  "type": "UNKNOWN",
  "class": "unknown",
  "approach": "Pysonar2",
  "file_path": "findssh/src/findssh/coro.py",
  "lineno": "32",
  "column": "8",
  "context": "ping.Tuple[ip.IPv4Address, str]:\n    try:\n        res = await asyncio.wait_for(isportopen(host, port, service), timeout=timeout)\n    except asyncio.TimeoutError:\n        res = Non",
  "context_lines": "async def waiter(\n    host: ip.IPv4Address, port: int, service: str, timeout: float\n) -> typing.Tuple[ip.IPv4Address, str]:\n    try:\n        res = await asyncio.wait_for(isportopen(host, port, service), timeout=timeout)\n    except asyncio.TimeoutError:\n        res = None\n    return res\n\n\nasync def isportopen(\n",
  "slicing": [
   "        res = await asyncio.wait_for(isportopen(host, port, service), timeout=timeout)\n",
   "    return res\n"
  ]
 },
 "4": {
  "name": "res",
  "type": "UNKNOWN",
  "class": "unknown",
  "approach": "annotation",
  "file_path": "findssh/src/findssh/coro.py",
  "lineno": "34",
  "column": "8",
  "context": "timeout)\n    except asyncio.TimeoutError:\n        res = None\n    return res\n\n\nasync def isportopen(\n    host: i",
  "context_lines": ") -> typing.Tuple[ip.IPv4Address, str]:\n    try:\n        res = await asyncio.wait_for(isportopen(host, port, service), timeout=timeout)\n    except asyncio.TimeoutError:\n        res = None\n    return res\n\n\nasync def isportopen(\n    host: ip.IPv4Address, port: int, service: str\n) -> typing.Tuple[ip.IPv4Address, str]:\n",
  "slicing": [
   "        res = None\n",
   "    return res\n"
  ]
 },
 "5": {
  "name": "host_str",
  "type": "UNKNOWN",
  "class": "unknown",
  "approach": "Pysonar2",
  "file_path": "findssh/src/findssh/coro.py",
  "lineno": "44",
  "column": "4",
  "context": "o-stream.html#asyncio.open_connection\n    \"\"\"\n    host_str = host.exploded\n\n    try:\n        reader, _ = await asyncio.open_c",
  "context_lines": ") -> typing.Tuple[ip.IPv4Address, str]:\n    \"\"\"\n    https://docs.python.org/3/library/asyncio-stream.html#asyncio.open_connection\n    \"\"\"\n    host_str = host.exploded\n\n    try:\n        reader, _ = await asyncio.open_connection(host_str, port)\n        b = await reader.read(32)  # arbitrary number of bytes\n",
  "slicing": [
   "    host_str = host.exploded\n",
   "        reader, _ = await asyncio.open_connection(host_str, port)\n",
   "        b = await reader.read(32)  # arbitrary number of bytes\n",
   "    svc_txt = validateservice(service, host_str, b)\n",
   "    if svc_txt:\n",
   "        return host, svc_txt\n"
  ]
 },
 "6": {
  "name": "reader",
  "type": "UNKNOWN",
  "class": "unknown",
  "approach": "Pysonar2",
  "file_path": "findssh/src/findssh/coro.py",
  "lineno": "47",
  "column": "8",
  "context": "\"\"\n    host_str = host.exploded\n\n    try:\n        reader, _ = await asyncio.open_connection(host_str, port)\n        b = await reader.read(32)  # arbitrary num",
  "context_lines": "    https://docs.python.org/3/library/asyncio-stream.html#asyncio.open_connection\n    \"\"\"\n    host_str = host.exploded\n\n    try:\n        reader, _ = await asyncio.open_connection(host_str, port)\n        b = await reader.read(32)  # arbitrary number of bytes\n    except OSError as err:  # to avoid flake8 error OSError has ConnectionError\n        logging.debug(err)\n        return None\n",
  "slicing": [
   "        reader, _ = await asyncio.open_connection(host_str, port)\n",
   "        b = await reader.read(32)  # arbitrary number of bytes\n",
   "    svc_txt = validateservice(service, host_str, b)\n",
   "    if svc_txt:\n",
   "        return host, svc_txt\n"
  ]
 },
 "7": {
  "name": "_",
  "type": "UNKNOWN",
  "class": "unknown",
  "approach": "Pysonar2",
  "file_path": "findssh/src/findssh/coro.py",
  "lineno": "47",
  "column": "16",
  "context": "ost_str = host.exploded\n\n    try:\n        reader, _ = await asyncio.open_connection(host_str, port)\n        b = await reader.read(32)  # arbitrary num",
  "context_lines": "    https://docs.python.org/3/library/asyncio-stream.html#asyncio.open_connection\n    \"\"\"\n    host_str = host.exploded\n\n    try:\n        reader, _ = await asyncio.open_connection(host_str, port)\n        b = await reader.read(32)  # arbitrary number of bytes\n    except OSError as err:  # to avoid flake8 error OSError has ConnectionError\n        logging.debug(err)\n        return None\n",
  "slicing": "        reader, _ = await asyncio.open_connection(host_str, port)\n"
 },
 "8": {
  "name": "b",
  "type": "UNKNOWN",
  "class": "unknown",
  "approach": "Pysonar2",
  "file_path": "findssh/src/findssh/coro.py",
  "lineno": "48",
  "column": "8",
  "context": "t asyncio.open_connection(host_str, port)\n        b = await reader.read(32)  # arbitrary number of bytes\n    except OSError as err:  # to avoid flake8 erro",
  "context_lines": "    \"\"\"\n    host_str = host.exploded\n\n    try:\n        reader, _ = await asyncio.open_connection(host_str, port)\n        b = await reader.read(32)  # arbitrary number of bytes\n    except OSError as err:  # to avoid flake8 error OSError has ConnectionError\n        logging.debug(err)\n        return None\n    # %% service decode (optional)\n",
  "slicing": [
   "        b = await reader.read(32)  # arbitrary number of bytes\n",
   "    svc_txt = validateservice(service, host_str, b)\n",
   "    if svc_txt:\n",
   "        return host, svc_txt\n"
  ]
 },
 "9": {
  "name": "svc_txt",
  "type": "base.validateservice",
  "class": "imported",
  "approach": "annotation",
  "file_path": "findssh/src/findssh/coro.py",
  "lineno": "53",
  "column": "4",
  "context": "eturn None\n    # %% service decode (optional)\n    svc_txt = validateservice(service, host_str, b)\n    if svc_txt:\n        return host, svc_txt\n    r",
  "context_lines": "    except OSError as err:  # to avoid flake8 error OSError has ConnectionError\n        logging.debug(err)\n        return None\n    # %% service decode (optional)\n    svc_txt = validateservice(service, host_str, b)\n    if svc_txt:\n        return host, svc_txt\n",
  "slicing": [
   "    svc_txt = validateservice(service, host_str, b)\n",
   "    if svc_txt:\n",
   "        return host, svc_txt\n"
  ]
 },
 "10": {
  "name": "PORT",
  "type": "int",
  "class": "build-in",
  "approach": "Pysonar2",
  "file_path": "findssh/src/findssh/__main__.py",
  "lineno": "26",
  "column": "0",
  "context": "eadpool import get_hosts as threadpool_get_hosts\n\nPORT = 22\nTIMEOUT = 1.0\n\n\ndef main():\n    p = ArgumentParser",
  "context_lines": "from argparse import ArgumentParser\n\nfrom .base import getLANip, netfromaddress, get_hosts_seq\nfrom .coro import get_hosts as coro_get_hosts\nfrom .threadpool import get_hosts as threadpool_get_hosts\n\nPORT = 22\nTIMEOUT = 1.0\n\n\ndef main():\n    p = ArgumentParser(\"scan for hosts with open port, without NMAP\")\n    p.add_argument(\"-p\", \"--port\", help=\"single port to try\", default=PORT, type=int)\n",
  "slicing": [
   "PORT = 22\n",
   "    p.add_argument(\"-p\", \"--port\", help=\"single port to try\", default=PORT, type=int)\n"
  ]
 },
 "11": {
  "name": "TIMEOUT",
  "type": "float",
  "class": "build-in",
  "approach": "Pysonar2",
  "file_path": "findssh/src/findssh/__main__.py",
  "lineno": "27",
  "column": "0",
  "context": "port get_hosts as threadpool_get_hosts\n\nPORT = 22\nTIMEOUT = 1.0\n\n\ndef main():\n    p = ArgumentParser(\"scan for hos",
  "context_lines": "from .base import getLANip, netfromaddress, get_hosts_seq\nfrom .coro import get_hosts as coro_get_hosts\nfrom .threadpool import get_hosts as threadpool_get_hosts\n\nPORT = 22\nTIMEOUT = 1.0\n\n\ndef main():\n    p = ArgumentParser(\"scan for hosts with open port, without NMAP\")\n    p.add_argument(\"-p\", \"--port\", help=\"single port to try\", default=PORT, type=int)\n",
  "slicing": [
   "TIMEOUT = 1.0\n",
   "        \"-t\", \"--timeout\", help=\"timeout to wait for server\", type=float, default=TIMEOUT\n"
  ]
 },
 "12": {
  "name": "p",
  "type": "argparse.ArgumentParser",
  "class": "imported",
  "approach": "annotation",
  "file_path": "findssh/src/findssh/__main__.py",
  "lineno": "31",
  "column": "4",
  "context": "_hosts\n\nPORT = 22\nTIMEOUT = 1.0\n\n\ndef main():\n    p = ArgumentParser(\"scan for hosts with open port, without NMAP\")\n    p.add_argument(\"-p\", \"--port\", help=\"single po",
  "context_lines": "from .threadpool import get_hosts as threadpool_get_hosts\n\nPORT = 22\nTIMEOUT = 1.0\n\n\ndef main():\n    p = ArgumentParser(\"scan for hosts with open port, without NMAP\")\n    p.add_argument(\"-p\", \"--port\", help=\"single port to try\", default=PORT, type=int)\n    p.add_argument(\"-s\", \"--service\", default=\"\", help=\"string to match to qualify detections\")\n    p.add_argument(\n        \"-t\", \"--timeout\", help=\"timeout to wait for server\", type=float, default=TIMEOUT\n",
  "slicing": [
   "    p = ArgumentParser(\"scan for hosts with open port, without NMAP\")\n",
   "    p.add_argument(\"-p\", \"--port\", help=\"single port to try\", default=PORT, type=int)\n",
   "    p.add_argument(\"-s\", \"--service\", default=\"\", help=\"string to match to qualify detections\")\n",
   "    p.add_argument(\n",
   "    p.add_argument(\"-b\", \"--baseip\", help=\"set a specific subnet to scan\")\n",
   "    p.add_argument(\"-v\", \"--verbose\", action=\"store_true\")\n",
   "    p.add_argument(\"-threadpool\", help=\"use threadpool instead of asyncio\", action=\"store_true\")\n",
   "    P = p.parse_args()\n",
   "    if P.verbose:\n",
   "    if not P.baseip:\n",
   "        ownip = ip.ip_address(P.baseip)\n",
   "    net = netfromaddress(ownip)\n",
   "    print(\"searching\", net)\n",
   "    if P.threadpool:\n",
   "        threadpool_get_hosts(net, P.port, P.service, P.timeout)\n",
   "    elif isinstance(net, ip.IPv6Network):\n",
   "        get_hosts_seq(net, P.port, P.service, P.timeout)\n",
   "        asyncio.run(coro_get_hosts(net, P.port, P.service, P.timeout))\n"
  ]
 },
 "13": {
  "name": "P",
  "type": "UNKNOWN",
  "class": "unknown",
  "approach": "Pysonar2",
  "file_path": "findssh/src/findssh/__main__.py",
  "lineno": "40",
  "column": "4",
  "context": "ool instead of asyncio\", action=\"store_true\")\n    P = p.parse_args()\n\n    if P.verbose:\n        logging.basicConfig(lev",
  "context_lines": "    )\n    p.add_argument(\"-b\", \"--baseip\", help=\"set a specific subnet to scan\")\n    p.add_argument(\"-v\", \"--verbose\", action=\"store_true\")\n    p.add_argument(\"-threadpool\", help=\"use threadpool instead of asyncio\", action=\"store_true\")\n    P = p.parse_args()\n\n    if P.verbose:\n        logging.basicConfig(level=logging.DEBUG)\n\n    if not P.baseip:\n",
  "slicing": [
   "    P = p.parse_args()\n",
   "    if P.verbose:\n",
   "    if not P.baseip:\n",
   "        ownip = ip.ip_address(P.baseip)\n",
   "    net = netfromaddress(ownip)\n",
   "    print(\"searching\", net)\n",
   "    if P.threadpool:\n",
   "        threadpool_get_hosts(net, P.port, P.service, P.timeout)\n",
   "    elif isinstance(net, ip.IPv6Network):\n",
   "        get_hosts_seq(net, P.port, P.service, P.timeout)\n",
   "        asyncio.run(coro_get_hosts(net, P.port, P.service, P.timeout))\n"
  ]
 },
 "14": {
  "name": "ownip",
  "type": "base.getLANip",
  "class": "imported",
  "approach": "annotation",
  "file_path": "findssh/src/findssh/__main__.py",
  "lineno": "46",
  "column": "8",
  "context": "evel=logging.DEBUG)\n\n    if not P.baseip:\n        ownip = getLANip()\n        print(\"own address\", ownip)\n    else:\n    ",
  "context_lines": "    P = p.parse_args()\n\n    if P.verbose:\n        logging.basicConfig(level=logging.DEBUG)\n\n    if not P.baseip:\n        ownip = getLANip()\n        print(\"own address\", ownip)\n    else:\n        ownip = ip.ip_address(P.baseip)\n\n    net = netfromaddress(ownip)\n",
  "slicing": [
   "        ownip = getLANip()\n",
   "        print(\"own address\", ownip)\n",
   "    net = netfromaddress(ownip)\n",
   "    print(\"searching\", net)\n",
   "        threadpool_get_hosts(net, P.port, P.service, P.timeout)\n",
   "    elif isinstance(net, ip.IPv6Network):\n",
   "        get_hosts_seq(net, P.port, P.service, P.timeout)\n",
   "        asyncio.run(coro_get_hosts(net, P.port, P.service, P.timeout))\n"
  ]
 },
 "15": {
  "name": "net",
  "type": "base.netfromaddress",
  "class": "imported",
  "approach": "annotation",
  "file_path": "findssh/src/findssh/__main__.py",
  "lineno": "51",
  "column": "4",
  "context": "lse:\n        ownip = ip.ip_address(P.baseip)\n\n    net = netfromaddress(ownip)\n    print(\"searching\", net)\n\n    if P.threadpool:\n",
  "context_lines": "        ownip = getLANip()\n        print(\"own address\", ownip)\n    else:\n        ownip = ip.ip_address(P.baseip)\n\n    net = netfromaddress(ownip)\n    print(\"searching\", net)\n\n    if P.threadpool:\n        threadpool_get_hosts(net, P.port, P.service, P.timeout)\n    elif isinstance(net, ip.IPv6Network):\n",
  "slicing": [
   "    net = netfromaddress(ownip)\n",
   "    print(\"searching\", net)\n",
   "        threadpool_get_hosts(net, P.port, P.service, P.timeout)\n",
   "    elif isinstance(net, ip.IPv6Network):\n",
   "        get_hosts_seq(net, P.port, P.service, P.timeout)\n",
   "        asyncio.run(coro_get_hosts(net, P.port, P.service, P.timeout))\n"
  ]
 },
 "16": {
  "name": "ownip",
  "type": "UNKNOWN",
  "class": "unknown",
  "approach": "Pysonar2",
  "file_path": "findssh/src/findssh/__main__.py",
  "lineno": "49",
  "column": "8",
  "context": "    print(\"own address\", ownip)\n    else:\n        ownip = ip.ip_address(P.baseip)\n\n    net = netfromaddress(ownip)\n    print(\"search",
  "context_lines": "    if not P.baseip:\n        ownip = getLANip()\n        print(\"own address\", ownip)\n    else:\n        ownip = ip.ip_address(P.baseip)\n\n    net = netfromaddress(ownip)\n    print(\"searching\", net)\n\n    if P.threadpool:\n",
  "slicing": [
   "        ownip = ip.ip_address(P.baseip)\n",
   "    net = netfromaddress(ownip)\n",
   "    print(\"searching\", net)\n",
   "        threadpool_get_hosts(net, P.port, P.service, P.timeout)\n",
   "    elif isinstance(net, ip.IPv6Network):\n",
   "        get_hosts_seq(net, P.port, P.service, P.timeout)\n",
   "        asyncio.run(coro_get_hosts(net, P.port, P.service, P.timeout))\n"
  ]
 },
 "17": {
  "name": "futures",
  "type": "list",
  "class": "build-in",
  "approach": "Pysonar2",
  "file_path": "findssh/src/findssh/threadpool.py",
  "lineno": "21",
  "column": "8",
  "context": "readPoolExecutor(max_workers=100) as exc:\n        futures = (exc.submit(isportopen, host, port, service, timeout) for host in net.hosts())\n        for future in concurrent.futures.as_comple",
  "context_lines": "    loops over hosts in network\n    One thread per address.\n    \"\"\"\n\n    with concurrent.futures.ThreadPoolExecutor(max_workers=100) as exc:\n        futures = (exc.submit(isportopen, host, port, service, timeout) for host in net.hosts())\n        for future in concurrent.futures.as_completed(futures):\n            res = future.result()\n            if res:\n",
  "slicing": [
   "        futures = (exc.submit(isportopen, host, port, service, timeout) for host in net.hosts())\n",
   "        for future in concurrent.futures.as_completed(futures):\n",
   "            res = future.result()\n",
   "            if res:\n",
   "                yield res\n"
  ]
 },
 "18": {
  "name": "res",
  "type": "UNKNOWN",
  "class": "unknown",
  "approach": "Pysonar2",
  "file_path": "findssh/src/findssh/threadpool.py",
  "lineno": "23",
  "column": "12",
  "context": "urrent.futures.as_completed(futures):\n            res = future.result()\n            if res:\n                yield res\n",
  "context_lines": "    \"\"\"\n\n    with concurrent.futures.ThreadPoolExecutor(max_workers=100) as exc:\n        futures = (exc.submit(isportopen, host, port, service, timeout) for host in net.hosts())\n        for future in concurrent.futures.as_completed(futures):\n            res = future.result()\n            if res:\n",
  "slicing": [
   "            res = future.result()\n",
   "            if res:\n",
   "                yield res\n"
  ]
 },
 "19": {
  "name": "name",
  "type": "dict",
  "class": "build-in",
  "approach": "annotation",
  "file_path": "findssh/src/findssh/base.py",
  "lineno": "18",
  "column": "8",
  "context": ".connect((\"8.8.8.8\", 80))  # for BSD/Mac\n\n        name = s.getsockname()[0]\n\n    return ip.ip_address(name)\n\n\ndef validateserv",
  "context_lines": "        try:\n            s.connect((\"<broadcast>\", 0))\n        except OSError:\n            s.connect((\"8.8.8.8\", 80))  # for BSD/Mac\n\n        name = s.getsockname()[0]\n\n    return ip.ip_address(name)\n\n\ndef validateservice(service: str, h: str, b: bytes) -> str:\n    \"\"\"\n",
  "slicing": [
   "        name = s.getsockname()[0]\n",
   "    return ip.ip_address(name)\n"
  ]
 },
 "20": {
  "name": "svc_txt",
  "type": "UNKNOWN",
  "class": "unknown",
  "approach": "Pysonar2",
  "file_path": "findssh/src/findssh/base.py",
  "lineno": "31",
  "column": "4",
  "context": "\n        return None\n    # %% non-empty reply\n    svc_txt = b.splitlines()[0].decode(\"utf-8\", \"ignore\")\n    # %% optional service validation\n    if servic",
  "context_lines": "    \"\"\"\n    if not b:  # empty reply\n        return None\n    # %% non-empty reply\n    svc_txt = b.splitlines()[0].decode(\"utf-8\", \"ignore\")\n    # %% optional service validation\n    if service and service not in svc_txt.lower():\n        return None\n\n    return svc_txt\n\n\n",
  "slicing": [
   "    svc_txt = b.splitlines()[0].decode(\"utf-8\", \"ignore\")\n",
   "    if service and service not in svc_txt.lower():\n",
   "    return svc_txt\n",
   "    if svc_txt:\n",
   "        return host, svc_txt\n"
  ]
 },
 "21": {
  "name": "net",
  "type": "UNKNOWN",
  "class": "unknown",
  "approach": "Pysonar2",
  "file_path": "findssh/src/findssh/base.py",
  "lineno": "42",
  "column": "8",
  "context": "\n    if isinstance(addr, ip.IPv4Address):\n        net = ip.ip_network(addr.exploded.rsplit(\".\", 1)[0] + f\".0/{mask}\")\n    elif isinstance(addr, ip.IPv6Address):\n       ",
  "context_lines": "        return None\n\n    return svc_txt\n\n\ndef netfromaddress(addr: ip.IPv4Address, mask: str = \"24\") -> ip.IPv4Network:\n\n    if isinstance(addr, ip.IPv4Address):\n        net = ip.ip_network(addr.exploded.rsplit(\".\", 1)[0] + f\".0/{mask}\")\n    elif isinstance(addr, ip.IPv6Address):\n        net = ip.ip_network(addr.exploded.rsplit(\":\", 1)[0] + f\":0/{mask}\")\n    else:\n        raise TypeError(addr)\n",
  "slicing": [
   "        net = ip.ip_network(addr.exploded.rsplit(\".\", 1)[0] + f\".0/{mask}\")\n",
   "    return net\n",
   "    for host in net.hosts():\n",
   "        res = isportopen(host, port, service, timeout)\n",
   "        if res:\n",
   "            yield res\n"
  ]
 },
 "22": {
  "name": "net",
  "type": "UNKNOWN",
  "class": "unknown",
  "approach": "Pysonar2",
  "file_path": "findssh/src/findssh/base.py",
  "lineno": "44",
  "column": "8",
  "context": "   elif isinstance(addr, ip.IPv6Address):\n        net = ip.ip_network(addr.exploded.rsplit(\":\", 1)[0] + f\":0/{mask}\")\n    else:\n        raise TypeError(addr)\n    return",
  "context_lines": "def netfromaddress(addr: ip.IPv4Address, mask: str = \"24\") -> ip.IPv4Network:\n\n    if isinstance(addr, ip.IPv4Address):\n        net = ip.ip_network(addr.exploded.rsplit(\".\", 1)[0] + f\".0/{mask}\")\n    elif isinstance(addr, ip.IPv6Address):\n        net = ip.ip_network(addr.exploded.rsplit(\":\", 1)[0] + f\":0/{mask}\")\n    else:\n        raise TypeError(addr)\n    return net\n\n\ndef isportopen(\n",
  "slicing": [
   "        net = ip.ip_network(addr.exploded.rsplit(\":\", 1)[0] + f\":0/{mask}\")\n",
   "    return net\n",
   "    for host in net.hosts():\n",
   "        res = isportopen(host, port, service, timeout)\n",
   "        if res:\n",
   "            yield res\n"
  ]
 },
 "23": {
  "name": "h",
  "type": "UNKNOWN",
  "class": "unknown",
  "approach": "Pysonar2",
  "file_path": "findssh/src/findssh/base.py",
  "lineno": "57",
  "column": "4",
  "context": " is a port open? Without coroutines.\n    \"\"\"\n\n    h = host.exploded\n\n    with socket.socket(socket.AF_INET, socket.SOC",
  "context_lines": ") -> T.Tuple[ip.IPv4Address, str]:\n    \"\"\"\n    is a port open? Without coroutines.\n    \"\"\"\n\n    h = host.exploded\n\n    with socket.socket(socket.AF_INET, socket.SOCK_STREAM) as s:\n        s.settimeout(timeout)  # seconds\n        try:\n",
  "slicing": [
   "    h = host.exploded\n",
   "            if s.connect_ex((h, port)):\n",
   "            svc_txt = validateservice(service, h, s.recv(32))\n",
   "    if svc_txt:\n",
   "        return host, svc_txt\n"
  ]
 },
 "24": {
  "name": "svc_txt",
  "type": "base.validateservice",
  "class": "imported",
  "approach": "annotation",
  "file_path": "findssh/src/findssh/base.py",
  "lineno": "68",
  "column": "12",
  "context": "ervice decode (optional)\n        try:\n            svc_txt = validateservice(service, h, s.recv(32))\n        except (socket.timeout, ConnectionError):\n",
  "context_lines": "        except socket.gaierror:\n            return None\n        # %% service decode (optional)\n        try:\n            svc_txt = validateservice(service, h, s.recv(32))\n        except (socket.timeout, ConnectionError):\n            return None\n    if svc_txt:\n        return host, svc_txt\n",
  "slicing": [
   "            svc_txt = validateservice(service, h, s.recv(32))\n",
   "    if svc_txt:\n",
   "        return host, svc_txt\n"
  ]
 },
 "25": {
  "name": "res",
  "type": "base.isportopen",
  "class": "imported",
  "approach": "annotation",
  "file_path": "findssh/src/findssh/base.py",
  "lineno": "84",
  "column": "8",
  "context": "cy)\n    \"\"\"\n\n    for host in net.hosts():\n        res = isportopen(host, port, service, timeout)\n        if res:\n            yield res\n",
  "context_lines": "    \"\"\"\n    find hosts sequentially (no parallelism or concurrency)\n    \"\"\"\n\n    for host in net.hosts():\n        res = isportopen(host, port, service, timeout)\n        if res:\n",
  "slicing": [
   "        res = isportopen(host, port, service, timeout)\n",
   "        if res:\n",
   "            yield res\n"
  ]
 },
 "26": {
  "name": "PORT",
  "type": "int",
  "class": "build-in",
  "approach": "Pysonar2",
  "file_path": "findssh/src/findssh/tests/test_coro.py",
  "lineno": "6",
  "column": "0",
  "context": "import ipaddress\nimport asyncio\n\nimport findssh\n\nPORT = 22\nSERVICE = \"\"\nTIMEOUT = 1.0\n\n\ndef test_coroutine():",
  "context_lines": "import ipaddress\nimport asyncio\n\nimport findssh\n\nPORT = 22\nSERVICE = \"\"\nTIMEOUT = 1.0\n\n\ndef test_coroutine():\n    net = findssh.netfromaddress(findssh.getLANip())\n",
  "slicing": [
   "PORT = 22\n",
   "    hosts = asyncio.run(findssh.get_hosts(net, PORT, SERVICE, TIMEOUT))\n",
   "    for host, svc in hosts:\n",
   "        assert isinstance(host, ipaddress.IPv4Address)\n",
   "        assert isinstance(svc, str)\n"
  ]
 },
 "27": {
  "name": "SERVICE",
  "type": "str",
  "class": "build-in",
  "approach": "Pysonar2",
  "file_path": "findssh/src/findssh/tests/test_coro.py",
  "lineno": "7",
  "column": "0",
  "context": "address\nimport asyncio\n\nimport findssh\n\nPORT = 22\nSERVICE = \"\"\nTIMEOUT = 1.0\n\n\ndef test_coroutine():\n    net = fi",
  "context_lines": "import ipaddress\nimport asyncio\n\nimport findssh\n\nPORT = 22\nSERVICE = \"\"\nTIMEOUT = 1.0\n\n\ndef test_coroutine():\n    net = findssh.netfromaddress(findssh.getLANip())\n    hosts = asyncio.run(findssh.get_hosts(net, PORT, SERVICE, TIMEOUT))\n",
  "slicing": [
   "SERVICE = \"\"\n",
   "    hosts = asyncio.run(findssh.get_hosts(net, PORT, SERVICE, TIMEOUT))\n",
   "    for host, svc in hosts:\n",
   "        assert isinstance(host, ipaddress.IPv4Address)\n",
   "        assert isinstance(svc, str)\n"
  ]
 },
 "28": {
  "name": "TIMEOUT",
  "type": "float",
  "class": "build-in",
  "approach": "Pysonar2",
  "file_path": "findssh/src/findssh/tests/test_coro.py",
  "lineno": "8",
  "column": "0",
  "context": "t asyncio\n\nimport findssh\n\nPORT = 22\nSERVICE = \"\"\nTIMEOUT = 1.0\n\n\ndef test_coroutine():\n    net = findssh.netfroma",
  "context_lines": "import asyncio\n\nimport findssh\n\nPORT = 22\nSERVICE = \"\"\nTIMEOUT = 1.0\n\n\ndef test_coroutine():\n    net = findssh.netfromaddress(findssh.getLANip())\n    hosts = asyncio.run(findssh.get_hosts(net, PORT, SERVICE, TIMEOUT))\n",
  "slicing": [
   "TIMEOUT = 1.0\n",
   "    hosts = asyncio.run(findssh.get_hosts(net, PORT, SERVICE, TIMEOUT))\n",
   "    for host, svc in hosts:\n",
   "        assert isinstance(host, ipaddress.IPv4Address)\n",
   "        assert isinstance(svc, str)\n"
  ]
 },
 "29": {
  "name": "net",
  "type": "UNKNOWN",
  "class": "unknown",
  "approach": "Pysonar2",
  "file_path": "findssh/src/findssh/tests/test_coro.py",
  "lineno": "12",
  "column": "4",
  "context": "CE = \"\"\nTIMEOUT = 1.0\n\n\ndef test_coroutine():\n    net = findssh.netfromaddress(findssh.getLANip())\n    hosts = asyncio.run(findssh.get_hosts(net, POR",
  "context_lines": "PORT = 22\nSERVICE = \"\"\nTIMEOUT = 1.0\n\n\ndef test_coroutine():\n    net = findssh.netfromaddress(findssh.getLANip())\n    hosts = asyncio.run(findssh.get_hosts(net, PORT, SERVICE, TIMEOUT))\n    for host, svc in hosts:\n        assert isinstance(host, ipaddress.IPv4Address)\n        assert isinstance(svc, str)\n",
  "slicing": [
   "    net = findssh.netfromaddress(findssh.getLANip())\n",
   "    hosts = asyncio.run(findssh.get_hosts(net, PORT, SERVICE, TIMEOUT))\n",
   "    for host, svc in hosts:\n",
   "        assert isinstance(host, ipaddress.IPv4Address)\n",
   "        assert isinstance(svc, str)\n"
  ]
 },
 "30": {
  "name": "hosts",
  "type": "UNKNOWN",
  "class": "unknown",
  "approach": "Pysonar2",
  "file_path": "findssh/src/findssh/tests/test_coro.py",
  "lineno": "13",
  "column": "4",
  "context": " = findssh.netfromaddress(findssh.getLANip())\n    hosts = asyncio.run(findssh.get_hosts(net, PORT, SERVICE, TIMEOUT))\n    for host, svc in hosts:\n        assert isinsta",
  "context_lines": "SERVICE = \"\"\nTIMEOUT = 1.0\n\n\ndef test_coroutine():\n    net = findssh.netfromaddress(findssh.getLANip())\n    hosts = asyncio.run(findssh.get_hosts(net, PORT, SERVICE, TIMEOUT))\n    for host, svc in hosts:\n        assert isinstance(host, ipaddress.IPv4Address)\n        assert isinstance(svc, str)\n",
  "slicing": [
   "    hosts = asyncio.run(findssh.get_hosts(net, PORT, SERVICE, TIMEOUT))\n",
   "    for host, svc in hosts:\n",
   "        assert isinstance(host, ipaddress.IPv4Address)\n",
   "        assert isinstance(svc, str)\n"
  ]
 },
 "31": {
  "name": "PORT",
  "type": "int",
  "class": "build-in",
  "approach": "Pysonar2",
  "file_path": "findssh/src/findssh/tests/test_threadpool.py",
  "lineno": "8",
  "column": "0",
  "context": "\n\"\"\"\nimport ipaddress\n\nimport findssh.threadpool\n\nPORT = 22\nSERVICE = \"\"\nTIMEOUT = 1.0\n\n\ndef test_threadpool()",
  "context_lines": "normally we use coroutines, but for demo purposes we have threadpool too.\n\"\"\"\nimport ipaddress\n\nimport findssh.threadpool\n\nPORT = 22\nSERVICE = \"\"\nTIMEOUT = 1.0\n\n\ndef test_threadpool():\n    net = findssh.netfromaddress(findssh.getLANip())\n",
  "slicing": [
   "PORT = 22\n",
   "    hosts = findssh.threadpool.get_hosts(net, PORT, SERVICE, TIMEOUT)\n",
   "    for host, svc in hosts:\n",
   "        assert isinstance(host, ipaddress.IPv4Address)\n",
   "        assert isinstance(svc, str)\n"
  ]
 },
 "32": {
  "name": "SERVICE",
  "type": "str",
  "class": "build-in",
  "approach": "Pysonar2",
  "file_path": "findssh/src/findssh/tests/test_threadpool.py",
  "lineno": "9",
  "column": "0",
  "context": "t ipaddress\n\nimport findssh.threadpool\n\nPORT = 22\nSERVICE = \"\"\nTIMEOUT = 1.0\n\n\ndef test_threadpool():\n    net = f",
  "context_lines": "\"\"\"\nimport ipaddress\n\nimport findssh.threadpool\n\nPORT = 22\nSERVICE = \"\"\nTIMEOUT = 1.0\n\n\ndef test_threadpool():\n    net = findssh.netfromaddress(findssh.getLANip())\n    hosts = findssh.threadpool.get_hosts(net, PORT, SERVICE, TIMEOUT)\n",
  "slicing": [
   "SERVICE = \"\"\n",
   "    hosts = findssh.threadpool.get_hosts(net, PORT, SERVICE, TIMEOUT)\n",
   "    for host, svc in hosts:\n",
   "        assert isinstance(host, ipaddress.IPv4Address)\n",
   "        assert isinstance(svc, str)\n"
  ]
 },
 "33": {
  "name": "TIMEOUT",
  "type": "float",
  "class": "build-in",
  "approach": "Pysonar2",
  "file_path": "findssh/src/findssh/tests/test_threadpool.py",
  "lineno": "10",
  "column": "0",
  "context": "import findssh.threadpool\n\nPORT = 22\nSERVICE = \"\"\nTIMEOUT = 1.0\n\n\ndef test_threadpool():\n    net = findssh.netfrom",
  "context_lines": "import ipaddress\n\nimport findssh.threadpool\n\nPORT = 22\nSERVICE = \"\"\nTIMEOUT = 1.0\n\n\ndef test_threadpool():\n    net = findssh.netfromaddress(findssh.getLANip())\n    hosts = findssh.threadpool.get_hosts(net, PORT, SERVICE, TIMEOUT)\n",
  "slicing": [
   "TIMEOUT = 1.0\n",
   "    hosts = findssh.threadpool.get_hosts(net, PORT, SERVICE, TIMEOUT)\n",
   "    for host, svc in hosts:\n",
   "        assert isinstance(host, ipaddress.IPv4Address)\n",
   "        assert isinstance(svc, str)\n"
  ]
 },
 "34": {
  "name": "net",
  "type": "UNKNOWN",
  "class": "unknown",
  "approach": "Pysonar2",
  "file_path": "findssh/src/findssh/tests/test_threadpool.py",
  "lineno": "14",
  "column": "4",
  "context": "E = \"\"\nTIMEOUT = 1.0\n\n\ndef test_threadpool():\n    net = findssh.netfromaddress(findssh.getLANip())\n    hosts = findssh.threadpool.get_hosts(net, PORT",
  "context_lines": "PORT = 22\nSERVICE = \"\"\nTIMEOUT = 1.0\n\n\ndef test_threadpool():\n    net = findssh.netfromaddress(findssh.getLANip())\n    hosts = findssh.threadpool.get_hosts(net, PORT, SERVICE, TIMEOUT)\n    for host, svc in hosts:\n        assert isinstance(host, ipaddress.IPv4Address)\n        assert isinstance(svc, str)\n",
  "slicing": [
   "    net = findssh.netfromaddress(findssh.getLANip())\n",
   "    hosts = findssh.threadpool.get_hosts(net, PORT, SERVICE, TIMEOUT)\n",
   "    for host, svc in hosts:\n",
   "        assert isinstance(host, ipaddress.IPv4Address)\n",
   "        assert isinstance(svc, str)\n"
  ]
 },
 "35": {
  "name": "hosts",
  "type": "UNKNOWN",
  "class": "unknown",
  "approach": "Pysonar2",
  "file_path": "findssh/src/findssh/tests/test_threadpool.py",
  "lineno": "15",
  "column": "4",
  "context": " = findssh.netfromaddress(findssh.getLANip())\n    hosts = findssh.threadpool.get_hosts(net, PORT, SERVICE, TIMEOUT)\n    for host, svc in hosts:\n        assert isinsta",
  "context_lines": "SERVICE = \"\"\nTIMEOUT = 1.0\n\n\ndef test_threadpool():\n    net = findssh.netfromaddress(findssh.getLANip())\n    hosts = findssh.threadpool.get_hosts(net, PORT, SERVICE, TIMEOUT)\n    for host, svc in hosts:\n        assert isinstance(host, ipaddress.IPv4Address)\n        assert isinstance(svc, str)\n",
  "slicing": [
   "    hosts = findssh.threadpool.get_hosts(net, PORT, SERVICE, TIMEOUT)\n",
   "    for host, svc in hosts:\n",
   "        assert isinstance(host, ipaddress.IPv4Address)\n",
   "        assert isinstance(svc, str)\n"
  ]
 },
 "36": {
  "name": "futures",
  "type": "list",
  "class": "build-in",
  "approach": "annotation",
  "file_path": "findssh/.archive/coro.py",
  "lineno": "11",
  "column": "4",
  "context": "ping.List[typing.Tuple[ip.IPv4Address, str]]:\n    futures = [isportopen(host, port, service) for host in net.hosts()]\n    hosts = []\n    for future in asyncio.as_comple",
  "context_lines": "from findssh.coro import isportopen\n\n\nasync def as_completed(\n    net: ip.IPv4Network, port: int, service: str, timeout: float\n) -> typing.List[typing.Tuple[ip.IPv4Address, str]]:\n    futures = [isportopen(host, port, service) for host in net.hosts()]\n    hosts = []\n    for future in asyncio.as_completed(futures, timeout=timeout):\n        try:\n            res = await future\n",
  "slicing": [
   "    futures = [isportopen(host, port, service) for host in net.hosts()]\n",
   "    for future in asyncio.as_completed(futures, timeout=timeout):\n",
   "            res = await future\n",
   "        if res is not None:\n",
   "            print(*res)\n",
   "            hosts.append(res)\n"
  ]
 },
 "37": {
  "name": "hosts",
  "type": "list",
  "class": "build-in",
  "approach": "annotation",
  "file_path": "findssh/.archive/coro.py",
  "lineno": "12",
  "column": "4",
  "context": "host, port, service) for host in net.hosts()]\n    hosts = []\n    for future in asyncio.as_completed(futures, ti",
  "context_lines": "async def as_completed(\n    net: ip.IPv4Network, port: int, service: str, timeout: float\n) -> typing.List[typing.Tuple[ip.IPv4Address, str]]:\n    futures = [isportopen(host, port, service) for host in net.hosts()]\n    hosts = []\n    for future in asyncio.as_completed(futures, timeout=timeout):\n        try:\n            res = await future\n        except asyncio.TimeoutError:\n",
  "slicing": [
   "    hosts = []\n",
   "            hosts.append(res)\n",
   "    return hosts\n"
  ]
 },
 "38": {
  "name": "res",
  "type": "UNKNOWN",
  "class": "unknown",
  "approach": "Pysonar2",
  "file_path": "findssh/.archive/coro.py",
  "lineno": "15",
  "column": "12",
  "context": "tures, timeout=timeout):\n        try:\n            res = await future\n        except asyncio.TimeoutError:\n            c",
  "context_lines": "    futures = [isportopen(host, port, service) for host in net.hosts()]\n    hosts = []\n    for future in asyncio.as_completed(futures, timeout=timeout):\n        try:\n            res = await future\n        except asyncio.TimeoutError:\n            continue\n\n        if res is not None:\n            print(*res)\n",
  "slicing": [
   "            res = await future\n",
   "        if res is not None:\n",
   "            print(*res)\n",
   "            hosts.append(res)\n"
  ]
 },
 "39": {
  "name": "matlab",
  "type": "UNKNOWN",
  "class": "unknown",
  "approach": "Pysonar2",
  "file_path": "findssh/.archive/matlab.py",
  "lineno": "6",
  "column": "0",
  "context": "on\nimport pytest\nimport subprocess\nimport shutil\n\nmatlab = shutil.which(\"matlab\")\n\n\n@pytest.mark.skipif(matlab is None, reason=\"Matl",
  "context_lines": "#!/usr/bin/env python\nimport pytest\nimport subprocess\nimport shutil\n\nmatlab = shutil.which(\"matlab\")\n\n\n@pytest.mark.skipif(matlab is None, reason=\"Matlab not found\")\ndef test_matlab():\n    no_python = subprocess.run(\n",
  "slicing": [
   "matlab = shutil.which(\"matlab\")\n",
   "@pytest.mark.skipif(matlab is None, reason=\"Matlab not found\")\n",
   "        [matlab, \"-batch\", \"exit(isempty(pyversion))\"], timeout=60\n",
   "        [matlab, \"-batch\", \"findssh\"], universal_newlines=True, timeout=60\n"
  ]
 },
 "40": {
  "name": "no_python",
  "type": "UNKNOWN",
  "class": "unknown",
  "approach": "Pysonar2",
  "file_path": "findssh/.archive/matlab.py",
  "lineno": "11",
  "column": "4",
  "context": "reason=\"Matlab not found\")\ndef test_matlab():\n    no_python = subprocess.run(\n        [matlab, \"-batch\", \"exit(isempty(pyversion",
  "context_lines": "import shutil\n\nmatlab = shutil.which(\"matlab\")\n\n\n@pytest.mark.skipif(matlab is None, reason=\"Matlab not found\")\ndef test_matlab():\n    no_python = subprocess.run(\n        [matlab, \"-batch\", \"exit(isempty(pyversion))\"], timeout=60\n    ).returncode\n\n    if no_python:\n        pytest.skip(\"python not setup in Matlab\")\n\n",
  "slicing": [
   "    no_python = subprocess.run(\n",
   "    if no_python:\n"
  ]
 },
 "41": {
  "name": "ret",
  "type": "UNKNOWN",
  "class": "unknown",
  "approach": "Pysonar2",
  "file_path": "findssh/.archive/matlab.py",
  "lineno": "18",
  "column": "4",
  "context": "   pytest.skip(\"python not setup in Matlab\")\n\n    ret = subprocess.check_output(\n        [matlab, \"-batch\", \"findssh\"], universal_n",
  "context_lines": "        [matlab, \"-batch\", \"exit(isempty(pyversion))\"], timeout=60\n    ).returncode\n\n    if no_python:\n        pytest.skip(\"python not setup in Matlab\")\n\n    ret = subprocess.check_output(\n        [matlab, \"-batch\", \"findssh\"], universal_newlines=True, timeout=60\n    )\n",
  "slicing": [
   "    ret = subprocess.check_output(\n",
   "    print(ret)\n"
  ]
 },
 "42": {
  "name": "net",
  "type": "UNKNOWN",
  "class": "unknown",
  "approach": "Pysonar2",
  "file_path": "findssh/src/findssh/threadpool.py",
  "lineno": "13",
  "column": "4",
  "context": "from .base import isportopen\n\n\ndef get_hosts(\n    net: ip.IPv4Network, port: int, service: str, timeout: float\n) -> T.Iterable[T.Tuple[ip.IPv4Address, str]]:\n   ",
  "context_lines": "import ipaddress as ip\nimport typing as T\n\nfrom .base import isportopen\n\n\ndef get_hosts(\n    net: ip.IPv4Network, port: int, service: str, timeout: float\n) -> T.Iterable[T.Tuple[ip.IPv4Address, str]]:\n    \"\"\"\n    loops over hosts in network\n    One thread per address.\n",
  "slicing": "    net: ip.IPv4Network, port: int, service: str, timeout: float\n"
 },
 "43": {
  "name": "port",
  "type": "int",
  "class": "build-in",
  "approach": "annotation",
  "file_path": "findssh/src/findssh/threadpool.py",
  "lineno": "13",
  "column": "25",
  "context": "ortopen\n\n\ndef get_hosts(\n    net: ip.IPv4Network, port: int, service: str, timeout: float\n) -> T.Iterable[T.Tuple[ip.IPv4Address, str]]:\n   ",
  "context_lines": "import ipaddress as ip\nimport typing as T\n\nfrom .base import isportopen\n\n\ndef get_hosts(\n    net: ip.IPv4Network, port: int, service: str, timeout: float\n) -> T.Iterable[T.Tuple[ip.IPv4Address, str]]:\n    \"\"\"\n    loops over hosts in network\n    One thread per address.\n",
  "slicing": "    net: ip.IPv4Network, port: int, service: str, timeout: float\n"
 },
 "44": {
  "name": "service",
  "type": "str",
  "class": "build-in",
  "approach": "annotation",
  "file_path": "findssh/src/findssh/threadpool.py",
  "lineno": "13",
  "column": "36",
  "context": "ef get_hosts(\n    net: ip.IPv4Network, port: int, service: str, timeout: float\n) -> T.Iterable[T.Tuple[ip.IPv4Address, str]]:\n   ",
  "context_lines": "import ipaddress as ip\nimport typing as T\n\nfrom .base import isportopen\n\n\ndef get_hosts(\n    net: ip.IPv4Network, port: int, service: str, timeout: float\n) -> T.Iterable[T.Tuple[ip.IPv4Address, str]]:\n    \"\"\"\n    loops over hosts in network\n    One thread per address.\n",
  "slicing": "    net: ip.IPv4Network, port: int, service: str, timeout: float\n"
 },
 "45": {
  "name": "timeout",
  "type": "float",
  "class": "build-in",
  "approach": "annotation",
  "file_path": "findssh/src/findssh/threadpool.py",
  "lineno": "13",
  "column": "50",
  "context": "    net: ip.IPv4Network, port: int, service: str, timeout: float\n) -> T.Iterable[T.Tuple[ip.IPv4Address, str]]:\n   ",
  "context_lines": "import ipaddress as ip\nimport typing as T\n\nfrom .base import isportopen\n\n\ndef get_hosts(\n    net: ip.IPv4Network, port: int, service: str, timeout: float\n) -> T.Iterable[T.Tuple[ip.IPv4Address, str]]:\n    \"\"\"\n    loops over hosts in network\n    One thread per address.\n",
  "slicing": "    net: ip.IPv4Network, port: int, service: str, timeout: float\n"
 },
 "46": {
  "name": "service",
  "type": "str",
  "class": "build-in",
  "approach": "annotation",
  "file_path": "findssh/src/findssh/base.py",
  "lineno": "23",
  "column": "20",
  "context": " return ip.ip_address(name)\n\n\ndef validateservice(service: str, h: str, b: bytes) -> str:\n    \"\"\"\n    splitlines is in case the ASCII/UTF8 r",
  "context_lines": "        except OSError:\n            s.connect((\"8.8.8.8\", 80))  # for BSD/Mac\n\n        name = s.getsockname()[0]\n\n    return ip.ip_address(name)\n\n\ndef validateservice(service: str, h: str, b: bytes) -> str:\n    \"\"\"\n    splitlines is in case the ASCII/UTF8 response is less than 32 bytes,\n    hoping server sends a \\r\\n\n    \"\"\"\n",
  "slicing": [
   "    with socket.socket(socket.AF_INET, socket.SOCK_DGRAM) as s:\n",
   "        s.setsockopt(socket.SOL_SOCKET, socket.SO_BROADCAST, 1)\n",
   "            s.connect((\"<broadcast>\", 0))\n",
   "            s.connect((\"8.8.8.8\", 80))  # for BSD/Mac\n",
   "        name = s.getsockname()[0]\n",
   "    return ip.ip_address(name)\n",
   "def validateservice(service: str, h: str, b: bytes) -> str:\n",
   "    svc_txt = b.splitlines()[0].decode(\"utf-8\", \"ignore\")\n",
   "    if service and service not in svc_txt.lower():\n",
   "    return svc_txt\n",
   "        net = ip.ip_network(addr.exploded.rsplit(\".\", 1)[0] + f\".0/{mask}\")\n",
   "        net = ip.ip_network(addr.exploded.rsplit(\":\", 1)[0] + f\":0/{mask}\")\n",
   "    return net\n",
   "    host: ip.IPv4Address, port: int, service: str, timeout: float\n",
   "    h = host.exploded\n",
   "    with socket.socket(socket.AF_INET, socket.SOCK_STREAM) as s:\n",
   "        s.settimeout(timeout)  # seconds\n",
   "            if s.connect_ex((h, port)):\n",
   "            svc_txt = validateservice(service, h, s.recv(32))\n",
   "    if svc_txt:\n",
   "        return host, svc_txt\n",
   "    for host in net.hosts():\n",
   "        res = isportopen(host, port, service, timeout)\n",
   "        if res:\n",
   "            yield res\n"
  ]
 },
 "47": {
  "name": "h",
  "type": "str",
  "class": "build-in",
  "approach": "annotation",
  "file_path": "findssh/src/findssh/base.py",
  "lineno": "23",
  "column": "34",
  "context": "address(name)\n\n\ndef validateservice(service: str, h: str, b: bytes) -> str:\n    \"\"\"\n    splitlines is in case the ASCII/UTF8 r",
  "context_lines": "        except OSError:\n            s.connect((\"8.8.8.8\", 80))  # for BSD/Mac\n\n        name = s.getsockname()[0]\n\n    return ip.ip_address(name)\n\n\ndef validateservice(service: str, h: str, b: bytes) -> str:\n    \"\"\"\n    splitlines is in case the ASCII/UTF8 response is less than 32 bytes,\n    hoping server sends a \\r\\n\n    \"\"\"\n",
  "slicing": [
   "    with socket.socket(socket.AF_INET, socket.SOCK_DGRAM) as s:\n",
   "        s.setsockopt(socket.SOL_SOCKET, socket.SO_BROADCAST, 1)\n",
   "            s.connect((\"<broadcast>\", 0))\n",
   "            s.connect((\"8.8.8.8\", 80))  # for BSD/Mac\n",
   "        name = s.getsockname()[0]\n",
   "    return ip.ip_address(name)\n",
   "def validateservice(service: str, h: str, b: bytes) -> str:\n",
   "    svc_txt = b.splitlines()[0].decode(\"utf-8\", \"ignore\")\n",
   "    if service and service not in svc_txt.lower():\n",
   "    return svc_txt\n",
   "        net = ip.ip_network(addr.exploded.rsplit(\".\", 1)[0] + f\".0/{mask}\")\n",
   "        net = ip.ip_network(addr.exploded.rsplit(\":\", 1)[0] + f\":0/{mask}\")\n",
   "    return net\n",
   "    host: ip.IPv4Address, port: int, service: str, timeout: float\n",
   "    h = host.exploded\n",
   "    with socket.socket(socket.AF_INET, socket.SOCK_STREAM) as s:\n",
   "        s.settimeout(timeout)  # seconds\n",
   "            if s.connect_ex((h, port)):\n",
   "            svc_txt = validateservice(service, h, s.recv(32))\n",
   "    if svc_txt:\n",
   "        return host, svc_txt\n",
   "    for host in net.hosts():\n",
   "        res = isportopen(host, port, service, timeout)\n",
   "        if res:\n",
   "            yield res\n"
  ]
 },
 "48": {
  "name": "b",
  "type": "bytes",
  "class": "build-in",
  "approach": "annotation",
  "file_path": "findssh/src/findssh/base.py",
  "lineno": "23",
  "column": "42",
  "context": "name)\n\n\ndef validateservice(service: str, h: str, b: bytes) -> str:\n    \"\"\"\n    splitlines is in case the ASCII/UTF8 r",
  "context_lines": "        except OSError:\n            s.connect((\"8.8.8.8\", 80))  # for BSD/Mac\n\n        name = s.getsockname()[0]\n\n    return ip.ip_address(name)\n\n\ndef validateservice(service: str, h: str, b: bytes) -> str:\n    \"\"\"\n    splitlines is in case the ASCII/UTF8 response is less than 32 bytes,\n    hoping server sends a \\r\\n\n    \"\"\"\n",
  "slicing": [
   "    with socket.socket(socket.AF_INET, socket.SOCK_DGRAM) as s:\n",
   "        s.setsockopt(socket.SOL_SOCKET, socket.SO_BROADCAST, 1)\n",
   "            s.connect((\"<broadcast>\", 0))\n",
   "            s.connect((\"8.8.8.8\", 80))  # for BSD/Mac\n",
   "        name = s.getsockname()[0]\n",
   "    return ip.ip_address(name)\n",
   "def validateservice(service: str, h: str, b: bytes) -> str:\n",
   "    svc_txt = b.splitlines()[0].decode(\"utf-8\", \"ignore\")\n",
   "    if service and service not in svc_txt.lower():\n",
   "    return svc_txt\n",
   "        net = ip.ip_network(addr.exploded.rsplit(\".\", 1)[0] + f\".0/{mask}\")\n",
   "        net = ip.ip_network(addr.exploded.rsplit(\":\", 1)[0] + f\":0/{mask}\")\n",
   "    return net\n",
   "    host: ip.IPv4Address, port: int, service: str, timeout: float\n",
   "    h = host.exploded\n",
   "    with socket.socket(socket.AF_INET, socket.SOCK_STREAM) as s:\n",
   "        s.settimeout(timeout)  # seconds\n",
   "            if s.connect_ex((h, port)):\n",
   "            svc_txt = validateservice(service, h, s.recv(32))\n",
   "    if svc_txt:\n",
   "        return host, svc_txt\n",
   "    for host in net.hosts():\n",
   "        res = isportopen(host, port, service, timeout)\n",
   "        if res:\n",
   "            yield res\n"
  ]
 },
 "49": {
  "name": "addr",
  "type": "UNKNOWN",
  "class": "unknown",
  "approach": "Pysonar2",
  "file_path": "findssh/src/findssh/base.py",
  "lineno": "39",
  "column": "19",
  "context": "urn None\n\n    return svc_txt\n\n\ndef netfromaddress(addr: ip.IPv4Address, mask: str = \"24\") -> ip.IPv4Network:\n\n    if isinstance(addr, ip.IPv4Address):\n        ",
  "context_lines": "    # %% optional service validation\n    if service and service not in svc_txt.lower():\n        return None\n\n    return svc_txt\n\n\ndef netfromaddress(addr: ip.IPv4Address, mask: str = \"24\") -> ip.IPv4Network:\n\n    if isinstance(addr, ip.IPv4Address):\n        net = ip.ip_network(addr.exploded.rsplit(\".\", 1)[0] + f\".0/{mask}\")\n    elif isinstance(addr, ip.IPv6Address):\n",
  "slicing": "def netfromaddress(addr: ip.IPv4Address, mask: str = \"24\") -> ip.IPv4Network:\n"
 },
 "50": {
  "name": "mask",
  "type": "str",
  "class": "build-in",
  "approach": "annotation",
  "file_path": "findssh/src/findssh/base.py",
  "lineno": "39",
  "column": "41",
  "context": "vc_txt\n\n\ndef netfromaddress(addr: ip.IPv4Address, mask: str = \"24\") -> ip.IPv4Network:\n\n    if isinstance(addr, ip.IPv4Address):\n        ",
  "context_lines": "    # %% optional service validation\n    if service and service not in svc_txt.lower():\n        return None\n\n    return svc_txt\n\n\ndef netfromaddress(addr: ip.IPv4Address, mask: str = \"24\") -> ip.IPv4Network:\n\n    if isinstance(addr, ip.IPv4Address):\n        net = ip.ip_network(addr.exploded.rsplit(\".\", 1)[0] + f\".0/{mask}\")\n    elif isinstance(addr, ip.IPv6Address):\n",
  "slicing": "def netfromaddress(addr: ip.IPv4Address, mask: str = \"24\") -> ip.IPv4Network:\n"
 },
 "51": {
  "name": "host",
  "type": "UNKNOWN",
  "class": "unknown",
  "approach": "Pysonar2",
  "file_path": "findssh/src/findssh/base.py",
  "lineno": "51",
  "column": "4",
  "context": "eError(addr)\n    return net\n\n\ndef isportopen(\n    host: ip.IPv4Address, port: int, service: str, timeout: float\n) -> T.Tuple[ip.IPv4Address, str]:\n    \"\"\"\n    is ",
  "context_lines": "    else:\n        raise TypeError(addr)\n    return net\n\n\ndef isportopen(\n    host: ip.IPv4Address, port: int, service: str, timeout: float\n) -> T.Tuple[ip.IPv4Address, str]:\n    \"\"\"\n    is a port open? Without coroutines.\n    \"\"\"\n\n",
  "slicing": [
   "    with socket.socket(socket.AF_INET, socket.SOCK_DGRAM) as s:\n",
   "        s.setsockopt(socket.SOL_SOCKET, socket.SO_BROADCAST, 1)\n",
   "            s.connect((\"<broadcast>\", 0))\n",
   "            s.connect((\"8.8.8.8\", 80))  # for BSD/Mac\n",
   "        name = s.getsockname()[0]\n",
   "    return ip.ip_address(name)\n",
   "def validateservice(service: str, h: str, b: bytes) -> str:\n",
   "    svc_txt = b.splitlines()[0].decode(\"utf-8\", \"ignore\")\n",
   "    if service and service not in svc_txt.lower():\n",
   "    return svc_txt\n",
   "        net = ip.ip_network(addr.exploded.rsplit(\".\", 1)[0] + f\".0/{mask}\")\n",
   "        net = ip.ip_network(addr.exploded.rsplit(\":\", 1)[0] + f\":0/{mask}\")\n",
   "    return net\n",
   "    host: ip.IPv4Address, port: int, service: str, timeout: float\n",
   "    h = host.exploded\n",
   "    with socket.socket(socket.AF_INET, socket.SOCK_STREAM) as s:\n",
   "        s.settimeout(timeout)  # seconds\n",
   "            if s.connect_ex((h, port)):\n",
   "            svc_txt = validateservice(service, h, s.recv(32))\n",
   "    if svc_txt:\n",
   "        return host, svc_txt\n",
   "    for host in net.hosts():\n",
   "        res = isportopen(host, port, service, timeout)\n",
   "        if res:\n",
   "            yield res\n"
  ]
 },
 "52": {
  "name": "port",
  "type": "int",
  "class": "build-in",
  "approach": "annotation",
  "file_path": "findssh/src/findssh/base.py",
  "lineno": "51",
  "column": "26",
  "context": "n net\n\n\ndef isportopen(\n    host: ip.IPv4Address, port: int, service: str, timeout: float\n) -> T.Tuple[ip.IPv4Address, str]:\n    \"\"\"\n    is ",
  "context_lines": "    else:\n        raise TypeError(addr)\n    return net\n\n\ndef isportopen(\n    host: ip.IPv4Address, port: int, service: str, timeout: float\n) -> T.Tuple[ip.IPv4Address, str]:\n    \"\"\"\n    is a port open? Without coroutines.\n    \"\"\"\n\n",
  "slicing": [
   "    with socket.socket(socket.AF_INET, socket.SOCK_DGRAM) as s:\n",
   "        s.setsockopt(socket.SOL_SOCKET, socket.SO_BROADCAST, 1)\n",
   "            s.connect((\"<broadcast>\", 0))\n",
   "            s.connect((\"8.8.8.8\", 80))  # for BSD/Mac\n",
   "        name = s.getsockname()[0]\n",
   "    return ip.ip_address(name)\n",
   "def validateservice(service: str, h: str, b: bytes) -> str:\n",
   "    svc_txt = b.splitlines()[0].decode(\"utf-8\", \"ignore\")\n",
   "    if service and service not in svc_txt.lower():\n",
   "    return svc_txt\n",
   "        net = ip.ip_network(addr.exploded.rsplit(\".\", 1)[0] + f\".0/{mask}\")\n",
   "        net = ip.ip_network(addr.exploded.rsplit(\":\", 1)[0] + f\":0/{mask}\")\n",
   "    return net\n",
   "    host: ip.IPv4Address, port: int, service: str, timeout: float\n",
   "    h = host.exploded\n",
   "    with socket.socket(socket.AF_INET, socket.SOCK_STREAM) as s:\n",
   "        s.settimeout(timeout)  # seconds\n",
   "            if s.connect_ex((h, port)):\n",
   "            svc_txt = validateservice(service, h, s.recv(32))\n",
   "    if svc_txt:\n",
   "        return host, svc_txt\n",
   "    for host in net.hosts():\n",
   "        res = isportopen(host, port, service, timeout)\n",
   "        if res:\n",
   "            yield res\n"
  ]
 },
 "53": {
  "name": "service",
  "type": "str",
  "class": "build-in",
  "approach": "annotation",
  "file_path": "findssh/src/findssh/base.py",
  "lineno": "51",
  "column": "37",
  "context": " isportopen(\n    host: ip.IPv4Address, port: int, service: str, timeout: float\n) -> T.Tuple[ip.IPv4Address, str]:\n    \"\"\"\n    is ",
  "context_lines": "    else:\n        raise TypeError(addr)\n    return net\n\n\ndef isportopen(\n    host: ip.IPv4Address, port: int, service: str, timeout: float\n) -> T.Tuple[ip.IPv4Address, str]:\n    \"\"\"\n    is a port open? Without coroutines.\n    \"\"\"\n\n",
  "slicing": [
   "    with socket.socket(socket.AF_INET, socket.SOCK_DGRAM) as s:\n",
   "        s.setsockopt(socket.SOL_SOCKET, socket.SO_BROADCAST, 1)\n",
   "            s.connect((\"<broadcast>\", 0))\n",
   "            s.connect((\"8.8.8.8\", 80))  # for BSD/Mac\n",
   "        name = s.getsockname()[0]\n",
   "    return ip.ip_address(name)\n",
   "def validateservice(service: str, h: str, b: bytes) -> str:\n",
   "    svc_txt = b.splitlines()[0].decode(\"utf-8\", \"ignore\")\n",
   "    if service and service not in svc_txt.lower():\n",
   "    return svc_txt\n",
   "        net = ip.ip_network(addr.exploded.rsplit(\".\", 1)[0] + f\".0/{mask}\")\n",
   "        net = ip.ip_network(addr.exploded.rsplit(\":\", 1)[0] + f\":0/{mask}\")\n",
   "    return net\n",
   "    host: ip.IPv4Address, port: int, service: str, timeout: float\n",
   "    h = host.exploded\n",
   "    with socket.socket(socket.AF_INET, socket.SOCK_STREAM) as s:\n",
   "        s.settimeout(timeout)  # seconds\n",
   "            if s.connect_ex((h, port)):\n",
   "            svc_txt = validateservice(service, h, s.recv(32))\n",
   "    if svc_txt:\n",
   "        return host, svc_txt\n",
   "    for host in net.hosts():\n",
   "        res = isportopen(host, port, service, timeout)\n",
   "        if res:\n",
   "            yield res\n"
  ]
 },
 "54": {
  "name": "timeout",
  "type": "float",
  "class": "build-in",
  "approach": "annotation",
  "file_path": "findssh/src/findssh/base.py",
  "lineno": "51",
  "column": "51",
  "context": "   host: ip.IPv4Address, port: int, service: str, timeout: float\n) -> T.Tuple[ip.IPv4Address, str]:\n    \"\"\"\n    is ",
  "context_lines": "    else:\n        raise TypeError(addr)\n    return net\n\n\ndef isportopen(\n    host: ip.IPv4Address, port: int, service: str, timeout: float\n) -> T.Tuple[ip.IPv4Address, str]:\n    \"\"\"\n    is a port open? Without coroutines.\n    \"\"\"\n\n",
  "slicing": [
   "    with socket.socket(socket.AF_INET, socket.SOCK_DGRAM) as s:\n",
   "        s.setsockopt(socket.SOL_SOCKET, socket.SO_BROADCAST, 1)\n",
   "            s.connect((\"<broadcast>\", 0))\n",
   "            s.connect((\"8.8.8.8\", 80))  # for BSD/Mac\n",
   "        name = s.getsockname()[0]\n",
   "    return ip.ip_address(name)\n",
   "def validateservice(service: str, h: str, b: bytes) -> str:\n",
   "    svc_txt = b.splitlines()[0].decode(\"utf-8\", \"ignore\")\n",
   "    if service and service not in svc_txt.lower():\n",
   "    return svc_txt\n",
   "        net = ip.ip_network(addr.exploded.rsplit(\".\", 1)[0] + f\".0/{mask}\")\n",
   "        net = ip.ip_network(addr.exploded.rsplit(\":\", 1)[0] + f\":0/{mask}\")\n",
   "    return net\n",
   "    host: ip.IPv4Address, port: int, service: str, timeout: float\n",
   "    h = host.exploded\n",
   "    with socket.socket(socket.AF_INET, socket.SOCK_STREAM) as s:\n",
   "        s.settimeout(timeout)  # seconds\n",
   "            if s.connect_ex((h, port)):\n",
   "            svc_txt = validateservice(service, h, s.recv(32))\n",
   "    if svc_txt:\n",
   "        return host, svc_txt\n",
   "    for host in net.hosts():\n",
   "        res = isportopen(host, port, service, timeout)\n",
   "        if res:\n",
   "            yield res\n"
  ]
 },
 "55": {
  "name": "net",
  "type": "UNKNOWN",
  "class": "unknown",
  "approach": "Pysonar2",
  "file_path": "findssh/src/findssh/base.py",
  "lineno": "77",
  "column": "4",
  "context": " svc_txt\n    return None\n\n\ndef get_hosts_seq(\n    net: ip.IPv4Network, port: int, service: str, timeout: float\n) -> T.Iterable[T.Tuple[ip.IPv4Address, str]]:\n   ",
  "context_lines": "    if svc_txt:\n        return host, svc_txt\n    return None\n\n\ndef get_hosts_seq(\n    net: ip.IPv4Network, port: int, service: str, timeout: float\n) -> T.Iterable[T.Tuple[ip.IPv4Address, str]]:\n    \"\"\"\n    find hosts sequentially (no parallelism or concurrency)\n    \"\"\"\n\n",
  "slicing": "    net: ip.IPv4Network, port: int, service: str, timeout: float\n"
 },
 "56": {
  "name": "port",
  "type": "int",
  "class": "build-in",
  "approach": "annotation",
  "file_path": "findssh/src/findssh/base.py",
  "lineno": "77",
  "column": "25",
  "context": "one\n\n\ndef get_hosts_seq(\n    net: ip.IPv4Network, port: int, service: str, timeout: float\n) -> T.Iterable[T.Tuple[ip.IPv4Address, str]]:\n   ",
  "context_lines": "    if svc_txt:\n        return host, svc_txt\n    return None\n\n\ndef get_hosts_seq(\n    net: ip.IPv4Network, port: int, service: str, timeout: float\n) -> T.Iterable[T.Tuple[ip.IPv4Address, str]]:\n    \"\"\"\n    find hosts sequentially (no parallelism or concurrency)\n    \"\"\"\n\n",
  "slicing": "    net: ip.IPv4Network, port: int, service: str, timeout: float\n"
 },
 "57": {
  "name": "service",
  "type": "str",
  "class": "build-in",
  "approach": "annotation",
  "file_path": "findssh/src/findssh/base.py",
  "lineno": "77",
  "column": "36",
  "context": "et_hosts_seq(\n    net: ip.IPv4Network, port: int, service: str, timeout: float\n) -> T.Iterable[T.Tuple[ip.IPv4Address, str]]:\n   ",
  "context_lines": "    if svc_txt:\n        return host, svc_txt\n    return None\n\n\ndef get_hosts_seq(\n    net: ip.IPv4Network, port: int, service: str, timeout: float\n) -> T.Iterable[T.Tuple[ip.IPv4Address, str]]:\n    \"\"\"\n    find hosts sequentially (no parallelism or concurrency)\n    \"\"\"\n\n",
  "slicing": "    net: ip.IPv4Network, port: int, service: str, timeout: float\n"
 },
 "58": {
  "name": "timeout",
  "type": "float",
  "class": "build-in",
  "approach": "annotation",
  "file_path": "findssh/src/findssh/base.py",
  "lineno": "77",
  "column": "50",
  "context": "    net: ip.IPv4Network, port: int, service: str, timeout: float\n) -> T.Iterable[T.Tuple[ip.IPv4Address, str]]:\n   ",
  "context_lines": "    if svc_txt:\n        return host, svc_txt\n    return None\n\n\ndef get_hosts_seq(\n    net: ip.IPv4Network, port: int, service: str, timeout: float\n) -> T.Iterable[T.Tuple[ip.IPv4Address, str]]:\n    \"\"\"\n    find hosts sequentially (no parallelism or concurrency)\n    \"\"\"\n\n",
  "slicing": "    net: ip.IPv4Network, port: int, service: str, timeout: float\n"
 },
 "59": {
  "name": "res",
  "type": "None",
  "class": "imported",
  "approach": "annotation",
  "file_path": "findssh/src/findssh/coro.py",
  "lineno": "34",
  "column": "8",
  "slicing": "['        res = None\\n', '    return res\\n']",
  "context": "timeout)\n    except asyncio.TimeoutError:\n        res = None\n    return res\n\n\nasync def isportopen(\n    host: i",
  "context_lines": ") -> typing.Tuple[ip.IPv4Address, str]:\n    try:\n        res = await asyncio.wait_for(isportopen(host, port, service), timeout=timeout)\n    except asyncio.TimeoutError:\n        res = None\n    return res\n\n\nasync def isportopen(\n    host: ip.IPv4Address, port: int, service: str\n) -> typing.Tuple[ip.IPv4Address, str]:\n"
 }
}