{
 "1": {
  "name": "package_name",
  "type": "str",
  "class": "build-in",
  "approach": "Pysonar2",
  "file_path": "flake8-variables-names/setup.py",
  "lineno": "6",
  "column": "0",
  "context": "al\n\nfrom setuptools import setup, find_packages\n\n\npackage_name = 'flake8_variables_names'\n\n\ndef get_version() -> Optional[str]:\n    with ope",
  "context_lines": "from typing import Optional\n\nfrom setuptools import setup, find_packages\n\n\npackage_name = 'flake8_variables_names'\n\n\ndef get_version() -> Optional[str]:\n    with open('flake8_variables_names/__init__.py', 'r') as f:\n        lines = f.readlines()\n",
  "slicing": [
   "package_name = 'flake8_variables_names'\n",
   "    name=package_name,\n",
   "    py_modules=[package_name],\n"
  ]
 },
 "2": {
  "name": "lines",
  "type": "list",
  "class": "build-in",
  "approach": "Pysonar2",
  "file_path": "flake8-variables-names/setup.py",
  "lineno": "11",
  "column": "8",
  "context": "_variables_names/__init__.py', 'r') as f:\n        lines = f.readlines()\n    for line in lines:\n        if line.startswith(",
  "context_lines": "from setuptools import setup, find_packages\n\n\npackage_name = 'flake8_variables_names'\n\n\ndef get_version() -> Optional[str]:\n    with open('flake8_variables_names/__init__.py', 'r') as f:\n        lines = f.readlines()\n    for line in lines:\n        if line.startswith('__version__'):\n            return line.split('=')[-1].strip().strip(\"'\")\n\n\ndef get_long_description() -> str:\n",
  "slicing": [
   "        lines = f.readlines()\n",
   "    for line in lines:\n",
   "        if line.startswith('__version__'):\n",
   "            return line.split('=')[-1].strip().strip(\"'\")\n"
  ]
 },
 "3": {
  "name": "names",
  "type": "list",
  "class": "build-in",
  "approach": "annotation",
  "file_path": "flake8-variables-names/flake8_variables_names/ast_helpers.py",
  "lineno": "14",
  "column": "8",
  "context": " isinstance(assignment_node, ast.Assign):\n        names = [t for t in assignment_node.targets if isinstance(t, ast.Name)]\n        return [(n.id, n) for n in names]\n    retu",
  "context_lines": "    if isinstance(assignment_node, ast.AnnAssign):\n        if isinstance(assignment_node.target, ast.Name):\n            return [(assignment_node.target.id, assignment_node.target)]\n    elif isinstance(assignment_node, ast.Assign):\n        names = [t for t in assignment_node.targets if isinstance(t, ast.Name)]\n        return [(n.id, n) for n in names]\n    return []\n\n\ndef get_var_names_from_funcdef(funcdef_node: ast.FunctionDef) -> List[Tuple[str, ast.arg]]:\n    vars_info = []\n",
  "slicing": [
   "        names = [t for t in assignment_node.targets if isinstance(t, ast.Name)]\n",
   "        return [(n.id, n) for n in names]\n",
   "        return [(n.id, n) for n in for_node.target.elts if isinstance(n, ast.Name)]\n",
   "    assignments = [n for n in ast.walk(ast_tree) if isinstance(n, ast.Assign)]\n",
   "    var_info += flat([get_var_names_from_assignment(a) for a in assignments])\n",
   "    ann_assignments = [n for n in ast.walk(ast_tree) if isinstance(n, ast.AnnAssign)]\n",
   "    var_info += flat([get_var_names_from_assignment(a) for a in ann_assignments])\n",
   "    funcdefs = [n for n in ast.walk(ast_tree) if isinstance(n, ast.FunctionDef)]\n",
   "    var_info += flat([get_var_names_from_funcdef(f) for f in funcdefs])\n",
   "    fors = [n for n in ast.walk(ast_tree) if isinstance(n, ast.For)]\n",
   "    var_info += flat([get_var_names_from_for(f) for f in fors])\n",
   "    return var_info\n"
  ]
 },
 "4": {
  "name": "vars_info",
  "type": "list",
  "class": "build-in",
  "approach": "annotation",
  "file_path": "flake8-variables-names/flake8_variables_names/ast_helpers.py",
  "lineno": "20",
  "column": "4",
  "context": "st.FunctionDef) -> List[Tuple[str, ast.arg]]:\n    vars_info = []\n    for arg in funcdef_node.args.args:\n        var",
  "context_lines": "        names = [t for t in assignment_node.targets if isinstance(t, ast.Name)]\n        return [(n.id, n) for n in names]\n    return []\n\n\ndef get_var_names_from_funcdef(funcdef_node: ast.FunctionDef) -> List[Tuple[str, ast.arg]]:\n    vars_info = []\n    for arg in funcdef_node.args.args:\n        vars_info.append(\n            (arg.arg, arg),\n        )\n",
  "slicing": [
   "    vars_info = []\n",
   "        vars_info.append(\n",
   "    return vars_info\n"
  ]
 },
 "5": {
  "name": "var_info",
  "type": "dict",
  "class": "build-in",
  "approach": "annotation",
  "file_path": "flake8-variables-names/flake8_variables_names/ast_helpers.py",
  "lineno": "37",
  "column": "4",
  "context": "_tree: ast.AST) -> List[Tuple[str, ast.AST]]:\n    var_info: List[Tuple[str, ast.AST]] = []\n    assignments = [n for n in ast.walk(ast_tree) i",
  "context_lines": "    elif isinstance(for_node.target, ast.Tuple):\n        return [(n.id, n) for n in for_node.target.elts if isinstance(n, ast.Name)]\n    return []\n\n\ndef extract_all_variable_names(ast_tree: ast.AST) -> List[Tuple[str, ast.AST]]:\n    var_info: List[Tuple[str, ast.AST]] = []\n    assignments = [n for n in ast.walk(ast_tree) if isinstance(n, ast.Assign)]\n    var_info += flat([get_var_names_from_assignment(a) for a in assignments])\n    ann_assignments = [n for n in ast.walk(ast_tree) if isinstance(n, ast.AnnAssign)]\n    var_info += flat([get_var_names_from_assignment(a) for a in ann_assignments])\n",
  "slicing": [
   "    var_info: List[Tuple[str, ast.AST]] = []\n",
   "    return var_info\n"
  ]
 },
 "6": {
  "name": "assignments",
  "type": "list",
  "class": "build-in",
  "approach": "annotation",
  "file_path": "flake8-variables-names/flake8_variables_names/ast_helpers.py",
  "lineno": "38",
  "column": "4",
  "context": "\n    var_info: List[Tuple[str, ast.AST]] = []\n    assignments = [n for n in ast.walk(ast_tree) if isinstance(n, ast.Assign)]\n    var_info += flat([get_var_names_from_assignmen",
  "context_lines": "        return [(n.id, n) for n in for_node.target.elts if isinstance(n, ast.Name)]\n    return []\n\n\ndef extract_all_variable_names(ast_tree: ast.AST) -> List[Tuple[str, ast.AST]]:\n    var_info: List[Tuple[str, ast.AST]] = []\n    assignments = [n for n in ast.walk(ast_tree) if isinstance(n, ast.Assign)]\n    var_info += flat([get_var_names_from_assignment(a) for a in assignments])\n    ann_assignments = [n for n in ast.walk(ast_tree) if isinstance(n, ast.AnnAssign)]\n    var_info += flat([get_var_names_from_assignment(a) for a in ann_assignments])\n    funcdefs = [n for n in ast.walk(ast_tree) if isinstance(n, ast.FunctionDef)]\n",
  "slicing": [
   "    assignments = [n for n in ast.walk(ast_tree) if isinstance(n, ast.Assign)]\n",
   "    var_info += flat([get_var_names_from_assignment(a) for a in assignments])\n",
   "    var_info += flat([get_var_names_from_assignment(a) for a in ann_assignments])\n",
   "    return var_info\n"
  ]
 },
 "7": {
  "name": "var_info",
  "type": "flake8_variables_names.list_helpers.flat",
  "class": "imported",
  "approach": "annotation",
  "file_path": "flake8-variables-names/flake8_variables_names/ast_helpers.py",
  "lineno": "39",
  "column": "4",
  "context": ".walk(ast_tree) if isinstance(n, ast.Assign)]\n    var_info += flat([get_var_names_from_assignment(a) for a in assignments])\n    ann_assignments = [n for n in ast.walk(ast_tre",
  "context_lines": "    return []\n\n\ndef extract_all_variable_names(ast_tree: ast.AST) -> List[Tuple[str, ast.AST]]:\n    var_info: List[Tuple[str, ast.AST]] = []\n    assignments = [n for n in ast.walk(ast_tree) if isinstance(n, ast.Assign)]\n    var_info += flat([get_var_names_from_assignment(a) for a in assignments])\n    ann_assignments = [n for n in ast.walk(ast_tree) if isinstance(n, ast.AnnAssign)]\n    var_info += flat([get_var_names_from_assignment(a) for a in ann_assignments])\n    funcdefs = [n for n in ast.walk(ast_tree) if isinstance(n, ast.FunctionDef)]\n    var_info += flat([get_var_names_from_funcdef(f) for f in funcdefs])\n",
  "slicing": [
   "    var_info += flat([get_var_names_from_assignment(a) for a in assignments])\n",
   "    return var_info\n"
  ]
 },
 "8": {
  "name": "ann_assignments",
  "type": "list",
  "class": "build-in",
  "approach": "annotation",
  "file_path": "flake8-variables-names/flake8_variables_names/ast_helpers.py",
  "lineno": "40",
  "column": "4",
  "context": "mes_from_assignment(a) for a in assignments])\n    ann_assignments = [n for n in ast.walk(ast_tree) if isinstance(n, ast.AnnAssign)]\n    var_info += flat([get_var_names_from_assignmen",
  "context_lines": "def extract_all_variable_names(ast_tree: ast.AST) -> List[Tuple[str, ast.AST]]:\n    var_info: List[Tuple[str, ast.AST]] = []\n    assignments = [n for n in ast.walk(ast_tree) if isinstance(n, ast.Assign)]\n    var_info += flat([get_var_names_from_assignment(a) for a in assignments])\n    ann_assignments = [n for n in ast.walk(ast_tree) if isinstance(n, ast.AnnAssign)]\n    var_info += flat([get_var_names_from_assignment(a) for a in ann_assignments])\n    funcdefs = [n for n in ast.walk(ast_tree) if isinstance(n, ast.FunctionDef)]\n    var_info += flat([get_var_names_from_funcdef(f) for f in funcdefs])\n    fors = [n for n in ast.walk(ast_tree) if isinstance(n, ast.For)]\n",
  "slicing": [
   "    ann_assignments = [n for n in ast.walk(ast_tree) if isinstance(n, ast.AnnAssign)]\n",
   "    var_info += flat([get_var_names_from_assignment(a) for a in ann_assignments])\n",
   "    return var_info\n"
  ]
 },
 "9": {
  "name": "var_info",
  "type": "flake8_variables_names.list_helpers.flat",
  "class": "imported",
  "approach": "annotation",
  "file_path": "flake8-variables-names/flake8_variables_names/ast_helpers.py",
  "lineno": "41",
  "column": "4",
  "context": "lk(ast_tree) if isinstance(n, ast.AnnAssign)]\n    var_info += flat([get_var_names_from_assignment(a) for a in ann_assignments])\n    funcdefs = [n for n in ast.walk(ast_tree) if i",
  "context_lines": "    var_info: List[Tuple[str, ast.AST]] = []\n    assignments = [n for n in ast.walk(ast_tree) if isinstance(n, ast.Assign)]\n    var_info += flat([get_var_names_from_assignment(a) for a in assignments])\n    ann_assignments = [n for n in ast.walk(ast_tree) if isinstance(n, ast.AnnAssign)]\n    var_info += flat([get_var_names_from_assignment(a) for a in ann_assignments])\n    funcdefs = [n for n in ast.walk(ast_tree) if isinstance(n, ast.FunctionDef)]\n    var_info += flat([get_var_names_from_funcdef(f) for f in funcdefs])\n    fors = [n for n in ast.walk(ast_tree) if isinstance(n, ast.For)]\n    var_info += flat([get_var_names_from_for(f) for f in fors])\n",
  "slicing": [
   "    var_info += flat([get_var_names_from_assignment(a) for a in ann_assignments])\n",
   "    return var_info\n"
  ]
 },
 "10": {
  "name": "funcdefs",
  "type": "list",
  "class": "build-in",
  "approach": "annotation",
  "file_path": "flake8-variables-names/flake8_variables_names/ast_helpers.py",
  "lineno": "42",
  "column": "4",
  "context": "from_assignment(a) for a in ann_assignments])\n    funcdefs = [n for n in ast.walk(ast_tree) if isinstance(n, ast.FunctionDef)]\n    var_info += flat([get_var_names_from_funcdef(f",
  "context_lines": "    assignments = [n for n in ast.walk(ast_tree) if isinstance(n, ast.Assign)]\n    var_info += flat([get_var_names_from_assignment(a) for a in assignments])\n    ann_assignments = [n for n in ast.walk(ast_tree) if isinstance(n, ast.AnnAssign)]\n    var_info += flat([get_var_names_from_assignment(a) for a in ann_assignments])\n    funcdefs = [n for n in ast.walk(ast_tree) if isinstance(n, ast.FunctionDef)]\n    var_info += flat([get_var_names_from_funcdef(f) for f in funcdefs])\n    fors = [n for n in ast.walk(ast_tree) if isinstance(n, ast.For)]\n    var_info += flat([get_var_names_from_for(f) for f in fors])\n",
  "slicing": [
   "    funcdefs = [n for n in ast.walk(ast_tree) if isinstance(n, ast.FunctionDef)]\n",
   "    var_info += flat([get_var_names_from_funcdef(f) for f in funcdefs])\n",
   "    var_info += flat([get_var_names_from_for(f) for f in fors])\n",
   "    return var_info\n"
  ]
 },
 "11": {
  "name": "var_info",
  "type": "flake8_variables_names.list_helpers.flat",
  "class": "imported",
  "approach": "annotation",
  "file_path": "flake8-variables-names/flake8_variables_names/ast_helpers.py",
  "lineno": "43",
  "column": "4",
  "context": "(ast_tree) if isinstance(n, ast.FunctionDef)]\n    var_info += flat([get_var_names_from_funcdef(f) for f in funcdefs])\n    fors = [n for n in ast.walk(ast_tree) if isins",
  "context_lines": "    var_info += flat([get_var_names_from_assignment(a) for a in assignments])\n    ann_assignments = [n for n in ast.walk(ast_tree) if isinstance(n, ast.AnnAssign)]\n    var_info += flat([get_var_names_from_assignment(a) for a in ann_assignments])\n    funcdefs = [n for n in ast.walk(ast_tree) if isinstance(n, ast.FunctionDef)]\n    var_info += flat([get_var_names_from_funcdef(f) for f in funcdefs])\n    fors = [n for n in ast.walk(ast_tree) if isinstance(n, ast.For)]\n    var_info += flat([get_var_names_from_for(f) for f in fors])\n",
  "slicing": [
   "    var_info += flat([get_var_names_from_funcdef(f) for f in funcdefs])\n",
   "    return var_info\n"
  ]
 },
 "12": {
  "name": "fors",
  "type": "list",
  "class": "build-in",
  "approach": "annotation",
  "file_path": "flake8-variables-names/flake8_variables_names/ast_helpers.py",
  "lineno": "44",
  "column": "4",
  "context": "var_names_from_funcdef(f) for f in funcdefs])\n    fors = [n for n in ast.walk(ast_tree) if isinstance(n, ast.For)]\n    var_info += flat([get_var_names_from_for(f) fo",
  "context_lines": "    ann_assignments = [n for n in ast.walk(ast_tree) if isinstance(n, ast.AnnAssign)]\n    var_info += flat([get_var_names_from_assignment(a) for a in ann_assignments])\n    funcdefs = [n for n in ast.walk(ast_tree) if isinstance(n, ast.FunctionDef)]\n    var_info += flat([get_var_names_from_funcdef(f) for f in funcdefs])\n    fors = [n for n in ast.walk(ast_tree) if isinstance(n, ast.For)]\n    var_info += flat([get_var_names_from_for(f) for f in fors])\n",
  "slicing": [
   "    fors = [n for n in ast.walk(ast_tree) if isinstance(n, ast.For)]\n",
   "    var_info += flat([get_var_names_from_for(f) for f in fors])\n",
   "    return var_info\n"
  ]
 },
 "13": {
  "name": "var_info",
  "type": "flake8_variables_names.list_helpers.flat",
  "class": "imported",
  "approach": "annotation",
  "file_path": "flake8-variables-names/flake8_variables_names/ast_helpers.py",
  "lineno": "45",
  "column": "4",
  "context": "ast.walk(ast_tree) if isinstance(n, ast.For)]\n    var_info += flat([get_var_names_from_for(f) for f in fors])\n    return var_info\n",
  "context_lines": "    var_info += flat([get_var_names_from_assignment(a) for a in ann_assignments])\n    funcdefs = [n for n in ast.walk(ast_tree) if isinstance(n, ast.FunctionDef)]\n    var_info += flat([get_var_names_from_funcdef(f) for f in funcdefs])\n    fors = [n for n in ast.walk(ast_tree) if isinstance(n, ast.For)]\n    var_info += flat([get_var_names_from_for(f) for f in fors])\n",
  "slicing": [
   "    var_info += flat([get_var_names_from_for(f) for f in fors])\n",
   "    return var_info\n"
  ]
 },
 "14": {
  "name": "__version__",
  "type": "str",
  "class": "build-in",
  "approach": "Pysonar2",
  "file_path": "flake8-variables-names/flake8_variables_names/__init__.py",
  "lineno": "1",
  "column": "0",
  "context": "__version__ = '0.0.3'\n",
  "context_lines": "__version__ = '0.0.3'\n",
  "slicing": "__version__ = '0.0.3'\n"
 },
 "15": {
  "name": "ErrorTuple",
  "type": "dict",
  "class": "build-in",
  "approach": "annotation",
  "file_path": "flake8-variables-names/flake8_variables_names/checker.py",
  "lineno": "9",
  "column": "0",
  "context": "es.ast_helpers import extract_all_variable_names\n\nErrorTuple = Tuple[int, int, str, type]\n\n\nclass VariableNamesChecker:\n    name = 'flake8-v",
  "context_lines": "from optparse import OptionParser\nfrom typing import Generator, Tuple, List\n\nfrom flake8_variables_names import __version__ as version\nfrom flake8_variables_names.ast_helpers import extract_all_variable_names\n\nErrorTuple = Tuple[int, int, str, type]\n\n\nclass VariableNamesChecker:\n    name = 'flake8-variables-names'\n    version = version\n\n",
  "slicing": [
   "ErrorTuple = Tuple[int, int, str, type]\n",
   "    def run(self) -> Generator[ErrorTuple, None, None]:\n"
  ]
 },
 "16": {
  "name": "name",
  "type": "str",
  "class": "build-in",
  "approach": "Pysonar2",
  "file_path": "flake8-variables-names/flake8_variables_names/checker.py",
  "lineno": "13",
  "column": "4",
  "context": "int, str, type]\n\n\nclass VariableNamesChecker:\n    name = 'flake8-variables-names'\n    version = version\n\n    use_strict_mode = False",
  "context_lines": "from flake8_variables_names import __version__ as version\nfrom flake8_variables_names.ast_helpers import extract_all_variable_names\n\nErrorTuple = Tuple[int, int, str, type]\n\n\nclass VariableNamesChecker:\n    name = 'flake8-variables-names'\n    version = version\n\n    use_strict_mode = False\n\n    _variable_names_blacklist = [\n        # from https://github.com/wemake-services/wemake-python-styleguide/\n",
  "slicing": "    name = 'flake8-variables-names'\n"
 },
 "17": {
  "name": "version",
  "type": "UNKNOWN",
  "class": "unknown",
  "approach": "annotation",
  "file_path": "flake8-variables-names/flake8_variables_names/checker.py",
  "lineno": "14",
  "column": "4",
  "context": "sChecker:\n    name = 'flake8-variables-names'\n    version = version\n\n    use_strict_mode = False\n\n    _variable_names_",
  "context_lines": "from flake8_variables_names.ast_helpers import extract_all_variable_names\n\nErrorTuple = Tuple[int, int, str, type]\n\n\nclass VariableNamesChecker:\n    name = 'flake8-variables-names'\n    version = version\n\n    use_strict_mode = False\n\n    _variable_names_blacklist = [\n        # from https://github.com/wemake-services/wemake-python-styleguide/\n",
  "slicing": [
   "    version = version\n"
  ]
 },
 "18": {
  "name": "use_strict_mode",
  "type": "bool",
  "class": "build-in",
  "approach": "annotation",
  "file_path": "flake8-variables-names/flake8_variables_names/checker.py",
  "lineno": "16",
  "column": "4",
  "context": "lake8-variables-names'\n    version = version\n\n    use_strict_mode = False\n\n    _variable_names_blacklist = [\n        # from ",
  "context_lines": "ErrorTuple = Tuple[int, int, str, type]\n\n\nclass VariableNamesChecker:\n    name = 'flake8-variables-names'\n    version = version\n\n    use_strict_mode = False\n\n    _variable_names_blacklist = [\n        # from https://github.com/wemake-services/wemake-python-styleguide/\n        'val',\n",
  "slicing": "    use_strict_mode = False\n"
 },
 "19": {
  "name": "_variable_names_blacklist",
  "type": "list",
  "class": "build-in",
  "approach": "annotation",
  "file_path": "flake8-variables-names/flake8_variables_names/checker.py",
  "lineno": "18",
  "column": "4",
  "context": "rsion = version\n\n    use_strict_mode = False\n\n    _variable_names_blacklist = [\n        # from https://github.com/wemake-services/",
  "context_lines": "class VariableNamesChecker:\n    name = 'flake8-variables-names'\n    version = version\n\n    use_strict_mode = False\n\n    _variable_names_blacklist = [\n        # from https://github.com/wemake-services/wemake-python-styleguide/\n        'val',\n        'vals',\n        'var',\n",
  "slicing": "    _variable_names_blacklist = [\n"
 },
 "20": {
  "name": "_variable_names_blacklist_strict_addon",
  "type": "list",
  "class": "build-in",
  "approach": "annotation",
  "file_path": "flake8-variables-names/flake8_variables_names/checker.py",
  "lineno": "38",
  "column": "4",
  "context": "   'foo',\n        'bar',\n        'baz',\n    ]\n    _variable_names_blacklist_strict_addon = [\n        'data',\n        'result',\n        'results",
  "context_lines": "        'foo',\n        'bar',\n        'baz',\n    ]\n    _variable_names_blacklist_strict_addon = [\n        'data',\n        'result',\n        'results',\n        'item',\n",
  "slicing": "    _variable_names_blacklist_strict_addon = [\n"
 },
 "21": {
  "name": "_single_letter_names_whitelist",
  "type": "list",
  "class": "build-in",
  "approach": "annotation",
  "file_path": "flake8-variables-names/flake8_variables_names/checker.py",
  "lineno": "51",
  "column": "4",
  "context": "bj',\n        'info',\n        'handler',\n    ]\n    _single_letter_names_whitelist = ['i', '_', 'T']\n    _single_letter_names_whitelist_strict = ['_', ",
  "context_lines": "        'obj',\n        'info',\n        'handler',\n    ]\n    _single_letter_names_whitelist = ['i', '_', 'T']\n    _single_letter_names_whitelist_strict = ['_', 'T']\n\n    def __init__(self, tree, filename: str):\n        self.filename = filename\n        self.tree = tree\n\n",
  "slicing": "    _single_letter_names_whitelist = ['i', '_', 'T']\n"
 },
 "22": {
  "name": "_single_letter_names_whitelist_strict",
  "type": "list",
  "class": "build-in",
  "approach": "annotation",
  "file_path": "flake8-variables-names/flake8_variables_names/checker.py",
  "lineno": "52",
  "column": "4",
  "context": "ngle_letter_names_whitelist = ['i', '_', 'T']\n    _single_letter_names_whitelist_strict = ['_', 'T']\n\n    def __init__(self, tree, filename: str):\n    ",
  "context_lines": "        'info',\n        'handler',\n    ]\n    _single_letter_names_whitelist = ['i', '_', 'T']\n    _single_letter_names_whitelist_strict = ['_', 'T']\n\n    def __init__(self, tree, filename: str):\n        self.filename = filename\n        self.tree = tree\n\n",
  "slicing": "    _single_letter_names_whitelist_strict = ['_', 'T']\n"
 },
 "23": {
  "name": "variables_names",
  "type": "flake8_variables_names.ast_helpers.extract_all_variable_names",
  "class": "imported",
  "approach": "annotation",
  "file_path": "flake8-variables-names/flake8_variables_names/checker.py",
  "lineno": "85",
  "column": "8",
  "context": "lf) -> Generator[ErrorTuple, None, None]:\n        variables_names = extract_all_variable_names(self.tree)\n        for var_name, var_name_ast_node in variabl",
  "context_lines": "    @classmethod\n    def parse_options(cls, options) -> None:\n        cls.use_strict_mode = bool(options.use_varnames_strict_mode)\n\n    def run(self) -> Generator[ErrorTuple, None, None]:\n        variables_names = extract_all_variable_names(self.tree)\n        for var_name, var_name_ast_node in variables_names:\n            errors = self.get_varname_errors(var_name, var_name_ast_node)\n            for error in errors:\n                yield (*error, type(self))\n\n",
  "slicing": [
   "        variables_names = extract_all_variable_names(self.tree)\n",
   "        for var_name, var_name_ast_node in variables_names:\n",
   "            errors = self.get_varname_errors(var_name, var_name_ast_node)\n",
   "            for error in errors:\n",
   "                yield (*error, type(self))\n",
   "            len(var_name) == 1\n",
   "            and var_name not in self.single_letter_names_whitelist\n",
   "            errors.append((\n",
   "                \"VNE001 single letter variable names like '{0}' are not allowed\".format(var_name),\n",
   "        if var_name in self.variable_names_blacklist:\n",
   "            errors.append((\n",
   "                \"VNE002 variable name '{0}' should be clarified\".format(var_name),\n",
   "        if var_name in buildin_names:\n",
   "            errors.append((\n",
   "        return errors\n"
  ]
 },
 "24": {
  "name": "errors",
  "type": "list",
  "class": "build-in",
  "approach": "Pysonar2",
  "file_path": "flake8-variables-names/flake8_variables_names/checker.py",
  "lineno": "87",
  "column": "12",
  "context": "var_name_ast_node in variables_names:\n            errors = self.get_varname_errors(var_name, var_name_ast_node)\n            for error in errors:\n                y",
  "context_lines": "        cls.use_strict_mode = bool(options.use_varnames_strict_mode)\n\n    def run(self) -> Generator[ErrorTuple, None, None]:\n        variables_names = extract_all_variable_names(self.tree)\n        for var_name, var_name_ast_node in variables_names:\n            errors = self.get_varname_errors(var_name, var_name_ast_node)\n            for error in errors:\n                yield (*error, type(self))\n\n    def get_varname_errors(self, var_name: str, var_ast_node) -> List[Tuple[int, int, str]]:\n        errors = []\n",
  "slicing": [
   "            errors = self.get_varname_errors(var_name, var_name_ast_node)\n",
   "            for error in errors:\n",
   "                yield (*error, type(self))\n",
   "            errors.append((\n",
   "            errors.append((\n",
   "            errors.append((\n",
   "        return errors\n"
  ]
 },
 "25": {
  "name": "errors",
  "type": "list",
  "class": "build-in",
  "approach": "annotation",
  "file_path": "flake8-variables-names/flake8_variables_names/checker.py",
  "lineno": "92",
  "column": "8",
  "context": "_ast_node) -> List[Tuple[int, int, str]]:\n        errors = []\n        buildin_names = dir(builtins)\n        if (",
  "context_lines": "            errors = self.get_varname_errors(var_name, var_name_ast_node)\n            for error in errors:\n                yield (*error, type(self))\n\n    def get_varname_errors(self, var_name: str, var_ast_node) -> List[Tuple[int, int, str]]:\n        errors = []\n        buildin_names = dir(builtins)\n        if (\n            len(var_name) == 1\n            and var_name not in self.single_letter_names_whitelist\n",
  "slicing": [
   "        errors = []\n",
   "            errors.append((\n",
   "            errors.append((\n",
   "            errors.append((\n",
   "        return errors\n"
  ]
 },
 "26": {
  "name": "buildin_names",
  "type": "UNKNOWN",
  "class": "unknown",
  "approach": "annotation",
  "file_path": "flake8-variables-names/flake8_variables_names/checker.py",
  "lineno": "93",
  "column": "8",
  "context": "uple[int, int, str]]:\n        errors = []\n        buildin_names = dir(builtins)\n        if (\n            len(var_name) == 1\n      ",
  "context_lines": "            for error in errors:\n                yield (*error, type(self))\n\n    def get_varname_errors(self, var_name: str, var_ast_node) -> List[Tuple[int, int, str]]:\n        errors = []\n        buildin_names = dir(builtins)\n        if (\n            len(var_name) == 1\n            and var_name not in self.single_letter_names_whitelist\n        ):\n",
  "slicing": [
   "        buildin_names = dir(builtins)\n",
   "        if var_name in buildin_names:\n"
  ]
 },
 "27": {
  "name": "errors",
  "type": "conftest.run_validator_for_test_file",
  "class": "imported",
  "approach": "annotation",
  "file_path": "flake8-variables-names/tests/test_variables_names.py",
  "lineno": "5",
  "column": "4",
  "context": "essage\n\n\ndef test_always_ok_for_empty_file():\n    errors = run_validator_for_test_file('empty.py', use_strict_mode=True)\n    assert not errors\n\n\ndef test_ok_good_names():\n",
  "context_lines": "from conftest import run_validator_for_test_file, get_error_message\n\n\ndef test_always_ok_for_empty_file():\n    errors = run_validator_for_test_file('empty.py', use_strict_mode=True)\n    assert not errors\n\n\ndef test_ok_good_names():\n    errors = run_validator_for_test_file('ok_names.py', use_strict_mode=True)\n    assert not errors\n\n\n",
  "slicing": [
   "    errors = run_validator_for_test_file('empty.py', use_strict_mode=True)\n",
   "    assert not errors\n",
   "    assert not errors\n",
   "    assert len(errors) == 4\n",
   "    assert len(errors) == 3\n",
   "        get_error_message(errors[0])\n",
   "    assert not errors\n",
   "    assert len(errors) == 2\n",
   "        get_error_message(errors[0])\n",
   "    assert not errors\n",
   "    assert len(errors) == 2\n",
   "    assert len(errors) == 2\n",
   "    assert len(errors) == 2\n"
  ]
 },
 "28": {
  "name": "errors",
  "type": "conftest.run_validator_for_test_file",
  "class": "imported",
  "approach": "annotation",
  "file_path": "flake8-variables-names/tests/test_variables_names.py",
  "lineno": "10",
  "column": "4",
  "context": "assert not errors\n\n\ndef test_ok_good_names():\n    errors = run_validator_for_test_file('ok_names.py', use_strict_mode=True)\n    assert not errors\n\n\ndef test_ok_for_short_name",
  "context_lines": "def test_always_ok_for_empty_file():\n    errors = run_validator_for_test_file('empty.py', use_strict_mode=True)\n    assert not errors\n\n\ndef test_ok_good_names():\n    errors = run_validator_for_test_file('ok_names.py', use_strict_mode=True)\n    assert not errors\n\n\ndef test_ok_for_short_names_file():\n    errors = run_validator_for_test_file('short_names.py', use_strict_mode=True)\n    assert len(errors) == 4\n",
  "slicing": [
   "    errors = run_validator_for_test_file('ok_names.py', use_strict_mode=True)\n",
   "    assert not errors\n",
   "    assert len(errors) == 4\n",
   "    assert len(errors) == 3\n",
   "        get_error_message(errors[0])\n",
   "    assert not errors\n",
   "    assert len(errors) == 2\n",
   "        get_error_message(errors[0])\n",
   "    assert not errors\n",
   "    assert len(errors) == 2\n",
   "    assert len(errors) == 2\n",
   "    assert len(errors) == 2\n"
  ]
 },
 "29": {
  "name": "errors",
  "type": "conftest.run_validator_for_test_file",
  "class": "imported",
  "approach": "annotation",
  "file_path": "flake8-variables-names/tests/test_variables_names.py",
  "lineno": "15",
  "column": "4",
  "context": " errors\n\n\ndef test_ok_for_short_names_file():\n    errors = run_validator_for_test_file('short_names.py', use_strict_mode=True)\n    assert len(errors) == 4\n    errors = run_valid",
  "context_lines": "def test_ok_good_names():\n    errors = run_validator_for_test_file('ok_names.py', use_strict_mode=True)\n    assert not errors\n\n\ndef test_ok_for_short_names_file():\n    errors = run_validator_for_test_file('short_names.py', use_strict_mode=True)\n    assert len(errors) == 4\n    errors = run_validator_for_test_file('short_names.py', use_strict_mode=False)\n    assert len(errors) == 3\n    assert (\n",
  "slicing": [
   "    errors = run_validator_for_test_file('short_names.py', use_strict_mode=True)\n",
   "    assert len(errors) == 4\n",
   "    assert len(errors) == 3\n",
   "        get_error_message(errors[0])\n",
   "    assert not errors\n",
   "    assert len(errors) == 2\n",
   "        get_error_message(errors[0])\n",
   "    assert not errors\n",
   "    assert len(errors) == 2\n",
   "    assert len(errors) == 2\n",
   "    assert len(errors) == 2\n"
  ]
 },
 "30": {
  "name": "errors",
  "type": "conftest.run_validator_for_test_file",
  "class": "imported",
  "approach": "annotation",
  "file_path": "flake8-variables-names/tests/test_variables_names.py",
  "lineno": "17",
  "column": "4",
  "context": "strict_mode=True)\n    assert len(errors) == 4\n    errors = run_validator_for_test_file('short_names.py', use_strict_mode=False)\n    assert len(errors) == 3\n    assert (\n        g",
  "context_lines": "    assert not errors\n\n\ndef test_ok_for_short_names_file():\n    errors = run_validator_for_test_file('short_names.py', use_strict_mode=True)\n    assert len(errors) == 4\n    errors = run_validator_for_test_file('short_names.py', use_strict_mode=False)\n    assert len(errors) == 3\n    assert (\n        get_error_message(errors[0])\n        == \"VNE001 single letter variable names like 'a' are not allowed\"\n",
  "slicing": [
   "    errors = run_validator_for_test_file('short_names.py', use_strict_mode=False)\n",
   "    assert len(errors) == 3\n",
   "        get_error_message(errors[0])\n",
   "    assert not errors\n",
   "    assert len(errors) == 2\n",
   "        get_error_message(errors[0])\n",
   "    assert not errors\n",
   "    assert len(errors) == 2\n",
   "    assert len(errors) == 2\n",
   "    assert len(errors) == 2\n"
  ]
 },
 "31": {
  "name": "errors",
  "type": "conftest.run_validator_for_test_file",
  "class": "imported",
  "approach": "annotation",
  "file_path": "flake8-variables-names/tests/test_variables_names.py",
  "lineno": "26",
  "column": "4",
  "context": "  )\n\n\ndef test_ok_for_commented_names_file():\n    errors = run_validator_for_test_file('commented_names.py', use_strict_mode=True)\n    assert not errors\n\n\ndef test_ok_for_blackliste",
  "context_lines": "        get_error_message(errors[0])\n        == \"VNE001 single letter variable names like 'a' are not allowed\"\n    )\n\n\ndef test_ok_for_commented_names_file():\n    errors = run_validator_for_test_file('commented_names.py', use_strict_mode=True)\n    assert not errors\n\n\ndef test_ok_for_blacklisted_names_file():\n    errors = run_validator_for_test_file('blacklisted_names.py', use_strict_mode=True)\n    assert len(errors) == 2\n",
  "slicing": [
   "    errors = run_validator_for_test_file('commented_names.py', use_strict_mode=True)\n",
   "    assert not errors\n",
   "    assert len(errors) == 2\n",
   "        get_error_message(errors[0])\n",
   "    assert not errors\n",
   "    assert len(errors) == 2\n",
   "    assert len(errors) == 2\n",
   "    assert len(errors) == 2\n"
  ]
 },
 "32": {
  "name": "errors",
  "type": "conftest.run_validator_for_test_file",
  "class": "imported",
  "approach": "annotation",
  "file_path": "flake8-variables-names/tests/test_variables_names.py",
  "lineno": "31",
  "column": "4",
  "context": "s\n\n\ndef test_ok_for_blacklisted_names_file():\n    errors = run_validator_for_test_file('blacklisted_names.py', use_strict_mode=True)\n    assert len(errors) == 2\n    assert (\n        g",
  "context_lines": "def test_ok_for_commented_names_file():\n    errors = run_validator_for_test_file('commented_names.py', use_strict_mode=True)\n    assert not errors\n\n\ndef test_ok_for_blacklisted_names_file():\n    errors = run_validator_for_test_file('blacklisted_names.py', use_strict_mode=True)\n    assert len(errors) == 2\n    assert (\n        get_error_message(errors[0])\n        == \"VNE002 variable name 'value' should be clarified\"\n",
  "slicing": [
   "    errors = run_validator_for_test_file('blacklisted_names.py', use_strict_mode=True)\n",
   "    assert len(errors) == 2\n",
   "        get_error_message(errors[0])\n",
   "    assert not errors\n",
   "    assert len(errors) == 2\n",
   "    assert len(errors) == 2\n",
   "    assert len(errors) == 2\n"
  ]
 },
 "33": {
  "name": "errors",
  "type": "conftest.run_validator_for_test_file",
  "class": "imported",
  "approach": "annotation",
  "file_path": "flake8-variables-names/tests/test_variables_names.py",
  "lineno": "40",
  "column": "4",
  "context": "\n    )\n\n\ndef test_ok_for_strict_names_file():\n    errors = run_validator_for_test_file('strict_names.py', use_strict_mode=False)\n    assert not errors\n    errors = run_validator_f",
  "context_lines": "        get_error_message(errors[0])\n        == \"VNE002 variable name 'value' should be clarified\"\n    )\n\n\ndef test_ok_for_strict_names_file():\n    errors = run_validator_for_test_file('strict_names.py', use_strict_mode=False)\n    assert not errors\n    errors = run_validator_for_test_file('strict_names.py', use_strict_mode=True)\n    assert len(errors) == 2\n\n\ndef test_ok_for_builtins_names_file():\n",
  "slicing": [
   "    errors = run_validator_for_test_file('strict_names.py', use_strict_mode=False)\n",
   "    assert not errors\n",
   "    assert len(errors) == 2\n",
   "    assert len(errors) == 2\n",
   "    assert len(errors) == 2\n"
  ]
 },
 "34": {
  "name": "errors",
  "type": "conftest.run_validator_for_test_file",
  "class": "imported",
  "approach": "annotation",
  "file_path": "flake8-variables-names/tests/test_variables_names.py",
  "lineno": "42",
  "column": "4",
  "context": " use_strict_mode=False)\n    assert not errors\n    errors = run_validator_for_test_file('strict_names.py', use_strict_mode=True)\n    assert len(errors) == 2\n\n\ndef test_ok_for_buil",
  "context_lines": "    )\n\n\ndef test_ok_for_strict_names_file():\n    errors = run_validator_for_test_file('strict_names.py', use_strict_mode=False)\n    assert not errors\n    errors = run_validator_for_test_file('strict_names.py', use_strict_mode=True)\n    assert len(errors) == 2\n\n\ndef test_ok_for_builtins_names_file():\n    errors = run_validator_for_test_file('builtin_names.py', use_strict_mode=True)\n    assert len(errors) == 2\n\n\n",
  "slicing": [
   "    errors = run_validator_for_test_file('strict_names.py', use_strict_mode=True)\n",
   "    assert len(errors) == 2\n",
   "    assert len(errors) == 2\n",
   "    assert len(errors) == 2\n"
  ]
 },
 "35": {
  "name": "errors",
  "type": "conftest.run_validator_for_test_file",
  "class": "imported",
  "approach": "annotation",
  "file_path": "flake8-variables-names/tests/test_variables_names.py",
  "lineno": "47",
  "column": "4",
  "context": "== 2\n\n\ndef test_ok_for_builtins_names_file():\n    errors = run_validator_for_test_file('builtin_names.py', use_strict_mode=True)\n    assert len(errors) == 2\n\n\ndef test_ok_for_clas",
  "context_lines": "    assert not errors\n    errors = run_validator_for_test_file('strict_names.py', use_strict_mode=True)\n    assert len(errors) == 2\n\n\ndef test_ok_for_builtins_names_file():\n    errors = run_validator_for_test_file('builtin_names.py', use_strict_mode=True)\n    assert len(errors) == 2\n\n\ndef test_ok_for_class_level_names_file():\n    errors = run_validator_for_test_file('class_level_names.py', use_strict_mode=True)\n",
  "slicing": [
   "    errors = run_validator_for_test_file('builtin_names.py', use_strict_mode=True)\n",
   "    assert len(errors) == 2\n",
   "    assert len(errors) == 2\n"
  ]
 },
 "36": {
  "name": "errors",
  "type": "conftest.run_validator_for_test_file",
  "class": "imported",
  "approach": "annotation",
  "file_path": "flake8-variables-names/tests/test_variables_names.py",
  "lineno": "52",
  "column": "4",
  "context": "2\n\n\ndef test_ok_for_class_level_names_file():\n    errors = run_validator_for_test_file('class_level_names.py', use_strict_mode=True)\n    assert len(errors) == 2\n",
  "context_lines": "def test_ok_for_builtins_names_file():\n    errors = run_validator_for_test_file('builtin_names.py', use_strict_mode=True)\n    assert len(errors) == 2\n\n\ndef test_ok_for_class_level_names_file():\n    errors = run_validator_for_test_file('class_level_names.py', use_strict_mode=True)\n",
  "slicing": [
   "    errors = run_validator_for_test_file('class_level_names.py', use_strict_mode=True)\n",
   "    assert len(errors) == 2\n"
  ]
 },
 "37": {
  "name": "test_file_path",
  "type": "str",
  "class": "build-in",
  "approach": "Pysonar2",
  "file_path": "flake8-variables-names/tests/conftest.py",
  "lineno": "9",
  "column": "4",
  "context": "str, use_strict_mode: Optional[bool] = None):\n    test_file_path = os.path.join(\n        os.path.dirname(os.path.abspath(__file__))",
  "context_lines": "import os\nfrom typing import Optional\n\nfrom flake8_variables_names.checker import VariableNamesChecker, ErrorTuple\n\n\ndef run_validator_for_test_file(filename: str, use_strict_mode: Optional[bool] = None):\n    test_file_path = os.path.join(\n        os.path.dirname(os.path.abspath(__file__)),\n        'test_files',\n        filename,\n    )\n",
  "slicing": [
   "    test_file_path = os.path.join(\n",
   "    with open(test_file_path, 'r') as file_handler:\n"
  ]
 },
 "38": {
  "name": "raw_content",
  "type": "str",
  "class": "build-in",
  "approach": "Pysonar2",
  "file_path": "flake8-variables-names/tests/conftest.py",
  "lineno": "15",
  "column": "8",
  "context": "pen(test_file_path, 'r') as file_handler:\n        raw_content = file_handler.read()\n    tree = ast.parse(raw_content)\n    checker = Va",
  "context_lines": "        'test_files',\n        filename,\n    )\n    with open(test_file_path, 'r') as file_handler:\n        raw_content = file_handler.read()\n    tree = ast.parse(raw_content)\n    checker = VariableNamesChecker(tree=tree, filename=filename)\n    if use_strict_mode is not None:\n        checker.use_strict_mode = use_strict_mode\n\n",
  "slicing": [
   "        raw_content = file_handler.read()\n",
   "    tree = ast.parse(raw_content)\n",
   "    checker = VariableNamesChecker(tree=tree, filename=filename)\n",
   "        checker.use_strict_mode = use_strict_mode\n",
   "    return list(checker.run())\n"
  ]
 },
 "39": {
  "name": "tree",
  "type": "UNKNOWN",
  "class": "unknown",
  "approach": "Pysonar2",
  "file_path": "flake8-variables-names/tests/conftest.py",
  "lineno": "16",
  "column": "4",
  "context": "er:\n        raw_content = file_handler.read()\n    tree = ast.parse(raw_content)\n    checker = VariableNamesChecker(tree=tree, file",
  "context_lines": "        filename,\n    )\n    with open(test_file_path, 'r') as file_handler:\n        raw_content = file_handler.read()\n    tree = ast.parse(raw_content)\n    checker = VariableNamesChecker(tree=tree, filename=filename)\n    if use_strict_mode is not None:\n        checker.use_strict_mode = use_strict_mode\n\n    return list(checker.run())\n\n\n",
  "slicing": [
   "    tree = ast.parse(raw_content)\n",
   "    checker = VariableNamesChecker(tree=tree, filename=filename)\n",
   "        checker.use_strict_mode = use_strict_mode\n",
   "    return list(checker.run())\n"
  ]
 },
 "40": {
  "name": "checker",
  "type": "flake8_variables_names.checker.VariableNamesChecker",
  "class": "customized",
  "approach": "annotation",
  "file_path": "flake8-variables-names/tests/conftest.py",
  "lineno": "17",
  "column": "4",
  "context": "dler.read()\n    tree = ast.parse(raw_content)\n    checker = VariableNamesChecker(tree=tree, filename=filename)\n    if use_strict_mode is not None:\n        checke",
  "context_lines": "    )\n    with open(test_file_path, 'r') as file_handler:\n        raw_content = file_handler.read()\n    tree = ast.parse(raw_content)\n    checker = VariableNamesChecker(tree=tree, filename=filename)\n    if use_strict_mode is not None:\n        checker.use_strict_mode = use_strict_mode\n\n    return list(checker.run())\n\n\ndef get_error_message(error: ErrorTuple) -> str:\n",
  "slicing": [
   "    checker = VariableNamesChecker(tree=tree, filename=filename)\n",
   "        checker.use_strict_mode = use_strict_mode\n",
   "    return list(checker.run())\n"
  ]
 },
 "41": {
  "name": "value",
  "type": "int",
  "class": "build-in",
  "approach": "Pysonar2",
  "file_path": "flake8-variables-names/tests/test_files/blacklisted_names.py",
  "lineno": "1",
  "column": "0",
  "context": "value = 1\nresult = None\n",
  "context_lines": "value = 1\n",
  "slicing": "value = 1\n"
 },
 "42": {
  "name": "result",
  "type": "UNKNOWN",
  "class": "unknown",
  "approach": "annotation",
  "file_path": "flake8-variables-names/tests/test_files/blacklisted_names.py",
  "lineno": "2",
  "column": "0",
  "context": "value = 1\nresult = None\n",
  "context_lines": "value = 1\nresult = None\n",
  "slicing": "result = None\n"
 },
 "43": {
  "name": "user_id",
  "type": "int",
  "class": "build-in",
  "approach": "Pysonar2",
  "file_path": "flake8-variables-names/tests/test_files/ok_names.py",
  "lineno": "1",
  "column": "0",
  "context": "user_id = 23\nsome_email = 'test@gmail.com'\n",
  "context_lines": "user_id = 23\n",
  "slicing": "user_id = 23\n"
 },
 "44": {
  "name": "some_email",
  "type": "str",
  "class": "build-in",
  "approach": "Pysonar2",
  "file_path": "flake8-variables-names/tests/test_files/ok_names.py",
  "lineno": "2",
  "column": "0",
  "context": "user_id = 23\nsome_email = 'test@gmail.com'\n",
  "context_lines": "user_id = 23\nsome_email = 'test@gmail.com'\n",
  "slicing": "some_email = 'test@gmail.com'\n"
 },
 "45": {
  "name": "type",
  "type": "int",
  "class": "build-in",
  "approach": "Pysonar2",
  "file_path": "flake8-variables-names/tests/test_files/builtin_names.py",
  "lineno": "1",
  "column": "0",
  "context": "type = 1\nValueError = 'test'\n",
  "context_lines": "type = 1\n",
  "slicing": "type = 1\n"
 },
 "46": {
  "name": "ValueError",
  "type": "str",
  "class": "build-in",
  "approach": "Pysonar2",
  "file_path": "flake8-variables-names/tests/test_files/builtin_names.py",
  "lineno": "2",
  "column": "0",
  "context": "type = 1\nValueError = 'test'\n",
  "context_lines": "type = 1\nValueError = 'test'\n",
  "slicing": "ValueError = 'test'\n"
 },
 "47": {
  "name": "type",
  "type": "int",
  "class": "build-in",
  "approach": "Pysonar2",
  "file_path": "flake8-variables-names/tests/test_files/class_level_names.py",
  "lineno": "2",
  "column": "4",
  "context": "class A:\n    type = 1\n    a = 'test'\n",
  "context_lines": "class A:\n    type = 1\n",
  "slicing": "    type = 1\n"
 },
 "48": {
  "name": "a",
  "type": "str",
  "class": "build-in",
  "approach": "Pysonar2",
  "file_path": "flake8-variables-names/tests/test_files/class_level_names.py",
  "lineno": "3",
  "column": "4",
  "context": "class A:\n    type = 1\n    a = 'test'\n",
  "context_lines": "class A:\n    type = 1\n    a = 'test'\n",
  "slicing": "    a = 'test'\n"
 },
 "49": {
  "name": "a",
  "type": "int",
  "class": "build-in",
  "approach": "Pysonar2",
  "file_path": "flake8-variables-names/tests/test_files/short_names.py",
  "lineno": "1",
  "column": "0",
  "context": "a = 0\nb = 1\nc = 3\ni = 4\n",
  "context_lines": "a = 0\nb = 1\nc = 3\n",
  "slicing": "a = 0\n"
 },
 "50": {
  "name": "b",
  "type": "int",
  "class": "build-in",
  "approach": "Pysonar2",
  "file_path": "flake8-variables-names/tests/test_files/short_names.py",
  "lineno": "2",
  "column": "0",
  "context": "a = 0\nb = 1\nc = 3\ni = 4\n",
  "context_lines": "a = 0\nb = 1\nc = 3\n",
  "slicing": "b = 1\n"
 },
 "51": {
  "name": "c",
  "type": "int",
  "class": "build-in",
  "approach": "Pysonar2",
  "file_path": "flake8-variables-names/tests/test_files/short_names.py",
  "lineno": "3",
  "column": "0",
  "context": "a = 0\nb = 1\nc = 3\ni = 4\n",
  "context_lines": "a = 0\nb = 1\nc = 3\n",
  "slicing": "c = 3\n"
 },
 "52": {
  "name": "i",
  "type": "int",
  "class": "build-in",
  "approach": "Pysonar2",
  "file_path": "flake8-variables-names/tests/test_files/short_names.py",
  "lineno": "4",
  "column": "0",
  "context": "a = 0\nb = 1\nc = 3\ni = 4\n",
  "context_lines": "a = 0\nb = 1\nc = 3\ni = 4\n",
  "slicing": "i = 4\n"
 },
 "53": {
  "name": "i",
  "type": "int",
  "class": "build-in",
  "approach": "Pysonar2",
  "file_path": "flake8-variables-names/tests/test_files/strict_names.py",
  "lineno": "1",
  "column": "0",
  "context": "i = 0\nresult = 2\n",
  "context_lines": "i = 0\n",
  "slicing": "i = 0\n"
 },
 "54": {
  "name": "result",
  "type": "int",
  "class": "build-in",
  "approach": "Pysonar2",
  "file_path": "flake8-variables-names/tests/test_files/strict_names.py",
  "lineno": "2",
  "column": "0",
  "context": "i = 0\nresult = 2\n",
  "context_lines": "i = 0\nresult = 2\n",
  "slicing": "result = None\n"
 },
 "55": {
  "name": "some_list",
  "type": "dict",
  "class": "build-in",
  "approach": "annotation",
  "file_path": "flake8-variables-names/flake8_variables_names/list_helpers.py",
  "lineno": "4",
  "column": "9",
  "context": "from typing import List\n\n\ndef flat(some_list: List[List]) -> List:\n    return [item for sublist in some_list for item",
  "context_lines": "from typing import List\n\n\ndef flat(some_list: List[List]) -> List:\n",
  "slicing": "def flat(some_list: List[List]) -> List:\n"
 },
 "56": {
  "name": "assignment_node",
  "type": "dict",
  "class": "build-in",
  "approach": "annotation",
  "file_path": "flake8-variables-names/flake8_variables_names/ast_helpers.py",
  "lineno": "8",
  "column": "4",
  "context": "ort flat\n\n\ndef get_var_names_from_assignment(\n    assignment_node: Union[ast.Assign, ast.AnnAssign],\n) -> List[Tuple[str, ast.AST]]:\n    if isinstance(",
  "context_lines": "import ast\nfrom typing import List, Tuple, Union\n\nfrom flake8_variables_names.list_helpers import flat\n\n\ndef get_var_names_from_assignment(\n    assignment_node: Union[ast.Assign, ast.AnnAssign],\n) -> List[Tuple[str, ast.AST]]:\n    if isinstance(assignment_node, ast.AnnAssign):\n        if isinstance(assignment_node.target, ast.Name):\n            return [(assignment_node.target.id, assignment_node.target)]\n",
  "slicing": [
   "    assignment_node: Union[ast.Assign, ast.AnnAssign],\n",
   "        names = [t for t in assignment_node.targets if isinstance(t, ast.Name)]\n",
   "        return [(n.id, n) for n in names]\n",
   "def get_var_names_from_funcdef(funcdef_node: ast.FunctionDef) -> List[Tuple[str, ast.arg]]:\n",
   "    vars_info = []\n",
   "    for arg in funcdef_node.args.args:\n",
   "        vars_info.append(\n",
   "            (arg.arg, arg),\n",
   "    return vars_info\n",
   "        return [(n.id, n) for n in for_node.target.elts if isinstance(n, ast.Name)]\n",
   "    assignments = [n for n in ast.walk(ast_tree) if isinstance(n, ast.Assign)]\n",
   "    var_info += flat([get_var_names_from_assignment(a) for a in assignments])\n",
   "    ann_assignments = [n for n in ast.walk(ast_tree) if isinstance(n, ast.AnnAssign)]\n",
   "    var_info += flat([get_var_names_from_assignment(a) for a in ann_assignments])\n",
   "    funcdefs = [n for n in ast.walk(ast_tree) if isinstance(n, ast.FunctionDef)]\n",
   "    var_info += flat([get_var_names_from_funcdef(f) for f in funcdefs])\n",
   "    fors = [n for n in ast.walk(ast_tree) if isinstance(n, ast.For)]\n",
   "    var_info += flat([get_var_names_from_for(f) for f in fors])\n",
   "    return var_info\n"
  ]
 },
 "57": {
  "name": "funcdef_node",
  "type": "UNKNOWN",
  "class": "unknown",
  "approach": "Pysonar2",
  "file_path": "flake8-variables-names/flake8_variables_names/ast_helpers.py",
  "lineno": "19",
  "column": "31",
  "context": "s]\n    return []\n\n\ndef get_var_names_from_funcdef(funcdef_node: ast.FunctionDef) -> List[Tuple[str, ast.arg]]:\n    vars_info = []\n    for arg in funcdef_node.arg",
  "context_lines": "    elif isinstance(assignment_node, ast.Assign):\n        names = [t for t in assignment_node.targets if isinstance(t, ast.Name)]\n        return [(n.id, n) for n in names]\n    return []\n\n\ndef get_var_names_from_funcdef(funcdef_node: ast.FunctionDef) -> List[Tuple[str, ast.arg]]:\n    vars_info = []\n    for arg in funcdef_node.args.args:\n        vars_info.append(\n            (arg.arg, arg),\n",
  "slicing": [
   "def get_var_names_from_funcdef(funcdef_node: ast.FunctionDef) -> List[Tuple[str, ast.arg]]:\n",
   "    for arg in funcdef_node.args.args:\n",
   "            (arg.arg, arg),\n",
   "    var_info += flat([get_var_names_from_funcdef(f) for f in funcdefs])\n",
   "    return var_info\n"
  ]
 },
 "58": {
  "name": "for_node",
  "type": "UNKNOWN",
  "class": "unknown",
  "approach": "Pysonar2",
  "file_path": "flake8-variables-names/flake8_variables_names/ast_helpers.py",
  "lineno": "28",
  "column": "27",
  "context": "    return vars_info\n\n\ndef get_var_names_from_for(for_node: ast.For) -> List[Tuple[str, ast.AST]]:\n    if isinstance(for_node.target, ast.Name):\n    ",
  "context_lines": "        vars_info.append(\n            (arg.arg, arg),\n        )\n    return vars_info\n\n\ndef get_var_names_from_for(for_node: ast.For) -> List[Tuple[str, ast.AST]]:\n    if isinstance(for_node.target, ast.Name):\n        return [(for_node.target.id, for_node.target)]\n    elif isinstance(for_node.target, ast.Tuple):\n        return [(n.id, n) for n in for_node.target.elts if isinstance(n, ast.Name)]\n",
  "slicing": [
   "    assignment_node: Union[ast.Assign, ast.AnnAssign],\n",
   "        names = [t for t in assignment_node.targets if isinstance(t, ast.Name)]\n",
   "        return [(n.id, n) for n in names]\n",
   "def get_var_names_from_funcdef(funcdef_node: ast.FunctionDef) -> List[Tuple[str, ast.arg]]:\n",
   "    vars_info = []\n",
   "    for arg in funcdef_node.args.args:\n",
   "        vars_info.append(\n",
   "            (arg.arg, arg),\n",
   "    return vars_info\n",
   "def get_var_names_from_for(for_node: ast.For) -> List[Tuple[str, ast.AST]]:\n",
   "        return [(n.id, n) for n in for_node.target.elts if isinstance(n, ast.Name)]\n",
   "    assignments = [n for n in ast.walk(ast_tree) if isinstance(n, ast.Assign)]\n",
   "    var_info += flat([get_var_names_from_assignment(a) for a in assignments])\n",
   "    ann_assignments = [n for n in ast.walk(ast_tree) if isinstance(n, ast.AnnAssign)]\n",
   "    var_info += flat([get_var_names_from_assignment(a) for a in ann_assignments])\n",
   "    funcdefs = [n for n in ast.walk(ast_tree) if isinstance(n, ast.FunctionDef)]\n",
   "    var_info += flat([get_var_names_from_funcdef(f) for f in funcdefs])\n",
   "    fors = [n for n in ast.walk(ast_tree) if isinstance(n, ast.For)]\n",
   "    var_info += flat([get_var_names_from_for(f) for f in fors])\n",
   "    return var_info\n"
  ]
 },
 "59": {
  "name": "ast_tree",
  "type": "UNKNOWN",
  "class": "unknown",
  "approach": "Pysonar2",
  "file_path": "flake8-variables-names/flake8_variables_names/ast_helpers.py",
  "lineno": "36",
  "column": "31",
  "context": ")]\n    return []\n\n\ndef extract_all_variable_names(ast_tree: ast.AST) -> List[Tuple[str, ast.AST]]:\n    var_info: List[Tuple[str, ast.AST]] = []\n    a",
  "context_lines": "        return [(for_node.target.id, for_node.target)]\n    elif isinstance(for_node.target, ast.Tuple):\n        return [(n.id, n) for n in for_node.target.elts if isinstance(n, ast.Name)]\n    return []\n\n\ndef extract_all_variable_names(ast_tree: ast.AST) -> List[Tuple[str, ast.AST]]:\n    var_info: List[Tuple[str, ast.AST]] = []\n    assignments = [n for n in ast.walk(ast_tree) if isinstance(n, ast.Assign)]\n    var_info += flat([get_var_names_from_assignment(a) for a in assignments])\n    ann_assignments = [n for n in ast.walk(ast_tree) if isinstance(n, ast.AnnAssign)]\n",
  "slicing": "def extract_all_variable_names(ast_tree: ast.AST) -> List[Tuple[str, ast.AST]]:\n"
 },
 "60": {
  "name": "tree",
  "type": "UNKNOWN",
  "class": "unknown",
  "approach": "Pysonar2",
  "file_path": "flake8-variables-names/flake8_variables_names/checker.py",
  "lineno": "54",
  "column": "23",
  "context": "elist_strict = ['_', 'T']\n\n    def __init__(self, tree, filename: str):\n        self.filename = filename\n        self.tree",
  "context_lines": "        'handler',\n    ]\n    _single_letter_names_whitelist = ['i', '_', 'T']\n    _single_letter_names_whitelist_strict = ['_', 'T']\n\n    def __init__(self, tree, filename: str):\n        self.filename = filename\n        self.tree = tree\n\n    @property\n    def single_letter_names_whitelist(self) -> List[str]:\n",
  "slicing": "    def __init__(self, tree, filename: str):\n"
 },
 "61": {
  "name": "filename",
  "type": "str",
  "class": "build-in",
  "approach": "annotation",
  "file_path": "flake8-variables-names/flake8_variables_names/checker.py",
  "lineno": "54",
  "column": "29",
  "context": "strict = ['_', 'T']\n\n    def __init__(self, tree, filename: str):\n        self.filename = filename\n        self.tree",
  "context_lines": "        'handler',\n    ]\n    _single_letter_names_whitelist = ['i', '_', 'T']\n    _single_letter_names_whitelist_strict = ['_', 'T']\n\n    def __init__(self, tree, filename: str):\n        self.filename = filename\n        self.tree = tree\n\n    @property\n    def single_letter_names_whitelist(self) -> List[str]:\n",
  "slicing": "    def __init__(self, tree, filename: str):\n"
 },
 "62": {
  "name": "cls",
  "type": "VariableNamesChecker",
  "class": "customized",
  "approach": "Pysonar2",
  "file_path": "flake8-variables-names/flake8_variables_names/checker.py",
  "lineno": "74",
  "column": "20",
  "context": "s_blacklist\n\n    @classmethod\n    def add_options(cls, parser: OptionParser) -> None:\n        parser.add_option(\n            '--use-varn",
  "context_lines": "            return self._variable_names_blacklist + self._variable_names_blacklist_strict_addon\n        else:\n            return self._variable_names_blacklist\n\n    @classmethod\n    def add_options(cls, parser: OptionParser) -> None:\n        parser.add_option(\n            '--use-varnames-strict-mode',\n            action='store_true',\n        )\n\n",
  "slicing": "    def add_options(cls, parser: OptionParser) -> None:\n"
 },
 "63": {
  "name": "parser",
  "type": "UNKNOWN",
  "class": "unknown",
  "approach": "annotation",
  "file_path": "flake8-variables-names/flake8_variables_names/checker.py",
  "lineno": "74",
  "column": "25",
  "context": "cklist\n\n    @classmethod\n    def add_options(cls, parser: OptionParser) -> None:\n        parser.add_option(\n            '--use-varn",
  "context_lines": "            return self._variable_names_blacklist + self._variable_names_blacklist_strict_addon\n        else:\n            return self._variable_names_blacklist\n\n    @classmethod\n    def add_options(cls, parser: OptionParser) -> None:\n        parser.add_option(\n            '--use-varnames-strict-mode',\n            action='store_true',\n        )\n\n",
  "slicing": "    def add_options(cls, parser: OptionParser) -> None:\n"
 },
 "64": {
  "name": "cls",
  "type": "VariableNamesChecker",
  "class": "customized",
  "approach": "Pysonar2",
  "file_path": "flake8-variables-names/flake8_variables_names/checker.py",
  "lineno": "81",
  "column": "22",
  "context": "        )\n\n    @classmethod\n    def parse_options(cls, options) -> None:\n        cls.use_strict_mode = bool(options.use_var",
  "context_lines": "            '--use-varnames-strict-mode',\n            action='store_true',\n        )\n\n    @classmethod\n    def parse_options(cls, options) -> None:\n        cls.use_strict_mode = bool(options.use_varnames_strict_mode)\n\n    def run(self) -> Generator[ErrorTuple, None, None]:\n        variables_names = extract_all_variable_names(self.tree)\n        for var_name, var_name_ast_node in variables_names:\n",
  "slicing": "    def parse_options(cls, options) -> None:\n"
 },
 "65": {
  "name": "options",
  "type": "UNKNOWN",
  "class": "unknown",
  "approach": "Pysonar2",
  "file_path": "flake8-variables-names/flake8_variables_names/checker.py",
  "lineno": "81",
  "column": "27",
  "context": "   )\n\n    @classmethod\n    def parse_options(cls, options) -> None:\n        cls.use_strict_mode = bool(options.use_var",
  "context_lines": "            '--use-varnames-strict-mode',\n            action='store_true',\n        )\n\n    @classmethod\n    def parse_options(cls, options) -> None:\n        cls.use_strict_mode = bool(options.use_varnames_strict_mode)\n\n    def run(self) -> Generator[ErrorTuple, None, None]:\n        variables_names = extract_all_variable_names(self.tree)\n        for var_name, var_name_ast_node in variables_names:\n",
  "slicing": "    def parse_options(cls, options) -> None:\n"
 },
 "66": {
  "name": "var_name",
  "type": "str",
  "class": "build-in",
  "approach": "annotation",
  "file_path": "flake8-variables-names/flake8_variables_names/checker.py",
  "lineno": "91",
  "column": "33",
  "context": "or, type(self))\n\n    def get_varname_errors(self, var_name: str, var_ast_node) -> List[Tuple[int, int, str]]:\n        errors = []\n        buildin_names = dir(bu",
  "context_lines": "        for var_name, var_name_ast_node in variables_names:\n            errors = self.get_varname_errors(var_name, var_name_ast_node)\n            for error in errors:\n                yield (*error, type(self))\n\n    def get_varname_errors(self, var_name: str, var_ast_node) -> List[Tuple[int, int, str]]:\n        errors = []\n        buildin_names = dir(builtins)\n        if (\n            len(var_name) == 1\n",
  "slicing": "    def get_varname_errors(self, var_name: str, var_ast_node) -> List[Tuple[int, int, str]]:\n"
 },
 "67": {
  "name": "var_ast_node",
  "type": "UNKNOWN",
  "class": "unknown",
  "approach": "Pysonar2",
  "file_path": "flake8-variables-names/flake8_variables_names/checker.py",
  "lineno": "91",
  "column": "48",
  "context": "\n\n    def get_varname_errors(self, var_name: str, var_ast_node) -> List[Tuple[int, int, str]]:\n        errors = []\n        buildin_names = dir(bu",
  "context_lines": "        for var_name, var_name_ast_node in variables_names:\n            errors = self.get_varname_errors(var_name, var_name_ast_node)\n            for error in errors:\n                yield (*error, type(self))\n\n    def get_varname_errors(self, var_name: str, var_ast_node) -> List[Tuple[int, int, str]]:\n        errors = []\n        buildin_names = dir(builtins)\n        if (\n            len(var_name) == 1\n",
  "slicing": "    def get_varname_errors(self, var_name: str, var_ast_node) -> List[Tuple[int, int, str]]:\n"
 },
 "68": {
  "name": "filename",
  "type": "str",
  "class": "build-in",
  "approach": "annotation",
  "file_path": "flake8-variables-names/tests/conftest.py",
  "lineno": "8",
  "column": "32",
  "context": "ker, ErrorTuple\n\n\ndef run_validator_for_test_file(filename: str, use_strict_mode: Optional[bool] = None):\n    test_file_path = os.path.join(\n        os.path",
  "context_lines": "import ast\nimport os\nfrom typing import Optional\n\nfrom flake8_variables_names.checker import VariableNamesChecker, ErrorTuple\n\n\ndef run_validator_for_test_file(filename: str, use_strict_mode: Optional[bool] = None):\n    test_file_path = os.path.join(\n        os.path.dirname(os.path.abspath(__file__)),\n        'test_files',\n        filename,\n",
  "slicing": "def run_validator_for_test_file(filename: str, use_strict_mode: Optional[bool] = None):\n"
 },
 "69": {
  "name": "use_strict_mode",
  "type": "dict",
  "class": "build-in",
  "approach": "annotation",
  "file_path": "flake8-variables-names/tests/conftest.py",
  "lineno": "8",
  "column": "47",
  "context": "\n\n\ndef run_validator_for_test_file(filename: str, use_strict_mode: Optional[bool] = None):\n    test_file_path = os.path.join(\n        os.path",
  "context_lines": "import ast\nimport os\nfrom typing import Optional\n\nfrom flake8_variables_names.checker import VariableNamesChecker, ErrorTuple\n\n\ndef run_validator_for_test_file(filename: str, use_strict_mode: Optional[bool] = None):\n    test_file_path = os.path.join(\n        os.path.dirname(os.path.abspath(__file__)),\n        'test_files',\n        filename,\n",
  "slicing": "def run_validator_for_test_file(filename: str, use_strict_mode: Optional[bool] = None):\n"
 },
 "70": {
  "name": "error",
  "type": "UNKNOWN",
  "class": "unknown",
  "approach": "annotation",
  "file_path": "flake8-variables-names/tests/conftest.py",
  "lineno": "24",
  "column": "22",
  "context": "eturn list(checker.run())\n\n\ndef get_error_message(error: ErrorTuple) -> str:\n    \"\"\"Get error message from error tuple returned",
  "context_lines": "    checker = VariableNamesChecker(tree=tree, filename=filename)\n    if use_strict_mode is not None:\n        checker.use_strict_mode = use_strict_mode\n\n    return list(checker.run())\n\n\ndef get_error_message(error: ErrorTuple) -> str:\n    \"\"\"Get error message from error tuple returned by `VariableNamesChecker.run()`.\"\"\"\n",
  "slicing": "def get_error_message(error: ErrorTuple) -> str:\n"
 },
 "71": {
  "name": "version",
  "type": "version",
  "class": "imported",
  "approach": "annotation",
  "file_path": "flake8-variables-names/flake8_variables_names/checker.py",
  "lineno": "14",
  "column": "4",
  "slicing": "['    version = version\\n']",
  "context": "sChecker:\n    name = 'flake8-variables-names'\n    version = version\n\n    use_strict_mode = False\n\n    _variable_names_",
  "context_lines": "from flake8_variables_names.ast_helpers import extract_all_variable_names\n\nErrorTuple = Tuple[int, int, str, type]\n\n\nclass VariableNamesChecker:\n    name = 'flake8-variables-names'\n    version = version\n\n    use_strict_mode = False\n\n    _variable_names_blacklist = [\n        # from https://github.com/wemake-services/wemake-python-styleguide/\n"
 },
 "72": {
  "name": "buildin_names",
  "type": "dir",
  "class": "imported",
  "approach": "annotation",
  "file_path": "flake8-variables-names/flake8_variables_names/checker.py",
  "lineno": "93",
  "column": "8",
  "slicing": "['ErrorTuple = Tuple[int, int, str, type]\\n', '    version = version\\n', '    def run(self) -> Generator[ErrorTuple, None, None]:\\n', '        variables_names = extract_all_variable_names(self.tree)\\n', '        for var_name, var_name_ast_node in variables_names:\\n', '            errors = self.get_varname_errors(var_name, var_name_ast_node)\\n', '            for error in errors:\\n', '                yield (*error, type(self))\\n', '        errors = []\\n', '        buildin_names = dir(builtins)\\n', '            len(var_name) == 1\\n', '            and var_name not in self.single_letter_names_whitelist\\n', '            errors.append((\\n', '                \"VNE001 single letter variable names like \\'{0}\\' are not allowed\".format(var_name),\\n', '        if var_name in self.variable_names_blacklist:\\n', '            errors.append((\\n', '                \"VNE002 variable name \\'{0}\\' should be clarified\".format(var_name),\\n', '        if var_name in buildin_names:\\n', '            errors.append((\\n', '        return errors\\n']",
  "context": "uple[int, int, str]]:\n        errors = []\n        buildin_names = dir(builtins)\n        if (\n            len(var_name) == 1\n      ",
  "context_lines": "            for error in errors:\n                yield (*error, type(self))\n\n    def get_varname_errors(self, var_name: str, var_ast_node) -> List[Tuple[int, int, str]]:\n        errors = []\n        buildin_names = dir(builtins)\n        if (\n            len(var_name) == 1\n            and var_name not in self.single_letter_names_whitelist\n        ):\n"
 },
 "73": {
  "name": "result",
  "type": "None",
  "class": "imported",
  "approach": "annotation",
  "file_path": "flake8-variables-names/tests/test_files/blacklisted_names.py",
  "lineno": "2",
  "column": "0",
  "slicing": "['result = None\\n']",
  "context": "value = 1\nresult = None\n",
  "context_lines": "value = 1\nresult = None\n"
 }
}