{
 "1": {
  "name": "package_name",
  "type": "str",
  "class": "build-in",
  "approach": "Pysonar2",
  "file_path": "flake8-class-attributes-order/setup.py",
  "lineno": "6",
  "column": "0",
  "context": "al\n\nfrom setuptools import setup, find_packages\n\n\npackage_name = 'flake8_class_attributes_order'\n\n\ndef get_version() -> Optional[str]:\n    with ope",
  "context_lines": "from typing import Optional\n\nfrom setuptools import setup, find_packages\n\n\npackage_name = 'flake8_class_attributes_order'\n\n\ndef get_version() -> Optional[str]:\n    with open('flake8_class_attributes_order/__init__.py', 'r') as f:\n        lines = f.readlines()\n",
  "slicing": [
   "package_name = 'flake8_class_attributes_order'\n",
   "    name=package_name,\n",
   "    py_modules=[package_name],\n"
  ]
 },
 "2": {
  "name": "lines",
  "type": "list",
  "class": "build-in",
  "approach": "Pysonar2",
  "file_path": "flake8-class-attributes-order/setup.py",
  "lineno": "11",
  "column": "8",
  "context": "attributes_order/__init__.py', 'r') as f:\n        lines = f.readlines()\n    for line in lines:\n        if line.startswith(",
  "context_lines": "from setuptools import setup, find_packages\n\n\npackage_name = 'flake8_class_attributes_order'\n\n\ndef get_version() -> Optional[str]:\n    with open('flake8_class_attributes_order/__init__.py', 'r') as f:\n        lines = f.readlines()\n    for line in lines:\n        if line.startswith('__version__'):\n            return line.split('=')[-1].strip().strip(\"'\")\n\n\ndef get_long_description() -> str:\n",
  "slicing": [
   "        lines = f.readlines()\n",
   "    for line in lines:\n",
   "        if line.startswith('__version__'):\n",
   "            return line.split('=')[-1].strip().strip(\"'\")\n"
  ]
 },
 "3": {
  "name": "errors",
  "type": "conftest.run_validator_for_test_file",
  "class": "imported",
  "approach": "annotation",
  "file_path": "flake8-class-attributes-order/tests/test_class_attributes_order.py",
  "lineno": "7",
  "column": "4",
  "context": "\ndef test_file_with_improper_default_order():\n    errors = run_validator_for_test_file('errored.py')\n    assert len(errors) == 4\n\n\ndef test_async_def_n",
  "context_lines": "import warnings\n\nfrom conftest import run_validator_for_test_file\n\n\ndef test_file_with_improper_default_order():\n    errors = run_validator_for_test_file('errored.py')\n    assert len(errors) == 4\n\n\ndef test_async_def_not_breaks_validator():\n    assert not run_validator_for_test_file('async_def.py')\n\n\ndef test_ok_cases_produces_no_errors():\n",
  "slicing": [
   "    errors = run_validator_for_test_file('errored.py')\n",
   "    assert len(errors) == 4\n",
   "    assert len(errors) == 2\n",
   "    assert len(errors) == 2\n",
   "    assert len(errors) == 1\n",
   "    assert len(errors) == 1\n",
   "    assert len(errors) == 1\n",
   "    assert len(errors) == 6\n",
   "    assert errors[0][2] == 'CCE001 A.foo should be after A.__new__'\n",
   "    assert errors[1][2] == 'CCE001 B.foo should be after B.__init__'\n",
   "    assert errors[2][2] == 'CCE001 C.foo should be after C.__post_init__'\n",
   "    assert errors[3][2] == 'CCE001 D.foo should be after D.__str__'\n",
   "    assert errors[4][2] == 'CCE001 E.foo should be after E.save'\n",
   "    assert errors[5][2] == 'CCE001 F.foo should be after F.delete'\n"
  ]
 },
 "4": {
  "name": "errors",
  "type": "conftest.run_validator_for_test_file",
  "class": "imported",
  "approach": "annotation",
  "file_path": "flake8-class-attributes-order/tests/test_class_attributes_order.py",
  "lineno": "20",
  "column": "4",
  "context": "py')\n\n\ndef test_strict_mode_improper_order():\n    errors = run_validator_for_test_file(\n        'strict_errored.py', strict_mode=True)\n   ",
  "context_lines": "    assert not run_validator_for_test_file('async_def.py')\n\n\ndef test_ok_cases_produces_no_errors():\n    assert not run_validator_for_test_file('ok.py')\n\n\ndef test_strict_mode_improper_order():\n    errors = run_validator_for_test_file(\n        'strict_errored.py', strict_mode=True)\n    assert len(errors) == 2\n\n\ndef test_strict_mode_no_errors():\n    assert not run_validator_for_test_file(\n",
  "slicing": [
   "    errors = run_validator_for_test_file(\n",
   "    assert len(errors) == 2\n",
   "    assert len(errors) == 2\n",
   "    assert len(errors) == 1\n",
   "    assert len(errors) == 1\n",
   "    assert len(errors) == 1\n",
   "    assert len(errors) == 6\n",
   "    assert errors[0][2] == 'CCE001 A.foo should be after A.__new__'\n",
   "    assert errors[1][2] == 'CCE001 B.foo should be after B.__init__'\n",
   "    assert errors[2][2] == 'CCE001 C.foo should be after C.__post_init__'\n",
   "    assert errors[3][2] == 'CCE001 D.foo should be after D.__str__'\n",
   "    assert errors[4][2] == 'CCE001 E.foo should be after E.save'\n",
   "    assert errors[5][2] == 'CCE001 F.foo should be after F.delete'\n"
  ]
 },
 "5": {
  "name": "errors",
  "type": "conftest.run_validator_for_test_file",
  "class": "imported",
  "approach": "annotation",
  "file_path": "flake8-class-attributes-order/tests/test_class_attributes_order.py",
  "lineno": "47",
  "column": "4",
  "context": "\n\n\ndef test_configurable_order_wrong_order():\n    errors = run_validator_for_test_file(\n        'configurable.py',\n        attributes_orde",
  "context_lines": "            '__str__',\n        ],\n    )\n\n\ndef test_configurable_order_wrong_order():\n    errors = run_validator_for_test_file(\n        'configurable.py',\n        attributes_order=[\n            'field',\n            'constant',\n",
  "slicing": [
   "    errors = run_validator_for_test_file(\n",
   "    assert len(errors) == 2\n",
   "    assert len(errors) == 1\n",
   "    assert len(errors) == 1\n",
   "    assert len(errors) == 1\n",
   "    assert len(errors) == 6\n",
   "    assert errors[0][2] == 'CCE001 A.foo should be after A.__new__'\n",
   "    assert errors[1][2] == 'CCE001 B.foo should be after B.__init__'\n",
   "    assert errors[2][2] == 'CCE001 C.foo should be after C.__post_init__'\n",
   "    assert errors[3][2] == 'CCE001 D.foo should be after D.__str__'\n",
   "    assert errors[4][2] == 'CCE001 E.foo should be after E.save'\n",
   "    assert errors[5][2] == 'CCE001 F.foo should be after F.delete'\n"
  ]
 },
 "6": {
  "name": "errors",
  "type": "conftest.run_validator_for_test_file",
  "class": "imported",
  "approach": "annotation",
  "file_path": "flake8-class-attributes-order/tests/test_class_attributes_order.py",
  "lineno": "69",
  "column": "4",
  "context": "er=['field', 'nested_class', 'method'],\n    )\n    errors = run_validator_for_test_file(\n        'configurable.py',\n        attributes_orde",
  "context_lines": "    assert not run_validator_for_test_file(\n        'configurable.py',\n        attributes_order=['field', 'nested_class', 'method'],\n    )\n    errors = run_validator_for_test_file(\n        'configurable.py',\n        attributes_order=['nested_class', 'field', 'method'],\n    )\n    assert len(errors) == 1\n\n\n",
  "slicing": [
   "    errors = run_validator_for_test_file(\n",
   "    assert len(errors) == 1\n",
   "    assert len(errors) == 1\n",
   "    assert len(errors) == 1\n",
   "    assert len(errors) == 6\n",
   "    assert errors[0][2] == 'CCE001 A.foo should be after A.__new__'\n",
   "    assert errors[1][2] == 'CCE001 B.foo should be after B.__init__'\n",
   "    assert errors[2][2] == 'CCE001 C.foo should be after C.__post_init__'\n",
   "    assert errors[3][2] == 'CCE001 D.foo should be after D.__str__'\n",
   "    assert errors[4][2] == 'CCE001 E.foo should be after E.save'\n",
   "    assert errors[5][2] == 'CCE001 F.foo should be after F.delete'\n"
  ]
 },
 "7": {
  "name": "errors",
  "type": "conftest.run_validator_for_test_file",
  "class": "imported",
  "approach": "annotation",
  "file_path": "flake8-class-attributes-order/tests/test_class_attributes_order.py",
  "lineno": "77",
  "column": "4",
  "context": "ribute_and_subattributes_if_not_configured():\n    errors = run_validator_for_test_file(\n        'configurable.py',\n        attributes_orde",
  "context_lines": "        attributes_order=['nested_class', 'field', 'method'],\n    )\n    assert len(errors) == 1\n\n\ndef test_ignore_base_attribute_and_subattributes_if_not_configured():\n    errors = run_validator_for_test_file(\n        'configurable.py',\n        attributes_order=['property_method', 'private_property_method'],\n    )\n    assert len(errors) == 1\n\n\n",
  "slicing": [
   "    errors = run_validator_for_test_file(\n",
   "    assert len(errors) == 1\n",
   "    assert len(errors) == 1\n",
   "    assert len(errors) == 6\n",
   "    assert errors[0][2] == 'CCE001 A.foo should be after A.__new__'\n",
   "    assert errors[1][2] == 'CCE001 B.foo should be after B.__init__'\n",
   "    assert errors[2][2] == 'CCE001 C.foo should be after C.__post_init__'\n",
   "    assert errors[3][2] == 'CCE001 D.foo should be after D.__str__'\n",
   "    assert errors[4][2] == 'CCE001 E.foo should be after E.save'\n",
   "    assert errors[5][2] == 'CCE001 F.foo should be after F.delete'\n"
  ]
 },
 "8": {
  "name": "errors",
  "type": "conftest.run_validator_for_test_file",
  "class": "imported",
  "approach": "annotation",
  "file_path": "flake8-class-attributes-order/tests/test_class_attributes_order.py",
  "lineno": "85",
  "column": "4",
  "context": "\n\ndef test_always_require_fixed_attributes():\n    errors = run_validator_for_test_file(\n        'late_docstring.py',\n        attributes_or",
  "context_lines": "        attributes_order=['property_method', 'private_property_method'],\n    )\n    assert len(errors) == 1\n\n\ndef test_always_require_fixed_attributes():\n    errors = run_validator_for_test_file(\n        'late_docstring.py',\n        attributes_order=['field', 'method'],\n    )\n    assert len(errors) == 1\n\n\n",
  "slicing": [
   "    errors = run_validator_for_test_file(\n",
   "    assert len(errors) == 1\n",
   "    assert len(errors) == 6\n",
   "    assert errors[0][2] == 'CCE001 A.foo should be after A.__new__'\n",
   "    assert errors[1][2] == 'CCE001 B.foo should be after B.__init__'\n",
   "    assert errors[2][2] == 'CCE001 C.foo should be after C.__post_init__'\n",
   "    assert errors[3][2] == 'CCE001 D.foo should be after D.__str__'\n",
   "    assert errors[4][2] == 'CCE001 E.foo should be after E.save'\n",
   "    assert errors[5][2] == 'CCE001 F.foo should be after F.delete'\n"
  ]
 },
 "9": {
  "name": "errors",
  "type": "conftest.run_validator_for_test_file",
  "class": "imported",
  "approach": "annotation",
  "file_path": "flake8-class-attributes-order/tests/test_class_attributes_order.py",
  "lineno": "100",
  "column": "4",
  "context": " assert len(w) == 1\n\n\ndef test_save_delete():\n    errors = run_validator_for_test_file(\n        'special_method.py',\n    )\n    assert len(",
  "context_lines": "        run_validator_for_test_file(\n            'ok.py', strict_mode=True, attributes_order=['nested_class', 'field', 'method'])\n        assert len(w) == 1\n\n\ndef test_save_delete():\n    errors = run_validator_for_test_file(\n        'special_method.py',\n    )\n    assert len(errors) == 6\n    assert errors[0][2] == 'CCE001 A.foo should be after A.__new__'\n",
  "slicing": [
   "    errors = run_validator_for_test_file(\n",
   "    assert len(errors) == 6\n",
   "    assert errors[0][2] == 'CCE001 A.foo should be after A.__new__'\n",
   "    assert errors[1][2] == 'CCE001 B.foo should be after B.__init__'\n",
   "    assert errors[2][2] == 'CCE001 C.foo should be after C.__post_init__'\n",
   "    assert errors[3][2] == 'CCE001 D.foo should be after D.__str__'\n",
   "    assert errors[4][2] == 'CCE001 E.foo should be after E.save'\n",
   "    assert errors[5][2] == 'CCE001 F.foo should be after F.delete'\n"
  ]
 },
 "10": {
  "name": "test_file_path",
  "type": "str",
  "class": "build-in",
  "approach": "Pysonar2",
  "file_path": "flake8-class-attributes-order/tests/conftest.py",
  "lineno": "11",
  "column": "4",
  "context": "   strict_mode=False, attributes_order=None):\n    test_file_path = os.path.join(\n        os.path.dirname(os.path.abspath(__file__))",
  "context_lines": "from flake8.options.manager import OptionManager\n\nfrom flake8_class_attributes_order.checker import ClassAttributesOrderChecker\n\n\ndef run_validator_for_test_file(filename, max_annotations_complexity=None,\n                                strict_mode=False, attributes_order=None):\n    test_file_path = os.path.join(\n        os.path.dirname(os.path.abspath(__file__)),\n        'test_files',\n        filename,\n    )\n",
  "slicing": [
   "    test_file_path = os.path.join(\n",
   "    with open(test_file_path, 'r') as file_handler:\n"
  ]
 },
 "11": {
  "name": "raw_content",
  "type": "str",
  "class": "build-in",
  "approach": "Pysonar2",
  "file_path": "flake8-class-attributes-order/tests/conftest.py",
  "lineno": "17",
  "column": "8",
  "context": "pen(test_file_path, 'r') as file_handler:\n        raw_content = file_handler.read()\n    tree = ast.parse(raw_content)\n\n    options = O",
  "context_lines": "        'test_files',\n        filename,\n    )\n    with open(test_file_path, 'r') as file_handler:\n        raw_content = file_handler.read()\n    tree = ast.parse(raw_content)\n\n    options = OptionManager()\n    options.use_class_attributes_order_strict_mode = strict_mode\n    options.class_attributes_order = attributes_order\n",
  "slicing": [
   "        raw_content = file_handler.read()\n",
   "    tree = ast.parse(raw_content)\n",
   "    checker = ClassAttributesOrderChecker(tree=tree, filename=filename)\n",
   "        checker.max_annotations_complexity = max_annotations_complexity\n",
   "    return list(checker.run())\n"
  ]
 },
 "12": {
  "name": "tree",
  "type": "UNKNOWN",
  "class": "unknown",
  "approach": "Pysonar2",
  "file_path": "flake8-class-attributes-order/tests/conftest.py",
  "lineno": "18",
  "column": "4",
  "context": "er:\n        raw_content = file_handler.read()\n    tree = ast.parse(raw_content)\n\n    options = OptionManager()\n    options.use_cla",
  "context_lines": "        filename,\n    )\n    with open(test_file_path, 'r') as file_handler:\n        raw_content = file_handler.read()\n    tree = ast.parse(raw_content)\n\n    options = OptionManager()\n    options.use_class_attributes_order_strict_mode = strict_mode\n    options.class_attributes_order = attributes_order\n",
  "slicing": [
   "    tree = ast.parse(raw_content)\n",
   "    checker = ClassAttributesOrderChecker(tree=tree, filename=filename)\n",
   "        checker.max_annotations_complexity = max_annotations_complexity\n",
   "    return list(checker.run())\n"
  ]
 },
 "13": {
  "name": "options",
  "type": "flake8.options.manager.OptionManager",
  "class": "imported",
  "approach": "annotation",
  "file_path": "flake8-class-attributes-order/tests/conftest.py",
  "lineno": "20",
  "column": "4",
  "context": "ler.read()\n    tree = ast.parse(raw_content)\n\n    options = OptionManager()\n    options.use_class_attributes_order_strict_mode",
  "context_lines": "    )\n    with open(test_file_path, 'r') as file_handler:\n        raw_content = file_handler.read()\n    tree = ast.parse(raw_content)\n\n    options = OptionManager()\n    options.use_class_attributes_order_strict_mode = strict_mode\n    options.class_attributes_order = attributes_order\n    ClassAttributesOrderChecker.parse_options(options)\n\n    checker = ClassAttributesOrderChecker(tree=tree, filename=filename)\n",
  "slicing": [
   "    options = OptionManager()\n",
   "    options.use_class_attributes_order_strict_mode = strict_mode\n",
   "    options.class_attributes_order = attributes_order\n",
   "    ClassAttributesOrderChecker.parse_options(options)\n"
  ]
 },
 "14": {
  "name": "checker",
  "type": "flake8_class_attributes_order.checker.ClassAttributesOrderChecker",
  "class": "customized",
  "approach": "annotation",
  "file_path": "flake8-class-attributes-order/tests/conftest.py",
  "lineno": "25",
  "column": "4",
  "context": "ttributesOrderChecker.parse_options(options)\n\n    checker = ClassAttributesOrderChecker(tree=tree, filename=filename)\n    if max_annotations_complexity:\n        checker",
  "context_lines": "    options = OptionManager()\n    options.use_class_attributes_order_strict_mode = strict_mode\n    options.class_attributes_order = attributes_order\n    ClassAttributesOrderChecker.parse_options(options)\n\n    checker = ClassAttributesOrderChecker(tree=tree, filename=filename)\n    if max_annotations_complexity:\n        checker.max_annotations_complexity = max_annotations_complexity\n\n",
  "slicing": [
   "    checker = ClassAttributesOrderChecker(tree=tree, filename=filename)\n",
   "        checker.max_annotations_complexity = max_annotations_complexity\n",
   "    return list(checker.run())\n"
  ]
 },
 "15": {
  "name": "CONSTANT",
  "type": "int",
  "class": "build-in",
  "approach": "Pysonar2",
  "file_path": "flake8-class-attributes-order/tests/test_files/configurable.py",
  "lineno": "4",
  "column": "4",
  "context": "\n\nclass Foo:\n    CONSTANT = 42\n\n    field = 17\n\n    class Meta:\n        a = 3\n\n  ",
  "context_lines": "\n\nclass Foo:\n    CONSTANT = 42\n\n    field = 17\n\n    class Meta:\n        a = 3\n\n",
  "slicing": "    CONSTANT = 42\n"
 },
 "16": {
  "name": "field",
  "type": "int",
  "class": "build-in",
  "approach": "Pysonar2",
  "file_path": "flake8-class-attributes-order/tests/test_files/configurable.py",
  "lineno": "6",
  "column": "4",
  "context": "\n\nclass Foo:\n    CONSTANT = 42\n\n    field = 17\n\n    class Meta:\n        a = 3\n\n    def __init__(s",
  "context_lines": "\n\nclass Foo:\n    CONSTANT = 42\n\n    field = 17\n\n    class Meta:\n        a = 3\n\n    def __init__(self):\n",
  "slicing": "    field = 17\n"
 },
 "17": {
  "name": "a",
  "type": "int",
  "class": "build-in",
  "approach": "Pysonar2",
  "file_path": "flake8-class-attributes-order/tests/test_files/configurable.py",
  "lineno": "9",
  "column": "8",
  "context": "ANT = 42\n\n    field = 17\n\n    class Meta:\n        a = 3\n\n    def __init__(self):\n        ...\n\n    @propert",
  "context_lines": "class Foo:\n    CONSTANT = 42\n\n    field = 17\n\n    class Meta:\n        a = 3\n\n    def __init__(self):\n        ...\n\n    @property\n",
  "slicing": "        a = 3\n"
 },
 "18": {
  "name": "CONSTANT",
  "type": "int",
  "class": "build-in",
  "approach": "Pysonar2",
  "file_path": "flake8-class-attributes-order/tests/test_files/late_docstring.py",
  "lineno": "3",
  "column": "4",
  "context": "\nclass Foo:\n    CONSTANT = 42\n\n    def bar():\n        ...\n\n    \"\"\"Oh, really?\"\"\"",
  "context_lines": "\nclass Foo:\n    CONSTANT = 42\n\n    def bar():\n        ...\n\n",
  "slicing": "    CONSTANT = 42\n"
 },
 "19": {
  "name": "a",
  "type": "int",
  "class": "build-in",
  "approach": "Pysonar2",
  "file_path": "flake8-class-attributes-order/tests/test_files/strict_ok.py",
  "lineno": "6",
  "column": "8",
  "context": "\n\nclass Foo:\n\n    class Meta:\n        a = 3\n\n    CONSTANT = True\n\n    def __init__():\n        ",
  "context_lines": "\n\nclass Foo:\n\n    class Meta:\n        a = 3\n\n    CONSTANT = True\n\n    def __init__():\n        ...\n\n",
  "slicing": "        a = 3\n"
 },
 "20": {
  "name": "CONSTANT",
  "type": "bool",
  "class": "build-in",
  "approach": "annotation",
  "file_path": "flake8-class-attributes-order/tests/test_files/strict_ok.py",
  "lineno": "8",
  "column": "4",
  "context": "\n\nclass Foo:\n\n    class Meta:\n        a = 3\n\n    CONSTANT = True\n\n    def __init__():\n        ...\n\n    @property\n  ",
  "context_lines": "\n\nclass Foo:\n\n    class Meta:\n        a = 3\n\n    CONSTANT = True\n\n    def __init__():\n        ...\n\n    @property\n",
  "slicing": "    CONSTANT = True\n"
 },
 "21": {
  "name": "DEBUG",
  "type": "bool",
  "class": "build-in",
  "approach": "annotation",
  "file_path": "flake8-class-attributes-order/tests/test_files/errored.py",
  "lineno": "1",
  "column": "0",
  "context": "DEBUG = True\n\n\ndef bar():\n    pass\n\n\ndef foobar():\n    return 1",
  "context_lines": "DEBUG = True\n\n\ndef bar():\n    pass\n\n\ndef foobar():\n",
  "slicing": [
   "DEBUG = True\n",
   "    if DEBUG:  # not great idea at all\n"
  ]
 },
 "22": {
  "name": "var1",
  "type": "UNKNOWN",
  "class": "unknown",
  "approach": "annotation",
  "file_path": "flake8-class-attributes-order/tests/test_files/errored.py",
  "lineno": "14",
  "column": "4",
  "context": "bar():\n    return 1, 2\n\n\nclass Foo:\n    bar()\n    var1, var2 = foobar()\n\n\nclass User:\n    def fetch_info_from_crm(self):\n ",
  "context_lines": "def foobar():\n    return 1, 2\n\n\nclass Foo:\n    bar()\n    var1, var2 = foobar()\n\n\nclass User:\n    def fetch_info_from_crm(self):\n        pass\n\n",
  "slicing": "    var1, var2 = foobar()\n"
 },
 "23": {
  "name": "var2",
  "type": "UNKNOWN",
  "class": "unknown",
  "approach": "annotation",
  "file_path": "flake8-class-attributes-order/tests/test_files/errored.py",
  "lineno": "14",
  "column": "10",
  "context": "\n    return 1, 2\n\n\nclass Foo:\n    bar()\n    var1, var2 = foobar()\n\n\nclass User:\n    def fetch_info_from_crm(self):\n ",
  "context_lines": "def foobar():\n    return 1, 2\n\n\nclass Foo:\n    bar()\n    var1, var2 = foobar()\n\n\nclass User:\n    def fetch_info_from_crm(self):\n        pass\n\n",
  "slicing": "    var1, var2 = foobar()\n"
 },
 "24": {
  "name": "LOGIN_FIELD",
  "type": "str",
  "class": "build-in",
  "approach": "Pysonar2",
  "file_path": "flake8-class-attributes-order/tests/test_files/errored.py",
  "lineno": "21",
  "column": "4",
  "context": " def fetch_info_from_crm(self):\n        pass\n\n    LOGIN_FIELD = 'email'  # wtf? this should on top of class definition!\n\n\nclass UserNode:\n    class Meta:\n        model = ",
  "context_lines": "    var1, var2 = foobar()\n\n\nclass User:\n    def fetch_info_from_crm(self):\n        pass\n\n    LOGIN_FIELD = 'email'  # wtf? this should on top of class definition!\n\n\nclass UserNode:\n    class Meta:\n        model = User\n\n",
  "slicing": "    LOGIN_FIELD = 'email'  # wtf? this should on top of class definition!\n"
 },
 "25": {
  "name": "model",
  "type": "User",
  "class": "customized",
  "approach": "annotation",
  "file_path": "flake8-class-attributes-order/tests/test_files/errored.py",
  "lineno": "26",
  "column": "8",
  "context": "nition!\n\n\nclass UserNode:\n    class Meta:\n        model = User\n\n    if DEBUG:  # not great idea at all\n        de",
  "context_lines": "        pass\n\n    LOGIN_FIELD = 'email'  # wtf? this should on top of class definition!\n\n\nclass UserNode:\n    class Meta:\n        model = User\n\n    if DEBUG:  # not great idea at all\n        def is_synced_with_crm(self):\n",
  "slicing": "        model = User\n"
 },
 "26": {
  "name": "CONSTANT",
  "type": "bool",
  "class": "build-in",
  "approach": "annotation",
  "file_path": "flake8-class-attributes-order/tests/test_files/strict_errored.py",
  "lineno": "4",
  "column": "4",
  "context": "\n\nclass Foo:\n    CONSTANT = True\n\n    @property\n    def _bar(self):\n        ...\n\n  ",
  "context_lines": "\n\nclass Foo:\n    CONSTANT = True\n\n    @property\n    def _bar(self):\n        ...\n\n",
  "slicing": "    CONSTANT = 42\n"
 },
 "27": {
  "name": "__version__",
  "type": "str",
  "class": "build-in",
  "approach": "Pysonar2",
  "file_path": "flake8-class-attributes-order/flake8_class_attributes_order/__init__.py",
  "lineno": "1",
  "column": "0",
  "context": "__version__ = '0.1.1'\n",
  "context_lines": "__version__ = '0.1.1'\n",
  "slicing": "__version__ = '0.1.1'\n"
 },
 "28": {
  "name": "name",
  "type": "str",
  "class": "build-in",
  "approach": "Pysonar2",
  "file_path": "flake8-class-attributes-order/flake8_class_attributes_order/checker.py",
  "lineno": "12",
  "column": "4",
  "context": "_errors\n\n\nclass ClassAttributesOrderChecker:\n\n    name = 'flake8-class-attributes-order'\n    version = version\n    options = None\n\n    def ",
  "context_lines": "from flake8_class_attributes_order.node_type_weights import get_node_weights\nfrom flake8_class_attributes_order.model_parts_info import get_model_parts_info\nfrom flake8_class_attributes_order.ordering_errors import get_ordering_errors\n\n\nclass ClassAttributesOrderChecker:\n\n    name = 'flake8-class-attributes-order'\n    version = version\n    options = None\n\n    def __init__(self, tree, filename: str):\n        self.filename = filename\n",
  "slicing": "    name = 'flake8-class-attributes-order'\n"
 },
 "29": {
  "name": "version",
  "type": "UNKNOWN",
  "class": "unknown",
  "approach": "annotation",
  "file_path": "flake8-class-attributes-order/flake8_class_attributes_order/checker.py",
  "lineno": "13",
  "column": "4",
  "context": ":\n\n    name = 'flake8-class-attributes-order'\n    version = version\n    options = None\n\n    def __init__(self, tree, f",
  "context_lines": "from flake8_class_attributes_order.model_parts_info import get_model_parts_info\nfrom flake8_class_attributes_order.ordering_errors import get_ordering_errors\n\n\nclass ClassAttributesOrderChecker:\n\n    name = 'flake8-class-attributes-order'\n    version = version\n    options = None\n\n    def __init__(self, tree, filename: str):\n        self.filename = filename\n        self.tree = tree\n\n",
  "slicing": [
   "    version = version\n"
  ]
 },
 "30": {
  "name": "options",
  "type": "UNKNOWN",
  "class": "unknown",
  "approach": "annotation",
  "file_path": "flake8-class-attributes-order/flake8_class_attributes_order/checker.py",
  "lineno": "14",
  "column": "4",
  "context": "class-attributes-order'\n    version = version\n    options = None\n\n    def __init__(self, tree, filename: str):\n    ",
  "context_lines": "from flake8_class_attributes_order.ordering_errors import get_ordering_errors\n\n\nclass ClassAttributesOrderChecker:\n\n    name = 'flake8-class-attributes-order'\n    version = version\n    options = None\n\n    def __init__(self, tree, filename: str):\n        self.filename = filename\n        self.tree = tree\n\n",
  "slicing": [
   "    options = None\n",
   "        cls.options = options\n"
  ]
 },
 "31": {
  "name": "weight_info",
  "type": "flake8_class_attributes_order.node_type_weights.get_node_weights",
  "class": "imported",
  "approach": "annotation",
  "file_path": "flake8-class-attributes-order/flake8_class_attributes_order/checker.py",
  "lineno": "41",
  "column": "8",
  "context": "[Tuple[int, int, str, type], None, None]:\n        weight_info = get_node_weights(self.options)\n        classes = [n for n in ast.walk(self.tree) ",
  "context_lines": "    @classmethod\n    def parse_options(cls, options: str) -> None:\n        cls.options = options\n\n    def run(self) -> Generator[Tuple[int, int, str, type], None, None]:\n        weight_info = get_node_weights(self.options)\n        classes = [n for n in ast.walk(self.tree) if isinstance(n, ast.ClassDef)]\n        errors: List[Tuple[int, int, str]] = []\n\n        for class_def in classes:\n            model_parts_info = get_model_parts_info(class_def, weight_info)\n",
  "slicing": [
   "        weight_info = get_node_weights(self.options)\n",
   "            model_parts_info = get_model_parts_info(class_def, weight_info)\n",
   "            errors += get_ordering_errors(model_parts_info)\n",
   "        for lineno, col_offset, error_msg in errors:\n",
   "            yield lineno, col_offset, error_msg, type(self)\n"
  ]
 },
 "32": {
  "name": "classes",
  "type": "list",
  "class": "build-in",
  "approach": "annotation",
  "file_path": "flake8-class-attributes-order/flake8_class_attributes_order/checker.py",
  "lineno": "42",
  "column": "8",
  "context": "ght_info = get_node_weights(self.options)\n        classes = [n for n in ast.walk(self.tree) if isinstance(n, ast.ClassDef)]\n        errors: List[Tuple[int, int, str]] = []\n\n ",
  "context_lines": "    def parse_options(cls, options: str) -> None:\n        cls.options = options\n\n    def run(self) -> Generator[Tuple[int, int, str, type], None, None]:\n        weight_info = get_node_weights(self.options)\n        classes = [n for n in ast.walk(self.tree) if isinstance(n, ast.ClassDef)]\n        errors: List[Tuple[int, int, str]] = []\n\n        for class_def in classes:\n            model_parts_info = get_model_parts_info(class_def, weight_info)\n            errors += get_ordering_errors(model_parts_info)\n\n",
  "slicing": [
   "        classes = [n for n in ast.walk(self.tree) if isinstance(n, ast.ClassDef)]\n",
   "        for class_def in classes:\n",
   "            model_parts_info = get_model_parts_info(class_def, weight_info)\n",
   "            errors += get_ordering_errors(model_parts_info)\n",
   "        for lineno, col_offset, error_msg in errors:\n",
   "            yield lineno, col_offset, error_msg, type(self)\n"
  ]
 },
 "33": {
  "name": "errors",
  "type": "dict",
  "class": "build-in",
  "approach": "annotation",
  "file_path": "flake8-class-attributes-order/flake8_class_attributes_order/checker.py",
  "lineno": "43",
  "column": "8",
  "context": "elf.tree) if isinstance(n, ast.ClassDef)]\n        errors: List[Tuple[int, int, str]] = []\n\n        for class_def in classes:\n            mod",
  "context_lines": "        cls.options = options\n\n    def run(self) -> Generator[Tuple[int, int, str, type], None, None]:\n        weight_info = get_node_weights(self.options)\n        classes = [n for n in ast.walk(self.tree) if isinstance(n, ast.ClassDef)]\n        errors: List[Tuple[int, int, str]] = []\n\n        for class_def in classes:\n            model_parts_info = get_model_parts_info(class_def, weight_info)\n            errors += get_ordering_errors(model_parts_info)\n\n",
  "slicing": [
   "        errors: List[Tuple[int, int, str]] = []\n",
   "        for lineno, col_offset, error_msg in errors:\n",
   "            yield lineno, col_offset, error_msg, type(self)\n"
  ]
 },
 "34": {
  "name": "model_parts_info",
  "type": "flake8_class_attributes_order.model_parts_info.get_model_parts_info",
  "class": "imported",
  "approach": "annotation",
  "file_path": "flake8-class-attributes-order/flake8_class_attributes_order/checker.py",
  "lineno": "46",
  "column": "12",
  "context": "[]\n\n        for class_def in classes:\n            model_parts_info = get_model_parts_info(class_def, weight_info)\n            errors += get_ordering_errors(model_pa",
  "context_lines": "        weight_info = get_node_weights(self.options)\n        classes = [n for n in ast.walk(self.tree) if isinstance(n, ast.ClassDef)]\n        errors: List[Tuple[int, int, str]] = []\n\n        for class_def in classes:\n            model_parts_info = get_model_parts_info(class_def, weight_info)\n            errors += get_ordering_errors(model_parts_info)\n\n        for lineno, col_offset, error_msg in errors:\n",
  "slicing": [
   "            model_parts_info = get_model_parts_info(class_def, weight_info)\n",
   "            errors += get_ordering_errors(model_parts_info)\n",
   "        for lineno, col_offset, error_msg in errors:\n",
   "            yield lineno, col_offset, error_msg, type(self)\n"
  ]
 },
 "35": {
  "name": "errors",
  "type": "flake8_class_attributes_order.ordering_errors.get_ordering_errors",
  "class": "imported",
  "approach": "annotation",
  "file_path": "flake8-class-attributes-order/flake8_class_attributes_order/checker.py",
  "lineno": "47",
  "column": "12",
  "context": "el_parts_info(class_def, weight_info)\n            errors += get_ordering_errors(model_parts_info)\n\n        for lineno, col_offset, error_msg in erro",
  "context_lines": "        classes = [n for n in ast.walk(self.tree) if isinstance(n, ast.ClassDef)]\n        errors: List[Tuple[int, int, str]] = []\n\n        for class_def in classes:\n            model_parts_info = get_model_parts_info(class_def, weight_info)\n            errors += get_ordering_errors(model_parts_info)\n\n        for lineno, col_offset, error_msg in errors:\n",
  "slicing": [
   "            errors += get_ordering_errors(model_parts_info)\n",
   "        for lineno, col_offset, error_msg in errors:\n",
   "            yield lineno, col_offset, error_msg, type(self)\n"
  ]
 },
 "36": {
  "name": "NON_STRICT_NODE_TYPE_WEIGHTS",
  "type": "dict",
  "class": "build-in",
  "approach": "annotation",
  "file_path": "flake8-class-attributes-order/flake8_class_attributes_order/node_type_weights.py",
  "lineno": "7",
  "column": "0",
  "context": "pping, Dict\nfrom typing_extensions import Final\n\n\nNON_STRICT_NODE_TYPE_WEIGHTS: Final[Mapping[str, int]] = {\n    'docstring': 0,\n    'pass': 1,\n    'meta_class",
  "context_lines": "import warnings\n\nfrom typing import List, Mapping, Dict\nfrom typing_extensions import Final\n\n\nNON_STRICT_NODE_TYPE_WEIGHTS: Final[Mapping[str, int]] = {\n    'docstring': 0,\n    'pass': 1,\n    'meta_class': 2,\n    'nested_class': 3,\n\n",
  "slicing": [
   "NON_STRICT_NODE_TYPE_WEIGHTS: Final[Mapping[str, int]] = {\n",
   "    return NON_STRICT_NODE_TYPE_WEIGHTS\n"
  ]
 },
 "37": {
  "name": "STRICT_NODE_TYPE_WEIGHTS",
  "type": "dict",
  "class": "build-in",
  "approach": "annotation",
  "file_path": "flake8-class-attributes-order/flake8_class_attributes_order/node_type_weights.py",
  "lineno": "39",
  "column": "0",
  "context": " 'magic_method': 27,\n    'private_method': 27,\n}\n\nSTRICT_NODE_TYPE_WEIGHTS: Final[Mapping[str, int]] = {\n    'docstring': 0,\n    'pass': 1,\n    'meta_class",
  "context_lines": "    'method': 26,\n    'magic_method': 27,\n    'private_method': 27,\n}\n\nSTRICT_NODE_TYPE_WEIGHTS: Final[Mapping[str, int]] = {\n    'docstring': 0,\n    'pass': 1,\n    'meta_class': 2,\n    'nested_class': 3,\n\n",
  "slicing": [
   "STRICT_NODE_TYPE_WEIGHTS: Final[Mapping[str, int]] = {\n",
   "        return STRICT_NODE_TYPE_WEIGHTS\n"
  ]
 },
 "38": {
  "name": "FIXED_NODE_TYPE_WEIGHTS",
  "type": "dict",
  "class": "build-in",
  "approach": "annotation",
  "file_path": "flake8-class-attributes-order/flake8_class_attributes_order/node_type_weights.py",
  "lineno": "71",
  "column": "0",
  "context": " 'magic_method': 27,\n    'private_method': 28,\n}\n\nFIXED_NODE_TYPE_WEIGHTS: Final[Dict[str, int]] = {\n    'docstring': 0,\n    'pass': 1,\n    'expression",
  "context_lines": "    'method': 26,\n    'magic_method': 27,\n    'private_method': 28,\n}\n\nFIXED_NODE_TYPE_WEIGHTS: Final[Dict[str, int]] = {\n    'docstring': 0,\n    'pass': 1,\n    'expression': 2,\n    'if': 3,\n",
  "slicing": [
   "FIXED_NODE_TYPE_WEIGHTS: Final[Dict[str, int]] = {\n",
   "        node_type_weights = FIXED_NODE_TYPE_WEIGHTS.copy()\n",
   "                start=len(node_type_weights))\n",
   "                    node_type_weights[node_type] = node_to_configured_weight[node_type_or_supertype]\n",
   "        return node_type_weights\n"
  ]
 },
 "39": {
  "name": "CONFIGURABLE_NODE_TYPES",
  "type": "dict",
  "class": "build-in",
  "approach": "annotation",
  "file_path": "flake8-class-attributes-order/flake8_class_attributes_order/node_type_weights.py",
  "lineno": "78",
  "column": "0",
  "context": "  'pass': 1,\n    'expression': 2,\n    'if': 3,\n}\n\nCONFIGURABLE_NODE_TYPES: Final[Mapping[str, List[str]]] = {\n    'nested_class': ['nested_class'],\n    'meta_cl",
  "context_lines": "    'pass': 1,\n    'expression': 2,\n    'if': 3,\n}\n\nCONFIGURABLE_NODE_TYPES: Final[Mapping[str, List[str]]] = {\n    'nested_class': ['nested_class'],\n    'meta_class': ['meta_class', 'nested_class'],\n\n    'field': ['field'],\n    'constant': ['constant', 'field'],\n",
  "slicing": [
   "CONFIGURABLE_NODE_TYPES: Final[Mapping[str, List[str]]] = {\n",
   "        for node_type, node_type_path in CONFIGURABLE_NODE_TYPES.items():\n",
   "            for node_type_or_supertype in node_type_path:\n",
   "                if node_type_or_supertype in node_to_configured_weight:\n",
   "                    node_type_weights[node_type] = node_to_configured_weight[node_type_or_supertype]\n"
  ]
 },
 "40": {
  "name": "use_strict_mode",
  "type": "bool",
  "class": "build-in",
  "approach": "annotation",
  "file_path": "flake8-class-attributes-order/flake8_class_attributes_order/node_type_weights.py",
  "lineno": "108",
  "column": "4",
  "context": "e_weights(options=None) -> Mapping[str, int]:\n    use_strict_mode = bool(options.use_class_attributes_order_strict_mode)\n    class_attributes_order = options.class_attribu",
  "context_lines": "    'class_method': ['class_method', 'method'],\n    'private_class_method': ['private_class_method', 'class_method', 'method'],\n}\n\n\ndef get_node_weights(options=None) -> Mapping[str, int]:\n    use_strict_mode = bool(options.use_class_attributes_order_strict_mode)\n    class_attributes_order = options.class_attributes_order\n\n    if use_strict_mode and class_attributes_order:\n        warnings.warn(\n            'Both options that are exclusive provided: --use-class-attributes-order-strict-mode '\n",
  "slicing": [
   "    use_strict_mode = bool(options.use_class_attributes_order_strict_mode)\n",
   "    if use_strict_mode and class_attributes_order:\n",
   "    if use_strict_mode:\n"
  ]
 },
 "41": {
  "name": "class_attributes_order",
  "type": "UNKNOWN",
  "class": "unknown",
  "approach": "Pysonar2",
  "file_path": "flake8-class-attributes-order/flake8_class_attributes_order/node_type_weights.py",
  "lineno": "109",
  "column": "4",
  "context": "tions.use_class_attributes_order_strict_mode)\n    class_attributes_order = options.class_attributes_order\n\n    if use_strict_mode and class_attributes_order",
  "context_lines": "    'private_class_method': ['private_class_method', 'class_method', 'method'],\n}\n\n\ndef get_node_weights(options=None) -> Mapping[str, int]:\n    use_strict_mode = bool(options.use_class_attributes_order_strict_mode)\n    class_attributes_order = options.class_attributes_order\n\n    if use_strict_mode and class_attributes_order:\n        warnings.warn(\n            'Both options that are exclusive provided: --use-class-attributes-order-strict-mode '\n",
  "slicing": [
   "    class_attributes_order = options.class_attributes_order\n",
   "    if use_strict_mode and class_attributes_order:\n",
   "    if class_attributes_order:\n",
   "                class_attributes_order,\n"
  ]
 },
 "42": {
  "name": "node_type_weights",
  "type": "UNKNOWN",
  "class": "unknown",
  "approach": "Pysonar2",
  "file_path": "flake8-class-attributes-order/flake8_class_attributes_order/node_type_weights.py",
  "lineno": "120",
  "column": "8",
  "context": "        )\n\n    if class_attributes_order:\n        node_type_weights = FIXED_NODE_TYPE_WEIGHTS.copy()\n        node_to_configured_weight = {\n            ",
  "context_lines": "            'to check against.',\n            Warning,\n        )\n\n    if class_attributes_order:\n        node_type_weights = FIXED_NODE_TYPE_WEIGHTS.copy()\n        node_to_configured_weight = {\n            node_type: weight for weight, node_type in enumerate(\n                class_attributes_order,\n                start=len(node_type_weights))\n",
  "slicing": [
   "        node_type_weights = FIXED_NODE_TYPE_WEIGHTS.copy()\n",
   "                start=len(node_type_weights))\n",
   "                    node_type_weights[node_type] = node_to_configured_weight[node_type_or_supertype]\n",
   "        return node_type_weights\n"
  ]
 },
 "43": {
  "name": "node_to_configured_weight",
  "type": "dict",
  "class": "build-in",
  "approach": "annotation",
  "file_path": "flake8-class-attributes-order/flake8_class_attributes_order/node_type_weights.py",
  "lineno": "121",
  "column": "8",
  "context": "_weights = FIXED_NODE_TYPE_WEIGHTS.copy()\n        node_to_configured_weight = {\n            node_type: weight for weight, node_typ",
  "context_lines": "            Warning,\n        )\n\n    if class_attributes_order:\n        node_type_weights = FIXED_NODE_TYPE_WEIGHTS.copy()\n        node_to_configured_weight = {\n            node_type: weight for weight, node_type in enumerate(\n                class_attributes_order,\n                start=len(node_type_weights))\n        }\n\n",
  "slicing": [
   "        node_to_configured_weight = {\n",
   "                if node_type_or_supertype in node_to_configured_weight:\n",
   "                    node_type_weights[node_type] = node_to_configured_weight[node_type_or_supertype]\n"
  ]
 },
 "44": {
  "name": "parts_info",
  "type": "list",
  "class": "build-in",
  "approach": "annotation",
  "file_path": "flake8-class-attributes-order/flake8_class_attributes_order/model_parts_info.py",
  "lineno": "6",
  "column": "4",
  "context": "_info(model_ast, weights: Mapping[str, int]):\n    parts_info = []\n    for child_node in model_ast.body:\n        node",
  "context_lines": "import ast\nfrom typing import Mapping\n\n\ndef get_model_parts_info(model_ast, weights: Mapping[str, int]):\n    parts_info = []\n    for child_node in model_ast.body:\n        node_type = get_model_node_type(child_node)\n        if node_type in weights:\n            parts_info.append({\n",
  "slicing": [
   "    parts_info = []\n",
   "            parts_info.append({\n",
   "    return parts_info\n"
  ]
 },
 "45": {
  "name": "node_type",
  "type": "UNKNOWN",
  "class": "unknown",
  "approach": "annotation",
  "file_path": "flake8-class-attributes-order/flake8_class_attributes_order/model_parts_info.py",
  "lineno": "8",
  "column": "8",
  "context": " []\n    for child_node in model_ast.body:\n        node_type = get_model_node_type(child_node)\n        if node_type in weights:\n            parts",
  "context_lines": "from typing import Mapping\n\n\ndef get_model_parts_info(model_ast, weights: Mapping[str, int]):\n    parts_info = []\n    for child_node in model_ast.body:\n        node_type = get_model_node_type(child_node)\n        if node_type in weights:\n            parts_info.append({\n                'model_name': model_ast.name,\n                'node': child_node,\n",
  "slicing": [
   "        node_type = get_model_node_type(child_node)\n",
   "        if node_type in weights:\n",
   "                'type': node_type,\n",
   "                'weight': weights[node_type],\n"
  ]
 },
 "46": {
  "name": "direct_node_types_mapping",
  "type": "list",
  "class": "build-in",
  "approach": "annotation",
  "file_path": "flake8-class-attributes-order/flake8_class_attributes_order/model_parts_info.py",
  "lineno": "20",
  "column": "4",
  "context": "\n\ndef get_model_node_type(child_node) -> str:\n    direct_node_types_mapping = [\n        (ast.If, lambda n: 'if'),\n        (ast.Pas",
  "context_lines": "                'weight': weights[node_type],\n            })\n    return parts_info\n\n\ndef get_model_node_type(child_node) -> str:\n    direct_node_types_mapping = [\n        (ast.If, lambda n: 'if'),\n        (ast.Pass, lambda n: 'pass'),\n        ((ast.Assign, ast.AnnAssign), lambda n: get_assighment_type(n)),\n        ((ast.FunctionDef, ast.AsyncFunctionDef), lambda n: get_funcdef_type(n)),\n",
  "slicing": [
   "    direct_node_types_mapping = [\n",
   "    for type_or_type_tuple, type_getter in direct_node_types_mapping:\n",
   "        if isinstance(child_node, type_or_type_tuple):  # type: ignore\n",
   "            return type_getter(child_node)\n"
  ]
 },
 "47": {
  "name": "assignee_node",
  "type": "UNKNOWN",
  "class": "unknown",
  "approach": "Pysonar2",
  "file_path": "flake8-class-attributes-order/flake8_class_attributes_order/model_parts_info.py",
  "lineno": "34",
  "column": "4",
  "context": "\n\ndef get_assighment_type(child_node) -> str:\n    assignee_node = child_node.target if isinstance(child_node, ast.AnnAssign) else child_node.targets[0]\n    if isinstance(assignee_node, ast.Subscript):\n ",
  "context_lines": "    for type_or_type_tuple, type_getter in direct_node_types_mapping:\n        if isinstance(child_node, type_or_type_tuple):  # type: ignore\n            return type_getter(child_node)\n\n\ndef get_assighment_type(child_node) -> str:\n    assignee_node = child_node.target if isinstance(child_node, ast.AnnAssign) else child_node.targets[0]\n    if isinstance(assignee_node, ast.Subscript):\n        return 'expression'\n    if isinstance(assignee_node, ast.Name) and is_caps_lock_str(assignee_node.id):\n        return 'constant'\n",
  "slicing": [
   "    assignee_node = child_node.target if isinstance(child_node, ast.AnnAssign) else child_node.targets[0]\n",
   "    if isinstance(assignee_node, ast.Subscript):\n",
   "    if isinstance(assignee_node, ast.Name) and is_caps_lock_str(assignee_node.id):\n"
  ]
 },
 "48": {
  "name": "dump_callable",
  "type": "UNKNOWN",
  "class": "unknown",
  "approach": "Pysonar2",
  "file_path": "flake8-class-attributes-order/flake8_class_attributes_order/model_parts_info.py",
  "lineno": "40",
  "column": "8",
  "context": "f isinstance(child_node.value, ast.Call):\n        dump_callable = ast.dump(child_node.value.func)\n        if (\n            'ForeignKey' in dump_call",
  "context_lines": "        return 'expression'\n    if isinstance(assignee_node, ast.Name) and is_caps_lock_str(assignee_node.id):\n        return 'constant'\n    if isinstance(child_node.value, ast.Call):\n        dump_callable = ast.dump(child_node.value.func)\n        if (\n            'ForeignKey' in dump_callable\n            or 'ManyToManyField' in dump_callable\n            or 'OneToOneField' in dump_callable\n",
  "slicing": [
   "        dump_callable = ast.dump(child_node.value.func)\n",
   "            'ForeignKey' in dump_callable\n",
   "            or 'ManyToManyField' in dump_callable\n",
   "            or 'OneToOneField' in dump_callable\n",
   "            or 'GenericRelation' in dump_callable\n"
  ]
 },
 "49": {
  "name": "special_methods_names",
  "type": "set",
  "class": "build-in",
  "approach": "annotation",
  "file_path": "flake8-class-attributes-order/flake8_class_attributes_order/model_parts_info.py",
  "lineno": "52",
  "column": "4",
  "context": "d'\n\n\ndef get_funcdef_type(child_node) -> str:\n    special_methods_names = {\n        '__new__',\n        '__init__',\n        '__",
  "context_lines": "        ):\n            return 'outer_field'\n    return 'field'\n\n\ndef get_funcdef_type(child_node) -> str:\n    special_methods_names = {\n        '__new__',\n        '__init__',\n        '__post_init__',\n        '__str__',\n",
  "slicing": [
   "    special_methods_names = {\n",
   "    if child_node.name in special_methods_names:\n"
  ]
 },
 "50": {
  "name": "decorator_names_to_types_map",
  "type": "dict",
  "class": "build-in",
  "approach": "annotation",
  "file_path": "flake8-class-attributes-order/flake8_class_attributes_order/model_parts_info.py",
  "lineno": "60",
  "column": "4",
  "context": "r__',\n        'save',\n        'delete',\n    }\n    decorator_names_to_types_map = {\n        'property': 'property_method',\n        'ca",
  "context_lines": "        '__str__',\n        'save',\n        'delete',\n    }\n    decorator_names_to_types_map = {\n        'property': 'property_method',\n        'cached_property': 'property_method',\n        'staticmethod': 'static_method',\n        'classmethod': 'class_method',\n\n",
  "slicing": [
   "    decorator_names_to_types_map = {\n",
   "            and decorator_info.id in decorator_names_to_types_map\n",
   "                return decorator_names_to_types_map[f'private_{decorator_info.id}']\n",
   "            return decorator_names_to_types_map[decorator_info.id]\n"
  ]
 },
 "51": {
  "name": "errors",
  "type": "list",
  "class": "build-in",
  "approach": "annotation",
  "file_path": "flake8-class-attributes-order/flake8_class_attributes_order/ordering_errors.py",
  "lineno": "6",
  "column": "4",
  "context": "el_parts_info) -> List[Tuple[int, int, str]]:\n    errors = []\n    for model_part, next_model_part in zip(model_p",
  "context_lines": "import ast\nfrom typing import Tuple, List, Union\n\n\ndef get_ordering_errors(model_parts_info) -> List[Tuple[int, int, str]]:\n    errors = []\n    for model_part, next_model_part in zip(model_parts_info, model_parts_info[1:] + [None]):\n        if (\n            next_model_part\n            and model_part['model_name'] == next_model_part['model_name']\n",
  "slicing": [
   "    errors = []\n",
   "            errors.append((\n",
   "            errors.append((\n",
   "    return errors\n"
  ]
 },
 "52": {
  "name": "special_methods_names",
  "type": "tuple",
  "class": "build-in",
  "approach": "annotation",
  "file_path": "flake8-class-attributes-order/flake8_class_attributes_order/ordering_errors.py",
  "lineno": "35",
  "column": "4",
  "context": "rs\n\n\ndef get_node_name(node, node_type: str):\n    special_methods_names = (\n        '__new__',\n        '__init__',\n        '__",
  "context_lines": "                ),\n            ))\n    return errors\n\n\ndef get_node_name(node, node_type: str):\n    special_methods_names = (\n        '__new__',\n        '__init__',\n        '__post_init__',\n        '__str__',\n",
  "slicing": [
   "    special_methods_names = (\n",
   "        (('method',) + special_methods_names, lambda n: n.name),\n"
  ]
 },
 "53": {
  "name": "name_getters_by_type",
  "type": "list",
  "class": "build-in",
  "approach": "annotation",
  "file_path": "flake8-class-attributes-order/flake8_class_attributes_order/ordering_errors.py",
  "lineno": "43",
  "column": "4",
  "context": "r__',\n        'save',\n        'delete',\n    )\n    name_getters_by_type = [\n        ('docstring', lambda n: 'docstring'),\n    ",
  "context_lines": "        '__str__',\n        'save',\n        'delete',\n    )\n    name_getters_by_type = [\n        ('docstring', lambda n: 'docstring'),\n        ('meta_class', lambda n: 'Meta'),\n        ('constant', lambda n: n.target.id if isinstance(n, ast.AnnAssign) else n.targets[0].id),  # type: ignore\n        ('field', get_name_for_field_node_type),\n",
  "slicing": [
   "    name_getters_by_type = [\n",
   "    for type_postfix, name_getter in name_getters_by_type:\n",
   "        if node_type.endswith(type_postfix):  # type: ignore\n",
   "            return name_getter(node)\n"
  ]
 },
 "54": {
  "name": "default_name",
  "type": "str",
  "class": "build-in",
  "approach": "Pysonar2",
  "file_path": "flake8-class-attributes-order/flake8_class_attributes_order/ordering_errors.py",
  "lineno": "59",
  "column": "4",
  "context": "de: Union[ast.Assign, ast.AnnAssign]) -> str:\n    default_name = '<class_level_assignment>'\n    if isinstance(node, ast.AnnAssign):\n        re",
  "context_lines": "    for type_postfix, name_getter in name_getters_by_type:\n        if node_type.endswith(type_postfix):  # type: ignore\n            return name_getter(node)\n\n\ndef get_name_for_field_node_type(node: Union[ast.Assign, ast.AnnAssign]) -> str:\n    default_name = '<class_level_assignment>'\n    if isinstance(node, ast.AnnAssign):\n        return node.target.id if isinstance(node.target, ast.Name) else default_name\n    elif isinstance(node.targets[0], ast.Name):\n        return node.targets[0].id\n",
  "slicing": [
   "    default_name = '<class_level_assignment>'\n",
   "        return node.target.id if isinstance(node.target, ast.Name) else default_name\n",
   "        return default_name\n"
  ]
 },
 "55": {
  "name": "filename",
  "type": "str",
  "class": "build-in",
  "approach": "Pysonar2",
  "file_path": "flake8-class-attributes-order/tests/conftest.py",
  "lineno": "9",
  "column": "32",
  "context": "tesOrderChecker\n\n\ndef run_validator_for_test_file(filename, max_annotations_complexity=None,\n                                strict_mode=False,",
  "context_lines": "import ast\nimport os\n\nfrom flake8.options.manager import OptionManager\n\nfrom flake8_class_attributes_order.checker import ClassAttributesOrderChecker\n\n\ndef run_validator_for_test_file(filename, max_annotations_complexity=None,\n                                strict_mode=False, attributes_order=None):\n    test_file_path = os.path.join(\n        os.path.dirname(os.path.abspath(__file__)),\n        'test_files',\n",
  "slicing": "def run_validator_for_test_file(filename, max_annotations_complexity=None,\n"
 },
 "56": {
  "name": "max_annotations_complexity",
  "type": "UNKNOWN",
  "class": "unknown",
  "approach": "Pysonar2",
  "file_path": "flake8-class-attributes-order/tests/conftest.py",
  "lineno": "9",
  "column": "42",
  "context": "ecker\n\n\ndef run_validator_for_test_file(filename, max_annotations_complexity=None,\n                                strict_mode=False,",
  "context_lines": "import ast\nimport os\n\nfrom flake8.options.manager import OptionManager\n\nfrom flake8_class_attributes_order.checker import ClassAttributesOrderChecker\n\n\ndef run_validator_for_test_file(filename, max_annotations_complexity=None,\n                                strict_mode=False, attributes_order=None):\n    test_file_path = os.path.join(\n        os.path.dirname(os.path.abspath(__file__)),\n        'test_files',\n",
  "slicing": "def run_validator_for_test_file(filename, max_annotations_complexity=None,\n"
 },
 "57": {
  "name": "strict_mode",
  "type": "bool",
  "class": "build-in",
  "approach": "Pysonar2",
  "file_path": "flake8-class-attributes-order/tests/conftest.py",
  "lineno": "10",
  "column": "32",
  "context": "_complexity=None,\n                                strict_mode=False, attributes_order=None):\n    test_file_path = os.path.join(\n        os.path",
  "context_lines": "import os\n\nfrom flake8.options.manager import OptionManager\n\nfrom flake8_class_attributes_order.checker import ClassAttributesOrderChecker\n\n\ndef run_validator_for_test_file(filename, max_annotations_complexity=None,\n                                strict_mode=False, attributes_order=None):\n    test_file_path = os.path.join(\n        os.path.dirname(os.path.abspath(__file__)),\n        'test_files',\n        filename,\n",
  "slicing": "                                strict_mode=False, attributes_order=None):\n"
 },
 "58": {
  "name": "attributes_order",
  "type": "UNKNOWN",
  "class": "unknown",
  "approach": "Pysonar2",
  "file_path": "flake8-class-attributes-order/tests/conftest.py",
  "lineno": "10",
  "column": "51",
  "context": "                               strict_mode=False, attributes_order=None):\n    test_file_path = os.path.join(\n        os.path",
  "context_lines": "import os\n\nfrom flake8.options.manager import OptionManager\n\nfrom flake8_class_attributes_order.checker import ClassAttributesOrderChecker\n\n\ndef run_validator_for_test_file(filename, max_annotations_complexity=None,\n                                strict_mode=False, attributes_order=None):\n    test_file_path = os.path.join(\n        os.path.dirname(os.path.abspath(__file__)),\n        'test_files',\n        filename,\n",
  "slicing": "                                strict_mode=False, attributes_order=None):\n"
 },
 "59": {
  "name": "cls",
  "type": "Foo",
  "class": "customized",
  "approach": "Pysonar2",
  "file_path": "flake8-class-attributes-order/tests/test_files/strict_ok.py",
  "lineno": "32",
  "column": "15",
  "context": "():\n        ...\n\n\n    @classmethod\n    def foobar(cls):\n        ...\n\n    @classmethod\n    def _foobar(cls)",
  "context_lines": "    @staticmethod\n    def _egg():\n        ...\n\n\n    @classmethod\n    def foobar(cls):\n        ...\n\n    @classmethod\n    def _foobar(cls):\n",
  "slicing": "    def foobar(cls):\n"
 },
 "60": {
  "name": "cls",
  "type": "Foo",
  "class": "customized",
  "approach": "Pysonar2",
  "file_path": "flake8-class-attributes-order/tests/test_files/strict_ok.py",
  "lineno": "36",
  "column": "16",
  "context": "s):\n        ...\n\n    @classmethod\n    def _foobar(cls):\n        ...\n",
  "context_lines": "    @classmethod\n    def foobar(cls):\n        ...\n\n    @classmethod\n    def _foobar(cls):\n",
  "slicing": "    def _foobar(cls):\n"
 },
 "61": {
  "name": "cls",
  "type": "Foo",
  "class": "customized",
  "approach": "Pysonar2",
  "file_path": "flake8-class-attributes-order/tests/test_files/strict_errored.py",
  "lineno": "25",
  "column": "16",
  "context": "):\n        ...\n\n\n    @classmethod\n    def _foobar(cls):\n        ...\n\n    @classmethod\n    def foobar(cls):",
  "context_lines": "    @staticmethod\n    def _egg():\n        ...\n\n\n    @classmethod\n    def _foobar(cls):\n        ...\n\n    @classmethod\n    def foobar(cls):\n",
  "slicing": "    def _foobar(cls):\n"
 },
 "62": {
  "name": "cls",
  "type": "Foo",
  "class": "customized",
  "approach": "Pysonar2",
  "file_path": "flake8-class-attributes-order/tests/test_files/strict_errored.py",
  "lineno": "29",
  "column": "15",
  "context": "ls):\n        ...\n\n    @classmethod\n    def foobar(cls):\n        ...\n",
  "context_lines": "    @classmethod\n    def _foobar(cls):\n        ...\n\n    @classmethod\n    def foobar(cls):\n",
  "slicing": "    def foobar(cls):\n"
 },
 "63": {
  "name": "cls",
  "type": "A",
  "class": "customized",
  "approach": "Pysonar2",
  "file_path": "flake8-class-attributes-order/tests/test_files/ok.py",
  "lineno": "5",
  "column": "26",
  "context": "ass A:\n    @classmethod\n    def _get_favicon_path(cls, object_name: str):\n        pass\n\n    def get_tabs_info(self):\n       ",
  "context_lines": "\n\nclass A:\n    @classmethod\n    def _get_favicon_path(cls, object_name: str):\n        pass\n\n    def get_tabs_info(self):\n",
  "slicing": "    def _get_favicon_path(cls, object_name: str):\n"
 },
 "64": {
  "name": "object_name",
  "type": "str",
  "class": "build-in",
  "approach": "annotation",
  "file_path": "flake8-class-attributes-order/tests/test_files/ok.py",
  "lineno": "5",
  "column": "31",
  "context": ":\n    @classmethod\n    def _get_favicon_path(cls, object_name: str):\n        pass\n\n    def get_tabs_info(self):\n       ",
  "context_lines": "\n\nclass A:\n    @classmethod\n    def _get_favicon_path(cls, object_name: str):\n        pass\n\n    def get_tabs_info(self):\n",
  "slicing": "    def _get_favicon_path(cls, object_name: str):\n"
 },
 "65": {
  "name": "tree",
  "type": "UNKNOWN",
  "class": "unknown",
  "approach": "Pysonar2",
  "file_path": "flake8-class-attributes-order/flake8_class_attributes_order/checker.py",
  "lineno": "16",
  "column": "23",
  "context": "ersion\n    options = None\n\n    def __init__(self, tree, filename: str):\n        self.filename = filename\n        self.tree",
  "context_lines": "class ClassAttributesOrderChecker:\n\n    name = 'flake8-class-attributes-order'\n    version = version\n    options = None\n\n    def __init__(self, tree, filename: str):\n        self.filename = filename\n        self.tree = tree\n\n    @classmethod\n    def add_options(cls, parser) -> None:\n",
  "slicing": "    def __init__(self, tree, filename: str):\n"
 },
 "66": {
  "name": "filename",
  "type": "str",
  "class": "build-in",
  "approach": "annotation",
  "file_path": "flake8-class-attributes-order/flake8_class_attributes_order/checker.py",
  "lineno": "16",
  "column": "29",
  "context": "\n    options = None\n\n    def __init__(self, tree, filename: str):\n        self.filename = filename\n        self.tree",
  "context_lines": "class ClassAttributesOrderChecker:\n\n    name = 'flake8-class-attributes-order'\n    version = version\n    options = None\n\n    def __init__(self, tree, filename: str):\n        self.filename = filename\n        self.tree = tree\n\n    @classmethod\n    def add_options(cls, parser) -> None:\n",
  "slicing": "    def __init__(self, tree, filename: str):\n"
 },
 "67": {
  "name": "cls",
  "type": "ClassAttributesOrderChecker",
  "class": "customized",
  "approach": "Pysonar2",
  "file_path": "flake8-class-attributes-order/flake8_class_attributes_order/checker.py",
  "lineno": "21",
  "column": "20",
  "context": "tree = tree\n\n    @classmethod\n    def add_options(cls, parser) -> None:\n        parser.add_option(\n            '--use-clas",
  "context_lines": "    def __init__(self, tree, filename: str):\n        self.filename = filename\n        self.tree = tree\n\n    @classmethod\n    def add_options(cls, parser) -> None:\n        parser.add_option(\n            '--use-class-attributes-order-strict-mode',\n            action='store_true',\n            parse_from_config=True,\n",
  "slicing": "    def add_options(cls, parser) -> None:\n"
 },
 "68": {
  "name": "parser",
  "type": "UNKNOWN",
  "class": "unknown",
  "approach": "Pysonar2",
  "file_path": "flake8-class-attributes-order/flake8_class_attributes_order/checker.py",
  "lineno": "21",
  "column": "25",
  "context": "= tree\n\n    @classmethod\n    def add_options(cls, parser) -> None:\n        parser.add_option(\n            '--use-clas",
  "context_lines": "    def __init__(self, tree, filename: str):\n        self.filename = filename\n        self.tree = tree\n\n    @classmethod\n    def add_options(cls, parser) -> None:\n        parser.add_option(\n            '--use-class-attributes-order-strict-mode',\n            action='store_true',\n            parse_from_config=True,\n",
  "slicing": "    def add_options(cls, parser) -> None:\n"
 },
 "69": {
  "name": "cls",
  "type": "ClassAttributesOrderChecker",
  "class": "customized",
  "approach": "Pysonar2",
  "file_path": "flake8-class-attributes-order/flake8_class_attributes_order/checker.py",
  "lineno": "37",
  "column": "22",
  "context": "        )\n\n    @classmethod\n    def parse_options(cls, options: str) -> None:\n        cls.options = options\n\n    def run(self) -",
  "context_lines": "            help='Comma-separated list of class attributes to '\n                 'configure order manually',\n        )\n\n    @classmethod\n    def parse_options(cls, options: str) -> None:\n        cls.options = options\n\n    def run(self) -> Generator[Tuple[int, int, str, type], None, None]:\n        weight_info = get_node_weights(self.options)\n        classes = [n for n in ast.walk(self.tree) if isinstance(n, ast.ClassDef)]\n",
  "slicing": "    def parse_options(cls, options: str) -> None:\n"
 },
 "70": {
  "name": "options",
  "type": "str",
  "class": "build-in",
  "approach": "annotation",
  "file_path": "flake8-class-attributes-order/flake8_class_attributes_order/checker.py",
  "lineno": "37",
  "column": "27",
  "context": "   )\n\n    @classmethod\n    def parse_options(cls, options: str) -> None:\n        cls.options = options\n\n    def run(self) -",
  "context_lines": "            help='Comma-separated list of class attributes to '\n                 'configure order manually',\n        )\n\n    @classmethod\n    def parse_options(cls, options: str) -> None:\n        cls.options = options\n\n    def run(self) -> Generator[Tuple[int, int, str, type], None, None]:\n        weight_info = get_node_weights(self.options)\n        classes = [n for n in ast.walk(self.tree) if isinstance(n, ast.ClassDef)]\n",
  "slicing": "    def parse_options(cls, options: str) -> None:\n"
 },
 "71": {
  "name": "options",
  "type": "UNKNOWN",
  "class": "unknown",
  "approach": "Pysonar2",
  "file_path": "flake8-class-attributes-order/flake8_class_attributes_order/node_type_weights.py",
  "lineno": "107",
  "column": "21",
  "context": "lass_method', 'method'],\n}\n\n\ndef get_node_weights(options=None) -> Mapping[str, int]:\n    use_strict_mode = bool(options.use_class_attri",
  "context_lines": "    'private_static_method': ['private_static_method', 'static_method', 'method'],\n    'class_method': ['class_method', 'method'],\n    'private_class_method': ['private_class_method', 'class_method', 'method'],\n}\n\n\ndef get_node_weights(options=None) -> Mapping[str, int]:\n    use_strict_mode = bool(options.use_class_attributes_order_strict_mode)\n    class_attributes_order = options.class_attributes_order\n\n    if use_strict_mode and class_attributes_order:\n        warnings.warn(\n",
  "slicing": "def get_node_weights(options=None) -> Mapping[str, int]:\n"
 },
 "72": {
  "name": "model_ast",
  "type": "UNKNOWN",
  "class": "unknown",
  "approach": "Pysonar2",
  "file_path": "flake8-class-attributes-order/flake8_class_attributes_order/model_parts_info.py",
  "lineno": "5",
  "column": "25",
  "context": " typing import Mapping\n\n\ndef get_model_parts_info(model_ast, weights: Mapping[str, int]):\n    parts_info = []\n    for child_node in model_as",
  "context_lines": "import ast\nfrom typing import Mapping\n\n\ndef get_model_parts_info(model_ast, weights: Mapping[str, int]):\n    parts_info = []\n    for child_node in model_ast.body:\n        node_type = get_model_node_type(child_node)\n        if node_type in weights:\n",
  "slicing": "def get_model_parts_info(model_ast, weights: Mapping[str, int]):\n"
 },
 "73": {
  "name": "weights",
  "type": "dict",
  "class": "build-in",
  "approach": "annotation",
  "file_path": "flake8-class-attributes-order/flake8_class_attributes_order/model_parts_info.py",
  "lineno": "5",
  "column": "36",
  "context": "ort Mapping\n\n\ndef get_model_parts_info(model_ast, weights: Mapping[str, int]):\n    parts_info = []\n    for child_node in model_as",
  "context_lines": "import ast\nfrom typing import Mapping\n\n\ndef get_model_parts_info(model_ast, weights: Mapping[str, int]):\n    parts_info = []\n    for child_node in model_ast.body:\n        node_type = get_model_node_type(child_node)\n        if node_type in weights:\n",
  "slicing": "def get_model_parts_info(model_ast, weights: Mapping[str, int]):\n"
 },
 "74": {
  "name": "child_node",
  "type": "UNKNOWN",
  "class": "unknown",
  "approach": "Pysonar2",
  "file_path": "flake8-class-attributes-order/flake8_class_attributes_order/model_parts_info.py",
  "lineno": "19",
  "column": "24",
  "context": ")\n    return parts_info\n\n\ndef get_model_node_type(child_node) -> str:\n    direct_node_types_mapping = [\n        (ast.If,",
  "context_lines": "                'type': node_type,\n                'weight': weights[node_type],\n            })\n    return parts_info\n\n\ndef get_model_node_type(child_node) -> str:\n    direct_node_types_mapping = [\n        (ast.If, lambda n: 'if'),\n        (ast.Pass, lambda n: 'pass'),\n        ((ast.Assign, ast.AnnAssign), lambda n: get_assighment_type(n)),\n",
  "slicing": "def get_model_node_type(child_node) -> str:\n"
 },
 "75": {
  "name": "child_node",
  "type": "UNKNOWN",
  "class": "unknown",
  "approach": "Pysonar2",
  "file_path": "flake8-class-attributes-order/flake8_class_attributes_order/model_parts_info.py",
  "lineno": "33",
  "column": "24",
  "context": "type_getter(child_node)\n\n\ndef get_assighment_type(child_node) -> str:\n    assignee_node = child_node.target if isinstanc",
  "context_lines": "    ]\n    for type_or_type_tuple, type_getter in direct_node_types_mapping:\n        if isinstance(child_node, type_or_type_tuple):  # type: ignore\n            return type_getter(child_node)\n\n\ndef get_assighment_type(child_node) -> str:\n    assignee_node = child_node.target if isinstance(child_node, ast.AnnAssign) else child_node.targets[0]\n    if isinstance(assignee_node, ast.Subscript):\n        return 'expression'\n    if isinstance(assignee_node, ast.Name) and is_caps_lock_str(assignee_node.id):\n",
  "slicing": "def get_assighment_type(child_node) -> str:\n"
 },
 "76": {
  "name": "child_node",
  "type": "UNKNOWN",
  "class": "unknown",
  "approach": "Pysonar2",
  "file_path": "flake8-class-attributes-order/flake8_class_attributes_order/model_parts_info.py",
  "lineno": "51",
  "column": "21",
  "context": "_field'\n    return 'field'\n\n\ndef get_funcdef_type(child_node) -> str:\n    special_methods_names = {\n        '__new__',\n ",
  "context_lines": "            or 'GenericRelation' in dump_callable\n        ):\n            return 'outer_field'\n    return 'field'\n\n\ndef get_funcdef_type(child_node) -> str:\n    special_methods_names = {\n        '__new__',\n        '__init__',\n        '__post_init__',\n",
  "slicing": "def get_funcdef_type(child_node) -> str:\n"
 },
 "77": {
  "name": "var_name",
  "type": "str",
  "class": "build-in",
  "approach": "annotation",
  "file_path": "flake8-class-attributes-order/flake8_class_attributes_order/model_parts_info.py",
  "lineno": "90",
  "column": "21",
  "context": "ethod'\n    return 'method'\n\n\ndef is_caps_lock_str(var_name: str) -> bool:\n    return var_name.upper() == var_name\n",
  "context_lines": "        return 'magic_method'\n    if child_node.name.startswith('_'):\n        return 'private_method'\n    return 'method'\n\n\ndef is_caps_lock_str(var_name: str) -> bool:\n",
  "slicing": "def is_caps_lock_str(var_name: str) -> bool:\n"
 },
 "78": {
  "name": "model_parts_info",
  "type": "UNKNOWN",
  "class": "unknown",
  "approach": "Pysonar2",
  "file_path": "flake8-class-attributes-order/flake8_class_attributes_order/ordering_errors.py",
  "lineno": "5",
  "column": "24",
  "context": "port Tuple, List, Union\n\n\ndef get_ordering_errors(model_parts_info) -> List[Tuple[int, int, str]]:\n    errors = []\n    for model_part, next_model_par",
  "context_lines": "import ast\nfrom typing import Tuple, List, Union\n\n\ndef get_ordering_errors(model_parts_info) -> List[Tuple[int, int, str]]:\n    errors = []\n    for model_part, next_model_part in zip(model_parts_info, model_parts_info[1:] + [None]):\n        if (\n            next_model_part\n",
  "slicing": "def get_ordering_errors(model_parts_info) -> List[Tuple[int, int, str]]:\n"
 },
 "79": {
  "name": "node",
  "type": "UNKNOWN",
  "class": "unknown",
  "approach": "Pysonar2",
  "file_path": "flake8-class-attributes-order/flake8_class_attributes_order/ordering_errors.py",
  "lineno": "34",
  "column": "18",
  "context": "         ))\n    return errors\n\n\ndef get_node_name(node, node_type: str):\n    special_methods_names = (\n        '__new__',\n ",
  "context_lines": "                    model_part['node'].lineno,\n                ),\n            ))\n    return errors\n\n\ndef get_node_name(node, node_type: str):\n    special_methods_names = (\n        '__new__',\n        '__init__',\n        '__post_init__',\n",
  "slicing": "def get_node_name(node, node_type: str):\n"
 },
 "80": {
  "name": "node_type",
  "type": "str",
  "class": "build-in",
  "approach": "annotation",
  "file_path": "flake8-class-attributes-order/flake8_class_attributes_order/ordering_errors.py",
  "lineno": "34",
  "column": "24",
  "context": "   ))\n    return errors\n\n\ndef get_node_name(node, node_type: str):\n    special_methods_names = (\n        '__new__',\n ",
  "context_lines": "                    model_part['node'].lineno,\n                ),\n            ))\n    return errors\n\n\ndef get_node_name(node, node_type: str):\n    special_methods_names = (\n        '__new__',\n        '__init__',\n        '__post_init__',\n",
  "slicing": "def get_node_name(node, node_type: str):\n"
 },
 "81": {
  "name": "node",
  "type": "dict",
  "class": "build-in",
  "approach": "annotation",
  "file_path": "flake8-class-attributes-order/flake8_class_attributes_order/ordering_errors.py",
  "lineno": "58",
  "column": "33",
  "context": "e_getter(node)\n\n\ndef get_name_for_field_node_type(node: Union[ast.Assign, ast.AnnAssign]) -> str:\n    default_name = '<class_level_assignment>'\n    ",
  "context_lines": "    ]\n    for type_postfix, name_getter in name_getters_by_type:\n        if node_type.endswith(type_postfix):  # type: ignore\n            return name_getter(node)\n\n\ndef get_name_for_field_node_type(node: Union[ast.Assign, ast.AnnAssign]) -> str:\n    default_name = '<class_level_assignment>'\n    if isinstance(node, ast.AnnAssign):\n        return node.target.id if isinstance(node.target, ast.Name) else default_name\n    elif isinstance(node.targets[0], ast.Name):\n",
  "slicing": "def get_name_for_field_node_type(node: Union[ast.Assign, ast.AnnAssign]) -> str:\n"
 }
}