{
 "1": {
  "name": "package_name",
  "type": "str",
  "class": "build-in",
  "approach": "Pysonar2",
  "file_path": "flake8-adjustable-complexity/setup.py",
  "lineno": "6",
  "column": "0",
  "context": "al\n\nfrom setuptools import setup, find_packages\n\n\npackage_name = 'flake8_adjustable_complexity'\n\n\ndef get_version() -> Optional[str]:\n    with ope",
  "context_lines": "from typing import Optional\n\nfrom setuptools import setup, find_packages\n\n\npackage_name = 'flake8_adjustable_complexity'\n\n\ndef get_version() -> Optional[str]:\n    with open('flake8_adjustable_complexity/__init__.py', 'r') as f:\n        lines = f.readlines()\n",
  "slicing": [
   "package_name = 'flake8_adjustable_complexity'\n",
   "    name=package_name,\n",
   "    py_modules=[package_name],\n"
  ]
 },
 "2": {
  "name": "lines",
  "type": "list",
  "class": "build-in",
  "approach": "Pysonar2",
  "file_path": "flake8-adjustable-complexity/setup.py",
  "lineno": "11",
  "column": "8",
  "context": "table_complexity/__init__.py', 'r') as f:\n        lines = f.readlines()\n    for line in lines:\n        if line.startswith(",
  "context_lines": "from setuptools import setup, find_packages\n\n\npackage_name = 'flake8_adjustable_complexity'\n\n\ndef get_version() -> Optional[str]:\n    with open('flake8_adjustable_complexity/__init__.py', 'r') as f:\n        lines = f.readlines()\n    for line in lines:\n        if line.startswith('__version__'):\n            return line.split('=')[-1].strip().strip(\"'\")\n\n\ndef get_long_description() -> str:\n",
  "slicing": [
   "        lines = f.readlines()\n",
   "    for line in lines:\n",
   "        if line.startswith('__version__'):\n",
   "            return line.split('=')[-1].strip().strip(\"'\")\n"
  ]
 },
 "3": {
  "name": "var_info",
  "type": "dict",
  "class": "build-in",
  "approach": "annotation",
  "file_path": "flake8-adjustable-complexity/flake8_adjustable_complexity/ast_helpers.py",
  "lineno": "15",
  "column": "4",
  "context": "vars_in_node(ast_tree: ast.AST) -> List[str]:\n    var_info: List[str] = []\n    assignments = [n for n in ast.walk(ast_tree) i",
  "context_lines": "        n for n in ast.walk(tree)\n        if isinstance(n, (ast.FunctionDef, ast.AsyncFunctionDef))\n    ]\n\n\ndef extract_all_vars_in_node(ast_tree: ast.AST) -> List[str]:\n    var_info: List[str] = []\n    assignments = [n for n in ast.walk(ast_tree) if isinstance(n, ast.Assign)]\n    var_info += flat([get_var_names_from_assignment(a) for a in assignments])\n    ann_assignments = [n for n in ast.walk(ast_tree) if isinstance(n, ast.AnnAssign)]\n    var_info += flat([get_var_names_from_assignment(a) for a in ann_assignments])\n",
  "slicing": [
   "    var_info: List[str] = []\n",
   "    return var_info\n"
  ]
 },
 "4": {
  "name": "assignments",
  "type": "list",
  "class": "build-in",
  "approach": "annotation",
  "file_path": "flake8-adjustable-complexity/flake8_adjustable_complexity/ast_helpers.py",
  "lineno": "16",
  "column": "4",
  "context": "T) -> List[str]:\n    var_info: List[str] = []\n    assignments = [n for n in ast.walk(ast_tree) if isinstance(n, ast.Assign)]\n    var_info += flat([get_var_names_from_assignmen",
  "context_lines": "        if isinstance(n, (ast.FunctionDef, ast.AsyncFunctionDef))\n    ]\n\n\ndef extract_all_vars_in_node(ast_tree: ast.AST) -> List[str]:\n    var_info: List[str] = []\n    assignments = [n for n in ast.walk(ast_tree) if isinstance(n, ast.Assign)]\n    var_info += flat([get_var_names_from_assignment(a) for a in assignments])\n    ann_assignments = [n for n in ast.walk(ast_tree) if isinstance(n, ast.AnnAssign)]\n    var_info += flat([get_var_names_from_assignment(a) for a in ann_assignments])\n    funcdefs = [n for n in ast.walk(ast_tree) if isinstance(n, ast.FunctionDef)]\n",
  "slicing": [
   "    assignments = [n for n in ast.walk(ast_tree) if isinstance(n, ast.Assign)]\n",
   "    var_info += flat([get_var_names_from_assignment(a) for a in assignments])\n",
   "    var_info += flat([get_var_names_from_assignment(a) for a in ann_assignments])\n",
   "    return var_info\n"
  ]
 },
 "5": {
  "name": "var_info",
  "type": "flake8_adjustable_complexity.list_helpers.flat",
  "class": "imported",
  "approach": "annotation",
  "file_path": "flake8-adjustable-complexity/flake8_adjustable_complexity/ast_helpers.py",
  "lineno": "17",
  "column": "4",
  "context": ".walk(ast_tree) if isinstance(n, ast.Assign)]\n    var_info += flat([get_var_names_from_assignment(a) for a in assignments])\n    ann_assignments = [n for n in ast.walk(ast_tre",
  "context_lines": "    ]\n\n\ndef extract_all_vars_in_node(ast_tree: ast.AST) -> List[str]:\n    var_info: List[str] = []\n    assignments = [n for n in ast.walk(ast_tree) if isinstance(n, ast.Assign)]\n    var_info += flat([get_var_names_from_assignment(a) for a in assignments])\n    ann_assignments = [n for n in ast.walk(ast_tree) if isinstance(n, ast.AnnAssign)]\n    var_info += flat([get_var_names_from_assignment(a) for a in ann_assignments])\n    funcdefs = [n for n in ast.walk(ast_tree) if isinstance(n, ast.FunctionDef)]\n    var_info += flat([get_var_names_from_funcdef(f) for f in funcdefs])\n",
  "slicing": [
   "    var_info += flat([get_var_names_from_assignment(a) for a in assignments])\n",
   "    return var_info\n"
  ]
 },
 "6": {
  "name": "ann_assignments",
  "type": "list",
  "class": "build-in",
  "approach": "annotation",
  "file_path": "flake8-adjustable-complexity/flake8_adjustable_complexity/ast_helpers.py",
  "lineno": "18",
  "column": "4",
  "context": "mes_from_assignment(a) for a in assignments])\n    ann_assignments = [n for n in ast.walk(ast_tree) if isinstance(n, ast.AnnAssign)]\n    var_info += flat([get_var_names_from_assignmen",
  "context_lines": "def extract_all_vars_in_node(ast_tree: ast.AST) -> List[str]:\n    var_info: List[str] = []\n    assignments = [n for n in ast.walk(ast_tree) if isinstance(n, ast.Assign)]\n    var_info += flat([get_var_names_from_assignment(a) for a in assignments])\n    ann_assignments = [n for n in ast.walk(ast_tree) if isinstance(n, ast.AnnAssign)]\n    var_info += flat([get_var_names_from_assignment(a) for a in ann_assignments])\n    funcdefs = [n for n in ast.walk(ast_tree) if isinstance(n, ast.FunctionDef)]\n    var_info += flat([get_var_names_from_funcdef(f) for f in funcdefs])\n    fors = [n for n in ast.walk(ast_tree) if isinstance(n, ast.For)]\n",
  "slicing": [
   "    ann_assignments = [n for n in ast.walk(ast_tree) if isinstance(n, ast.AnnAssign)]\n",
   "    var_info += flat([get_var_names_from_assignment(a) for a in ann_assignments])\n",
   "    return var_info\n"
  ]
 },
 "7": {
  "name": "var_info",
  "type": "flake8_adjustable_complexity.list_helpers.flat",
  "class": "imported",
  "approach": "annotation",
  "file_path": "flake8-adjustable-complexity/flake8_adjustable_complexity/ast_helpers.py",
  "lineno": "19",
  "column": "4",
  "context": "lk(ast_tree) if isinstance(n, ast.AnnAssign)]\n    var_info += flat([get_var_names_from_assignment(a) for a in ann_assignments])\n    funcdefs = [n for n in ast.walk(ast_tree) if i",
  "context_lines": "    var_info: List[str] = []\n    assignments = [n for n in ast.walk(ast_tree) if isinstance(n, ast.Assign)]\n    var_info += flat([get_var_names_from_assignment(a) for a in assignments])\n    ann_assignments = [n for n in ast.walk(ast_tree) if isinstance(n, ast.AnnAssign)]\n    var_info += flat([get_var_names_from_assignment(a) for a in ann_assignments])\n    funcdefs = [n for n in ast.walk(ast_tree) if isinstance(n, ast.FunctionDef)]\n    var_info += flat([get_var_names_from_funcdef(f) for f in funcdefs])\n    fors = [n for n in ast.walk(ast_tree) if isinstance(n, ast.For)]\n    var_info += flat([get_var_names_from_for(f) for f in fors])\n",
  "slicing": [
   "    var_info += flat([get_var_names_from_assignment(a) for a in ann_assignments])\n",
   "    return var_info\n"
  ]
 },
 "8": {
  "name": "funcdefs",
  "type": "list",
  "class": "build-in",
  "approach": "annotation",
  "file_path": "flake8-adjustable-complexity/flake8_adjustable_complexity/ast_helpers.py",
  "lineno": "20",
  "column": "4",
  "context": "from_assignment(a) for a in ann_assignments])\n    funcdefs = [n for n in ast.walk(ast_tree) if isinstance(n, ast.FunctionDef)]\n    var_info += flat([get_var_names_from_funcdef(f",
  "context_lines": "    assignments = [n for n in ast.walk(ast_tree) if isinstance(n, ast.Assign)]\n    var_info += flat([get_var_names_from_assignment(a) for a in assignments])\n    ann_assignments = [n for n in ast.walk(ast_tree) if isinstance(n, ast.AnnAssign)]\n    var_info += flat([get_var_names_from_assignment(a) for a in ann_assignments])\n    funcdefs = [n for n in ast.walk(ast_tree) if isinstance(n, ast.FunctionDef)]\n    var_info += flat([get_var_names_from_funcdef(f) for f in funcdefs])\n    fors = [n for n in ast.walk(ast_tree) if isinstance(n, ast.For)]\n    var_info += flat([get_var_names_from_for(f) for f in fors])\n    return var_info\n\n\n",
  "slicing": [
   "    funcdefs = [n for n in ast.walk(ast_tree) if isinstance(n, ast.FunctionDef)]\n",
   "    var_info += flat([get_var_names_from_funcdef(f) for f in funcdefs])\n",
   "    var_info += flat([get_var_names_from_for(f) for f in fors])\n",
   "    return var_info\n"
  ]
 },
 "9": {
  "name": "var_info",
  "type": "flake8_adjustable_complexity.list_helpers.flat",
  "class": "imported",
  "approach": "annotation",
  "file_path": "flake8-adjustable-complexity/flake8_adjustable_complexity/ast_helpers.py",
  "lineno": "21",
  "column": "4",
  "context": "(ast_tree) if isinstance(n, ast.FunctionDef)]\n    var_info += flat([get_var_names_from_funcdef(f) for f in funcdefs])\n    fors = [n for n in ast.walk(ast_tree) if isins",
  "context_lines": "    var_info += flat([get_var_names_from_assignment(a) for a in assignments])\n    ann_assignments = [n for n in ast.walk(ast_tree) if isinstance(n, ast.AnnAssign)]\n    var_info += flat([get_var_names_from_assignment(a) for a in ann_assignments])\n    funcdefs = [n for n in ast.walk(ast_tree) if isinstance(n, ast.FunctionDef)]\n    var_info += flat([get_var_names_from_funcdef(f) for f in funcdefs])\n    fors = [n for n in ast.walk(ast_tree) if isinstance(n, ast.For)]\n    var_info += flat([get_var_names_from_for(f) for f in fors])\n    return var_info\n\n\ndef get_var_names_from_assignment(\n",
  "slicing": [
   "    var_info += flat([get_var_names_from_funcdef(f) for f in funcdefs])\n",
   "    return var_info\n"
  ]
 },
 "10": {
  "name": "fors",
  "type": "list",
  "class": "build-in",
  "approach": "annotation",
  "file_path": "flake8-adjustable-complexity/flake8_adjustable_complexity/ast_helpers.py",
  "lineno": "22",
  "column": "4",
  "context": "var_names_from_funcdef(f) for f in funcdefs])\n    fors = [n for n in ast.walk(ast_tree) if isinstance(n, ast.For)]\n    var_info += flat([get_var_names_from_for(f) fo",
  "context_lines": "    ann_assignments = [n for n in ast.walk(ast_tree) if isinstance(n, ast.AnnAssign)]\n    var_info += flat([get_var_names_from_assignment(a) for a in ann_assignments])\n    funcdefs = [n for n in ast.walk(ast_tree) if isinstance(n, ast.FunctionDef)]\n    var_info += flat([get_var_names_from_funcdef(f) for f in funcdefs])\n    fors = [n for n in ast.walk(ast_tree) if isinstance(n, ast.For)]\n    var_info += flat([get_var_names_from_for(f) for f in fors])\n    return var_info\n\n\ndef get_var_names_from_assignment(\n    assignment_node: Union[ast.Assign, ast.AnnAssign],\n",
  "slicing": [
   "    fors = [n for n in ast.walk(ast_tree) if isinstance(n, ast.For)]\n",
   "    var_info += flat([get_var_names_from_for(f) for f in fors])\n",
   "    return var_info\n"
  ]
 },
 "11": {
  "name": "var_info",
  "type": "flake8_adjustable_complexity.list_helpers.flat",
  "class": "imported",
  "approach": "annotation",
  "file_path": "flake8-adjustable-complexity/flake8_adjustable_complexity/ast_helpers.py",
  "lineno": "23",
  "column": "4",
  "context": "ast.walk(ast_tree) if isinstance(n, ast.For)]\n    var_info += flat([get_var_names_from_for(f) for f in fors])\n    return var_info\n\n\ndef get_var_names_from_assig",
  "context_lines": "    var_info += flat([get_var_names_from_assignment(a) for a in ann_assignments])\n    funcdefs = [n for n in ast.walk(ast_tree) if isinstance(n, ast.FunctionDef)]\n    var_info += flat([get_var_names_from_funcdef(f) for f in funcdefs])\n    fors = [n for n in ast.walk(ast_tree) if isinstance(n, ast.For)]\n    var_info += flat([get_var_names_from_for(f) for f in fors])\n    return var_info\n\n\ndef get_var_names_from_assignment(\n    assignment_node: Union[ast.Assign, ast.AnnAssign],\n) -> List[str]:\n",
  "slicing": [
   "    var_info += flat([get_var_names_from_for(f) for f in fors])\n",
   "    return var_info\n"
  ]
 },
 "12": {
  "name": "names",
  "type": "list",
  "class": "build-in",
  "approach": "annotation",
  "file_path": "flake8-adjustable-complexity/flake8_adjustable_complexity/ast_helpers.py",
  "lineno": "34",
  "column": "8",
  "context": " isinstance(assignment_node, ast.Assign):\n        names = [t for t in assignment_node.targets if isinstance(t, ast.Name)]\n        return [n.id for n in names]\n    return []",
  "context_lines": "    if isinstance(assignment_node, ast.AnnAssign):\n        if isinstance(assignment_node.target, ast.Name):\n            return [assignment_node.target.id]\n    elif isinstance(assignment_node, ast.Assign):\n        names = [t for t in assignment_node.targets if isinstance(t, ast.Name)]\n        return [n.id for n in names]\n    return []\n\n\ndef get_var_names_from_funcdef(funcdef_node: ast.FunctionDef) -> List[str]:\n    vars_info = []\n",
  "slicing": [
   "        names = [t for t in assignment_node.targets if isinstance(t, ast.Name)]\n",
   "        return [n.id for n in names]\n",
   "        return [n.id for n in for_node.target.elts if isinstance(n, ast.Name)]\n"
  ]
 },
 "13": {
  "name": "vars_info",
  "type": "list",
  "class": "build-in",
  "approach": "annotation",
  "file_path": "flake8-adjustable-complexity/flake8_adjustable_complexity/ast_helpers.py",
  "lineno": "40",
  "column": "4",
  "context": "(funcdef_node: ast.FunctionDef) -> List[str]:\n    vars_info = []\n    for arg in funcdef_node.args.args:\n        var",
  "context_lines": "        names = [t for t in assignment_node.targets if isinstance(t, ast.Name)]\n        return [n.id for n in names]\n    return []\n\n\ndef get_var_names_from_funcdef(funcdef_node: ast.FunctionDef) -> List[str]:\n    vars_info = []\n    for arg in funcdef_node.args.args:\n        vars_info.append(arg.arg)\n    return vars_info\n\n\ndef get_var_names_from_for(for_node: ast.For) -> List[str]:\n",
  "slicing": [
   "    vars_info = []\n",
   "        vars_info.append(arg.arg)\n",
   "    return vars_info\n"
  ]
 },
 "14": {
  "name": "errors",
  "type": "list",
  "class": "build-in",
  "approach": "annotation",
  "file_path": "flake8-adjustable-complexity/flake8_adjustable_complexity/complexity_helpers.py",
  "lineno": "20",
  "column": "4",
  "context": " = None,\n) -> List[Tuple[ast.AST, int, int]]:\n    errors = []\n    for funcdef in get_all_funcdefs_from(tree):\n  ",
  "context_lines": "    bad_var_name_penalty: int,\n    allow_single_names_in_vars: bool,\n    single_letter_var_whitelist: Optional[List[str]] = None,\n) -> List[Tuple[ast.AST, int, int]]:\n    errors = []\n    for funcdef in get_all_funcdefs_from(tree):\n        error_in_funcdef = check_funcdef_adjustable_complexity(\n            funcdef,\n            var_names_blacklist,\n",
  "slicing": [
   "    errors = []\n",
   "            errors.append(error_in_funcdef)\n",
   "    return errors\n"
  ]
 },
 "15": {
  "name": "error_in_funcdef",
  "type": "UNKNOWN",
  "class": "unknown",
  "approach": "annotation",
  "file_path": "flake8-adjustable-complexity/flake8_adjustable_complexity/complexity_helpers.py",
  "lineno": "22",
  "column": "8",
  "context": "r funcdef in get_all_funcdefs_from(tree):\n        error_in_funcdef = check_funcdef_adjustable_complexity(\n            funcdef,\n            var_names_blackli",
  "context_lines": "    single_letter_var_whitelist: Optional[List[str]] = None,\n) -> List[Tuple[ast.AST, int, int]]:\n    errors = []\n    for funcdef in get_all_funcdefs_from(tree):\n        error_in_funcdef = check_funcdef_adjustable_complexity(\n            funcdef,\n            var_names_blacklist,\n            max_complexity,\n            bad_var_name_penalty,\n",
  "slicing": [
   "        error_in_funcdef = check_funcdef_adjustable_complexity(\n",
   "        if error_in_funcdef:\n",
   "            errors.append(error_in_funcdef)\n"
  ]
 },
 "16": {
  "name": "single_letter_var_whitelist",
  "type": "bool",
  "class": "build-in",
  "approach": "annotation",
  "file_path": "flake8-adjustable-complexity/flake8_adjustable_complexity/complexity_helpers.py",
  "lineno": "43",
  "column": "4",
  "context": "one,\n) -> Optional[Tuple[ast.AST, int, int]]:\n    single_letter_var_whitelist = single_letter_var_whitelist or []\n    funcdef_vars = extract_all_vars_in_node(funcde",
  "context_lines": "    bad_var_name_penalty: int,\n    allow_single_names_in_vars: bool,\n    single_letter_var_whitelist: Optional[List[str]] = None,\n) -> Optional[Tuple[ast.AST, int, int]]:\n    single_letter_var_whitelist = single_letter_var_whitelist or []\n    funcdef_vars = extract_all_vars_in_node(funcdef)\n    vars_from_blacklist_amount = sum(1 for v in funcdef_vars if v in var_names_blacklist)\n    additional_penalty = 0\n    if not allow_single_names_in_vars:\n",
  "slicing": [
   "    single_letter_var_whitelist = single_letter_var_whitelist or []\n",
   "            sum(1 for v in funcdef_vars if len(v) == 1 and v not in single_letter_var_whitelist)\n"
  ]
 },
 "17": {
  "name": "funcdef_vars",
  "type": "flake8_adjustable_complexity.ast_helpers.extract_all_vars_in_node",
  "class": "imported",
  "approach": "annotation",
  "file_path": "flake8-adjustable-complexity/flake8_adjustable_complexity/complexity_helpers.py",
  "lineno": "44",
  "column": "4",
  "context": "whitelist = single_letter_var_whitelist or []\n    funcdef_vars = extract_all_vars_in_node(funcdef)\n    vars_from_blacklist_amount = sum(1 for v in fu",
  "context_lines": "    allow_single_names_in_vars: bool,\n    single_letter_var_whitelist: Optional[List[str]] = None,\n) -> Optional[Tuple[ast.AST, int, int]]:\n    single_letter_var_whitelist = single_letter_var_whitelist or []\n    funcdef_vars = extract_all_vars_in_node(funcdef)\n    vars_from_blacklist_amount = sum(1 for v in funcdef_vars if v in var_names_blacklist)\n    additional_penalty = 0\n    if not allow_single_names_in_vars:\n        additional_penalty = (\n",
  "slicing": [
   "    funcdef_vars = extract_all_vars_in_node(funcdef)\n",
   "    vars_from_blacklist_amount = sum(1 for v in funcdef_vars if v in var_names_blacklist)\n",
   "            sum(1 for v in funcdef_vars if len(v) == 1 and v not in single_letter_var_whitelist)\n",
   "            * vars_from_blacklist_amount\n",
   "        * vars_from_blacklist_amount\n"
  ]
 },
 "18": {
  "name": "vars_from_blacklist_amount",
  "type": "UNKNOWN",
  "class": "unknown",
  "approach": "annotation",
  "file_path": "flake8-adjustable-complexity/flake8_adjustable_complexity/complexity_helpers.py",
  "lineno": "45",
  "column": "4",
  "context": "cdef_vars = extract_all_vars_in_node(funcdef)\n    vars_from_blacklist_amount = sum(1 for v in funcdef_vars if v in var_names_blacklist)\n    additional_penalty = 0\n    if not allow_single",
  "context_lines": "    single_letter_var_whitelist: Optional[List[str]] = None,\n) -> Optional[Tuple[ast.AST, int, int]]:\n    single_letter_var_whitelist = single_letter_var_whitelist or []\n    funcdef_vars = extract_all_vars_in_node(funcdef)\n    vars_from_blacklist_amount = sum(1 for v in funcdef_vars if v in var_names_blacklist)\n    additional_penalty = 0\n    if not allow_single_names_in_vars:\n        additional_penalty = (\n            sum(1 for v in funcdef_vars if len(v) == 1 and v not in single_letter_var_whitelist)\n",
  "slicing": [
   "    vars_from_blacklist_amount = sum(1 for v in funcdef_vars if v in var_names_blacklist)\n",
   "            * vars_from_blacklist_amount\n",
   "        * vars_from_blacklist_amount\n"
  ]
 },
 "19": {
  "name": "additional_penalty",
  "type": "int",
  "class": "build-in",
  "approach": "Pysonar2",
  "file_path": "flake8-adjustable-complexity/flake8_adjustable_complexity/complexity_helpers.py",
  "lineno": "46",
  "column": "4",
  "context": " in funcdef_vars if v in var_names_blacklist)\n    additional_penalty = 0\n    if not allow_single_names_in_vars:\n        add",
  "context_lines": ") -> Optional[Tuple[ast.AST, int, int]]:\n    single_letter_var_whitelist = single_letter_var_whitelist or []\n    funcdef_vars = extract_all_vars_in_node(funcdef)\n    vars_from_blacklist_amount = sum(1 for v in funcdef_vars if v in var_names_blacklist)\n    additional_penalty = 0\n    if not allow_single_names_in_vars:\n        additional_penalty = (\n            sum(1 for v in funcdef_vars if len(v) == 1 and v not in single_letter_var_whitelist)\n            * vars_from_blacklist_amount\n",
  "slicing": [
   "    additional_penalty = 0\n",
   "        - additional_penalty\n"
  ]
 },
 "20": {
  "name": "additional_penalty",
  "type": "int",
  "class": "build-in",
  "approach": "Pysonar2",
  "file_path": "flake8-adjustable-complexity/flake8_adjustable_complexity/complexity_helpers.py",
  "lineno": "48",
  "column": "8",
  "context": " 0\n    if not allow_single_names_in_vars:\n        additional_penalty = (\n            sum(1 for v in funcdef_vars if len(v) ",
  "context_lines": "    funcdef_vars = extract_all_vars_in_node(funcdef)\n    vars_from_blacklist_amount = sum(1 for v in funcdef_vars if v in var_names_blacklist)\n    additional_penalty = 0\n    if not allow_single_names_in_vars:\n        additional_penalty = (\n            sum(1 for v in funcdef_vars if len(v) == 1 and v not in single_letter_var_whitelist)\n            * vars_from_blacklist_amount\n        )\n    max_allowed_cyclomatic_complexity = (\n",
  "slicing": [
   "        additional_penalty = (\n",
   "        - additional_penalty\n"
  ]
 },
 "21": {
  "name": "max_allowed_cyclomatic_complexity",
  "type": "int",
  "class": "build-in",
  "approach": "Pysonar2",
  "file_path": "flake8-adjustable-complexity/flake8_adjustable_complexity/complexity_helpers.py",
  "lineno": "52",
  "column": "4",
  "context": "       * vars_from_blacklist_amount\n        )\n    max_allowed_cyclomatic_complexity = (\n        default_max_complexity\n        - bad_var_n",
  "context_lines": "        additional_penalty = (\n            sum(1 for v in funcdef_vars if len(v) == 1 and v not in single_letter_var_whitelist)\n            * vars_from_blacklist_amount\n        )\n    max_allowed_cyclomatic_complexity = (\n        default_max_complexity\n        - bad_var_name_penalty\n        * vars_from_blacklist_amount\n        - additional_penalty\n",
  "slicing": [
   "    max_allowed_cyclomatic_complexity = (\n",
   "    if current_mccabe_complexity > max_allowed_cyclomatic_complexity:\n",
   "        return funcdef, current_mccabe_complexity, max_allowed_cyclomatic_complexity\n"
  ]
 },
 "22": {
  "name": "current_mccabe_complexity",
  "type": "UNKNOWN",
  "class": "unknown",
  "approach": "annotation",
  "file_path": "flake8-adjustable-complexity/flake8_adjustable_complexity/complexity_helpers.py",
  "lineno": "58",
  "column": "4",
  "context": "ist_amount\n        - additional_penalty\n    )\n    current_mccabe_complexity = get_mccabe_complexity_for(funcdef)\n    if current_mccabe_complexity > max_allowed_cyc",
  "context_lines": "        - bad_var_name_penalty\n        * vars_from_blacklist_amount\n        - additional_penalty\n    )\n    current_mccabe_complexity = get_mccabe_complexity_for(funcdef)\n    if current_mccabe_complexity > max_allowed_cyclomatic_complexity:\n        return funcdef, current_mccabe_complexity, max_allowed_cyclomatic_complexity\n\n\ndef get_mccabe_complexity_for(node: ast.AST) -> int:\n    visitor = mccabe.PathGraphingAstVisitor()\n",
  "slicing": [
   "    current_mccabe_complexity = get_mccabe_complexity_for(funcdef)\n",
   "    if current_mccabe_complexity > max_allowed_cyclomatic_complexity:\n",
   "        return funcdef, current_mccabe_complexity, max_allowed_cyclomatic_complexity\n"
  ]
 },
 "23": {
  "name": "visitor",
  "type": "UNKNOWN",
  "class": "unknown",
  "approach": "Pysonar2",
  "file_path": "flake8-adjustable-complexity/flake8_adjustable_complexity/complexity_helpers.py",
  "lineno": "64",
  "column": "4",
  "context": "_mccabe_complexity_for(node: ast.AST) -> int:\n    visitor = mccabe.PathGraphingAstVisitor()\n    visitor.preorder(node, visitor)\n    return lis",
  "context_lines": "    current_mccabe_complexity = get_mccabe_complexity_for(funcdef)\n    if current_mccabe_complexity > max_allowed_cyclomatic_complexity:\n        return funcdef, current_mccabe_complexity, max_allowed_cyclomatic_complexity\n\n\ndef get_mccabe_complexity_for(node: ast.AST) -> int:\n    visitor = mccabe.PathGraphingAstVisitor()\n    visitor.preorder(node, visitor)\n",
  "slicing": [
   "    visitor = mccabe.PathGraphingAstVisitor()\n",
   "    visitor.preorder(node, visitor)\n",
   "    return list(visitor.graphs.values())[0].complexity()\n"
  ]
 },
 "24": {
  "name": "__version__",
  "type": "str",
  "class": "build-in",
  "approach": "Pysonar2",
  "file_path": "flake8-adjustable-complexity/flake8_adjustable_complexity/__init__.py",
  "lineno": "1",
  "column": "0",
  "context": "__version__ = '0.0.1'\n",
  "context_lines": "__version__ = '0.0.1'\n",
  "slicing": "__version__ = '0.0.1'\n"
 },
 "25": {
  "name": "BAD_VAR_NAME_PENALTY",
  "type": "int",
  "class": "build-in",
  "approach": "Pysonar2",
  "file_path": "flake8-adjustable-complexity/flake8_adjustable_complexity/checker.py",
  "lineno": "8",
  "column": "4",
  "context": "\n\nclass CyclomaticComplexityAjustableChecker:\n    BAD_VAR_NAME_PENALTY = 2\n    ALLOW_SINGLE_NAMES_IN_VARS = False\n    DEFAULT",
  "context_lines": "from typing import Generator, Tuple\n\nfrom flake8_adjustable_complexity import __version__ as version\nfrom flake8_adjustable_complexity.complexity_helpers import validate_adjustable_complexity_in_tree\n\n\nclass CyclomaticComplexityAjustableChecker:\n    BAD_VAR_NAME_PENALTY = 2\n    ALLOW_SINGLE_NAMES_IN_VARS = False\n    DEFAULT_MAX_MCCABE_COMPLEXITY = 7\n\n    VAR_NAMES_BLACKLIST = {\n        # from https://github.com/wemake-services/wemake-python-styleguide/\n",
  "slicing": "    BAD_VAR_NAME_PENALTY = 2\n"
 },
 "26": {
  "name": "ALLOW_SINGLE_NAMES_IN_VARS",
  "type": "bool",
  "class": "build-in",
  "approach": "annotation",
  "file_path": "flake8-adjustable-complexity/flake8_adjustable_complexity/checker.py",
  "lineno": "9",
  "column": "4",
  "context": "justableChecker:\n    BAD_VAR_NAME_PENALTY = 2\n    ALLOW_SINGLE_NAMES_IN_VARS = False\n    DEFAULT_MAX_MCCABE_COMPLEXITY = 7\n\n    VAR_NAM",
  "context_lines": "from flake8_adjustable_complexity import __version__ as version\nfrom flake8_adjustable_complexity.complexity_helpers import validate_adjustable_complexity_in_tree\n\n\nclass CyclomaticComplexityAjustableChecker:\n    BAD_VAR_NAME_PENALTY = 2\n    ALLOW_SINGLE_NAMES_IN_VARS = False\n    DEFAULT_MAX_MCCABE_COMPLEXITY = 7\n\n    VAR_NAMES_BLACKLIST = {\n        # from https://github.com/wemake-services/wemake-python-styleguide/\n        'val',\n",
  "slicing": "    ALLOW_SINGLE_NAMES_IN_VARS = False\n"
 },
 "27": {
  "name": "DEFAULT_MAX_MCCABE_COMPLEXITY",
  "type": "int",
  "class": "build-in",
  "approach": "Pysonar2",
  "file_path": "flake8-adjustable-complexity/flake8_adjustable_complexity/checker.py",
  "lineno": "10",
  "column": "4",
  "context": "TY = 2\n    ALLOW_SINGLE_NAMES_IN_VARS = False\n    DEFAULT_MAX_MCCABE_COMPLEXITY = 7\n\n    VAR_NAMES_BLACKLIST = {\n        # from https:",
  "context_lines": "from flake8_adjustable_complexity.complexity_helpers import validate_adjustable_complexity_in_tree\n\n\nclass CyclomaticComplexityAjustableChecker:\n    BAD_VAR_NAME_PENALTY = 2\n    ALLOW_SINGLE_NAMES_IN_VARS = False\n    DEFAULT_MAX_MCCABE_COMPLEXITY = 7\n\n    VAR_NAMES_BLACKLIST = {\n        # from https://github.com/wemake-services/wemake-python-styleguide/\n        'val',\n",
  "slicing": "    DEFAULT_MAX_MCCABE_COMPLEXITY = 7\n"
 },
 "28": {
  "name": "VAR_NAMES_BLACKLIST",
  "type": "set",
  "class": "build-in",
  "approach": "annotation",
  "file_path": "flake8-adjustable-complexity/flake8_adjustable_complexity/checker.py",
  "lineno": "12",
  "column": "4",
  "context": " False\n    DEFAULT_MAX_MCCABE_COMPLEXITY = 7\n\n    VAR_NAMES_BLACKLIST = {\n        # from https://github.com/wemake-services/",
  "context_lines": "class CyclomaticComplexityAjustableChecker:\n    BAD_VAR_NAME_PENALTY = 2\n    ALLOW_SINGLE_NAMES_IN_VARS = False\n    DEFAULT_MAX_MCCABE_COMPLEXITY = 7\n\n    VAR_NAMES_BLACKLIST = {\n        # from https://github.com/wemake-services/wemake-python-styleguide/\n        'val',\n        'vals',\n        'var',\n",
  "slicing": "    VAR_NAMES_BLACKLIST = {\n"
 },
 "29": {
  "name": "SINGLE_LETTER_VAR_WHITELIST",
  "type": "list",
  "class": "build-in",
  "approach": "annotation",
  "file_path": "flake8-adjustable-complexity/flake8_adjustable_complexity/checker.py",
  "lineno": "43",
  "column": "4",
  "context": "bj',\n        'info',\n        'handler',\n    }\n    SINGLE_LETTER_VAR_WHITELIST = ['_']\n\n    name = 'flake8-adjustable-complexity'\n    ver",
  "context_lines": "        'obj',\n        'info',\n        'handler',\n    }\n    SINGLE_LETTER_VAR_WHITELIST = ['_']\n\n    name = 'flake8-adjustable-complexity'\n    version = version\n\n    _error_message_template = 'CAC001 is too complex ({0} > {1})'\n\n",
  "slicing": "    SINGLE_LETTER_VAR_WHITELIST = ['_']\n"
 },
 "30": {
  "name": "name",
  "type": "str",
  "class": "build-in",
  "approach": "Pysonar2",
  "file_path": "flake8-adjustable-complexity/flake8_adjustable_complexity/checker.py",
  "lineno": "45",
  "column": "4",
  "context": "   }\n    SINGLE_LETTER_VAR_WHITELIST = ['_']\n\n    name = 'flake8-adjustable-complexity'\n    version = version\n\n    _error_message_template",
  "context_lines": "        'info',\n        'handler',\n    }\n    SINGLE_LETTER_VAR_WHITELIST = ['_']\n\n    name = 'flake8-adjustable-complexity'\n    version = version\n\n    _error_message_template = 'CAC001 is too complex ({0} > {1})'\n\n    max_mccabe_complexity = 0\n\n    def __init__(self, tree, filename: str):\n",
  "slicing": "    name = 'flake8-adjustable-complexity'\n"
 },
 "31": {
  "name": "version",
  "type": "UNKNOWN",
  "class": "unknown",
  "approach": "annotation",
  "file_path": "flake8-adjustable-complexity/flake8_adjustable_complexity/checker.py",
  "lineno": "46",
  "column": "4",
  "context": "']\n\n    name = 'flake8-adjustable-complexity'\n    version = version\n\n    _error_message_template = 'CAC001 is too comp",
  "context_lines": "        'handler',\n    }\n    SINGLE_LETTER_VAR_WHITELIST = ['_']\n\n    name = 'flake8-adjustable-complexity'\n    version = version\n\n    _error_message_template = 'CAC001 is too complex ({0} > {1})'\n\n    max_mccabe_complexity = 0\n\n    def __init__(self, tree, filename: str):\n",
  "slicing": [
   "    version = version\n"
  ]
 },
 "32": {
  "name": "_error_message_template",
  "type": "str",
  "class": "build-in",
  "approach": "Pysonar2",
  "file_path": "flake8-adjustable-complexity/flake8_adjustable_complexity/checker.py",
  "lineno": "48",
  "column": "4",
  "context": "adjustable-complexity'\n    version = version\n\n    _error_message_template = 'CAC001 is too complex ({0} > {1})'\n\n    max_mccabe_complexity = 0\n\n    def __init__(s",
  "context_lines": "    }\n    SINGLE_LETTER_VAR_WHITELIST = ['_']\n\n    name = 'flake8-adjustable-complexity'\n    version = version\n\n    _error_message_template = 'CAC001 is too complex ({0} > {1})'\n\n    max_mccabe_complexity = 0\n\n    def __init__(self, tree, filename: str):\n        self.filename = filename\n",
  "slicing": "    _error_message_template = 'CAC001 is too complex ({0} > {1})'\n"
 },
 "33": {
  "name": "max_mccabe_complexity",
  "type": "int",
  "class": "build-in",
  "approach": "Pysonar2",
  "file_path": "flake8-adjustable-complexity/flake8_adjustable_complexity/checker.py",
  "lineno": "50",
  "column": "4",
  "context": "mplate = 'CAC001 is too complex ({0} > {1})'\n\n    max_mccabe_complexity = 0\n\n    def __init__(self, tree, filename: str):\n    ",
  "context_lines": "    SINGLE_LETTER_VAR_WHITELIST = ['_']\n\n    name = 'flake8-adjustable-complexity'\n    version = version\n\n    _error_message_template = 'CAC001 is too complex ({0} > {1})'\n\n    max_mccabe_complexity = 0\n\n    def __init__(self, tree, filename: str):\n        self.filename = filename\n        self.tree = tree\n\n",
  "slicing": "    max_mccabe_complexity = 0\n"
 },
 "34": {
  "name": "too_difficult_functions",
  "type": "flake8_adjustable_complexity.complexity_helpers.validate_adjustable_complexity_in_tree",
  "class": "imported",
  "approach": "annotation",
  "file_path": "flake8-adjustable-complexity/flake8_adjustable_complexity/checker.py",
  "lineno": "71",
  "column": "8",
  "context": "[Tuple[int, int, str, type], None, None]:\n        too_difficult_functions = validate_adjustable_complexity_in_tree(\n            self.tree,\n            var_names_black",
  "context_lines": "    @classmethod\n    def parse_options(cls, options) -> None:\n        cls.max_mccabe_complexity = int(options.max_mccabe_complexity)\n\n    def run(self) -> Generator[Tuple[int, int, str, type], None, None]:\n        too_difficult_functions = validate_adjustable_complexity_in_tree(\n            self.tree,\n            var_names_blacklist=self.VAR_NAMES_BLACKLIST,\n            max_complexity=self.max_mccabe_complexity,\n            bad_var_name_penalty=self.BAD_VAR_NAME_PENALTY,\n",
  "slicing": [
   "        too_difficult_functions = validate_adjustable_complexity_in_tree(\n",
   "        for funcdef, actual_complexity, max_expected_complexity in too_difficult_functions:\n",
   "                funcdef.lineno,\n",
   "                funcdef.col_offset,\n",
   "                self._error_message_template.format(actual_complexity, max_expected_complexity),\n"
  ]
 },
 "35": {
  "name": "errors",
  "type": "conftest.run_validator_for_test_file",
  "class": "imported",
  "approach": "annotation",
  "file_path": "flake8-adjustable-complexity/tests/test_adjustable_complexity.py",
  "lineno": "5",
  "column": "4",
  "context": "\n\n\ndef test_get_error_for_too_complex_file():\n    errors = run_validator_for_test_file('too_complex.py')\n    assert len(errors) == 1\n\n\ndef test_get_error_f",
  "context_lines": "from conftest import run_validator_for_test_file\n\n\ndef test_get_error_for_too_complex_file():\n    errors = run_validator_for_test_file('too_complex.py')\n    assert len(errors) == 1\n\n\ndef test_get_error_for_not_too_complex_file_with_blacklisted_vars():\n    errors = run_validator_for_test_file('too_complex_with_blacklisted.py')\n",
  "slicing": [
   "    errors = run_validator_for_test_file('too_complex.py')\n",
   "    assert len(errors) == 1\n",
   "    assert len(errors) == 1\n"
  ]
 },
 "36": {
  "name": "errors",
  "type": "conftest.run_validator_for_test_file",
  "class": "imported",
  "approach": "annotation",
  "file_path": "flake8-adjustable-complexity/tests/test_adjustable_complexity.py",
  "lineno": "10",
  "column": "4",
  "context": "not_too_complex_file_with_blacklisted_vars():\n    errors = run_validator_for_test_file('too_complex_with_blacklisted.py')\n    assert len(errors) == 1\n",
  "context_lines": "def test_get_error_for_too_complex_file():\n    errors = run_validator_for_test_file('too_complex.py')\n    assert len(errors) == 1\n\n\ndef test_get_error_for_not_too_complex_file_with_blacklisted_vars():\n    errors = run_validator_for_test_file('too_complex_with_blacklisted.py')\n",
  "slicing": [
   "    errors = run_validator_for_test_file('too_complex_with_blacklisted.py')\n",
   "    assert len(errors) == 1\n"
  ]
 },
 "37": {
  "name": "test_file_path",
  "type": "str",
  "class": "build-in",
  "approach": "Pysonar2",
  "file_path": "flake8-adjustable-complexity/tests/conftest.py",
  "lineno": "8",
  "column": "4",
  "context": "\n\n\ndef run_validator_for_test_file(filename):\n    test_file_path = os.path.join(\n        os.path.dirname(os.path.abspath(__file__))",
  "context_lines": "import ast\nimport os\n\nfrom flake8_adjustable_complexity.checker import CyclomaticComplexityAjustableChecker\n\n\ndef run_validator_for_test_file(filename):\n    test_file_path = os.path.join(\n        os.path.dirname(os.path.abspath(__file__)),\n        'test_files',\n        filename,\n    )\n",
  "slicing": [
   "    test_file_path = os.path.join(\n",
   "    with open(test_file_path, 'r') as file_handler:\n"
  ]
 },
 "38": {
  "name": "raw_content",
  "type": "str",
  "class": "build-in",
  "approach": "Pysonar2",
  "file_path": "flake8-adjustable-complexity/tests/conftest.py",
  "lineno": "14",
  "column": "8",
  "context": "pen(test_file_path, 'r') as file_handler:\n        raw_content = file_handler.read()\n    tree = ast.parse(raw_content)\n    checker = Cy",
  "context_lines": "        'test_files',\n        filename,\n    )\n    with open(test_file_path, 'r') as file_handler:\n        raw_content = file_handler.read()\n    tree = ast.parse(raw_content)\n    checker = CyclomaticComplexityAjustableChecker(tree=tree, filename=filename)\n\n",
  "slicing": [
   "        raw_content = file_handler.read()\n",
   "    tree = ast.parse(raw_content)\n",
   "    checker = CyclomaticComplexityAjustableChecker(tree=tree, filename=filename)\n",
   "    return list(checker.run())\n"
  ]
 },
 "39": {
  "name": "tree",
  "type": "UNKNOWN",
  "class": "unknown",
  "approach": "Pysonar2",
  "file_path": "flake8-adjustable-complexity/tests/conftest.py",
  "lineno": "15",
  "column": "4",
  "context": "er:\n        raw_content = file_handler.read()\n    tree = ast.parse(raw_content)\n    checker = CyclomaticComplexityAjustableChecker",
  "context_lines": "        filename,\n    )\n    with open(test_file_path, 'r') as file_handler:\n        raw_content = file_handler.read()\n    tree = ast.parse(raw_content)\n    checker = CyclomaticComplexityAjustableChecker(tree=tree, filename=filename)\n\n",
  "slicing": [
   "    tree = ast.parse(raw_content)\n",
   "    checker = CyclomaticComplexityAjustableChecker(tree=tree, filename=filename)\n",
   "    return list(checker.run())\n"
  ]
 },
 "40": {
  "name": "checker",
  "type": "flake8_adjustable_complexity.checker.CyclomaticComplexityAjustableChecker",
  "class": "customized",
  "approach": "annotation",
  "file_path": "flake8-adjustable-complexity/tests/conftest.py",
  "lineno": "16",
  "column": "4",
  "context": "dler.read()\n    tree = ast.parse(raw_content)\n    checker = CyclomaticComplexityAjustableChecker(tree=tree, filename=filename)\n\n    return list(checker.run())\n",
  "context_lines": "    )\n    with open(test_file_path, 'r') as file_handler:\n        raw_content = file_handler.read()\n    tree = ast.parse(raw_content)\n    checker = CyclomaticComplexityAjustableChecker(tree=tree, filename=filename)\n\n",
  "slicing": [
   "    checker = CyclomaticComplexityAjustableChecker(tree=tree, filename=filename)\n",
   "    return list(checker.run())\n"
  ]
 },
 "41": {
  "name": "list_of_lists",
  "type": "dict",
  "class": "build-in",
  "approach": "annotation",
  "file_path": "flake8-adjustable-complexity/flake8_adjustable_complexity/list_helpers.py",
  "lineno": "4",
  "column": "9",
  "context": "from typing import List\n\n\ndef flat(list_of_lists: List[List]) -> List:\n    return [item for sublist in list_of_lists for ",
  "context_lines": "from typing import List\n\n\ndef flat(list_of_lists: List[List]) -> List:\n",
  "slicing": "def flat(list_of_lists: List[List]) -> List:\n"
 },
 "42": {
  "name": "tree",
  "type": "UNKNOWN",
  "class": "unknown",
  "approach": "Pysonar2",
  "file_path": "flake8-adjustable-complexity/flake8_adjustable_complexity/ast_helpers.py",
  "lineno": "7",
  "column": "26",
  "context": "t_helpers import flat\n\n\ndef get_all_funcdefs_from(tree: ast.AST):\n    return [\n        n for n in ast.walk(tree)\n   ",
  "context_lines": "import ast\nfrom typing import List, Union\n\nfrom flake8_adjustable_complexity.list_helpers import flat\n\n\ndef get_all_funcdefs_from(tree: ast.AST):\n    return [\n        n for n in ast.walk(tree)\n        if isinstance(n, (ast.FunctionDef, ast.AsyncFunctionDef))\n    ]\n\n\n",
  "slicing": "def get_all_funcdefs_from(tree: ast.AST):\n"
 },
 "43": {
  "name": "ast_tree",
  "type": "UNKNOWN",
  "class": "unknown",
  "approach": "Pysonar2",
  "file_path": "flake8-adjustable-complexity/flake8_adjustable_complexity/ast_helpers.py",
  "lineno": "14",
  "column": "29",
  "context": "unctionDef))\n    ]\n\n\ndef extract_all_vars_in_node(ast_tree: ast.AST) -> List[str]:\n    var_info: List[str] = []\n    assignments = [n ",
  "context_lines": "    return [\n        n for n in ast.walk(tree)\n        if isinstance(n, (ast.FunctionDef, ast.AsyncFunctionDef))\n    ]\n\n\ndef extract_all_vars_in_node(ast_tree: ast.AST) -> List[str]:\n    var_info: List[str] = []\n    assignments = [n for n in ast.walk(ast_tree) if isinstance(n, ast.Assign)]\n    var_info += flat([get_var_names_from_assignment(a) for a in assignments])\n    ann_assignments = [n for n in ast.walk(ast_tree) if isinstance(n, ast.AnnAssign)]\n",
  "slicing": "def extract_all_vars_in_node(ast_tree: ast.AST) -> List[str]:\n"
 },
 "44": {
  "name": "assignment_node",
  "type": "dict",
  "class": "build-in",
  "approach": "annotation",
  "file_path": "flake8-adjustable-complexity/flake8_adjustable_complexity/ast_helpers.py",
  "lineno": "28",
  "column": "4",
  "context": "var_info\n\n\ndef get_var_names_from_assignment(\n    assignment_node: Union[ast.Assign, ast.AnnAssign],\n) -> List[str]:\n    if isinstance(assignment_node,",
  "context_lines": "    fors = [n for n in ast.walk(ast_tree) if isinstance(n, ast.For)]\n    var_info += flat([get_var_names_from_for(f) for f in fors])\n    return var_info\n\n\ndef get_var_names_from_assignment(\n    assignment_node: Union[ast.Assign, ast.AnnAssign],\n) -> List[str]:\n    if isinstance(assignment_node, ast.AnnAssign):\n        if isinstance(assignment_node.target, ast.Name):\n            return [assignment_node.target.id]\n",
  "slicing": "    assignment_node: Union[ast.Assign, ast.AnnAssign],\n"
 },
 "45": {
  "name": "funcdef_node",
  "type": "UNKNOWN",
  "class": "unknown",
  "approach": "Pysonar2",
  "file_path": "flake8-adjustable-complexity/flake8_adjustable_complexity/ast_helpers.py",
  "lineno": "39",
  "column": "31",
  "context": "s]\n    return []\n\n\ndef get_var_names_from_funcdef(funcdef_node: ast.FunctionDef) -> List[str]:\n    vars_info = []\n    for arg in funcdef_node.arg",
  "context_lines": "    elif isinstance(assignment_node, ast.Assign):\n        names = [t for t in assignment_node.targets if isinstance(t, ast.Name)]\n        return [n.id for n in names]\n    return []\n\n\ndef get_var_names_from_funcdef(funcdef_node: ast.FunctionDef) -> List[str]:\n    vars_info = []\n    for arg in funcdef_node.args.args:\n        vars_info.append(arg.arg)\n    return vars_info\n\n\n",
  "slicing": "def get_var_names_from_funcdef(funcdef_node: ast.FunctionDef) -> List[str]:\n"
 },
 "46": {
  "name": "for_node",
  "type": "UNKNOWN",
  "class": "unknown",
  "approach": "Pysonar2",
  "file_path": "flake8-adjustable-complexity/flake8_adjustable_complexity/ast_helpers.py",
  "lineno": "46",
  "column": "27",
  "context": "    return vars_info\n\n\ndef get_var_names_from_for(for_node: ast.For) -> List[str]:\n    if isinstance(for_node.target, ast.Name):\n    ",
  "context_lines": "    vars_info = []\n    for arg in funcdef_node.args.args:\n        vars_info.append(arg.arg)\n    return vars_info\n\n\ndef get_var_names_from_for(for_node: ast.For) -> List[str]:\n    if isinstance(for_node.target, ast.Name):\n        return [for_node.target.id]\n    elif isinstance(for_node.target, ast.Tuple):\n        return [n.id for n in for_node.target.elts if isinstance(n, ast.Name)]\n",
  "slicing": "def get_var_names_from_for(for_node: ast.For) -> List[str]:\n"
 },
 "47": {
  "name": "tree",
  "type": "UNKNOWN",
  "class": "unknown",
  "approach": "Pysonar2",
  "file_path": "flake8-adjustable-complexity/flake8_adjustable_complexity/complexity_helpers.py",
  "lineno": "13",
  "column": "4",
  "context": "\n\ndef validate_adjustable_complexity_in_tree(\n    tree: ast.AST,\n    var_names_blacklist: Set[str],\n    max_complex",
  "context_lines": "    get_all_funcdefs_from,\n    extract_all_vars_in_node,\n)\n\n\ndef validate_adjustable_complexity_in_tree(\n    tree: ast.AST,\n    var_names_blacklist: Set[str],\n    max_complexity: int,\n    bad_var_name_penalty: int,\n    allow_single_names_in_vars: bool,\n",
  "slicing": "    tree: ast.AST,\n"
 },
 "48": {
  "name": "var_names_blacklist",
  "type": "dict",
  "class": "build-in",
  "approach": "annotation",
  "file_path": "flake8-adjustable-complexity/flake8_adjustable_complexity/complexity_helpers.py",
  "lineno": "14",
  "column": "4",
  "context": "stable_complexity_in_tree(\n    tree: ast.AST,\n    var_names_blacklist: Set[str],\n    max_complexity: int,\n    bad_var_name_penalty:",
  "context_lines": "    extract_all_vars_in_node,\n)\n\n\ndef validate_adjustable_complexity_in_tree(\n    tree: ast.AST,\n    var_names_blacklist: Set[str],\n    max_complexity: int,\n    bad_var_name_penalty: int,\n    allow_single_names_in_vars: bool,\n    single_letter_var_whitelist: Optional[List[str]] = None,\n",
  "slicing": "    var_names_blacklist: Set[str],\n"
 },
 "49": {
  "name": "max_complexity",
  "type": "int",
  "class": "build-in",
  "approach": "annotation",
  "file_path": "flake8-adjustable-complexity/flake8_adjustable_complexity/complexity_helpers.py",
  "lineno": "15",
  "column": "4",
  "context": ": ast.AST,\n    var_names_blacklist: Set[str],\n    max_complexity: int,\n    bad_var_name_penalty: int,\n    allow_single_na",
  "context_lines": ")\n\n\ndef validate_adjustable_complexity_in_tree(\n    tree: ast.AST,\n    var_names_blacklist: Set[str],\n    max_complexity: int,\n    bad_var_name_penalty: int,\n    allow_single_names_in_vars: bool,\n    single_letter_var_whitelist: Optional[List[str]] = None,\n) -> List[Tuple[ast.AST, int, int]]:\n",
  "slicing": "    max_complexity: int,\n"
 },
 "50": {
  "name": "bad_var_name_penalty",
  "type": "int",
  "class": "build-in",
  "approach": "annotation",
  "file_path": "flake8-adjustable-complexity/flake8_adjustable_complexity/complexity_helpers.py",
  "lineno": "16",
  "column": "4",
  "context": "blacklist: Set[str],\n    max_complexity: int,\n    bad_var_name_penalty: int,\n    allow_single_names_in_vars: bool,\n    single_l",
  "context_lines": "def validate_adjustable_complexity_in_tree(\n    tree: ast.AST,\n    var_names_blacklist: Set[str],\n    max_complexity: int,\n    bad_var_name_penalty: int,\n    allow_single_names_in_vars: bool,\n    single_letter_var_whitelist: Optional[List[str]] = None,\n) -> List[Tuple[ast.AST, int, int]]:\n    errors = []\n",
  "slicing": "    bad_var_name_penalty: int,\n"
 },
 "51": {
  "name": "allow_single_names_in_vars",
  "type": "bool",
  "class": "build-in",
  "approach": "annotation",
  "file_path": "flake8-adjustable-complexity/flake8_adjustable_complexity/complexity_helpers.py",
  "lineno": "17",
  "column": "4",
  "context": "mplexity: int,\n    bad_var_name_penalty: int,\n    allow_single_names_in_vars: bool,\n    single_letter_var_whitelist: Optional[List[str",
  "context_lines": "    tree: ast.AST,\n    var_names_blacklist: Set[str],\n    max_complexity: int,\n    bad_var_name_penalty: int,\n    allow_single_names_in_vars: bool,\n    single_letter_var_whitelist: Optional[List[str]] = None,\n) -> List[Tuple[ast.AST, int, int]]:\n    errors = []\n    for funcdef in get_all_funcdefs_from(tree):\n",
  "slicing": "    allow_single_names_in_vars: bool,\n"
 },
 "52": {
  "name": "single_letter_var_whitelist",
  "type": "dict",
  "class": "build-in",
  "approach": "annotation",
  "file_path": "flake8-adjustable-complexity/flake8_adjustable_complexity/complexity_helpers.py",
  "lineno": "18",
  "column": "4",
  "context": "y: int,\n    allow_single_names_in_vars: bool,\n    single_letter_var_whitelist: Optional[List[str]] = None,\n) -> List[Tuple[ast.AST, int, int]]:\n    errors = ",
  "context_lines": "    var_names_blacklist: Set[str],\n    max_complexity: int,\n    bad_var_name_penalty: int,\n    allow_single_names_in_vars: bool,\n    single_letter_var_whitelist: Optional[List[str]] = None,\n) -> List[Tuple[ast.AST, int, int]]:\n    errors = []\n    for funcdef in get_all_funcdefs_from(tree):\n        error_in_funcdef = check_funcdef_adjustable_complexity(\n",
  "slicing": "    single_letter_var_whitelist: Optional[List[str]] = None,\n"
 },
 "53": {
  "name": "funcdef",
  "type": "UNKNOWN",
  "class": "unknown",
  "approach": "Pysonar2",
  "file_path": "flake8-adjustable-complexity/flake8_adjustable_complexity/complexity_helpers.py",
  "lineno": "36",
  "column": "4",
  "context": "rs\n\n\ndef check_funcdef_adjustable_complexity(\n    funcdef: ast.FunctionDef,\n    var_names_blacklist: Set[str],\n    default_max",
  "context_lines": "        if error_in_funcdef:\n            errors.append(error_in_funcdef)\n    return errors\n\n\ndef check_funcdef_adjustable_complexity(\n    funcdef: ast.FunctionDef,\n    var_names_blacklist: Set[str],\n    default_max_complexity: int,\n    bad_var_name_penalty: int,\n    allow_single_names_in_vars: bool,\n",
  "slicing": "    funcdef: ast.FunctionDef,\n"
 },
 "54": {
  "name": "var_names_blacklist",
  "type": "dict",
  "class": "build-in",
  "approach": "annotation",
  "file_path": "flake8-adjustable-complexity/flake8_adjustable_complexity/complexity_helpers.py",
  "lineno": "37",
  "column": "4",
  "context": "ble_complexity(\n    funcdef: ast.FunctionDef,\n    var_names_blacklist: Set[str],\n    default_max_complexity: int,\n    bad_var_name_",
  "context_lines": "            errors.append(error_in_funcdef)\n    return errors\n\n\ndef check_funcdef_adjustable_complexity(\n    funcdef: ast.FunctionDef,\n    var_names_blacklist: Set[str],\n    default_max_complexity: int,\n    bad_var_name_penalty: int,\n    allow_single_names_in_vars: bool,\n    single_letter_var_whitelist: Optional[List[str]] = None,\n",
  "slicing": "    var_names_blacklist: Set[str],\n"
 },
 "55": {
  "name": "default_max_complexity",
  "type": "int",
  "class": "build-in",
  "approach": "annotation",
  "file_path": "flake8-adjustable-complexity/flake8_adjustable_complexity/complexity_helpers.py",
  "lineno": "38",
  "column": "4",
  "context": "nctionDef,\n    var_names_blacklist: Set[str],\n    default_max_complexity: int,\n    bad_var_name_penalty: int,\n    allow_single_na",
  "context_lines": "    return errors\n\n\ndef check_funcdef_adjustable_complexity(\n    funcdef: ast.FunctionDef,\n    var_names_blacklist: Set[str],\n    default_max_complexity: int,\n    bad_var_name_penalty: int,\n    allow_single_names_in_vars: bool,\n    single_letter_var_whitelist: Optional[List[str]] = None,\n) -> Optional[Tuple[ast.AST, int, int]]:\n",
  "slicing": "    default_max_complexity: int,\n"
 },
 "56": {
  "name": "bad_var_name_penalty",
  "type": "int",
  "class": "build-in",
  "approach": "annotation",
  "file_path": "flake8-adjustable-complexity/flake8_adjustable_complexity/complexity_helpers.py",
  "lineno": "39",
  "column": "4",
  "context": "t: Set[str],\n    default_max_complexity: int,\n    bad_var_name_penalty: int,\n    allow_single_names_in_vars: bool,\n    single_l",
  "context_lines": "def check_funcdef_adjustable_complexity(\n    funcdef: ast.FunctionDef,\n    var_names_blacklist: Set[str],\n    default_max_complexity: int,\n    bad_var_name_penalty: int,\n    allow_single_names_in_vars: bool,\n    single_letter_var_whitelist: Optional[List[str]] = None,\n) -> Optional[Tuple[ast.AST, int, int]]:\n    single_letter_var_whitelist = single_letter_var_whitelist or []\n",
  "slicing": "    bad_var_name_penalty: int,\n"
 },
 "57": {
  "name": "allow_single_names_in_vars",
  "type": "bool",
  "class": "build-in",
  "approach": "annotation",
  "file_path": "flake8-adjustable-complexity/flake8_adjustable_complexity/complexity_helpers.py",
  "lineno": "40",
  "column": "4",
  "context": "mplexity: int,\n    bad_var_name_penalty: int,\n    allow_single_names_in_vars: bool,\n    single_letter_var_whitelist: Optional[List[str",
  "context_lines": "    funcdef: ast.FunctionDef,\n    var_names_blacklist: Set[str],\n    default_max_complexity: int,\n    bad_var_name_penalty: int,\n    allow_single_names_in_vars: bool,\n    single_letter_var_whitelist: Optional[List[str]] = None,\n) -> Optional[Tuple[ast.AST, int, int]]:\n    single_letter_var_whitelist = single_letter_var_whitelist or []\n    funcdef_vars = extract_all_vars_in_node(funcdef)\n",
  "slicing": "    allow_single_names_in_vars: bool,\n"
 },
 "58": {
  "name": "single_letter_var_whitelist",
  "type": "dict",
  "class": "build-in",
  "approach": "annotation",
  "file_path": "flake8-adjustable-complexity/flake8_adjustable_complexity/complexity_helpers.py",
  "lineno": "41",
  "column": "4",
  "context": "y: int,\n    allow_single_names_in_vars: bool,\n    single_letter_var_whitelist: Optional[List[str]] = None,\n) -> Optional[Tuple[ast.AST, int, int]]:\n    singl",
  "context_lines": "    var_names_blacklist: Set[str],\n    default_max_complexity: int,\n    bad_var_name_penalty: int,\n    allow_single_names_in_vars: bool,\n    single_letter_var_whitelist: Optional[List[str]] = None,\n) -> Optional[Tuple[ast.AST, int, int]]:\n    single_letter_var_whitelist = single_letter_var_whitelist or []\n    funcdef_vars = extract_all_vars_in_node(funcdef)\n    vars_from_blacklist_amount = sum(1 for v in funcdef_vars if v in var_names_blacklist)\n",
  "slicing": "    single_letter_var_whitelist: Optional[List[str]] = None,\n"
 },
 "59": {
  "name": "node",
  "type": "UNKNOWN",
  "class": "unknown",
  "approach": "Pysonar2",
  "file_path": "flake8-adjustable-complexity/flake8_adjustable_complexity/complexity_helpers.py",
  "lineno": "63",
  "column": "30",
  "context": "omatic_complexity\n\n\ndef get_mccabe_complexity_for(node: ast.AST) -> int:\n    visitor = mccabe.PathGraphingAstVisitor()\n    ",
  "context_lines": "    )\n    current_mccabe_complexity = get_mccabe_complexity_for(funcdef)\n    if current_mccabe_complexity > max_allowed_cyclomatic_complexity:\n        return funcdef, current_mccabe_complexity, max_allowed_cyclomatic_complexity\n\n\ndef get_mccabe_complexity_for(node: ast.AST) -> int:\n    visitor = mccabe.PathGraphingAstVisitor()\n    visitor.preorder(node, visitor)\n",
  "slicing": "def get_mccabe_complexity_for(node: ast.AST) -> int:\n"
 },
 "60": {
  "name": "tree",
  "type": "UNKNOWN",
  "class": "unknown",
  "approach": "Pysonar2",
  "file_path": "flake8-adjustable-complexity/flake8_adjustable_complexity/checker.py",
  "lineno": "52",
  "column": "23",
  "context": "max_mccabe_complexity = 0\n\n    def __init__(self, tree, filename: str):\n        self.filename = filename\n        self.tree",
  "context_lines": "    name = 'flake8-adjustable-complexity'\n    version = version\n\n    _error_message_template = 'CAC001 is too complex ({0} > {1})'\n\n    max_mccabe_complexity = 0\n\n    def __init__(self, tree, filename: str):\n        self.filename = filename\n        self.tree = tree\n\n    @classmethod\n    def add_options(cls, parser) -> None:\n",
  "slicing": "    def __init__(self, tree, filename: str):\n"
 },
 "61": {
  "name": "filename",
  "type": "str",
  "class": "build-in",
  "approach": "annotation",
  "file_path": "flake8-adjustable-complexity/flake8_adjustable_complexity/checker.py",
  "lineno": "52",
  "column": "29",
  "context": "cabe_complexity = 0\n\n    def __init__(self, tree, filename: str):\n        self.filename = filename\n        self.tree",
  "context_lines": "    name = 'flake8-adjustable-complexity'\n    version = version\n\n    _error_message_template = 'CAC001 is too complex ({0} > {1})'\n\n    max_mccabe_complexity = 0\n\n    def __init__(self, tree, filename: str):\n        self.filename = filename\n        self.tree = tree\n\n    @classmethod\n    def add_options(cls, parser) -> None:\n",
  "slicing": "    def __init__(self, tree, filename: str):\n"
 },
 "62": {
  "name": "cls",
  "type": "CyclomaticComplexityAjustableChecker",
  "class": "customized",
  "approach": "Pysonar2",
  "file_path": "flake8-adjustable-complexity/flake8_adjustable_complexity/checker.py",
  "lineno": "57",
  "column": "20",
  "context": "tree = tree\n\n    @classmethod\n    def add_options(cls, parser) -> None:\n        parser.add_option(\n            '--max-mcca",
  "context_lines": "    def __init__(self, tree, filename: str):\n        self.filename = filename\n        self.tree = tree\n\n    @classmethod\n    def add_options(cls, parser) -> None:\n        parser.add_option(\n            '--max-mccabe-complexity',\n            type=int,\n            parse_from_config=True,\n",
  "slicing": "    def add_options(cls, parser) -> None:\n"
 },
 "63": {
  "name": "parser",
  "type": "UNKNOWN",
  "class": "unknown",
  "approach": "Pysonar2",
  "file_path": "flake8-adjustable-complexity/flake8_adjustable_complexity/checker.py",
  "lineno": "57",
  "column": "25",
  "context": "= tree\n\n    @classmethod\n    def add_options(cls, parser) -> None:\n        parser.add_option(\n            '--max-mcca",
  "context_lines": "    def __init__(self, tree, filename: str):\n        self.filename = filename\n        self.tree = tree\n\n    @classmethod\n    def add_options(cls, parser) -> None:\n        parser.add_option(\n            '--max-mccabe-complexity',\n            type=int,\n            parse_from_config=True,\n",
  "slicing": "    def add_options(cls, parser) -> None:\n"
 },
 "64": {
  "name": "cls",
  "type": "CyclomaticComplexityAjustableChecker",
  "class": "customized",
  "approach": "Pysonar2",
  "file_path": "flake8-adjustable-complexity/flake8_adjustable_complexity/checker.py",
  "lineno": "67",
  "column": "22",
  "context": "        )\n\n    @classmethod\n    def parse_options(cls, options) -> None:\n        cls.max_mccabe_complexity = int(options.ma",
  "context_lines": "            help='Max mccabe complexity',\n            default=cls.DEFAULT_MAX_MCCABE_COMPLEXITY,\n        )\n\n    @classmethod\n    def parse_options(cls, options) -> None:\n        cls.max_mccabe_complexity = int(options.max_mccabe_complexity)\n\n    def run(self) -> Generator[Tuple[int, int, str, type], None, None]:\n        too_difficult_functions = validate_adjustable_complexity_in_tree(\n            self.tree,\n",
  "slicing": "    def parse_options(cls, options) -> None:\n"
 },
 "65": {
  "name": "options",
  "type": "UNKNOWN",
  "class": "unknown",
  "approach": "Pysonar2",
  "file_path": "flake8-adjustable-complexity/flake8_adjustable_complexity/checker.py",
  "lineno": "67",
  "column": "27",
  "context": "   )\n\n    @classmethod\n    def parse_options(cls, options) -> None:\n        cls.max_mccabe_complexity = int(options.ma",
  "context_lines": "            help='Max mccabe complexity',\n            default=cls.DEFAULT_MAX_MCCABE_COMPLEXITY,\n        )\n\n    @classmethod\n    def parse_options(cls, options) -> None:\n        cls.max_mccabe_complexity = int(options.max_mccabe_complexity)\n\n    def run(self) -> Generator[Tuple[int, int, str, type], None, None]:\n        too_difficult_functions = validate_adjustable_complexity_in_tree(\n            self.tree,\n",
  "slicing": "    def parse_options(cls, options) -> None:\n"
 },
 "66": {
  "name": "filename",
  "type": "str",
  "class": "build-in",
  "approach": "Pysonar2",
  "file_path": "flake8-adjustable-complexity/tests/conftest.py",
  "lineno": "7",
  "column": "32",
  "context": "justableChecker\n\n\ndef run_validator_for_test_file(filename):\n    test_file_path = os.path.join(\n        os.path",
  "context_lines": "import ast\nimport os\n\nfrom flake8_adjustable_complexity.checker import CyclomaticComplexityAjustableChecker\n\n\ndef run_validator_for_test_file(filename):\n    test_file_path = os.path.join(\n        os.path.dirname(os.path.abspath(__file__)),\n        'test_files',\n        filename,\n",
  "slicing": "def run_validator_for_test_file(filename):\n"
 },
 "67": {
  "name": "version",
  "type": "version",
  "class": "imported",
  "approach": "annotation",
  "file_path": "flake8-adjustable-complexity/flake8_adjustable_complexity/checker.py",
  "lineno": "46",
  "column": "4",
  "slicing": "['    version = version\\n']",
  "context": "']\n\n    name = 'flake8-adjustable-complexity'\n    version = version\n\n    _error_message_template = 'CAC001 is too comp",
  "context_lines": "        'handler',\n    }\n    SINGLE_LETTER_VAR_WHITELIST = ['_']\n\n    name = 'flake8-adjustable-complexity'\n    version = version\n\n    _error_message_template = 'CAC001 is too complex ({0} > {1})'\n\n    max_mccabe_complexity = 0\n\n    def __init__(self, tree, filename: str):\n"
 },
 "68": {
  "name": "error_in_funcdef",
  "type": "check_funcdef_adjustable_complexity",
  "class": "imported",
  "approach": "annotation",
  "file_path": "flake8-adjustable-complexity/flake8_adjustable_complexity/complexity_helpers.py",
  "lineno": "22",
  "column": "8",
  "slicing": "['    errors = []\\n', '    for funcdef in get_all_funcdefs_from(tree):\\n', '        error_in_funcdef = check_funcdef_adjustable_complexity(\\n', '            funcdef,\\n', '        if error_in_funcdef:\\n', '            errors.append(error_in_funcdef)\\n', '    return errors\\n', '    single_letter_var_whitelist = single_letter_var_whitelist or []\\n', '    funcdef_vars = extract_all_vars_in_node(funcdef)\\n', '    vars_from_blacklist_amount = sum(1 for v in funcdef_vars if v in var_names_blacklist)\\n', '    additional_penalty = 0\\n', '        additional_penalty = (\\n', '            sum(1 for v in funcdef_vars if len(v) == 1 and v not in single_letter_var_whitelist)\\n', '            * vars_from_blacklist_amount\\n', '        * vars_from_blacklist_amount\\n', '        - additional_penalty\\n', '    current_mccabe_complexity = get_mccabe_complexity_for(funcdef)\\n', '    if current_mccabe_complexity > max_allowed_cyclomatic_complexity:\\n', '        return funcdef, current_mccabe_complexity, max_allowed_cyclomatic_complexity\\n']",
  "context": "r funcdef in get_all_funcdefs_from(tree):\n        error_in_funcdef = check_funcdef_adjustable_complexity(\n            funcdef,\n            var_names_blackli",
  "context_lines": "    single_letter_var_whitelist: Optional[List[str]] = None,\n) -> List[Tuple[ast.AST, int, int]]:\n    errors = []\n    for funcdef in get_all_funcdefs_from(tree):\n        error_in_funcdef = check_funcdef_adjustable_complexity(\n            funcdef,\n            var_names_blacklist,\n            max_complexity,\n            bad_var_name_penalty,\n"
 },
 "69": {
  "name": "vars_from_blacklist_amount",
  "type": "sum",
  "class": "imported",
  "approach": "annotation",
  "file_path": "flake8-adjustable-complexity/flake8_adjustable_complexity/complexity_helpers.py",
  "lineno": "45",
  "column": "4",
  "slicing": "['    errors = []\\n', '    for funcdef in get_all_funcdefs_from(tree):\\n', '        error_in_funcdef = check_funcdef_adjustable_complexity(\\n', '            funcdef,\\n', '        if error_in_funcdef:\\n', '            errors.append(error_in_funcdef)\\n', '    return errors\\n', '    single_letter_var_whitelist = single_letter_var_whitelist or []\\n', '    funcdef_vars = extract_all_vars_in_node(funcdef)\\n', '    vars_from_blacklist_amount = sum(1 for v in funcdef_vars if v in var_names_blacklist)\\n', '    additional_penalty = 0\\n', '        additional_penalty = (\\n', '            sum(1 for v in funcdef_vars if len(v) == 1 and v not in single_letter_var_whitelist)\\n', '            * vars_from_blacklist_amount\\n', '        * vars_from_blacklist_amount\\n', '        - additional_penalty\\n', '    current_mccabe_complexity = get_mccabe_complexity_for(funcdef)\\n', '    if current_mccabe_complexity > max_allowed_cyclomatic_complexity:\\n', '        return funcdef, current_mccabe_complexity, max_allowed_cyclomatic_complexity\\n']",
  "context": "cdef_vars = extract_all_vars_in_node(funcdef)\n    vars_from_blacklist_amount = sum(1 for v in funcdef_vars if v in var_names_blacklist)\n    additional_penalty = 0\n    if not allow_single",
  "context_lines": "    single_letter_var_whitelist: Optional[List[str]] = None,\n) -> Optional[Tuple[ast.AST, int, int]]:\n    single_letter_var_whitelist = single_letter_var_whitelist or []\n    funcdef_vars = extract_all_vars_in_node(funcdef)\n    vars_from_blacklist_amount = sum(1 for v in funcdef_vars if v in var_names_blacklist)\n    additional_penalty = 0\n    if not allow_single_names_in_vars:\n        additional_penalty = (\n            sum(1 for v in funcdef_vars if len(v) == 1 and v not in single_letter_var_whitelist)\n"
 },
 "70": {
  "name": "current_mccabe_complexity",
  "type": "get_mccabe_complexity_for",
  "class": "imported",
  "approach": "annotation",
  "file_path": "flake8-adjustable-complexity/flake8_adjustable_complexity/complexity_helpers.py",
  "lineno": "58",
  "column": "4",
  "slicing": "['    errors = []\\n', '    for funcdef in get_all_funcdefs_from(tree):\\n', '        error_in_funcdef = check_funcdef_adjustable_complexity(\\n', '            funcdef,\\n', '        if error_in_funcdef:\\n', '            errors.append(error_in_funcdef)\\n', '    return errors\\n', '    single_letter_var_whitelist = single_letter_var_whitelist or []\\n', '    funcdef_vars = extract_all_vars_in_node(funcdef)\\n', '    vars_from_blacklist_amount = sum(1 for v in funcdef_vars if v in var_names_blacklist)\\n', '    additional_penalty = 0\\n', '        additional_penalty = (\\n', '            sum(1 for v in funcdef_vars if len(v) == 1 and v not in single_letter_var_whitelist)\\n', '            * vars_from_blacklist_amount\\n', '        * vars_from_blacklist_amount\\n', '        - additional_penalty\\n', '    current_mccabe_complexity = get_mccabe_complexity_for(funcdef)\\n', '    if current_mccabe_complexity > max_allowed_cyclomatic_complexity:\\n', '        return funcdef, current_mccabe_complexity, max_allowed_cyclomatic_complexity\\n']",
  "context": "ist_amount\n        - additional_penalty\n    )\n    current_mccabe_complexity = get_mccabe_complexity_for(funcdef)\n    if current_mccabe_complexity > max_allowed_cyc",
  "context_lines": "        - bad_var_name_penalty\n        * vars_from_blacklist_amount\n        - additional_penalty\n    )\n    current_mccabe_complexity = get_mccabe_complexity_for(funcdef)\n    if current_mccabe_complexity > max_allowed_cyclomatic_complexity:\n        return funcdef, current_mccabe_complexity, max_allowed_cyclomatic_complexity\n\n\ndef get_mccabe_complexity_for(node: ast.AST) -> int:\n    visitor = mccabe.PathGraphingAstVisitor()\n"
 }
}