{
 "1": {
  "name": "app",
  "type": "flask_shorten.create_app",
  "class": "imported",
  "approach": "annotation",
  "file_path": "flask_shorten/run.py",
  "lineno": "12",
  "column": "0",
  "context": "nWarning)\n\nlogging.basicConfig(stream=sys.stdout)\napp = create_app()\n",
  "context_lines": "# Ignore deprecation Warnings after app has been initialize\n# to not pollute the logs when running\nwarnings.filterwarnings(\"ignore\", category=DeprecationWarning)\n\nlogging.basicConfig(stream=sys.stdout)\napp = create_app()\n",
  "slicing": "app = create_app()\n"
 },
 "2": {
  "name": "app",
  "type": "flask_shorten.create_app",
  "class": "imported",
  "approach": "annotation",
  "file_path": "flask_shorten/test/test_flask_shorten.py",
  "lineno": "11",
  "column": "4",
  "context": "LALCHEMY_DATABASE_URI\", \"sqlite:///:memory:\")\n    app = create_app(testing=True)\n    yield app\n\n\n@pytest.fixture\ndef database(app):",
  "context_lines": "from flask_shorten.models import db, UrlMapper\n\n\n@pytest.fixture\ndef app(monkeypatch):\n    monkeypatch.setenv(\"SQLALCHEMY_DATABASE_URI\", \"sqlite:///:memory:\")\n    app = create_app(testing=True)\n    yield app\n\n\n@pytest.fixture\ndef database(app):\n    with app.app_context():\n",
  "slicing": [
   "    app = create_app(testing=True)\n",
   "    yield app\n",
   "    with app.app_context():\n",
   "    client = app.test_client()\n",
   "    client.post(\n",
   "    a = client.get(\"/localhost\")\n",
   "    assert a.status_code == 302\n",
   "    assert a.location == \"http://localhost.dev\"\n",
   "    client = app.test_client()\n",
   "    client.post(\"/url/\", json={\"url\": \"http://localhosting.dev\"})\n",
   "    a = client.get(\"/randomstring\")\n",
   "    assert a.status_code == 302\n",
   "    assert a.location == \"http://localhosting.dev\"\n",
   "    client = app.test_client()\n",
   "    client.post(\n",
   "    a = client.post(\n",
   "    assert a.status_code == 409\n",
   "    client = app.test_client()\n",
   "    a = client.get(\"notexisting\")\n",
   "    assert a.status_code == 404\n"
  ]
 },
 "3": {
  "name": "client",
  "type": "UNKNOWN",
  "class": "unknown",
  "approach": "Pysonar2",
  "file_path": "flask_shorten/test/test_flask_shorten.py",
  "lineno": "25",
  "column": "4",
  "context": "def test_custom_path_creation(app, database):\n    client = app.test_client()\n    client.post(\n        \"/url/\", json={\"url\": \"ht",
  "context_lines": "        yield\n        db.session.remove()\n        db.drop_all()\n\n\ndef test_custom_path_creation(app, database):\n    client = app.test_client()\n    client.post(\n        \"/url/\", json={\"url\": \"http://localhost.dev\", \"custom_path\": \"localhost\"}\n    )\n    a = client.get(\"/localhost\")\n",
  "slicing": [
   "    client = app.test_client()\n",
   "    client.post(\n",
   "    a = client.get(\"/localhost\")\n",
   "    assert a.status_code == 302\n",
   "    assert a.location == \"http://localhost.dev\"\n",
   "    client.post(\"/url/\", json={\"url\": \"http://localhosting.dev\"})\n",
   "    a = client.get(\"/randomstring\")\n",
   "    assert a.status_code == 302\n",
   "    assert a.location == \"http://localhosting.dev\"\n",
   "    client.post(\n",
   "    a = client.post(\n",
   "    assert a.status_code == 409\n",
   "    a = client.get(\"notexisting\")\n",
   "    assert a.status_code == 404\n"
  ]
 },
 "4": {
  "name": "a",
  "type": "UNKNOWN",
  "class": "unknown",
  "approach": "Pysonar2",
  "file_path": "flask_shorten/test/test_flask_shorten.py",
  "lineno": "29",
  "column": "4",
  "context": "lhost.dev\", \"custom_path\": \"localhost\"}\n    )\n    a = client.get(\"/localhost\")\n    assert a.status_code == 302\n    assert a.locat",
  "context_lines": "    client = app.test_client()\n    client.post(\n        \"/url/\", json={\"url\": \"http://localhost.dev\", \"custom_path\": \"localhost\"}\n    )\n    a = client.get(\"/localhost\")\n    assert a.status_code == 302\n    assert a.location == \"http://localhost.dev\"\n\n\ndef test_random_path_creation(database, app, monkeypatch):\n    client = app.test_client()\n",
  "slicing": [
   "    a = client.get(\"/localhost\")\n",
   "    assert a.status_code == 302\n",
   "    assert a.location == \"http://localhost.dev\"\n",
   "    assert a.status_code == 302\n",
   "    assert a.location == \"http://localhosting.dev\"\n",
   "    assert a.status_code == 409\n",
   "    assert a.status_code == 404\n"
  ]
 },
 "5": {
  "name": "client",
  "type": "UNKNOWN",
  "class": "unknown",
  "approach": "Pysonar2",
  "file_path": "flask_shorten/test/test_flask_shorten.py",
  "lineno": "35",
  "column": "4",
  "context": "om_path_creation(database, app, monkeypatch):\n    client = app.test_client()\n    monkeypatch.setattr(UrlMapper, \"generate_hash_",
  "context_lines": "    a = client.get(\"/localhost\")\n    assert a.status_code == 302\n    assert a.location == \"http://localhost.dev\"\n\n\ndef test_random_path_creation(database, app, monkeypatch):\n    client = app.test_client()\n    monkeypatch.setattr(UrlMapper, \"generate_hash_path\", lambda: \"randomstring\")\n    client.post(\"/url/\", json={\"url\": \"http://localhosting.dev\"})\n    a = client.get(\"/randomstring\")\n    assert a.status_code == 302\n",
  "slicing": [
   "    client = app.test_client()\n",
   "    client.post(\"/url/\", json={\"url\": \"http://localhosting.dev\"})\n",
   "    a = client.get(\"/randomstring\")\n",
   "    assert a.status_code == 302\n",
   "    assert a.location == \"http://localhosting.dev\"\n",
   "    client.post(\n",
   "    a = client.post(\n",
   "    assert a.status_code == 409\n",
   "    a = client.get(\"notexisting\")\n",
   "    assert a.status_code == 404\n"
  ]
 },
 "6": {
  "name": "a",
  "type": "UNKNOWN",
  "class": "unknown",
  "approach": "Pysonar2",
  "file_path": "flask_shorten/test/test_flask_shorten.py",
  "lineno": "38",
  "column": "4",
  "context": "l/\", json={\"url\": \"http://localhosting.dev\"})\n    a = client.get(\"/randomstring\")\n    assert a.status_code == 302\n    assert a.locat",
  "context_lines": "def test_random_path_creation(database, app, monkeypatch):\n    client = app.test_client()\n    monkeypatch.setattr(UrlMapper, \"generate_hash_path\", lambda: \"randomstring\")\n    client.post(\"/url/\", json={\"url\": \"http://localhosting.dev\"})\n    a = client.get(\"/randomstring\")\n    assert a.status_code == 302\n    assert a.location == \"http://localhosting.dev\"\n\n\ndef test_taken_path(app, database, monkeypatch):\n    client = app.test_client()\n",
  "slicing": [
   "    a = client.get(\"/randomstring\")\n",
   "    assert a.status_code == 302\n",
   "    assert a.location == \"http://localhosting.dev\"\n",
   "    assert a.status_code == 409\n",
   "    assert a.status_code == 404\n"
  ]
 },
 "7": {
  "name": "client",
  "type": "UNKNOWN",
  "class": "unknown",
  "approach": "Pysonar2",
  "file_path": "flask_shorten/test/test_flask_shorten.py",
  "lineno": "44",
  "column": "4",
  "context": " test_taken_path(app, database, monkeypatch):\n    client = app.test_client()\n    client.post(\n        \"/url/\", json={\"url\": \"ht",
  "context_lines": "    a = client.get(\"/randomstring\")\n    assert a.status_code == 302\n    assert a.location == \"http://localhosting.dev\"\n\n\ndef test_taken_path(app, database, monkeypatch):\n    client = app.test_client()\n    client.post(\n        \"/url/\", json={\"url\": \"http://localhost.dev\", \"custom_path\": \"localhost\"}\n    )\n    a = client.post(\n",
  "slicing": [
   "    client = app.test_client()\n",
   "    client.post(\n",
   "    a = client.post(\n",
   "    assert a.status_code == 409\n",
   "    a = client.get(\"notexisting\")\n",
   "    assert a.status_code == 404\n"
  ]
 },
 "8": {
  "name": "a",
  "type": "UNKNOWN",
  "class": "unknown",
  "approach": "Pysonar2",
  "file_path": "flask_shorten/test/test_flask_shorten.py",
  "lineno": "48",
  "column": "4",
  "context": "lhost.dev\", \"custom_path\": \"localhost\"}\n    )\n    a = client.post(\n        \"/url/\", json={\"url\": \"http://localhost.de",
  "context_lines": "    client = app.test_client()\n    client.post(\n        \"/url/\", json={\"url\": \"http://localhost.dev\", \"custom_path\": \"localhost\"}\n    )\n    a = client.post(\n        \"/url/\", json={\"url\": \"http://localhost.dev\", \"custom_path\": \"localhost\"}\n    )\n    assert a.status_code == 409\n\n\ndef test_no_path(app, database, monkeypatch):\n",
  "slicing": [
   "    a = client.post(\n",
   "    assert a.status_code == 409\n",
   "    assert a.status_code == 404\n"
  ]
 },
 "9": {
  "name": "client",
  "type": "UNKNOWN",
  "class": "unknown",
  "approach": "Pysonar2",
  "file_path": "flask_shorten/test/test_flask_shorten.py",
  "lineno": "55",
  "column": "4",
  "context": "def test_no_path(app, database, monkeypatch):\n    client = app.test_client()\n    a = client.get(\"notexisting\")\n    assert a.sta",
  "context_lines": "        \"/url/\", json={\"url\": \"http://localhost.dev\", \"custom_path\": \"localhost\"}\n    )\n    assert a.status_code == 409\n\n\ndef test_no_path(app, database, monkeypatch):\n    client = app.test_client()\n    a = client.get(\"notexisting\")\n",
  "slicing": [
   "    client = app.test_client()\n",
   "    a = client.get(\"notexisting\")\n",
   "    assert a.status_code == 404\n"
  ]
 },
 "10": {
  "name": "a",
  "type": "UNKNOWN",
  "class": "unknown",
  "approach": "Pysonar2",
  "file_path": "flask_shorten/test/test_flask_shorten.py",
  "lineno": "56",
  "column": "4",
  "context": " monkeypatch):\n    client = app.test_client()\n    a = client.get(\"notexisting\")\n    assert a.status_code == 404\n",
  "context_lines": "    )\n    assert a.status_code == 409\n\n\ndef test_no_path(app, database, monkeypatch):\n    client = app.test_client()\n    a = client.get(\"notexisting\")\n",
  "slicing": [
   "    a = client.get(\"notexisting\")\n",
   "    assert a.status_code == 404\n"
  ]
 },
 "11": {
  "name": "config",
  "type": "UNKNOWN",
  "class": "unknown",
  "approach": "Pysonar2",
  "file_path": "flask_shorten/alembic/env.py",
  "lineno": "13",
  "column": "0",
  "context": "access to the values within the .ini file in use.\nconfig = context.config\n\n# Interpret the config file for Python logging.\n#",
  "context_lines": "from sqlalchemy import pool\n\nfrom alembic import context\n\n# this is the Alembic Config object, which provides\n# access to the values within the .ini file in use.\nconfig = context.config\n\n# Interpret the config file for Python logging.\n# This line sets up loggers basically.\nfileConfig(config.config_file_name)\n\n",
  "slicing": [
   "config = context.config\n",
   "fileConfig(config.config_file_name)\n",
   "config.set_main_option(\"sqlalchemy.url\", uri)\n",
   "    url = config.get_main_option(\"sqlalchemy.url\")\n",
   "    context.configure(url=url, target_metadata=target_metadata, literal_binds=True)\n",
   "        config.get_section(config.config_ini_section),\n"
  ]
 },
 "12": {
  "name": "target_metadata",
  "type": "UNKNOWN",
  "class": "unknown",
  "approach": "annotation",
  "file_path": "flask_shorten/alembic/env.py",
  "lineno": "23",
  "column": "0",
  "context": "mymodel\n# target_metadata = mymodel.Base.metadata\ntarget_metadata = None\n\n# other values from the config, defined by the ne",
  "context_lines": "# add your model's MetaData object here\n# for 'autogenerate' support\n# from myapp import mymodel\n# target_metadata = mymodel.Base.metadata\ntarget_metadata = None\n\n# other values from the config, defined by the needs of env.py,\n# can be acquired:\n# my_important_option = config.get_main_option(\"my_important_option\")\n",
  "slicing": [
   "target_metadata = None\n",
   "    context.configure(url=url, target_metadata=target_metadata, literal_binds=True)\n",
   "        context.configure(connection=connection, target_metadata=target_metadata)\n"
  ]
 },
 "13": {
  "name": "postgres_password",
  "type": "str",
  "class": "build-in",
  "approach": "Pysonar2",
  "file_path": "flask_shorten/alembic/env.py",
  "lineno": "30",
  "column": "0",
  "context": "et_main_option(\"my_important_option\")\n# ... etc.\n\npostgres_password = os.getenv(\"POSTGRES_PASSWORD\")\npostgres_user = os.getenv(\"POSTGRES_USER\")\npostgre",
  "context_lines": "# other values from the config, defined by the needs of env.py,\n# can be acquired:\n# my_important_option = config.get_main_option(\"my_important_option\")\n# ... etc.\n\npostgres_password = os.getenv(\"POSTGRES_PASSWORD\")\npostgres_user = os.getenv(\"POSTGRES_USER\")\npostgres_database = os.getenv(\"POSTGRES_DATABASE\")\npostgres_service = os.getenv(\"POSTGRES_SERVICE\")\nif postgres_password and postgres_password and postgres_service and postgres_user:\n",
  "slicing": [
   "postgres_password = os.getenv(\"POSTGRES_PASSWORD\")\n",
   "if postgres_password and postgres_password and postgres_service and postgres_user:\n",
   "    uri = f\"postgresql+psycopg2://{postgres_user}:{postgres_password}@{postgres_service}/{postgres_database}\"\n",
   "config.set_main_option(\"sqlalchemy.url\", uri)\n"
  ]
 },
 "14": {
  "name": "postgres_user",
  "type": "str",
  "class": "build-in",
  "approach": "Pysonar2",
  "file_path": "flask_shorten/alembic/env.py",
  "lineno": "31",
  "column": "0",
  "context": "ostgres_password = os.getenv(\"POSTGRES_PASSWORD\")\npostgres_user = os.getenv(\"POSTGRES_USER\")\npostgres_database = os.getenv(\"POSTGRES_DATABASE\")",
  "context_lines": "# can be acquired:\n# my_important_option = config.get_main_option(\"my_important_option\")\n# ... etc.\n\npostgres_password = os.getenv(\"POSTGRES_PASSWORD\")\npostgres_user = os.getenv(\"POSTGRES_USER\")\npostgres_database = os.getenv(\"POSTGRES_DATABASE\")\npostgres_service = os.getenv(\"POSTGRES_SERVICE\")\nif postgres_password and postgres_password and postgres_service and postgres_user:\n    uri = f\"postgresql+psycopg2://{postgres_user}:{postgres_password}@{postgres_service}/{postgres_database}\"\n",
  "slicing": [
   "postgres_user = os.getenv(\"POSTGRES_USER\")\n",
   "if postgres_password and postgres_password and postgres_service and postgres_user:\n",
   "    uri = f\"postgresql+psycopg2://{postgres_user}:{postgres_password}@{postgres_service}/{postgres_database}\"\n",
   "config.set_main_option(\"sqlalchemy.url\", uri)\n"
  ]
 },
 "15": {
  "name": "postgres_database",
  "type": "str",
  "class": "build-in",
  "approach": "Pysonar2",
  "file_path": "flask_shorten/alembic/env.py",
  "lineno": "32",
  "column": "0",
  "context": "WORD\")\npostgres_user = os.getenv(\"POSTGRES_USER\")\npostgres_database = os.getenv(\"POSTGRES_DATABASE\")\npostgres_service = os.getenv(\"POSTGRES_SERVICE\")\ni",
  "context_lines": "# my_important_option = config.get_main_option(\"my_important_option\")\n# ... etc.\n\npostgres_password = os.getenv(\"POSTGRES_PASSWORD\")\npostgres_user = os.getenv(\"POSTGRES_USER\")\npostgres_database = os.getenv(\"POSTGRES_DATABASE\")\npostgres_service = os.getenv(\"POSTGRES_SERVICE\")\nif postgres_password and postgres_password and postgres_service and postgres_user:\n    uri = f\"postgresql+psycopg2://{postgres_user}:{postgres_password}@{postgres_service}/{postgres_database}\"\nconfig.set_main_option(\"sqlalchemy.url\", uri)\n\n\n",
  "slicing": [
   "postgres_database = os.getenv(\"POSTGRES_DATABASE\")\n",
   "    uri = f\"postgresql+psycopg2://{postgres_user}:{postgres_password}@{postgres_service}/{postgres_database}\"\n",
   "config.set_main_option(\"sqlalchemy.url\", uri)\n"
  ]
 },
 "16": {
  "name": "postgres_service",
  "type": "str",
  "class": "build-in",
  "approach": "Pysonar2",
  "file_path": "flask_shorten/alembic/env.py",
  "lineno": "33",
  "column": "0",
  "context": "ostgres_database = os.getenv(\"POSTGRES_DATABASE\")\npostgres_service = os.getenv(\"POSTGRES_SERVICE\")\nif postgres_password and postgres_password and pos",
  "context_lines": "# ... etc.\n\npostgres_password = os.getenv(\"POSTGRES_PASSWORD\")\npostgres_user = os.getenv(\"POSTGRES_USER\")\npostgres_database = os.getenv(\"POSTGRES_DATABASE\")\npostgres_service = os.getenv(\"POSTGRES_SERVICE\")\nif postgres_password and postgres_password and postgres_service and postgres_user:\n    uri = f\"postgresql+psycopg2://{postgres_user}:{postgres_password}@{postgres_service}/{postgres_database}\"\nconfig.set_main_option(\"sqlalchemy.url\", uri)\n\n\ndef run_migrations_offline():\n",
  "slicing": [
   "postgres_service = os.getenv(\"POSTGRES_SERVICE\")\n",
   "if postgres_password and postgres_password and postgres_service and postgres_user:\n",
   "    uri = f\"postgresql+psycopg2://{postgres_user}:{postgres_password}@{postgres_service}/{postgres_database}\"\n",
   "config.set_main_option(\"sqlalchemy.url\", uri)\n"
  ]
 },
 "17": {
  "name": "uri",
  "type": "str",
  "class": "build-in",
  "approach": "Pysonar2",
  "file_path": "flask_shorten/alembic/env.py",
  "lineno": "35",
  "column": "4",
  "context": "sword and postgres_service and postgres_user:\n    uri = f\"postgresql+psycopg2://{postgres_user}:{postgres_password}@{postgres_service}/{postgres_database}\"\nconfig.set_main_option(\"sqlalchemy.url\", uri)\n\n\nde",
  "context_lines": "postgres_user = os.getenv(\"POSTGRES_USER\")\npostgres_database = os.getenv(\"POSTGRES_DATABASE\")\npostgres_service = os.getenv(\"POSTGRES_SERVICE\")\nif postgres_password and postgres_password and postgres_service and postgres_user:\n    uri = f\"postgresql+psycopg2://{postgres_user}:{postgres_password}@{postgres_service}/{postgres_database}\"\nconfig.set_main_option(\"sqlalchemy.url\", uri)\n\n\ndef run_migrations_offline():\n    \"\"\"Run migrations in 'offline' mode.\n\n    This configures the context with just a URL\n",
  "slicing": [
   "    uri = f\"postgresql+psycopg2://{postgres_user}:{postgres_password}@{postgres_service}/{postgres_database}\"\n",
   "config.set_main_option(\"sqlalchemy.url\", uri)\n"
  ]
 },
 "18": {
  "name": "url",
  "type": "UNKNOWN",
  "class": "unknown",
  "approach": "Pysonar2",
  "file_path": "flask_shorten/alembic/env.py",
  "lineno": "51",
  "column": "4",
  "context": "ven string to the\n    script output.\n\n    \"\"\"\n    url = config.get_main_option(\"sqlalchemy.url\")\n    context.configure(url=url, target_metadata=tar",
  "context_lines": "    we don't even need a DBAPI to be available.\n\n    Calls to context.execute() here emit the given string to the\n    script output.\n\n    \"\"\"\n    url = config.get_main_option(\"sqlalchemy.url\")\n    context.configure(url=url, target_metadata=target_metadata, literal_binds=True)\n\n    with context.begin_transaction():\n        context.run_migrations()\n\n\ndef run_migrations_online():\n",
  "slicing": [
   "    url = config.get_main_option(\"sqlalchemy.url\")\n",
   "    context.configure(url=url, target_metadata=target_metadata, literal_binds=True)\n"
  ]
 },
 "19": {
  "name": "connectable",
  "type": "sqlalchemy.engine_from_config",
  "class": "imported",
  "approach": "annotation",
  "file_path": "flask_shorten/alembic/env.py",
  "lineno": "65",
  "column": "4",
  "context": "ciate a connection with the context.\n\n    \"\"\"\n    connectable = engine_from_config(\n        config.get_section(config.config_ini_secti",
  "context_lines": "    \"\"\"Run migrations in 'online' mode.\n\n    In this scenario we need to create an Engine\n    and associate a connection with the context.\n\n    \"\"\"\n    connectable = engine_from_config(\n        config.get_section(config.config_ini_section),\n        prefix=\"sqlalchemy.\",\n        poolclass=pool.NullPool,\n    )\n\n",
  "slicing": [
   "    connectable = engine_from_config(\n",
   "    with connectable.connect() as connection:\n"
  ]
 },
 "20": {
  "name": "revision",
  "type": "str",
  "class": "build-in",
  "approach": "Pysonar2",
  "file_path": "flask_shorten/alembic/versions/b3e9d4be4d7c_added_url_mapper_table.py",
  "lineno": "13",
  "column": "0",
  "context": " as sa\n\n\n# revision identifiers, used by Alembic.\nrevision = \"b3e9d4be4d7c\"\ndown_revision = None\nbranch_labels = None\ndepends_",
  "context_lines": "\"\"\"\nfrom alembic import op\nimport sqlalchemy as sa\n\n\n# revision identifiers, used by Alembic.\nrevision = \"b3e9d4be4d7c\"\ndown_revision = None\nbranch_labels = None\ndepends_on = None\n\n\ndef upgrade():\n",
  "slicing": "revision = \"b3e9d4be4d7c\"\n"
 },
 "21": {
  "name": "down_revision",
  "type": "UNKNOWN",
  "class": "unknown",
  "approach": "annotation",
  "file_path": "flask_shorten/alembic/versions/b3e9d4be4d7c_added_url_mapper_table.py",
  "lineno": "14",
  "column": "0",
  "context": "fiers, used by Alembic.\nrevision = \"b3e9d4be4d7c\"\ndown_revision = None\nbranch_labels = None\ndepends_on = None\n\n\ndef upgra",
  "context_lines": "from alembic import op\nimport sqlalchemy as sa\n\n\n# revision identifiers, used by Alembic.\nrevision = \"b3e9d4be4d7c\"\ndown_revision = None\nbranch_labels = None\ndepends_on = None\n\n\ndef upgrade():\n    op.create_table(\n",
  "slicing": "down_revision = None\n"
 },
 "22": {
  "name": "branch_labels",
  "type": "UNKNOWN",
  "class": "unknown",
  "approach": "annotation",
  "file_path": "flask_shorten/alembic/versions/b3e9d4be4d7c_added_url_mapper_table.py",
  "lineno": "15",
  "column": "0",
  "context": "c.\nrevision = \"b3e9d4be4d7c\"\ndown_revision = None\nbranch_labels = None\ndepends_on = None\n\n\ndef upgrade():\n    op.create_t",
  "context_lines": "import sqlalchemy as sa\n\n\n# revision identifiers, used by Alembic.\nrevision = \"b3e9d4be4d7c\"\ndown_revision = None\nbranch_labels = None\ndepends_on = None\n\n\ndef upgrade():\n    op.create_table(\n        \"url_mapper\",\n",
  "slicing": "branch_labels = None\n"
 },
 "23": {
  "name": "depends_on",
  "type": "UNKNOWN",
  "class": "unknown",
  "approach": "annotation",
  "file_path": "flask_shorten/alembic/versions/b3e9d4be4d7c_added_url_mapper_table.py",
  "lineno": "16",
  "column": "0",
  "context": "be4d7c\"\ndown_revision = None\nbranch_labels = None\ndepends_on = None\n\n\ndef upgrade():\n    op.create_table(\n        \"url",
  "context_lines": "# revision identifiers, used by Alembic.\nrevision = \"b3e9d4be4d7c\"\ndown_revision = None\nbranch_labels = None\ndepends_on = None\n\n\ndef upgrade():\n    op.create_table(\n        \"url_mapper\",\n",
  "slicing": "depends_on = None\n"
 },
 "24": {
  "name": "api",
  "type": "flask_rest_api.Api",
  "class": "imported",
  "approach": "annotation",
  "file_path": "flask_shorten/flask_shorten/views.py",
  "lineno": "8",
  "column": "0",
  "context": "eprint, abort\n\nfrom .models import UrlMapper, db\n\napi = Api()\n\nurl_bp = Blueprint(\"url\", \"url\", url_prefix=\"/url",
  "context_lines": "from flask import redirect, send_from_directory\nfrom marshmallow import Schema, fields, validate\nfrom flask_rest_api import Api, Blueprint, abort\n\nfrom .models import UrlMapper, db\n\napi = Api()\n\nurl_bp = Blueprint(\"url\", \"url\", url_prefix=\"/url\", description=\"Url Mapping Api\")\n\n\n@api.definition(\"UrlMappingRequest\")\nclass UrlMappingRequest(Schema):\n",
  "slicing": [
   "api = Api()\n",
   "@api.definition(\"UrlMappingRequest\")\n",
   "@api.definition(\"UrlMappingResponse\")\n",
   "@api.definition(\"UrlMappingQuery\")\n"
  ]
 },
 "25": {
  "name": "url_bp",
  "type": "flask_rest_api.Blueprint",
  "class": "imported",
  "approach": "annotation",
  "file_path": "flask_shorten/flask_shorten/views.py",
  "lineno": "10",
  "column": "0",
  "context": "\n\nfrom .models import UrlMapper, db\n\napi = Api()\n\nurl_bp = Blueprint(\"url\", \"url\", url_prefix=\"/url\", description=\"Url Mapping Api\")\n\n\n@api.definition(\"UrlMappingRequest\")\nclass UrlMa",
  "context_lines": "from marshmallow import Schema, fields, validate\nfrom flask_rest_api import Api, Blueprint, abort\n\nfrom .models import UrlMapper, db\n\napi = Api()\n\nurl_bp = Blueprint(\"url\", \"url\", url_prefix=\"/url\", description=\"Url Mapping Api\")\n\n\n@api.definition(\"UrlMappingRequest\")\nclass UrlMappingRequest(Schema):\n    \"\"\"Schema for generating of url mapping\"\"\"\n\n",
  "slicing": [
   "url_bp = Blueprint(\"url\", \"url\", url_prefix=\"/url\", description=\"Url Mapping Api\")\n",
   "@url_bp.route(\"/\")\n",
   "    @url_bp.arguments(UrlMappingQuery, location=\"query\")\n",
   "    @url_bp.response(UrlMappingResponse)\n",
   "    @url_bp.arguments(UrlMappingRequest)\n",
   "    @url_bp.response(UrlMappingResponse)\n"
  ]
 },
 "26": {
  "name": "strict",
  "type": "bool",
  "class": "build-in",
  "approach": "annotation",
  "file_path": "flask_shorten/flask_shorten/views.py",
  "lineno": "18",
  "column": "8",
  "context": "rating of url mapping\"\"\"\n\n    class Meta:\n        strict = True\n\n    url = fields.Url(required=True)\n    custom_pa",
  "context_lines": "@api.definition(\"UrlMappingRequest\")\nclass UrlMappingRequest(Schema):\n    \"\"\"Schema for generating of url mapping\"\"\"\n\n    class Meta:\n        strict = True\n\n    url = fields.Url(required=True)\n    custom_path = fields.String(\n        required=False,\n",
  "slicing": "        strict = True\n"
 },
 "27": {
  "name": "url",
  "type": "UNKNOWN",
  "class": "unknown",
  "approach": "Pysonar2",
  "file_path": "flask_shorten/flask_shorten/views.py",
  "lineno": "20",
  "column": "4",
  "context": "ng\"\"\"\n\n    class Meta:\n        strict = True\n\n    url = fields.Url(required=True)\n    custom_path = fields.String(\n        required=",
  "context_lines": "class UrlMappingRequest(Schema):\n    \"\"\"Schema for generating of url mapping\"\"\"\n\n    class Meta:\n        strict = True\n\n    url = fields.Url(required=True)\n    custom_path = fields.String(\n        required=False,\n        validate=[\n            validate.Length(min=6, max=88),\n",
  "slicing": [
   "    url = fields.Url(required=True)\n",
   "    url_mapper = UrlMapper(url=url, path=path, custom=custom)\n",
   "    db.session.add(url_mapper)\n",
   "    return url_mapper\n",
   "        url_mapper = create_url_mapper(url, path)\n",
   "        return url_mapper\n"
  ]
 },
 "28": {
  "name": "custom_path",
  "type": "UNKNOWN",
  "class": "unknown",
  "approach": "Pysonar2",
  "file_path": "flask_shorten/flask_shorten/views.py",
  "lineno": "21",
  "column": "4",
  "context": "t = True\n\n    url = fields.Url(required=True)\n    custom_path = fields.String(\n        required=False,\n        validate=[\n       ",
  "context_lines": "    \"\"\"Schema for generating of url mapping\"\"\"\n\n    class Meta:\n        strict = True\n\n    url = fields.Url(required=True)\n    custom_path = fields.String(\n        required=False,\n        validate=[\n            validate.Length(min=6, max=88),\n            validate.Regexp(\n",
  "slicing": "    custom_path = fields.String(\n"
 },
 "29": {
  "name": "strict",
  "type": "bool",
  "class": "build-in",
  "approach": "annotation",
  "file_path": "flask_shorten/flask_shorten/views.py",
  "lineno": "37",
  "column": "8",
  "context": "sponse of url mapping\"\"\"\n\n    class Meta:\n        strict = True\n\n    url = fields.Url(required=True)\n    path = fi",
  "context_lines": "@api.definition(\"UrlMappingResponse\")\nclass UrlMappingResponse(Schema):\n    \"\"\"Schema for response of url mapping\"\"\"\n\n    class Meta:\n        strict = True\n\n    url = fields.Url(required=True)\n    path = fields.String(required=False)\n\n\n@api.definition(\"UrlMappingQuery\")\n",
  "slicing": "        strict = True\n"
 },
 "30": {
  "name": "url",
  "type": "UNKNOWN",
  "class": "unknown",
  "approach": "Pysonar2",
  "file_path": "flask_shorten/flask_shorten/views.py",
  "lineno": "39",
  "column": "4",
  "context": "ng\"\"\"\n\n    class Meta:\n        strict = True\n\n    url = fields.Url(required=True)\n    path = fields.String(required=False)\n\n\n@api.de",
  "context_lines": "class UrlMappingResponse(Schema):\n    \"\"\"Schema for response of url mapping\"\"\"\n\n    class Meta:\n        strict = True\n\n    url = fields.Url(required=True)\n    path = fields.String(required=False)\n\n\n@api.definition(\"UrlMappingQuery\")\nclass UrlMappingQuery(Schema):\n    \"\"\"Schema for querying url mappings.\"\"\"\n\n",
  "slicing": [
   "    url = fields.Url(required=True)\n",
   "    url_mapper = UrlMapper(url=url, path=path, custom=custom)\n",
   "    db.session.add(url_mapper)\n",
   "    return url_mapper\n",
   "        url_mapper = create_url_mapper(url, path)\n",
   "        return url_mapper\n"
  ]
 },
 "31": {
  "name": "path",
  "type": "UNKNOWN",
  "class": "unknown",
  "approach": "Pysonar2",
  "file_path": "flask_shorten/flask_shorten/views.py",
  "lineno": "40",
  "column": "4",
  "context": "t = True\n\n    url = fields.Url(required=True)\n    path = fields.String(required=False)\n\n\n@api.definition(\"UrlMappingQuery\")\nclass UrlMapp",
  "context_lines": "    \"\"\"Schema for response of url mapping\"\"\"\n\n    class Meta:\n        strict = True\n\n    url = fields.Url(required=True)\n    path = fields.String(required=False)\n\n\n@api.definition(\"UrlMappingQuery\")\nclass UrlMappingQuery(Schema):\n    \"\"\"Schema for querying url mappings.\"\"\"\n\n",
  "slicing": [
   "    path = fields.String(required=False)\n",
   "    if not path:\n",
   "    url_mapper = UrlMapper.query.filter_by(path=path).one_or_none()\n",
   "    if url_mapper is not None:\n",
   "    url_mapper = UrlMapper(url=url, path=path, custom=custom)\n",
   "    db.session.add(url_mapper)\n",
   "    return url_mapper\n",
   "        return UrlMapper.query.filter_by(path=path).one_or_none()\n",
   "        url_mapper = create_url_mapper(url, path)\n",
   "        return url_mapper\n",
   "        result = UrlMapper.query.filter_by(path=path).one_or_none()\n",
   "        if result is None:\n",
   "            abort(404, message=\"No url found for path %s\" % path)\n",
   "        return redirect(result.url)\n"
  ]
 },
 "32": {
  "name": "strict",
  "type": "bool",
  "class": "build-in",
  "approach": "annotation",
  "file_path": "flask_shorten/flask_shorten/views.py",
  "lineno": "48",
  "column": "8",
  "context": "uerying url mappings.\"\"\"\n\n    class Meta:\n        strict = True\n\n    path = fields.String(required=True)\n\n\ndef cre",
  "context_lines": "@api.definition(\"UrlMappingQuery\")\nclass UrlMappingQuery(Schema):\n    \"\"\"Schema for querying url mappings.\"\"\"\n\n    class Meta:\n        strict = True\n\n    path = fields.String(required=True)\n\n\ndef create_url_mapper(url: str, path: str = None) -> UrlMapper:\n    \"\"\"Creates a new url based on path.\n\n",
  "slicing": "        strict = True\n"
 },
 "33": {
  "name": "path",
  "type": "UNKNOWN",
  "class": "unknown",
  "approach": "Pysonar2",
  "file_path": "flask_shorten/flask_shorten/views.py",
  "lineno": "50",
  "column": "4",
  "context": "s.\"\"\"\n\n    class Meta:\n        strict = True\n\n    path = fields.String(required=True)\n\n\ndef create_url_mapper(url: str, path: str = None",
  "context_lines": "class UrlMappingQuery(Schema):\n    \"\"\"Schema for querying url mappings.\"\"\"\n\n    class Meta:\n        strict = True\n\n    path = fields.String(required=True)\n\n\ndef create_url_mapper(url: str, path: str = None) -> UrlMapper:\n    \"\"\"Creates a new url based on path.\n\n    If path is none, generates random hash.\n",
  "slicing": [
   "    path = fields.String(required=True)\n",
   "    if not path:\n",
   "    url_mapper = UrlMapper.query.filter_by(path=path).one_or_none()\n",
   "    if url_mapper is not None:\n",
   "    url_mapper = UrlMapper(url=url, path=path, custom=custom)\n",
   "    db.session.add(url_mapper)\n",
   "    return url_mapper\n",
   "        return UrlMapper.query.filter_by(path=path).one_or_none()\n",
   "        url_mapper = create_url_mapper(url, path)\n",
   "        return url_mapper\n",
   "        result = UrlMapper.query.filter_by(path=path).one_or_none()\n",
   "        if result is None:\n",
   "            abort(404, message=\"No url found for path %s\" % path)\n",
   "        return redirect(result.url)\n"
  ]
 },
 "34": {
  "name": "custom",
  "type": "bool",
  "class": "build-in",
  "approach": "annotation",
  "file_path": "flask_shorten/flask_shorten/views.py",
  "lineno": "59",
  "column": "4",
  "context": "rt if path already exists in database\n    \"\"\"\n    custom = True\n    if not path:\n        custom = False\n        pa",
  "context_lines": "    \"\"\"Creates a new url based on path.\n\n    If path is none, generates random hash.\n    Raises an abort if path already exists in database\n    \"\"\"\n    custom = True\n    if not path:\n        custom = False\n        path = UrlMapper.generate_hash_path()\n\n    url_mapper = UrlMapper.query.filter_by(path=path).one_or_none()\n",
  "slicing": [
   "    custom = True\n",
   "    url_mapper = UrlMapper(url=url, path=path, custom=custom)\n",
   "    db.session.add(url_mapper)\n",
   "    return url_mapper\n",
   "        return url_mapper\n"
  ]
 },
 "35": {
  "name": "custom",
  "type": "bool",
  "class": "build-in",
  "approach": "annotation",
  "file_path": "flask_shorten/flask_shorten/views.py",
  "lineno": "61",
  "column": "8",
  "context": "   \"\"\"\n    custom = True\n    if not path:\n        custom = False\n        path = UrlMapper.generate_hash_path()\n\n   ",
  "context_lines": "    Raises an abort if path already exists in database\n    \"\"\"\n    custom = True\n    if not path:\n        custom = False\n        path = UrlMapper.generate_hash_path()\n\n    url_mapper = UrlMapper.query.filter_by(path=path).one_or_none()\n    if url_mapper is not None:\n        abort(409, message=\"That path is already taken in use\")\n",
  "slicing": [
   "        custom = False\n",
   "    url_mapper = UrlMapper(url=url, path=path, custom=custom)\n",
   "    db.session.add(url_mapper)\n",
   "    return url_mapper\n",
   "        return url_mapper\n"
  ]
 },
 "36": {
  "name": "path",
  "type": "UNKNOWN",
  "class": "unknown",
  "approach": "Pysonar2",
  "file_path": "flask_shorten/flask_shorten/views.py",
  "lineno": "62",
  "column": "8",
  "context": "e\n    if not path:\n        custom = False\n        path = UrlMapper.generate_hash_path()\n\n    url_mapper = UrlMapper.query.filter_by(path=p",
  "context_lines": "    \"\"\"\n    custom = True\n    if not path:\n        custom = False\n        path = UrlMapper.generate_hash_path()\n\n    url_mapper = UrlMapper.query.filter_by(path=path).one_or_none()\n    if url_mapper is not None:\n        abort(409, message=\"That path is already taken in use\")\n",
  "slicing": [
   "        path = UrlMapper.generate_hash_path()\n",
   "    url_mapper = UrlMapper.query.filter_by(path=path).one_or_none()\n",
   "    if url_mapper is not None:\n",
   "    url_mapper = UrlMapper(url=url, path=path, custom=custom)\n",
   "    db.session.add(url_mapper)\n",
   "    return url_mapper\n",
   "        return UrlMapper.query.filter_by(path=path).one_or_none()\n",
   "        url_mapper = create_url_mapper(url, path)\n",
   "        return url_mapper\n",
   "        result = UrlMapper.query.filter_by(path=path).one_or_none()\n",
   "        if result is None:\n",
   "            abort(404, message=\"No url found for path %s\" % path)\n",
   "        return redirect(result.url)\n"
  ]
 },
 "37": {
  "name": "url_mapper",
  "type": "UNKNOWN",
  "class": "unknown",
  "approach": "Pysonar2",
  "file_path": "flask_shorten/flask_shorten/views.py",
  "lineno": "64",
  "column": "4",
  "context": "       path = UrlMapper.generate_hash_path()\n\n    url_mapper = UrlMapper.query.filter_by(path=path).one_or_none()\n    if url_mapper is not None:\n        abort(409, ",
  "context_lines": "    custom = True\n    if not path:\n        custom = False\n        path = UrlMapper.generate_hash_path()\n\n    url_mapper = UrlMapper.query.filter_by(path=path).one_or_none()\n    if url_mapper is not None:\n        abort(409, message=\"That path is already taken in use\")\n    url_mapper = UrlMapper(url=url, path=path, custom=custom)\n    db.session.add(url_mapper)\n",
  "slicing": [
   "    url_mapper = UrlMapper.query.filter_by(path=path).one_or_none()\n",
   "    if url_mapper is not None:\n",
   "    db.session.add(url_mapper)\n",
   "    return url_mapper\n",
   "        return url_mapper\n"
  ]
 },
 "38": {
  "name": "url_mapper",
  "type": "models.UrlMapper",
  "class": "customized",
  "approach": "annotation",
  "file_path": "flask_shorten/flask_shorten/views.py",
  "lineno": "67",
  "column": "4",
  "context": " message=\"That path is already taken in use\")\n    url_mapper = UrlMapper(url=url, path=path, custom=custom)\n    db.session.add(url_mapper)\n    db.session.comm",
  "context_lines": "        path = UrlMapper.generate_hash_path()\n\n    url_mapper = UrlMapper.query.filter_by(path=path).one_or_none()\n    if url_mapper is not None:\n        abort(409, message=\"That path is already taken in use\")\n    url_mapper = UrlMapper(url=url, path=path, custom=custom)\n    db.session.add(url_mapper)\n    db.session.commit()\n    return url_mapper\n\n\n@url_bp.route(\"/\")\n",
  "slicing": [
   "    url_mapper = UrlMapper(url=url, path=path, custom=custom)\n",
   "    db.session.add(url_mapper)\n",
   "    return url_mapper\n",
   "        return url_mapper\n"
  ]
 },
 "39": {
  "name": "path",
  "type": "UNKNOWN",
  "class": "unknown",
  "approach": "Pysonar2",
  "file_path": "flask_shorten/flask_shorten/views.py",
  "lineno": "80",
  "column": "8",
  "context": "MappingResponse)\n    def get(self, args):\n        path = args.get(\"path\")\n        return UrlMapper.query.filter_by(path=path",
  "context_lines": "    \"\"\"Resource for generating new url endpoints\"\"\"\n\n    @url_bp.arguments(UrlMappingQuery, location=\"query\")\n    @url_bp.response(UrlMappingResponse)\n    def get(self, args):\n        path = args.get(\"path\")\n        return UrlMapper.query.filter_by(path=path).one_or_none()\n\n    @url_bp.arguments(UrlMappingRequest)\n    @url_bp.response(UrlMappingResponse)\n    def post(self, args):\n",
  "slicing": [
   "        path = args.get(\"path\")\n",
   "        return UrlMapper.query.filter_by(path=path).one_or_none()\n",
   "        url_mapper = create_url_mapper(url, path)\n",
   "        return url_mapper\n",
   "        result = UrlMapper.query.filter_by(path=path).one_or_none()\n",
   "        if result is None:\n",
   "            abort(404, message=\"No url found for path %s\" % path)\n",
   "        return redirect(result.url)\n"
  ]
 },
 "40": {
  "name": "url",
  "type": "UNKNOWN",
  "class": "unknown",
  "approach": "Pysonar2",
  "file_path": "flask_shorten/flask_shorten/views.py",
  "lineno": "86",
  "column": "8",
  "context": "appingResponse)\n    def post(self, args):\n        url = args.get(\"url\")\n        path = args.get(\"custom_path\")\n        url",
  "context_lines": "        return UrlMapper.query.filter_by(path=path).one_or_none()\n\n    @url_bp.arguments(UrlMappingRequest)\n    @url_bp.response(UrlMappingResponse)\n    def post(self, args):\n        url = args.get(\"url\")\n        path = args.get(\"custom_path\")\n        url_mapper = create_url_mapper(url, path)\n        return url_mapper\n\n\nclass Redirection(MethodView):\n",
  "slicing": [
   "        url = args.get(\"url\")\n",
   "        url_mapper = create_url_mapper(url, path)\n",
   "        return url_mapper\n"
  ]
 },
 "41": {
  "name": "path",
  "type": "UNKNOWN",
  "class": "unknown",
  "approach": "Pysonar2",
  "file_path": "flask_shorten/flask_shorten/views.py",
  "lineno": "87",
  "column": "8",
  "context": "elf, args):\n        url = args.get(\"url\")\n        path = args.get(\"custom_path\")\n        url_mapper = create_url_mapper(url, path)\n",
  "context_lines": "    @url_bp.arguments(UrlMappingRequest)\n    @url_bp.response(UrlMappingResponse)\n    def post(self, args):\n        url = args.get(\"url\")\n        path = args.get(\"custom_path\")\n        url_mapper = create_url_mapper(url, path)\n        return url_mapper\n\n\nclass Redirection(MethodView):\n    \"\"\"Redirect to appropriate endpoint.\n\n",
  "slicing": [
   "        path = args.get(\"custom_path\")\n",
   "        url_mapper = create_url_mapper(url, path)\n",
   "        return url_mapper\n",
   "        result = UrlMapper.query.filter_by(path=path).one_or_none()\n",
   "        if result is None:\n",
   "            abort(404, message=\"No url found for path %s\" % path)\n",
   "        return redirect(result.url)\n"
  ]
 },
 "42": {
  "name": "url_mapper",
  "type": "UNKNOWN",
  "class": "unknown",
  "approach": "annotation",
  "file_path": "flask_shorten/flask_shorten/views.py",
  "lineno": "88",
  "column": "8",
  "context": "\")\n        path = args.get(\"custom_path\")\n        url_mapper = create_url_mapper(url, path)\n        return url_mapper\n\n\nclass Redirection(Meth",
  "context_lines": "    @url_bp.response(UrlMappingResponse)\n    def post(self, args):\n        url = args.get(\"url\")\n        path = args.get(\"custom_path\")\n        url_mapper = create_url_mapper(url, path)\n        return url_mapper\n\n\nclass Redirection(MethodView):\n    \"\"\"Redirect to appropriate endpoint.\n\n    TODO:\n",
  "slicing": [
   "        url_mapper = create_url_mapper(url, path)\n",
   "        return url_mapper\n"
  ]
 },
 "43": {
  "name": "result",
  "type": "UNKNOWN",
  "class": "unknown",
  "approach": "Pysonar2",
  "file_path": "flask_shorten/flask_shorten/views.py",
  "lineno": "100",
  "column": "8",
  "context": "atabase\n    \"\"\"\n\n    def get(self, path):\n        result = UrlMapper.query.filter_by(path=path).one_or_none()\n        if result is None:\n            abort(404, ",
  "context_lines": "    TODO:\n    - Record incoming headers and cookies then store them in a database\n    \"\"\"\n\n    def get(self, path):\n        result = UrlMapper.query.filter_by(path=path).one_or_none()\n        if result is None:\n            abort(404, message=\"No url found for path %s\" % path)\n        return redirect(result.url)\n\n\nclass HomePage(MethodView):\n",
  "slicing": [
   "        result = UrlMapper.query.filter_by(path=path).one_or_none()\n",
   "        if result is None:\n",
   "        return redirect(result.url)\n"
  ]
 },
 "44": {
  "name": "HASH_LENGTH",
  "type": "int",
  "class": "build-in",
  "approach": "Pysonar2",
  "file_path": "flask_shorten/flask_shorten/models.py",
  "lineno": "7",
  "column": "0",
  "context": "port SQLAlchemy\n\nfrom shortuuid import ShortUUID\n\nHASH_LENGTH = 8\n\ndb = SQLAlchemy()\n\n\nclass UrlMapper(db.Model):  #",
  "context_lines": "from datetime import datetime\n\nfrom flask_sqlalchemy import SQLAlchemy\n\nfrom shortuuid import ShortUUID\n\nHASH_LENGTH = 8\n\ndb = SQLAlchemy()\n\n\nclass UrlMapper(db.Model):  # type: ignore\n    \"\"\"URL Mapper\"\"\"\n\n",
  "slicing": [
   "HASH_LENGTH = 8\n",
   "        return ShortUUID().random(HASH_LENGTH)\n"
  ]
 },
 "45": {
  "name": "db",
  "type": "flask_sqlalchemy.SQLAlchemy",
  "class": "imported",
  "approach": "annotation",
  "file_path": "flask_shorten/flask_shorten/models.py",
  "lineno": "9",
  "column": "0",
  "context": "from shortuuid import ShortUUID\n\nHASH_LENGTH = 8\n\ndb = SQLAlchemy()\n\n\nclass UrlMapper(db.Model):  # type: ignore\n    \"",
  "context_lines": "from datetime import datetime\n\nfrom flask_sqlalchemy import SQLAlchemy\n\nfrom shortuuid import ShortUUID\n\nHASH_LENGTH = 8\n\ndb = SQLAlchemy()\n\n\nclass UrlMapper(db.Model):  # type: ignore\n    \"\"\"URL Mapper\"\"\"\n\n    __tablename__ = \"url_mapper\"\n",
  "slicing": [
   "db = SQLAlchemy()\n",
   "class UrlMapper(db.Model):  # type: ignore\n",
   "    id = db.Column(\"id\", db.Integer, primary_key=True)\n",
   "    url = db.Column(\"url\", db.String, nullable=False)\n",
   "    path = db.Column(\"path\", db.String, unique=True)\n",
   "    custom = db.Column(\"custom\", db.Boolean, nullable=False)\n",
   "    created_on = db.Column(\n",
   "        \"created_on\", db.DateTime, nullable=False, default=datetime.utcnow\n"
  ]
 },
 "46": {
  "name": "__tablename__",
  "type": "str",
  "class": "build-in",
  "approach": "Pysonar2",
  "file_path": "flask_shorten/flask_shorten/models.py",
  "lineno": "15",
  "column": "4",
  "context": "Model):  # type: ignore\n    \"\"\"URL Mapper\"\"\"\n\n    __tablename__ = \"url_mapper\"\n    id = db.Column(\"id\", db.Integer, primary_key=T",
  "context_lines": "HASH_LENGTH = 8\n\ndb = SQLAlchemy()\n\n\nclass UrlMapper(db.Model):  # type: ignore\n    \"\"\"URL Mapper\"\"\"\n\n    __tablename__ = \"url_mapper\"\n    id = db.Column(\"id\", db.Integer, primary_key=True)\n    url = db.Column(\"url\", db.String, nullable=False)\n    path = db.Column(\"path\", db.String, unique=True)\n    custom = db.Column(\"custom\", db.Boolean, nullable=False)\n",
  "slicing": "    __tablename__ = \"url_mapper\"\n"
 },
 "47": {
  "name": "id",
  "type": "UNKNOWN",
  "class": "unknown",
  "approach": "Pysonar2",
  "file_path": "flask_shorten/flask_shorten/models.py",
  "lineno": "16",
  "column": "4",
  "context": "L Mapper\"\"\"\n\n    __tablename__ = \"url_mapper\"\n    id = db.Column(\"id\", db.Integer, primary_key=True)\n    url = db.Column(\"url\", db.String, nullable=Fal",
  "context_lines": "db = SQLAlchemy()\n\n\nclass UrlMapper(db.Model):  # type: ignore\n    \"\"\"URL Mapper\"\"\"\n\n    __tablename__ = \"url_mapper\"\n    id = db.Column(\"id\", db.Integer, primary_key=True)\n    url = db.Column(\"url\", db.String, nullable=False)\n    path = db.Column(\"path\", db.String, unique=True)\n    custom = db.Column(\"custom\", db.Boolean, nullable=False)\n    created_on = db.Column(\n",
  "slicing": "    id = db.Column(\"id\", db.Integer, primary_key=True)\n"
 },
 "48": {
  "name": "url",
  "type": "UNKNOWN",
  "class": "unknown",
  "approach": "Pysonar2",
  "file_path": "flask_shorten/flask_shorten/models.py",
  "lineno": "17",
  "column": "4",
  "context": "db.Column(\"id\", db.Integer, primary_key=True)\n    url = db.Column(\"url\", db.String, nullable=False)\n    path = db.Column(\"path\", db.String, unique=Tru",
  "context_lines": "class UrlMapper(db.Model):  # type: ignore\n    \"\"\"URL Mapper\"\"\"\n\n    __tablename__ = \"url_mapper\"\n    id = db.Column(\"id\", db.Integer, primary_key=True)\n    url = db.Column(\"url\", db.String, nullable=False)\n    path = db.Column(\"path\", db.String, unique=True)\n    custom = db.Column(\"custom\", db.Boolean, nullable=False)\n    created_on = db.Column(\n        \"created_on\", db.DateTime, nullable=False, default=datetime.utcnow\n",
  "slicing": "    url = db.Column(\"url\", db.String, nullable=False)\n"
 },
 "49": {
  "name": "path",
  "type": "UNKNOWN",
  "class": "unknown",
  "approach": "Pysonar2",
  "file_path": "flask_shorten/flask_shorten/models.py",
  "lineno": "18",
  "column": "4",
  "context": "= db.Column(\"url\", db.String, nullable=False)\n    path = db.Column(\"path\", db.String, unique=True)\n    custom = db.Column(\"custom\", db.Boolean, nulla",
  "context_lines": "    \"\"\"URL Mapper\"\"\"\n\n    __tablename__ = \"url_mapper\"\n    id = db.Column(\"id\", db.Integer, primary_key=True)\n    url = db.Column(\"url\", db.String, nullable=False)\n    path = db.Column(\"path\", db.String, unique=True)\n    custom = db.Column(\"custom\", db.Boolean, nullable=False)\n    created_on = db.Column(\n        \"created_on\", db.DateTime, nullable=False, default=datetime.utcnow\n    )\n\n",
  "slicing": "    path = db.Column(\"path\", db.String, unique=True)\n"
 },
 "50": {
  "name": "custom",
  "type": "UNKNOWN",
  "class": "unknown",
  "approach": "Pysonar2",
  "file_path": "flask_shorten/flask_shorten/models.py",
  "lineno": "19",
  "column": "4",
  "context": "h = db.Column(\"path\", db.String, unique=True)\n    custom = db.Column(\"custom\", db.Boolean, nullable=False)\n    created_on = db.Column(\n        \"created_on\", ",
  "context_lines": "    __tablename__ = \"url_mapper\"\n    id = db.Column(\"id\", db.Integer, primary_key=True)\n    url = db.Column(\"url\", db.String, nullable=False)\n    path = db.Column(\"path\", db.String, unique=True)\n    custom = db.Column(\"custom\", db.Boolean, nullable=False)\n    created_on = db.Column(\n        \"created_on\", db.DateTime, nullable=False, default=datetime.utcnow\n    )\n\n    @staticmethod\n",
  "slicing": "    custom = db.Column(\"custom\", db.Boolean, nullable=False)\n"
 },
 "51": {
  "name": "created_on",
  "type": "UNKNOWN",
  "class": "unknown",
  "approach": "Pysonar2",
  "file_path": "flask_shorten/flask_shorten/models.py",
  "lineno": "20",
  "column": "4",
  "context": ".Column(\"custom\", db.Boolean, nullable=False)\n    created_on = db.Column(\n        \"created_on\", db.DateTime, nullable=False,",
  "context_lines": "    id = db.Column(\"id\", db.Integer, primary_key=True)\n    url = db.Column(\"url\", db.String, nullable=False)\n    path = db.Column(\"path\", db.String, unique=True)\n    custom = db.Column(\"custom\", db.Boolean, nullable=False)\n    created_on = db.Column(\n        \"created_on\", db.DateTime, nullable=False, default=datetime.utcnow\n    )\n\n    @staticmethod\n    def generate_hash_path():\n",
  "slicing": "    created_on = db.Column(\n"
 },
 "52": {
  "name": "logger",
  "type": "UNKNOWN",
  "class": "unknown",
  "approach": "Pysonar2",
  "file_path": "flask_shorten/flask_shorten/__init__.py",
  "lineno": "13",
  "column": "0",
  "context": "y_sdk.integrations.flask import FlaskIntegration\n\nlogger = logging.getLogger(__name__)\n\n\ndef set_config(app, testing=False):\n    \"\"\"Set u",
  "context_lines": "from flask_talisman import Talisman\n\n\nfrom .models import db\n\nimport sentry_sdk\nfrom sentry_sdk.integrations.flask import FlaskIntegration\n\nlogger = logging.getLogger(__name__)\n\n\ndef set_config(app, testing=False):\n    \"\"\"Set up config\n\n    TODO: Move this to an config class\n",
  "slicing": [
   "logger = logging.getLogger(__name__)\n",
   "        logger.warning(\"Missing postgres info using %s\", uri)\n",
   "        logger.info(\"Using sentry monitoring\")\n",
   "        logger.warning(\"Found no sentry_dsn. Not using sentry\")\n"
  ]
 },
 "53": {
  "name": "postgres_password",
  "type": "str",
  "class": "build-in",
  "approach": "Pysonar2",
  "file_path": "flask_shorten/flask_shorten/__init__.py",
  "lineno": "21",
  "column": "4",
  "context": "   TODO: Move this to an config class\n    \"\"\"\n    postgres_password = os.getenv(\"POSTGRES_PASSWORD\")\n    postgres_user = os.getenv(\"POSTGRES_USER\")\n   ",
  "context_lines": "def set_config(app, testing=False):\n    \"\"\"Set up config\n\n    TODO: Move this to an config class\n    \"\"\"\n    postgres_password = os.getenv(\"POSTGRES_PASSWORD\")\n    postgres_user = os.getenv(\"POSTGRES_USER\")\n    postgres_database = os.getenv(\"POSTGRES_DATABASE\")\n    postgres_service = os.getenv(\"POSTGRES_SERVICE\")\n    if (\n",
  "slicing": [
   "    postgres_password = os.getenv(\"POSTGRES_PASSWORD\")\n",
   "        postgres_password is not None\n",
   "        and postgres_password is not None\n",
   "            + postgres_password\n"
  ]
 },
 "54": {
  "name": "postgres_user",
  "type": "str",
  "class": "build-in",
  "approach": "Pysonar2",
  "file_path": "flask_shorten/flask_shorten/__init__.py",
  "lineno": "22",
  "column": "4",
  "context": "res_password = os.getenv(\"POSTGRES_PASSWORD\")\n    postgres_user = os.getenv(\"POSTGRES_USER\")\n    postgres_database = os.getenv(\"POSTGRES_DATABA",
  "context_lines": "    \"\"\"Set up config\n\n    TODO: Move this to an config class\n    \"\"\"\n    postgres_password = os.getenv(\"POSTGRES_PASSWORD\")\n    postgres_user = os.getenv(\"POSTGRES_USER\")\n    postgres_database = os.getenv(\"POSTGRES_DATABASE\")\n    postgres_service = os.getenv(\"POSTGRES_SERVICE\")\n    if (\n        postgres_password is not None\n",
  "slicing": [
   "    postgres_user = os.getenv(\"POSTGRES_USER\")\n",
   "        and postgres_user is not None\n",
   "            + postgres_user\n"
  ]
 },
 "55": {
  "name": "postgres_database",
  "type": "str",
  "class": "build-in",
  "approach": "Pysonar2",
  "file_path": "flask_shorten/flask_shorten/__init__.py",
  "lineno": "23",
  "column": "4",
  "context": "   postgres_user = os.getenv(\"POSTGRES_USER\")\n    postgres_database = os.getenv(\"POSTGRES_DATABASE\")\n    postgres_service = os.getenv(\"POSTGRES_SERVICE",
  "context_lines": "    TODO: Move this to an config class\n    \"\"\"\n    postgres_password = os.getenv(\"POSTGRES_PASSWORD\")\n    postgres_user = os.getenv(\"POSTGRES_USER\")\n    postgres_database = os.getenv(\"POSTGRES_DATABASE\")\n    postgres_service = os.getenv(\"POSTGRES_SERVICE\")\n    if (\n        postgres_password is not None\n        and postgres_password is not None\n",
  "slicing": [
   "    postgres_database = os.getenv(\"POSTGRES_DATABASE\")\n",
   "            + postgres_database\n"
  ]
 },
 "56": {
  "name": "postgres_service",
  "type": "str",
  "class": "build-in",
  "approach": "Pysonar2",
  "file_path": "flask_shorten/flask_shorten/__init__.py",
  "lineno": "24",
  "column": "4",
  "context": "res_database = os.getenv(\"POSTGRES_DATABASE\")\n    postgres_service = os.getenv(\"POSTGRES_SERVICE\")\n    if (\n        postgres_password is not None\n   ",
  "context_lines": "    \"\"\"\n    postgres_password = os.getenv(\"POSTGRES_PASSWORD\")\n    postgres_user = os.getenv(\"POSTGRES_USER\")\n    postgres_database = os.getenv(\"POSTGRES_DATABASE\")\n    postgres_service = os.getenv(\"POSTGRES_SERVICE\")\n    if (\n        postgres_password is not None\n        and postgres_password is not None\n        and postgres_service is not None\n",
  "slicing": [
   "    postgres_service = os.getenv(\"POSTGRES_SERVICE\")\n",
   "        and postgres_service is not None\n",
   "            + postgres_service\n"
  ]
 },
 "57": {
  "name": "uri",
  "type": "str",
  "class": "build-in",
  "approach": "Pysonar2",
  "file_path": "flask_shorten/flask_shorten/__init__.py",
  "lineno": "31",
  "column": "8",
  "context": "     and postgres_user is not None\n    ):\n        uri = (\n            \"postgresql+psycopg2://\"\n            +",
  "context_lines": "        and postgres_password is not None\n        and postgres_service is not None\n        and postgres_user is not None\n    ):\n        uri = (\n            \"postgresql+psycopg2://\"\n            + postgres_user\n            + \":\"\n            + postgres_password\n",
  "slicing": [
   "        uri = (\n",
   "        logger.warning(\"Missing postgres info using %s\", uri)\n",
   "    app.config[\"SQLALCHEMY_DATABASE_URI\"] = uri\n"
  ]
 },
 "58": {
  "name": "uri",
  "type": "str",
  "class": "build-in",
  "approach": "Pysonar2",
  "file_path": "flask_shorten/flask_shorten/__init__.py",
  "lineno": "42",
  "column": "8",
  "context": "  + postgres_database\n        )\n    else:\n        uri = os.getenv(\"SQLALCHEMY_DATABASE_URI\", \"sqlite://\")\n        logger.warning(\"Missing postgres info usin",
  "context_lines": "            + \"/\"\n            + postgres_database\n        )\n    else:\n        uri = os.getenv(\"SQLALCHEMY_DATABASE_URI\", \"sqlite://\")\n        logger.warning(\"Missing postgres info using %s\", uri)\n\n    app.config[\"TESTING\"] = testing\n    app.config[\"SQLALCHEMY_DATABASE_URI\"] = uri\n    app.config[\"SQLALCHEMY_TRACK_MODIFICATIONS\"] = False\n",
  "slicing": [
   "        uri = os.getenv(\"SQLALCHEMY_DATABASE_URI\", \"sqlite://\")\n",
   "        logger.warning(\"Missing postgres info using %s\", uri)\n",
   "    app.config[\"SQLALCHEMY_DATABASE_URI\"] = uri\n"
  ]
 },
 "59": {
  "name": "sentry_dsn",
  "type": "str",
  "class": "build-in",
  "approach": "Pysonar2",
  "file_path": "flask_shorten/flask_shorten/__init__.py",
  "lineno": "58",
  "column": "4",
  "context": "ate_app(testing=False):\n    \"\"\"Create app \"\"\"\n    sentry_dsn = os.getenv(\"SENTRY_DSN\")\n    if sentry_dsn is not None:\n        sentry_sdk.",
  "context_lines": "        \"OPENAPI_SWAGGER_UI_URL\"\n    ] = \"https://cdnjs.cloudflare.com/ajax/libs/swagger-ui/3.19.5/\"\n\n\ndef create_app(testing=False):\n    \"\"\"Create app \"\"\"\n    sentry_dsn = os.getenv(\"SENTRY_DSN\")\n    if sentry_dsn is not None:\n        sentry_sdk.init(dsn=sentry_dsn, integrations=[FlaskIntegration()])\n        logger.info(\"Using sentry monitoring\")\n    else:\n",
  "slicing": [
   "    sentry_dsn = os.getenv(\"SENTRY_DSN\")\n",
   "    if sentry_dsn is not None:\n",
   "        sentry_sdk.init(dsn=sentry_dsn, integrations=[FlaskIntegration()])\n"
  ]
 },
 "60": {
  "name": "app",
  "type": "flask.Flask",
  "class": "imported",
  "approach": "annotation",
  "file_path": "flask_shorten/flask_shorten/__init__.py",
  "lineno": "64",
  "column": "4",
  "context": "ning(\"Found no sentry_dsn. Not using sentry\")\n    app = Flask(__name__)\n    set_config(app, testing)\n    if not app.config",
  "context_lines": "        sentry_sdk.init(dsn=sentry_dsn, integrations=[FlaskIntegration()])\n        logger.info(\"Using sentry monitoring\")\n    else:\n        logger.warning(\"Found no sentry_dsn. Not using sentry\")\n    app = Flask(__name__)\n    set_config(app, testing)\n    if not app.config[\"TESTING\"]:\n        Talisman(app, strict_transport_security=False, content_security_policy=False)\n    db.init_app(app)\n",
  "slicing": [
   "    app = Flask(__name__)\n",
   "    set_config(app, testing)\n",
   "    if not app.config[\"TESTING\"]:\n",
   "        Talisman(app, strict_transport_security=False, content_security_policy=False)\n",
   "    db.init_app(app)\n",
   "    api.init_app(app)\n",
   "    app.add_url_rule(\"/<path:path>\", view_func=Redirection.as_view(\"redirection\"))\n",
   "    app.add_url_rule(\"/\", view_func=HomePage.as_view(\"HomePage\"))\n",
   "    return app\n"
  ]
 },
 "61": {
  "name": "monkeypatch",
  "type": "UNKNOWN",
  "class": "unknown",
  "approach": "Pysonar2",
  "file_path": "flask_shorten/test/test_flask_shorten.py",
  "lineno": "9",
  "column": "8",
  "context": "ls import db, UrlMapper\n\n\n@pytest.fixture\ndef app(monkeypatch):\n    monkeypatch.setenv(\"SQLALCHEMY_DATABASE_URI\", ",
  "context_lines": "import pytest\n\nfrom flask_shorten import create_app\nfrom flask_shorten.models import db, UrlMapper\n\n\n@pytest.fixture\ndef app(monkeypatch):\n    monkeypatch.setenv(\"SQLALCHEMY_DATABASE_URI\", \"sqlite:///:memory:\")\n    app = create_app(testing=True)\n    yield app\n\n\n@pytest.fixture\n",
  "slicing": "def app(monkeypatch):\n"
 },
 "62": {
  "name": "app",
  "type": "UNKNOWN",
  "class": "unknown",
  "approach": "Pysonar2",
  "file_path": "flask_shorten/test/test_flask_shorten.py",
  "lineno": "16",
  "column": "13",
  "context": "rue)\n    yield app\n\n\n@pytest.fixture\ndef database(app):\n    with app.app_context():\n        db.create_all(",
  "context_lines": "    monkeypatch.setenv(\"SQLALCHEMY_DATABASE_URI\", \"sqlite:///:memory:\")\n    app = create_app(testing=True)\n    yield app\n\n\n@pytest.fixture\ndef database(app):\n    with app.app_context():\n        db.create_all()\n        yield\n        db.session.remove()\n",
  "slicing": "def database(app):\n"
 },
 "63": {
  "name": "app",
  "type": "UNKNOWN",
  "class": "unknown",
  "approach": "Pysonar2",
  "file_path": "flask_shorten/test/test_flask_shorten.py",
  "lineno": "24",
  "column": "30",
  "context": "    db.drop_all()\n\n\ndef test_custom_path_creation(app, database):\n    client = app.test_client()\n    client.post(\n  ",
  "context_lines": "        db.create_all()\n        yield\n        db.session.remove()\n        db.drop_all()\n\n\ndef test_custom_path_creation(app, database):\n    client = app.test_client()\n    client.post(\n        \"/url/\", json={\"url\": \"http://localhost.dev\", \"custom_path\": \"localhost\"}\n    )\n",
  "slicing": "def test_custom_path_creation(app, database):\n"
 },
 "64": {
  "name": "database",
  "type": "UNKNOWN",
  "class": "unknown",
  "approach": "Pysonar2",
  "file_path": "flask_shorten/test/test_flask_shorten.py",
  "lineno": "24",
  "column": "35",
  "context": "b.drop_all()\n\n\ndef test_custom_path_creation(app, database):\n    client = app.test_client()\n    client.post(\n  ",
  "context_lines": "        db.create_all()\n        yield\n        db.session.remove()\n        db.drop_all()\n\n\ndef test_custom_path_creation(app, database):\n    client = app.test_client()\n    client.post(\n        \"/url/\", json={\"url\": \"http://localhost.dev\", \"custom_path\": \"localhost\"}\n    )\n",
  "slicing": "def test_custom_path_creation(app, database):\n"
 },
 "65": {
  "name": "database",
  "type": "UNKNOWN",
  "class": "unknown",
  "approach": "Pysonar2",
  "file_path": "flask_shorten/test/test_flask_shorten.py",
  "lineno": "34",
  "column": "30",
  "context": "://localhost.dev\"\n\n\ndef test_random_path_creation(database, app, monkeypatch):\n    client = app.test_client()\n    monkeypatch.set",
  "context_lines": "    )\n    a = client.get(\"/localhost\")\n    assert a.status_code == 302\n    assert a.location == \"http://localhost.dev\"\n\n\ndef test_random_path_creation(database, app, monkeypatch):\n    client = app.test_client()\n    monkeypatch.setattr(UrlMapper, \"generate_hash_path\", lambda: \"randomstring\")\n    client.post(\"/url/\", json={\"url\": \"http://localhosting.dev\"})\n    a = client.get(\"/randomstring\")\n",
  "slicing": "def test_random_path_creation(database, app, monkeypatch):\n"
 },
 "66": {
  "name": "app",
  "type": "UNKNOWN",
  "class": "unknown",
  "approach": "Pysonar2",
  "file_path": "flask_shorten/test/test_flask_shorten.py",
  "lineno": "34",
  "column": "40",
  "context": "st.dev\"\n\n\ndef test_random_path_creation(database, app, monkeypatch):\n    client = app.test_client()\n    monkeypatch.set",
  "context_lines": "    )\n    a = client.get(\"/localhost\")\n    assert a.status_code == 302\n    assert a.location == \"http://localhost.dev\"\n\n\ndef test_random_path_creation(database, app, monkeypatch):\n    client = app.test_client()\n    monkeypatch.setattr(UrlMapper, \"generate_hash_path\", lambda: \"randomstring\")\n    client.post(\"/url/\", json={\"url\": \"http://localhosting.dev\"})\n    a = client.get(\"/randomstring\")\n",
  "slicing": "def test_random_path_creation(database, app, monkeypatch):\n"
 },
 "67": {
  "name": "monkeypatch",
  "type": "UNKNOWN",
  "class": "unknown",
  "approach": "Pysonar2",
  "file_path": "flask_shorten/test/test_flask_shorten.py",
  "lineno": "34",
  "column": "45",
  "context": "v\"\n\n\ndef test_random_path_creation(database, app, monkeypatch):\n    client = app.test_client()\n    monkeypatch.set",
  "context_lines": "    )\n    a = client.get(\"/localhost\")\n    assert a.status_code == 302\n    assert a.location == \"http://localhost.dev\"\n\n\ndef test_random_path_creation(database, app, monkeypatch):\n    client = app.test_client()\n    monkeypatch.setattr(UrlMapper, \"generate_hash_path\", lambda: \"randomstring\")\n    client.post(\"/url/\", json={\"url\": \"http://localhosting.dev\"})\n    a = client.get(\"/randomstring\")\n",
  "slicing": "def test_random_path_creation(database, app, monkeypatch):\n"
 },
 "68": {
  "name": "app",
  "type": "UNKNOWN",
  "class": "unknown",
  "approach": "Pysonar2",
  "file_path": "flask_shorten/test/test_flask_shorten.py",
  "lineno": "43",
  "column": "20",
  "context": "= \"http://localhosting.dev\"\n\n\ndef test_taken_path(app, database, monkeypatch):\n    client = app.test_client()\n    client.post(\n  ",
  "context_lines": "    client.post(\"/url/\", json={\"url\": \"http://localhosting.dev\"})\n    a = client.get(\"/randomstring\")\n    assert a.status_code == 302\n    assert a.location == \"http://localhosting.dev\"\n\n\ndef test_taken_path(app, database, monkeypatch):\n    client = app.test_client()\n    client.post(\n        \"/url/\", json={\"url\": \"http://localhost.dev\", \"custom_path\": \"localhost\"}\n    )\n",
  "slicing": "def test_taken_path(app, database, monkeypatch):\n"
 },
 "69": {
  "name": "database",
  "type": "UNKNOWN",
  "class": "unknown",
  "approach": "Pysonar2",
  "file_path": "flask_shorten/test/test_flask_shorten.py",
  "lineno": "43",
  "column": "25",
  "context": "tp://localhosting.dev\"\n\n\ndef test_taken_path(app, database, monkeypatch):\n    client = app.test_client()\n    client.post(\n  ",
  "context_lines": "    client.post(\"/url/\", json={\"url\": \"http://localhosting.dev\"})\n    a = client.get(\"/randomstring\")\n    assert a.status_code == 302\n    assert a.location == \"http://localhosting.dev\"\n\n\ndef test_taken_path(app, database, monkeypatch):\n    client = app.test_client()\n    client.post(\n        \"/url/\", json={\"url\": \"http://localhost.dev\", \"custom_path\": \"localhost\"}\n    )\n",
  "slicing": "def test_taken_path(app, database, monkeypatch):\n"
 },
 "70": {
  "name": "monkeypatch",
  "type": "UNKNOWN",
  "class": "unknown",
  "approach": "Pysonar2",
  "file_path": "flask_shorten/test/test_flask_shorten.py",
  "lineno": "43",
  "column": "35",
  "context": "hosting.dev\"\n\n\ndef test_taken_path(app, database, monkeypatch):\n    client = app.test_client()\n    client.post(\n  ",
  "context_lines": "    client.post(\"/url/\", json={\"url\": \"http://localhosting.dev\"})\n    a = client.get(\"/randomstring\")\n    assert a.status_code == 302\n    assert a.location == \"http://localhosting.dev\"\n\n\ndef test_taken_path(app, database, monkeypatch):\n    client = app.test_client()\n    client.post(\n        \"/url/\", json={\"url\": \"http://localhost.dev\", \"custom_path\": \"localhost\"}\n    )\n",
  "slicing": "def test_taken_path(app, database, monkeypatch):\n"
 },
 "71": {
  "name": "app",
  "type": "UNKNOWN",
  "class": "unknown",
  "approach": "Pysonar2",
  "file_path": "flask_shorten/test/test_flask_shorten.py",
  "lineno": "54",
  "column": "17",
  "context": "   assert a.status_code == 409\n\n\ndef test_no_path(app, database, monkeypatch):\n    client = app.test_client()\n    a = client.get(",
  "context_lines": "    a = client.post(\n        \"/url/\", json={\"url\": \"http://localhost.dev\", \"custom_path\": \"localhost\"}\n    )\n    assert a.status_code == 409\n\n\ndef test_no_path(app, database, monkeypatch):\n    client = app.test_client()\n    a = client.get(\"notexisting\")\n",
  "slicing": "def test_no_path(app, database, monkeypatch):\n"
 },
 "72": {
  "name": "database",
  "type": "UNKNOWN",
  "class": "unknown",
  "approach": "Pysonar2",
  "file_path": "flask_shorten/test/test_flask_shorten.py",
  "lineno": "54",
  "column": "22",
  "context": "sert a.status_code == 409\n\n\ndef test_no_path(app, database, monkeypatch):\n    client = app.test_client()\n    a = client.get(",
  "context_lines": "    a = client.post(\n        \"/url/\", json={\"url\": \"http://localhost.dev\", \"custom_path\": \"localhost\"}\n    )\n    assert a.status_code == 409\n\n\ndef test_no_path(app, database, monkeypatch):\n    client = app.test_client()\n    a = client.get(\"notexisting\")\n",
  "slicing": "def test_no_path(app, database, monkeypatch):\n"
 },
 "73": {
  "name": "monkeypatch",
  "type": "UNKNOWN",
  "class": "unknown",
  "approach": "Pysonar2",
  "file_path": "flask_shorten/test/test_flask_shorten.py",
  "lineno": "54",
  "column": "32",
  "context": "tus_code == 409\n\n\ndef test_no_path(app, database, monkeypatch):\n    client = app.test_client()\n    a = client.get(",
  "context_lines": "    a = client.post(\n        \"/url/\", json={\"url\": \"http://localhost.dev\", \"custom_path\": \"localhost\"}\n    )\n    assert a.status_code == 409\n\n\ndef test_no_path(app, database, monkeypatch):\n    client = app.test_client()\n    a = client.get(\"notexisting\")\n",
  "slicing": "def test_no_path(app, database, monkeypatch):\n"
 },
 "74": {
  "name": "url",
  "type": "str",
  "class": "build-in",
  "approach": "annotation",
  "file_path": "flask_shorten/flask_shorten/views.py",
  "lineno": "53",
  "column": "22",
  "context": "lds.String(required=True)\n\n\ndef create_url_mapper(url: str, path: str = None) -> UrlMapper:\n    \"\"\"Creates a new url based on path.\n\n    If pa",
  "context_lines": "    \"\"\"Schema for querying url mappings.\"\"\"\n\n    class Meta:\n        strict = True\n\n    path = fields.String(required=True)\n\n\ndef create_url_mapper(url: str, path: str = None) -> UrlMapper:\n    \"\"\"Creates a new url based on path.\n\n    If path is none, generates random hash.\n    Raises an abort if path already exists in database\n    \"\"\"\n",
  "slicing": [
   "api = Api()\n",
   "url_bp = Blueprint(\"url\", \"url\", url_prefix=\"/url\", description=\"Url Mapping Api\")\n",
   "@api.definition(\"UrlMappingRequest\")\n",
   "    url = fields.Url(required=True)\n",
   "@api.definition(\"UrlMappingResponse\")\n",
   "    url = fields.Url(required=True)\n",
   "    path = fields.String(required=False)\n",
   "@api.definition(\"UrlMappingQuery\")\n",
   "    path = fields.String(required=True)\n",
   "def create_url_mapper(url: str, path: str = None) -> UrlMapper:\n",
   "    custom = True\n",
   "    if not path:\n",
   "        custom = False\n",
   "        path = UrlMapper.generate_hash_path()\n",
   "    url_mapper = UrlMapper.query.filter_by(path=path).one_or_none()\n",
   "    if url_mapper is not None:\n",
   "    url_mapper = UrlMapper(url=url, path=path, custom=custom)\n",
   "    db.session.add(url_mapper)\n",
   "    return url_mapper\n",
   "@url_bp.route(\"/\")\n",
   "    @url_bp.arguments(UrlMappingQuery, location=\"query\")\n",
   "    @url_bp.response(UrlMappingResponse)\n",
   "        path = args.get(\"path\")\n",
   "        return UrlMapper.query.filter_by(path=path).one_or_none()\n",
   "    @url_bp.arguments(UrlMappingRequest)\n",
   "    @url_bp.response(UrlMappingResponse)\n",
   "        url = args.get(\"url\")\n",
   "        path = args.get(\"custom_path\")\n",
   "        url_mapper = create_url_mapper(url, path)\n",
   "        return url_mapper\n",
   "        result = UrlMapper.query.filter_by(path=path).one_or_none()\n",
   "        if result is None:\n",
   "            abort(404, message=\"No url found for path %s\" % path)\n",
   "        return redirect(result.url)\n"
  ]
 },
 "75": {
  "name": "path",
  "type": "str",
  "class": "build-in",
  "approach": "annotation",
  "file_path": "flask_shorten/flask_shorten/views.py",
  "lineno": "53",
  "column": "32",
  "context": "(required=True)\n\n\ndef create_url_mapper(url: str, path: str = None) -> UrlMapper:\n    \"\"\"Creates a new url based on path.\n\n    If pa",
  "context_lines": "    \"\"\"Schema for querying url mappings.\"\"\"\n\n    class Meta:\n        strict = True\n\n    path = fields.String(required=True)\n\n\ndef create_url_mapper(url: str, path: str = None) -> UrlMapper:\n    \"\"\"Creates a new url based on path.\n\n    If path is none, generates random hash.\n    Raises an abort if path already exists in database\n    \"\"\"\n",
  "slicing": [
   "api = Api()\n",
   "url_bp = Blueprint(\"url\", \"url\", url_prefix=\"/url\", description=\"Url Mapping Api\")\n",
   "@api.definition(\"UrlMappingRequest\")\n",
   "    url = fields.Url(required=True)\n",
   "@api.definition(\"UrlMappingResponse\")\n",
   "    url = fields.Url(required=True)\n",
   "    path = fields.String(required=False)\n",
   "@api.definition(\"UrlMappingQuery\")\n",
   "    path = fields.String(required=True)\n",
   "def create_url_mapper(url: str, path: str = None) -> UrlMapper:\n",
   "    custom = True\n",
   "    if not path:\n",
   "        custom = False\n",
   "        path = UrlMapper.generate_hash_path()\n",
   "    url_mapper = UrlMapper.query.filter_by(path=path).one_or_none()\n",
   "    if url_mapper is not None:\n",
   "    url_mapper = UrlMapper(url=url, path=path, custom=custom)\n",
   "    db.session.add(url_mapper)\n",
   "    return url_mapper\n",
   "@url_bp.route(\"/\")\n",
   "    @url_bp.arguments(UrlMappingQuery, location=\"query\")\n",
   "    @url_bp.response(UrlMappingResponse)\n",
   "        path = args.get(\"path\")\n",
   "        return UrlMapper.query.filter_by(path=path).one_or_none()\n",
   "    @url_bp.arguments(UrlMappingRequest)\n",
   "    @url_bp.response(UrlMappingResponse)\n",
   "        url = args.get(\"url\")\n",
   "        path = args.get(\"custom_path\")\n",
   "        url_mapper = create_url_mapper(url, path)\n",
   "        return url_mapper\n",
   "        result = UrlMapper.query.filter_by(path=path).one_or_none()\n",
   "        if result is None:\n",
   "            abort(404, message=\"No url found for path %s\" % path)\n",
   "        return redirect(result.url)\n"
  ]
 },
 "76": {
  "name": "args",
  "type": "UNKNOWN",
  "class": "unknown",
  "approach": "Pysonar2",
  "file_path": "flask_shorten/flask_shorten/views.py",
  "lineno": "79",
  "column": "18",
  "context": "bp.response(UrlMappingResponse)\n    def get(self, args):\n        path = args.get(\"path\")\n        return Url",
  "context_lines": "class UrlMapping(MethodView):\n    \"\"\"Resource for generating new url endpoints\"\"\"\n\n    @url_bp.arguments(UrlMappingQuery, location=\"query\")\n    @url_bp.response(UrlMappingResponse)\n    def get(self, args):\n        path = args.get(\"path\")\n        return UrlMapper.query.filter_by(path=path).one_or_none()\n\n    @url_bp.arguments(UrlMappingRequest)\n    @url_bp.response(UrlMappingResponse)\n",
  "slicing": "    def get(self, args):\n"
 },
 "77": {
  "name": "args",
  "type": "UNKNOWN",
  "class": "unknown",
  "approach": "Pysonar2",
  "file_path": "flask_shorten/flask_shorten/views.py",
  "lineno": "85",
  "column": "19",
  "context": "p.response(UrlMappingResponse)\n    def post(self, args):\n        url = args.get(\"url\")\n        path = args.",
  "context_lines": "        path = args.get(\"path\")\n        return UrlMapper.query.filter_by(path=path).one_or_none()\n\n    @url_bp.arguments(UrlMappingRequest)\n    @url_bp.response(UrlMappingResponse)\n    def post(self, args):\n        url = args.get(\"url\")\n        path = args.get(\"custom_path\")\n        url_mapper = create_url_mapper(url, path)\n        return url_mapper\n\n\n",
  "slicing": "    def post(self, args):\n"
 },
 "78": {
  "name": "path",
  "type": "UNKNOWN",
  "class": "unknown",
  "approach": "Pysonar2",
  "file_path": "flask_shorten/flask_shorten/views.py",
  "lineno": "99",
  "column": "18",
  "context": "ore them in a database\n    \"\"\"\n\n    def get(self, path):\n        result = UrlMapper.query.filter_by(path=pa",
  "context_lines": "    \"\"\"Redirect to appropriate endpoint.\n\n    TODO:\n    - Record incoming headers and cookies then store them in a database\n    \"\"\"\n\n    def get(self, path):\n        result = UrlMapper.query.filter_by(path=path).one_or_none()\n        if result is None:\n            abort(404, message=\"No url found for path %s\" % path)\n        return redirect(result.url)\n\n\n",
  "slicing": "    def get(self, path):\n"
 },
 "79": {
  "name": "app",
  "type": "UNKNOWN",
  "class": "unknown",
  "approach": "Pysonar2",
  "file_path": "flask_shorten/flask_shorten/__init__.py",
  "lineno": "16",
  "column": "15",
  "context": "er = logging.getLogger(__name__)\n\n\ndef set_config(app, testing=False):\n    \"\"\"Set up config\n\n    TODO: Move this to an co",
  "context_lines": "from .models import db\n\nimport sentry_sdk\nfrom sentry_sdk.integrations.flask import FlaskIntegration\n\nlogger = logging.getLogger(__name__)\n\n\ndef set_config(app, testing=False):\n    \"\"\"Set up config\n\n    TODO: Move this to an config class\n    \"\"\"\n    postgres_password = os.getenv(\"POSTGRES_PASSWORD\")\n",
  "slicing": [
   "def set_config(app, testing=False):\n",
   "    set_config(app, testing)\n",
   "    if not app.config[\"TESTING\"]:\n",
   "        Talisman(app, strict_transport_security=False, content_security_policy=False)\n",
   "    db.init_app(app)\n",
   "    api.init_app(app)\n",
   "    app.add_url_rule(\"/<path:path>\", view_func=Redirection.as_view(\"redirection\"))\n",
   "    app.add_url_rule(\"/\", view_func=HomePage.as_view(\"HomePage\"))\n",
   "    return app\n"
  ]
 },
 "80": {
  "name": "testing",
  "type": "bool",
  "class": "build-in",
  "approach": "Pysonar2",
  "file_path": "flask_shorten/flask_shorten/__init__.py",
  "lineno": "16",
  "column": "20",
  "context": "logging.getLogger(__name__)\n\n\ndef set_config(app, testing=False):\n    \"\"\"Set up config\n\n    TODO: Move this to an co",
  "context_lines": "from .models import db\n\nimport sentry_sdk\nfrom sentry_sdk.integrations.flask import FlaskIntegration\n\nlogger = logging.getLogger(__name__)\n\n\ndef set_config(app, testing=False):\n    \"\"\"Set up config\n\n    TODO: Move this to an config class\n    \"\"\"\n    postgres_password = os.getenv(\"POSTGRES_PASSWORD\")\n",
  "slicing": [
   "def set_config(app, testing=False):\n",
   "    set_config(app, testing)\n"
  ]
 },
 "81": {
  "name": "testing",
  "type": "bool",
  "class": "build-in",
  "approach": "Pysonar2",
  "file_path": "flask_shorten/flask_shorten/__init__.py",
  "lineno": "56",
  "column": "15",
  "context": "om/ajax/libs/swagger-ui/3.19.5/\"\n\n\ndef create_app(testing=False):\n    \"\"\"Create app \"\"\"\n    sentry_dsn = os.getenv(\"",
  "context_lines": "    app.config[\"OPENAPI_SWAGGER_UI_PATH\"] = \"/swagger\"\n    app.config[\n        \"OPENAPI_SWAGGER_UI_URL\"\n    ] = \"https://cdnjs.cloudflare.com/ajax/libs/swagger-ui/3.19.5/\"\n\n\ndef create_app(testing=False):\n    \"\"\"Create app \"\"\"\n    sentry_dsn = os.getenv(\"SENTRY_DSN\")\n    if sentry_dsn is not None:\n        sentry_sdk.init(dsn=sentry_dsn, integrations=[FlaskIntegration()])\n",
  "slicing": "def create_app(testing=False):\n"
 },
 "82": {
  "name": "url_mapper",
  "type": "create_url_mapper",
  "class": "imported",
  "approach": "annotation",
  "file_path": "flask_shorten/flask_shorten/views.py",
  "lineno": "88",
  "column": "8",
  "slicing": "['api = Api()\\n', 'url_bp = Blueprint(\"url\", \"url\", url_prefix=\"/url\", description=\"Url Mapping Api\")\\n', '@api.definition(\"UrlMappingRequest\")\\n', '    url = fields.Url(required=True)\\n', '@api.definition(\"UrlMappingResponse\")\\n', '    url = fields.Url(required=True)\\n', '    path = fields.String(required=False)\\n', '@api.definition(\"UrlMappingQuery\")\\n', '    path = fields.String(required=True)\\n', 'def create_url_mapper(url: str, path: str = None) -> UrlMapper:\\n', '    custom = True\\n', '    if not path:\\n', '        custom = False\\n', '        path = UrlMapper.generate_hash_path()\\n', '    url_mapper = UrlMapper.query.filter_by(path=path).one_or_none()\\n', '    if url_mapper is not None:\\n', '    url_mapper = UrlMapper(url=url, path=path, custom=custom)\\n', '    db.session.add(url_mapper)\\n', '    return url_mapper\\n', '@url_bp.route(\"/\")\\n', '    @url_bp.arguments(UrlMappingQuery, location=\"query\")\\n', '    @url_bp.response(UrlMappingResponse)\\n', '        path = args.get(\"path\")\\n', '        return UrlMapper.query.filter_by(path=path).one_or_none()\\n', '    @url_bp.arguments(UrlMappingRequest)\\n', '    @url_bp.response(UrlMappingResponse)\\n', '        url = args.get(\"url\")\\n', '        path = args.get(\"custom_path\")\\n', '        url_mapper = create_url_mapper(url, path)\\n', '        return url_mapper\\n', '        result = UrlMapper.query.filter_by(path=path).one_or_none()\\n', '        if result is None:\\n', '            abort(404, message=\"No url found for path %s\" % path)\\n', '        return redirect(result.url)\\n']",
  "context": "\")\n        path = args.get(\"custom_path\")\n        url_mapper = create_url_mapper(url, path)\n        return url_mapper\n\n\nclass Redirection(Meth",
  "context_lines": "    @url_bp.response(UrlMappingResponse)\n    def post(self, args):\n        url = args.get(\"url\")\n        path = args.get(\"custom_path\")\n        url_mapper = create_url_mapper(url, path)\n        return url_mapper\n\n\nclass Redirection(MethodView):\n    \"\"\"Redirect to appropriate endpoint.\n\n    TODO:\n"
 },
 "83": {
  "name": "target_metadata",
  "type": "None",
  "class": "imported",
  "approach": "annotation",
  "file_path": "flask_shorten/alembic/env.py",
  "lineno": "23",
  "column": "0",
  "slicing": "['target_metadata = None\\n', '    context.configure(url=url, target_metadata=target_metadata, literal_binds=True)\\n', '        context.configure(connection=connection, target_metadata=target_metadata)\\n']",
  "context": "mymodel\n# target_metadata = mymodel.Base.metadata\ntarget_metadata = None\n\n# other values from the config, defined by the ne",
  "context_lines": "# add your model's MetaData object here\n# for 'autogenerate' support\n# from myapp import mymodel\n# target_metadata = mymodel.Base.metadata\ntarget_metadata = None\n\n# other values from the config, defined by the needs of env.py,\n# can be acquired:\n# my_important_option = config.get_main_option(\"my_important_option\")\n"
 },
 "84": {
  "name": "down_revision",
  "type": "None",
  "class": "imported",
  "approach": "annotation",
  "file_path": "flask_shorten/alembic/versions/b3e9d4be4d7c_added_url_mapper_table.py",
  "lineno": "14",
  "column": "0",
  "slicing": "['down_revision = None\\n']",
  "context": "fiers, used by Alembic.\nrevision = \"b3e9d4be4d7c\"\ndown_revision = None\nbranch_labels = None\ndepends_on = None\n\n\ndef upgra",
  "context_lines": "from alembic import op\nimport sqlalchemy as sa\n\n\n# revision identifiers, used by Alembic.\nrevision = \"b3e9d4be4d7c\"\ndown_revision = None\nbranch_labels = None\ndepends_on = None\n\n\ndef upgrade():\n    op.create_table(\n"
 },
 "85": {
  "name": "branch_labels",
  "type": "None",
  "class": "imported",
  "approach": "annotation",
  "file_path": "flask_shorten/alembic/versions/b3e9d4be4d7c_added_url_mapper_table.py",
  "lineno": "15",
  "column": "0",
  "slicing": "['branch_labels = None\\n']",
  "context": "c.\nrevision = \"b3e9d4be4d7c\"\ndown_revision = None\nbranch_labels = None\ndepends_on = None\n\n\ndef upgrade():\n    op.create_t",
  "context_lines": "import sqlalchemy as sa\n\n\n# revision identifiers, used by Alembic.\nrevision = \"b3e9d4be4d7c\"\ndown_revision = None\nbranch_labels = None\ndepends_on = None\n\n\ndef upgrade():\n    op.create_table(\n        \"url_mapper\",\n"
 },
 "86": {
  "name": "depends_on",
  "type": "None",
  "class": "imported",
  "approach": "annotation",
  "file_path": "flask_shorten/alembic/versions/b3e9d4be4d7c_added_url_mapper_table.py",
  "lineno": "16",
  "column": "0",
  "slicing": "['depends_on = None\\n']",
  "context": "be4d7c\"\ndown_revision = None\nbranch_labels = None\ndepends_on = None\n\n\ndef upgrade():\n    op.create_table(\n        \"url",
  "context_lines": "# revision identifiers, used by Alembic.\nrevision = \"b3e9d4be4d7c\"\ndown_revision = None\nbranch_labels = None\ndepends_on = None\n\n\ndef upgrade():\n    op.create_table(\n        \"url_mapper\",\n"
 }
}