{
 "1": {
  "name": "app",
  "type": "api.create_app",
  "class": "imported",
  "approach": "annotation",
  "file_path": "flask-gql/manage.py",
  "lineno": "7",
  "column": "0",
  "context": "_app\nfrom api.models import db\n\n# sets up the app\napp = create_app()\n\nmanager = Manager(app)\nmigrate = Migrate(app, db)",
  "context_lines": "from flask_migrate import Migrate, MigrateCommand\nfrom api import create_app\nfrom api.models import db\n\n# sets up the app\napp = create_app()\n\nmanager = Manager(app)\nmigrate = Migrate(app, db)\n\n# adds the python manage.py db init, db migrate, db upgrade commands\n",
  "slicing": [
   "app = create_app()\n",
   "manager = Manager(app)\n",
   "migrate = Migrate(app, db)\n",
   "manager.add_command(\"db\", MigrateCommand)\n",
   "@manager.command\n",
   "    app.run(debug=True, host=\"0.0.0.0\", port=5000)\n",
   "@manager.command\n",
   "    app.run(debug=False)\n",
   "@manager.command\n",
   "    manager.run()\n"
  ]
 },
 "2": {
  "name": "manager",
  "type": "flask_script.Manager",
  "class": "imported",
  "approach": "annotation",
  "file_path": "flask-gql/manage.py",
  "lineno": "9",
  "column": "0",
  "context": " import db\n\n# sets up the app\napp = create_app()\n\nmanager = Manager(app)\nmigrate = Migrate(app, db)\n\n# adds the python mana",
  "context_lines": "from api import create_app\nfrom api.models import db\n\n# sets up the app\napp = create_app()\n\nmanager = Manager(app)\nmigrate = Migrate(app, db)\n\n# adds the python manage.py db init, db migrate, db upgrade commands\nmanager.add_command(\"db\", MigrateCommand)\n\n\n@manager.command\n",
  "slicing": [
   "manager = Manager(app)\n",
   "manager.add_command(\"db\", MigrateCommand)\n",
   "@manager.command\n",
   "@manager.command\n",
   "@manager.command\n",
   "    manager.run()\n"
  ]
 },
 "3": {
  "name": "migrate",
  "type": "flask_migrate.Migrate",
  "class": "imported",
  "approach": "annotation",
  "file_path": "flask-gql/manage.py",
  "lineno": "10",
  "column": "0",
  "context": "he app\napp = create_app()\n\nmanager = Manager(app)\nmigrate = Migrate(app, db)\n\n# adds the python manage.py db init, db migrate, ",
  "context_lines": "from api.models import db\n\n# sets up the app\napp = create_app()\n\nmanager = Manager(app)\nmigrate = Migrate(app, db)\n\n# adds the python manage.py db init, db migrate, db upgrade commands\nmanager.add_command(\"db\", MigrateCommand)\n\n\n@manager.command\n",
  "slicing": "migrate = Migrate(app, db)\n"
 },
 "4": {
  "name": "rs",
  "type": "UNKNOWN",
  "class": "unknown",
  "approach": "Pysonar2",
  "file_path": "flask-gql/tests/test_basic.py",
  "lineno": "6",
  "column": "4",
  "context": "/1.0/api/#test-client\ndef test_index(client):\n    rs = client.get(\"/\")\n    assert rs.status_code == 200\n\n\ndef test_get_pe",
  "context_lines": "from api.models import db, Person\n\n# client passed from client - look into pytest for more info about fixtures\n# test client api: http://flask.pocoo.org/docs/1.0/api/#test-client\ndef test_index(client):\n    rs = client.get(\"/\")\n    assert rs.status_code == 200\n\n\ndef test_get_person(client):\n    rs = client.get(\"/persons\")\n\n    assert rs.status_code == 200\n",
  "slicing": [
   "    rs = client.get(\"/\")\n",
   "    assert rs.status_code == 200\n",
   "    assert rs.status_code == 200\n",
   "    ret_dict = rs.json  # gives you a dictionary\n",
   "    assert ret_dict[\"success\"] == True\n",
   "    assert ret_dict[\"result\"][\"persons\"] == []\n",
   "    ret_dict = rs.json\n",
   "    assert len(ret_dict[\"result\"][\"persons\"]) == 1\n",
   "    assert ret_dict[\"result\"][\"persons\"][0][\"name\"] == \"Tim\"\n"
  ]
 },
 "5": {
  "name": "rs",
  "type": "UNKNOWN",
  "class": "unknown",
  "approach": "Pysonar2",
  "file_path": "flask-gql/tests/test_basic.py",
  "lineno": "11",
  "column": "4",
  "context": "us_code == 200\n\n\ndef test_get_person(client):\n    rs = client.get(\"/persons\")\n\n    assert rs.status_code == 200\n    ret_dict = r",
  "context_lines": "def test_index(client):\n    rs = client.get(\"/\")\n    assert rs.status_code == 200\n\n\ndef test_get_person(client):\n    rs = client.get(\"/persons\")\n\n    assert rs.status_code == 200\n    ret_dict = rs.json  # gives you a dictionary\n    assert ret_dict[\"success\"] == True\n",
  "slicing": [
   "    rs = client.get(\"/persons\")\n",
   "    assert rs.status_code == 200\n",
   "    ret_dict = rs.json  # gives you a dictionary\n",
   "    assert ret_dict[\"success\"] == True\n",
   "    assert ret_dict[\"result\"][\"persons\"] == []\n",
   "    ret_dict = rs.json\n",
   "    assert len(ret_dict[\"result\"][\"persons\"]) == 1\n",
   "    assert ret_dict[\"result\"][\"persons\"][0][\"name\"] == \"Tim\"\n"
  ]
 },
 "6": {
  "name": "ret_dict",
  "type": "UNKNOWN",
  "class": "unknown",
  "approach": "Pysonar2",
  "file_path": "flask-gql/tests/test_basic.py",
  "lineno": "14",
  "column": "4",
  "context": "\"/persons\")\n\n    assert rs.status_code == 200\n    ret_dict = rs.json  # gives you a dictionary\n    assert ret_dict[\"success\"] == True\n    assert ",
  "context_lines": "    assert rs.status_code == 200\n\n\ndef test_get_person(client):\n    rs = client.get(\"/persons\")\n\n    assert rs.status_code == 200\n    ret_dict = rs.json  # gives you a dictionary\n    assert ret_dict[\"success\"] == True\n    assert ret_dict[\"result\"][\"persons\"] == []\n\n    # create Person and test whether it returns a person\n    temp_person = Person(name=\"Tim\")\n",
  "slicing": [
   "    ret_dict = rs.json  # gives you a dictionary\n",
   "    assert ret_dict[\"success\"] == True\n",
   "    assert ret_dict[\"result\"][\"persons\"] == []\n",
   "    assert len(ret_dict[\"result\"][\"persons\"]) == 1\n",
   "    assert ret_dict[\"result\"][\"persons\"][0][\"name\"] == \"Tim\"\n"
  ]
 },
 "7": {
  "name": "temp_person",
  "type": "api.models.Person",
  "class": "customized",
  "approach": "annotation",
  "file_path": "flask-gql/tests/test_basic.py",
  "lineno": "19",
  "column": "4",
  "context": "e Person and test whether it returns a person\n    temp_person = Person(name=\"Tim\")\n    db.session.add(temp_person)\n    db.session.com",
  "context_lines": "    ret_dict = rs.json  # gives you a dictionary\n    assert ret_dict[\"success\"] == True\n    assert ret_dict[\"result\"][\"persons\"] == []\n\n    # create Person and test whether it returns a person\n    temp_person = Person(name=\"Tim\")\n    db.session.add(temp_person)\n    db.session.commit()\n\n    rs = client.get(\"/persons\")\n    ret_dict = rs.json\n",
  "slicing": [
   "    temp_person = Person(name=\"Tim\")\n",
   "    db.session.add(temp_person)\n"
  ]
 },
 "8": {
  "name": "rs",
  "type": "UNKNOWN",
  "class": "unknown",
  "approach": "Pysonar2",
  "file_path": "flask-gql/tests/test_basic.py",
  "lineno": "23",
  "column": "4",
  "context": "ion.add(temp_person)\n    db.session.commit()\n\n    rs = client.get(\"/persons\")\n    ret_dict = rs.json\n    assert len(ret_dict[\"re",
  "context_lines": "    # create Person and test whether it returns a person\n    temp_person = Person(name=\"Tim\")\n    db.session.add(temp_person)\n    db.session.commit()\n\n    rs = client.get(\"/persons\")\n    ret_dict = rs.json\n    assert len(ret_dict[\"result\"][\"persons\"]) == 1\n",
  "slicing": [
   "    rs = client.get(\"/persons\")\n",
   "    ret_dict = rs.json\n",
   "    assert len(ret_dict[\"result\"][\"persons\"]) == 1\n",
   "    assert ret_dict[\"result\"][\"persons\"][0][\"name\"] == \"Tim\"\n"
  ]
 },
 "9": {
  "name": "ret_dict",
  "type": "UNKNOWN",
  "class": "unknown",
  "approach": "Pysonar2",
  "file_path": "flask-gql/tests/test_basic.py",
  "lineno": "24",
  "column": "4",
  "context": "ion.commit()\n\n    rs = client.get(\"/persons\")\n    ret_dict = rs.json\n    assert len(ret_dict[\"result\"][\"persons\"]) == 1",
  "context_lines": "    temp_person = Person(name=\"Tim\")\n    db.session.add(temp_person)\n    db.session.commit()\n\n    rs = client.get(\"/persons\")\n    ret_dict = rs.json\n    assert len(ret_dict[\"result\"][\"persons\"]) == 1\n",
  "slicing": [
   "    ret_dict = rs.json\n",
   "    assert len(ret_dict[\"result\"][\"persons\"]) == 1\n",
   "    assert ret_dict[\"result\"][\"persons\"][0][\"name\"] == \"Tim\"\n"
  ]
 },
 "10": {
  "name": "config_dict",
  "type": "dict",
  "class": "build-in",
  "approach": "annotation",
  "file_path": "flask-gql/tests/conftest.py",
  "lineno": "30",
  "column": "4",
  "context": "ixture(scope=\"session\")\ndef client(postgres):\n    config_dict = {\n        \"SQLALCHEMY_DATABASE_URI\": postgres.url(),",
  "context_lines": "# We spin up a temporary postgres instance\n# in which we inject it into the app\n@pytest.fixture(scope=\"session\")\ndef client(postgres):\n    config_dict = {\n        \"SQLALCHEMY_DATABASE_URI\": postgres.url(),\n        \"DEBUG\": True,\n        \"SQLALCHEMY_TRACK_MODIFICATIONS\": False,\n    }\n",
  "slicing": [
   "    config_dict = {\n",
   "    app = create_app(config_dict)\n",
   "    app.app_context().push()\n",
   "    client = app.test_client()\n",
   "    yield client\n"
  ]
 },
 "11": {
  "name": "app",
  "type": "api.create_app",
  "class": "imported",
  "approach": "annotation",
  "file_path": "flask-gql/tests/conftest.py",
  "lineno": "35",
  "column": "4",
  "context": "SQLALCHEMY_TRACK_MODIFICATIONS\": False,\n    }\n    app = create_app(config_dict)\n    app.app_context().push()\n\n    # wait for sqlit",
  "context_lines": "        \"SQLALCHEMY_DATABASE_URI\": postgres.url(),\n        \"DEBUG\": True,\n        \"SQLALCHEMY_TRACK_MODIFICATIONS\": False,\n    }\n    app = create_app(config_dict)\n    app.app_context().push()\n\n    # wait for sqlite file to be created\n    time.sleep(2)\n    from api.models import db\n\n",
  "slicing": [
   "    app = create_app(config_dict)\n",
   "    app.app_context().push()\n",
   "    client = app.test_client()\n",
   "    yield client\n"
  ]
 },
 "12": {
  "name": "client",
  "type": "UNKNOWN",
  "class": "unknown",
  "approach": "Pysonar2",
  "file_path": "flask-gql/tests/conftest.py",
  "lineno": "45",
  "column": "4",
  "context": "p://flask.pocoo.org/docs/1.0/api/#test-client\n    client = app.test_client()\n    yield client\n\n",
  "context_lines": "    from api.models import db\n\n    db.create_all()\n    # for test client api reference\n    # http://flask.pocoo.org/docs/1.0/api/#test-client\n    client = app.test_client()\n    yield client\n",
  "slicing": [
   "    client = app.test_client()\n",
   "    yield client\n"
  ]
 },
 "13": {
  "name": "SECRET_KEY",
  "type": "str",
  "class": "build-in",
  "approach": "Pysonar2",
  "file_path": "flask-gql/api/config.py",
  "lineno": "13",
  "column": "4",
  "context": "lask.pocoo.org/docs/1.0/config/\nclass Config:\n    SECRET_KEY = \"testkey\"\n    SQLALCHEMY_TRACK_MODIFICATIONS = False\n    LOG",
  "context_lines": "import os\nfrom api.core import get_pg_url\n\n# more configuration options here http://flask.pocoo.org/docs/1.0/config/\nclass Config:\n    SECRET_KEY = \"testkey\"\n    SQLALCHEMY_TRACK_MODIFICATIONS = False\n    LOG_FILE = \"api.log\"\n\n\nclass DevelopmentConfig(Config):\n    url = (\n",
  "slicing": "    SECRET_KEY = \"testkey\"\n"
 },
 "14": {
  "name": "SQLALCHEMY_TRACK_MODIFICATIONS",
  "type": "bool",
  "class": "build-in",
  "approach": "annotation",
  "file_path": "flask-gql/api/config.py",
  "lineno": "14",
  "column": "4",
  "context": "fig/\nclass Config:\n    SECRET_KEY = \"testkey\"\n    SQLALCHEMY_TRACK_MODIFICATIONS = False\n    LOG_FILE = \"api.log\"\n\n\nclass DevelopmentConfig",
  "context_lines": "from api.core import get_pg_url\n\n# more configuration options here http://flask.pocoo.org/docs/1.0/config/\nclass Config:\n    SECRET_KEY = \"testkey\"\n    SQLALCHEMY_TRACK_MODIFICATIONS = False\n    LOG_FILE = \"api.log\"\n\n\nclass DevelopmentConfig(Config):\n    url = (\n        get_pg_url()\n",
  "slicing": "    SQLALCHEMY_TRACK_MODIFICATIONS = False\n"
 },
 "15": {
  "name": "LOG_FILE",
  "type": "str",
  "class": "build-in",
  "approach": "Pysonar2",
  "file_path": "flask-gql/api/config.py",
  "lineno": "15",
  "column": "4",
  "context": "y\"\n    SQLALCHEMY_TRACK_MODIFICATIONS = False\n    LOG_FILE = \"api.log\"\n\n\nclass DevelopmentConfig(Config):\n    url = (\n   ",
  "context_lines": "# more configuration options here http://flask.pocoo.org/docs/1.0/config/\nclass Config:\n    SECRET_KEY = \"testkey\"\n    SQLALCHEMY_TRACK_MODIFICATIONS = False\n    LOG_FILE = \"api.log\"\n\n\nclass DevelopmentConfig(Config):\n    url = (\n        get_pg_url()\n",
  "slicing": "    LOG_FILE = \"api.log\"\n"
 },
 "16": {
  "name": "url",
  "type": "str",
  "class": "build-in",
  "approach": "Pysonar2",
  "file_path": "flask-gql/api/config.py",
  "lineno": "19",
  "column": "4",
  "context": " \"api.log\"\n\n\nclass DevelopmentConfig(Config):\n    url = (\n        get_pg_url()\n        if get_pg_url()\n     ",
  "context_lines": "    SECRET_KEY = \"testkey\"\n    SQLALCHEMY_TRACK_MODIFICATIONS = False\n    LOG_FILE = \"api.log\"\n\n\nclass DevelopmentConfig(Config):\n    url = (\n        get_pg_url()\n        if get_pg_url()\n        else \"postgresql://testusr:password@127.0.0.1:5432/testdb\"  # TODO set the URI to get_pg_url() once you have `creds.ini` setup\n    )\n",
  "slicing": [
   "    url = (\n",
   "    SQLALCHEMY_DATABASE_URI = url\n"
  ]
 },
 "17": {
  "name": "SQLALCHEMY_DATABASE_URI",
  "type": "UNKNOWN",
  "class": "unknown",
  "approach": "annotation",
  "file_path": "flask-gql/api/config.py",
  "lineno": "24",
  "column": "4",
  "context": "g_url() once you have `creds.ini` setup\n    )\n    SQLALCHEMY_DATABASE_URI = url\n    DEBUG = True\n\n\nclass ProductionConfig(Config):",
  "context_lines": "        get_pg_url()\n        if get_pg_url()\n        else \"postgresql://testusr:password@127.0.0.1:5432/testdb\"  # TODO set the URI to get_pg_url() once you have `creds.ini` setup\n    )\n    SQLALCHEMY_DATABASE_URI = url\n    DEBUG = True\n\n\nclass ProductionConfig(Config):\n    SQLALCHEMY_DATABASE_URI = os.environ.get(\n        \"DATABASE_URL\"\n",
  "slicing": "    SQLALCHEMY_DATABASE_URI = url\n"
 },
 "18": {
  "name": "DEBUG",
  "type": "bool",
  "class": "build-in",
  "approach": "annotation",
  "file_path": "flask-gql/api/config.py",
  "lineno": "25",
  "column": "4",
  "context": "setup\n    )\n    SQLALCHEMY_DATABASE_URI = url\n    DEBUG = True\n\n\nclass ProductionConfig(Config):\n    SQLALCHEMY_D",
  "context_lines": "        if get_pg_url()\n        else \"postgresql://testusr:password@127.0.0.1:5432/testdb\"  # TODO set the URI to get_pg_url() once you have `creds.ini` setup\n    )\n    SQLALCHEMY_DATABASE_URI = url\n    DEBUG = True\n\n\nclass ProductionConfig(Config):\n    SQLALCHEMY_DATABASE_URI = os.environ.get(\n        \"DATABASE_URL\"\n",
  "slicing": "    DEBUG = True\n"
 },
 "19": {
  "name": "SQLALCHEMY_DATABASE_URI",
  "type": "UNKNOWN",
  "class": "unknown",
  "approach": "Pysonar2",
  "file_path": "flask-gql/api/config.py",
  "lineno": "29",
  "column": "4",
  "context": "EBUG = True\n\n\nclass ProductionConfig(Config):\n    SQLALCHEMY_DATABASE_URI = os.environ.get(\n        \"DATABASE_URL\"\n    )  # you may do the sam",
  "context_lines": "    )\n    SQLALCHEMY_DATABASE_URI = url\n    DEBUG = True\n\n\nclass ProductionConfig(Config):\n    SQLALCHEMY_DATABASE_URI = os.environ.get(\n        \"DATABASE_URL\"\n    )  # you may do the same as the development config\n    DEBUG = False\n\n\nclass DockerDevConfig(Config):\n",
  "slicing": "    SQLALCHEMY_DATABASE_URI = os.environ.get(\n"
 },
 "20": {
  "name": "DEBUG",
  "type": "bool",
  "class": "build-in",
  "approach": "annotation",
  "file_path": "flask-gql/api/config.py",
  "lineno": "32",
  "column": "4",
  "context": "you may do the same as the development config\n    DEBUG = False\n\n\nclass DockerDevConfig(Config):\n    SQLALCHEMY_DA",
  "context_lines": "class ProductionConfig(Config):\n    SQLALCHEMY_DATABASE_URI = os.environ.get(\n        \"DATABASE_URL\"\n    )  # you may do the same as the development config\n    DEBUG = False\n\n\nclass DockerDevConfig(Config):\n    SQLALCHEMY_DATABASE_URI = \"postgresql://testusr:password@postgres/testdb\"\n    DEBUG = True\n\n\n",
  "slicing": "    DEBUG = False\n"
 },
 "21": {
  "name": "SQLALCHEMY_DATABASE_URI",
  "type": "str",
  "class": "build-in",
  "approach": "Pysonar2",
  "file_path": "flask-gql/api/config.py",
  "lineno": "36",
  "column": "4",
  "context": "EBUG = False\n\n\nclass DockerDevConfig(Config):\n    SQLALCHEMY_DATABASE_URI = \"postgresql://testusr:password@postgres/testdb\"\n    DEBUG = True\n\n\nconfig = {\"dev\": DevelopmentCon",
  "context_lines": "        \"DATABASE_URL\"\n    )  # you may do the same as the development config\n    DEBUG = False\n\n\nclass DockerDevConfig(Config):\n    SQLALCHEMY_DATABASE_URI = \"postgresql://testusr:password@postgres/testdb\"\n    DEBUG = True\n\n\n",
  "slicing": "    SQLALCHEMY_DATABASE_URI = \"postgresql://testusr:password@postgres/testdb\"\n"
 },
 "22": {
  "name": "DEBUG",
  "type": "bool",
  "class": "build-in",
  "approach": "annotation",
  "file_path": "flask-gql/api/config.py",
  "lineno": "37",
  "column": "4",
  "context": "ostgresql://testusr:password@postgres/testdb\"\n    DEBUG = True\n\n\nconfig = {\"dev\": DevelopmentConfig, \"prod\": Prod",
  "context_lines": "    )  # you may do the same as the development config\n    DEBUG = False\n\n\nclass DockerDevConfig(Config):\n    SQLALCHEMY_DATABASE_URI = \"postgresql://testusr:password@postgres/testdb\"\n    DEBUG = True\n\n\n",
  "slicing": "    DEBUG = True\n"
 },
 "23": {
  "name": "config",
  "type": "dict",
  "class": "build-in",
  "approach": "annotation",
  "file_path": "flask-gql/api/config.py",
  "lineno": "40",
  "column": "0",
  "context": "tusr:password@postgres/testdb\"\n    DEBUG = True\n\n\nconfig = {\"dev\": DevelopmentConfig, \"prod\": ProductionConfig, \"docker\": DockerDevConfig}\n",
  "context_lines": "    DEBUG = False\n\n\nclass DockerDevConfig(Config):\n    SQLALCHEMY_DATABASE_URI = \"postgresql://testusr:password@postgres/testdb\"\n    DEBUG = True\n\n\nconfig = {\"dev\": DevelopmentConfig, \"prod\": ProductionConfig, \"docker\": DockerDevConfig}\n",
  "slicing": "config = {\"dev\": DevelopmentConfig, \"prod\": ProductionConfig, \"docker\": DockerDevConfig}\n"
 },
 "24": {
  "name": "app",
  "type": "flask.Flask",
  "class": "imported",
  "approach": "annotation",
  "file_path": "flask-gql/api/__init__.py",
  "lineno": "31",
  "column": "4",
  "context": "in__ == \"__name__\":\n        app.run()\n    \"\"\"\n    app = Flask(__name__)\n\n    CORS(app)  # add CORS\n\n    # check environmen",
  "context_lines": "    app = create_app()\n\n    if __main__ == \"__name__\":\n        app.run()\n    \"\"\"\n    app = Flask(__name__)\n\n    CORS(app)  # add CORS\n\n    # check environment variables to see which config to load\n    env = os.environ.get(\"FLASK_ENV\", \"dev\")\n",
  "slicing": [
   "    app = Flask(__name__)\n",
   "    CORS(app)  # add CORS\n",
   "        app.config.from_mapping(**test_config)\n",
   "        app.config.from_object(config[env])  # config dict is from api/config.py\n",
   "    if app.config.get(\"LOG_FILE\"):\n",
   "        fh = logging.FileHandler(app.config.get(\"LOG_FILE\"))\n",
   "        fh.setLevel(logging.DEBUG)\n",
   "        fh.setFormatter(formatter)\n",
   "        app.logger.addHandler(fh)\n",
   "    app.logger.addHandler(strm)\n",
   "    app.logger.setLevel(logging.DEBUG)\n",
   "        db_url = app.config[\"SQLALCHEMY_DATABASE_URI\"]\n",
   "        if not database_exists(db_url):\n",
   "            create_database(db_url)\n",
   "    db.init_app(app)  # initialize Flask SQLALchemy with this flask app\n",
   "    Migrate(app, db)\n",
   "    app.register_blueprint(main.main)\n",
   "    app.register_error_handler(Exception, all_exception_handler)\n",
   "    return app\n"
  ]
 },
 "25": {
  "name": "env",
  "type": "UNKNOWN",
  "class": "unknown",
  "approach": "Pysonar2",
  "file_path": "flask-gql/api/__init__.py",
  "lineno": "36",
  "column": "4",
  "context": "ronment variables to see which config to load\n    env = os.environ.get(\"FLASK_ENV\", \"dev\")\n    # for configuration options, look at api/confi",
  "context_lines": "    \"\"\"\n    app = Flask(__name__)\n\n    CORS(app)  # add CORS\n\n    # check environment variables to see which config to load\n    env = os.environ.get(\"FLASK_ENV\", \"dev\")\n    # for configuration options, look at api/config.py\n    if test_config:\n        # purposely done so we can inject test configurations\n        # this may be used as well if you'd like to pass\n",
  "slicing": [
   "    env = os.environ.get(\"FLASK_ENV\", \"dev\")\n",
   "        app.config.from_object(config[env])  # config dict is from api/config.py\n",
   "    if env != \"prod\":\n"
  ]
 },
 "26": {
  "name": "formatter",
  "type": "RequestFormatter",
  "class": "customized",
  "approach": "annotation",
  "file_path": "flask-gql/api/__init__.py",
  "lineno": "49",
  "column": "4",
  "context": "fig dict is from api/config.py\n\n    # logging\n    formatter = RequestFormatter(\n        \"%(asctime)s %(remote_addr)s: requested %(",
  "context_lines": "        app.config.from_mapping(**test_config)\n    else:\n        app.config.from_object(config[env])  # config dict is from api/config.py\n\n    # logging\n    formatter = RequestFormatter(\n        \"%(asctime)s %(remote_addr)s: requested %(url)s: %(levelname)s in [%(module)s: %(lineno)d]: %(message)s\"\n    )\n    if app.config.get(\"LOG_FILE\"):\n        fh = logging.FileHandler(app.config.get(\"LOG_FILE\"))\n",
  "slicing": [
   "    formatter = RequestFormatter(\n",
   "        fh.setFormatter(formatter)\n",
   "    strm.setFormatter(formatter)\n"
  ]
 },
 "27": {
  "name": "fh",
  "type": "UNKNOWN",
  "class": "unknown",
  "approach": "Pysonar2",
  "file_path": "flask-gql/api/__init__.py",
  "lineno": "53",
  "column": "8",
  "context": "\n    )\n    if app.config.get(\"LOG_FILE\"):\n        fh = logging.FileHandler(app.config.get(\"LOG_FILE\"))\n        fh.setLevel(logging.DEBUG)\n        fh.setF",
  "context_lines": "    formatter = RequestFormatter(\n        \"%(asctime)s %(remote_addr)s: requested %(url)s: %(levelname)s in [%(module)s: %(lineno)d]: %(message)s\"\n    )\n    if app.config.get(\"LOG_FILE\"):\n        fh = logging.FileHandler(app.config.get(\"LOG_FILE\"))\n        fh.setLevel(logging.DEBUG)\n        fh.setFormatter(formatter)\n        app.logger.addHandler(fh)\n\n    strm = logging.StreamHandler()\n",
  "slicing": [
   "        fh = logging.FileHandler(app.config.get(\"LOG_FILE\"))\n",
   "        fh.setLevel(logging.DEBUG)\n",
   "        fh.setFormatter(formatter)\n",
   "        app.logger.addHandler(fh)\n"
  ]
 },
 "28": {
  "name": "strm",
  "type": "UNKNOWN",
  "class": "unknown",
  "approach": "Pysonar2",
  "file_path": "flask-gql/api/__init__.py",
  "lineno": "58",
  "column": "4",
  "context": "formatter)\n        app.logger.addHandler(fh)\n\n    strm = logging.StreamHandler()\n    strm.setLevel(logging.DEBUG)\n    strm.setForma",
  "context_lines": "        fh = logging.FileHandler(app.config.get(\"LOG_FILE\"))\n        fh.setLevel(logging.DEBUG)\n        fh.setFormatter(formatter)\n        app.logger.addHandler(fh)\n\n    strm = logging.StreamHandler()\n    strm.setLevel(logging.DEBUG)\n    strm.setFormatter(formatter)\n\n    app.logger.addHandler(strm)\n    app.logger.setLevel(logging.DEBUG)\n\n",
  "slicing": [
   "    strm = logging.StreamHandler()\n",
   "    strm.setLevel(logging.DEBUG)\n",
   "    strm.setFormatter(formatter)\n",
   "    app.logger.addHandler(strm)\n",
   "    root.addHandler(strm)\n"
  ]
 },
 "29": {
  "name": "root",
  "type": "UNKNOWN",
  "class": "unknown",
  "approach": "Pysonar2",
  "file_path": "flask-gql/api/__init__.py",
  "lineno": "65",
  "column": "4",
  "context": "strm)\n    app.logger.setLevel(logging.DEBUG)\n\n    root = logging.getLogger(\"core\")\n    root.addHandler(strm)\n\n    # decide whether to",
  "context_lines": "    strm.setLevel(logging.DEBUG)\n    strm.setFormatter(formatter)\n\n    app.logger.addHandler(strm)\n    app.logger.setLevel(logging.DEBUG)\n\n    root = logging.getLogger(\"core\")\n    root.addHandler(strm)\n\n    # decide whether to create database\n    if env != \"prod\":\n        db_url = app.config[\"SQLALCHEMY_DATABASE_URI\"]\n",
  "slicing": [
   "    root = logging.getLogger(\"core\")\n",
   "    root.addHandler(strm)\n"
  ]
 },
 "30": {
  "name": "db_url",
  "type": "dict",
  "class": "build-in",
  "approach": "annotation",
  "file_path": "flask-gql/api/__init__.py",
  "lineno": "70",
  "column": "8",
  "context": " to create database\n    if env != \"prod\":\n        db_url = app.config[\"SQLALCHEMY_DATABASE_URI\"]\n        if not database_exists(db_url):\n          ",
  "context_lines": "    root = logging.getLogger(\"core\")\n    root.addHandler(strm)\n\n    # decide whether to create database\n    if env != \"prod\":\n        db_url = app.config[\"SQLALCHEMY_DATABASE_URI\"]\n        if not database_exists(db_url):\n            create_database(db_url)\n\n    # register sqlalchemy to this app\n    from api.models import db\n\n",
  "slicing": [
   "        db_url = app.config[\"SQLALCHEMY_DATABASE_URI\"]\n",
   "        if not database_exists(db_url):\n",
   "            create_database(db_url)\n"
  ]
 },
 "31": {
  "name": "logger",
  "type": "werkzeug.local.LocalProxy",
  "class": "imported",
  "approach": "annotation",
  "file_path": "flask-gql/api/core.py",
  "lineno": "10",
  "column": "0",
  "context": "rt Response\n\n# logger object for all views to use\nlogger = LocalProxy(lambda: current_app.logger)\ncore_logger = logging.getLogger(\"core\")\n\n\nclass Mi",
  "context_lines": "from werkzeug.local import LocalProxy\nfrom flask import current_app, jsonify\nfrom flask.wrappers import Response\n\n# logger object for all views to use\nlogger = LocalProxy(lambda: current_app.logger)\ncore_logger = logging.getLogger(\"core\")\n\n\nclass Mixin:\n    \"\"\"Utility Base Class for SQLAlchemy Models. \n    \n    Adds `to_dict()` to easily serialize objects to dictionaries.\n",
  "slicing": "logger = LocalProxy(lambda: current_app.logger)\n"
 },
 "32": {
  "name": "core_logger",
  "type": "UNKNOWN",
  "class": "unknown",
  "approach": "Pysonar2",
  "file_path": "flask-gql/api/core.py",
  "lineno": "11",
  "column": "0",
  "context": "e\nlogger = LocalProxy(lambda: current_app.logger)\ncore_logger = logging.getLogger(\"core\")\n\n\nclass Mixin:\n    \"\"\"Utility Base Class for SQLAl",
  "context_lines": "from flask import current_app, jsonify\nfrom flask.wrappers import Response\n\n# logger object for all views to use\nlogger = LocalProxy(lambda: current_app.logger)\ncore_logger = logging.getLogger(\"core\")\n\n\nclass Mixin:\n    \"\"\"Utility Base Class for SQLAlchemy Models. \n    \n    Adds `to_dict()` to easily serialize objects to dictionaries.\n",
  "slicing": "core_logger = logging.getLogger(\"core\")\n"
 },
 "33": {
  "name": "d_out",
  "type": "dict",
  "class": "build-in",
  "approach": "annotation",
  "file_path": "flask-gql/api/core.py",
  "lineno": "21",
  "column": "8",
  "context": ".\n    \"\"\"\n\n    def to_dict(self) -> dict:\n        d_out = dict((key, val) for key, val in self.__dict__.items())\n        d_out.pop(\"_sa_instance_state\", None)\n    ",
  "context_lines": "    \"\"\"Utility Base Class for SQLAlchemy Models. \n    \n    Adds `to_dict()` to easily serialize objects to dictionaries.\n    \"\"\"\n\n    def to_dict(self) -> dict:\n        d_out = dict((key, val) for key, val in self.__dict__.items())\n        d_out.pop(\"_sa_instance_state\", None)\n        d_out[\"_id\"] = d_out.pop(\"id\", None)  # rename id key to interface with response\n        return d_out\n\n\ndef create_response(\n",
  "slicing": [
   "        d_out = dict((key, val) for key, val in self.__dict__.items())\n",
   "        d_out.pop(\"_sa_instance_state\", None)\n",
   "        d_out[\"_id\"] = d_out.pop(\"id\", None)  # rename id key to interface with response\n",
   "        return d_out\n"
  ]
 },
 "34": {
  "name": "response",
  "type": "dict",
  "class": "build-in",
  "approach": "annotation",
  "file_path": "flask-gql/api/core.py",
  "lineno": "49",
  "column": "4",
  "context": "e TypeError(\"Data should be a dictionary 😞\")\n\n    response = {\"success\": 200 <= status < 300, \"message\": message, \"result\": data}\n    return jsonify(response), status\n\n\ndef seriali",
  "context_lines": "    :returns tuple of Flask Response and int\n    \"\"\"\n    if type(data) is not dict and data is not None:\n        raise TypeError(\"Data should be a dictionary 😞\")\n\n    response = {\"success\": 200 <= status < 300, \"message\": message, \"result\": data}\n    return jsonify(response), status\n\n\ndef serialize_list(items: List) -> List:\n    \"\"\"Serializes a list of SQLAlchemy Objects, exposing their attributes.\n    \n    :param items - List of Objects that inherit from Mixin\n",
  "slicing": [
   "    response = {\"success\": 200 <= status < 300, \"message\": message, \"result\": data}\n",
   "    return jsonify(response), status\n"
  ]
 },
 "35": {
  "name": "config",
  "type": "UNKNOWN",
  "class": "unknown",
  "approach": "Pysonar2",
  "file_path": "flask-gql/api/core.py",
  "lineno": "87",
  "column": "8",
  "context": "one if exception failed\n    \"\"\"\n    try:\n\n        config = configparser.ConfigParser()\n        config.read(file)\n\n        mongo_section =",
  "context_lines": "    :param file name\n    :returns str or None if exception failed\n    \"\"\"\n    try:\n\n        config = configparser.ConfigParser()\n        config.read(file)\n\n        mongo_section = config[\"pg_creds\"]\n        return mongo_section[\"pg_url\"]\n    except KeyError:\n",
  "slicing": [
   "        config = configparser.ConfigParser()\n",
   "        config.read(file)\n",
   "        mongo_section = config[\"pg_creds\"]\n",
   "        return mongo_section[\"pg_url\"]\n"
  ]
 },
 "36": {
  "name": "mongo_section",
  "type": "dict",
  "class": "build-in",
  "approach": "annotation",
  "file_path": "flask-gql/api/core.py",
  "lineno": "90",
  "column": "8",
  "context": "ConfigParser()\n        config.read(file)\n\n        mongo_section = config[\"pg_creds\"]\n        return mongo_section[\"pg_url\"]\n    except ",
  "context_lines": "    \"\"\"\n    try:\n\n        config = configparser.ConfigParser()\n        config.read(file)\n\n        mongo_section = config[\"pg_creds\"]\n        return mongo_section[\"pg_url\"]\n    except KeyError:\n        print(\n            f\"Failed to retrieve postgres url. Check if {file} exists in the top directory and whether it follows the correct format. Ignore this message if you are not using creds.ini.\"\n",
  "slicing": [
   "        mongo_section = config[\"pg_creds\"]\n",
   "        return mongo_section[\"pg_url\"]\n"
  ]
 },
 "37": {
  "name": "main",
  "type": "flask.Blueprint",
  "class": "imported",
  "approach": "annotation",
  "file_path": "flask-gql/api/views/main.py",
  "lineno": "5",
  "column": "0",
  "context": "e import create_response, serialize_list, logger\n\nmain = Blueprint(\"main\", __name__)  # initialize blueprint\n\n\n# function that is called when you visit /\n@main",
  "context_lines": "from flask import Blueprint\nfrom api.models import Person\nfrom api.core import create_response, serialize_list, logger\n\nmain = Blueprint(\"main\", __name__)  # initialize blueprint\n\n\n# function that is called when you visit /\n@main.route(\"/\")\ndef index():\n",
  "slicing": [
   "main = Blueprint(\"main\", __name__)  # initialize blueprint\n",
   "@main.route(\"/\")\n",
   "@main.route(\"/persons\", methods=[\"GET\"])\n"
  ]
 },
 "38": {
  "name": "persons",
  "type": "UNKNOWN",
  "class": "unknown",
  "approach": "Pysonar2",
  "file_path": "flask-gql/api/views/main.py",
  "lineno": "21",
  "column": "4",
  "context": "persons\", methods=[\"GET\"])\ndef get_persons():\n    persons = Person.query.all()\n    return create_response(data={\"persons\": serial",
  "context_lines": "    return \"<h1>Hello World!</h1>\"\n\n\n# function that is called when you visit /persons\n@main.route(\"/persons\", methods=[\"GET\"])\ndef get_persons():\n    persons = Person.query.all()\n    return create_response(data={\"persons\": serialize_list(persons)})\n",
  "slicing": [
   "    persons = Person.query.all()\n",
   "    return create_response(data={\"persons\": serialize_list(persons)})\n"
  ]
 },
 "39": {
  "name": "__tablename__",
  "type": "str",
  "class": "build-in",
  "approach": "Pysonar2",
  "file_path": "flask-gql/api/models/Person.py",
  "lineno": "8",
  "column": "4",
  "context": "on(Mixin, db.Model):\n    \"\"\"Person Table.\"\"\"\n\n    __tablename__ = \"person\"\n\n    id = db.Column(db.Integer, unique=True, prima",
  "context_lines": "from api.core import Mixin\nfrom .base import db\n\n\nclass Person(Mixin, db.Model):\n    \"\"\"Person Table.\"\"\"\n\n    __tablename__ = \"person\"\n\n    id = db.Column(db.Integer, unique=True, primary_key=True)\n    name = db.Column(db.String, nullable=False)\n    emails = db.relationship(\"Email\", backref=\"emails\")\n\n",
  "slicing": "    __tablename__ = \"email\"\n"
 },
 "40": {
  "name": "id",
  "type": "UNKNOWN",
  "class": "unknown",
  "approach": "Pysonar2",
  "file_path": "flask-gql/api/models/Person.py",
  "lineno": "10",
  "column": "4",
  "context": "rson Table.\"\"\"\n\n    __tablename__ = \"person\"\n\n    id = db.Column(db.Integer, unique=True, primary_key=True)\n    name = db.Column(db.String, nullable=False)\n  ",
  "context_lines": "from .base import db\n\n\nclass Person(Mixin, db.Model):\n    \"\"\"Person Table.\"\"\"\n\n    __tablename__ = \"person\"\n\n    id = db.Column(db.Integer, unique=True, primary_key=True)\n    name = db.Column(db.String, nullable=False)\n    emails = db.relationship(\"Email\", backref=\"emails\")\n\n    def __init__(self, name: str):\n        self.name = name\n\n",
  "slicing": "    id = db.Column(db.Integer, unique=True, primary_key=True)\n"
 },
 "41": {
  "name": "name",
  "type": "UNKNOWN",
  "class": "unknown",
  "approach": "Pysonar2",
  "file_path": "flask-gql/api/models/Person.py",
  "lineno": "11",
  "column": "4",
  "context": "mn(db.Integer, unique=True, primary_key=True)\n    name = db.Column(db.String, nullable=False)\n    emails = db.relationship(\"Email\", backref=\"ema",
  "context_lines": "class Person(Mixin, db.Model):\n    \"\"\"Person Table.\"\"\"\n\n    __tablename__ = \"person\"\n\n    id = db.Column(db.Integer, unique=True, primary_key=True)\n    name = db.Column(db.String, nullable=False)\n    emails = db.relationship(\"Email\", backref=\"emails\")\n\n    def __init__(self, name: str):\n        self.name = name\n\n    def __repr__(self):\n",
  "slicing": [
   "    name = db.Column(db.String, nullable=False)\n",
   "        self.name = name\n"
  ]
 },
 "42": {
  "name": "emails",
  "type": "UNKNOWN",
  "class": "unknown",
  "approach": "Pysonar2",
  "file_path": "flask-gql/api/models/Person.py",
  "lineno": "12",
  "column": "4",
  "context": "  name = db.Column(db.String, nullable=False)\n    emails = db.relationship(\"Email\", backref=\"emails\")\n\n    def __init__(self, name: str):\n        self.n",
  "context_lines": "    \"\"\"Person Table.\"\"\"\n\n    __tablename__ = \"person\"\n\n    id = db.Column(db.Integer, unique=True, primary_key=True)\n    name = db.Column(db.String, nullable=False)\n    emails = db.relationship(\"Email\", backref=\"emails\")\n\n    def __init__(self, name: str):\n        self.name = name\n\n    def __repr__(self):\n",
  "slicing": "    emails = db.relationship(\"Email\", backref=\"emails\")\n"
 },
 "43": {
  "name": "__tablename__",
  "type": "str",
  "class": "build-in",
  "approach": "Pysonar2",
  "file_path": "flask-gql/api/models/Email.py",
  "lineno": "8",
  "column": "4",
  "context": "ail(Mixin, db.Model):\n    \"\"\"Email Table.\"\"\"\n\n    __tablename__ = \"email\"\n\n    id = db.Column(db.Integer, unique=True, prima",
  "context_lines": "from .base import db\n\n# Note that we use sqlite for our tests, so you can't use Postgres Arrays\nclass Email(Mixin, db.Model):\n    \"\"\"Email Table.\"\"\"\n\n    __tablename__ = \"email\"\n\n    id = db.Column(db.Integer, unique=True, primary_key=True)\n    email = db.Column(db.String, nullable=False)\n    person = db.Column(\n",
  "slicing": "    __tablename__ = \"email\"\n"
 },
 "44": {
  "name": "id",
  "type": "UNKNOWN",
  "class": "unknown",
  "approach": "Pysonar2",
  "file_path": "flask-gql/api/models/Email.py",
  "lineno": "10",
  "column": "4",
  "context": "Email Table.\"\"\"\n\n    __tablename__ = \"email\"\n\n    id = db.Column(db.Integer, unique=True, primary_key=True)\n    email = db.Column(db.String, nullable=False)\n ",
  "context_lines": "# Note that we use sqlite for our tests, so you can't use Postgres Arrays\nclass Email(Mixin, db.Model):\n    \"\"\"Email Table.\"\"\"\n\n    __tablename__ = \"email\"\n\n    id = db.Column(db.Integer, unique=True, primary_key=True)\n    email = db.Column(db.String, nullable=False)\n    person = db.Column(\n        db.Integer, db.ForeignKey(\"person.id\", ondelete=\"SET NULL\"), nullable=True\n    )\n\n",
  "slicing": "    id = db.Column(db.Integer, unique=True, primary_key=True)\n"
 },
 "45": {
  "name": "email",
  "type": "UNKNOWN",
  "class": "unknown",
  "approach": "Pysonar2",
  "file_path": "flask-gql/api/models/Email.py",
  "lineno": "11",
  "column": "4",
  "context": "mn(db.Integer, unique=True, primary_key=True)\n    email = db.Column(db.String, nullable=False)\n    person = db.Column(\n        db.Integer, db.For",
  "context_lines": "class Email(Mixin, db.Model):\n    \"\"\"Email Table.\"\"\"\n\n    __tablename__ = \"email\"\n\n    id = db.Column(db.Integer, unique=True, primary_key=True)\n    email = db.Column(db.String, nullable=False)\n    person = db.Column(\n        db.Integer, db.ForeignKey(\"person.id\", ondelete=\"SET NULL\"), nullable=True\n    )\n\n    def __init__(self, email):\n",
  "slicing": [
   "    email = db.Column(db.String, nullable=False)\n",
   "        self.email = email\n"
  ]
 },
 "46": {
  "name": "person",
  "type": "UNKNOWN",
  "class": "unknown",
  "approach": "Pysonar2",
  "file_path": "flask-gql/api/models/Email.py",
  "lineno": "12",
  "column": "4",
  "context": " email = db.Column(db.String, nullable=False)\n    person = db.Column(\n        db.Integer, db.ForeignKey(\"person.id\", ond",
  "context_lines": "    \"\"\"Email Table.\"\"\"\n\n    __tablename__ = \"email\"\n\n    id = db.Column(db.Integer, unique=True, primary_key=True)\n    email = db.Column(db.String, nullable=False)\n    person = db.Column(\n        db.Integer, db.ForeignKey(\"person.id\", ondelete=\"SET NULL\"), nullable=True\n    )\n\n    def __init__(self, email):\n        self.email = email\n\n",
  "slicing": "    person = db.Column(\n"
 },
 "47": {
  "name": "__all__",
  "type": "list",
  "class": "build-in",
  "approach": "annotation",
  "file_path": "flask-gql/api/models/__init__.py",
  "lineno": "8",
  "column": "0",
  "context": "\nfrom .Person import Person\nfrom .base import db\n\n__all__ = [\"Email\", \"Person\", \"db\"]\n\n# You must import all of the new Models you creat",
  "context_lines": "# to prevent circular dependencies\nfrom .Email import Email\nfrom .Person import Person\nfrom .base import db\n\n__all__ = [\"Email\", \"Person\", \"db\"]\n\n",
  "slicing": "__all__ = [\"Email\", \"Person\", \"db\"]\n"
 },
 "48": {
  "name": "db",
  "type": "flask_sqlalchemy.SQLAlchemy",
  "class": "imported",
  "approach": "annotation",
  "file_path": "flask-gql/api/models/base.py",
  "lineno": "4",
  "column": "0",
  "context": " import SQLAlchemy\n\n# instantiate database object\ndb = SQLAlchemy()\n",
  "context_lines": "from flask_sqlalchemy import SQLAlchemy\n\n# instantiate database object\ndb = SQLAlchemy()\n",
  "slicing": "db = SQLAlchemy()\n"
 },
 "49": {
  "name": "client",
  "type": "UNKNOWN",
  "class": "unknown",
  "approach": "Pysonar2",
  "file_path": "flask-gql/tests/test_basic.py",
  "lineno": "5",
  "column": "15",
  "context": "ocoo.org/docs/1.0/api/#test-client\ndef test_index(client):\n    rs = client.get(\"/\")\n    assert rs.status_code",
  "context_lines": "from api.models import db, Person\n\n# client passed from client - look into pytest for more info about fixtures\n# test client api: http://flask.pocoo.org/docs/1.0/api/#test-client\ndef test_index(client):\n    rs = client.get(\"/\")\n    assert rs.status_code == 200\n\n\ndef test_get_person(client):\n    rs = client.get(\"/persons\")\n\n",
  "slicing": "def test_index(client):\n"
 },
 "50": {
  "name": "client",
  "type": "UNKNOWN",
  "class": "unknown",
  "approach": "Pysonar2",
  "file_path": "flask-gql/tests/test_basic.py",
  "lineno": "10",
  "column": "20",
  "context": "ssert rs.status_code == 200\n\n\ndef test_get_person(client):\n    rs = client.get(\"/persons\")\n\n    assert rs.sta",
  "context_lines": "# test client api: http://flask.pocoo.org/docs/1.0/api/#test-client\ndef test_index(client):\n    rs = client.get(\"/\")\n    assert rs.status_code == 200\n\n\ndef test_get_person(client):\n    rs = client.get(\"/persons\")\n\n    assert rs.status_code == 200\n    ret_dict = rs.json  # gives you a dictionary\n    assert ret_dict[\"success\"] == True\n",
  "slicing": "def test_get_person(client):\n"
 },
 "51": {
  "name": "postgres",
  "type": "UNKNOWN",
  "class": "unknown",
  "approach": "Pysonar2",
  "file_path": "flask-gql/tests/conftest.py",
  "lineno": "29",
  "column": "11",
  "context": "e app\n@pytest.fixture(scope=\"session\")\ndef client(postgres):\n    config_dict = {\n        \"SQLALCHEMY_DATABASE_U",
  "context_lines": "        yield postgresql\n\n\n# We spin up a temporary postgres instance\n# in which we inject it into the app\n@pytest.fixture(scope=\"session\")\ndef client(postgres):\n    config_dict = {\n        \"SQLALCHEMY_DATABASE_URI\": postgres.url(),\n        \"DEBUG\": True,\n        \"SQLALCHEMY_TRACK_MODIFICATIONS\": False,\n",
  "slicing": "def client(postgres):\n"
 },
 "52": {
  "name": "record",
  "type": "UNKNOWN",
  "class": "unknown",
  "approach": "Pysonar2",
  "file_path": "flask-gql/api/__init__.py",
  "lineno": "14",
  "column": "21",
  "context": "ormatter(logging.Formatter):\n    def format(self, record):\n        record.url = request.url\n        record.re",
  "context_lines": "from sqlalchemy_utils import create_database, database_exists\n\nfrom api.config import config\nfrom api.core import all_exception_handler\n\n\nclass RequestFormatter(logging.Formatter):\n    def format(self, record):\n        record.url = request.url\n        record.remote_addr = request.remote_addr\n        return super().format(record)\n\n\n# why we use application factories http://flask.pocoo.org/docs/1.0/patterns/appfactories/#app-factories\n",
  "slicing": "    def format(self, record):\n"
 },
 "53": {
  "name": "test_config",
  "type": "UNKNOWN",
  "class": "unknown",
  "approach": "Pysonar2",
  "file_path": "flask-gql/api/__init__.py",
  "lineno": "21",
  "column": "15",
  "context": "tterns/appfactories/#app-factories\ndef create_app(test_config=None):\n    \"\"\"\n    The flask application factory. To run ",
  "context_lines": "        record.url = request.url\n        record.remote_addr = request.remote_addr\n        return super().format(record)\n\n\n# why we use application factories http://flask.pocoo.org/docs/1.0/patterns/appfactories/#app-factories\ndef create_app(test_config=None):\n    \"\"\"\n    The flask application factory. To run the app somewhere else you can:\n    ```\n    from api import create_app\n",
  "slicing": "def create_app(test_config=None):\n"
 },
 "54": {
  "name": "data",
  "type": "dict",
  "class": "build-in",
  "approach": "annotation",
  "file_path": "flask-gql/api/core.py",
  "lineno": "28",
  "column": "4",
  "context": "e\n        return d_out\n\n\ndef create_response(\n    data: dict = None, status: int = 200, message: str = \"\"\n) -> Tuple[Response, int]:\n    \"\"\"Wraps response i",
  "context_lines": "        d_out.pop(\"_sa_instance_state\", None)\n        d_out[\"_id\"] = d_out.pop(\"id\", None)  # rename id key to interface with response\n        return d_out\n\n\ndef create_response(\n    data: dict = None, status: int = 200, message: str = \"\"\n) -> Tuple[Response, int]:\n    \"\"\"Wraps response in a consistent format throughout the API.\n    \n    Format inspired by https://medium.com/@shazow/how-i-design-json-api-responses-71900f00f2db\n    Modifications included:\n",
  "slicing": "    data: dict = None, status: int = 200, message: str = \"\"\n"
 },
 "55": {
  "name": "status",
  "type": "int",
  "class": "build-in",
  "approach": "annotation",
  "file_path": "flask-gql/api/core.py",
  "lineno": "28",
  "column": "23",
  "context": "out\n\n\ndef create_response(\n    data: dict = None, status: int = 200, message: str = \"\"\n) -> Tuple[Response, int]:\n    \"\"\"Wraps response i",
  "context_lines": "        d_out.pop(\"_sa_instance_state\", None)\n        d_out[\"_id\"] = d_out.pop(\"id\", None)  # rename id key to interface with response\n        return d_out\n\n\ndef create_response(\n    data: dict = None, status: int = 200, message: str = \"\"\n) -> Tuple[Response, int]:\n    \"\"\"Wraps response in a consistent format throughout the API.\n    \n    Format inspired by https://medium.com/@shazow/how-i-design-json-api-responses-71900f00f2db\n    Modifications included:\n",
  "slicing": [
   "    data: dict = None, status: int = 200, message: str = \"\"\n",
   "    return create_response(message=str(error), status=500)\n"
  ]
 },
 "56": {
  "name": "message",
  "type": "str",
  "class": "build-in",
  "approach": "annotation",
  "file_path": "flask-gql/api/core.py",
  "lineno": "28",
  "column": "42",
  "context": "sponse(\n    data: dict = None, status: int = 200, message: str = \"\"\n) -> Tuple[Response, int]:\n    \"\"\"Wraps response i",
  "context_lines": "        d_out.pop(\"_sa_instance_state\", None)\n        d_out[\"_id\"] = d_out.pop(\"id\", None)  # rename id key to interface with response\n        return d_out\n\n\ndef create_response(\n    data: dict = None, status: int = 200, message: str = \"\"\n) -> Tuple[Response, int]:\n    \"\"\"Wraps response in a consistent format throughout the API.\n    \n    Format inspired by https://medium.com/@shazow/how-i-design-json-api-responses-71900f00f2db\n    Modifications included:\n",
  "slicing": [
   "    data: dict = None, status: int = 200, message: str = \"\"\n",
   "    return create_response(message=str(error), status=500)\n"
  ]
 },
 "57": {
  "name": "items",
  "type": "UNKNOWN",
  "class": "unknown",
  "approach": "annotation",
  "file_path": "flask-gql/api/core.py",
  "lineno": "53",
  "column": "19",
  "context": "rn jsonify(response), status\n\n\ndef serialize_list(items: List) -> List:\n    \"\"\"Serializes a list of SQLAlchemy Objects, ex",
  "context_lines": "    if type(data) is not dict and data is not None:\n        raise TypeError(\"Data should be a dictionary 😞\")\n\n    response = {\"success\": 200 <= status < 300, \"message\": message, \"result\": data}\n    return jsonify(response), status\n\n\ndef serialize_list(items: List) -> List:\n    \"\"\"Serializes a list of SQLAlchemy Objects, exposing their attributes.\n    \n    :param items - List of Objects that inherit from Mixin\n    :returns List of dictionaries\n    \"\"\"\n",
  "slicing": "def serialize_list(items: List) -> List:\n"
 },
 "58": {
  "name": "error",
  "type": "UNKNOWN",
  "class": "unknown",
  "approach": "annotation",
  "file_path": "flask-gql/api/core.py",
  "lineno": "66",
  "column": "26",
  "context": "1.0/patterns/apierrors/\ndef all_exception_handler(error: Exception) -> Tuple[Response, int]:\n    \"\"\"Catches and handles all exceptions, add mor",
  "context_lines": "        return []\n    return [x.to_dict() for x in items]\n\n\n# add specific Exception handlers before this, if needed\n# More info at http://flask.pocoo.org/docs/1.0/patterns/apierrors/\ndef all_exception_handler(error: Exception) -> Tuple[Response, int]:\n    \"\"\"Catches and handles all exceptions, add more specific error Handlers.\n    :param Exception\n    :returns Tuple of a Flask Response and int\n    \"\"\"\n",
  "slicing": "def all_exception_handler(error: Exception) -> Tuple[Response, int]:\n"
 },
 "59": {
  "name": "file",
  "type": "str",
  "class": "build-in",
  "approach": "annotation",
  "file_path": "flask-gql/api/core.py",
  "lineno": "74",
  "column": "15",
  "context": "(message=str(error), status=500)\n\n\ndef get_pg_url(file: str = \"creds.ini\") -> str:\n    \"\"\"Gets Postgres URL including credentials fro",
  "context_lines": "    :param Exception\n    :returns Tuple of a Flask Response and int\n    \"\"\"\n    return create_response(message=str(error), status=500)\n\n\ndef get_pg_url(file: str = \"creds.ini\") -> str:\n    \"\"\"Gets Postgres URL including credentials from specified file.\n\n    Example of File:\n    ```\n    [pg_creds]\n",
  "slicing": "def get_pg_url(file: str = \"creds.ini\") -> str:\n"
 },
 "60": {
  "name": "name",
  "type": "str",
  "class": "build-in",
  "approach": "annotation",
  "file_path": "flask-gql/api/models/Person.py",
  "lineno": "14",
  "column": "23",
  "context": "Email\", backref=\"emails\")\n\n    def __init__(self, name: str):\n        self.name = name\n\n    def __repr__(self):\n",
  "context_lines": "    __tablename__ = \"person\"\n\n    id = db.Column(db.Integer, unique=True, primary_key=True)\n    name = db.Column(db.String, nullable=False)\n    emails = db.relationship(\"Email\", backref=\"emails\")\n\n    def __init__(self, name: str):\n        self.name = name\n\n    def __repr__(self):\n",
  "slicing": "    def __init__(self, name: str):\n"
 },
 "61": {
  "name": "email",
  "type": "UNKNOWN",
  "class": "unknown",
  "approach": "Pysonar2",
  "file_path": "flask-gql/api/models/Email.py",
  "lineno": "16",
  "column": "23",
  "context": "LL\"), nullable=True\n    )\n\n    def __init__(self, email):\n        self.email = email\n\n    def __repr__(self)",
  "context_lines": "    email = db.Column(db.String, nullable=False)\n    person = db.Column(\n        db.Integer, db.ForeignKey(\"person.id\", ondelete=\"SET NULL\"), nullable=True\n    )\n\n    def __init__(self, email):\n        self.email = email\n\n    def __repr__(self):\n",
  "slicing": "    def __init__(self, email):\n"
 },
 "62": {
  "name": "SQLALCHEMY_DATABASE_URI",
  "type": "url",
  "class": "imported",
  "approach": "annotation",
  "file_path": "flask-gql/api/config.py",
  "lineno": "24",
  "column": "4",
  "slicing": "['    url = (\\n', '    SQLALCHEMY_DATABASE_URI = url\\n']",
  "context": "g_url() once you have `creds.ini` setup\n    )\n    SQLALCHEMY_DATABASE_URI = url\n    DEBUG = True\n\n\nclass ProductionConfig(Config):",
  "context_lines": "        get_pg_url()\n        if get_pg_url()\n        else \"postgresql://testusr:password@127.0.0.1:5432/testdb\"  # TODO set the URI to get_pg_url() once you have `creds.ini` setup\n    )\n    SQLALCHEMY_DATABASE_URI = url\n    DEBUG = True\n\n\nclass ProductionConfig(Config):\n    SQLALCHEMY_DATABASE_URI = os.environ.get(\n        \"DATABASE_URL\"\n"
 },
 "63": {
  "name": "error",
  "type": "Exception",
  "class": "imported",
  "approach": "annotation",
  "file_path": "flask-gql/api/core.py",
  "lineno": "66",
  "column": "26",
  "slicing": "['def all_exception_handler(error: Exception) -> Tuple[Response, int]:\\n']",
  "context": "1.0/patterns/apierrors/\ndef all_exception_handler(error: Exception) -> Tuple[Response, int]:\n    \"\"\"Catches and handles all exceptions, add mor",
  "context_lines": "        return []\n    return [x.to_dict() for x in items]\n\n\n# add specific Exception handlers before this, if needed\n# More info at http://flask.pocoo.org/docs/1.0/patterns/apierrors/\ndef all_exception_handler(error: Exception) -> Tuple[Response, int]:\n    \"\"\"Catches and handles all exceptions, add more specific error Handlers.\n    :param Exception\n    :returns Tuple of a Flask Response and int\n    \"\"\"\n"
 }
}