{
 "1": {
  "name": "bind",
  "type": "str",
  "class": "build-in",
  "approach": "Pysonar2",
  "file_path": "flask_demo/gunicorn.py",
  "lineno": "1",
  "column": "0",
  "context": "bind = \"localhost:5000\"\nworker_class = \"gevent\"\nworkers = 2\nthreads = 4\n",
  "context_lines": "bind = \"localhost:5000\"\nworker_class = \"gevent\"\nworkers = 2\n",
  "slicing": "bind = \"localhost:5000\"\n"
 },
 "2": {
  "name": "worker_class",
  "type": "str",
  "class": "build-in",
  "approach": "Pysonar2",
  "file_path": "flask_demo/gunicorn.py",
  "lineno": "2",
  "column": "0",
  "context": "bind = \"localhost:5000\"\nworker_class = \"gevent\"\nworkers = 2\nthreads = 4\n",
  "context_lines": "bind = \"localhost:5000\"\nworker_class = \"gevent\"\nworkers = 2\n",
  "slicing": "worker_class = \"gevent\"\n"
 },
 "3": {
  "name": "workers",
  "type": "int",
  "class": "build-in",
  "approach": "Pysonar2",
  "file_path": "flask_demo/gunicorn.py",
  "lineno": "3",
  "column": "0",
  "context": "bind = \"localhost:5000\"\nworker_class = \"gevent\"\nworkers = 2\nthreads = 4\n",
  "context_lines": "bind = \"localhost:5000\"\nworker_class = \"gevent\"\nworkers = 2\n",
  "slicing": "workers = 2\n"
 },
 "4": {
  "name": "threads",
  "type": "int",
  "class": "build-in",
  "approach": "Pysonar2",
  "file_path": "flask_demo/gunicorn.py",
  "lineno": "4",
  "column": "0",
  "context": "calhost:5000\"\nworker_class = \"gevent\"\nworkers = 2\nthreads = 4\n",
  "context_lines": "bind = \"localhost:5000\"\nworker_class = \"gevent\"\nworkers = 2\nthreads = 4\n",
  "slicing": "threads = 4\n"
 },
 "5": {
  "name": "ENV",
  "type": "UNKNOWN",
  "class": "unknown",
  "approach": "Pysonar2",
  "file_path": "flask_demo/settings.py",
  "lineno": "4",
  "column": "0",
  "context": "import os\nimport logging\n\nENV = os.environ.get(\"FLASK_ENV\", default=\"production\")  # same with flask run\nDEBUG = os.environ.get(\"FLASK_ENV\", default=\"true\"",
  "context_lines": "import os\nimport logging\n\nENV = os.environ.get(\"FLASK_ENV\", default=\"production\")  # same with flask run\nDEBUG = os.environ.get(\"FLASK_ENV\", default=\"true\") in (\"t\", \"true\")\n\nPROJECT_NAME = \"flask_demo\"\n\n# extensions\nDB_URL = f\"mysql+pymysql://root:letmein@127.0.0.1/{PROJECT_NAME}?charset=utf8mb4\"\n",
  "slicing": [
   "ENV = os.environ.get(\"FLASK_ENV\", default=\"production\")  # same with flask run\n",
   "if ENV == \"testing\":\n",
   "elif ENV == \"development\":\n"
  ]
 },
 "6": {
  "name": "DEBUG",
  "type": "bool",
  "class": "build-in",
  "approach": "Pysonar2",
  "file_path": "flask_demo/settings.py",
  "lineno": "5",
  "column": "0",
  "context": "NV\", default=\"production\")  # same with flask run\nDEBUG = os.environ.get(\"FLASK_ENV\", default=\"true\") in (\"t\", \"true\")\n\nPROJECT_NAME = \"flask_demo\"\n\n# extensions\nDB_URL ",
  "context_lines": "import os\nimport logging\n\nENV = os.environ.get(\"FLASK_ENV\", default=\"production\")  # same with flask run\nDEBUG = os.environ.get(\"FLASK_ENV\", default=\"true\") in (\"t\", \"true\")\n\nPROJECT_NAME = \"flask_demo\"\n\n# extensions\nDB_URL = f\"mysql+pymysql://root:letmein@127.0.0.1/{PROJECT_NAME}?charset=utf8mb4\"\n",
  "slicing": "DEBUG = os.environ.get(\"FLASK_ENV\", default=\"true\") in (\"t\", \"true\")\n"
 },
 "7": {
  "name": "PROJECT_NAME",
  "type": "str",
  "class": "build-in",
  "approach": "Pysonar2",
  "file_path": "flask_demo/settings.py",
  "lineno": "7",
  "column": "0",
  "context": "et(\"FLASK_ENV\", default=\"true\") in (\"t\", \"true\")\n\nPROJECT_NAME = \"flask_demo\"\n\n# extensions\nDB_URL = f\"mysql+pymysql://root:letm",
  "context_lines": "import os\nimport logging\n\nENV = os.environ.get(\"FLASK_ENV\", default=\"production\")  # same with flask run\nDEBUG = os.environ.get(\"FLASK_ENV\", default=\"true\") in (\"t\", \"true\")\n\nPROJECT_NAME = \"flask_demo\"\n\n# extensions\nDB_URL = f\"mysql+pymysql://root:letmein@127.0.0.1/{PROJECT_NAME}?charset=utf8mb4\"\nDB_CONFIG = dict(echo=True, echo_pool=True, pool_size=10)\n\n",
  "slicing": [
   "PROJECT_NAME = \"flask_demo\"\n",
   "DB_URL = f\"mysql+pymysql://root:letmein@127.0.0.1/{PROJECT_NAME}?charset=utf8mb4\"\n",
   "    DB_URL = DB_URL.replace(PROJECT_NAME, PROJECT_NAME + \"_test\")\n"
  ]
 },
 "8": {
  "name": "DB_URL",
  "type": "str",
  "class": "build-in",
  "approach": "Pysonar2",
  "file_path": "flask_demo/settings.py",
  "lineno": "10",
  "column": "0",
  "context": "true\")\n\nPROJECT_NAME = \"flask_demo\"\n\n# extensions\nDB_URL = f\"mysql+pymysql://root:letmein@127.0.0.1/{PROJECT_NAME}?charset=utf8mb4\"\nDB_CONFIG = dict(echo=True, echo_pool=True, pool_s",
  "context_lines": "ENV = os.environ.get(\"FLASK_ENV\", default=\"production\")  # same with flask run\nDEBUG = os.environ.get(\"FLASK_ENV\", default=\"true\") in (\"t\", \"true\")\n\nPROJECT_NAME = \"flask_demo\"\n\n# extensions\nDB_URL = f\"mysql+pymysql://root:letmein@127.0.0.1/{PROJECT_NAME}?charset=utf8mb4\"\nDB_CONFIG = dict(echo=True, echo_pool=True, pool_size=10)\n\nAPIMAN_TEMPLATE = \"./docs/template.yml\"\nAPIMAN_CONFIG = {\"title\": \"Flask demo API manunal\"}\n\nif ENV == \"testing\":\n",
  "slicing": [
   "DB_URL = f\"mysql+pymysql://root:letmein@127.0.0.1/{PROJECT_NAME}?charset=utf8mb4\"\n",
   "    DB_URL = DB_URL.replace(PROJECT_NAME, PROJECT_NAME + \"_test\")\n"
  ]
 },
 "9": {
  "name": "DB_CONFIG",
  "type": "dict",
  "class": "build-in",
  "approach": "annotation",
  "file_path": "flask_demo/settings.py",
  "lineno": "11",
  "column": "0",
  "context": "letmein@127.0.0.1/{PROJECT_NAME}?charset=utf8mb4\"\nDB_CONFIG = dict(echo=True, echo_pool=True, pool_size=10)\n\nAPIMAN_TEMPLATE = \"./docs/template.yml\"\nAPIMAN_CO",
  "context_lines": "DEBUG = os.environ.get(\"FLASK_ENV\", default=\"true\") in (\"t\", \"true\")\n\nPROJECT_NAME = \"flask_demo\"\n\n# extensions\nDB_URL = f\"mysql+pymysql://root:letmein@127.0.0.1/{PROJECT_NAME}?charset=utf8mb4\"\nDB_CONFIG = dict(echo=True, echo_pool=True, pool_size=10)\n\nAPIMAN_TEMPLATE = \"./docs/template.yml\"\nAPIMAN_CONFIG = {\"title\": \"Flask demo API manunal\"}\n\nif ENV == \"testing\":\n",
  "slicing": [
   "DB_CONFIG = dict(echo=True, echo_pool=True, pool_size=10)\n",
   "    DB_CONFIG[\"echo\"] = False\n"
  ]
 },
 "10": {
  "name": "APIMAN_TEMPLATE",
  "type": "str",
  "class": "build-in",
  "approach": "Pysonar2",
  "file_path": "flask_demo/settings.py",
  "lineno": "13",
  "column": "0",
  "context": " = dict(echo=True, echo_pool=True, pool_size=10)\n\nAPIMAN_TEMPLATE = \"./docs/template.yml\"\nAPIMAN_CONFIG = {\"title\": \"Flask demo API manunal\"",
  "context_lines": "PROJECT_NAME = \"flask_demo\"\n\n# extensions\nDB_URL = f\"mysql+pymysql://root:letmein@127.0.0.1/{PROJECT_NAME}?charset=utf8mb4\"\nDB_CONFIG = dict(echo=True, echo_pool=True, pool_size=10)\n\nAPIMAN_TEMPLATE = \"./docs/template.yml\"\nAPIMAN_CONFIG = {\"title\": \"Flask demo API manunal\"}\n\nif ENV == \"testing\":\n    logging.basicConfig(level=logging.DEBUG)\n    DB_URL = DB_URL.replace(PROJECT_NAME, PROJECT_NAME + \"_test\")\n",
  "slicing": "APIMAN_TEMPLATE = \"./docs/template.yml\"\n"
 },
 "11": {
  "name": "APIMAN_CONFIG",
  "type": "dict",
  "class": "build-in",
  "approach": "annotation",
  "file_path": "flask_demo/settings.py",
  "lineno": "14",
  "column": "0",
  "context": "size=10)\n\nAPIMAN_TEMPLATE = \"./docs/template.yml\"\nAPIMAN_CONFIG = {\"title\": \"Flask demo API manunal\"}\n\nif ENV == \"testing\":\n    logging.basicConfig(leve",
  "context_lines": "# extensions\nDB_URL = f\"mysql+pymysql://root:letmein@127.0.0.1/{PROJECT_NAME}?charset=utf8mb4\"\nDB_CONFIG = dict(echo=True, echo_pool=True, pool_size=10)\n\nAPIMAN_TEMPLATE = \"./docs/template.yml\"\nAPIMAN_CONFIG = {\"title\": \"Flask demo API manunal\"}\n\nif ENV == \"testing\":\n    logging.basicConfig(level=logging.DEBUG)\n    DB_URL = DB_URL.replace(PROJECT_NAME, PROJECT_NAME + \"_test\")\n",
  "slicing": "APIMAN_CONFIG = {\"title\": \"Flask demo API manunal\"}\n"
 },
 "12": {
  "name": "DB_URL",
  "type": "str",
  "class": "build-in",
  "approach": "Pysonar2",
  "file_path": "flask_demo/settings.py",
  "lineno": "18",
  "column": "4",
  "context": "\n    logging.basicConfig(level=logging.DEBUG)\n    DB_URL = DB_URL.replace(PROJECT_NAME, PROJECT_NAME + \"_test\")\nelif ENV == \"development\":\n    logging.basicConfig",
  "context_lines": "APIMAN_TEMPLATE = \"./docs/template.yml\"\nAPIMAN_CONFIG = {\"title\": \"Flask demo API manunal\"}\n\nif ENV == \"testing\":\n    logging.basicConfig(level=logging.DEBUG)\n    DB_URL = DB_URL.replace(PROJECT_NAME, PROJECT_NAME + \"_test\")\nelif ENV == \"development\":\n    logging.basicConfig(level=logging.DEBUG)\nelse:\n    DEBUG = False\n",
  "slicing": [
   "    DB_URL = DB_URL.replace(PROJECT_NAME, PROJECT_NAME + \"_test\")\n"
  ]
 },
 "13": {
  "name": "DEBUG",
  "type": "bool",
  "class": "build-in",
  "approach": "annotation",
  "file_path": "flask_demo/settings.py",
  "lineno": "22",
  "column": "4",
  "context": "ogging.basicConfig(level=logging.DEBUG)\nelse:\n    DEBUG = False\n    DB_CONFIG[\"echo\"] = False\n    logging.basicCon",
  "context_lines": "    DB_URL = DB_URL.replace(PROJECT_NAME, PROJECT_NAME + \"_test\")\nelif ENV == \"development\":\n    logging.basicConfig(level=logging.DEBUG)\nelse:\n    DEBUG = False\n    DB_CONFIG[\"echo\"] = False\n",
  "slicing": "    DEBUG = False\n"
 },
 "14": {
  "name": "res",
  "type": "UNKNOWN",
  "class": "unknown",
  "approach": "Pysonar2",
  "file_path": "flask_demo/tests/test_health.py",
  "lineno": "2",
  "column": "4",
  "context": "def test_health(client):\n    res = client.get(f\"/health/\")\n    assert res.status_code == 200\n",
  "context_lines": "def test_health(client):\n    res = client.get(f\"/health/\")\n",
  "slicing": [
   "    res = client.get(f\"/health/\")\n",
   "    assert res.status_code == 200\n"
  ]
 },
 "15": {
  "name": "res",
  "type": "UNKNOWN",
  "class": "unknown",
  "approach": "Pysonar2",
  "file_path": "flask_demo/tests/test_api.py",
  "lineno": "13",
  "column": "4",
  "context": "ion)\n\n\ndef test_cat(client, db):\n    # create\n    res = client.post(f\"/api/cats/\")\n    assert res.status_code == 400\n    data = dict(",
  "context_lines": "def test_apiman():\n    validate_v3_spec(apiman.specification)\n\n\ndef test_cat(client, db):\n    # create\n    res = client.post(f\"/api/cats/\")\n    assert res.status_code == 400\n    data = dict(name=\"丁丁\", age=1)\n    res = client.post(f\"/api/cats/\", json=data)\n    assert res.status_code == 201\n",
  "slicing": [
   "    res = client.post(f\"/api/cats/\")\n",
   "    assert res.status_code == 400\n",
   "    assert res.status_code == 201\n",
   "        assert res.json[k] == v\n",
   "    cat1_id = res.json[\"id\"]\n",
   "        assert res.json[k] == v\n",
   "    cat2_id = res.json[\"id\"]\n",
   "    assert res.status_code == 400\n",
   "    assert res.status_code == 400\n",
   "    assert res.status_code == 400\n",
   "    assert res.status_code == 404\n",
   "    res = client.get(f\"/api/cat/?id={cat2_id}\")\n",
   "    assert res.status_code == 200\n",
   "        assert res.json[k] == v\n",
   "    data[\"id\"] = cat2_id\n",
   "    assert res.status_code == 200\n",
   "    assert res.json[\"age\"] == data[\"age\"]\n",
   "    assert res.status_code == 200\n",
   "    assert len(res.json[\"objects\"]) == 2\n",
   "    assert res.json[\"page\"] == 1\n",
   "    assert res.json[\"count\"] == 20\n",
   "    res = client.delete(f\"/api/cat/?id={cat1_id}\")\n",
   "    assert res.status_code == 204\n",
   "    res = client.get(f\"/api/cat/?id={cat1_id}\")\n",
   "    assert res.status_code == 404\n"
  ]
 },
 "16": {
  "name": "data",
  "type": "dict",
  "class": "build-in",
  "approach": "annotation",
  "file_path": "flask_demo/tests/test_api.py",
  "lineno": "15",
  "column": "4",
  "context": "api/cats/\")\n    assert res.status_code == 400\n    data = dict(name=\"丁丁\", age=1)\n    res = client.post(f\"/api/cats/\", json=data)\n  ",
  "context_lines": "def test_cat(client, db):\n    # create\n    res = client.post(f\"/api/cats/\")\n    assert res.status_code == 400\n    data = dict(name=\"丁丁\", age=1)\n    res = client.post(f\"/api/cats/\", json=data)\n    assert res.status_code == 201\n    for k, v in data.items():\n        assert res.json[k] == v\n",
  "slicing": [
   "    data = dict(name=\"丁丁\", age=1)\n",
   "    res = client.post(f\"/api/cats/\", json=data)\n",
   "    assert res.status_code == 201\n",
   "    for k, v in data.items():\n",
   "        assert res.json[k] == v\n",
   "    cat1_id = res.json[\"id\"]\n",
   "    res = client.post(f\"/api/cats/\", json=data)\n",
   "    for k, v in data.items():\n",
   "        assert res.json[k] == v\n",
   "    cat2_id = res.json[\"id\"]\n",
   "    assert res.status_code == 400\n",
   "    assert res.status_code == 400\n",
   "    assert res.status_code == 400\n",
   "    assert res.status_code == 404\n",
   "    res = client.get(f\"/api/cat/?id={cat2_id}\")\n",
   "    assert res.status_code == 200\n",
   "    for k, v in data.items():\n",
   "        assert res.json[k] == v\n",
   "    data[\"id\"] = cat2_id\n",
   "    data[\"age\"] += 1\n",
   "    res = client.put(f\"/api/cat/\", json=data)\n",
   "    assert res.status_code == 200\n",
   "    assert res.json[\"age\"] == data[\"age\"]\n",
   "    assert res.status_code == 200\n",
   "    assert len(res.json[\"objects\"]) == 2\n",
   "    assert res.json[\"page\"] == 1\n",
   "    assert res.json[\"count\"] == 20\n",
   "    res = client.delete(f\"/api/cat/?id={cat1_id}\")\n",
   "    assert res.status_code == 204\n",
   "    res = client.get(f\"/api/cat/?id={cat1_id}\")\n",
   "    assert res.status_code == 404\n"
  ]
 },
 "17": {
  "name": "res",
  "type": "UNKNOWN",
  "class": "unknown",
  "approach": "Pysonar2",
  "file_path": "flask_demo/tests/test_api.py",
  "lineno": "16",
  "column": "4",
  "context": "code == 400\n    data = dict(name=\"丁丁\", age=1)\n    res = client.post(f\"/api/cats/\", json=data)\n    assert res.status_code == 201\n    for k, v in ",
  "context_lines": "    # create\n    res = client.post(f\"/api/cats/\")\n    assert res.status_code == 400\n    data = dict(name=\"丁丁\", age=1)\n    res = client.post(f\"/api/cats/\", json=data)\n    assert res.status_code == 201\n    for k, v in data.items():\n        assert res.json[k] == v\n    cat1_id = res.json[\"id\"]\n",
  "slicing": [
   "    res = client.post(f\"/api/cats/\", json=data)\n",
   "    assert res.status_code == 201\n",
   "        assert res.json[k] == v\n",
   "    cat1_id = res.json[\"id\"]\n",
   "        assert res.json[k] == v\n",
   "    cat2_id = res.json[\"id\"]\n",
   "    assert res.status_code == 400\n",
   "    assert res.status_code == 400\n",
   "    assert res.status_code == 400\n",
   "    assert res.status_code == 404\n",
   "    res = client.get(f\"/api/cat/?id={cat2_id}\")\n",
   "    assert res.status_code == 200\n",
   "        assert res.json[k] == v\n",
   "    data[\"id\"] = cat2_id\n",
   "    assert res.status_code == 200\n",
   "    assert res.json[\"age\"] == data[\"age\"]\n",
   "    assert res.status_code == 200\n",
   "    assert len(res.json[\"objects\"]) == 2\n",
   "    assert res.json[\"page\"] == 1\n",
   "    assert res.json[\"count\"] == 20\n",
   "    res = client.delete(f\"/api/cat/?id={cat1_id}\")\n",
   "    assert res.status_code == 204\n",
   "    res = client.get(f\"/api/cat/?id={cat1_id}\")\n",
   "    assert res.status_code == 404\n"
  ]
 },
 "18": {
  "name": "cat1_id",
  "type": "dict",
  "class": "build-in",
  "approach": "annotation",
  "file_path": "flask_demo/tests/test_api.py",
  "lineno": "20",
  "column": "4",
  "context": "data.items():\n        assert res.json[k] == v\n    cat1_id = res.json[\"id\"]\n    data = dict(name=\"当当\", age=2)\n    res = client",
  "context_lines": "    res = client.post(f\"/api/cats/\", json=data)\n    assert res.status_code == 201\n    for k, v in data.items():\n        assert res.json[k] == v\n    cat1_id = res.json[\"id\"]\n    data = dict(name=\"当当\", age=2)\n    res = client.post(f\"/api/cats/\", json=data)\n    for k, v in data.items():\n        assert res.json[k] == v\n",
  "slicing": [
   "    cat1_id = res.json[\"id\"]\n",
   "    res = client.delete(f\"/api/cat/?id={cat1_id}\")\n",
   "    assert res.status_code == 204\n",
   "    res = client.get(f\"/api/cat/?id={cat1_id}\")\n",
   "    assert res.status_code == 404\n"
  ]
 },
 "19": {
  "name": "data",
  "type": "dict",
  "class": "build-in",
  "approach": "annotation",
  "file_path": "flask_demo/tests/test_api.py",
  "lineno": "21",
  "column": "4",
  "context": "res.json[k] == v\n    cat1_id = res.json[\"id\"]\n    data = dict(name=\"当当\", age=2)\n    res = client.post(f\"/api/cats/\", json=data)\n  ",
  "context_lines": "    assert res.status_code == 201\n    for k, v in data.items():\n        assert res.json[k] == v\n    cat1_id = res.json[\"id\"]\n    data = dict(name=\"当当\", age=2)\n    res = client.post(f\"/api/cats/\", json=data)\n    for k, v in data.items():\n        assert res.json[k] == v\n    cat2_id = res.json[\"id\"]\n",
  "slicing": [
   "    data = dict(name=\"当当\", age=2)\n",
   "    res = client.post(f\"/api/cats/\", json=data)\n",
   "    for k, v in data.items():\n",
   "        assert res.json[k] == v\n",
   "    cat2_id = res.json[\"id\"]\n",
   "    assert res.status_code == 400\n",
   "    assert res.status_code == 400\n",
   "    assert res.status_code == 400\n",
   "    assert res.status_code == 404\n",
   "    res = client.get(f\"/api/cat/?id={cat2_id}\")\n",
   "    assert res.status_code == 200\n",
   "    for k, v in data.items():\n",
   "        assert res.json[k] == v\n",
   "    data[\"id\"] = cat2_id\n",
   "    data[\"age\"] += 1\n",
   "    res = client.put(f\"/api/cat/\", json=data)\n",
   "    assert res.status_code == 200\n",
   "    assert res.json[\"age\"] == data[\"age\"]\n",
   "    assert res.status_code == 200\n",
   "    assert len(res.json[\"objects\"]) == 2\n",
   "    assert res.json[\"page\"] == 1\n",
   "    assert res.json[\"count\"] == 20\n",
   "    assert res.status_code == 204\n",
   "    assert res.status_code == 404\n"
  ]
 },
 "20": {
  "name": "res",
  "type": "UNKNOWN",
  "class": "unknown",
  "approach": "Pysonar2",
  "file_path": "flask_demo/tests/test_api.py",
  "lineno": "22",
  "column": "4",
  "context": ".json[\"id\"]\n    data = dict(name=\"当当\", age=2)\n    res = client.post(f\"/api/cats/\", json=data)\n    for k, v in data.items():\n        assert res.j",
  "context_lines": "    for k, v in data.items():\n        assert res.json[k] == v\n    cat1_id = res.json[\"id\"]\n    data = dict(name=\"当当\", age=2)\n    res = client.post(f\"/api/cats/\", json=data)\n    for k, v in data.items():\n        assert res.json[k] == v\n    cat2_id = res.json[\"id\"]\n    assert db.fetch(f\"SELECT COUNT(*) FROM {m.Cat.__name__.lower()}\")[0][0] == 2\n",
  "slicing": [
   "    res = client.post(f\"/api/cats/\", json=data)\n",
   "        assert res.json[k] == v\n",
   "    cat2_id = res.json[\"id\"]\n",
   "    assert res.status_code == 400\n",
   "    assert res.status_code == 400\n",
   "    assert res.status_code == 400\n",
   "    assert res.status_code == 404\n",
   "    res = client.get(f\"/api/cat/?id={cat2_id}\")\n",
   "    assert res.status_code == 200\n",
   "        assert res.json[k] == v\n",
   "    data[\"id\"] = cat2_id\n",
   "    assert res.status_code == 200\n",
   "    assert res.json[\"age\"] == data[\"age\"]\n",
   "    assert res.status_code == 200\n",
   "    assert len(res.json[\"objects\"]) == 2\n",
   "    assert res.json[\"page\"] == 1\n",
   "    assert res.json[\"count\"] == 20\n",
   "    assert res.status_code == 204\n",
   "    assert res.status_code == 404\n"
  ]
 },
 "21": {
  "name": "cat2_id",
  "type": "dict",
  "class": "build-in",
  "approach": "annotation",
  "file_path": "flask_demo/tests/test_api.py",
  "lineno": "25",
  "column": "4",
  "context": "data.items():\n        assert res.json[k] == v\n    cat2_id = res.json[\"id\"]\n    assert db.fetch(f\"SELECT COUNT(*) FROM {m.Cat.",
  "context_lines": "    data = dict(name=\"当当\", age=2)\n    res = client.post(f\"/api/cats/\", json=data)\n    for k, v in data.items():\n        assert res.json[k] == v\n    cat2_id = res.json[\"id\"]\n    assert db.fetch(f\"SELECT COUNT(*) FROM {m.Cat.__name__.lower()}\")[0][0] == 2\n    # get\n    res = client.get(f\"/api/cat/?id=-1\")\n    assert res.status_code == 400\n",
  "slicing": [
   "    cat2_id = res.json[\"id\"]\n",
   "    res = client.get(f\"/api/cat/?id={cat2_id}\")\n",
   "    assert res.status_code == 200\n",
   "        assert res.json[k] == v\n",
   "    data[\"id\"] = cat2_id\n",
   "    assert res.status_code == 200\n",
   "    assert res.json[\"age\"] == data[\"age\"]\n",
   "    assert res.status_code == 200\n",
   "    assert len(res.json[\"objects\"]) == 2\n",
   "    assert res.json[\"page\"] == 1\n",
   "    assert res.json[\"count\"] == 20\n",
   "    assert res.status_code == 204\n",
   "    assert res.status_code == 404\n"
  ]
 },
 "22": {
  "name": "res",
  "type": "UNKNOWN",
  "class": "unknown",
  "approach": "Pysonar2",
  "file_path": "flask_demo/tests/test_api.py",
  "lineno": "28",
  "column": "4",
  "context": ".Cat.__name__.lower()}\")[0][0] == 2\n    # get\n    res = client.get(f\"/api/cat/?id=-1\")\n    assert res.status_code == 400\n    res = client",
  "context_lines": "        assert res.json[k] == v\n    cat2_id = res.json[\"id\"]\n    assert db.fetch(f\"SELECT COUNT(*) FROM {m.Cat.__name__.lower()}\")[0][0] == 2\n    # get\n    res = client.get(f\"/api/cat/?id=-1\")\n    assert res.status_code == 400\n    res = client.get(f\"/api/cat/?id=id\")\n    assert res.status_code == 400\n    res = client.get(f\"/api/cat/\")\n",
  "slicing": [
   "    res = client.get(f\"/api/cat/?id=-1\")\n",
   "    assert res.status_code == 400\n",
   "    assert res.status_code == 400\n",
   "    assert res.status_code == 400\n",
   "    assert res.status_code == 404\n",
   "    assert res.status_code == 200\n",
   "        assert res.json[k] == v\n",
   "    assert res.status_code == 200\n",
   "    assert res.json[\"age\"] == data[\"age\"]\n",
   "    assert res.status_code == 200\n",
   "    assert len(res.json[\"objects\"]) == 2\n",
   "    assert res.json[\"page\"] == 1\n",
   "    assert res.json[\"count\"] == 20\n",
   "    assert res.status_code == 204\n",
   "    assert res.status_code == 404\n"
  ]
 },
 "23": {
  "name": "res",
  "type": "UNKNOWN",
  "class": "unknown",
  "approach": "Pysonar2",
  "file_path": "flask_demo/tests/test_api.py",
  "lineno": "30",
  "column": "4",
  "context": "at/?id=-1\")\n    assert res.status_code == 400\n    res = client.get(f\"/api/cat/?id=id\")\n    assert res.status_code == 400\n    res = client",
  "context_lines": "    assert db.fetch(f\"SELECT COUNT(*) FROM {m.Cat.__name__.lower()}\")[0][0] == 2\n    # get\n    res = client.get(f\"/api/cat/?id=-1\")\n    assert res.status_code == 400\n    res = client.get(f\"/api/cat/?id=id\")\n    assert res.status_code == 400\n    res = client.get(f\"/api/cat/\")\n    assert res.status_code == 400\n    res = client.get(f\"/api/cat/?id=100\")\n",
  "slicing": [
   "    res = client.get(f\"/api/cat/?id=id\")\n",
   "    assert res.status_code == 400\n",
   "    assert res.status_code == 400\n",
   "    assert res.status_code == 404\n",
   "    assert res.status_code == 200\n",
   "        assert res.json[k] == v\n",
   "    assert res.status_code == 200\n",
   "    assert res.json[\"age\"] == data[\"age\"]\n",
   "    assert res.status_code == 200\n",
   "    assert len(res.json[\"objects\"]) == 2\n",
   "    assert res.json[\"page\"] == 1\n",
   "    assert res.json[\"count\"] == 20\n",
   "    assert res.status_code == 204\n",
   "    assert res.status_code == 404\n"
  ]
 },
 "24": {
  "name": "res",
  "type": "UNKNOWN",
  "class": "unknown",
  "approach": "Pysonar2",
  "file_path": "flask_demo/tests/test_api.py",
  "lineno": "32",
  "column": "4",
  "context": "at/?id=id\")\n    assert res.status_code == 400\n    res = client.get(f\"/api/cat/\")\n    assert res.status_code == 400\n    res = client",
  "context_lines": "    res = client.get(f\"/api/cat/?id=-1\")\n    assert res.status_code == 400\n    res = client.get(f\"/api/cat/?id=id\")\n    assert res.status_code == 400\n    res = client.get(f\"/api/cat/\")\n    assert res.status_code == 400\n    res = client.get(f\"/api/cat/?id=100\")\n    assert res.status_code == 404\n    res = client.get(f\"/api/cat/?id={cat2_id}\")\n",
  "slicing": [
   "    res = client.get(f\"/api/cat/\")\n",
   "    assert res.status_code == 400\n",
   "    assert res.status_code == 404\n",
   "    assert res.status_code == 200\n",
   "        assert res.json[k] == v\n",
   "    assert res.status_code == 200\n",
   "    assert res.json[\"age\"] == data[\"age\"]\n",
   "    assert res.status_code == 200\n",
   "    assert len(res.json[\"objects\"]) == 2\n",
   "    assert res.json[\"page\"] == 1\n",
   "    assert res.json[\"count\"] == 20\n",
   "    assert res.status_code == 204\n",
   "    assert res.status_code == 404\n"
  ]
 },
 "25": {
  "name": "res",
  "type": "UNKNOWN",
  "class": "unknown",
  "approach": "Pysonar2",
  "file_path": "flask_demo/tests/test_api.py",
  "lineno": "34",
  "column": "4",
  "context": "/api/cat/\")\n    assert res.status_code == 400\n    res = client.get(f\"/api/cat/?id=100\")\n    assert res.status_code == 404\n    res = client",
  "context_lines": "    res = client.get(f\"/api/cat/?id=id\")\n    assert res.status_code == 400\n    res = client.get(f\"/api/cat/\")\n    assert res.status_code == 400\n    res = client.get(f\"/api/cat/?id=100\")\n    assert res.status_code == 404\n    res = client.get(f\"/api/cat/?id={cat2_id}\")\n    assert res.status_code == 200\n    for k, v in data.items():\n",
  "slicing": [
   "    res = client.get(f\"/api/cat/?id=100\")\n",
   "    assert res.status_code == 404\n",
   "    assert res.status_code == 200\n",
   "        assert res.json[k] == v\n",
   "    assert res.status_code == 200\n",
   "    assert res.json[\"age\"] == data[\"age\"]\n",
   "    assert res.status_code == 200\n",
   "    assert len(res.json[\"objects\"]) == 2\n",
   "    assert res.json[\"page\"] == 1\n",
   "    assert res.json[\"count\"] == 20\n",
   "    assert res.status_code == 204\n",
   "    assert res.status_code == 404\n"
  ]
 },
 "26": {
  "name": "res",
  "type": "UNKNOWN",
  "class": "unknown",
  "approach": "Pysonar2",
  "file_path": "flask_demo/tests/test_api.py",
  "lineno": "36",
  "column": "4",
  "context": "t/?id=100\")\n    assert res.status_code == 404\n    res = client.get(f\"/api/cat/?id={cat2_id}\")\n    assert res.status_code == 200\n    for k, v in ",
  "context_lines": "    res = client.get(f\"/api/cat/\")\n    assert res.status_code == 400\n    res = client.get(f\"/api/cat/?id=100\")\n    assert res.status_code == 404\n    res = client.get(f\"/api/cat/?id={cat2_id}\")\n    assert res.status_code == 200\n    for k, v in data.items():\n        assert res.json[k] == v\n    # update\n",
  "slicing": [
   "    res = client.get(f\"/api/cat/?id={cat2_id}\")\n",
   "    assert res.status_code == 200\n",
   "        assert res.json[k] == v\n",
   "    assert res.status_code == 200\n",
   "    assert res.json[\"age\"] == data[\"age\"]\n",
   "    assert res.status_code == 200\n",
   "    assert len(res.json[\"objects\"]) == 2\n",
   "    assert res.json[\"page\"] == 1\n",
   "    assert res.json[\"count\"] == 20\n",
   "    assert res.status_code == 204\n",
   "    assert res.status_code == 404\n"
  ]
 },
 "27": {
  "name": "res",
  "type": "UNKNOWN",
  "class": "unknown",
  "approach": "Pysonar2",
  "file_path": "flask_demo/tests/test_api.py",
  "lineno": "43",
  "column": "4",
  "context": "    data[\"id\"] = cat2_id\n    data[\"age\"] += 1\n    res = client.put(f\"/api/cat/\", json=data)\n    assert res.status_code == 200\n    assert res.j",
  "context_lines": "        assert res.json[k] == v\n    # update\n    data[\"id\"] = cat2_id\n    data[\"age\"] += 1\n    res = client.put(f\"/api/cat/\", json=data)\n    assert res.status_code == 200\n    assert res.json[\"age\"] == data[\"age\"]\n    # list\n    res = client.get(f\"/api/cats/\")\n",
  "slicing": [
   "    res = client.put(f\"/api/cat/\", json=data)\n",
   "    assert res.status_code == 200\n",
   "    assert res.json[\"age\"] == data[\"age\"]\n",
   "    assert res.status_code == 200\n",
   "    assert len(res.json[\"objects\"]) == 2\n",
   "    assert res.json[\"page\"] == 1\n",
   "    assert res.json[\"count\"] == 20\n",
   "    assert res.status_code == 204\n",
   "    assert res.status_code == 404\n"
  ]
 },
 "28": {
  "name": "res",
  "type": "UNKNOWN",
  "class": "unknown",
  "approach": "Pysonar2",
  "file_path": "flask_demo/tests/test_api.py",
  "lineno": "47",
  "column": "4",
  "context": "ert res.json[\"age\"] == data[\"age\"]\n    # list\n    res = client.get(f\"/api/cats/\")\n    assert res.status_code == 200\n    assert len(r",
  "context_lines": "    res = client.put(f\"/api/cat/\", json=data)\n    assert res.status_code == 200\n    assert res.json[\"age\"] == data[\"age\"]\n    # list\n    res = client.get(f\"/api/cats/\")\n    assert res.status_code == 200\n    assert len(res.json[\"objects\"]) == 2\n    assert res.json[\"page\"] == 1\n    assert res.json[\"count\"] == 20\n",
  "slicing": [
   "    res = client.get(f\"/api/cats/\")\n",
   "    assert res.status_code == 200\n",
   "    assert len(res.json[\"objects\"]) == 2\n",
   "    assert res.json[\"page\"] == 1\n",
   "    assert res.json[\"count\"] == 20\n",
   "    assert res.status_code == 204\n",
   "    assert res.status_code == 404\n"
  ]
 },
 "29": {
  "name": "res",
  "type": "UNKNOWN",
  "class": "unknown",
  "approach": "Pysonar2",
  "file_path": "flask_demo/tests/test_api.py",
  "lineno": "53",
  "column": "4",
  "context": "  assert res.json[\"count\"] == 20\n    # delete\n    res = client.delete(f\"/api/cat/?id={cat1_id}\")\n    assert res.status_code == 204\n    res = client",
  "context_lines": "    assert len(res.json[\"objects\"]) == 2\n    assert res.json[\"page\"] == 1\n    assert res.json[\"count\"] == 20\n    # delete\n    res = client.delete(f\"/api/cat/?id={cat1_id}\")\n    assert res.status_code == 204\n    res = client.get(f\"/api/cat/?id={cat1_id}\")\n",
  "slicing": [
   "    res = client.delete(f\"/api/cat/?id={cat1_id}\")\n",
   "    assert res.status_code == 204\n",
   "    assert res.status_code == 404\n"
  ]
 },
 "30": {
  "name": "res",
  "type": "UNKNOWN",
  "class": "unknown",
  "approach": "Pysonar2",
  "file_path": "flask_demo/tests/test_api.py",
  "lineno": "55",
  "column": "4",
  "context": "{cat1_id}\")\n    assert res.status_code == 204\n    res = client.get(f\"/api/cat/?id={cat1_id}\")\n    assert res.status_code == 404\n",
  "context_lines": "    assert res.json[\"count\"] == 20\n    # delete\n    res = client.delete(f\"/api/cat/?id={cat1_id}\")\n    assert res.status_code == 204\n    res = client.get(f\"/api/cat/?id={cat1_id}\")\n",
  "slicing": [
   "    res = client.get(f\"/api/cat/?id={cat1_id}\")\n",
   "    assert res.status_code == 404\n"
  ]
 },
 "31": {
  "name": "code",
  "type": "int",
  "class": "build-in",
  "approach": "Pysonar2",
  "file_path": "flask_demo/app/exceptions.py",
  "lineno": "7",
  "column": "4",
  "context": "und(HTTPException):\n    \"\"\"Data not found\"\"\"\n\n    code = 404\n    description = \"Not found\"\n\n\nclass InvalidExcep",
  "context_lines": "from werkzeug.exceptions import HTTPException\n\n\nclass NotFound(HTTPException):\n    \"\"\"Data not found\"\"\"\n\n    code = 404\n    description = \"Not found\"\n\n\nclass InvalidException(HTTPException):\n    \"\"\"Custom base exception\"\"\"\n\n    code = 400\n",
  "slicing": "    code = 404\n"
 },
 "32": {
  "name": "description",
  "type": "str",
  "class": "build-in",
  "approach": "Pysonar2",
  "file_path": "flask_demo/app/exceptions.py",
  "lineno": "8",
  "column": "4",
  "context": "on):\n    \"\"\"Data not found\"\"\"\n\n    code = 404\n    description = \"Not found\"\n\n\nclass InvalidException(HTTPException):\n    \"\"\"Cu",
  "context_lines": "from werkzeug.exceptions import HTTPException\n\n\nclass NotFound(HTTPException):\n    \"\"\"Data not found\"\"\"\n\n    code = 404\n    description = \"Not found\"\n\n\nclass InvalidException(HTTPException):\n    \"\"\"Custom base exception\"\"\"\n\n    code = 400\n",
  "slicing": "    description = \"Not found\"\n"
 },
 "33": {
  "name": "code",
  "type": "int",
  "class": "build-in",
  "approach": "Pysonar2",
  "file_path": "flask_demo/app/exceptions.py",
  "lineno": "14",
  "column": "4",
  "context": "PException):\n    \"\"\"Custom base exception\"\"\"\n\n    code = 400\n    description = \"Invalid request\"\n\n\nclass Invali",
  "context_lines": "    code = 404\n    description = \"Not found\"\n\n\nclass InvalidException(HTTPException):\n    \"\"\"Custom base exception\"\"\"\n\n    code = 400\n    description = \"Invalid request\"\n\n\nclass InvalidJson(InvalidException):\n    \"\"\"Cat't parse json from requests\"\"\"\n\n    description = \"Invalid json request\"\n\n\n",
  "slicing": "    code = 400\n"
 },
 "34": {
  "name": "description",
  "type": "str",
  "class": "build-in",
  "approach": "Pysonar2",
  "file_path": "flask_demo/app/exceptions.py",
  "lineno": "15",
  "column": "4",
  "context": "  \"\"\"Custom base exception\"\"\"\n\n    code = 400\n    description = \"Invalid request\"\n\n\nclass InvalidJson(InvalidException):\n    \"\"\"Cat'",
  "context_lines": "    description = \"Not found\"\n\n\nclass InvalidException(HTTPException):\n    \"\"\"Custom base exception\"\"\"\n\n    code = 400\n    description = \"Invalid request\"\n\n\nclass InvalidJson(InvalidException):\n    \"\"\"Cat't parse json from requests\"\"\"\n\n    description = \"Invalid json request\"\n\n\n",
  "slicing": "    description = \"Invalid request\"\n"
 },
 "35": {
  "name": "description",
  "type": "str",
  "class": "build-in",
  "approach": "Pysonar2",
  "file_path": "flask_demo/app/exceptions.py",
  "lineno": "21",
  "column": "4",
  "context": "n):\n    \"\"\"Cat't parse json from requests\"\"\"\n\n    description = \"Invalid json request\"\n\n\nclass InvalidId(InvalidException):\n    \"\"\"Invali",
  "context_lines": "    code = 400\n    description = \"Invalid request\"\n\n\nclass InvalidJson(InvalidException):\n    \"\"\"Cat't parse json from requests\"\"\"\n\n    description = \"Invalid json request\"\n\n\nclass InvalidId(InvalidException):\n    \"\"\"Invalid id\"\"\"\n\n",
  "slicing": "    description = \"Invalid json request\"\n"
 },
 "36": {
  "name": "description",
  "type": "str",
  "class": "build-in",
  "approach": "Pysonar2",
  "file_path": "flask_demo/app/exceptions.py",
  "lineno": "27",
  "column": "4",
  "context": "idId(InvalidException):\n    \"\"\"Invalid id\"\"\"\n\n    description = \"Invalid ID\"\n",
  "context_lines": "    \"\"\"Cat't parse json from requests\"\"\"\n\n    description = \"Invalid json request\"\n\n\nclass InvalidId(InvalidException):\n    \"\"\"Invalid id\"\"\"\n\n    description = \"Invalid ID\"\n",
  "slicing": "    description = \"Invalid ID\"\n"
 },
 "37": {
  "name": "M",
  "type": "UNKNOWN",
  "class": "unknown",
  "approach": "Pysonar2",
  "file_path": "flask_demo/app/models.py",
  "lineno": "11",
  "column": "0",
  "context": "l import text\n\nfrom . import extensions as exts\n\n\nM = typing.TypeVar(\"M\", bound=\"Base\")\n\n\nclass Base(_BaseModel):\n    __db_define__ = f\"\"\"",
  "context_lines": "from pydantic import BaseModel as _BaseModel, ValidationError\nfrom pydantic.error_wrappers import ErrorWrapper\nfrom sqlalchemy.sql import text\n\nfrom . import extensions as exts\n\n\nM = typing.TypeVar(\"M\", bound=\"Base\")\n\n\nclass Base(_BaseModel):\n    __db_define__ = f\"\"\"\nCREATE TABLE base (\n",
  "slicing": [
   "M = typing.TypeVar(\"M\", bound=\"Base\")\n",
   "    def get(cls: typing.Type[M], _id: int) -> M:\n",
   "    def get_dict(cls: typing.Type[M], _id: int) -> typing.Dict[str, typing.Any]:\n",
   "    def list(cls: typing.Type[M], page: int = 1, count: int = 20) -> typing.List[M]:\n",
   "        cls: typing.Type[M], page: int = 1, count: int = 20\n"
  ]
 },
 "38": {
  "name": "__db_define__",
  "type": "str",
  "class": "build-in",
  "approach": "Pysonar2",
  "file_path": "flask_demo/app/models.py",
  "lineno": "15",
  "column": "4",
  "context": "(\"M\", bound=\"Base\")\n\n\nclass Base(_BaseModel):\n    __db_define__ = f\"\"\"\nCREATE TABLE base (\n    id INTEGER NOT NULL AUTO_I",
  "context_lines": "from sqlalchemy.sql import text\n\nfrom . import extensions as exts\n\n\nM = typing.TypeVar(\"M\", bound=\"Base\")\n\n\nclass Base(_BaseModel):\n    __db_define__ = f\"\"\"\nCREATE TABLE base (\n    id INTEGER NOT NULL AUTO_INCREMENT PRIMARY KEY,\n    created_at TIMESTAMP NOT NULL DEFAULT CURRENT_TIMESTAMP,\n    updated_at TIMESTAMP NOT NULL DEFAULT CURRENT_TIMESTAMP ON UPDATE CURRENT_TIMESTAMP\n",
  "slicing": "    __db_define__ = f\"\"\"\n"
 },
 "39": {
  "name": "id",
  "type": "int",
  "class": "build-in",
  "approach": "annotation",
  "file_path": "flask_demo/app/models.py",
  "lineno": "23",
  "column": "4",
  "context": "TIMESTAMP ON UPDATE CURRENT_TIMESTAMP\n);\n\"\"\"\n\n    id: int = 0\n    created_at: typing.Optional[datetime] = None\n ",
  "context_lines": "    created_at TIMESTAMP NOT NULL DEFAULT CURRENT_TIMESTAMP,\n    updated_at TIMESTAMP NOT NULL DEFAULT CURRENT_TIMESTAMP ON UPDATE CURRENT_TIMESTAMP\n);\n\"\"\"\n\n    id: int = 0\n    created_at: typing.Optional[datetime] = None\n    updated_at: typing.Optional[datetime] = None\n\n    def __init__(self, **data: typing.Any):\n        super().__init__(**data)\n\n",
  "slicing": "    id: int = 0\n"
 },
 "40": {
  "name": "created_at",
  "type": "dict",
  "class": "build-in",
  "approach": "annotation",
  "file_path": "flask_demo/app/models.py",
  "lineno": "24",
  "column": "4",
  "context": "ATE CURRENT_TIMESTAMP\n);\n\"\"\"\n\n    id: int = 0\n    created_at: typing.Optional[datetime] = None\n    updated_at: typing.Optional[datetime] = None\n\n",
  "context_lines": "    updated_at TIMESTAMP NOT NULL DEFAULT CURRENT_TIMESTAMP ON UPDATE CURRENT_TIMESTAMP\n);\n\"\"\"\n\n    id: int = 0\n    created_at: typing.Optional[datetime] = None\n    updated_at: typing.Optional[datetime] = None\n\n    def __init__(self, **data: typing.Any):\n        super().__init__(**data)\n\n        self.validate_all()\n\n",
  "slicing": "    created_at: typing.Optional[datetime] = None\n"
 },
 "41": {
  "name": "updated_at",
  "type": "dict",
  "class": "build-in",
  "approach": "annotation",
  "file_path": "flask_demo/app/models.py",
  "lineno": "25",
  "column": "4",
  "context": " created_at: typing.Optional[datetime] = None\n    updated_at: typing.Optional[datetime] = None\n\n    def __init__(self, **data: typing.Any):\n     ",
  "context_lines": ");\n\"\"\"\n\n    id: int = 0\n    created_at: typing.Optional[datetime] = None\n    updated_at: typing.Optional[datetime] = None\n\n    def __init__(self, **data: typing.Any):\n        super().__init__(**data)\n\n        self.validate_all()\n\n",
  "slicing": "    updated_at: typing.Optional[datetime] = None\n"
 },
 "42": {
  "name": "errors",
  "type": "UNKNOWN",
  "class": "unknown",
  "approach": "Pysonar2",
  "file_path": "flask_demo/app/models.py",
  "lineno": "33",
  "column": "8",
  "context": "ll()\n\n    def validate_all(self) -> None:\n        errors = self.get_validate_errors()\n        if errors:\n            raise ValidationErr",
  "context_lines": "    def __init__(self, **data: typing.Any):\n        super().__init__(**data)\n\n        self.validate_all()\n\n    def validate_all(self) -> None:\n        errors = self.get_validate_errors()\n        if errors:\n            raise ValidationError(\n                [ErrorWrapper(ValueError(e), loc=f) for f, e in errors.items()]\n            )\n\n",
  "slicing": [
   "        errors = self.get_validate_errors()\n",
   "        if errors:\n",
   "                [ErrorWrapper(ValueError(e), loc=f) for f, e in errors.items()]\n",
   "            errors[\"id\"] = \"small than zero!\"\n",
   "        return errors\n",
   "            errors[\"age\"] = \"small than zero!\"\n",
   "            errors[\"name\"] = \"length is too long!(Limit to 32)\"\n",
   "        return errors\n"
  ]
 },
 "43": {
  "name": "errors",
  "type": "dict",
  "class": "build-in",
  "approach": "annotation",
  "file_path": "flask_demo/app/models.py",
  "lineno": "40",
  "column": "8",
  "context": "te_errors(self) -> typing.Dict[str, str]:\n        errors: typing.Dict[str, str] = {}\n        if self.id < 0:\n            errors[\"id\"] =",
  "context_lines": "            raise ValidationError(\n                [ErrorWrapper(ValueError(e), loc=f) for f, e in errors.items()]\n            )\n\n    def get_validate_errors(self) -> typing.Dict[str, str]:\n        errors: typing.Dict[str, str] = {}\n        if self.id < 0:\n            errors[\"id\"] = \"small than zero!\"\n\n        return errors\n\n    def save(self) -> None:\n",
  "slicing": [
   "        errors: typing.Dict[str, str] = {}\n",
   "            errors[\"id\"] = \"small than zero!\"\n",
   "        return errors\n",
   "            errors[\"age\"] = \"small than zero!\"\n",
   "            errors[\"name\"] = \"length is too long!(Limit to 32)\"\n",
   "        return errors\n"
  ]
 },
 "44": {
  "name": "data",
  "type": "UNKNOWN",
  "class": "unknown",
  "approach": "Pysonar2",
  "file_path": "flask_demo/app/models.py",
  "lineno": "50",
  "column": "12",
  "context": "idate_all()\n\n        if self.id != 0:\n            data = self.dict(exclude={\"created_at\", \"updated_at\", \"id\"})\n            exts.db.update(self.__class__.__name__",
  "context_lines": "        return errors\n\n    def save(self) -> None:\n        self.validate_all()\n\n        if self.id != 0:\n            data = self.dict(exclude={\"created_at\", \"updated_at\", \"id\"})\n            exts.db.update(self.__class__.__name__, data, id=self.id)\n        else:\n            self.created_at = self.updated_at = datetime.now()\n            data = self.dict(exclude={\"id\"})\n",
  "slicing": [
   "            data = self.dict(exclude={\"created_at\", \"updated_at\", \"id\"})\n",
   "            exts.db.update(self.__class__.__name__, data, id=self.id)\n",
   "            self.id = exts.db.insert(self.__class__.__name__, data)\n"
  ]
 },
 "45": {
  "name": "data",
  "type": "UNKNOWN",
  "class": "unknown",
  "approach": "Pysonar2",
  "file_path": "flask_demo/app/models.py",
  "lineno": "54",
  "column": "12",
  "context": "at = self.updated_at = datetime.now()\n            data = self.dict(exclude={\"id\"})\n            self.id = exts.db.insert(self.__class_",
  "context_lines": "            data = self.dict(exclude={\"created_at\", \"updated_at\", \"id\"})\n            exts.db.update(self.__class__.__name__, data, id=self.id)\n        else:\n            self.created_at = self.updated_at = datetime.now()\n            data = self.dict(exclude={\"id\"})\n            self.id = exts.db.insert(self.__class__.__name__, data)\n\n    @classmethod\n    def get(cls: typing.Type[M], _id: int) -> M:\n        result = (\n",
  "slicing": [
   "            data = self.dict(exclude={\"id\"})\n",
   "            self.id = exts.db.insert(self.__class__.__name__, data)\n"
  ]
 },
 "46": {
  "name": "result",
  "type": "dict",
  "class": "build-in",
  "approach": "annotation",
  "file_path": "flask_demo/app/models.py",
  "lineno": "59",
  "column": "8",
  "context": " get(cls: typing.Type[M], _id: int) -> M:\n        result = (\n            exts.db.fetch(\n                text(\n ",
  "context_lines": "            data = self.dict(exclude={\"id\"})\n            self.id = exts.db.insert(self.__class__.__name__, data)\n\n    @classmethod\n    def get(cls: typing.Type[M], _id: int) -> M:\n        result = (\n            exts.db.fetch(\n                text(\n                    f\"SELECT {','.join(cls.__fields__.keys())} FROM {cls.__name__.lower()} WHERE id=:_id;\"\n                ),\n",
  "slicing": [
   "        result = (\n",
   "        return cls(**result)\n",
   "        return [cls(**result) for result in results]\n"
  ]
 },
 "47": {
  "name": "results",
  "type": "UNKNOWN",
  "class": "unknown",
  "approach": "Pysonar2",
  "file_path": "flask_demo/app/models.py",
  "lineno": "82",
  "column": "8",
  "context": " = 1, count: int = 20) -> typing.List[M]:\n        results = exts.db.fetch(\n            text(\n                f\"SELECT {','.jo",
  "context_lines": "            text(f\"DELETE FROM {cls.__name__.lower()} WHERE id=:_id\"), _id=_id\n        )\n\n    @classmethod\n    def list(cls: typing.Type[M], page: int = 1, count: int = 20) -> typing.List[M]:\n        results = exts.db.fetch(\n            text(\n                f\"SELECT {','.join(cls.__fields__.keys())} FROM {cls.__name__.lower()} ORDER BY id ASC LIMIT :count OFFSET :offset\"\n            ),\n            count=count,\n",
  "slicing": [
   "        results = exts.db.fetch(\n",
   "        return [cls(**result) for result in results]\n"
  ]
 },
 "48": {
  "name": "__db_define__",
  "type": "str",
  "class": "build-in",
  "approach": "Pysonar2",
  "file_path": "flask_demo/app/models.py",
  "lineno": "99",
  "column": "4",
  "context": "t(page=page, count=count)]\n\n\nclass Cat(Base):\n    __db_define__ = \"\"\"\nCREATE TABLE cat (\n    id INTEGER NOT NULL AUTO_IN",
  "context_lines": "        cls: typing.Type[M], page: int = 1, count: int = 20\n    ) -> typing.List[typing.Dict[str, typing.Any]]:\n        return [obj.dict() for obj in cls.list(page=page, count=count)]\n\n\nclass Cat(Base):\n    __db_define__ = \"\"\"\nCREATE TABLE cat (\n    id INTEGER NOT NULL AUTO_INCREMENT PRIMARY KEY,\n    created_at TIMESTAMP NOT NULL DEFAULT CURRENT_TIMESTAMP,\n    updated_at TIMESTAMP NOT NULL DEFAULT CURRENT_TIMESTAMP ON UPDATE CURRENT_TIMESTAMP,\n",
  "slicing": "    __db_define__ = \"\"\"\n"
 },
 "49": {
  "name": "name",
  "type": "str",
  "class": "build-in",
  "approach": "annotation",
  "file_path": "flask_demo/app/models.py",
  "lineno": "109",
  "column": "4",
  "context": "L,\n    age INTEGER DEFAULT 0 NOT NULL\n);\n\"\"\"\n\n    name: str\n    age: int = 0\n\n    def get_validate_errors(self",
  "context_lines": "    name VARCHAR(32) NOT NULL,\n    age INTEGER DEFAULT 0 NOT NULL\n);\n\"\"\"\n\n    name: str\n    age: int = 0\n\n    def get_validate_errors(self) -> typing.Dict[str, str]:\n        errors = super().get_validate_errors()\n\n        if self.age < 0:\n",
  "slicing": "    name: str\n"
 },
 "50": {
  "name": "age",
  "type": "int",
  "class": "build-in",
  "approach": "annotation",
  "file_path": "flask_demo/app/models.py",
  "lineno": "110",
  "column": "4",
  "context": "EGER DEFAULT 0 NOT NULL\n);\n\"\"\"\n\n    name: str\n    age: int = 0\n\n    def get_validate_errors(self) -> typing.Dict[",
  "context_lines": "    age INTEGER DEFAULT 0 NOT NULL\n);\n\"\"\"\n\n    name: str\n    age: int = 0\n\n    def get_validate_errors(self) -> typing.Dict[str, str]:\n        errors = super().get_validate_errors()\n\n        if self.age < 0:\n",
  "slicing": "    age: int = 0\n"
 },
 "51": {
  "name": "errors",
  "type": "UNKNOWN",
  "class": "unknown",
  "approach": "Pysonar2",
  "file_path": "flask_demo/app/models.py",
  "lineno": "113",
  "column": "8",
  "context": "te_errors(self) -> typing.Dict[str, str]:\n        errors = super().get_validate_errors()\n\n        if self.age < 0:\n            errors[\"age\"",
  "context_lines": "\"\"\"\n\n    name: str\n    age: int = 0\n\n    def get_validate_errors(self) -> typing.Dict[str, str]:\n        errors = super().get_validate_errors()\n\n        if self.age < 0:\n            errors[\"age\"] = \"small than zero!\"\n        if len(self.name) > 32:\n",
  "slicing": [
   "        errors = super().get_validate_errors()\n",
   "            errors[\"age\"] = \"small than zero!\"\n",
   "            errors[\"name\"] = \"length is too long!(Limit to 32)\"\n",
   "        return errors\n"
  ]
 },
 "52": {
  "name": "MODELS",
  "type": "set",
  "class": "build-in",
  "approach": "annotation",
  "file_path": "flask_demo/app/models.py",
  "lineno": "122",
  "column": "0",
  "context": "s too long!(Limit to 32)\"\n        return errors\n\n\nMODELS = {Cat}\n\n\nfor m_cls in MODELS:\n    exts.apiman.add_schema(",
  "context_lines": "            errors[\"age\"] = \"small than zero!\"\n        if len(self.name) > 32:\n            errors[\"name\"] = \"length is too long!(Limit to 32)\"\n        return errors\n\n\nMODELS = {Cat}\n\n\nfor m_cls in MODELS:\n    exts.apiman.add_schema(m_cls.__name__, m_cls.schema())\n    exts.apiman.add_schema(\n",
  "slicing": [
   "MODELS = {Cat}\n",
   "for m_cls in MODELS:\n",
   "    exts.apiman.add_schema(m_cls.__name__, m_cls.schema())\n",
   "        f\"{m_cls.__name__}s\",\n",
   "                    \"items\": {\"$ref\": f\"#/components/schemas/{m_cls.__name__}\"},\n"
  ]
 },
 "53": {
  "name": "app",
  "type": "flask.Flask",
  "class": "imported",
  "approach": "annotation",
  "file_path": "flask_demo/app/__init__.py",
  "lineno": "9",
  "column": "0",
  "context": "i import api\nfrom .extensions import EXTENSIONS\n\n\napp = Flask(settings.PROJECT_NAME)\napp.config.from_object(settings)\n\n\n@app.route(f\"/h",
  "context_lines": "from flask import Flask\n\nimport settings\n\nfrom .api import api\nfrom .extensions import EXTENSIONS\n\n\napp = Flask(settings.PROJECT_NAME)\napp.config.from_object(settings)\n\n\n@app.route(f\"/health/\", methods=(\"GET\",))\ndef health():\n    \"\"\"\n",
  "slicing": [
   "app = Flask(settings.PROJECT_NAME)\n",
   "app.config.from_object(settings)\n",
   "@app.route(f\"/health/\", methods=(\"GET\",))\n",
   "app.register_blueprint(api)\n",
   "    ext.init_app(app)\n"
  ]
 },
 "54": {
  "name": "num",
  "type": "int",
  "class": "build-in",
  "approach": "annotation",
  "file_path": "flask_demo/app/utils.py",
  "lineno": "30",
  "column": "12",
  "context": "iled is not a number!\")\n        else:\n            num = int(num)\n\n    return num\n\n\ndef parse_id(_id: typing.Union[s",
  "context_lines": "    if isinstance(num, str):\n        if not num.isdecimal():\n            raise exceptions.InvalidId(\"Filed is not a number!\")\n        else:\n            num = int(num)\n\n    return num\n\n\ndef parse_id(_id: typing.Union[str, int, None]) -> int:\n    if not _id:\n",
  "slicing": [
   "            num = int(num)\n",
   "    return num\n"
  ]
 },
 "55": {
  "name": "_id",
  "type": "UNKNOWN",
  "class": "unknown",
  "approach": "annotation",
  "file_path": "flask_demo/app/utils.py",
  "lineno": "39",
  "column": "4",
  "context": "  raise exceptions.InvalidId(\"Miss fields!\")\n\n    _id = parse_integer(_id)\n\n    if _id < 0:\n        raise exceptions.InvalidI",
  "context_lines": "    return num\n\n\ndef parse_id(_id: typing.Union[str, int, None]) -> int:\n    if not _id:\n        raise exceptions.InvalidId(\"Miss fields!\")\n\n    _id = parse_integer(_id)\n\n    if _id < 0:\n        raise exceptions.InvalidId(\"Filed small than zero!\")\n    else:\n",
  "slicing": [
   "    _id = parse_integer(_id)\n",
   "    if _id < 0:\n",
   "        return _id\n"
  ]
 },
 "56": {
  "name": "page",
  "type": "UNKNOWN",
  "class": "unknown",
  "approach": "annotation",
  "file_path": "flask_demo/app/utils.py",
  "lineno": "48",
  "column": "4",
  "context": "eturn _id\n\n\ndef parse_paginate(req: Request):\n    page = parse_id(req.args.get(\"page\", 1))\n    count = parse_id(req.args.get(\"count\", 20))\n\n ",
  "context_lines": "        raise exceptions.InvalidId(\"Filed small than zero!\")\n    else:\n        return _id\n\n\ndef parse_paginate(req: Request):\n    page = parse_id(req.args.get(\"page\", 1))\n    count = parse_id(req.args.get(\"count\", 20))\n\n    if count > 40:\n        raise exceptions.InvalidException(\"Field is bigger than 40\")\n\n    return page, count\n\n\n",
  "slicing": [
   "    page = parse_id(req.args.get(\"page\", 1))\n",
   "    return page, count\n"
  ]
 },
 "57": {
  "name": "count",
  "type": "UNKNOWN",
  "class": "unknown",
  "approach": "annotation",
  "file_path": "flask_demo/app/utils.py",
  "lineno": "49",
  "column": "4",
  "context": "\n    page = parse_id(req.args.get(\"page\", 1))\n    count = parse_id(req.args.get(\"count\", 20))\n\n    if count > 40:\n        raise exceptions.Inval",
  "context_lines": "    else:\n        return _id\n\n\ndef parse_paginate(req: Request):\n    page = parse_id(req.args.get(\"page\", 1))\n    count = parse_id(req.args.get(\"count\", 20))\n\n    if count > 40:\n        raise exceptions.InvalidException(\"Field is bigger than 40\")\n\n    return page, count\n\n\n",
  "slicing": [
   "    count = parse_id(req.args.get(\"count\", 20))\n",
   "    if count > 40:\n",
   "    return page, count\n"
  ]
 },
 "58": {
  "name": "res",
  "type": "UNKNOWN",
  "class": "unknown",
  "approach": "Pysonar2",
  "file_path": "flask_demo/app/extensions/database.py",
  "lineno": "23",
  "column": "8",
  "context": "ause, **params) -> typing.List[RowProxy]:\n        res = self.engine.execute(sql, **params).fetchall()\n        if not res:\n            raise excs.NotFoun",
  "context_lines": "        self.engine: Engine = create_engine(db_url, **config)\n\n    def execute(self, sql: TextClause, **params) -> None:\n        self.engine.execute(sql, **params)\n\n    def fetch(self, sql: TextClause, **params) -> typing.List[RowProxy]:\n        res = self.engine.execute(sql, **params).fetchall()\n        if not res:\n            raise excs.NotFound()\n        return res\n\n    def insert(self, table: str, data: typing.Dict[str, typing.Any]) -> int:\n",
  "slicing": [
   "        res = self.engine.execute(sql, **params).fetchall()\n",
   "        if not res:\n",
   "        return res\n"
  ]
 },
 "59": {
  "name": "sql",
  "type": "sqlalchemy.sql.text",
  "class": "imported",
  "approach": "annotation",
  "file_path": "flask_demo/app/extensions/database.py",
  "lineno": "29",
  "column": "8",
  "context": "ta: typing.Dict[str, typing.Any]) -> int:\n        sql = text(\n            \"INSERT INTO {table:s} ({columns:s}) V",
  "context_lines": "        if not res:\n            raise excs.NotFound()\n        return res\n\n    def insert(self, table: str, data: typing.Dict[str, typing.Any]) -> int:\n        sql = text(\n            \"INSERT INTO {table:s} ({columns:s}) VALUES ({values:s});\".format(\n                table=table.lower(),\n                columns=\", \".join(data),\n                values=\", \".join([f\":{k}\" for k in data]),\n",
  "slicing": [
   "        sql = text(\n",
   "            self.execute(sql, **data)\n",
   "        self.execute(sql, **data, **condition)\n",
   "        return self.fetch(sql)[0][0]\n"
  ]
 },
 "60": {
  "name": "sql",
  "type": "sqlalchemy.sql.text",
  "class": "imported",
  "approach": "annotation",
  "file_path": "flask_demo/app/extensions/database.py",
  "lineno": "46",
  "column": "8",
  "context": "n: typing.Any\n    ):\n        assert data\n\n        sql = text(\n            \"UPDATE {table:s} SET {data:s} WHERE {",
  "context_lines": "    def update(\n        self, table: str, data: typing.Dict[str, typing.Any], **condition: typing.Any\n    ):\n        assert data\n\n        sql = text(\n            \"UPDATE {table:s} SET {data:s} WHERE {condition:s};\".format(\n                table=table.lower(),\n                data=\", \".join((f\"{k}=:{k}\" for k in data)),\n                condition=\", \".join((f\"{k}=:{k}\" for k in condition)),\n",
  "slicing": [
   "        sql = text(\n",
   "        self.execute(sql, **data, **condition)\n",
   "        return self.fetch(sql)[0][0]\n"
  ]
 },
 "61": {
  "name": "sql",
  "type": "sqlalchemy.sql.text",
  "class": "imported",
  "approach": "annotation",
  "file_path": "flask_demo/app/extensions/database.py",
  "lineno": "56",
  "column": "8",
  "context": "le: str, **condition: typing.Any) -> int:\n        sql = text(\n            f\"SELECT COUNT(*) FROM {table} WHERE {",
  "context_lines": "            )\n        )\n        self.execute(sql, **data, **condition)\n\n    def count(self, table: str, **condition: typing.Any) -> int:\n        sql = text(\n            f\"SELECT COUNT(*) FROM {table} WHERE {', '.join((f'{k}=:{k}' for k in condition))};\"\n        )\n\n        return self.fetch(sql)[0][0]\n\n    def transaction(self, f: typing.Callable) -> typing.Callable:\n",
  "slicing": [
   "        sql = text(\n",
   "        return self.fetch(sql)[0][0]\n"
  ]
 },
 "62": {
  "name": "db",
  "type": "database.DBExtension",
  "class": "customized",
  "approach": "annotation",
  "file_path": "flask_demo/app/extensions/__init__.py",
  "lineno": "6",
  "column": "0",
  "context": "mport settings\nfrom .database import DBExtension\n\ndb = DBExtension(settings.DB_URL, settings.DB_CONFIG)\napiman = Apiman(settings.APIMAN_TEMPLATE, **settin",
  "context_lines": "from apiman.flask import Extension as Apiman\n\nimport settings\nfrom .database import DBExtension\n\ndb = DBExtension(settings.DB_URL, settings.DB_CONFIG)\napiman = Apiman(settings.APIMAN_TEMPLATE, **settings.APIMAN_CONFIG)\n\n",
  "slicing": [
   "db = DBExtension(settings.DB_URL, settings.DB_CONFIG)\n",
   "EXTENSIONS = (db, apiman)\n"
  ]
 },
 "63": {
  "name": "apiman",
  "type": "UNKNOWN",
  "class": "unknown",
  "approach": "annotation",
  "file_path": "flask_demo/app/extensions/__init__.py",
  "lineno": "7",
  "column": "0",
  "context": " DBExtension(settings.DB_URL, settings.DB_CONFIG)\napiman = Apiman(settings.APIMAN_TEMPLATE, **settings.APIMAN_CONFIG)\n\nEXTENSIONS = (db, apiman)\n",
  "context_lines": "from apiman.flask import Extension as Apiman\n\nimport settings\nfrom .database import DBExtension\n\ndb = DBExtension(settings.DB_URL, settings.DB_CONFIG)\napiman = Apiman(settings.APIMAN_TEMPLATE, **settings.APIMAN_CONFIG)\n\n",
  "slicing": [
   "apiman = Apiman(settings.APIMAN_TEMPLATE, **settings.APIMAN_CONFIG)\n",
   "EXTENSIONS = (db, apiman)\n"
  ]
 },
 "64": {
  "name": "EXTENSIONS",
  "type": "tuple",
  "class": "build-in",
  "approach": "annotation",
  "file_path": "flask_demo/app/extensions/__init__.py",
  "lineno": "9",
  "column": "0",
  "context": "tings.APIMAN_TEMPLATE, **settings.APIMAN_CONFIG)\n\nEXTENSIONS = (db, apiman)\n",
  "context_lines": "import settings\nfrom .database import DBExtension\n\ndb = DBExtension(settings.DB_URL, settings.DB_CONFIG)\napiman = Apiman(settings.APIMAN_TEMPLATE, **settings.APIMAN_CONFIG)\n\nEXTENSIONS = (db, apiman)\n",
  "slicing": "EXTENSIONS = (db, apiman)\n"
 },
 "65": {
  "name": "data",
  "type": "UNKNOWN",
  "class": "unknown",
  "approach": "Pysonar2",
  "file_path": "flask_demo/app/api/views.py",
  "lineno": "66",
  "column": "8",
  "context": "       description: Not found\n        \"\"\"\n        data = utils.get_json(request)\n        cat = m.Cat(**data)\n        if not cat.id:",
  "context_lines": "                  $ref: '#/components/schemas/Cat'\n          \"404\":\n            description: Not found\n        \"\"\"\n        data = utils.get_json(request)\n        cat = m.Cat(**data)\n        if not cat.id:\n            raise excs.InvalidId()\n        else:\n",
  "slicing": [
   "        data = utils.get_json(request)\n",
   "        cat = m.Cat(**data)\n",
   "        if not cat.id:\n",
   "            cat.save()\n",
   "            return utils.JSONResponse(cat.dict())\n",
   "        cat = m.Cat(**data)\n",
   "        cat.save()\n",
   "        return utils.JSONResponse(cat.dict(), status=201)\n"
  ]
 },
 "66": {
  "name": "cat",
  "type": "UNKNOWN",
  "class": "unknown",
  "approach": "Pysonar2",
  "file_path": "flask_demo/app/api/views.py",
  "lineno": "67",
  "column": "8",
  "context": "\"\"\n        data = utils.get_json(request)\n        cat = m.Cat(**data)\n        if not cat.id:\n            raise excs.Inva",
  "context_lines": "          \"404\":\n            description: Not found\n        \"\"\"\n        data = utils.get_json(request)\n        cat = m.Cat(**data)\n        if not cat.id:\n            raise excs.InvalidId()\n        else:\n            cat.save()\n",
  "slicing": [
   "        cat = m.Cat(**data)\n",
   "        if not cat.id:\n",
   "            cat.save()\n",
   "            return utils.JSONResponse(cat.dict())\n",
   "        cat.save()\n",
   "        return utils.JSONResponse(cat.dict(), status=201)\n"
  ]
 },
 "67": {
  "name": "page",
  "type": "UNKNOWN",
  "class": "unknown",
  "approach": "Pysonar2",
  "file_path": "flask_demo/app/api/views.py",
  "lineno": "125",
  "column": "8",
  "context": ": '#/components/schemas/Cats'\n        \"\"\"\n        page, count = utils.parse_paginate(request)\n        return utils.JSONResponse(\n            {\n ",
  "context_lines": "              application/json:\n                schema:\n                  $ref: '#/components/schemas/Cats'\n        \"\"\"\n        page, count = utils.parse_paginate(request)\n        return utils.JSONResponse(\n            {\n                \"objects\": m.Cat.list_dict(page=page, count=count),\n                \"page\": page,\n",
  "slicing": [
   "        page, count = utils.parse_paginate(request)\n",
   "                \"objects\": m.Cat.list_dict(page=page, count=count),\n",
   "                \"page\": page,\n"
  ]
 },
 "68": {
  "name": "count",
  "type": "UNKNOWN",
  "class": "unknown",
  "approach": "Pysonar2",
  "file_path": "flask_demo/app/api/views.py",
  "lineno": "125",
  "column": "14",
  "context": "omponents/schemas/Cats'\n        \"\"\"\n        page, count = utils.parse_paginate(request)\n        return utils.JSONResponse(\n            {\n ",
  "context_lines": "              application/json:\n                schema:\n                  $ref: '#/components/schemas/Cats'\n        \"\"\"\n        page, count = utils.parse_paginate(request)\n        return utils.JSONResponse(\n            {\n                \"objects\": m.Cat.list_dict(page=page, count=count),\n                \"page\": page,\n",
  "slicing": [
   "        page, count = utils.parse_paginate(request)\n",
   "                \"objects\": m.Cat.list_dict(page=page, count=count),\n",
   "                \"count\": count,\n"
  ]
 },
 "69": {
  "name": "data",
  "type": "UNKNOWN",
  "class": "unknown",
  "approach": "Pysonar2",
  "file_path": "flask_demo/app/api/views.py",
  "lineno": "136",
  "column": "8",
  "context": "/docs/cats_post.yml\")\n    def post(self):\n        data = utils.get_json(request)\n        cat = m.Cat(**data)\n        cat.save()\n   ",
  "context_lines": "            }\n        )\n\n    @exts.apiman.from_file(\"./docs/cats_post.yml\")\n    def post(self):\n        data = utils.get_json(request)\n        cat = m.Cat(**data)\n        cat.save()\n",
  "slicing": [
   "        data = utils.get_json(request)\n",
   "        cat = m.Cat(**data)\n",
   "        cat.save()\n",
   "        return utils.JSONResponse(cat.dict(), status=201)\n"
  ]
 },
 "70": {
  "name": "cat",
  "type": "UNKNOWN",
  "class": "unknown",
  "approach": "Pysonar2",
  "file_path": "flask_demo/app/api/views.py",
  "lineno": "137",
  "column": "8",
  "context": "):\n        data = utils.get_json(request)\n        cat = m.Cat(**data)\n        cat.save()\n        return utils.JSONRespon",
  "context_lines": "        )\n\n    @exts.apiman.from_file(\"./docs/cats_post.yml\")\n    def post(self):\n        data = utils.get_json(request)\n        cat = m.Cat(**data)\n        cat.save()\n",
  "slicing": [
   "        cat = m.Cat(**data)\n",
   "        cat.save()\n",
   "        return utils.JSONResponse(cat.dict(), status=201)\n"
  ]
 },
 "71": {
  "name": "api",
  "type": "flask.Blueprint",
  "class": "imported",
  "approach": "annotation",
  "file_path": "flask_demo/app/api/__init__.py",
  "lineno": "5",
  "column": "0",
  "context": " Blueprint\n\nfrom .views import CatView, CatsView\n\napi = Blueprint(\"api\", __name__, url_prefix=f\"/api\")\n\n\napi.add_url_rule(\"/cat/\", view_func=CatView.as_v",
  "context_lines": "from flask import Blueprint\n\nfrom .views import CatView, CatsView\n\napi = Blueprint(\"api\", __name__, url_prefix=f\"/api\")\n\n\napi.add_url_rule(\"/cat/\", view_func=CatView.as_view(name=\"cat\"))\n",
  "slicing": [
   "api = Blueprint(\"api\", __name__, url_prefix=f\"/api\")\n",
   "api.add_url_rule(\"/cat/\", view_func=CatView.as_view(name=\"cat\"))\n",
   "api.add_url_rule(\"/cats/\", view_func=CatsView.as_view(name=\"cats\"))\n"
  ]
 },
 "72": {
  "name": "client",
  "type": "UNKNOWN",
  "class": "unknown",
  "approach": "Pysonar2",
  "file_path": "flask_demo/tests/test_health.py",
  "lineno": "1",
  "column": "16",
  "context": "def test_health(client):\n    res = client.get(f\"/health/\")\n    assert res.s",
  "context_lines": "def test_health(client):\n    res = client.get(f\"/health/\")\n",
  "slicing": "def test_health(client):\n"
 },
 "73": {
  "name": "app",
  "type": "UNKNOWN",
  "class": "unknown",
  "approach": "Pysonar2",
  "file_path": "flask_demo/tests/conftest.py",
  "lineno": "19",
  "column": "11",
  "context": "app\n\n    yield app\n\n\n@pytest.fixture()\ndef client(app):\n    yield app.test_client()\n\n\n@pytest.fixture(auto",
  "context_lines": "def app():\n    from app import app\n\n    yield app\n\n\n@pytest.fixture()\ndef client(app):\n    yield app.test_client()\n\n\n@pytest.fixture(autouse=True)\ndef db(app):\n    from app.extensions import db\n",
  "slicing": "def client(app):\n"
 },
 "74": {
  "name": "app",
  "type": "UNKNOWN",
  "class": "unknown",
  "approach": "Pysonar2",
  "file_path": "flask_demo/tests/conftest.py",
  "lineno": "24",
  "column": "7",
  "context": "t_client()\n\n\n@pytest.fixture(autouse=True)\ndef db(app):\n    from app.extensions import db\n    from app.mod",
  "context_lines": "@pytest.fixture()\ndef client(app):\n    yield app.test_client()\n\n\n@pytest.fixture(autouse=True)\ndef db(app):\n    from app.extensions import db\n    from app.models import MODELS\n\n    for M in MODELS:\n        db.execute(M.__db_define__)\n",
  "slicing": "def db(app):\n"
 },
 "75": {
  "name": "client",
  "type": "UNKNOWN",
  "class": "unknown",
  "approach": "Pysonar2",
  "file_path": "flask_demo/tests/test_api.py",
  "lineno": "11",
  "column": "13",
  "context": "date_v3_spec(apiman.specification)\n\n\ndef test_cat(client, db):\n    # create\n    res = client.post(f\"/api/cats/\")\n",
  "context_lines": "from app import models as m\nfrom app.extensions import apiman\n\n\ndef test_apiman():\n    validate_v3_spec(apiman.specification)\n\n\ndef test_cat(client, db):\n    # create\n    res = client.post(f\"/api/cats/\")\n    assert res.status_code == 400\n    data = dict(name=\"丁丁\", age=1)\n",
  "slicing": "def test_cat(client, db):\n"
 },
 "76": {
  "name": "db",
  "type": "UNKNOWN",
  "class": "unknown",
  "approach": "Pysonar2",
  "file_path": "flask_demo/tests/test_api.py",
  "lineno": "11",
  "column": "21",
  "context": "spec(apiman.specification)\n\n\ndef test_cat(client, db):\n    # create\n    res = client.post(f\"/api/cats/\")\n",
  "context_lines": "from app import models as m\nfrom app.extensions import apiman\n\n\ndef test_apiman():\n    validate_v3_spec(apiman.specification)\n\n\ndef test_cat(client, db):\n    # create\n    res = client.post(f\"/api/cats/\")\n    assert res.status_code == 400\n    data = dict(name=\"丁丁\", age=1)\n",
  "slicing": "def test_cat(client, db):\n"
 },
 "77": {
  "name": "cls",
  "type": "dict",
  "class": "build-in",
  "approach": "annotation",
  "file_path": "flask_demo/app/models.py",
  "lineno": "58",
  "column": "12",
  "context": "s__.__name__, data)\n\n    @classmethod\n    def get(cls: typing.Type[M], _id: int) -> M:\n        result = (\n            exts.db.fetch(\n    ",
  "context_lines": "            self.created_at = self.updated_at = datetime.now()\n            data = self.dict(exclude={\"id\"})\n            self.id = exts.db.insert(self.__class__.__name__, data)\n\n    @classmethod\n    def get(cls: typing.Type[M], _id: int) -> M:\n        result = (\n            exts.db.fetch(\n                text(\n                    f\"SELECT {','.join(cls.__fields__.keys())} FROM {cls.__name__.lower()} WHERE id=:_id;\"\n",
  "slicing": "    def get(cls: typing.Type[M], _id: int) -> M:\n"
 },
 "78": {
  "name": "_id",
  "type": "int",
  "class": "build-in",
  "approach": "annotation",
  "file_path": "flask_demo/app/models.py",
  "lineno": "58",
  "column": "33",
  "context": "    @classmethod\n    def get(cls: typing.Type[M], _id: int) -> M:\n        result = (\n            exts.db.fetch(\n    ",
  "context_lines": "            self.created_at = self.updated_at = datetime.now()\n            data = self.dict(exclude={\"id\"})\n            self.id = exts.db.insert(self.__class__.__name__, data)\n\n    @classmethod\n    def get(cls: typing.Type[M], _id: int) -> M:\n        result = (\n            exts.db.fetch(\n                text(\n                    f\"SELECT {','.join(cls.__fields__.keys())} FROM {cls.__name__.lower()} WHERE id=:_id;\"\n",
  "slicing": "    def get(cls: typing.Type[M], _id: int) -> M:\n"
 },
 "79": {
  "name": "cls",
  "type": "dict",
  "class": "build-in",
  "approach": "annotation",
  "file_path": "flask_demo/app/models.py",
  "lineno": "71",
  "column": "17",
  "context": " cls(**result)\n\n    @classmethod\n    def get_dict(cls: typing.Type[M], _id: int) -> typing.Dict[str, typing.Any]:\n        return cls.get(_id).dict()\n\n    @classmeth",
  "context_lines": "            )\n        )[0]\n\n        return cls(**result)\n\n    @classmethod\n    def get_dict(cls: typing.Type[M], _id: int) -> typing.Dict[str, typing.Any]:\n        return cls.get(_id).dict()\n\n    @classmethod\n    def delete(cls, _id: int) -> None:\n        exts.db.execute(\n",
  "slicing": "    def get_dict(cls: typing.Type[M], _id: int) -> typing.Dict[str, typing.Any]:\n"
 },
 "80": {
  "name": "_id",
  "type": "int",
  "class": "build-in",
  "approach": "annotation",
  "file_path": "flask_demo/app/models.py",
  "lineno": "71",
  "column": "38",
  "context": "classmethod\n    def get_dict(cls: typing.Type[M], _id: int) -> typing.Dict[str, typing.Any]:\n        return cls.get(_id).dict()\n\n    @classmeth",
  "context_lines": "            )\n        )[0]\n\n        return cls(**result)\n\n    @classmethod\n    def get_dict(cls: typing.Type[M], _id: int) -> typing.Dict[str, typing.Any]:\n        return cls.get(_id).dict()\n\n    @classmethod\n    def delete(cls, _id: int) -> None:\n        exts.db.execute(\n",
  "slicing": "    def get_dict(cls: typing.Type[M], _id: int) -> typing.Dict[str, typing.Any]:\n"
 },
 "81": {
  "name": "cls",
  "type": "Base",
  "class": "customized",
  "approach": "Pysonar2",
  "file_path": "flask_demo/app/models.py",
  "lineno": "75",
  "column": "15",
  "context": ".get(_id).dict()\n\n    @classmethod\n    def delete(cls, _id: int) -> None:\n        exts.db.execute(\n            text(f\"DELETE",
  "context_lines": "    @classmethod\n    def get_dict(cls: typing.Type[M], _id: int) -> typing.Dict[str, typing.Any]:\n        return cls.get(_id).dict()\n\n    @classmethod\n    def delete(cls, _id: int) -> None:\n        exts.db.execute(\n            text(f\"DELETE FROM {cls.__name__.lower()} WHERE id=:_id\"), _id=_id\n        )\n\n    @classmethod\n",
  "slicing": "    def delete(cls, _id: int) -> None:\n"
 },
 "82": {
  "name": "_id",
  "type": "int",
  "class": "build-in",
  "approach": "annotation",
  "file_path": "flask_demo/app/models.py",
  "lineno": "75",
  "column": "20",
  "context": "_id).dict()\n\n    @classmethod\n    def delete(cls, _id: int) -> None:\n        exts.db.execute(\n            text(f\"DELETE",
  "context_lines": "    @classmethod\n    def get_dict(cls: typing.Type[M], _id: int) -> typing.Dict[str, typing.Any]:\n        return cls.get(_id).dict()\n\n    @classmethod\n    def delete(cls, _id: int) -> None:\n        exts.db.execute(\n            text(f\"DELETE FROM {cls.__name__.lower()} WHERE id=:_id\"), _id=_id\n        )\n\n    @classmethod\n",
  "slicing": "    def delete(cls, _id: int) -> None:\n"
 },
 "83": {
  "name": "cls",
  "type": "dict",
  "class": "build-in",
  "approach": "annotation",
  "file_path": "flask_demo/app/models.py",
  "lineno": "81",
  "column": "13",
  "context": " _id=_id\n        )\n\n    @classmethod\n    def list(cls: typing.Type[M], page: int = 1, count: int = 20) -> typing.List[M]:\n        results = exts.db.fetch(\n            text(",
  "context_lines": "        exts.db.execute(\n            text(f\"DELETE FROM {cls.__name__.lower()} WHERE id=:_id\"), _id=_id\n        )\n\n    @classmethod\n    def list(cls: typing.Type[M], page: int = 1, count: int = 20) -> typing.List[M]:\n        results = exts.db.fetch(\n            text(\n                f\"SELECT {','.join(cls.__fields__.keys())} FROM {cls.__name__.lower()} ORDER BY id ASC LIMIT :count OFFSET :offset\"\n            ),\n",
  "slicing": "    def list(cls: typing.Type[M], page: int = 1, count: int = 20) -> typing.List[M]:\n"
 },
 "84": {
  "name": "page",
  "type": "int",
  "class": "build-in",
  "approach": "annotation",
  "file_path": "flask_demo/app/models.py",
  "lineno": "81",
  "column": "34",
  "context": "   @classmethod\n    def list(cls: typing.Type[M], page: int = 1, count: int = 20) -> typing.List[M]:\n        results = exts.db.fetch(\n            text(",
  "context_lines": "        exts.db.execute(\n            text(f\"DELETE FROM {cls.__name__.lower()} WHERE id=:_id\"), _id=_id\n        )\n\n    @classmethod\n    def list(cls: typing.Type[M], page: int = 1, count: int = 20) -> typing.List[M]:\n        results = exts.db.fetch(\n            text(\n                f\"SELECT {','.join(cls.__fields__.keys())} FROM {cls.__name__.lower()} ORDER BY id ASC LIMIT :count OFFSET :offset\"\n            ),\n",
  "slicing": "    def list(cls: typing.Type[M], page: int = 1, count: int = 20) -> typing.List[M]:\n"
 },
 "85": {
  "name": "count",
  "type": "int",
  "class": "build-in",
  "approach": "annotation",
  "file_path": "flask_demo/app/models.py",
  "lineno": "81",
  "column": "49",
  "context": "\n    def list(cls: typing.Type[M], page: int = 1, count: int = 20) -> typing.List[M]:\n        results = exts.db.fetch(\n            text(",
  "context_lines": "        exts.db.execute(\n            text(f\"DELETE FROM {cls.__name__.lower()} WHERE id=:_id\"), _id=_id\n        )\n\n    @classmethod\n    def list(cls: typing.Type[M], page: int = 1, count: int = 20) -> typing.List[M]:\n        results = exts.db.fetch(\n            text(\n                f\"SELECT {','.join(cls.__fields__.keys())} FROM {cls.__name__.lower()} ORDER BY id ASC LIMIT :count OFFSET :offset\"\n            ),\n",
  "slicing": "    def list(cls: typing.Type[M], page: int = 1, count: int = 20) -> typing.List[M]:\n"
 },
 "86": {
  "name": "cls",
  "type": "dict",
  "class": "build-in",
  "approach": "annotation",
  "file_path": "flask_demo/app/models.py",
  "lineno": "93",
  "column": "8",
  "context": "lts]\n\n    @classmethod\n    def list_dict(\n        cls: typing.Type[M], page: int = 1, count: int = 20\n    ) -> typing.List[typing.Dict[str, typing.Any]]",
  "context_lines": "        )\n        return [cls(**result) for result in results]\n\n    @classmethod\n    def list_dict(\n        cls: typing.Type[M], page: int = 1, count: int = 20\n    ) -> typing.List[typing.Dict[str, typing.Any]]:\n        return [obj.dict() for obj in cls.list(page=page, count=count)]\n\n\nclass Cat(Base):\n    __db_define__ = \"\"\"\n",
  "slicing": "        cls: typing.Type[M], page: int = 1, count: int = 20\n"
 },
 "87": {
  "name": "page",
  "type": "int",
  "class": "build-in",
  "approach": "annotation",
  "file_path": "flask_demo/app/models.py",
  "lineno": "93",
  "column": "29",
  "context": "d\n    def list_dict(\n        cls: typing.Type[M], page: int = 1, count: int = 20\n    ) -> typing.List[typing.Dict[str, typing.Any]]",
  "context_lines": "        )\n        return [cls(**result) for result in results]\n\n    @classmethod\n    def list_dict(\n        cls: typing.Type[M], page: int = 1, count: int = 20\n    ) -> typing.List[typing.Dict[str, typing.Any]]:\n        return [obj.dict() for obj in cls.list(page=page, count=count)]\n\n\nclass Cat(Base):\n    __db_define__ = \"\"\"\n",
  "slicing": "        cls: typing.Type[M], page: int = 1, count: int = 20\n"
 },
 "88": {
  "name": "count",
  "type": "int",
  "class": "build-in",
  "approach": "annotation",
  "file_path": "flask_demo/app/models.py",
  "lineno": "93",
  "column": "44",
  "context": "dict(\n        cls: typing.Type[M], page: int = 1, count: int = 20\n    ) -> typing.List[typing.Dict[str, typing.Any]]",
  "context_lines": "        )\n        return [cls(**result) for result in results]\n\n    @classmethod\n    def list_dict(\n        cls: typing.Type[M], page: int = 1, count: int = 20\n    ) -> typing.List[typing.Dict[str, typing.Any]]:\n        return [obj.dict() for obj in cls.list(page=page, count=count)]\n\n\nclass Cat(Base):\n    __db_define__ = \"\"\"\n",
  "slicing": "        cls: typing.Type[M], page: int = 1, count: int = 20\n"
 },
 "89": {
  "name": "func",
  "type": "UNKNOWN",
  "class": "unknown",
  "approach": "Pysonar2",
  "file_path": "flask_demo/app/utils.py",
  "lineno": "11",
  "column": "13",
  "context": "rt ujson\n\nfrom . import exceptions\n\n\ndef get_sign(func: typing.Callable, *args, **kwargs) -> str:\n    return f\"{func.__name__}_{args}_{kwargs}\".repl",
  "context_lines": "import enum\n\nfrom flask import Request, Response\nimport ujson\n\nfrom . import exceptions\n\n\ndef get_sign(func: typing.Callable, *args, **kwargs) -> str:\n    return f\"{func.__name__}_{args}_{kwargs}\".replace(\" \", \"\").replace(\"'\", \"\")\n\n\ndef get_json(req: Request) -> typing.Dict:\n    try:\n        if not req.is_json:\n",
  "slicing": "def get_sign(func: typing.Callable, *args, **kwargs) -> str:\n"
 },
 "90": {
  "name": "req",
  "type": "UNKNOWN",
  "class": "unknown",
  "approach": "annotation",
  "file_path": "flask_demo/app/utils.py",
  "lineno": "15",
  "column": "13",
  "context": ".replace(\" \", \"\").replace(\"'\", \"\")\n\n\ndef get_json(req: Request) -> typing.Dict:\n    try:\n        if not req.is_json:\n            r",
  "context_lines": "import ujson\n\nfrom . import exceptions\n\n\ndef get_sign(func: typing.Callable, *args, **kwargs) -> str:\n    return f\"{func.__name__}_{args}_{kwargs}\".replace(\" \", \"\").replace(\"'\", \"\")\n\n\ndef get_json(req: Request) -> typing.Dict:\n    try:\n        if not req.is_json:\n            raise exceptions.InvalidJson(\"Json type required!\")\n        else:\n",
  "slicing": "def get_json(req: Request) -> typing.Dict:\n"
 },
 "91": {
  "name": "num",
  "type": "dict",
  "class": "build-in",
  "approach": "annotation",
  "file_path": "flask_demo/app/utils.py",
  "lineno": "25",
  "column": "18",
  "context": "ns.InvalidJson(str(e)) from e\n\n\ndef parse_integer(num: typing.Union[str, int]) -> int:\n    if isinstance(num, str):\n        if not num.is",
  "context_lines": "        else:\n            return ujson.loads(req.data)\n    except (JSONDecodeError, ValueError) as e:\n        raise exceptions.InvalidJson(str(e)) from e\n\n\ndef parse_integer(num: typing.Union[str, int]) -> int:\n    if isinstance(num, str):\n        if not num.isdecimal():\n            raise exceptions.InvalidId(\"Filed is not a number!\")\n        else:\n",
  "slicing": [
   "def parse_integer(num: typing.Union[str, int]) -> int:\n",
   "            num = int(num)\n",
   "    return num\n",
   "    _id = parse_integer(_id)\n",
   "    if _id < 0:\n",
   "        return _id\n"
  ]
 },
 "92": {
  "name": "_id",
  "type": "dict",
  "class": "build-in",
  "approach": "annotation",
  "file_path": "flask_demo/app/utils.py",
  "lineno": "35",
  "column": "13",
  "context": "    num = int(num)\n\n    return num\n\n\ndef parse_id(_id: typing.Union[str, int, None]) -> int:\n    if not _id:\n        raise exceptions.InvalidId",
  "context_lines": "            raise exceptions.InvalidId(\"Filed is not a number!\")\n        else:\n            num = int(num)\n\n    return num\n\n\ndef parse_id(_id: typing.Union[str, int, None]) -> int:\n    if not _id:\n        raise exceptions.InvalidId(\"Miss fields!\")\n\n    _id = parse_integer(_id)\n\n    if _id < 0:\n",
  "slicing": [
   "def parse_id(_id: typing.Union[str, int, None]) -> int:\n",
   "        return _id\n"
  ]
 },
 "93": {
  "name": "req",
  "type": "UNKNOWN",
  "class": "unknown",
  "approach": "annotation",
  "file_path": "flask_demo/app/utils.py",
  "lineno": "47",
  "column": "19",
  "context": "    else:\n        return _id\n\n\ndef parse_paginate(req: Request):\n    page = parse_id(req.args.get(\"page\", 1))\n    c",
  "context_lines": "    if _id < 0:\n        raise exceptions.InvalidId(\"Filed small than zero!\")\n    else:\n        return _id\n\n\ndef parse_paginate(req: Request):\n    page = parse_id(req.args.get(\"page\", 1))\n    count = parse_id(req.args.get(\"count\", 20))\n\n    if count > 40:\n        raise exceptions.InvalidException(\"Field is bigger than 40\")\n\n",
  "slicing": "def parse_paginate(req: Request):\n"
 },
 "94": {
  "name": "data",
  "type": "UNKNOWN",
  "class": "unknown",
  "approach": "Pysonar2",
  "file_path": "flask_demo/app/utils.py",
  "lineno": "58",
  "column": "23",
  "context": "ss JSONResponse(Response):\n    def __init__(self, data: typing.Any, status=200):\n        for k in data.keys():\n            if isins",
  "context_lines": "    if count > 40:\n        raise exceptions.InvalidException(\"Field is bigger than 40\")\n\n    return page, count\n\n\nclass JSONResponse(Response):\n    def __init__(self, data: typing.Any, status=200):\n        for k in data.keys():\n            if isinstance(data[k], enum.Enum):\n                data[k] = data[k].name\n\n        super().__init__(\n",
  "slicing": "    def __init__(self, data: typing.Any, status=200):\n"
 },
 "95": {
  "name": "status",
  "type": "int",
  "class": "build-in",
  "approach": "Pysonar2",
  "file_path": "flask_demo/app/utils.py",
  "lineno": "58",
  "column": "41",
  "context": "sponse):\n    def __init__(self, data: typing.Any, status=200):\n        for k in data.keys():\n            if isins",
  "context_lines": "    if count > 40:\n        raise exceptions.InvalidException(\"Field is bigger than 40\")\n\n    return page, count\n\n\nclass JSONResponse(Response):\n    def __init__(self, data: typing.Any, status=200):\n        for k in data.keys():\n            if isinstance(data[k], enum.Enum):\n                data[k] = data[k].name\n\n        super().__init__(\n",
  "slicing": "    def __init__(self, data: typing.Any, status=200):\n"
 },
 "96": {
  "name": "db_url",
  "type": "str",
  "class": "build-in",
  "approach": "annotation",
  "file_path": "flask_demo/app/extensions/database.py",
  "lineno": "15",
  "column": "23",
  "context": "ss DBExtension(Extension):\n    def __init__(self, db_url: str, config: typing.Dict[str, typing.Any]):\n        super().__init__()\n        self.engine: En",
  "context_lines": "from sqlalchemy.sql.elements import TextClause\n\nfrom .base import Extension\nfrom app import exceptions as excs\n\n\nclass DBExtension(Extension):\n    def __init__(self, db_url: str, config: typing.Dict[str, typing.Any]):\n        super().__init__()\n        self.engine: Engine = create_engine(db_url, **config)\n\n    def execute(self, sql: TextClause, **params) -> None:\n        self.engine.execute(sql, **params)\n\n",
  "slicing": "    def __init__(self, db_url: str, config: typing.Dict[str, typing.Any]):\n"
 },
 "97": {
  "name": "config",
  "type": "dict",
  "class": "build-in",
  "approach": "annotation",
  "file_path": "flask_demo/app/extensions/database.py",
  "lineno": "15",
  "column": "36",
  "context": "n(Extension):\n    def __init__(self, db_url: str, config: typing.Dict[str, typing.Any]):\n        super().__init__()\n        self.engine: En",
  "context_lines": "from sqlalchemy.sql.elements import TextClause\n\nfrom .base import Extension\nfrom app import exceptions as excs\n\n\nclass DBExtension(Extension):\n    def __init__(self, db_url: str, config: typing.Dict[str, typing.Any]):\n        super().__init__()\n        self.engine: Engine = create_engine(db_url, **config)\n\n    def execute(self, sql: TextClause, **params) -> None:\n        self.engine.execute(sql, **params)\n\n",
  "slicing": "    def __init__(self, db_url: str, config: typing.Dict[str, typing.Any]):\n"
 },
 "98": {
  "name": "sql",
  "type": "UNKNOWN",
  "class": "unknown",
  "approach": "annotation",
  "file_path": "flask_demo/app/extensions/database.py",
  "lineno": "19",
  "column": "22",
  "context": "e_engine(db_url, **config)\n\n    def execute(self, sql: TextClause, **params) -> None:\n        self.engine.execute(sql, **params)\n\n    de",
  "context_lines": "class DBExtension(Extension):\n    def __init__(self, db_url: str, config: typing.Dict[str, typing.Any]):\n        super().__init__()\n        self.engine: Engine = create_engine(db_url, **config)\n\n    def execute(self, sql: TextClause, **params) -> None:\n        self.engine.execute(sql, **params)\n\n    def fetch(self, sql: TextClause, **params) -> typing.List[RowProxy]:\n        res = self.engine.execute(sql, **params).fetchall()\n        if not res:\n",
  "slicing": "    def execute(self, sql: TextClause, **params) -> None:\n"
 },
 "99": {
  "name": "sql",
  "type": "UNKNOWN",
  "class": "unknown",
  "approach": "annotation",
  "file_path": "flask_demo/app/extensions/database.py",
  "lineno": "22",
  "column": "20",
  "context": "ngine.execute(sql, **params)\n\n    def fetch(self, sql: TextClause, **params) -> typing.List[RowProxy]:\n        res = self.engine.execute(sql, **params).f",
  "context_lines": "        super().__init__()\n        self.engine: Engine = create_engine(db_url, **config)\n\n    def execute(self, sql: TextClause, **params) -> None:\n        self.engine.execute(sql, **params)\n\n    def fetch(self, sql: TextClause, **params) -> typing.List[RowProxy]:\n        res = self.engine.execute(sql, **params).fetchall()\n        if not res:\n            raise excs.NotFound()\n        return res\n\n",
  "slicing": "    def fetch(self, sql: TextClause, **params) -> typing.List[RowProxy]:\n"
 },
 "100": {
  "name": "table",
  "type": "str",
  "class": "build-in",
  "approach": "annotation",
  "file_path": "flask_demo/app/extensions/database.py",
  "lineno": "28",
  "column": "21",
  "context": "tFound()\n        return res\n\n    def insert(self, table: str, data: typing.Dict[str, typing.Any]) -> int:\n        sql = text(\n            \"INSERT INTO {tabl",
  "context_lines": "        res = self.engine.execute(sql, **params).fetchall()\n        if not res:\n            raise excs.NotFound()\n        return res\n\n    def insert(self, table: str, data: typing.Dict[str, typing.Any]) -> int:\n        sql = text(\n            \"INSERT INTO {table:s} ({columns:s}) VALUES ({values:s});\".format(\n                table=table.lower(),\n                columns=\", \".join(data),\n",
  "slicing": "    def insert(self, table: str, data: typing.Dict[str, typing.Any]) -> int:\n"
 },
 "101": {
  "name": "data",
  "type": "dict",
  "class": "build-in",
  "approach": "annotation",
  "file_path": "flask_demo/app/extensions/database.py",
  "lineno": "28",
  "column": "33",
  "context": "     return res\n\n    def insert(self, table: str, data: typing.Dict[str, typing.Any]) -> int:\n        sql = text(\n            \"INSERT INTO {tabl",
  "context_lines": "        res = self.engine.execute(sql, **params).fetchall()\n        if not res:\n            raise excs.NotFound()\n        return res\n\n    def insert(self, table: str, data: typing.Dict[str, typing.Any]) -> int:\n        sql = text(\n            \"INSERT INTO {table:s} ({columns:s}) VALUES ({values:s});\".format(\n                table=table.lower(),\n                columns=\", \".join(data),\n",
  "slicing": "    def insert(self, table: str, data: typing.Dict[str, typing.Any]) -> int:\n"
 },
 "102": {
  "name": "table",
  "type": "str",
  "class": "build-in",
  "approach": "annotation",
  "file_path": "flask_demo/app/extensions/database.py",
  "lineno": "42",
  "column": "14",
  "context": "NSERT_ID()\")[0][0]\n\n    def update(\n        self, table: str, data: typing.Dict[str, typing.Any], **condition: typing.Any\n    ):\n        assert data\n\n        sql = text(\n  ",
  "context_lines": "        with self.engine.begin():\n            self.execute(sql, **data)\n            return self.fetch(\"SELECT LAST_INSERT_ID()\")[0][0]\n\n    def update(\n        self, table: str, data: typing.Dict[str, typing.Any], **condition: typing.Any\n    ):\n        assert data\n\n        sql = text(\n            \"UPDATE {table:s} SET {data:s} WHERE {condition:s};\".format(\n",
  "slicing": "        self, table: str, data: typing.Dict[str, typing.Any], **condition: typing.Any\n"
 },
 "103": {
  "name": "data",
  "type": "dict",
  "class": "build-in",
  "approach": "annotation",
  "file_path": "flask_demo/app/extensions/database.py",
  "lineno": "42",
  "column": "26",
  "context": "[0][0]\n\n    def update(\n        self, table: str, data: typing.Dict[str, typing.Any], **condition: typing.Any\n    ):\n        assert data\n\n        sql = text(\n  ",
  "context_lines": "        with self.engine.begin():\n            self.execute(sql, **data)\n            return self.fetch(\"SELECT LAST_INSERT_ID()\")[0][0]\n\n    def update(\n        self, table: str, data: typing.Dict[str, typing.Any], **condition: typing.Any\n    ):\n        assert data\n\n        sql = text(\n            \"UPDATE {table:s} SET {data:s} WHERE {condition:s};\".format(\n",
  "slicing": "        self, table: str, data: typing.Dict[str, typing.Any], **condition: typing.Any\n"
 },
 "104": {
  "name": "table",
  "type": "str",
  "class": "build-in",
  "approach": "annotation",
  "file_path": "flask_demo/app/extensions/database.py",
  "lineno": "55",
  "column": "20",
  "context": "te(sql, **data, **condition)\n\n    def count(self, table: str, **condition: typing.Any) -> int:\n        sql = text(\n            f\"SELECT COUNT(*) ",
  "context_lines": "                condition=\", \".join((f\"{k}=:{k}\" for k in condition)),\n            )\n        )\n        self.execute(sql, **data, **condition)\n\n    def count(self, table: str, **condition: typing.Any) -> int:\n        sql = text(\n            f\"SELECT COUNT(*) FROM {table} WHERE {', '.join((f'{k}=:{k}' for k in condition))};\"\n        )\n\n        return self.fetch(sql)[0][0]\n\n",
  "slicing": "    def count(self, table: str, **condition: typing.Any) -> int:\n"
 },
 "105": {
  "name": "f",
  "type": "UNKNOWN",
  "class": "unknown",
  "approach": "Pysonar2",
  "file_path": "flask_demo/app/extensions/database.py",
  "lineno": "62",
  "column": "26",
  "context": " self.fetch(sql)[0][0]\n\n    def transaction(self, f: typing.Callable) -> typing.Callable:\n        @wraps(f)\n        def wrapper(*args, **kwa",
  "context_lines": "        sql = text(\n            f\"SELECT COUNT(*) FROM {table} WHERE {', '.join((f'{k}=:{k}' for k in condition))};\"\n        )\n\n        return self.fetch(sql)[0][0]\n\n    def transaction(self, f: typing.Callable) -> typing.Callable:\n        @wraps(f)\n        def wrapper(*args, **kwargs):\n            with self.engine.begin():\n                f(*args, **kwargs)\n\n",
  "slicing": "    def transaction(self, f: typing.Callable) -> typing.Callable:\n"
 },
 "106": {
  "name": "app",
  "type": "dict",
  "class": "build-in",
  "approach": "annotation",
  "file_path": "flask_demo/app/extensions/base.py",
  "lineno": "7",
  "column": "23",
  "context": "t Flask\n\n\nclass Extension:\n    def __init__(self, app: typing.Optional[Flask] = None):\n        self.app = app\n        self.init_app(self.",
  "context_lines": "import typing\n\nfrom flask import Flask\n\n\nclass Extension:\n    def __init__(self, app: typing.Optional[Flask] = None):\n        self.app = app\n        self.init_app(self.app) if self.app else None\n\n    def init_app(self, app: Flask):\n",
  "slicing": "    def __init__(self, app: typing.Optional[Flask] = None):\n"
 },
 "107": {
  "name": "app",
  "type": "UNKNOWN",
  "class": "unknown",
  "approach": "annotation",
  "file_path": "flask_demo/app/extensions/base.py",
  "lineno": "11",
  "column": "23",
  "context": "pp) if self.app else None\n\n    def init_app(self, app: Flask):\n        app.extensions[self.__class__.__name__.low",
  "context_lines": "class Extension:\n    def __init__(self, app: typing.Optional[Flask] = None):\n        self.app = app\n        self.init_app(self.app) if self.app else None\n\n    def init_app(self, app: Flask):\n",
  "slicing": "    def init_app(self, app: Flask):\n"
 },
 "108": {
  "name": "_id",
  "type": "parse_integer",
  "class": "imported",
  "approach": "annotation",
  "file_path": "flask_demo/app/utils.py",
  "lineno": "39",
  "column": "4",
  "slicing": "['def parse_integer(num: typing.Union[str, int]) -> int:\\n', '            num = int(num)\\n', '    return num\\n', '    _id = parse_integer(_id)\\n', '    if _id < 0:\\n', '        return _id\\n']",
  "context": "  raise exceptions.InvalidId(\"Miss fields!\")\n\n    _id = parse_integer(_id)\n\n    if _id < 0:\n        raise exceptions.InvalidI",
  "context_lines": "    return num\n\n\ndef parse_id(_id: typing.Union[str, int, None]) -> int:\n    if not _id:\n        raise exceptions.InvalidId(\"Miss fields!\")\n\n    _id = parse_integer(_id)\n\n    if _id < 0:\n        raise exceptions.InvalidId(\"Filed small than zero!\")\n    else:\n"
 },
 "109": {
  "name": "page",
  "type": "parse_id",
  "class": "imported",
  "approach": "annotation",
  "file_path": "flask_demo/app/utils.py",
  "lineno": "48",
  "column": "4",
  "slicing": "['def parse_integer(num: typing.Union[str, int]) -> int:\\n', '            num = int(num)\\n', '    return num\\n', 'def parse_id(_id: typing.Union[str, int, None]) -> int:\\n', '    _id = parse_integer(_id)\\n', '    if _id < 0:\\n', '        return _id\\n', '    page = parse_id(req.args.get(\"page\", 1))\\n', '    return page, count\\n']",
  "context": "eturn _id\n\n\ndef parse_paginate(req: Request):\n    page = parse_id(req.args.get(\"page\", 1))\n    count = parse_id(req.args.get(\"count\", 20))\n\n ",
  "context_lines": "        raise exceptions.InvalidId(\"Filed small than zero!\")\n    else:\n        return _id\n\n\ndef parse_paginate(req: Request):\n    page = parse_id(req.args.get(\"page\", 1))\n    count = parse_id(req.args.get(\"count\", 20))\n\n    if count > 40:\n        raise exceptions.InvalidException(\"Field is bigger than 40\")\n\n    return page, count\n\n\n"
 },
 "110": {
  "name": "count",
  "type": "parse_id",
  "class": "imported",
  "approach": "annotation",
  "file_path": "flask_demo/app/utils.py",
  "lineno": "49",
  "column": "4",
  "slicing": "['def parse_integer(num: typing.Union[str, int]) -> int:\\n', '            num = int(num)\\n', '    return num\\n', 'def parse_id(_id: typing.Union[str, int, None]) -> int:\\n', '    _id = parse_integer(_id)\\n', '    if _id < 0:\\n', '        return _id\\n', '    count = parse_id(req.args.get(\"count\", 20))\\n', '    if count > 40:\\n', '    return page, count\\n']",
  "context": "\n    page = parse_id(req.args.get(\"page\", 1))\n    count = parse_id(req.args.get(\"count\", 20))\n\n    if count > 40:\n        raise exceptions.Inval",
  "context_lines": "    else:\n        return _id\n\n\ndef parse_paginate(req: Request):\n    page = parse_id(req.args.get(\"page\", 1))\n    count = parse_id(req.args.get(\"count\", 20))\n\n    if count > 40:\n        raise exceptions.InvalidException(\"Field is bigger than 40\")\n\n    return page, count\n\n\n"
 },
 "111": {
  "name": "apiman",
  "type": "Apiman",
  "class": "imported",
  "approach": "annotation",
  "file_path": "flask_demo/app/extensions/__init__.py",
  "lineno": "7",
  "column": "0",
  "slicing": "['db = DBExtension(settings.DB_URL, settings.DB_CONFIG)\\n', 'apiman = Apiman(settings.APIMAN_TEMPLATE, **settings.APIMAN_CONFIG)\\n', 'EXTENSIONS = (db, apiman)\\n']",
  "context": " DBExtension(settings.DB_URL, settings.DB_CONFIG)\napiman = Apiman(settings.APIMAN_TEMPLATE, **settings.APIMAN_CONFIG)\n\nEXTENSIONS = (db, apiman)\n",
  "context_lines": "from apiman.flask import Extension as Apiman\n\nimport settings\nfrom .database import DBExtension\n\ndb = DBExtension(settings.DB_URL, settings.DB_CONFIG)\napiman = Apiman(settings.APIMAN_TEMPLATE, **settings.APIMAN_CONFIG)\n\n"
 }
}