{
 "1": {
  "name": "basedir",
  "type": "str",
  "class": "build-in",
  "approach": "Pysonar2",
  "file_path": "flask-by-example/config.py",
  "lineno": "2",
  "column": "0",
  "context": "import os\nbasedir = os.path.abspath(os.path.dirname(__file__))\n\n\nclass Config(object):\n    DEBUG = False\n    TEST",
  "context_lines": "import os\nbasedir = os.path.abspath(os.path.dirname(__file__))\n\n\nclass Config(object):\n    DEBUG = False\n    TESTING = False\n",
  "slicing": "basedir = os.path.abspath(os.path.dirname(__file__))\n"
 },
 "2": {
  "name": "DEBUG",
  "type": "bool",
  "class": "build-in",
  "approach": "annotation",
  "file_path": "flask-by-example/config.py",
  "lineno": "6",
  "column": "4",
  "context": "th.dirname(__file__))\n\n\nclass Config(object):\n    DEBUG = False\n    TESTING = False\n    CSRF_ENABLED = True\n    SE",
  "context_lines": "import os\nbasedir = os.path.abspath(os.path.dirname(__file__))\n\n\nclass Config(object):\n    DEBUG = False\n    TESTING = False\n    CSRF_ENABLED = True\n    SECRET_KEY = 'Change-Me-ASAP'\n    SQLALCHEMY_DATABASE_URI = os.environ['DATABASE_URL']\n\n\n",
  "slicing": "    DEBUG = False\n"
 },
 "3": {
  "name": "TESTING",
  "type": "bool",
  "class": "build-in",
  "approach": "annotation",
  "file_path": "flask-by-example/config.py",
  "lineno": "7",
  "column": "4",
  "context": "_))\n\n\nclass Config(object):\n    DEBUG = False\n    TESTING = False\n    CSRF_ENABLED = True\n    SECRET_KEY = 'Change-M",
  "context_lines": "import os\nbasedir = os.path.abspath(os.path.dirname(__file__))\n\n\nclass Config(object):\n    DEBUG = False\n    TESTING = False\n    CSRF_ENABLED = True\n    SECRET_KEY = 'Change-Me-ASAP'\n    SQLALCHEMY_DATABASE_URI = os.environ['DATABASE_URL']\n\n\nclass ProductionConfig(Config):\n",
  "slicing": "    TESTING = False\n"
 },
 "4": {
  "name": "CSRF_ENABLED",
  "type": "bool",
  "class": "build-in",
  "approach": "annotation",
  "file_path": "flask-by-example/config.py",
  "lineno": "8",
  "column": "4",
  "context": "bject):\n    DEBUG = False\n    TESTING = False\n    CSRF_ENABLED = True\n    SECRET_KEY = 'Change-Me-ASAP'\n    SQLALCHEMY_D",
  "context_lines": "basedir = os.path.abspath(os.path.dirname(__file__))\n\n\nclass Config(object):\n    DEBUG = False\n    TESTING = False\n    CSRF_ENABLED = True\n    SECRET_KEY = 'Change-Me-ASAP'\n    SQLALCHEMY_DATABASE_URI = os.environ['DATABASE_URL']\n\n\nclass ProductionConfig(Config):\n    DEBUG = False\n\n\n",
  "slicing": "    CSRF_ENABLED = True\n"
 },
 "5": {
  "name": "SECRET_KEY",
  "type": "str",
  "class": "build-in",
  "approach": "Pysonar2",
  "file_path": "flask-by-example/config.py",
  "lineno": "9",
  "column": "4",
  "context": "e\n    TESTING = False\n    CSRF_ENABLED = True\n    SECRET_KEY = 'Change-Me-ASAP'\n    SQLALCHEMY_DATABASE_URI = os.environ['DATABASE",
  "context_lines": "class Config(object):\n    DEBUG = False\n    TESTING = False\n    CSRF_ENABLED = True\n    SECRET_KEY = 'Change-Me-ASAP'\n    SQLALCHEMY_DATABASE_URI = os.environ['DATABASE_URL']\n\n\nclass ProductionConfig(Config):\n    DEBUG = False\n\n\nclass StagingConfig(Config):\n",
  "slicing": "    SECRET_KEY = 'Change-Me-ASAP'\n"
 },
 "6": {
  "name": "SQLALCHEMY_DATABASE_URI",
  "type": "dict",
  "class": "build-in",
  "approach": "annotation",
  "file_path": "flask-by-example/config.py",
  "lineno": "10",
  "column": "4",
  "context": "BLED = True\n    SECRET_KEY = 'Change-Me-ASAP'\n    SQLALCHEMY_DATABASE_URI = os.environ['DATABASE_URL']\n\n\nclass ProductionConfig(Config):\n    DEBUG = Fals",
  "context_lines": "    DEBUG = False\n    TESTING = False\n    CSRF_ENABLED = True\n    SECRET_KEY = 'Change-Me-ASAP'\n    SQLALCHEMY_DATABASE_URI = os.environ['DATABASE_URL']\n\n\nclass ProductionConfig(Config):\n    DEBUG = False\n\n\nclass StagingConfig(Config):\n",
  "slicing": "    SQLALCHEMY_DATABASE_URI = os.environ['DATABASE_URL']\n"
 },
 "7": {
  "name": "DEBUG",
  "type": "bool",
  "class": "build-in",
  "approach": "annotation",
  "file_path": "flask-by-example/config.py",
  "lineno": "14",
  "column": "4",
  "context": "ABASE_URL']\n\n\nclass ProductionConfig(Config):\n    DEBUG = False\n\n\nclass StagingConfig(Config):\n    DEVELOPMENT = T",
  "context_lines": "    CSRF_ENABLED = True\n    SECRET_KEY = 'Change-Me-ASAP'\n    SQLALCHEMY_DATABASE_URI = os.environ['DATABASE_URL']\n\n\nclass ProductionConfig(Config):\n    DEBUG = False\n\n\nclass StagingConfig(Config):\n    DEVELOPMENT = True\n    DEBUG = True\n\n\n",
  "slicing": "    DEBUG = False\n"
 },
 "8": {
  "name": "DEVELOPMENT",
  "type": "bool",
  "class": "build-in",
  "approach": "annotation",
  "file_path": "flask-by-example/config.py",
  "lineno": "18",
  "column": "4",
  "context": " DEBUG = False\n\n\nclass StagingConfig(Config):\n    DEVELOPMENT = True\n    DEBUG = True\n\n\nclass DevelopmentConfig(Config)",
  "context_lines": "    SQLALCHEMY_DATABASE_URI = os.environ['DATABASE_URL']\n\n\nclass ProductionConfig(Config):\n    DEBUG = False\n\n\nclass StagingConfig(Config):\n    DEVELOPMENT = True\n    DEBUG = True\n\n\nclass DevelopmentConfig(Config):\n    DEVELOPMENT = True\n    DEBUG = True\n\n\n",
  "slicing": "    DEVELOPMENT = True\n"
 },
 "9": {
  "name": "DEBUG",
  "type": "bool",
  "class": "build-in",
  "approach": "annotation",
  "file_path": "flask-by-example/config.py",
  "lineno": "19",
  "column": "4",
  "context": "StagingConfig(Config):\n    DEVELOPMENT = True\n    DEBUG = True\n\n\nclass DevelopmentConfig(Config):\n    DEVELOPMENT",
  "context_lines": "class ProductionConfig(Config):\n    DEBUG = False\n\n\nclass StagingConfig(Config):\n    DEVELOPMENT = True\n    DEBUG = True\n\n\nclass DevelopmentConfig(Config):\n    DEVELOPMENT = True\n    DEBUG = True\n\n\n",
  "slicing": "    DEBUG = True\n"
 },
 "10": {
  "name": "DEVELOPMENT",
  "type": "bool",
  "class": "build-in",
  "approach": "annotation",
  "file_path": "flask-by-example/config.py",
  "lineno": "23",
  "column": "4",
  "context": "BUG = True\n\n\nclass DevelopmentConfig(Config):\n    DEVELOPMENT = True\n    DEBUG = True\n\n\nclass TestingConfig(Config):\n  ",
  "context_lines": "class StagingConfig(Config):\n    DEVELOPMENT = True\n    DEBUG = True\n\n\nclass DevelopmentConfig(Config):\n    DEVELOPMENT = True\n    DEBUG = True\n\n\nclass TestingConfig(Config):\n",
  "slicing": "    DEVELOPMENT = True\n"
 },
 "11": {
  "name": "DEBUG",
  "type": "bool",
  "class": "build-in",
  "approach": "annotation",
  "file_path": "flask-by-example/config.py",
  "lineno": "24",
  "column": "4",
  "context": "lopmentConfig(Config):\n    DEVELOPMENT = True\n    DEBUG = True\n\n\nclass TestingConfig(Config):\n    TESTING = True\n",
  "context_lines": "    DEVELOPMENT = True\n    DEBUG = True\n\n\nclass DevelopmentConfig(Config):\n    DEVELOPMENT = True\n    DEBUG = True\n\n\nclass TestingConfig(Config):\n",
  "slicing": "    DEBUG = True\n"
 },
 "12": {
  "name": "TESTING",
  "type": "bool",
  "class": "build-in",
  "approach": "annotation",
  "file_path": "flask-by-example/config.py",
  "lineno": "28",
  "column": "4",
  "context": "  DEBUG = True\n\n\nclass TestingConfig(Config):\n    TESTING = True\n",
  "context_lines": "class DevelopmentConfig(Config):\n    DEVELOPMENT = True\n    DEBUG = True\n\n\nclass TestingConfig(Config):\n    TESTING = True\n",
  "slicing": "    TESTING = True\n"
 },
 "13": {
  "name": "app",
  "type": "flask.Flask",
  "class": "imported",
  "approach": "annotation",
  "file_path": "flask-by-example/app.py",
  "lineno": "23",
  "column": "0",
  "context": "#################################################\napp = Flask(__name__)\napp.config.from_object(os.environ['APP_SETTINGS'])",
  "context_lines": "from rq.job import Job\n\nfrom worker import conn\nfrom stop_words import STOPS\n\n### APPLICATION ###############################################################\napp = Flask(__name__)\napp.config.from_object(os.environ['APP_SETTINGS'])\napp.config['SQLALCHEMY_TRACK_MODIFICATIONS'] = False\n\ndb = SQLAlchemy(app)\nfrom models import Result\n\n",
  "slicing": [
   "app = Flask(__name__)\n",
   "app.config.from_object(os.environ['APP_SETTINGS'])\n",
   "app.config['SQLALCHEMY_TRACK_MODIFICATIONS'] = False\n",
   "db = SQLAlchemy(app)\n",
   "@app.route('/', methods=['GET', 'POST'])\n",
   "@app.route(\"/results/<job_key>\", methods=['GET'])\n",
   "        db.session.add(result)\n",
   "        db.session.commit()\n",
   "    app.run(host='0.0.0.0', port=8080)\n"
  ]
 },
 "14": {
  "name": "db",
  "type": "flask_sqlalchemy.SQLAlchemy",
  "class": "imported",
  "approach": "annotation",
  "file_path": "flask-by-example/app.py",
  "lineno": "27",
  "column": "0",
  "context": "config['SQLALCHEMY_TRACK_MODIFICATIONS'] = False\n\ndb = SQLAlchemy(app)\nfrom models import Result\n\nq = Queue(connection=co",
  "context_lines": "### APPLICATION ###############################################################\napp = Flask(__name__)\napp.config.from_object(os.environ['APP_SETTINGS'])\napp.config['SQLALCHEMY_TRACK_MODIFICATIONS'] = False\n\ndb = SQLAlchemy(app)\nfrom models import Result\n\nq = Queue(connection=conn)\n\n\n### VIEWS #####################################################################\n@app.route('/', methods=['GET', 'POST'])\n",
  "slicing": [
   "db = SQLAlchemy(app)\n",
   "        db.session.add(result)\n",
   "        db.session.commit()\n"
  ]
 },
 "15": {
  "name": "q",
  "type": "rq.Queue",
  "class": "imported",
  "approach": "annotation",
  "file_path": "flask-by-example/app.py",
  "lineno": "30",
  "column": "0",
  "context": "\n\ndb = SQLAlchemy(app)\nfrom models import Result\n\nq = Queue(connection=conn)\n\n\n### VIEWS ######################################",
  "context_lines": "app.config.from_object(os.environ['APP_SETTINGS'])\napp.config['SQLALCHEMY_TRACK_MODIFICATIONS'] = False\n\ndb = SQLAlchemy(app)\nfrom models import Result\n\nq = Queue(connection=conn)\n\n\n### VIEWS #####################################################################\n@app.route('/', methods=['GET', 'POST'])\ndef index():\n",
  "slicing": [
   "q = Queue(connection=conn)\n",
   "        job = q.enqueue_call(\n",
   "        print(job.get_id())\n",
   "    if job.is_finished:\n",
   "        result = Result.query.filter_by(id=job.result).first()\n",
   "            result.result_no_stop_words.items(),\n",
   "        db.session.add(result)\n",
   "        return result.id\n"
  ]
 },
 "16": {
  "name": "results",
  "type": "dict",
  "class": "build-in",
  "approach": "annotation",
  "file_path": "flask-by-example/app.py",
  "lineno": "36",
  "column": "4",
  "context": "te('/', methods=['GET', 'POST'])\ndef index():\n    results = {}\n    if request.method == \"POST\":\n        # get url",
  "context_lines": "q = Queue(connection=conn)\n\n\n### VIEWS #####################################################################\n@app.route('/', methods=['GET', 'POST'])\ndef index():\n    results = {}\n    if request.method == \"POST\":\n        # get url that the person has entered\n        url = request.form['url']\n        if 'http://' not in url[:7]:\n",
  "slicing": [
   "    results = {}\n",
   "    return render_template('index.html', results=results)\n",
   "        return jsonify(results)\n"
  ]
 },
 "17": {
  "name": "url",
  "type": "dict",
  "class": "build-in",
  "approach": "annotation",
  "file_path": "flask-by-example/app.py",
  "lineno": "39",
  "column": "8",
  "context": "    # get url that the person has entered\n        url = request.form['url']\n        if 'http://' not in url[:7]:\n            u",
  "context_lines": "def index():\n    results = {}\n    if request.method == \"POST\":\n        # get url that the person has entered\n        url = request.form['url']\n        if 'http://' not in url[:7]:\n            url = 'http://' + url\n        job = q.enqueue_call(\n            func=count_and_save_words, args=(url, ), result_ttl=5000)\n",
  "slicing": [
   "        url = request.form['url']\n",
   "        if 'http://' not in url[:7]:\n",
   "            url = 'http://' + url\n",
   "            func=count_and_save_words, args=(url, ), result_ttl=5000)\n",
   "        r = requests.get(url)\n",
   "    raw = BeautifulSoup(r.text).get_text()\n",
   "    tokens = nltk.word_tokenize(raw)\n",
   "    text = nltk.Text(tokens)\n",
   "    raw_words = [w for w in text if nonPunct.match(w)]\n",
   "    raw_word_count = Counter(raw_words)\n",
   "    no_stop_words = [w for w in raw_words if w.lower() not in STOPS]\n",
   "    no_stop_words_count = Counter(no_stop_words)\n",
   "            url=url,\n",
   "            result_all=raw_word_count,\n",
   "            result_no_stop_words=no_stop_words_count)\n"
  ]
 },
 "18": {
  "name": "url",
  "type": "str",
  "class": "build-in",
  "approach": "Pysonar2",
  "file_path": "flask-by-example/app.py",
  "lineno": "41",
  "column": "12",
  "context": "\n        if 'http://' not in url[:7]:\n            url = 'http://' + url\n        job = q.enqueue_call(\n            func=cou",
  "context_lines": "    if request.method == \"POST\":\n        # get url that the person has entered\n        url = request.form['url']\n        if 'http://' not in url[:7]:\n            url = 'http://' + url\n        job = q.enqueue_call(\n            func=count_and_save_words, args=(url, ), result_ttl=5000)\n        print(job.get_id())\n\n    return render_template('index.html', results=results)\n\n\n",
  "slicing": [
   "            url = 'http://' + url\n",
   "            func=count_and_save_words, args=(url, ), result_ttl=5000)\n",
   "        r = requests.get(url)\n",
   "    raw = BeautifulSoup(r.text).get_text()\n",
   "    tokens = nltk.word_tokenize(raw)\n",
   "    text = nltk.Text(tokens)\n",
   "    raw_words = [w for w in text if nonPunct.match(w)]\n",
   "    raw_word_count = Counter(raw_words)\n",
   "    no_stop_words = [w for w in raw_words if w.lower() not in STOPS]\n",
   "    no_stop_words_count = Counter(no_stop_words)\n",
   "            url=url,\n",
   "            result_all=raw_word_count,\n",
   "            result_no_stop_words=no_stop_words_count)\n"
  ]
 },
 "19": {
  "name": "job",
  "type": "UNKNOWN",
  "class": "unknown",
  "approach": "Pysonar2",
  "file_path": "flask-by-example/app.py",
  "lineno": "42",
  "column": "8",
  "context": "rl[:7]:\n            url = 'http://' + url\n        job = q.enqueue_call(\n            func=count_and_save_words, args=(url, ",
  "context_lines": "        # get url that the person has entered\n        url = request.form['url']\n        if 'http://' not in url[:7]:\n            url = 'http://' + url\n        job = q.enqueue_call(\n            func=count_and_save_words, args=(url, ), result_ttl=5000)\n        print(job.get_id())\n\n    return render_template('index.html', results=results)\n\n\n@app.route(\"/results/<job_key>\", methods=['GET'])\n",
  "slicing": [
   "        job = q.enqueue_call(\n",
   "        print(job.get_id())\n",
   "    if job.is_finished:\n",
   "        result = Result.query.filter_by(id=job.result).first()\n",
   "            result.result_no_stop_words.items(),\n",
   "        db.session.add(result)\n",
   "        return result.id\n"
  ]
 },
 "20": {
  "name": "job",
  "type": "UNKNOWN",
  "class": "unknown",
  "approach": "Pysonar2",
  "file_path": "flask-by-example/app.py",
  "lineno": "52",
  "column": "4",
  "context": ", methods=['GET'])\ndef get_results(job_key):\n\n    job = Job.fetch(job_key, connection=conn)\n\n    if job.is_finished:\n        result = Result.q",
  "context_lines": "        print(job.get_id())\n\n    return render_template('index.html', results=results)\n\n\n@app.route(\"/results/<job_key>\", methods=['GET'])\ndef get_results(job_key):\n\n    job = Job.fetch(job_key, connection=conn)\n\n    if job.is_finished:\n        result = Result.query.filter_by(id=job.result).first()\n        results = sorted(\n",
  "slicing": [
   "    job = Job.fetch(job_key, connection=conn)\n",
   "    if job.is_finished:\n",
   "        result = Result.query.filter_by(id=job.result).first()\n",
   "            result.result_no_stop_words.items(),\n",
   "        db.session.add(result)\n",
   "        return result.id\n"
  ]
 },
 "21": {
  "name": "result",
  "type": "UNKNOWN",
  "class": "unknown",
  "approach": "Pysonar2",
  "file_path": "flask-by-example/app.py",
  "lineno": "55",
  "column": "8",
  "context": "connection=conn)\n\n    if job.is_finished:\n        result = Result.query.filter_by(id=job.result).first()\n        results = sorted(\n            result.resul",
  "context_lines": "@app.route(\"/results/<job_key>\", methods=['GET'])\ndef get_results(job_key):\n\n    job = Job.fetch(job_key, connection=conn)\n\n    if job.is_finished:\n        result = Result.query.filter_by(id=job.result).first()\n        results = sorted(\n            result.result_no_stop_words.items(),\n            key=operator.itemgetter(1),\n            reverse=True)[:10]\n",
  "slicing": [
   "        result = Result.query.filter_by(id=job.result).first()\n",
   "            result.result_no_stop_words.items(),\n",
   "        db.session.add(result)\n",
   "        return result.id\n"
  ]
 },
 "22": {
  "name": "results",
  "type": "dict",
  "class": "build-in",
  "approach": "annotation",
  "file_path": "flask-by-example/app.py",
  "lineno": "56",
  "column": "8",
  "context": "lt.query.filter_by(id=job.result).first()\n        results = sorted(\n            result.result_no_stop_words.items(),\n ",
  "context_lines": "def get_results(job_key):\n\n    job = Job.fetch(job_key, connection=conn)\n\n    if job.is_finished:\n        result = Result.query.filter_by(id=job.result).first()\n        results = sorted(\n            result.result_no_stop_words.items(),\n            key=operator.itemgetter(1),\n            reverse=True)[:10]\n        return jsonify(results)\n",
  "slicing": [
   "        results = sorted(\n",
   "        return jsonify(results)\n"
  ]
 },
 "23": {
  "name": "errors",
  "type": "list",
  "class": "build-in",
  "approach": "annotation",
  "file_path": "flask-by-example/app.py",
  "lineno": "68",
  "column": "4",
  "context": "#############\ndef count_and_save_words(url):\n\n    errors = []\n\n    try:\n        r = requests.get(url)\n    except",
  "context_lines": "    else:\n        return \"Nay!\", 202\n\n\n### HELPER FUNCTIONS ##########################################################\ndef count_and_save_words(url):\n\n    errors = []\n\n    try:\n        r = requests.get(url)\n    except:\n",
  "slicing": [
   "    errors = []\n",
   "        errors.append(\n",
   "        return {\"error\": errors}\n",
   "        errors.append(\"Unable to add item to database.\")\n",
   "        return {\"error\": errors}\n"
  ]
 },
 "24": {
  "name": "raw",
  "type": "UNKNOWN",
  "class": "unknown",
  "approach": "Pysonar2",
  "file_path": "flask-by-example/app.py",
  "lineno": "78",
  "column": "4",
  "context": "turn {\"error\": errors}\n\n    # text processing\n    raw = BeautifulSoup(r.text).get_text()\n    nltk.data.path.append('./nltk_data/')  # set t",
  "context_lines": "        errors.append(\n            \"Unable to get URL. Please make sure it's valid and try again.\")\n        return {\"error\": errors}\n\n    # text processing\n    raw = BeautifulSoup(r.text).get_text()\n    nltk.data.path.append('./nltk_data/')  # set the path\n    tokens = nltk.word_tokenize(raw)\n    text = nltk.Text(tokens)\n\n    # remove punctuation, count raw words\n",
  "slicing": [
   "    raw = BeautifulSoup(r.text).get_text()\n",
   "    tokens = nltk.word_tokenize(raw)\n",
   "    text = nltk.Text(tokens)\n",
   "    raw_words = [w for w in text if nonPunct.match(w)]\n",
   "    raw_word_count = Counter(raw_words)\n",
   "    no_stop_words = [w for w in raw_words if w.lower() not in STOPS]\n",
   "    no_stop_words_count = Counter(no_stop_words)\n",
   "            result_all=raw_word_count,\n",
   "            result_no_stop_words=no_stop_words_count)\n"
  ]
 },
 "25": {
  "name": "tokens",
  "type": "UNKNOWN",
  "class": "unknown",
  "approach": "Pysonar2",
  "file_path": "flask-by-example/app.py",
  "lineno": "80",
  "column": "4",
  "context": "a.path.append('./nltk_data/')  # set the path\n    tokens = nltk.word_tokenize(raw)\n    text = nltk.Text(tokens)\n\n    # remove punctua",
  "context_lines": "        return {\"error\": errors}\n\n    # text processing\n    raw = BeautifulSoup(r.text).get_text()\n    nltk.data.path.append('./nltk_data/')  # set the path\n    tokens = nltk.word_tokenize(raw)\n    text = nltk.Text(tokens)\n\n    # remove punctuation, count raw words\n    nonPunct = re.compile('.*[A-Za-z].*')\n    raw_words = [w for w in text if nonPunct.match(w)]\n",
  "slicing": [
   "    tokens = nltk.word_tokenize(raw)\n",
   "    text = nltk.Text(tokens)\n",
   "    raw_words = [w for w in text if nonPunct.match(w)]\n",
   "    raw_word_count = Counter(raw_words)\n",
   "    no_stop_words = [w for w in raw_words if w.lower() not in STOPS]\n",
   "    no_stop_words_count = Counter(no_stop_words)\n",
   "            result_all=raw_word_count,\n",
   "            result_no_stop_words=no_stop_words_count)\n"
  ]
 },
 "26": {
  "name": "text",
  "type": "UNKNOWN",
  "class": "unknown",
  "approach": "Pysonar2",
  "file_path": "flask-by-example/app.py",
  "lineno": "81",
  "column": "4",
  "context": "the path\n    tokens = nltk.word_tokenize(raw)\n    text = nltk.Text(tokens)\n\n    # remove punctuation, count raw words\n    non",
  "context_lines": "    # text processing\n    raw = BeautifulSoup(r.text).get_text()\n    nltk.data.path.append('./nltk_data/')  # set the path\n    tokens = nltk.word_tokenize(raw)\n    text = nltk.Text(tokens)\n\n    # remove punctuation, count raw words\n    nonPunct = re.compile('.*[A-Za-z].*')\n    raw_words = [w for w in text if nonPunct.match(w)]\n",
  "slicing": [
   "    text = nltk.Text(tokens)\n",
   "    raw_words = [w for w in text if nonPunct.match(w)]\n",
   "    raw_word_count = Counter(raw_words)\n",
   "    no_stop_words = [w for w in raw_words if w.lower() not in STOPS]\n",
   "    no_stop_words_count = Counter(no_stop_words)\n",
   "            result_all=raw_word_count,\n",
   "            result_no_stop_words=no_stop_words_count)\n"
  ]
 },
 "27": {
  "name": "nonPunct",
  "type": "UNKNOWN",
  "class": "unknown",
  "approach": "Pysonar2",
  "file_path": "flask-by-example/app.py",
  "lineno": "84",
  "column": "4",
  "context": "s)\n\n    # remove punctuation, count raw words\n    nonPunct = re.compile('.*[A-Za-z].*')\n    raw_words = [w for w in text if nonPunct.match",
  "context_lines": "    nltk.data.path.append('./nltk_data/')  # set the path\n    tokens = nltk.word_tokenize(raw)\n    text = nltk.Text(tokens)\n\n    # remove punctuation, count raw words\n    nonPunct = re.compile('.*[A-Za-z].*')\n    raw_words = [w for w in text if nonPunct.match(w)]\n    raw_word_count = Counter(raw_words)\n\n    # stop words\n    no_stop_words = [w for w in raw_words if w.lower() not in STOPS]\n",
  "slicing": [
   "    nonPunct = re.compile('.*[A-Za-z].*')\n",
   "    raw_words = [w for w in text if nonPunct.match(w)]\n",
   "    raw_word_count = Counter(raw_words)\n",
   "    no_stop_words = [w for w in raw_words if w.lower() not in STOPS]\n",
   "    no_stop_words_count = Counter(no_stop_words)\n",
   "            result_all=raw_word_count,\n",
   "            result_no_stop_words=no_stop_words_count)\n"
  ]
 },
 "28": {
  "name": "raw_words",
  "type": "list",
  "class": "build-in",
  "approach": "annotation",
  "file_path": "flask-by-example/app.py",
  "lineno": "85",
  "column": "4",
  "context": "rds\n    nonPunct = re.compile('.*[A-Za-z].*')\n    raw_words = [w for w in text if nonPunct.match(w)]\n    raw_word_count = Counter(raw_words)\n\n    # sto",
  "context_lines": "    tokens = nltk.word_tokenize(raw)\n    text = nltk.Text(tokens)\n\n    # remove punctuation, count raw words\n    nonPunct = re.compile('.*[A-Za-z].*')\n    raw_words = [w for w in text if nonPunct.match(w)]\n    raw_word_count = Counter(raw_words)\n\n    # stop words\n    no_stop_words = [w for w in raw_words if w.lower() not in STOPS]\n    no_stop_words_count = Counter(no_stop_words)\n\n",
  "slicing": [
   "    raw_words = [w for w in text if nonPunct.match(w)]\n",
   "    raw_word_count = Counter(raw_words)\n",
   "    no_stop_words = [w for w in raw_words if w.lower() not in STOPS]\n",
   "    no_stop_words_count = Counter(no_stop_words)\n",
   "            result_all=raw_word_count,\n",
   "            result_no_stop_words=no_stop_words_count)\n"
  ]
 },
 "29": {
  "name": "raw_word_count",
  "type": "collections.Counter",
  "class": "imported",
  "approach": "annotation",
  "file_path": "flask-by-example/app.py",
  "lineno": "86",
  "column": "4",
  "context": "ords = [w for w in text if nonPunct.match(w)]\n    raw_word_count = Counter(raw_words)\n\n    # stop words\n    no_stop_words = [w for w in ",
  "context_lines": "    text = nltk.Text(tokens)\n\n    # remove punctuation, count raw words\n    nonPunct = re.compile('.*[A-Za-z].*')\n    raw_words = [w for w in text if nonPunct.match(w)]\n    raw_word_count = Counter(raw_words)\n\n    # stop words\n    no_stop_words = [w for w in raw_words if w.lower() not in STOPS]\n    no_stop_words_count = Counter(no_stop_words)\n\n",
  "slicing": [
   "    raw_word_count = Counter(raw_words)\n",
   "            result_all=raw_word_count,\n"
  ]
 },
 "30": {
  "name": "no_stop_words",
  "type": "list",
  "class": "build-in",
  "approach": "annotation",
  "file_path": "flask-by-example/app.py",
  "lineno": "89",
  "column": "4",
  "context": "_count = Counter(raw_words)\n\n    # stop words\n    no_stop_words = [w for w in raw_words if w.lower() not in STOPS]\n    no_stop_words_count = Counter(no_stop_words)\n\n",
  "context_lines": "    nonPunct = re.compile('.*[A-Za-z].*')\n    raw_words = [w for w in text if nonPunct.match(w)]\n    raw_word_count = Counter(raw_words)\n\n    # stop words\n    no_stop_words = [w for w in raw_words if w.lower() not in STOPS]\n    no_stop_words_count = Counter(no_stop_words)\n\n    # save the results\n    try:\n        result = Result(\n",
  "slicing": [
   "    no_stop_words = [w for w in raw_words if w.lower() not in STOPS]\n",
   "    no_stop_words_count = Counter(no_stop_words)\n",
   "            result_no_stop_words=no_stop_words_count)\n"
  ]
 },
 "31": {
  "name": "no_stop_words_count",
  "type": "collections.Counter",
  "class": "imported",
  "approach": "annotation",
  "file_path": "flask-by-example/app.py",
  "lineno": "90",
  "column": "4",
  "context": "for w in raw_words if w.lower() not in STOPS]\n    no_stop_words_count = Counter(no_stop_words)\n\n    # save the results\n    try:\n        result = ",
  "context_lines": "    raw_words = [w for w in text if nonPunct.match(w)]\n    raw_word_count = Counter(raw_words)\n\n    # stop words\n    no_stop_words = [w for w in raw_words if w.lower() not in STOPS]\n    no_stop_words_count = Counter(no_stop_words)\n\n    # save the results\n    try:\n        result = Result(\n",
  "slicing": [
   "    no_stop_words_count = Counter(no_stop_words)\n",
   "            result_no_stop_words=no_stop_words_count)\n"
  ]
 },
 "32": {
  "name": "r",
  "type": "UNKNOWN",
  "class": "unknown",
  "approach": "Pysonar2",
  "file_path": "flask-by-example/app.py",
  "lineno": "71",
  "column": "8",
  "context": "ve_words(url):\n\n    errors = []\n\n    try:\n        r = requests.get(url)\n    except:\n        errors.append(\n            \"Un",
  "context_lines": "### HELPER FUNCTIONS ##########################################################\ndef count_and_save_words(url):\n\n    errors = []\n\n    try:\n        r = requests.get(url)\n    except:\n        errors.append(\n            \"Unable to get URL. Please make sure it's valid and try again.\")\n        return {\"error\": errors}\n\n",
  "slicing": [
   "        r = requests.get(url)\n",
   "    raw = BeautifulSoup(r.text).get_text()\n",
   "    tokens = nltk.word_tokenize(raw)\n",
   "    text = nltk.Text(tokens)\n",
   "    raw_words = [w for w in text if nonPunct.match(w)]\n",
   "    raw_word_count = Counter(raw_words)\n",
   "    no_stop_words = [w for w in raw_words if w.lower() not in STOPS]\n",
   "    no_stop_words_count = Counter(no_stop_words)\n",
   "            result_all=raw_word_count,\n",
   "            result_no_stop_words=no_stop_words_count)\n"
  ]
 },
 "33": {
  "name": "result",
  "type": "models.Result",
  "class": "customized",
  "approach": "annotation",
  "file_path": "flask-by-example/app.py",
  "lineno": "94",
  "column": "8",
  "context": "p_words)\n\n    # save the results\n    try:\n        result = Result(\n            url=url,\n            result_all=raw_wo",
  "context_lines": "    no_stop_words = [w for w in raw_words if w.lower() not in STOPS]\n    no_stop_words_count = Counter(no_stop_words)\n\n    # save the results\n    try:\n        result = Result(\n            url=url,\n            result_all=raw_word_count,\n            result_no_stop_words=no_stop_words_count)\n        db.session.add(result)\n",
  "slicing": [
   "        result = Result(\n",
   "        db.session.add(result)\n",
   "        return result.id\n"
  ]
 },
 "34": {
  "name": "STOPS",
  "type": "list",
  "class": "build-in",
  "approach": "annotation",
  "file_path": "flask-by-example/stop_words.py",
  "lineno": "5",
  "column": "0",
  "context": "top words processing the text of HTML pages.\n\"\"\"\n\nSTOPS = [\n    'i', 'me', 'my', 'myself', 'we', 'our', 'ours'",
  "context_lines": "\"\"\"\nStop words processing the text of HTML pages.\n\"\"\"\n\nSTOPS = [\n    'i', 'me', 'my', 'myself', 'we', 'our', 'ours', 'ourselves', 'you', 'your',\n    'yours', 'yourself', 'yourselves', 'he', 'him', 'his', 'himself', 'she',\n    'her', 'hers', 'herself', 'it', 'its', 'itself', 'they', 'them', 'their',\n    'theirs', 'themselves', 'what', 'which', 'who', 'whom', 'this', 'that',\n",
  "slicing": "STOPS = [\n"
 },
 "35": {
  "name": "listen",
  "type": "list",
  "class": "build-in",
  "approach": "annotation",
  "file_path": "flask-by-example/worker.py",
  "lineno": "12",
  "column": "0",
  "context": "#################################################\nlisten = ['default']\nredis_url = os.getenv('REDISTOGO_URL', 'redid://lo",
  "context_lines": "import os\n\nimport redis\nfrom rq import Worker, Queue, Connection\n\n### SETUP ######################################################################\nlisten = ['default']\nredis_url = os.getenv('REDISTOGO_URL', 'redid://localhost:6379')\nconn = redis.from_url(redis_url)\n\n### RUN ON MAIN ###############################################################\nif __name__ == '__main__':\n",
  "slicing": [
   "listen = ['default']\n",
   "        worker = Worker(list(map(Queue, listen)))\n",
   "        worker.work()\n"
  ]
 },
 "36": {
  "name": "redis_url",
  "type": "str",
  "class": "build-in",
  "approach": "Pysonar2",
  "file_path": "flask-by-example/worker.py",
  "lineno": "13",
  "column": "0",
  "context": "############################\nlisten = ['default']\nredis_url = os.getenv('REDISTOGO_URL', 'redid://localhost:6379')\nconn = redis.from_url(redis_url)\n\n### RUN ON MAIN ",
  "context_lines": "import redis\nfrom rq import Worker, Queue, Connection\n\n### SETUP ######################################################################\nlisten = ['default']\nredis_url = os.getenv('REDISTOGO_URL', 'redid://localhost:6379')\nconn = redis.from_url(redis_url)\n\n### RUN ON MAIN ###############################################################\nif __name__ == '__main__':\n    with Connection(conn):\n",
  "slicing": [
   "redis_url = os.getenv('REDISTOGO_URL', 'redid://localhost:6379')\n",
   "conn = redis.from_url(redis_url)\n",
   "    with Connection(conn):\n"
  ]
 },
 "37": {
  "name": "conn",
  "type": "UNKNOWN",
  "class": "unknown",
  "approach": "Pysonar2",
  "file_path": "flask-by-example/worker.py",
  "lineno": "14",
  "column": "0",
  "context": "getenv('REDISTOGO_URL', 'redid://localhost:6379')\nconn = redis.from_url(redis_url)\n\n### RUN ON MAIN #################################",
  "context_lines": "from rq import Worker, Queue, Connection\n\n### SETUP ######################################################################\nlisten = ['default']\nredis_url = os.getenv('REDISTOGO_URL', 'redid://localhost:6379')\nconn = redis.from_url(redis_url)\n\n### RUN ON MAIN ###############################################################\nif __name__ == '__main__':\n    with Connection(conn):\n",
  "slicing": [
   "conn = redis.from_url(redis_url)\n",
   "    with Connection(conn):\n"
  ]
 },
 "38": {
  "name": "worker",
  "type": "rq.Worker",
  "class": "imported",
  "approach": "annotation",
  "file_path": "flask-by-example/worker.py",
  "lineno": "19",
  "column": "8",
  "context": "== '__main__':\n    with Connection(conn):\n        worker = Worker(list(map(Queue, listen)))\n        worker.work()\n",
  "context_lines": "conn = redis.from_url(redis_url)\n\n### RUN ON MAIN ###############################################################\nif __name__ == '__main__':\n    with Connection(conn):\n        worker = Worker(list(map(Queue, listen)))\n",
  "slicing": [
   "        worker = Worker(list(map(Queue, listen)))\n",
   "        worker.work()\n"
  ]
 },
 "39": {
  "name": "__tablename__",
  "type": "str",
  "class": "build-in",
  "approach": "Pysonar2",
  "file_path": "flask-by-example/models.py",
  "lineno": "13",
  "column": "4",
  "context": "#####################\nclass Result(db.Model):\n    __tablename__ = 'results'\n\n    id = db.Column(db.Integer, primary_key=True)\n",
  "context_lines": "from sqlalchemy.dialects.postgresql import JSON\n\nfrom app import db\n\n\n### MODELS ####################################################################\nclass Result(db.Model):\n    __tablename__ = 'results'\n\n    id = db.Column(db.Integer, primary_key=True)\n    url = db.Column(db.String())\n    result_all = db.Column(JSON)\n",
  "slicing": "    __tablename__ = 'results'\n"
 },
 "40": {
  "name": "id",
  "type": "UNKNOWN",
  "class": "unknown",
  "approach": "Pysonar2",
  "file_path": "flask-by-example/models.py",
  "lineno": "15",
  "column": "4",
  "context": "ult(db.Model):\n    __tablename__ = 'results'\n\n    id = db.Column(db.Integer, primary_key=True)\n    url = db.Column(db.String())\n    result_all = ",
  "context_lines": "from app import db\n\n\n### MODELS ####################################################################\nclass Result(db.Model):\n    __tablename__ = 'results'\n\n    id = db.Column(db.Integer, primary_key=True)\n    url = db.Column(db.String())\n    result_all = db.Column(JSON)\n    result_no_stop_words = db.Column(JSON)\n\n    def __init__(self, url, result_all, result_no_stop_words):\n",
  "slicing": "    id = db.Column(db.Integer, primary_key=True)\n"
 },
 "41": {
  "name": "url",
  "type": "UNKNOWN",
  "class": "unknown",
  "approach": "Pysonar2",
  "file_path": "flask-by-example/models.py",
  "lineno": "16",
  "column": "4",
  "context": " id = db.Column(db.Integer, primary_key=True)\n    url = db.Column(db.String())\n    result_all = db.Column(JSON)\n    result_no_sto",
  "context_lines": "### MODELS ####################################################################\nclass Result(db.Model):\n    __tablename__ = 'results'\n\n    id = db.Column(db.Integer, primary_key=True)\n    url = db.Column(db.String())\n    result_all = db.Column(JSON)\n    result_no_stop_words = db.Column(JSON)\n\n    def __init__(self, url, result_all, result_no_stop_words):\n        self.url = url\n",
  "slicing": [
   "    url = db.Column(db.String())\n",
   "        self.url = url\n"
  ]
 },
 "42": {
  "name": "result_all",
  "type": "UNKNOWN",
  "class": "unknown",
  "approach": "Pysonar2",
  "file_path": "flask-by-example/models.py",
  "lineno": "17",
  "column": "4",
  "context": "ry_key=True)\n    url = db.Column(db.String())\n    result_all = db.Column(JSON)\n    result_no_stop_words = db.Column(JSON)\n\n    de",
  "context_lines": "class Result(db.Model):\n    __tablename__ = 'results'\n\n    id = db.Column(db.Integer, primary_key=True)\n    url = db.Column(db.String())\n    result_all = db.Column(JSON)\n    result_no_stop_words = db.Column(JSON)\n\n    def __init__(self, url, result_all, result_no_stop_words):\n        self.url = url\n        self.result_all = result_all\n",
  "slicing": [
   "    result_all = db.Column(JSON)\n",
   "        self.result_all = result_all\n"
  ]
 },
 "43": {
  "name": "result_no_stop_words",
  "type": "UNKNOWN",
  "class": "unknown",
  "approach": "Pysonar2",
  "file_path": "flask-by-example/models.py",
  "lineno": "18",
  "column": "4",
  "context": "db.String())\n    result_all = db.Column(JSON)\n    result_no_stop_words = db.Column(JSON)\n\n    def __init__(self, url, result_all, result_no",
  "context_lines": "    __tablename__ = 'results'\n\n    id = db.Column(db.Integer, primary_key=True)\n    url = db.Column(db.String())\n    result_all = db.Column(JSON)\n    result_no_stop_words = db.Column(JSON)\n\n    def __init__(self, url, result_all, result_no_stop_words):\n        self.url = url\n        self.result_all = result_all\n",
  "slicing": [
   "    result_no_stop_words = db.Column(JSON)\n",
   "        self.result_no_stop_words = result_no_stop_words\n"
  ]
 },
 "44": {
  "name": "migrate",
  "type": "flask_migrate.Migrate",
  "class": "imported",
  "approach": "annotation",
  "file_path": "flask-by-example/manage.py",
  "lineno": "19",
  "column": "0",
  "context": "p.config.from_object(os.environ['APP_SETTINGS'])\n\nmigrate = Migrate(app, db)\nmanager = Manager(app)\n\n### COMMANDS #############",
  "context_lines": "from flask_migrate import Migrate, MigrateCommand\n\nfrom app import app, db\n\n### CONFIG THE APP AND REGISTER EXTENSIONS ####################################\napp.config.from_object(os.environ['APP_SETTINGS'])\n\nmigrate = Migrate(app, db)\nmanager = Manager(app)\n\n### COMMANDS ##################################################################\nmanager.add_command('db', MigrateCommand)\nmanager.add_command('runserver', Server(host='0.0.0.0', port=8080))\n\n",
  "slicing": "migrate = Migrate(app, db)\n"
 },
 "45": {
  "name": "manager",
  "type": "flask_script.Manager",
  "class": "imported",
  "approach": "annotation",
  "file_path": "flask-by-example/manage.py",
  "lineno": "20",
  "column": "0",
  "context": "iron['APP_SETTINGS'])\n\nmigrate = Migrate(app, db)\nmanager = Manager(app)\n\n### COMMANDS ####################################",
  "context_lines": "from app import app, db\n\n### CONFIG THE APP AND REGISTER EXTENSIONS ####################################\napp.config.from_object(os.environ['APP_SETTINGS'])\n\nmigrate = Migrate(app, db)\nmanager = Manager(app)\n\n### COMMANDS ##################################################################\nmanager.add_command('db', MigrateCommand)\nmanager.add_command('runserver', Server(host='0.0.0.0', port=8080))\n\n",
  "slicing": [
   "manager = Manager(app)\n",
   "manager.add_command('db', MigrateCommand)\n",
   "manager.add_command('runserver', Server(host='0.0.0.0', port=8080))\n",
   "    manager.run()\n"
  ]
 },
 "46": {
  "name": "config",
  "type": "UNKNOWN",
  "class": "unknown",
  "approach": "Pysonar2",
  "file_path": "flask-by-example/migrations/env.py",
  "lineno": "9",
  "column": "0",
  "context": "access to the values within the .ini file in use.\nconfig = context.config\n\n# Interpret the config file for Python logging.\n#",
  "context_lines": "from logging.config import fileConfig\nimport logging\n\n# this is the Alembic Config object, which provides\n# access to the values within the .ini file in use.\nconfig = context.config\n\n# Interpret the config file for Python logging.\n# This line sets up loggers basically.\nfileConfig(config.config_file_name)\n",
  "slicing": [
   "config = context.config\n",
   "fileConfig(config.config_file_name)\n",
   "config.set_main_option('sqlalchemy.url',\n",
   "    url = config.get_main_option(\"sqlalchemy.url\")\n",
   "    context.configure(url=url)\n",
   "        if getattr(config.cmd_opts, 'autogenerate', False):\n",
   "    engine = engine_from_config(config.get_section(config.config_ini_section),\n",
   "    connection = engine.connect()\n",
   "    context.configure(connection=connection,\n",
   "        connection.close()\n"
  ]
 },
 "47": {
  "name": "logger",
  "type": "UNKNOWN",
  "class": "unknown",
  "approach": "Pysonar2",
  "file_path": "flask-by-example/migrations/env.py",
  "lineno": "14",
  "column": "0",
  "context": "rs basically.\nfileConfig(config.config_file_name)\nlogger = logging.getLogger('alembic.env')\n\n# add your model's MetaData object here\n# for 'au",
  "context_lines": "config = context.config\n\n# Interpret the config file for Python logging.\n# This line sets up loggers basically.\nfileConfig(config.config_file_name)\nlogger = logging.getLogger('alembic.env')\n\n# add your model's MetaData object here\n# for 'autogenerate' support\n# from myapp import mymodel\n",
  "slicing": [
   "logger = logging.getLogger('alembic.env')\n",
   "                logger.info('No changes in schema detected.')\n"
  ]
 },
 "48": {
  "name": "target_metadata",
  "type": "UNKNOWN",
  "class": "unknown",
  "approach": "Pysonar2",
  "file_path": "flask-by-example/migrations/env.py",
  "lineno": "23",
  "column": "0",
  "context": "urrent_app.config.get('SQLALCHEMY_DATABASE_URI'))\ntarget_metadata = current_app.extensions['migrate'].db.metadata\n\n# other values from the config, defined by the ne",
  "context_lines": "# target_metadata = mymodel.Base.metadata\nfrom flask import current_app\nconfig.set_main_option('sqlalchemy.url',\n                       current_app.config.get('SQLALCHEMY_DATABASE_URI'))\ntarget_metadata = current_app.extensions['migrate'].db.metadata\n\n# other values from the config, defined by the needs of env.py,\n# can be acquired:\n# my_important_option = config.get_main_option(\"my_important_option\")\n",
  "slicing": [
   "target_metadata = current_app.extensions['migrate'].db.metadata\n",
   "                      target_metadata=target_metadata,\n"
  ]
 },
 "49": {
  "name": "url",
  "type": "UNKNOWN",
  "class": "unknown",
  "approach": "Pysonar2",
  "file_path": "flask-by-example/migrations/env.py",
  "lineno": "43",
  "column": "4",
  "context": "ven string to the\n    script output.\n\n    \"\"\"\n    url = config.get_main_option(\"sqlalchemy.url\")\n    context.configure(url=url)\n\n    with context.b",
  "context_lines": "    we don't even need a DBAPI to be available.\n\n    Calls to context.execute() here emit the given string to the\n    script output.\n\n    \"\"\"\n    url = config.get_main_option(\"sqlalchemy.url\")\n    context.configure(url=url)\n\n    with context.begin_transaction():\n        context.run_migrations()\n\n\ndef run_migrations_online():\n",
  "slicing": [
   "    url = config.get_main_option(\"sqlalchemy.url\")\n",
   "    context.configure(url=url)\n"
  ]
 },
 "50": {
  "name": "script",
  "type": "dict",
  "class": "build-in",
  "approach": "annotation",
  "file_path": "flask-by-example/migrations/env.py",
  "lineno": "63",
  "column": "12",
  "context": "fig.cmd_opts, 'autogenerate', False):\n            script = directives[0]\n            if script.upgrade_ops.is_empty():\n    ",
  "context_lines": "    # when there are no changes to the schema\n    # reference: http://alembic.readthedocs.org/en/latest/cookbook.html\n    def process_revision_directives(context, revision, directives):\n        if getattr(config.cmd_opts, 'autogenerate', False):\n            script = directives[0]\n            if script.upgrade_ops.is_empty():\n                directives[:] = []\n                logger.info('No changes in schema detected.')\n\n    engine = engine_from_config(config.get_section(config.config_ini_section),\n",
  "slicing": [
   "            script = directives[0]\n",
   "            if script.upgrade_ops.is_empty():\n"
  ]
 },
 "51": {
  "name": "engine",
  "type": "sqlalchemy.engine_from_config",
  "class": "imported",
  "approach": "annotation",
  "file_path": "flask-by-example/migrations/env.py",
  "lineno": "68",
  "column": "4",
  "context": "ogger.info('No changes in schema detected.')\n\n    engine = engine_from_config(config.get_section(config.config_ini_section),\n                                prefix='sqlalchemy",
  "context_lines": "            script = directives[0]\n            if script.upgrade_ops.is_empty():\n                directives[:] = []\n                logger.info('No changes in schema detected.')\n\n    engine = engine_from_config(config.get_section(config.config_ini_section),\n                                prefix='sqlalchemy.',\n                                poolclass=pool.NullPool)\n\n    connection = engine.connect()\n    context.configure(connection=connection,\n",
  "slicing": [
   "    engine = engine_from_config(config.get_section(config.config_ini_section),\n",
   "    connection = engine.connect()\n",
   "    context.configure(connection=connection,\n",
   "        connection.close()\n"
  ]
 },
 "52": {
  "name": "connection",
  "type": "UNKNOWN",
  "class": "unknown",
  "approach": "Pysonar2",
  "file_path": "flask-by-example/migrations/env.py",
  "lineno": "72",
  "column": "4",
  "context": "                    poolclass=pool.NullPool)\n\n    connection = engine.connect()\n    context.configure(connection=connection,\n     ",
  "context_lines": "                logger.info('No changes in schema detected.')\n\n    engine = engine_from_config(config.get_section(config.config_ini_section),\n                                prefix='sqlalchemy.',\n                                poolclass=pool.NullPool)\n\n    connection = engine.connect()\n    context.configure(connection=connection,\n                      target_metadata=target_metadata,\n                      process_revision_directives=process_revision_directives,\n                      **current_app.extensions['migrate'].configure_args)\n\n",
  "slicing": [
   "    connection = engine.connect()\n",
   "    context.configure(connection=connection,\n",
   "        connection.close()\n"
  ]
 },
 "53": {
  "name": "revision",
  "type": "str",
  "class": "build-in",
  "approach": "Pysonar2",
  "file_path": "flask-by-example/migrations/versions/94b0d8e79b8d_.py",
  "lineno": "13",
  "column": "0",
  "context": "tgresql\n\n# revision identifiers, used by Alembic.\nrevision = '94b0d8e79b8d'\ndown_revision = None\nbranch_labels = None\ndepends_",
  "context_lines": "from alembic import op\nimport sqlalchemy as sa\nfrom sqlalchemy.dialects import postgresql\n\n# revision identifiers, used by Alembic.\nrevision = '94b0d8e79b8d'\ndown_revision = None\nbranch_labels = None\ndepends_on = None\n\n\ndef upgrade():\n",
  "slicing": "revision = '94b0d8e79b8d'\n"
 },
 "54": {
  "name": "down_revision",
  "type": "UNKNOWN",
  "class": "unknown",
  "approach": "annotation",
  "file_path": "flask-by-example/migrations/versions/94b0d8e79b8d_.py",
  "lineno": "14",
  "column": "0",
  "context": "fiers, used by Alembic.\nrevision = '94b0d8e79b8d'\ndown_revision = None\nbranch_labels = None\ndepends_on = None\n\n\ndef upgra",
  "context_lines": "import sqlalchemy as sa\nfrom sqlalchemy.dialects import postgresql\n\n# revision identifiers, used by Alembic.\nrevision = '94b0d8e79b8d'\ndown_revision = None\nbranch_labels = None\ndepends_on = None\n\n\ndef upgrade():\n    # ### commands auto generated by Alembic - please adjust! ###\n",
  "slicing": "down_revision = None\n"
 },
 "55": {
  "name": "branch_labels",
  "type": "UNKNOWN",
  "class": "unknown",
  "approach": "annotation",
  "file_path": "flask-by-example/migrations/versions/94b0d8e79b8d_.py",
  "lineno": "15",
  "column": "0",
  "context": "c.\nrevision = '94b0d8e79b8d'\ndown_revision = None\nbranch_labels = None\ndepends_on = None\n\n\ndef upgrade():\n    # ### comma",
  "context_lines": "from sqlalchemy.dialects import postgresql\n\n# revision identifiers, used by Alembic.\nrevision = '94b0d8e79b8d'\ndown_revision = None\nbranch_labels = None\ndepends_on = None\n\n\ndef upgrade():\n    # ### commands auto generated by Alembic - please adjust! ###\n    op.create_table('results',\n",
  "slicing": "branch_labels = None\n"
 },
 "56": {
  "name": "depends_on",
  "type": "UNKNOWN",
  "class": "unknown",
  "approach": "annotation",
  "file_path": "flask-by-example/migrations/versions/94b0d8e79b8d_.py",
  "lineno": "16",
  "column": "0",
  "context": "e79b8d'\ndown_revision = None\nbranch_labels = None\ndepends_on = None\n\n\ndef upgrade():\n    # ### commands auto generated",
  "context_lines": "# revision identifiers, used by Alembic.\nrevision = '94b0d8e79b8d'\ndown_revision = None\nbranch_labels = None\ndepends_on = None\n\n\ndef upgrade():\n    # ### commands auto generated by Alembic - please adjust! ###\n    op.create_table('results',\n",
  "slicing": "depends_on = None\n"
 },
 "57": {
  "name": "job_key",
  "type": "UNKNOWN",
  "class": "unknown",
  "approach": "Pysonar2",
  "file_path": "flask-by-example/app.py",
  "lineno": "50",
  "column": "16",
  "context": "ults/<job_key>\", methods=['GET'])\ndef get_results(job_key):\n\n    job = Job.fetch(job_key, connection=conn)\n\n  ",
  "context_lines": "            func=count_and_save_words, args=(url, ), result_ttl=5000)\n        print(job.get_id())\n\n    return render_template('index.html', results=results)\n\n\n@app.route(\"/results/<job_key>\", methods=['GET'])\ndef get_results(job_key):\n\n    job = Job.fetch(job_key, connection=conn)\n\n    if job.is_finished:\n        result = Result.query.filter_by(id=job.result).first()\n",
  "slicing": "def get_results(job_key):\n"
 },
 "58": {
  "name": "url",
  "type": "UNKNOWN",
  "class": "unknown",
  "approach": "Pysonar2",
  "file_path": "flask-by-example/app.py",
  "lineno": "66",
  "column": "25",
  "context": "########################\ndef count_and_save_words(url):\n\n    errors = []\n\n    try:\n        r = requests.ge",
  "context_lines": "        return jsonify(results)\n    else:\n        return \"Nay!\", 202\n\n\n### HELPER FUNCTIONS ##########################################################\ndef count_and_save_words(url):\n\n    errors = []\n\n    try:\n        r = requests.get(url)\n",
  "slicing": "def count_and_save_words(url):\n"
 },
 "59": {
  "name": "url",
  "type": "UNKNOWN",
  "class": "unknown",
  "approach": "Pysonar2",
  "file_path": "flask-by-example/models.py",
  "lineno": "20",
  "column": "23",
  "context": "p_words = db.Column(JSON)\n\n    def __init__(self, url, result_all, result_no_stop_words):\n        self.url = url\n        self.result_all = r",
  "context_lines": "    id = db.Column(db.Integer, primary_key=True)\n    url = db.Column(db.String())\n    result_all = db.Column(JSON)\n    result_no_stop_words = db.Column(JSON)\n\n    def __init__(self, url, result_all, result_no_stop_words):\n        self.url = url\n        self.result_all = result_all\n        self.result_no_stop_words = result_no_stop_words\n\n    def __repr__(self):\n",
  "slicing": "    def __init__(self, url, result_all, result_no_stop_words):\n"
 },
 "60": {
  "name": "result_all",
  "type": "UNKNOWN",
  "class": "unknown",
  "approach": "Pysonar2",
  "file_path": "flask-by-example/models.py",
  "lineno": "20",
  "column": "28",
  "context": "ds = db.Column(JSON)\n\n    def __init__(self, url, result_all, result_no_stop_words):\n        self.url = url\n        self.result_all = r",
  "context_lines": "    id = db.Column(db.Integer, primary_key=True)\n    url = db.Column(db.String())\n    result_all = db.Column(JSON)\n    result_no_stop_words = db.Column(JSON)\n\n    def __init__(self, url, result_all, result_no_stop_words):\n        self.url = url\n        self.result_all = result_all\n        self.result_no_stop_words = result_no_stop_words\n\n    def __repr__(self):\n",
  "slicing": "    def __init__(self, url, result_all, result_no_stop_words):\n"
 },
 "61": {
  "name": "result_no_stop_words",
  "type": "UNKNOWN",
  "class": "unknown",
  "approach": "Pysonar2",
  "file_path": "flask-by-example/models.py",
  "lineno": "20",
  "column": "40",
  "context": "mn(JSON)\n\n    def __init__(self, url, result_all, result_no_stop_words):\n        self.url = url\n        self.result_all = r",
  "context_lines": "    id = db.Column(db.Integer, primary_key=True)\n    url = db.Column(db.String())\n    result_all = db.Column(JSON)\n    result_no_stop_words = db.Column(JSON)\n\n    def __init__(self, url, result_all, result_no_stop_words):\n        self.url = url\n        self.result_all = result_all\n        self.result_no_stop_words = result_no_stop_words\n\n    def __repr__(self):\n",
  "slicing": "    def __init__(self, url, result_all, result_no_stop_words):\n"
 },
 "62": {
  "name": "context",
  "type": "UNKNOWN",
  "class": "unknown",
  "approach": "Pysonar2",
  "file_path": "flask-by-example/migrations/env.py",
  "lineno": "61",
  "column": "36",
  "context": "cookbook.html\n    def process_revision_directives(context, revision, directives):\n        if getattr(config.cmd_opts, 'autogenerate'",
  "context_lines": "    \"\"\"\n\n    # this callback is used to prevent an auto-migration from being generated\n    # when there are no changes to the schema\n    # reference: http://alembic.readthedocs.org/en/latest/cookbook.html\n    def process_revision_directives(context, revision, directives):\n        if getattr(config.cmd_opts, 'autogenerate', False):\n            script = directives[0]\n            if script.upgrade_ops.is_empty():\n                directives[:] = []\n",
  "slicing": "    def process_revision_directives(context, revision, directives):\n"
 },
 "63": {
  "name": "revision",
  "type": "UNKNOWN",
  "class": "unknown",
  "approach": "Pysonar2",
  "file_path": "flask-by-example/migrations/env.py",
  "lineno": "61",
  "column": "45",
  "context": "html\n    def process_revision_directives(context, revision, directives):\n        if getattr(config.cmd_opts, 'autogenerate'",
  "context_lines": "    \"\"\"\n\n    # this callback is used to prevent an auto-migration from being generated\n    # when there are no changes to the schema\n    # reference: http://alembic.readthedocs.org/en/latest/cookbook.html\n    def process_revision_directives(context, revision, directives):\n        if getattr(config.cmd_opts, 'autogenerate', False):\n            script = directives[0]\n            if script.upgrade_ops.is_empty():\n                directives[:] = []\n",
  "slicing": "    def process_revision_directives(context, revision, directives):\n"
 },
 "64": {
  "name": "directives",
  "type": "UNKNOWN",
  "class": "unknown",
  "approach": "Pysonar2",
  "file_path": "flask-by-example/migrations/env.py",
  "lineno": "61",
  "column": "55",
  "context": "ef process_revision_directives(context, revision, directives):\n        if getattr(config.cmd_opts, 'autogenerate'",
  "context_lines": "    \"\"\"\n\n    # this callback is used to prevent an auto-migration from being generated\n    # when there are no changes to the schema\n    # reference: http://alembic.readthedocs.org/en/latest/cookbook.html\n    def process_revision_directives(context, revision, directives):\n        if getattr(config.cmd_opts, 'autogenerate', False):\n            script = directives[0]\n            if script.upgrade_ops.is_empty():\n                directives[:] = []\n",
  "slicing": "    def process_revision_directives(context, revision, directives):\n"
 },
 "65": {
  "name": "down_revision",
  "type": "None",
  "class": "imported",
  "approach": "annotation",
  "file_path": "flask-by-example/migrations/versions/94b0d8e79b8d_.py",
  "lineno": "14",
  "column": "0",
  "slicing": "['down_revision = None\\n']",
  "context": "fiers, used by Alembic.\nrevision = '94b0d8e79b8d'\ndown_revision = None\nbranch_labels = None\ndepends_on = None\n\n\ndef upgra",
  "context_lines": "import sqlalchemy as sa\nfrom sqlalchemy.dialects import postgresql\n\n# revision identifiers, used by Alembic.\nrevision = '94b0d8e79b8d'\ndown_revision = None\nbranch_labels = None\ndepends_on = None\n\n\ndef upgrade():\n    # ### commands auto generated by Alembic - please adjust! ###\n"
 },
 "66": {
  "name": "branch_labels",
  "type": "None",
  "class": "imported",
  "approach": "annotation",
  "file_path": "flask-by-example/migrations/versions/94b0d8e79b8d_.py",
  "lineno": "15",
  "column": "0",
  "slicing": "['branch_labels = None\\n']",
  "context": "c.\nrevision = '94b0d8e79b8d'\ndown_revision = None\nbranch_labels = None\ndepends_on = None\n\n\ndef upgrade():\n    # ### comma",
  "context_lines": "from sqlalchemy.dialects import postgresql\n\n# revision identifiers, used by Alembic.\nrevision = '94b0d8e79b8d'\ndown_revision = None\nbranch_labels = None\ndepends_on = None\n\n\ndef upgrade():\n    # ### commands auto generated by Alembic - please adjust! ###\n    op.create_table('results',\n"
 },
 "67": {
  "name": "depends_on",
  "type": "None",
  "class": "imported",
  "approach": "annotation",
  "file_path": "flask-by-example/migrations/versions/94b0d8e79b8d_.py",
  "lineno": "16",
  "column": "0",
  "slicing": "['depends_on = None\\n']",
  "context": "e79b8d'\ndown_revision = None\nbranch_labels = None\ndepends_on = None\n\n\ndef upgrade():\n    # ### commands auto generated",
  "context_lines": "# revision identifiers, used by Alembic.\nrevision = '94b0d8e79b8d'\ndown_revision = None\nbranch_labels = None\ndepends_on = None\n\n\ndef upgrade():\n    # ### commands auto generated by Alembic - please adjust! ###\n    op.create_table('results',\n"
 }
}