{
 "1": {
  "name": "DOWNLOAD_CONFIG",
  "type": "dict",
  "class": "build-in",
  "approach": "annotation",
  "file_path": "gans-from-theory-to-production/4. Production/deploy/main.py",
  "lineno": "23",
  "column": "0",
  "context": "no-name-in-module\n\n# Download model configuration\nDOWNLOAD_CONFIG = {\n    \"bucket_name\": \"euroscipy-2019-workshop\",  # n",
  "context_lines": "from google.cloud import storage  # pylint: disable=import-error,no-name-in-module\n\nif TYPE_CHECKING:\n    from flask import Request  # pylint: disable=no-name-in-module\n\n# Download model configuration\nDOWNLOAD_CONFIG = {\n    \"bucket_name\": \"euroscipy-2019-workshop\",  # name of the bucket\n    \"model_id\": \"dcgan-weights\",  # name of the model\n    \"destination_folder\": tempfile.gettempdir(),  # tmp directory\n}\n\n",
  "slicing": "DOWNLOAD_CONFIG = {\n"
 },
 "2": {
  "name": "headers",
  "type": "dict",
  "class": "build-in",
  "approach": "annotation",
  "file_path": "gans-from-theory-to-production/4. Production/deploy/main.py",
  "lineno": "31",
  "column": "0",
  "context": "//developer.mozilla.org/en-US/docs/Web/HTTP/CORS)\nheaders = {\n    \"Access-Control-Allow-Headers\": \"Content-Type\"",
  "context_lines": "    \"destination_folder\": tempfile.gettempdir(),  # tmp directory\n}\n\n# Header definitions needed for the response (Needed for CORS)\n# CORS: https://developer.mozilla.org/en-US/docs/Web/HTTP/CORS)\nheaders = {\n    \"Access-Control-Allow-Headers\": \"Content-Type\",\n    \"Access-Control-Allow-Origin\": \"*\",\n}\n\n# Model variables\n\n",
  "slicing": "headers = {\n"
 },
 "3": {
  "name": "LATENT_DIMENSION",
  "type": "UNKNOWN",
  "class": "unknown",
  "approach": "Pysonar2",
  "file_path": "gans-from-theory-to-production/4. Production/deploy/main.py",
  "lineno": "39",
  "column": "0",
  "context": "les\n\n# Dimension of the latent space of the model\nLATENT_DIMENSION = 100\n\n# We keep model as global variable so we don't ha",
  "context_lines": "    \"Access-Control-Allow-Origin\": \"*\",\n}\n\n# Model variables\n\n# Dimension of the latent space of the model\nLATENT_DIMENSION = 100\n\n# We keep model as global variable so we don't have to reload it in case of warm invocations\nMODEL: tf.keras.Model = None\n\n\ndef get_model() -> tf.keras.Model:\n",
  "slicing": "LATENT_DIMENSION = 100\n"
 },
 "4": {
  "name": "MODEL",
  "type": "UNKNOWN",
  "class": "unknown",
  "approach": "Pysonar2",
  "file_path": "gans-from-theory-to-production/4. Production/deploy/main.py",
  "lineno": "42",
  "column": "0",
  "context": "n't have to reload it in case of warm invocations\nMODEL: tf.keras.Model = None\n\n\ndef get_model() -> tf.keras.Model:\n    \"\"\"Return",
  "context_lines": "# Model variables\n\n# Dimension of the latent space of the model\nLATENT_DIMENSION = 100\n\n# We keep model as global variable so we don't have to reload it in case of warm invocations\nMODEL: tf.keras.Model = None\n\n\ndef get_model() -> tf.keras.Model:\n    \"\"\"Returns the Generator\"\"\"\n    G = tf.keras.Sequential(\n",
  "slicing": "MODEL: tf.keras.Model = None\n"
 },
 "5": {
  "name": "G",
  "type": "UNKNOWN",
  "class": "unknown",
  "approach": "Pysonar2",
  "file_path": "gans-from-theory-to-production/4. Production/deploy/main.py",
  "lineno": "47",
  "column": "4",
  "context": ".keras.Model:\n    \"\"\"Returns the Generator\"\"\"\n    G = tf.keras.Sequential(\n        [\n            tf.keras.layers.Dense(\n     ",
  "context_lines": "# We keep model as global variable so we don't have to reload it in case of warm invocations\nMODEL: tf.keras.Model = None\n\n\ndef get_model() -> tf.keras.Model:\n    \"\"\"Returns the Generator\"\"\"\n    G = tf.keras.Sequential(\n        [\n            tf.keras.layers.Dense(\n                1024 * 4 * 4, use_bias=False, input_shape=(LATENT_DIMENSION,)\n            ),\n",
  "slicing": "    G = tf.keras.Sequential(\n"
 },
 "6": {
  "name": "storage_client",
  "type": "UNKNOWN",
  "class": "unknown",
  "approach": "Pysonar2",
  "file_path": "gans-from-theory-to-production/4. Production/deploy/main.py",
  "lineno": "94",
  "column": "4",
  "context": "Blobs belonging to the target model.\n\n    \"\"\"\n    storage_client = storage.Client()\n    blobs = storage_client.list_blobs(bucket_name,",
  "context_lines": "        pretty_log (bool): If True pretty print logs\n\n    Returns:\n        :py:obj:`list` of [:py:class:`google.cloud.storage.Blob`]: Blobs belonging to the target model.\n\n    \"\"\"\n    storage_client = storage.Client()\n    blobs = storage_client.list_blobs(bucket_name, prefix=model_id)\n    if pretty_log:\n        from pprint import pprint\n\n        pprint([b.name for b in blobs])\n",
  "slicing": "    storage_client = storage.Client()\n"
 },
 "7": {
  "name": "blobs",
  "type": "UNKNOWN",
  "class": "unknown",
  "approach": "Pysonar2",
  "file_path": "gans-from-theory-to-production/4. Production/deploy/main.py",
  "lineno": "95",
  "column": "4",
  "context": "    \"\"\"\n    storage_client = storage.Client()\n    blobs = storage_client.list_blobs(bucket_name, prefix=model_id)\n    if pretty_log:\n        from pprint import ppri",
  "context_lines": "    Returns:\n        :py:obj:`list` of [:py:class:`google.cloud.storage.Blob`]: Blobs belonging to the target model.\n\n    \"\"\"\n    storage_client = storage.Client()\n    blobs = storage_client.list_blobs(bucket_name, prefix=model_id)\n    if pretty_log:\n        from pprint import pprint\n\n        pprint([b.name for b in blobs])\n        blobs = storage_client.list_blobs(bucket_name, prefix=model_id)\n",
  "slicing": "    blobs = storage_client.list_blobs(bucket_name, prefix=model_id)\n"
 },
 "8": {
  "name": "blobs",
  "type": "UNKNOWN",
  "class": "unknown",
  "approach": "Pysonar2",
  "file_path": "gans-from-theory-to-production/4. Production/deploy/main.py",
  "lineno": "100",
  "column": "8",
  "context": "\n\n        pprint([b.name for b in blobs])\n        blobs = storage_client.list_blobs(bucket_name, prefix=model_id)\n    return blobs\n\n\ndef download_blobs(model_id: st",
  "context_lines": "    blobs = storage_client.list_blobs(bucket_name, prefix=model_id)\n    if pretty_log:\n        from pprint import pprint\n\n        pprint([b.name for b in blobs])\n        blobs = storage_client.list_blobs(bucket_name, prefix=model_id)\n    return blobs\n\n\ndef download_blobs(model_id: str, destination_folder: str, bucket_name: str) -> str:\n    \"\"\"\n    Download all the models related blobs from the bucket.\n\n",
  "slicing": "        blobs = storage_client.list_blobs(bucket_name, prefix=model_id)\n"
 },
 "9": {
  "name": "weights_uri",
  "type": "str",
  "class": "build-in",
  "approach": "annotation",
  "file_path": "gans-from-theory-to-production/4. Production/deploy/main.py",
  "lineno": "117",
  "column": "4",
  "context": "the path of the stored SavedModel(s).\n    \"\"\"\n    weights_uri: str = \"\"\n\n    prefix = model_id\n\n    # Instantiate a google",
  "context_lines": "        bucket_name (str): Name of the bucket to use as target storage.\n\n    Returns:\n        :py:obj:`list` of [:py:obj:`str`]: Returns a list containing the path of the stored SavedModel(s).\n    \"\"\"\n    weights_uri: str = \"\"\n\n    prefix = model_id\n\n    # Instantiate a google storage client\n    storage_client = storage.Client()\n\n",
  "slicing": "    weights_uri: str = \"\"\n"
 },
 "10": {
  "name": "prefix",
  "type": "UNKNOWN",
  "class": "unknown",
  "approach": "annotation",
  "file_path": "gans-from-theory-to-production/4. Production/deploy/main.py",
  "lineno": "119",
  "column": "4",
  "context": "dModel(s).\n    \"\"\"\n    weights_uri: str = \"\"\n\n    prefix = model_id\n\n    # Instantiate a google storage client\n    sto",
  "context_lines": "    Returns:\n        :py:obj:`list` of [:py:obj:`str`]: Returns a list containing the path of the stored SavedModel(s).\n    \"\"\"\n    weights_uri: str = \"\"\n\n    prefix = model_id\n\n    # Instantiate a google storage client\n    storage_client = storage.Client()\n\n    # get the bucket we are interested in\n",
  "slicing": "    prefix = model_id\n"
 },
 "11": {
  "name": "storage_client",
  "type": "UNKNOWN",
  "class": "unknown",
  "approach": "Pysonar2",
  "file_path": "gans-from-theory-to-production/4. Production/deploy/main.py",
  "lineno": "122",
  "column": "4",
  "context": "id\n\n    # Instantiate a google storage client\n    storage_client = storage.Client()\n\n    # get the bucket we are interested in\n    buc",
  "context_lines": "    \"\"\"\n    weights_uri: str = \"\"\n\n    prefix = model_id\n\n    # Instantiate a google storage client\n    storage_client = storage.Client()\n\n    # get the bucket we are interested in\n    bucket = storage_client.get_bucket(bucket_name)\n\n    # List blobs iterate in folder\n",
  "slicing": "    storage_client = storage.Client()\n"
 },
 "12": {
  "name": "bucket",
  "type": "UNKNOWN",
  "class": "unknown",
  "approach": "Pysonar2",
  "file_path": "gans-from-theory-to-production/4. Production/deploy/main.py",
  "lineno": "125",
  "column": "4",
  "context": "()\n\n    # get the bucket we are interested in\n    bucket = storage_client.get_bucket(bucket_name)\n\n    # List blobs iterate in folder\n    blobs = bu",
  "context_lines": "    prefix = model_id\n\n    # Instantiate a google storage client\n    storage_client = storage.Client()\n\n    # get the bucket we are interested in\n    bucket = storage_client.get_bucket(bucket_name)\n\n    # List blobs iterate in folder\n    blobs = bucket.list_blobs(prefix=prefix)  # Excluding folder inside bucket\n    for blob in blobs:\n",
  "slicing": "    bucket = storage_client.get_bucket(bucket_name)\n"
 },
 "13": {
  "name": "blobs",
  "type": "UNKNOWN",
  "class": "unknown",
  "approach": "Pysonar2",
  "file_path": "gans-from-theory-to-production/4. Production/deploy/main.py",
  "lineno": "128",
  "column": "4",
  "context": "ket_name)\n\n    # List blobs iterate in folder\n    blobs = bucket.list_blobs(prefix=prefix)  # Excluding folder inside bucket\n    for blob in blobs:\n        print(\"Downloading ",
  "context_lines": "    storage_client = storage.Client()\n\n    # get the bucket we are interested in\n    bucket = storage_client.get_bucket(bucket_name)\n\n    # List blobs iterate in folder\n    blobs = bucket.list_blobs(prefix=prefix)  # Excluding folder inside bucket\n    for blob in blobs:\n        print(\"Downloading \", blob.name)\n        blob_name = blob.name.split(os.path.sep)[-1]\n        if blob_name != \"\":\n",
  "slicing": "    blobs = bucket.list_blobs(prefix=prefix)  # Excluding folder inside bucket\n"
 },
 "14": {
  "name": "blob_name",
  "type": "dict",
  "class": "build-in",
  "approach": "annotation",
  "file_path": "gans-from-theory-to-production/4. Production/deploy/main.py",
  "lineno": "131",
  "column": "8",
  "context": "\n        print(\"Downloading \", blob.name)\n        blob_name = blob.name.split(os.path.sep)[-1]\n        if blob_name != \"\":\n            destinatio",
  "context_lines": "    # List blobs iterate in folder\n    blobs = bucket.list_blobs(prefix=prefix)  # Excluding folder inside bucket\n    for blob in blobs:\n        print(\"Downloading \", blob.name)\n        blob_name = blob.name.split(os.path.sep)[-1]\n        if blob_name != \"\":\n            destination_uri = os.path.join(destination_folder, blob_name)\n            # We are downloading the blob of a file\n            try:\n",
  "slicing": "        blob_name = blob.name.split(os.path.sep)[-1]\n"
 },
 "15": {
  "name": "destination_uri",
  "type": "str",
  "class": "build-in",
  "approach": "Pysonar2",
  "file_path": "gans-from-theory-to-production/4. Production/deploy/main.py",
  "lineno": "133",
  "column": "12",
  "context": ".sep)[-1]\n        if blob_name != \"\":\n            destination_uri = os.path.join(destination_folder, blob_name)\n            # We are downloading the blob of a fil",
  "context_lines": "    for blob in blobs:\n        print(\"Downloading \", blob.name)\n        blob_name = blob.name.split(os.path.sep)[-1]\n        if blob_name != \"\":\n            destination_uri = os.path.join(destination_folder, blob_name)\n            # We are downloading the blob of a file\n            try:\n                blob.download_to_filename(destination_uri)\n                if blob.name.endswith(\".index\"):\n",
  "slicing": "            destination_uri = os.path.join(destination_folder, blob_name)\n"
 },
 "16": {
  "name": "weights_uri",
  "type": "UNKNOWN",
  "class": "unknown",
  "approach": "annotation",
  "file_path": "gans-from-theory-to-production/4. Production/deploy/main.py",
  "lineno": "138",
  "column": "20",
  "context": "blob.name.endswith(\".index\"):\n                    weights_uri = destination_uri\n            except IsADirectoryError:\n            ",
  "context_lines": "            # We are downloading the blob of a file\n            try:\n                blob.download_to_filename(destination_uri)\n                if blob.name.endswith(\".index\"):\n                    weights_uri = destination_uri\n            except IsADirectoryError:\n                # We cannot download the blob of a folder\n                continue\n\n    if weights_uri == \"\":\n",
  "slicing": "                    weights_uri = destination_uri\n"
 },
 "17": {
  "name": "pil_img",
  "type": "UNKNOWN",
  "class": "unknown",
  "approach": "Pysonar2",
  "file_path": "gans-from-theory-to-production/4. Production/deploy/main.py",
  "lineno": "159",
  "column": "4",
  "context": "rns:\n        The image encoded as str\n    \"\"\"\n    pil_img = Image.fromarray(output)\n    buff = BytesIO()\n    image_format = \"PNG\"\n    ",
  "context_lines": "        output: output image to process\n\n    Returns:\n        The image encoded as str\n    \"\"\"\n    pil_img = Image.fromarray(output)\n    buff = BytesIO()\n    image_format = \"PNG\"\n    pil_img.save(buff, format=image_format)\n    encoded_img = base64.b64encode(buff.getvalue()).decode(\"utf-8\")\n",
  "slicing": "    pil_img = Image.fromarray(output)\n"
 },
 "18": {
  "name": "buff",
  "type": "io.BytesIO",
  "class": "imported",
  "approach": "annotation",
  "file_path": "gans-from-theory-to-production/4. Production/deploy/main.py",
  "lineno": "160",
  "column": "4",
  "context": "    \"\"\"\n    pil_img = Image.fromarray(output)\n    buff = BytesIO()\n    image_format = \"PNG\"\n    pil_img.save(buff, fo",
  "context_lines": "    Returns:\n        The image encoded as str\n    \"\"\"\n    pil_img = Image.fromarray(output)\n    buff = BytesIO()\n    image_format = \"PNG\"\n    pil_img.save(buff, format=image_format)\n    encoded_img = base64.b64encode(buff.getvalue()).decode(\"utf-8\")\n    return encoded_img\n\n\n",
  "slicing": "    buff = BytesIO()\n"
 },
 "19": {
  "name": "image_format",
  "type": "UNKNOWN",
  "class": "unknown",
  "approach": "Pysonar2",
  "file_path": "gans-from-theory-to-production/4. Production/deploy/main.py",
  "lineno": "161",
  "column": "4",
  "context": " Image.fromarray(output)\n    buff = BytesIO()\n    image_format = \"PNG\"\n    pil_img.save(buff, format=image_format)\n    en",
  "context_lines": "        The image encoded as str\n    \"\"\"\n    pil_img = Image.fromarray(output)\n    buff = BytesIO()\n    image_format = \"PNG\"\n    pil_img.save(buff, format=image_format)\n    encoded_img = base64.b64encode(buff.getvalue()).decode(\"utf-8\")\n    return encoded_img\n\n\ndef handler(request: Request = None):\n",
  "slicing": "    image_format = \"PNG\"\n"
 },
 "20": {
  "name": "encoded_img",
  "type": "UNKNOWN",
  "class": "unknown",
  "approach": "Pysonar2",
  "file_path": "gans-from-theory-to-production/4. Production/deploy/main.py",
  "lineno": "163",
  "column": "4",
  "context": "\"\n    pil_img.save(buff, format=image_format)\n    encoded_img = base64.b64encode(buff.getvalue()).decode(\"utf-8\")\n    return encoded_img\n\n\ndef handler(request: Requ",
  "context_lines": "    pil_img = Image.fromarray(output)\n    buff = BytesIO()\n    image_format = \"PNG\"\n    pil_img.save(buff, format=image_format)\n    encoded_img = base64.b64encode(buff.getvalue()).decode(\"utf-8\")\n    return encoded_img\n\n\ndef handler(request: Request = None):\n    \"\"\"\n    Entry point of the Serveless call.\n\n",
  "slicing": "    encoded_img = base64.b64encode(buff.getvalue()).decode(\"utf-8\")\n"
 },
 "21": {
  "name": "weights_path",
  "type": "UNKNOWN",
  "class": "unknown",
  "approach": "annotation",
  "file_path": "gans-from-theory-to-production/4. Production/deploy/main.py",
  "lineno": "181",
  "column": "8",
  "context": "        print(\"Downloading saved models\")\n        weights_path = download_blobs(**DOWNLOAD_CONFIG)\n\n        # instantiate the model\n        MODEL = g",
  "context_lines": "    if not MODEL:\n        # The model is not defined, we need to instantiate it and download its weights\n        print(\"Cold start: Loading model\")\n        print(\"Downloading saved models\")\n        weights_path = download_blobs(**DOWNLOAD_CONFIG)\n\n        # instantiate the model\n        MODEL = get_model()\n\n        # load weights\n",
  "slicing": "        weights_path = download_blobs(**DOWNLOAD_CONFIG)\n"
 },
 "22": {
  "name": "MODEL",
  "type": "UNKNOWN",
  "class": "unknown",
  "approach": "annotation",
  "file_path": "gans-from-theory-to-production/4. Production/deploy/main.py",
  "lineno": "184",
  "column": "8",
  "context": "_CONFIG)\n\n        # instantiate the model\n        MODEL = get_model()\n\n        # load weights\n        MODEL.load_weights",
  "context_lines": "        print(\"Cold start: Loading model\")\n        print(\"Downloading saved models\")\n        weights_path = download_blobs(**DOWNLOAD_CONFIG)\n\n        # instantiate the model\n        MODEL = get_model()\n\n        # load weights\n        MODEL.load_weights(weights_path.replace(\".index\", \"\"))\n\n        print(\"weights loaded\")\n",
  "slicing": "        MODEL = get_model()\n"
 },
 "23": {
  "name": "request",
  "type": "UNKNOWN",
  "class": "unknown",
  "approach": "Pysonar2",
  "file_path": "gans-from-theory-to-production/4. Production/deploy/main.py",
  "lineno": "198",
  "column": "4",
  "context": "ved\", request)\n\n    # get the request payload\n    request = request.get_json(silent=True)\n\n    # get the noise vector if present\n    try:\n\n ",
  "context_lines": "        print(\"Warm start: Using cached model\")\n\n    # log the request\n    print(\"Received\", request)\n\n    # get the request payload\n    request = request.get_json(silent=True)\n\n    # get the noise vector if present\n    try:\n\n        # use the fed noise\n",
  "slicing": "    request = request.get_json(silent=True)\n"
 },
 "24": {
  "name": "output",
  "type": "UNKNOWN",
  "class": "unknown",
  "approach": "Pysonar2",
  "file_path": "gans-from-theory-to-production/4. Production/deploy/main.py",
  "lineno": "217",
  "column": "4",
  "context": "((1, LATENT_DIMENSION))\n\n    # call the model\n    output = MODEL.call(noise).numpy().squeeze()\n\n    # back in the rage [0, 255]\n    output = ((ou",
  "context_lines": "        # the noise vector is not present, we need to generate a new vector\n        print(\"No noise vector provided, generating noise\")\n        noise = tf.random.normal((1, LATENT_DIMENSION))\n\n    # call the model\n    output = MODEL.call(noise).numpy().squeeze()\n\n    # back in the rage [0, 255]\n    output = ((output + 1) * 127.5).astype(np.uint8)\n\n    # postprocess stage (encode)\n",
  "slicing": "    output = MODEL.call(noise).numpy().squeeze()\n"
 },
 "25": {
  "name": "output",
  "type": "UNKNOWN",
  "class": "unknown",
  "approach": "Pysonar2",
  "file_path": "gans-from-theory-to-production/4. Production/deploy/main.py",
  "lineno": "220",
  "column": "4",
  "context": "().squeeze()\n\n    # back in the rage [0, 255]\n    output = ((output + 1) * 127.5).astype(np.uint8)\n\n    # postprocess stage (encode)\n    encoded_imag",
  "context_lines": "        noise = tf.random.normal((1, LATENT_DIMENSION))\n\n    # call the model\n    output = MODEL.call(noise).numpy().squeeze()\n\n    # back in the rage [0, 255]\n    output = ((output + 1) * 127.5).astype(np.uint8)\n\n    # postprocess stage (encode)\n    encoded_image = postprocess(output)\n\n    # compose the output response\n",
  "slicing": "    output = ((output + 1) * 127.5).astype(np.uint8)\n"
 },
 "26": {
  "name": "encoded_image",
  "type": "UNKNOWN",
  "class": "unknown",
  "approach": "annotation",
  "file_path": "gans-from-theory-to-production/4. Production/deploy/main.py",
  "lineno": "223",
  "column": "4",
  "context": "e(np.uint8)\n\n    # postprocess stage (encode)\n    encoded_image = postprocess(output)\n\n    # compose the output response\n    return (\n  ",
  "context_lines": "    output = MODEL.call(noise).numpy().squeeze()\n\n    # back in the rage [0, 255]\n    output = ((output + 1) * 127.5).astype(np.uint8)\n\n    # postprocess stage (encode)\n    encoded_image = postprocess(output)\n\n    # compose the output response\n    return (\n        {\n",
  "slicing": "    encoded_image = postprocess(output)\n"
 },
 "27": {
  "name": "noise",
  "type": "UNKNOWN",
  "class": "unknown",
  "approach": "Pysonar2",
  "file_path": "gans-from-theory-to-production/4. Production/deploy/main.py",
  "lineno": "204",
  "column": "8",
  "context": "ent\n    try:\n\n        # use the fed noise\n        noise = tf.constant(np.array(request[\"noise_vector\"]))\n\n        # check the correct dimensions\n        if",
  "context_lines": "    request = request.get_json(silent=True)\n\n    # get the noise vector if present\n    try:\n\n        # use the fed noise\n        noise = tf.constant(np.array(request[\"noise_vector\"]))\n\n        # check the correct dimensions\n        if noise.shape != (1, LATENT_DIMENSION):\n            return ({}, 400, headers)\n",
  "slicing": "        noise = tf.constant(np.array(request[\"noise_vector\"]))\n"
 },
 "28": {
  "name": "noise",
  "type": "UNKNOWN",
  "class": "unknown",
  "approach": "Pysonar2",
  "file_path": "gans-from-theory-to-production/4. Production/deploy/main.py",
  "lineno": "214",
  "column": "8",
  "context": "noise vector provided, generating noise\")\n        noise = tf.random.normal((1, LATENT_DIMENSION))\n\n    # call the model\n    output = MODEL.call(nois",
  "context_lines": "        print(\"Using fed noise\")\n\n    except Exception:\n        # the noise vector is not present, we need to generate a new vector\n        print(\"No noise vector provided, generating noise\")\n        noise = tf.random.normal((1, LATENT_DIMENSION))\n\n    # call the model\n    output = MODEL.call(noise).numpy().squeeze()\n\n    # back in the rage [0, 255]\n",
  "slicing": "        noise = tf.random.normal((1, LATENT_DIMENSION))\n"
 },
 "29": {
  "name": "req",
  "type": "unittest.mock.Mock",
  "class": "imported",
  "approach": "annotation",
  "file_path": "gans-from-theory-to-production/4. Production/deploy/tests.py",
  "lineno": "17",
  "column": "4",
  "context": "and the image\n    \"\"\"\n\n    # mock the request\n    req = Mock()\n    req.get_json = lambda silent: {}\n\n    # call t",
  "context_lines": "    Assert the return value is 200\n    and the response contains the noise vector and the image\n    \"\"\"\n\n    # mock the request\n    req = Mock()\n    req.get_json = lambda silent: {}\n\n    # call the handler\n    out = handler(req)\n\n    # assert the response is correctly formed\n",
  "slicing": "    req = Mock()\n"
 },
 "30": {
  "name": "out",
  "type": "main.handler",
  "class": "imported",
  "approach": "annotation",
  "file_path": "gans-from-theory-to-production/4. Production/deploy/tests.py",
  "lineno": "21",
  "column": "4",
  "context": "n = lambda silent: {}\n\n    # call the handler\n    out = handler(req)\n\n    # assert the response is correctly formed\n   ",
  "context_lines": "    # mock the request\n    req = Mock()\n    req.get_json = lambda silent: {}\n\n    # call the handler\n    out = handler(req)\n\n    # assert the response is correctly formed\n    assert out[1] == 200\n    assert out[0][\"noise_vector\"]\n",
  "slicing": "    out = handler(req)\n"
 },
 "31": {
  "name": "image_bytes",
  "type": "UNKNOWN",
  "class": "unknown",
  "approach": "Pysonar2",
  "file_path": "gans-from-theory-to-production/4. Production/deploy/tests.py",
  "lineno": "30",
  "column": "4",
  "context": "y decoding the image\n    # decode image bytes\n    image_bytes = base64.b64decode(out[0][\"base64_image\"])\n\n    # decode bytes as rgb image\n    decoded = cv2",
  "context_lines": "    assert out[0][\"noise_vector\"]\n    assert out[0][\"base64_image\"]\n\n    # try decoding the image\n    # decode image bytes\n    image_bytes = base64.b64decode(out[0][\"base64_image\"])\n\n    # decode bytes as rgb image\n    decoded = cv2.imdecode(np.frombuffer(image_bytes, np.uint8), -1)\n\n    # assert the image has the correct shape\n",
  "slicing": "    image_bytes = base64.b64decode(out[0][\"base64_image\"])\n"
 },
 "32": {
  "name": "decoded",
  "type": "UNKNOWN",
  "class": "unknown",
  "approach": "Pysonar2",
  "file_path": "gans-from-theory-to-production/4. Production/deploy/tests.py",
  "lineno": "33",
  "column": "4",
  "context": "e64_image\"])\n\n    # decode bytes as rgb image\n    decoded = cv2.imdecode(np.frombuffer(image_bytes, np.uint8), -1)\n\n    # assert the image has the correct shape\n    ",
  "context_lines": "    # try decoding the image\n    # decode image bytes\n    image_bytes = base64.b64decode(out[0][\"base64_image\"])\n\n    # decode bytes as rgb image\n    decoded = cv2.imdecode(np.frombuffer(image_bytes, np.uint8), -1)\n\n    # assert the image has the correct shape\n    assert decoded.shape == (64, 64, 3)\n\n\ndef test_with_noise():\n",
  "slicing": "    decoded = cv2.imdecode(np.frombuffer(image_bytes, np.uint8), -1)\n"
 },
 "33": {
  "name": "noise",
  "type": "UNKNOWN",
  "class": "unknown",
  "approach": "Pysonar2",
  "file_path": "gans-from-theory-to-production/4. Production/deploy/tests.py",
  "lineno": "47",
  "column": "4",
  "context": "e\n    \"\"\"\n\n    # generate random noise vector\n    noise = np.random.normal(size=(1, 100))\n\n    # mock the request with the noise vector\n    ",
  "context_lines": "    Assert the return value is 200\n    and the response contains the noise vector and the image\n    \"\"\"\n\n    # generate random noise vector\n    noise = np.random.normal(size=(1, 100))\n\n    # mock the request with the noise vector\n    req = Mock()\n    req.get_json = lambda silent: {\"noise_vector\": noise.tolist()}\n\n",
  "slicing": "    noise = np.random.normal(size=(1, 100))\n"
 },
 "34": {
  "name": "req",
  "type": "unittest.mock.Mock",
  "class": "imported",
  "approach": "annotation",
  "file_path": "gans-from-theory-to-production/4. Production/deploy/tests.py",
  "lineno": "50",
  "column": "4",
  "context": "\n    # mock the request with the noise vector\n    req = Mock()\n    req.get_json = lambda silent: {\"noise_vector\":",
  "context_lines": "    \"\"\"\n\n    # generate random noise vector\n    noise = np.random.normal(size=(1, 100))\n\n    # mock the request with the noise vector\n    req = Mock()\n    req.get_json = lambda silent: {\"noise_vector\": noise.tolist()}\n\n    # call the handler passing the request\n    out = handler(req)\n\n    # assert the response is correctly formed\n",
  "slicing": "    req = Mock()\n"
 },
 "35": {
  "name": "out",
  "type": "main.handler",
  "class": "imported",
  "approach": "annotation",
  "file_path": "gans-from-theory-to-production/4. Production/deploy/tests.py",
  "lineno": "54",
  "column": "4",
  "context": "}\n\n    # call the handler passing the request\n    out = handler(req)\n\n    # assert the response is correctly formed\n   ",
  "context_lines": "    # mock the request with the noise vector\n    req = Mock()\n    req.get_json = lambda silent: {\"noise_vector\": noise.tolist()}\n\n    # call the handler passing the request\n    out = handler(req)\n\n    # assert the response is correctly formed\n    assert out[1] == 200\n\n    # assert the latent vector is the same\n",
  "slicing": "    out = handler(req)\n"
 },
 "36": {
  "name": "image_bytes",
  "type": "UNKNOWN",
  "class": "unknown",
  "approach": "Pysonar2",
  "file_path": "gans-from-theory-to-production/4. Production/deploy/tests.py",
  "lineno": "65",
  "column": "4",
  "context": "y decoding the image\n    # decode image bytes\n    image_bytes = base64.b64decode(out[0][\"base64_image\"])\n\n    # decode bytes as rgb image\n    decoded = cv2",
  "context_lines": "    np.testing.assert_almost_equal(np.array(out[0][\"noise_vector\"]), noise)\n    assert out[0][\"base64_image\"]\n\n    # try decoding the image\n    # decode image bytes\n    image_bytes = base64.b64decode(out[0][\"base64_image\"])\n\n    # decode bytes as rgb image\n    decoded = cv2.imdecode(np.frombuffer(image_bytes, np.uint8), -1)\n\n    # assert the image has the correct shape\n",
  "slicing": "    image_bytes = base64.b64decode(out[0][\"base64_image\"])\n"
 },
 "37": {
  "name": "decoded",
  "type": "UNKNOWN",
  "class": "unknown",
  "approach": "Pysonar2",
  "file_path": "gans-from-theory-to-production/4. Production/deploy/tests.py",
  "lineno": "68",
  "column": "4",
  "context": "e64_image\"])\n\n    # decode bytes as rgb image\n    decoded = cv2.imdecode(np.frombuffer(image_bytes, np.uint8), -1)\n\n    # assert the image has the correct shape\n    ",
  "context_lines": "    # try decoding the image\n    # decode image bytes\n    image_bytes = base64.b64decode(out[0][\"base64_image\"])\n\n    # decode bytes as rgb image\n    decoded = cv2.imdecode(np.frombuffer(image_bytes, np.uint8), -1)\n\n    # assert the image has the correct shape\n    assert decoded.shape == (64, 64, 3)\n\n\ndef test_noise_error():\n",
  "slicing": "    decoded = cv2.imdecode(np.frombuffer(image_bytes, np.uint8), -1)\n"
 },
 "38": {
  "name": "noise",
  "type": "UNKNOWN",
  "class": "unknown",
  "approach": "Pysonar2",
  "file_path": "gans-from-theory-to-production/4. Production/deploy/tests.py",
  "lineno": "76",
  "column": "4",
  "context": "\n    # the latent space is 200 instead of 100\n    noise = np.random.normal(size=(1, 200))\n\n    # mock the request with the wrong noise vecto",
  "context_lines": "    # assert the image has the correct shape\n    assert decoded.shape == (64, 64, 3)\n\n\ndef test_noise_error():\n    # the latent space is 200 instead of 100\n    noise = np.random.normal(size=(1, 200))\n\n    # mock the request with the wrong noise vector\n    req = Mock()\n    req.get_json = lambda silent: {\"noise_vector\": noise.tolist()}\n\n",
  "slicing": "    noise = np.random.normal(size=(1, 200))\n"
 },
 "39": {
  "name": "req",
  "type": "unittest.mock.Mock",
  "class": "imported",
  "approach": "annotation",
  "file_path": "gans-from-theory-to-production/4. Production/deploy/tests.py",
  "lineno": "79",
  "column": "4",
  "context": " mock the request with the wrong noise vector\n    req = Mock()\n    req.get_json = lambda silent: {\"noise_vector\":",
  "context_lines": "def test_noise_error():\n    # the latent space is 200 instead of 100\n    noise = np.random.normal(size=(1, 200))\n\n    # mock the request with the wrong noise vector\n    req = Mock()\n    req.get_json = lambda silent: {\"noise_vector\": noise.tolist()}\n\n    # call the handler passing the request\n    out = handler(req)\n\n    # the response should be a user error\n",
  "slicing": "    req = Mock()\n"
 },
 "40": {
  "name": "out",
  "type": "main.handler",
  "class": "imported",
  "approach": "annotation",
  "file_path": "gans-from-theory-to-production/4. Production/deploy/tests.py",
  "lineno": "83",
  "column": "4",
  "context": "}\n\n    # call the handler passing the request\n    out = handler(req)\n\n    # the response should be a user error\n    ass",
  "context_lines": "    # mock the request with the wrong noise vector\n    req = Mock()\n    req.get_json = lambda silent: {\"noise_vector\": noise.tolist()}\n\n    # call the handler passing the request\n    out = handler(req)\n\n    # the response should be a user error\n",
  "slicing": "    out = handler(req)\n"
 },
 "41": {
  "name": "model_id",
  "type": "str",
  "class": "build-in",
  "approach": "annotation",
  "file_path": "gans-from-theory-to-production/4. Production/deploy/main.py",
  "lineno": "80",
  "column": "4",
  "context": "   ]\n    )\n    return G\n\n\ndef inspect_bucket(\n    model_id: str, bucket_name: str = \"zuru-ml-models\", pretty_log=True\n) -> List[storage.Blob]:\n    \"\"\"\n    Inspect the c",
  "context_lines": "        ]\n    )\n    return G\n\n\ndef inspect_bucket(\n    model_id: str, bucket_name: str = \"zuru-ml-models\", pretty_log=True\n) -> List[storage.Blob]:\n    \"\"\"\n    Inspect the content of a bucket retrieving the blob of the desired models.\n\n    Args:\n",
  "slicing": "    model_id: str, bucket_name: str = \"zuru-ml-models\", pretty_log=True\n"
 },
 "42": {
  "name": "bucket_name",
  "type": "str",
  "class": "build-in",
  "approach": "annotation",
  "file_path": "gans-from-theory-to-production/4. Production/deploy/main.py",
  "lineno": "80",
  "column": "19",
  "context": "return G\n\n\ndef inspect_bucket(\n    model_id: str, bucket_name: str = \"zuru-ml-models\", pretty_log=True\n) -> List[storage.Blob]:\n    \"\"\"\n    Inspect the c",
  "context_lines": "        ]\n    )\n    return G\n\n\ndef inspect_bucket(\n    model_id: str, bucket_name: str = \"zuru-ml-models\", pretty_log=True\n) -> List[storage.Blob]:\n    \"\"\"\n    Inspect the content of a bucket retrieving the blob of the desired models.\n\n    Args:\n",
  "slicing": "    model_id: str, bucket_name: str = \"zuru-ml-models\", pretty_log=True\n"
 },
 "43": {
  "name": "pretty_log",
  "type": "UNKNOWN",
  "class": "unknown",
  "approach": "Pysonar2",
  "file_path": "gans-from-theory-to-production/4. Production/deploy/main.py",
  "lineno": "80",
  "column": "56",
  "context": "del_id: str, bucket_name: str = \"zuru-ml-models\", pretty_log=True\n) -> List[storage.Blob]:\n    \"\"\"\n    Inspect the c",
  "context_lines": "        ]\n    )\n    return G\n\n\ndef inspect_bucket(\n    model_id: str, bucket_name: str = \"zuru-ml-models\", pretty_log=True\n) -> List[storage.Blob]:\n    \"\"\"\n    Inspect the content of a bucket retrieving the blob of the desired models.\n\n    Args:\n",
  "slicing": "    model_id: str, bucket_name: str = \"zuru-ml-models\", pretty_log=True\n"
 },
 "44": {
  "name": "model_id",
  "type": "str",
  "class": "build-in",
  "approach": "annotation",
  "file_path": "gans-from-theory-to-production/4. Production/deploy/main.py",
  "lineno": "104",
  "column": "19",
  "context": "x=model_id)\n    return blobs\n\n\ndef download_blobs(model_id: str, destination_folder: str, bucket_name: str) -> str:\n    \"\"\"\n    Download all the models related blobs ",
  "context_lines": "        from pprint import pprint\n\n        pprint([b.name for b in blobs])\n        blobs = storage_client.list_blobs(bucket_name, prefix=model_id)\n    return blobs\n\n\ndef download_blobs(model_id: str, destination_folder: str, bucket_name: str) -> str:\n    \"\"\"\n    Download all the models related blobs from the bucket.\n\n    Args:\n        model_id (str): ID of the model we want to download AKA the name of the folder on\n",
  "slicing": "def download_blobs(model_id: str, destination_folder: str, bucket_name: str) -> str:\n"
 },
 "45": {
  "name": "destination_folder",
  "type": "str",
  "class": "build-in",
  "approach": "annotation",
  "file_path": "gans-from-theory-to-production/4. Production/deploy/main.py",
  "lineno": "104",
  "column": "34",
  "context": " return blobs\n\n\ndef download_blobs(model_id: str, destination_folder: str, bucket_name: str) -> str:\n    \"\"\"\n    Download all the models related blobs ",
  "context_lines": "        from pprint import pprint\n\n        pprint([b.name for b in blobs])\n        blobs = storage_client.list_blobs(bucket_name, prefix=model_id)\n    return blobs\n\n\ndef download_blobs(model_id: str, destination_folder: str, bucket_name: str) -> str:\n    \"\"\"\n    Download all the models related blobs from the bucket.\n\n    Args:\n        model_id (str): ID of the model we want to download AKA the name of the folder on\n",
  "slicing": "def download_blobs(model_id: str, destination_folder: str, bucket_name: str) -> str:\n"
 },
 "46": {
  "name": "bucket_name",
  "type": "str",
  "class": "build-in",
  "approach": "annotation",
  "file_path": "gans-from-theory-to-production/4. Production/deploy/main.py",
  "lineno": "104",
  "column": "59",
  "context": "oad_blobs(model_id: str, destination_folder: str, bucket_name: str) -> str:\n    \"\"\"\n    Download all the models related blobs ",
  "context_lines": "        from pprint import pprint\n\n        pprint([b.name for b in blobs])\n        blobs = storage_client.list_blobs(bucket_name, prefix=model_id)\n    return blobs\n\n\ndef download_blobs(model_id: str, destination_folder: str, bucket_name: str) -> str:\n    \"\"\"\n    Download all the models related blobs from the bucket.\n\n    Args:\n        model_id (str): ID of the model we want to download AKA the name of the folder on\n",
  "slicing": "def download_blobs(model_id: str, destination_folder: str, bucket_name: str) -> str:\n"
 },
 "47": {
  "name": "output",
  "type": "UNKNOWN",
  "class": "unknown",
  "approach": "Pysonar2",
  "file_path": "gans-from-theory-to-production/4. Production/deploy/main.py",
  "lineno": "150",
  "column": "16",
  "context": " weights\n    return weights_uri\n\n\ndef postprocess(output: np.ndarray) -> str:\n    \"\"\"\n    Post process the model output\n    Args",
  "context_lines": "    if weights_uri == \"\":\n        raise ValueError(f\"No index file found in {bucket_name}/{model_id}\")\n\n    # return the uri of the weights, needed for loading weights\n    return weights_uri\n\n\ndef postprocess(output: np.ndarray) -> str:\n    \"\"\"\n    Post process the model output\n    Args:\n        output: output image to process\n\n",
  "slicing": "def postprocess(output: np.ndarray) -> str:\n"
 },
 "48": {
  "name": "request",
  "type": "UNKNOWN",
  "class": "unknown",
  "approach": "annotation",
  "file_path": "gans-from-theory-to-production/4. Production/deploy/main.py",
  "lineno": "167",
  "column": "12",
  "context": "ode(\"utf-8\")\n    return encoded_img\n\n\ndef handler(request: Request = None):\n    \"\"\"\n    Entry point of the Serveless call.\n\n  ",
  "context_lines": "    image_format = \"PNG\"\n    pil_img.save(buff, format=image_format)\n    encoded_img = base64.b64encode(buff.getvalue()).decode(\"utf-8\")\n    return encoded_img\n\n\ndef handler(request: Request = None):\n    \"\"\"\n    Entry point of the Serveless call.\n\n    Args:\n        request (:py:class:`flask.Request`): Flask Request holding our payload.\n\n",
  "slicing": "def handler(request: Request = None):\n"
 }
}