{
 "1": {
  "name": "app",
  "type": "flask.Flask",
  "class": "imported",
  "approach": "annotation",
  "file_path": "ge/ge.py",
  "lineno": "7",
  "column": "0",
  "context": "rt GiQuery\nfrom gapi.mutation import GiMutations\n\napp = Flask(\"ge\")\nschema = graphene.Schema(query=GiQuery, mutation=G",
  "context_lines": "from flask_graphql import GraphQLView\nimport graphene\nfrom gapi.query import GiQuery\nfrom gapi.mutation import GiMutations\n\napp = Flask(\"ge\")\nschema = graphene.Schema(query=GiQuery, mutation=GiMutations)\n\napp.add_url_rule('/graphql', view_func=GraphQLView.as_view('graphql', schema=schema, graphiql=True))\n\ndef main():\n    app.run(host=\"0.0.0.0\")\n\n",
  "slicing": [
   "app = Flask(\"ge\")\n",
   "app.add_url_rule('/graphql', view_func=GraphQLView.as_view('graphql', schema=schema, graphiql=True))\n",
   "    app.run(host=\"0.0.0.0\")\n"
  ]
 },
 "2": {
  "name": "schema",
  "type": "UNKNOWN",
  "class": "unknown",
  "approach": "Pysonar2",
  "file_path": "ge/ge.py",
  "lineno": "8",
  "column": "0",
  "context": "pi.mutation import GiMutations\n\napp = Flask(\"ge\")\nschema = graphene.Schema(query=GiQuery, mutation=GiMutations)\n\napp.add_url_rule('/graphql', view_func=GraphQLVie",
  "context_lines": "import graphene\nfrom gapi.query import GiQuery\nfrom gapi.mutation import GiMutations\n\napp = Flask(\"ge\")\nschema = graphene.Schema(query=GiQuery, mutation=GiMutations)\n\napp.add_url_rule('/graphql', view_func=GraphQLView.as_view('graphql', schema=schema, graphiql=True))\n\ndef main():\n    app.run(host=\"0.0.0.0\")\n\n",
  "slicing": [
   "schema = graphene.Schema(query=GiQuery, mutation=GiMutations)\n",
   "app.add_url_rule('/graphql', view_func=GraphQLView.as_view('graphql', schema=schema, graphiql=True))\n"
  ]
 },
 "3": {
  "name": "url",
  "type": "UNKNOWN",
  "class": "unknown",
  "approach": "Pysonar2",
  "file_path": "ge/gapi/repository.py",
  "lineno": "8",
  "column": "4",
  "context": "\"\"\"Repository represents a git repository.\"\"\"\n    url = graphene.String()\n    name = graphene.String()\n    original_author =",
  "context_lines": "import gecore.github_repo\nimport os\n\nclass Repository(graphene.ObjectType):\n    \"\"\"Repository represents a git repository.\"\"\"\n    url = graphene.String()\n    name = graphene.String()\n    original_author = graphene.String()\n    branches = graphene.List(graphene.String)\n    commits = graphene.List(Commit)\n\n",
  "slicing": "    url = graphene.String()\n"
 },
 "4": {
  "name": "name",
  "type": "UNKNOWN",
  "class": "unknown",
  "approach": "Pysonar2",
  "file_path": "ge/gapi/repository.py",
  "lineno": "9",
  "column": "4",
  "context": "it repository.\"\"\"\n    url = graphene.String()\n    name = graphene.String()\n    original_author = graphene.String()\n    branch",
  "context_lines": "import os\n\nclass Repository(graphene.ObjectType):\n    \"\"\"Repository represents a git repository.\"\"\"\n    url = graphene.String()\n    name = graphene.String()\n    original_author = graphene.String()\n    branches = graphene.List(graphene.String)\n    commits = graphene.List(Commit)\n\n    def resolve_commits(self, info):\n",
  "slicing": [
   "    name = graphene.String()\n",
   "    local_path = os.path.join(local_dir, name)\n",
   "    local_repo = gecore.github_repo.load_repository(local_path)\n",
   "    repo.url = local_repo.url\n",
   "    repo.name = local_repo.name\n",
   "    repo.original_author = local_repo.original_author\n",
   "    repo.branches = local_repo.branches\n",
   "    repo.commits = map(get_commit, local_repo.commits)\n"
  ]
 },
 "5": {
  "name": "original_author",
  "type": "UNKNOWN",
  "class": "unknown",
  "approach": "Pysonar2",
  "file_path": "ge/gapi/repository.py",
  "lineno": "10",
  "column": "4",
  "context": "raphene.String()\n    name = graphene.String()\n    original_author = graphene.String()\n    branches = graphene.List(graphene.String)\n    ",
  "context_lines": "class Repository(graphene.ObjectType):\n    \"\"\"Repository represents a git repository.\"\"\"\n    url = graphene.String()\n    name = graphene.String()\n    original_author = graphene.String()\n    branches = graphene.List(graphene.String)\n    commits = graphene.List(Commit)\n\n    def resolve_commits(self, info):\n        return get_commits(self.name)\n\n",
  "slicing": "    original_author = graphene.String()\n"
 },
 "6": {
  "name": "branches",
  "type": "UNKNOWN",
  "class": "unknown",
  "approach": "Pysonar2",
  "file_path": "ge/gapi/repository.py",
  "lineno": "11",
  "column": "4",
  "context": "ing()\n    original_author = graphene.String()\n    branches = graphene.List(graphene.String)\n    commits = graphene.List(Commit)\n\n    def resol",
  "context_lines": "    \"\"\"Repository represents a git repository.\"\"\"\n    url = graphene.String()\n    name = graphene.String()\n    original_author = graphene.String()\n    branches = graphene.List(graphene.String)\n    commits = graphene.List(Commit)\n\n    def resolve_commits(self, info):\n        return get_commits(self.name)\n\ndef get_repository(name: str = None):\n",
  "slicing": "    branches = graphene.List(graphene.String)\n"
 },
 "7": {
  "name": "commits",
  "type": "list",
  "class": "build-in",
  "approach": "Pysonar2",
  "file_path": "ge/gapi/repository.py",
  "lineno": "12",
  "column": "4",
  "context": "    branches = graphene.List(graphene.String)\n    commits = graphene.List(Commit)\n\n    def resolve_commits(self, info):\n        retu",
  "context_lines": "    url = graphene.String()\n    name = graphene.String()\n    original_author = graphene.String()\n    branches = graphene.List(graphene.String)\n    commits = graphene.List(Commit)\n\n    def resolve_commits(self, info):\n        return get_commits(self.name)\n\ndef get_repository(name: str = None):\n",
  "slicing": "    commits = graphene.List(Commit)\n"
 },
 "8": {
  "name": "local_path",
  "type": "str",
  "class": "build-in",
  "approach": "Pysonar2",
  "file_path": "ge/gapi/repository.py",
  "lineno": "24",
  "column": "4",
  "context": "    except KeyError:\n        local_dir = \"./\"\n    local_path = os.path.join(local_dir, name)\n    local_repo = gecore.github_repo.load_repositor",
  "context_lines": "    try:\n        local_dir = os.environ['GE_REPO_DIR']\n    except KeyError:\n        local_dir = \"./\"\n    local_path = os.path.join(local_dir, name)\n    local_repo = gecore.github_repo.load_repository(local_path)\n    repo = Repository()\n    repo.url = local_repo.url\n    repo.name = local_repo.name\n",
  "slicing": [
   "    local_path = os.path.join(local_dir, name)\n",
   "    local_repo = gecore.github_repo.load_repository(local_path)\n",
   "    repo.url = local_repo.url\n",
   "    repo.name = local_repo.name\n",
   "    repo.original_author = local_repo.original_author\n",
   "    repo.branches = local_repo.branches\n",
   "    repo.commits = map(get_commit, local_repo.commits)\n"
  ]
 },
 "9": {
  "name": "local_repo",
  "type": "UNKNOWN",
  "class": "unknown",
  "approach": "Pysonar2",
  "file_path": "ge/gapi/repository.py",
  "lineno": "25",
  "column": "4",
  "context": "   local_path = os.path.join(local_dir, name)\n    local_repo = gecore.github_repo.load_repository(local_path)\n    repo = Repository()\n    repo.url = local_repo.",
  "context_lines": "        local_dir = os.environ['GE_REPO_DIR']\n    except KeyError:\n        local_dir = \"./\"\n    local_path = os.path.join(local_dir, name)\n    local_repo = gecore.github_repo.load_repository(local_path)\n    repo = Repository()\n    repo.url = local_repo.url\n    repo.name = local_repo.name\n    repo.original_author = local_repo.original_author\n",
  "slicing": [
   "    local_repo = gecore.github_repo.load_repository(local_path)\n",
   "    repo.url = local_repo.url\n",
   "    repo.name = local_repo.name\n",
   "    repo.original_author = local_repo.original_author\n",
   "    repo.branches = local_repo.branches\n",
   "    repo.commits = map(get_commit, local_repo.commits)\n"
  ]
 },
 "10": {
  "name": "repo",
  "type": "Repository",
  "class": "customized",
  "approach": "annotation",
  "file_path": "ge/gapi/repository.py",
  "lineno": "26",
  "column": "4",
  "context": "ecore.github_repo.load_repository(local_path)\n    repo = Repository()\n    repo.url = local_repo.url\n    repo.name = loca",
  "context_lines": "    except KeyError:\n        local_dir = \"./\"\n    local_path = os.path.join(local_dir, name)\n    local_repo = gecore.github_repo.load_repository(local_path)\n    repo = Repository()\n    repo.url = local_repo.url\n    repo.name = local_repo.name\n    repo.original_author = local_repo.original_author\n    repo.branches = local_repo.branches\n",
  "slicing": [
   "    repo = Repository()\n",
   "    repo.url = local_repo.url\n",
   "    repo.name = local_repo.name\n",
   "    repo.original_author = local_repo.original_author\n",
   "    repo.branches = local_repo.branches\n",
   "    repo.commits = map(get_commit, local_repo.commits)\n",
   "    return repo\n"
  ]
 },
 "11": {
  "name": "local_dir",
  "type": "dict",
  "class": "build-in",
  "approach": "annotation",
  "file_path": "ge/gapi/repository.py",
  "lineno": "21",
  "column": "8",
  "context": "n it as a\n    GraphQL object.\"\"\"\n    try:\n        local_dir = os.environ['GE_REPO_DIR']\n    except KeyError:\n        local_dir = \"./\"\n    ",
  "context_lines": "def get_repository(name: str = None):\n    \"\"\"Fetch a gecore repository and return it as a\n    GraphQL object.\"\"\"\n    try:\n        local_dir = os.environ['GE_REPO_DIR']\n    except KeyError:\n        local_dir = \"./\"\n    local_path = os.path.join(local_dir, name)\n    local_repo = gecore.github_repo.load_repository(local_path)\n",
  "slicing": [
   "        local_dir = os.environ['GE_REPO_DIR']\n",
   "    local_path = os.path.join(local_dir, name)\n",
   "    local_repo = gecore.github_repo.load_repository(local_path)\n",
   "    repo.url = local_repo.url\n",
   "    repo.name = local_repo.name\n",
   "    repo.original_author = local_repo.original_author\n",
   "    repo.branches = local_repo.branches\n",
   "    repo.commits = map(get_commit, local_repo.commits)\n"
  ]
 },
 "12": {
  "name": "local_dir",
  "type": "str",
  "class": "build-in",
  "approach": "Pysonar2",
  "file_path": "ge/gapi/repository.py",
  "lineno": "23",
  "column": "8",
  "context": "viron['GE_REPO_DIR']\n    except KeyError:\n        local_dir = \"./\"\n    local_path = os.path.join(local_dir, name)\n   ",
  "context_lines": "    GraphQL object.\"\"\"\n    try:\n        local_dir = os.environ['GE_REPO_DIR']\n    except KeyError:\n        local_dir = \"./\"\n    local_path = os.path.join(local_dir, name)\n    local_repo = gecore.github_repo.load_repository(local_path)\n    repo = Repository()\n    repo.url = local_repo.url\n",
  "slicing": [
   "        local_dir = \"./\"\n",
   "    local_path = os.path.join(local_dir, name)\n",
   "    local_repo = gecore.github_repo.load_repository(local_path)\n",
   "    repo.url = local_repo.url\n",
   "    repo.name = local_repo.name\n",
   "    repo.original_author = local_repo.original_author\n",
   "    repo.branches = local_repo.branches\n",
   "    repo.commits = map(get_commit, local_repo.commits)\n"
  ]
 },
 "13": {
  "name": "url",
  "type": "UNKNOWN",
  "class": "unknown",
  "approach": "Pysonar2",
  "file_path": "ge/gapi/clone_repo.py",
  "lineno": "8",
  "column": "8",
  "context": "(graphene.Mutation):\n    class Arguments:\n        url = graphene.String()\n    \n    repository = graphene.Field(lambda: Repos",
  "context_lines": "from gecore.github_repo import GitHubRepo\nimport os \n\nclass CloneRepo(graphene.Mutation):\n    class Arguments:\n        url = graphene.String()\n    \n    repository = graphene.Field(lambda: Repository)\n\n    def mutate(self, info, url=None):\n        try:\n",
  "slicing": [
   "        url = graphene.String()\n",
   "        repo = GitHubRepo(url=url).clone(local_dir)\n",
   "            url=url,\n",
   "            name=repo.name,\n",
   "            original_author=repo.original_author,\n",
   "            branches=repo.branches,\n",
   "            commits=repo.commits\n"
  ]
 },
 "14": {
  "name": "repository",
  "type": "UNKNOWN",
  "class": "unknown",
  "approach": "Pysonar2",
  "file_path": "ge/gapi/clone_repo.py",
  "lineno": "10",
  "column": "4",
  "context": "guments:\n        url = graphene.String()\n    \n    repository = graphene.Field(lambda: Repository)\n\n    def mutate(self, info, url=None):\n        try",
  "context_lines": "import os \n\nclass CloneRepo(graphene.Mutation):\n    class Arguments:\n        url = graphene.String()\n    \n    repository = graphene.Field(lambda: Repository)\n\n    def mutate(self, info, url=None):\n        try:\n            local_dir = os.environ[\"GE_REPO_DIR\"]\n",
  "slicing": "    repository = graphene.Field(lambda: Repository)\n"
 },
 "15": {
  "name": "repo",
  "type": "UNKNOWN",
  "class": "unknown",
  "approach": "Pysonar2",
  "file_path": "ge/gapi/clone_repo.py",
  "lineno": "18",
  "column": "8",
  "context": "rror:\n            local_dir = \"\"\n        \n        repo = GitHubRepo(url=url).clone(local_dir)\n        return CloneRepo(repository=Repository(\n  ",
  "context_lines": "        try:\n            local_dir = os.environ[\"GE_REPO_DIR\"]\n        except KeyError:\n            local_dir = \"\"\n        \n        repo = GitHubRepo(url=url).clone(local_dir)\n        return CloneRepo(repository=Repository(\n            url=url,\n            name=repo.name,\n            original_author=repo.original_author,\n",
  "slicing": [
   "        repo = GitHubRepo(url=url).clone(local_dir)\n",
   "            name=repo.name,\n",
   "            original_author=repo.original_author,\n",
   "            branches=repo.branches,\n",
   "            commits=repo.commits\n"
  ]
 },
 "16": {
  "name": "local_dir",
  "type": "dict",
  "class": "build-in",
  "approach": "annotation",
  "file_path": "ge/gapi/clone_repo.py",
  "lineno": "14",
  "column": "12",
  "context": "e(self, info, url=None):\n        try:\n            local_dir = os.environ[\"GE_REPO_DIR\"]\n        except KeyError:\n            local_dir = \"",
  "context_lines": "        url = graphene.String()\n    \n    repository = graphene.Field(lambda: Repository)\n\n    def mutate(self, info, url=None):\n        try:\n            local_dir = os.environ[\"GE_REPO_DIR\"]\n        except KeyError:\n            local_dir = \"\"\n        \n        repo = GitHubRepo(url=url).clone(local_dir)\n        return CloneRepo(repository=Repository(\n",
  "slicing": [
   "            local_dir = os.environ[\"GE_REPO_DIR\"]\n",
   "        repo = GitHubRepo(url=url).clone(local_dir)\n",
   "            name=repo.name,\n",
   "            original_author=repo.original_author,\n",
   "            branches=repo.branches,\n",
   "            commits=repo.commits\n"
  ]
 },
 "17": {
  "name": "local_dir",
  "type": "str",
  "class": "build-in",
  "approach": "Pysonar2",
  "file_path": "ge/gapi/clone_repo.py",
  "lineno": "16",
  "column": "12",
  "context": "E_REPO_DIR\"]\n        except KeyError:\n            local_dir = \"\"\n        \n        repo = GitHubRepo(url=url).clone(",
  "context_lines": "    def mutate(self, info, url=None):\n        try:\n            local_dir = os.environ[\"GE_REPO_DIR\"]\n        except KeyError:\n            local_dir = \"\"\n        \n        repo = GitHubRepo(url=url).clone(local_dir)\n        return CloneRepo(repository=Repository(\n            url=url,\n",
  "slicing": [
   "            local_dir = \"\"\n",
   "        repo = GitHubRepo(url=url).clone(local_dir)\n",
   "            name=repo.name,\n",
   "            original_author=repo.original_author,\n",
   "            branches=repo.branches,\n",
   "            commits=repo.commits\n"
  ]
 },
 "18": {
  "name": "timestamp",
  "type": "UNKNOWN",
  "class": "unknown",
  "approach": "Pysonar2",
  "file_path": "ge/gapi/commit.py",
  "lineno": "8",
  "column": "4",
  "context": " \"\"\"Commit represents a single git commit.\"\"\"\n    timestamp = graphene.String()\n    message = graphene.String()\n    author = graph",
  "context_lines": "import gecore.commit\nimport os \n\nclass Commit(graphene.ObjectType):\n    \"\"\"Commit represents a single git commit.\"\"\"\n    timestamp = graphene.String()\n    message = graphene.String()\n    author = graphene.String()\n    commit_hash = graphene.String()\n\ndef get_commit_from_core(c: gecore.commit.Commit) -> Commit:\n",
  "slicing": "    timestamp = graphene.String()\n"
 },
 "19": {
  "name": "message",
  "type": "UNKNOWN",
  "class": "unknown",
  "approach": "Pysonar2",
  "file_path": "ge/gapi/commit.py",
  "lineno": "9",
  "column": "4",
  "context": " commit.\"\"\"\n    timestamp = graphene.String()\n    message = graphene.String()\n    author = graphene.String()\n    commit_hash = g",
  "context_lines": "import os \n\nclass Commit(graphene.ObjectType):\n    \"\"\"Commit represents a single git commit.\"\"\"\n    timestamp = graphene.String()\n    message = graphene.String()\n    author = graphene.String()\n    commit_hash = graphene.String()\n\ndef get_commit_from_core(c: gecore.commit.Commit) -> Commit:\n    \"\"\"Convert a gecore Commit object to a GraphQL Commit object.\"\"\"\n",
  "slicing": "    message = graphene.String()\n"
 },
 "20": {
  "name": "author",
  "type": "UNKNOWN",
  "class": "unknown",
  "approach": "Pysonar2",
  "file_path": "ge/gapi/commit.py",
  "lineno": "10",
  "column": "4",
  "context": "hene.String()\n    message = graphene.String()\n    author = graphene.String()\n    commit_hash = graphene.String()\n\ndef get_commi",
  "context_lines": "class Commit(graphene.ObjectType):\n    \"\"\"Commit represents a single git commit.\"\"\"\n    timestamp = graphene.String()\n    message = graphene.String()\n    author = graphene.String()\n    commit_hash = graphene.String()\n\ndef get_commit_from_core(c: gecore.commit.Commit) -> Commit:\n    \"\"\"Convert a gecore Commit object to a GraphQL Commit object.\"\"\"\n    commit = Commit()\n",
  "slicing": "    author = graphene.String()\n"
 },
 "21": {
  "name": "commit_hash",
  "type": "UNKNOWN",
  "class": "unknown",
  "approach": "Pysonar2",
  "file_path": "ge/gapi/commit.py",
  "lineno": "11",
  "column": "4",
  "context": "phene.String()\n    author = graphene.String()\n    commit_hash = graphene.String()\n\ndef get_commit_from_core(c: gecore.commit.Commit)",
  "context_lines": "    \"\"\"Commit represents a single git commit.\"\"\"\n    timestamp = graphene.String()\n    message = graphene.String()\n    author = graphene.String()\n    commit_hash = graphene.String()\n\ndef get_commit_from_core(c: gecore.commit.Commit) -> Commit:\n    \"\"\"Convert a gecore Commit object to a GraphQL Commit object.\"\"\"\n    commit = Commit()\n",
  "slicing": [
   "    commit_hash = graphene.String()\n",
   "    return get_commit_from_core(gecore.commit.get_commit(repo_name, commit_hash))\n"
  ]
 },
 "22": {
  "name": "commit",
  "type": "gapi.commit.Commit",
  "class": "customized",
  "approach": "annotation",
  "file_path": "ge/gapi/commit.py",
  "lineno": "15",
  "column": "4",
  "context": " Commit object to a GraphQL Commit object.\"\"\"\n    commit = Commit()\n    commit.timestamp = c.timestamp\n    commit.mess",
  "context_lines": "    author = graphene.String()\n    commit_hash = graphene.String()\n\ndef get_commit_from_core(c: gecore.commit.Commit) -> Commit:\n    \"\"\"Convert a gecore Commit object to a GraphQL Commit object.\"\"\"\n    commit = Commit()\n    commit.timestamp = c.timestamp\n    commit.message = c.message\n    commit.author = c.author\n    commit.commit_hash = c.commit_hash\n\n",
  "slicing": [
   "    commit = Commit()\n",
   "    commit.timestamp = c.timestamp\n",
   "    commit.message = c.message\n",
   "    commit.author = c.author\n",
   "    commit.commit_hash = c.commit_hash\n",
   "    return commit\n"
  ]
 },
 "23": {
  "name": "local_path",
  "type": "str",
  "class": "build-in",
  "approach": "Pysonar2",
  "file_path": "ge/gapi/commit.py",
  "lineno": "35",
  "column": "4",
  "context": "    except KeyError:\n        local_dir = \"./\"\n    local_path = os.path.join(local_dir, repo_name)\n    repo = gecore.github_repo.load_repository(loca",
  "context_lines": "    try:\n        local_dir = os.environ['GE_REPO_DIR']\n    except KeyError:\n        local_dir = \"./\"\n    local_path = os.path.join(local_dir, repo_name)\n    repo = gecore.github_repo.load_repository(local_path)\n    commits = []\n\n    for c in repo.commits:\n        commits.append(get_commit_from_core(c))\n        \n",
  "slicing": [
   "    local_path = os.path.join(local_dir, repo_name)\n",
   "    repo = gecore.github_repo.load_repository(local_path)\n",
   "    for c in repo.commits:\n",
   "        commits.append(get_commit_from_core(c))\n"
  ]
 },
 "24": {
  "name": "repo",
  "type": "UNKNOWN",
  "class": "unknown",
  "approach": "Pysonar2",
  "file_path": "ge/gapi/commit.py",
  "lineno": "36",
  "column": "4",
  "context": "cal_path = os.path.join(local_dir, repo_name)\n    repo = gecore.github_repo.load_repository(local_path)\n    commits = []\n\n    for c in repo.commits:\n     ",
  "context_lines": "        local_dir = os.environ['GE_REPO_DIR']\n    except KeyError:\n        local_dir = \"./\"\n    local_path = os.path.join(local_dir, repo_name)\n    repo = gecore.github_repo.load_repository(local_path)\n    commits = []\n\n    for c in repo.commits:\n        commits.append(get_commit_from_core(c))\n        \n",
  "slicing": [
   "    repo = gecore.github_repo.load_repository(local_path)\n",
   "    for c in repo.commits:\n",
   "        commits.append(get_commit_from_core(c))\n"
  ]
 },
 "25": {
  "name": "commits",
  "type": "list",
  "class": "build-in",
  "approach": "annotation",
  "file_path": "ge/gapi/commit.py",
  "lineno": "37",
  "column": "4",
  "context": "ecore.github_repo.load_repository(local_path)\n    commits = []\n\n    for c in repo.commits:\n        commits.append",
  "context_lines": "    except KeyError:\n        local_dir = \"./\"\n    local_path = os.path.join(local_dir, repo_name)\n    repo = gecore.github_repo.load_repository(local_path)\n    commits = []\n\n    for c in repo.commits:\n        commits.append(get_commit_from_core(c))\n        \n",
  "slicing": [
   "    commits = []\n",
   "        commits.append(get_commit_from_core(c))\n",
   "    return commits\n"
  ]
 },
 "26": {
  "name": "local_dir",
  "type": "dict",
  "class": "build-in",
  "approach": "annotation",
  "file_path": "ge/gapi/commit.py",
  "lineno": "32",
  "column": "8",
  "context": "f GraphQL\n    commit objects.\"\"\"\n    try:\n        local_dir = os.environ['GE_REPO_DIR']\n    except KeyError:\n        local_dir = \"./\"\n    ",
  "context_lines": "def get_commits(repo_name: str) -> List[Commit]:\n    \"\"\"Fetch gecore commits and return them as a list of GraphQL\n    commit objects.\"\"\"\n    try:\n        local_dir = os.environ['GE_REPO_DIR']\n    except KeyError:\n        local_dir = \"./\"\n    local_path = os.path.join(local_dir, repo_name)\n    repo = gecore.github_repo.load_repository(local_path)\n",
  "slicing": [
   "        local_dir = os.environ['GE_REPO_DIR']\n",
   "    local_path = os.path.join(local_dir, repo_name)\n",
   "    repo = gecore.github_repo.load_repository(local_path)\n",
   "    for c in repo.commits:\n",
   "        commits.append(get_commit_from_core(c))\n"
  ]
 },
 "27": {
  "name": "local_dir",
  "type": "str",
  "class": "build-in",
  "approach": "Pysonar2",
  "file_path": "ge/gapi/commit.py",
  "lineno": "34",
  "column": "8",
  "context": "viron['GE_REPO_DIR']\n    except KeyError:\n        local_dir = \"./\"\n    local_path = os.path.join(local_dir, repo_name",
  "context_lines": "    commit objects.\"\"\"\n    try:\n        local_dir = os.environ['GE_REPO_DIR']\n    except KeyError:\n        local_dir = \"./\"\n    local_path = os.path.join(local_dir, repo_name)\n    repo = gecore.github_repo.load_repository(local_path)\n    commits = []\n\n    for c in repo.commits:\n",
  "slicing": [
   "        local_dir = \"./\"\n",
   "    local_path = os.path.join(local_dir, repo_name)\n",
   "    repo = gecore.github_repo.load_repository(local_path)\n",
   "    for c in repo.commits:\n",
   "        commits.append(get_commit_from_core(c))\n"
  ]
 },
 "28": {
  "name": "clone_repo",
  "type": "UNKNOWN",
  "class": "unknown",
  "approach": "Pysonar2",
  "file_path": "ge/gapi/mutation.py",
  "lineno": "6",
  "column": "4",
  "context": "raphene.ObjectType):\n    \"\"\"Root mutation.\"\"\"\n    clone_repo = CloneRepo.Field()",
  "context_lines": "import graphene\nfrom gapi.clone_repo import CloneRepo\n\nclass GiMutations(graphene.ObjectType):\n    \"\"\"Root mutation.\"\"\"\n    clone_repo = CloneRepo.Field()",
  "slicing": "    clone_repo = CloneRepo.Field()\n"
 },
 "29": {
  "name": "repository",
  "type": "UNKNOWN",
  "class": "unknown",
  "approach": "Pysonar2",
  "file_path": "ge/gapi/query.py",
  "lineno": "7",
  "column": "4",
  "context": "\"\"\"The root query for the GraphQL service.\"\"\"\n    repository = graphene.Field(Repository, name=graphene.String())\n    commit = graphene.Field(Commit, name=graphene.",
  "context_lines": "from gapi.repository import Repository, get_repository\nfrom gapi.commit import Commit, get_commit\n\nclass GiQuery(graphene.ObjectType):\n    \"\"\"The root query for the GraphQL service.\"\"\"\n    repository = graphene.Field(Repository, name=graphene.String())\n    commit = graphene.Field(Commit, name=graphene.String(), commit_hash=graphene.String())\n\n    def resolve_repository(self, info, name=None):\n        return get_repository(name)\n\n    def resolve_commit(self, info, name=None, commit_hash=None):\n",
  "slicing": "    repository = graphene.Field(Repository, name=graphene.String())\n"
 },
 "30": {
  "name": "commit",
  "type": "UNKNOWN",
  "class": "unknown",
  "approach": "Pysonar2",
  "file_path": "ge/gapi/query.py",
  "lineno": "8",
  "column": "4",
  "context": "ene.Field(Repository, name=graphene.String())\n    commit = graphene.Field(Commit, name=graphene.String(), commit_hash=graphene.String())\n\n    def resolve_repository(self, info, name=None)",
  "context_lines": "from gapi.commit import Commit, get_commit\n\nclass GiQuery(graphene.ObjectType):\n    \"\"\"The root query for the GraphQL service.\"\"\"\n    repository = graphene.Field(Repository, name=graphene.String())\n    commit = graphene.Field(Commit, name=graphene.String(), commit_hash=graphene.String())\n\n    def resolve_repository(self, info, name=None):\n        return get_repository(name)\n\n    def resolve_commit(self, info, name=None, commit_hash=None):\n",
  "slicing": "    commit = graphene.Field(Commit, name=graphene.String(), commit_hash=graphene.String())\n"
 },
 "31": {
  "name": "T",
  "type": "typing.TypeVar",
  "class": "imported",
  "approach": "annotation",
  "file_path": "ge/gecore/github_repo.py",
  "lineno": "12",
  "column": "0",
  "context": "rt time\nimport os \nfrom datetime import datetime\n\nT = TypeVar('T', bound='GitHubRepo')\n\nclass GitHubRepo:\n    \"\"\"GitHubRepo represents a ",
  "context_lines": "import base64\nimport time\nimport os \nfrom datetime import datetime\n\nT = TypeVar('T', bound='GitHubRepo')\n\nclass GitHubRepo:\n    \"\"\"GitHubRepo represents a git repository fetched from\n    a remote source or loaded into memory from the local disk.\n\n",
  "slicing": [
   "T = TypeVar('T', bound='GitHubRepo')\n",
   "    def clone(self: T, local_dir: str = \"\") -> T:\n",
   "    def from_GitPython(repo: git.Repo) -> T:\n"
  ]
 },
 "32": {
  "name": "name",
  "type": "str",
  "class": "build-in",
  "approach": "Pysonar2",
  "file_path": "ge/gecore/github_repo.py",
  "lineno": "40",
  "column": "8",
  "context": " representing the repository.\n        \"\"\"\n        name = os.path.basename(urlparse(self.url).path)\n        if local_dir == \"\":\n            local_dir ",
  "context_lines": "            local_dir: directory holding the .git directory\n\n        Returns:\n            A GitHubRepo object representing the repository.\n        \"\"\"\n        name = os.path.basename(urlparse(self.url).path)\n        if local_dir == \"\":\n            local_dir = name\n        else:\n            local_dir = os.path.join(local_dir, name)\n",
  "slicing": [
   "        name = os.path.basename(urlparse(self.url).path)\n",
   "            local_dir = name\n",
   "            local_dir = os.path.join(local_dir, name)\n",
   "            cloned_repo = git.Repo.clone_from(self.url, local_dir)\n",
   "        in_memory_repo = GitHubRepo.from_GitPython(cloned_repo)\n",
   "        in_memory_repo.name = name\n",
   "        return in_memory_repo\n"
  ]
 },
 "33": {
  "name": "local_dir",
  "type": "UNKNOWN",
  "class": "unknown",
  "approach": "annotation",
  "file_path": "ge/gecore/github_repo.py",
  "lineno": "42",
  "column": "12",
  "context": "rl).path)\n        if local_dir == \"\":\n            local_dir = name\n        else:\n            local_dir = os.path.join",
  "context_lines": "            A GitHubRepo object representing the repository.\n        \"\"\"\n        name = os.path.basename(urlparse(self.url).path)\n        if local_dir == \"\":\n            local_dir = name\n        else:\n            local_dir = os.path.join(local_dir, name)\n        try:\n            cloned_repo = git.Repo.clone_from(self.url, local_dir)\n",
  "slicing": [
   "            local_dir = name\n",
   "            local_dir = os.path.join(local_dir, name)\n",
   "            cloned_repo = git.Repo.clone_from(self.url, local_dir)\n",
   "        in_memory_repo = GitHubRepo.from_GitPython(cloned_repo)\n",
   "        in_memory_repo.name = name\n",
   "        return in_memory_repo\n"
  ]
 },
 "34": {
  "name": "in_memory_repo",
  "type": "UNKNOWN",
  "class": "unknown",
  "approach": "Pysonar2",
  "file_path": "ge/gecore/github_repo.py",
  "lineno": "50",
  "column": "8",
  "context": "mat(err))\n            return GitHubRepo()\n        in_memory_repo = GitHubRepo.from_GitPython(cloned_repo)\n        in_memory_repo.name = name\n        return ",
  "context_lines": "            cloned_repo = git.Repo.clone_from(self.url, local_dir)\n        except git.GitCommandError as err:\n            print(\"Error cloning: {}\".format(err))\n            return GitHubRepo()\n        in_memory_repo = GitHubRepo.from_GitPython(cloned_repo)\n        in_memory_repo.name = name\n        return in_memory_repo\n\n    @staticmethod\n    def from_GitPython(repo: git.Repo) -> T:\n",
  "slicing": [
   "        in_memory_repo = GitHubRepo.from_GitPython(cloned_repo)\n",
   "        in_memory_repo.name = name\n",
   "        return in_memory_repo\n"
  ]
 },
 "35": {
  "name": "local_dir",
  "type": "str",
  "class": "build-in",
  "approach": "Pysonar2",
  "file_path": "ge/gecore/github_repo.py",
  "lineno": "44",
  "column": "12",
  "context": "       local_dir = name\n        else:\n            local_dir = os.path.join(local_dir, name)\n        try:\n            cloned_repo = git.Repo.cl",
  "context_lines": "        name = os.path.basename(urlparse(self.url).path)\n        if local_dir == \"\":\n            local_dir = name\n        else:\n            local_dir = os.path.join(local_dir, name)\n        try:\n            cloned_repo = git.Repo.clone_from(self.url, local_dir)\n        except git.GitCommandError as err:\n            print(\"Error cloning: {}\".format(err))\n",
  "slicing": [
   "            local_dir = os.path.join(local_dir, name)\n",
   "            cloned_repo = git.Repo.clone_from(self.url, local_dir)\n",
   "        in_memory_repo = GitHubRepo.from_GitPython(cloned_repo)\n",
   "        in_memory_repo.name = name\n",
   "        return in_memory_repo\n"
  ]
 },
 "36": {
  "name": "cloned_repo",
  "type": "UNKNOWN",
  "class": "unknown",
  "approach": "Pysonar2",
  "file_path": "ge/gecore/github_repo.py",
  "lineno": "46",
  "column": "12",
  "context": "th.join(local_dir, name)\n        try:\n            cloned_repo = git.Repo.clone_from(self.url, local_dir)\n        except git.GitCommandError as err:\n       ",
  "context_lines": "            local_dir = name\n        else:\n            local_dir = os.path.join(local_dir, name)\n        try:\n            cloned_repo = git.Repo.clone_from(self.url, local_dir)\n        except git.GitCommandError as err:\n            print(\"Error cloning: {}\".format(err))\n            return GitHubRepo()\n        in_memory_repo = GitHubRepo.from_GitPython(cloned_repo)\n",
  "slicing": [
   "            cloned_repo = git.Repo.clone_from(self.url, local_dir)\n",
   "        in_memory_repo = GitHubRepo.from_GitPython(cloned_repo)\n",
   "        in_memory_repo.name = name\n",
   "        return in_memory_repo\n"
  ]
 },
 "37": {
  "name": "r",
  "type": "gecore.github_repo.GitHubRepo",
  "class": "customized",
  "approach": "annotation",
  "file_path": "ge/gecore/github_repo.py",
  "lineno": "65",
  "column": "8",
  "context": " representing the repository.\n        \"\"\"\n        r = GitHubRepo()\n        r.branches = [r.name for r in repo.refs if",
  "context_lines": "            repo: a repository object produced by the GitPython package\n\n        Returns:\n            A GitHubRepo object representing the repository.\n        \"\"\"\n        r = GitHubRepo()\n        r.branches = [r.name for r in repo.refs if r not in repo.tags]\n        r.commits = [gecore.commit.Commit(\n                    commit_hash = c.hexsha,\n                    timestamp = time.strftime(\"%a, %d %b %Y %H:%M UTC\", time.gmtime(c.authored_date)),\n",
  "slicing": [
   "        r = GitHubRepo()\n",
   "        r.branches = [r.name for r in repo.refs if r not in repo.tags]\n",
   "        r.commits = [gecore.commit.Commit(\n",
   "        first_commit = r.commits[-1]\n",
   "        r.original_author = first_commit.author\n",
   "        r.name = os.path.split(repo.working_tree_dir)[1]\n",
   "        return r\n"
  ]
 },
 "38": {
  "name": "first_commit",
  "type": "dict",
  "class": "build-in",
  "approach": "annotation",
  "file_path": "ge/gecore/github_repo.py",
  "lineno": "73",
  "column": "8",
  "context": "            for c in repo.iter_commits()]\n        first_commit = r.commits[-1]\n        r.original_author = first_commit.author\n  ",
  "context_lines": "                    timestamp = time.strftime(\"%a, %d %b %Y %H:%M UTC\", time.gmtime(c.authored_date)),\n                    message = c.message,\n                    author = c.author.name + \" <\" + c.author.email + \">\")\n                for c in repo.iter_commits()]\n        first_commit = r.commits[-1]\n        r.original_author = first_commit.author\n        r.name = os.path.split(repo.working_tree_dir)[1]\n        return r\n\ndef load_repository(repo_dir: str) -> GitHubRepo:\n",
  "slicing": [
   "        first_commit = r.commits[-1]\n",
   "        r.original_author = first_commit.author\n"
  ]
 },
 "39": {
  "name": "local_path",
  "type": "str",
  "class": "build-in",
  "approach": "Pysonar2",
  "file_path": "ge/gecore/commit.py",
  "lineno": "38",
  "column": "4",
  "context": "    except KeyError:\n        local_dir = \"./\"\n    local_path = os.path.join(local_dir, repo_name)\n    repo = gecore.github_repo.load_repository(loca",
  "context_lines": "    try:\n        local_dir = os.environ['GE_REPO_DIR']\n    except KeyError:\n        local_dir = \"./\"\n    local_path = os.path.join(local_dir, repo_name)\n    repo = gecore.github_repo.load_repository(local_path)\n    for c in repo.commits:\n        if c.commit_hash == commit_hash:\n            return c\n",
  "slicing": [
   "    local_path = os.path.join(local_dir, repo_name)\n",
   "    repo = gecore.github_repo.load_repository(local_path)\n",
   "    for c in repo.commits:\n",
   "        if c.commit_hash == commit_hash:\n",
   "            return c\n"
  ]
 },
 "40": {
  "name": "repo",
  "type": "UNKNOWN",
  "class": "unknown",
  "approach": "Pysonar2",
  "file_path": "ge/gecore/commit.py",
  "lineno": "39",
  "column": "4",
  "context": "cal_path = os.path.join(local_dir, repo_name)\n    repo = gecore.github_repo.load_repository(local_path)\n    for c in repo.commits:\n        if c.commit_has",
  "context_lines": "        local_dir = os.environ['GE_REPO_DIR']\n    except KeyError:\n        local_dir = \"./\"\n    local_path = os.path.join(local_dir, repo_name)\n    repo = gecore.github_repo.load_repository(local_path)\n    for c in repo.commits:\n        if c.commit_hash == commit_hash:\n            return c\n",
  "slicing": [
   "    repo = gecore.github_repo.load_repository(local_path)\n",
   "    for c in repo.commits:\n",
   "        if c.commit_hash == commit_hash:\n",
   "            return c\n"
  ]
 },
 "41": {
  "name": "local_dir",
  "type": "dict",
  "class": "build-in",
  "approach": "annotation",
  "file_path": "ge/gecore/commit.py",
  "lineno": "35",
  "column": "8",
  "context": " the repository on disk.\n    \"\"\"\n    try:\n        local_dir = os.environ['GE_REPO_DIR']\n    except KeyError:\n        local_dir = \"./\"\n    ",
  "context_lines": "    Returns: \n        A Commit from the repository on disk.\n    \"\"\"\n    try:\n        local_dir = os.environ['GE_REPO_DIR']\n    except KeyError:\n        local_dir = \"./\"\n    local_path = os.path.join(local_dir, repo_name)\n    repo = gecore.github_repo.load_repository(local_path)\n",
  "slicing": [
   "        local_dir = os.environ['GE_REPO_DIR']\n",
   "    local_path = os.path.join(local_dir, repo_name)\n",
   "    repo = gecore.github_repo.load_repository(local_path)\n",
   "    for c in repo.commits:\n",
   "        if c.commit_hash == commit_hash:\n",
   "            return c\n"
  ]
 },
 "42": {
  "name": "local_dir",
  "type": "str",
  "class": "build-in",
  "approach": "Pysonar2",
  "file_path": "ge/gecore/commit.py",
  "lineno": "37",
  "column": "8",
  "context": "viron['GE_REPO_DIR']\n    except KeyError:\n        local_dir = \"./\"\n    local_path = os.path.join(local_dir, repo_name",
  "context_lines": "    \"\"\"\n    try:\n        local_dir = os.environ['GE_REPO_DIR']\n    except KeyError:\n        local_dir = \"./\"\n    local_path = os.path.join(local_dir, repo_name)\n    repo = gecore.github_repo.load_repository(local_path)\n    for c in repo.commits:\n        if c.commit_hash == commit_hash:\n",
  "slicing": [
   "        local_dir = \"./\"\n",
   "    local_path = os.path.join(local_dir, repo_name)\n",
   "    repo = gecore.github_repo.load_repository(local_path)\n",
   "    for c in repo.commits:\n",
   "        if c.commit_hash == commit_hash:\n",
   "            return c\n"
  ]
 },
 "43": {
  "name": "url",
  "type": "str",
  "class": "build-in",
  "approach": "Pysonar2",
  "file_path": "ge/gecore/test.py",
  "lineno": "21",
  "column": "8",
  "context": "l_dest)\n\n    def test_normal_clone(self):\n        url = \"https://github.com/scanlime/zenphoton\"\n        repo = GitHubRepo(url).clone(local_dir = s",
  "context_lines": "    def tearDown(self):\n        if os.path.exists(self.local_dest):\n            shutil.rmtree(self.local_dest)\n\n    def test_normal_clone(self):\n        url = \"https://github.com/scanlime/zenphoton\"\n        repo = GitHubRepo(url).clone(local_dir = self.local_dest)\n        self.assertEqual(len(repo.name), 9)\n        self.assertIn(\"origin/multi-tool\", repo.branches)\n        self.assertEqual(len(repo.commits), 247)\n\n",
  "slicing": [
   "        url = \"https://github.com/scanlime/zenphoton\"\n",
   "        repo = GitHubRepo(url).clone(local_dir = self.local_dest)\n",
   "        self.assertEqual(len(repo.name), 9)\n",
   "        self.assertIn(\"origin/multi-tool\", repo.branches)\n",
   "        self.assertEqual(len(repo.commits), 247)\n",
   "        repo = GitHubRepo(url).clone(local_dir = self.local_dest)\n",
   "        self.assertEqual(len(repo.name), 8)\n",
   "        self.assertEqual(repo.original_author, \"Kenneth Reitz <me@kennethreitz.com>\")\n",
   "        repo = GitHubRepo(url).clone(self.local_dest)\n",
   "        self.assertEqual(len(repo.name), 0)\n",
   "        repo = GitHubRepo(url).clone(self.local_dest)\n",
   "        self.assertEqual(len(repo.name), 0)\n",
   "        repo = GitHubRepo(url)\n",
   "        repo.clone(local_dir=\"/well/theres/a/golden/age/coming/round\")\n",
   "        self.assertEqual(len(repo.name), 0)\n",
   "        self.assertListEqual(repo.commits, [])\n",
   "        self.assertIn(\"test01\", repo.branches)\n",
   "        self.assertEqual(\"ge\", repo.name)\n",
   "        _ = GitHubRepo(url).clone(local_dir = \"repos\")\n"
  ]
 },
 "44": {
  "name": "repo",
  "type": "UNKNOWN",
  "class": "unknown",
  "approach": "Pysonar2",
  "file_path": "ge/gecore/test.py",
  "lineno": "22",
  "column": "8",
  "context": "= \"https://github.com/scanlime/zenphoton\"\n        repo = GitHubRepo(url).clone(local_dir = self.local_dest)\n        self.assertEqual(len(repo.name), 9)\n      ",
  "context_lines": "        if os.path.exists(self.local_dest):\n            shutil.rmtree(self.local_dest)\n\n    def test_normal_clone(self):\n        url = \"https://github.com/scanlime/zenphoton\"\n        repo = GitHubRepo(url).clone(local_dir = self.local_dest)\n        self.assertEqual(len(repo.name), 9)\n        self.assertIn(\"origin/multi-tool\", repo.branches)\n        self.assertEqual(len(repo.commits), 247)\n\n        url = \"https://github.com/requests/requests\"\n",
  "slicing": [
   "        repo = GitHubRepo(url).clone(local_dir = self.local_dest)\n",
   "        self.assertEqual(len(repo.name), 9)\n",
   "        self.assertIn(\"origin/multi-tool\", repo.branches)\n",
   "        self.assertEqual(len(repo.commits), 247)\n",
   "        self.assertEqual(len(repo.name), 8)\n",
   "        self.assertEqual(repo.original_author, \"Kenneth Reitz <me@kennethreitz.com>\")\n",
   "        self.assertEqual(len(repo.name), 0)\n",
   "        self.assertEqual(len(repo.name), 0)\n",
   "        repo.clone(local_dir=\"/well/theres/a/golden/age/coming/round\")\n",
   "        self.assertEqual(len(repo.name), 0)\n",
   "        self.assertListEqual(repo.commits, [])\n",
   "        self.assertIn(\"test01\", repo.branches)\n",
   "        self.assertEqual(\"ge\", repo.name)\n"
  ]
 },
 "45": {
  "name": "url",
  "type": "str",
  "class": "build-in",
  "approach": "Pysonar2",
  "file_path": "ge/gecore/test.py",
  "lineno": "27",
  "column": "8",
  "context": "self.assertEqual(len(repo.commits), 247)\n\n        url = \"https://github.com/requests/requests\"\n        repo = GitHubRepo(url).clone(local_dir = s",
  "context_lines": "        repo = GitHubRepo(url).clone(local_dir = self.local_dest)\n        self.assertEqual(len(repo.name), 9)\n        self.assertIn(\"origin/multi-tool\", repo.branches)\n        self.assertEqual(len(repo.commits), 247)\n\n        url = \"https://github.com/requests/requests\"\n        repo = GitHubRepo(url).clone(local_dir = self.local_dest)\n        self.assertEqual(len(repo.name), 8)\n        self.assertEqual(repo.original_author, \"Kenneth Reitz <me@kennethreitz.com>\")\n\n    def test_not_a_remote_repo(self):\n",
  "slicing": [
   "        url = \"https://github.com/requests/requests\"\n",
   "        repo = GitHubRepo(url).clone(local_dir = self.local_dest)\n",
   "        self.assertEqual(len(repo.name), 8)\n",
   "        self.assertEqual(repo.original_author, \"Kenneth Reitz <me@kennethreitz.com>\")\n",
   "        repo = GitHubRepo(url).clone(self.local_dest)\n",
   "        self.assertEqual(len(repo.name), 0)\n",
   "        repo = GitHubRepo(url).clone(self.local_dest)\n",
   "        self.assertEqual(len(repo.name), 0)\n",
   "        repo = GitHubRepo(url)\n",
   "        repo.clone(local_dir=\"/well/theres/a/golden/age/coming/round\")\n",
   "        self.assertEqual(len(repo.name), 0)\n",
   "        self.assertListEqual(repo.commits, [])\n",
   "        self.assertIn(\"test01\", repo.branches)\n",
   "        self.assertEqual(\"ge\", repo.name)\n",
   "        _ = GitHubRepo(url).clone(local_dir = \"repos\")\n"
  ]
 },
 "46": {
  "name": "repo",
  "type": "UNKNOWN",
  "class": "unknown",
  "approach": "Pysonar2",
  "file_path": "ge/gecore/test.py",
  "lineno": "28",
  "column": "8",
  "context": " = \"https://github.com/requests/requests\"\n        repo = GitHubRepo(url).clone(local_dir = self.local_dest)\n        self.assertEqual(len(repo.name), 8)\n      ",
  "context_lines": "        self.assertEqual(len(repo.name), 9)\n        self.assertIn(\"origin/multi-tool\", repo.branches)\n        self.assertEqual(len(repo.commits), 247)\n\n        url = \"https://github.com/requests/requests\"\n        repo = GitHubRepo(url).clone(local_dir = self.local_dest)\n        self.assertEqual(len(repo.name), 8)\n        self.assertEqual(repo.original_author, \"Kenneth Reitz <me@kennethreitz.com>\")\n\n    def test_not_a_remote_repo(self):\n        url = \"https://github.com/deorbit\"\n",
  "slicing": [
   "        repo = GitHubRepo(url).clone(local_dir = self.local_dest)\n",
   "        self.assertEqual(len(repo.name), 8)\n",
   "        self.assertEqual(repo.original_author, \"Kenneth Reitz <me@kennethreitz.com>\")\n",
   "        self.assertEqual(len(repo.name), 0)\n",
   "        self.assertEqual(len(repo.name), 0)\n",
   "        repo.clone(local_dir=\"/well/theres/a/golden/age/coming/round\")\n",
   "        self.assertEqual(len(repo.name), 0)\n",
   "        self.assertListEqual(repo.commits, [])\n",
   "        self.assertIn(\"test01\", repo.branches)\n",
   "        self.assertEqual(\"ge\", repo.name)\n"
  ]
 },
 "47": {
  "name": "url",
  "type": "str",
  "class": "build-in",
  "approach": "Pysonar2",
  "file_path": "ge/gecore/test.py",
  "lineno": "33",
  "column": "8",
  "context": "\")\n\n    def test_not_a_remote_repo(self):\n        url = \"https://github.com/deorbit\"\n        repo = GitHubRepo(url).clone(self.local_de",
  "context_lines": "        repo = GitHubRepo(url).clone(local_dir = self.local_dest)\n        self.assertEqual(len(repo.name), 8)\n        self.assertEqual(repo.original_author, \"Kenneth Reitz <me@kennethreitz.com>\")\n\n    def test_not_a_remote_repo(self):\n        url = \"https://github.com/deorbit\"\n        repo = GitHubRepo(url).clone(self.local_dest)\n        self.assertEqual(len(repo.name), 0)\n\n    def test_github_dislikes_name(self):\n        \"\"\"This is not a good test and I'm including it primarily\n",
  "slicing": [
   "        url = \"https://github.com/deorbit\"\n",
   "        repo = GitHubRepo(url).clone(self.local_dest)\n",
   "        self.assertEqual(len(repo.name), 0)\n",
   "        repo = GitHubRepo(url).clone(self.local_dest)\n",
   "        self.assertEqual(len(repo.name), 0)\n",
   "        repo = GitHubRepo(url)\n",
   "        repo.clone(local_dir=\"/well/theres/a/golden/age/coming/round\")\n",
   "        self.assertEqual(len(repo.name), 0)\n",
   "        self.assertListEqual(repo.commits, [])\n",
   "        self.assertIn(\"test01\", repo.branches)\n",
   "        self.assertEqual(\"ge\", repo.name)\n",
   "        _ = GitHubRepo(url).clone(local_dir = \"repos\")\n"
  ]
 },
 "48": {
  "name": "repo",
  "type": "UNKNOWN",
  "class": "unknown",
  "approach": "Pysonar2",
  "file_path": "ge/gecore/test.py",
  "lineno": "34",
  "column": "8",
  "context": "       url = \"https://github.com/deorbit\"\n        repo = GitHubRepo(url).clone(self.local_dest)\n        self.assertEqual(len(repo.name), 0)\n\n    d",
  "context_lines": "        self.assertEqual(len(repo.name), 8)\n        self.assertEqual(repo.original_author, \"Kenneth Reitz <me@kennethreitz.com>\")\n\n    def test_not_a_remote_repo(self):\n        url = \"https://github.com/deorbit\"\n        repo = GitHubRepo(url).clone(self.local_dest)\n        self.assertEqual(len(repo.name), 0)\n\n    def test_github_dislikes_name(self):\n        \"\"\"This is not a good test and I'm including it primarily\n        for entertainment purposes and to show that I think about these things. \n",
  "slicing": [
   "        repo = GitHubRepo(url).clone(self.local_dest)\n",
   "        self.assertEqual(len(repo.name), 0)\n",
   "        self.assertEqual(len(repo.name), 0)\n",
   "        repo.clone(local_dir=\"/well/theres/a/golden/age/coming/round\")\n",
   "        self.assertEqual(len(repo.name), 0)\n",
   "        self.assertListEqual(repo.commits, [])\n",
   "        self.assertIn(\"test01\", repo.branches)\n",
   "        self.assertEqual(\"ge\", repo.name)\n"
  ]
 },
 "49": {
  "name": "url",
  "type": "str",
  "class": "build-in",
  "approach": "Pysonar2",
  "file_path": "ge/gecore/test.py",
  "lineno": "45",
  "column": "8",
  "context": "on certain \n        operating systems.\"\"\"\n        url = \"https://github.com/eeeeeeeeeeeeeeeeeeeeeeeeeeeeeeee/eeeeeeeeeeeeeeeeeeeeeeeeeeeeeeeeeeeeeeeeeeeeeeeeeeeeeeeeeeeeeeeeeeeeeeeeeeeeeeeeeeeeeeeeeeeeeeeeeeee.git\"\n        repo = GitHubRepo(url).clone(self.local_de",
  "context_lines": "        the test depends on GitHub's specification of \"good\" and \"bad\", which\n        we have no control over. It's interesting to consider because even if it \n        could be cloned, it could conceivably cause path length issues on certain \n        operating systems.\"\"\"\n        url = \"https://github.com/eeeeeeeeeeeeeeeeeeeeeeeeeeeeeeee/eeeeeeeeeeeeeeeeeeeeeeeeeeeeeeeeeeeeeeeeeeeeeeeeeeeeeeeeeeeeeeeeeeeeeeeeeeeeeeeeeeeeeeeeeeeeeeeeeeee.git\"\n        repo = GitHubRepo(url).clone(self.local_dest)\n        self.assertEqual(len(repo.name), 0)\n\n    def test_clone_into_bad_dest(self):\n        url = \"https://github.com/hannorein/rebound.git\"\n",
  "slicing": [
   "        url = \"https://github.com/eeeeeeeeeeeeeeeeeeeeeeeeeeeeeeee/eeeeeeeeeeeeeeeeeeeeeeeeeeeeeeeeeeeeeeeeeeeeeeeeeeeeeeeeeeeeeeeeeeeeeeeeeeeeeeeeeeeeeeeeeeeeeeeeeeee.git\"\n",
   "        repo = GitHubRepo(url).clone(self.local_dest)\n",
   "        self.assertEqual(len(repo.name), 0)\n",
   "        repo = GitHubRepo(url)\n",
   "        repo.clone(local_dir=\"/well/theres/a/golden/age/coming/round\")\n",
   "        self.assertEqual(len(repo.name), 0)\n",
   "        self.assertListEqual(repo.commits, [])\n",
   "        self.assertIn(\"test01\", repo.branches)\n",
   "        self.assertEqual(\"ge\", repo.name)\n",
   "        _ = GitHubRepo(url).clone(local_dir = \"repos\")\n"
  ]
 },
 "50": {
  "name": "repo",
  "type": "UNKNOWN",
  "class": "unknown",
  "approach": "Pysonar2",
  "file_path": "ge/gecore/test.py",
  "lineno": "46",
  "column": "8",
  "context": "eeeeeeeeeeeeeeeeeeeeeeeeeeeeeeeeeeee.git\"\n        repo = GitHubRepo(url).clone(self.local_dest)\n        self.assertEqual(len(repo.name), 0)\n\n    d",
  "context_lines": "        we have no control over. It's interesting to consider because even if it \n        could be cloned, it could conceivably cause path length issues on certain \n        operating systems.\"\"\"\n        url = \"https://github.com/eeeeeeeeeeeeeeeeeeeeeeeeeeeeeeee/eeeeeeeeeeeeeeeeeeeeeeeeeeeeeeeeeeeeeeeeeeeeeeeeeeeeeeeeeeeeeeeeeeeeeeeeeeeeeeeeeeeeeeeeeeeeeeeeeeee.git\"\n        repo = GitHubRepo(url).clone(self.local_dest)\n        self.assertEqual(len(repo.name), 0)\n\n    def test_clone_into_bad_dest(self):\n        url = \"https://github.com/hannorein/rebound.git\"\n        repo = GitHubRepo(url)\n",
  "slicing": [
   "        repo = GitHubRepo(url).clone(self.local_dest)\n",
   "        self.assertEqual(len(repo.name), 0)\n",
   "        repo.clone(local_dir=\"/well/theres/a/golden/age/coming/round\")\n",
   "        self.assertEqual(len(repo.name), 0)\n",
   "        self.assertListEqual(repo.commits, [])\n",
   "        self.assertIn(\"test01\", repo.branches)\n",
   "        self.assertEqual(\"ge\", repo.name)\n"
  ]
 },
 "51": {
  "name": "url",
  "type": "str",
  "class": "build-in",
  "approach": "Pysonar2",
  "file_path": "ge/gecore/test.py",
  "lineno": "50",
  "column": "8",
  "context": "\n\n    def test_clone_into_bad_dest(self):\n        url = \"https://github.com/hannorein/rebound.git\"\n        repo = GitHubRepo(url)\n        repo.clone(",
  "context_lines": "        url = \"https://github.com/eeeeeeeeeeeeeeeeeeeeeeeeeeeeeeee/eeeeeeeeeeeeeeeeeeeeeeeeeeeeeeeeeeeeeeeeeeeeeeeeeeeeeeeeeeeeeeeeeeeeeeeeeeeeeeeeeeeeeeeeeeeeeeeeeeee.git\"\n        repo = GitHubRepo(url).clone(self.local_dest)\n        self.assertEqual(len(repo.name), 0)\n\n    def test_clone_into_bad_dest(self):\n        url = \"https://github.com/hannorein/rebound.git\"\n        repo = GitHubRepo(url)\n        repo.clone(local_dir=\"/well/theres/a/golden/age/coming/round\")\n        self.assertEqual(len(repo.name), 0)\n        self.assertListEqual(repo.commits, [])\n\n",
  "slicing": [
   "        url = \"https://github.com/hannorein/rebound.git\"\n",
   "        repo = GitHubRepo(url)\n",
   "        repo.clone(local_dir=\"/well/theres/a/golden/age/coming/round\")\n",
   "        self.assertEqual(len(repo.name), 0)\n",
   "        self.assertListEqual(repo.commits, [])\n",
   "        self.assertIn(\"test01\", repo.branches)\n",
   "        self.assertEqual(\"ge\", repo.name)\n",
   "        _ = GitHubRepo(url).clone(local_dir = \"repos\")\n"
  ]
 },
 "52": {
  "name": "repo",
  "type": "gecore.github_repo.GitHubRepo",
  "class": "customized",
  "approach": "annotation",
  "file_path": "ge/gecore/test.py",
  "lineno": "51",
  "column": "8",
  "context": "https://github.com/hannorein/rebound.git\"\n        repo = GitHubRepo(url)\n        repo.clone(local_dir=\"/well/theres/a/golde",
  "context_lines": "        repo = GitHubRepo(url).clone(self.local_dest)\n        self.assertEqual(len(repo.name), 0)\n\n    def test_clone_into_bad_dest(self):\n        url = \"https://github.com/hannorein/rebound.git\"\n        repo = GitHubRepo(url)\n        repo.clone(local_dir=\"/well/theres/a/golden/age/coming/round\")\n        self.assertEqual(len(repo.name), 0)\n        self.assertListEqual(repo.commits, [])\n\n    def test_load_repository(self):\n",
  "slicing": [
   "        repo = GitHubRepo(url)\n",
   "        repo.clone(local_dir=\"/well/theres/a/golden/age/coming/round\")\n",
   "        self.assertEqual(len(repo.name), 0)\n",
   "        self.assertListEqual(repo.commits, [])\n",
   "        self.assertIn(\"test01\", repo.branches)\n",
   "        self.assertEqual(\"ge\", repo.name)\n"
  ]
 },
 "53": {
  "name": "repo",
  "type": "gecore.github_repo.load_repository",
  "class": "imported",
  "approach": "annotation",
  "file_path": "ge/gecore/test.py",
  "lineno": "57",
  "column": "8",
  "context": " [])\n\n    def test_load_repository(self):\n        repo = load_repository(\"./\")\n        self.assertIn(\"test01\", repo.branches)\n   ",
  "context_lines": "        repo.clone(local_dir=\"/well/theres/a/golden/age/coming/round\")\n        self.assertEqual(len(repo.name), 0)\n        self.assertListEqual(repo.commits, [])\n\n    def test_load_repository(self):\n        repo = load_repository(\"./\")\n        self.assertIn(\"test01\", repo.branches)\n        self.assertEqual(\"ge\", repo.name)\n\n    def test_commit_timestamp(self):\n        url = \"https://github.com/requests/requests\"\n",
  "slicing": [
   "        repo = load_repository(\"./\")\n",
   "        self.assertIn(\"test01\", repo.branches)\n",
   "        self.assertEqual(\"ge\", repo.name)\n"
  ]
 },
 "54": {
  "name": "url",
  "type": "str",
  "class": "build-in",
  "approach": "Pysonar2",
  "file_path": "ge/gecore/test.py",
  "lineno": "62",
  "column": "8",
  "context": "me)\n\n    def test_commit_timestamp(self):\n        url = \"https://github.com/requests/requests\"\n        _ = GitHubRepo(url).clone(local_dir = \"rep",
  "context_lines": "        repo = load_repository(\"./\")\n        self.assertIn(\"test01\", repo.branches)\n        self.assertEqual(\"ge\", repo.name)\n\n    def test_commit_timestamp(self):\n        url = \"https://github.com/requests/requests\"\n        _ = GitHubRepo(url).clone(local_dir = \"repos\")\n        commit = gecore.commit.get_commit(\"requests\", \"8761e9736f7d5508a5547cdf3adecbe0b7306278\")\n        if os.path.exists(\"repos/requests\"):\n            shutil.rmtree(\"repos/requests\")\n",
  "slicing": [
   "        url = \"https://github.com/requests/requests\"\n",
   "        _ = GitHubRepo(url).clone(local_dir = \"repos\")\n"
  ]
 },
 "55": {
  "name": "_",
  "type": "UNKNOWN",
  "class": "unknown",
  "approach": "Pysonar2",
  "file_path": "ge/gecore/test.py",
  "lineno": "63",
  "column": "8",
  "context": " = \"https://github.com/requests/requests\"\n        _ = GitHubRepo(url).clone(local_dir = \"repos\")\n        commit = gecore.commit.get_commit(\"request",
  "context_lines": "        self.assertIn(\"test01\", repo.branches)\n        self.assertEqual(\"ge\", repo.name)\n\n    def test_commit_timestamp(self):\n        url = \"https://github.com/requests/requests\"\n        _ = GitHubRepo(url).clone(local_dir = \"repos\")\n        commit = gecore.commit.get_commit(\"requests\", \"8761e9736f7d5508a5547cdf3adecbe0b7306278\")\n        if os.path.exists(\"repos/requests\"):\n            shutil.rmtree(\"repos/requests\")\n",
  "slicing": "        _ = GitHubRepo(url).clone(local_dir = \"repos\")\n"
 },
 "56": {
  "name": "commit",
  "type": "UNKNOWN",
  "class": "unknown",
  "approach": "Pysonar2",
  "file_path": "ge/gecore/test.py",
  "lineno": "64",
  "column": "8",
  "context": "itHubRepo(url).clone(local_dir = \"repos\")\n        commit = gecore.commit.get_commit(\"requests\", \"8761e9736f7d5508a5547cdf3adecbe0b7306278\")\n        if os.path.exists(\"repos/requests\"):\n     ",
  "context_lines": "        self.assertEqual(\"ge\", repo.name)\n\n    def test_commit_timestamp(self):\n        url = \"https://github.com/requests/requests\"\n        _ = GitHubRepo(url).clone(local_dir = \"repos\")\n        commit = gecore.commit.get_commit(\"requests\", \"8761e9736f7d5508a5547cdf3adecbe0b7306278\")\n        if os.path.exists(\"repos/requests\"):\n            shutil.rmtree(\"repos/requests\")\n",
  "slicing": [
   "        commit = gecore.commit.get_commit(\"requests\", \"8761e9736f7d5508a5547cdf3adecbe0b7306278\")\n",
   "        self.assertEqual(commit.timestamp, \"Tue, 04 Dec 2018 19:16 UTC\")\n"
  ]
 },
 "57": {
  "name": "info",
  "type": "UNKNOWN",
  "class": "unknown",
  "approach": "Pysonar2",
  "file_path": "ge/gapi/repository.py",
  "lineno": "14",
  "column": "30",
  "context": "phene.List(Commit)\n\n    def resolve_commits(self, info):\n        return get_commits(self.name)\n\ndef get_rep",
  "context_lines": "    name = graphene.String()\n    original_author = graphene.String()\n    branches = graphene.List(graphene.String)\n    commits = graphene.List(Commit)\n\n    def resolve_commits(self, info):\n        return get_commits(self.name)\n\ndef get_repository(name: str = None):\n    \"\"\"Fetch a gecore repository and return it as a\n    GraphQL object.\"\"\"\n",
  "slicing": "    def resolve_commits(self, info):\n"
 },
 "58": {
  "name": "name",
  "type": "str",
  "class": "build-in",
  "approach": "annotation",
  "file_path": "ge/gapi/repository.py",
  "lineno": "17",
  "column": "19",
  "context": "return get_commits(self.name)\n\ndef get_repository(name: str = None):\n    \"\"\"Fetch a gecore repository and return it as ",
  "context_lines": "    branches = graphene.List(graphene.String)\n    commits = graphene.List(Commit)\n\n    def resolve_commits(self, info):\n        return get_commits(self.name)\n\ndef get_repository(name: str = None):\n    \"\"\"Fetch a gecore repository and return it as a\n    GraphQL object.\"\"\"\n    try:\n        local_dir = os.environ['GE_REPO_DIR']\n",
  "slicing": "def get_repository(name: str = None):\n"
 },
 "59": {
  "name": "info",
  "type": "UNKNOWN",
  "class": "unknown",
  "approach": "Pysonar2",
  "file_path": "ge/gapi/clone_repo.py",
  "lineno": "12",
  "column": "21",
  "context": "e.Field(lambda: Repository)\n\n    def mutate(self, info, url=None):\n        try:\n            local_dir = os.environ[\"G",
  "context_lines": "class CloneRepo(graphene.Mutation):\n    class Arguments:\n        url = graphene.String()\n    \n    repository = graphene.Field(lambda: Repository)\n\n    def mutate(self, info, url=None):\n        try:\n            local_dir = os.environ[\"GE_REPO_DIR\"]\n        except KeyError:\n            local_dir = \"\"\n        \n",
  "slicing": "    def mutate(self, info, url=None):\n"
 },
 "60": {
  "name": "url",
  "type": "UNKNOWN",
  "class": "unknown",
  "approach": "Pysonar2",
  "file_path": "ge/gapi/clone_repo.py",
  "lineno": "12",
  "column": "27",
  "context": "d(lambda: Repository)\n\n    def mutate(self, info, url=None):\n        try:\n            local_dir = os.environ[\"G",
  "context_lines": "class CloneRepo(graphene.Mutation):\n    class Arguments:\n        url = graphene.String()\n    \n    repository = graphene.Field(lambda: Repository)\n\n    def mutate(self, info, url=None):\n        try:\n            local_dir = os.environ[\"GE_REPO_DIR\"]\n        except KeyError:\n            local_dir = \"\"\n        \n",
  "slicing": "    def mutate(self, info, url=None):\n"
 },
 "61": {
  "name": "c",
  "type": "UNKNOWN",
  "class": "unknown",
  "approach": "Pysonar2",
  "file_path": "ge/gapi/commit.py",
  "lineno": "13",
  "column": "25",
  "context": "ash = graphene.String()\n\ndef get_commit_from_core(c: gecore.commit.Commit) -> Commit:\n    \"\"\"Convert a gecore Commit object to a GraphQL",
  "context_lines": "    timestamp = graphene.String()\n    message = graphene.String()\n    author = graphene.String()\n    commit_hash = graphene.String()\n\ndef get_commit_from_core(c: gecore.commit.Commit) -> Commit:\n    \"\"\"Convert a gecore Commit object to a GraphQL Commit object.\"\"\"\n    commit = Commit()\n    commit.timestamp = c.timestamp\n    commit.message = c.message\n",
  "slicing": [
   "def get_commit_from_core(c: gecore.commit.Commit) -> Commit:\n",
   "    commit.commit_hash = c.commit_hash\n",
   "        commits.append(get_commit_from_core(c))\n"
  ]
 },
 "62": {
  "name": "repo_name",
  "type": "str",
  "class": "build-in",
  "approach": "annotation",
  "file_path": "ge/gapi/commit.py",
  "lineno": "23",
  "column": "15",
  "context": "ommit_hash\n\n    return commit\n    \ndef get_commit(repo_name: str, commit_hash:str) -> Commit:\n    \"\"\"Fetch a gecore Commit object using reposito",
  "context_lines": "    commit.message = c.message\n    commit.author = c.author\n    commit.commit_hash = c.commit_hash\n\n    return commit\n    \ndef get_commit(repo_name: str, commit_hash:str) -> Commit:\n    \"\"\"Fetch a gecore Commit object using repository name and hash\n    and return it as a GraphQL Commit object.\"\"\"\n    return get_commit_from_core(gecore.commit.get_commit(repo_name, commit_hash))\n    \ndef get_commits(repo_name: str) -> List[Commit]:\n",
  "slicing": "def get_commit(repo_name: str, commit_hash:str) -> Commit:\n"
 },
 "63": {
  "name": "commit_hash",
  "type": "str",
  "class": "build-in",
  "approach": "annotation",
  "file_path": "ge/gapi/commit.py",
  "lineno": "23",
  "column": "31",
  "context": "return commit\n    \ndef get_commit(repo_name: str, commit_hash:str) -> Commit:\n    \"\"\"Fetch a gecore Commit object using reposito",
  "context_lines": "    commit.message = c.message\n    commit.author = c.author\n    commit.commit_hash = c.commit_hash\n\n    return commit\n    \ndef get_commit(repo_name: str, commit_hash:str) -> Commit:\n    \"\"\"Fetch a gecore Commit object using repository name and hash\n    and return it as a GraphQL Commit object.\"\"\"\n    return get_commit_from_core(gecore.commit.get_commit(repo_name, commit_hash))\n    \ndef get_commits(repo_name: str) -> List[Commit]:\n",
  "slicing": "def get_commit(repo_name: str, commit_hash:str) -> Commit:\n"
 },
 "64": {
  "name": "repo_name",
  "type": "str",
  "class": "build-in",
  "approach": "annotation",
  "file_path": "ge/gapi/commit.py",
  "lineno": "28",
  "column": "16",
  "context": "mit(repo_name, commit_hash))\n    \ndef get_commits(repo_name: str) -> List[Commit]:\n    \"\"\"Fetch gecore commits and return them as a l",
  "context_lines": "def get_commit(repo_name: str, commit_hash:str) -> Commit:\n    \"\"\"Fetch a gecore Commit object using repository name and hash\n    and return it as a GraphQL Commit object.\"\"\"\n    return get_commit_from_core(gecore.commit.get_commit(repo_name, commit_hash))\n    \ndef get_commits(repo_name: str) -> List[Commit]:\n    \"\"\"Fetch gecore commits and return them as a list of GraphQL\n    commit objects.\"\"\"\n    try:\n        local_dir = os.environ['GE_REPO_DIR']\n",
  "slicing": "def get_commits(repo_name: str) -> List[Commit]:\n"
 },
 "65": {
  "name": "info",
  "type": "UNKNOWN",
  "class": "unknown",
  "approach": "Pysonar2",
  "file_path": "ge/gapi/query.py",
  "lineno": "10",
  "column": "33",
  "context": "phene.String())\n\n    def resolve_repository(self, info, name=None):\n        return get_repository(name)\n\n    def resol",
  "context_lines": "class GiQuery(graphene.ObjectType):\n    \"\"\"The root query for the GraphQL service.\"\"\"\n    repository = graphene.Field(Repository, name=graphene.String())\n    commit = graphene.Field(Commit, name=graphene.String(), commit_hash=graphene.String())\n\n    def resolve_repository(self, info, name=None):\n        return get_repository(name)\n\n    def resolve_commit(self, info, name=None, commit_hash=None):\n",
  "slicing": "    def resolve_repository(self, info, name=None):\n"
 },
 "66": {
  "name": "name",
  "type": "UNKNOWN",
  "class": "unknown",
  "approach": "Pysonar2",
  "file_path": "ge/gapi/query.py",
  "lineno": "10",
  "column": "39",
  "context": "String())\n\n    def resolve_repository(self, info, name=None):\n        return get_repository(name)\n\n    def resol",
  "context_lines": "class GiQuery(graphene.ObjectType):\n    \"\"\"The root query for the GraphQL service.\"\"\"\n    repository = graphene.Field(Repository, name=graphene.String())\n    commit = graphene.Field(Commit, name=graphene.String(), commit_hash=graphene.String())\n\n    def resolve_repository(self, info, name=None):\n        return get_repository(name)\n\n    def resolve_commit(self, info, name=None, commit_hash=None):\n",
  "slicing": "    def resolve_repository(self, info, name=None):\n"
 },
 "67": {
  "name": "info",
  "type": "UNKNOWN",
  "class": "unknown",
  "approach": "Pysonar2",
  "file_path": "ge/gapi/query.py",
  "lineno": "13",
  "column": "29",
  "context": "et_repository(name)\n\n    def resolve_commit(self, info, name=None, commit_hash=None):\n        return get_commit(name, commit_hash)\n",
  "context_lines": "    repository = graphene.Field(Repository, name=graphene.String())\n    commit = graphene.Field(Commit, name=graphene.String(), commit_hash=graphene.String())\n\n    def resolve_repository(self, info, name=None):\n        return get_repository(name)\n\n    def resolve_commit(self, info, name=None, commit_hash=None):\n",
  "slicing": "    def resolve_commit(self, info, name=None, commit_hash=None):\n"
 },
 "68": {
  "name": "name",
  "type": "UNKNOWN",
  "class": "unknown",
  "approach": "Pysonar2",
  "file_path": "ge/gapi/query.py",
  "lineno": "13",
  "column": "35",
  "context": "ository(name)\n\n    def resolve_commit(self, info, name=None, commit_hash=None):\n        return get_commit(name, commit_hash)\n",
  "context_lines": "    repository = graphene.Field(Repository, name=graphene.String())\n    commit = graphene.Field(Commit, name=graphene.String(), commit_hash=graphene.String())\n\n    def resolve_repository(self, info, name=None):\n        return get_repository(name)\n\n    def resolve_commit(self, info, name=None, commit_hash=None):\n",
  "slicing": "    def resolve_commit(self, info, name=None, commit_hash=None):\n"
 },
 "69": {
  "name": "commit_hash",
  "type": "UNKNOWN",
  "class": "unknown",
  "approach": "Pysonar2",
  "file_path": "ge/gapi/query.py",
  "lineno": "13",
  "column": "46",
  "context": "e)\n\n    def resolve_commit(self, info, name=None, commit_hash=None):\n        return get_commit(name, commit_hash)\n",
  "context_lines": "    repository = graphene.Field(Repository, name=graphene.String())\n    commit = graphene.Field(Commit, name=graphene.String(), commit_hash=graphene.String())\n\n    def resolve_repository(self, info, name=None):\n        return get_repository(name)\n\n    def resolve_commit(self, info, name=None, commit_hash=None):\n",
  "slicing": "    def resolve_commit(self, info, name=None, commit_hash=None):\n"
 },
 "70": {
  "name": "url",
  "type": "str",
  "class": "build-in",
  "approach": "annotation",
  "file_path": "ge/gecore/github_repo.py",
  "lineno": "25",
  "column": "23",
  "context": "ist of all commits\n    \"\"\"\n    def __init__(self, url: str = None) -> None:\n        self.url = url\n        self.name: str = \"\"",
  "context_lines": "        original_author: who wrote the first commit?\n        branches: list of branches\n        commits: list of all commits\n    \"\"\"\n    def __init__(self, url: str = None) -> None:\n        self.url = url\n        self.name: str = \"\"\n        self.original_author: str = \"\"\n        self.branches: List[str] = []\n",
  "slicing": "    def __init__(self, url: str = None) -> None:\n"
 },
 "71": {
  "name": "local_dir",
  "type": "str",
  "class": "build-in",
  "approach": "annotation",
  "file_path": "ge/gecore/github_repo.py",
  "lineno": "32",
  "column": "23",
  "context": "ecore.commit.Commit] = []\n\n    def clone(self: T, local_dir: str = \"\") -> T:\n        \"\"\"Clones a git repository hosted at self.",
  "context_lines": "        self.name: str = \"\"\n        self.original_author: str = \"\"\n        self.branches: List[str] = []\n        self.commits: List[gecore.commit.Commit] = []\n\n    def clone(self: T, local_dir: str = \"\") -> T:\n        \"\"\"Clones a git repository hosted at self.url into local_dir.\n        Args:\n            local_dir: directory holding the .git directory\n\n        Returns:\n",
  "slicing": "    def clone(self: T, local_dir: str = \"\") -> T:\n"
 },
 "72": {
  "name": "repo",
  "type": "UNKNOWN",
  "class": "unknown",
  "approach": "Pysonar2",
  "file_path": "ge/gecore/github_repo.py",
  "lineno": "55",
  "column": "23",
  "context": "ry_repo\n\n    @staticmethod\n    def from_GitPython(repo: git.Repo) -> T:\n        \"\"\"Converts a GitPython Repo into our GitH",
  "context_lines": "        in_memory_repo = GitHubRepo.from_GitPython(cloned_repo)\n        in_memory_repo.name = name\n        return in_memory_repo\n\n    @staticmethod\n    def from_GitPython(repo: git.Repo) -> T:\n        \"\"\"Converts a GitPython Repo into our GitHubRepo\n        format for in-memory use.\n\n        Args:\n            repo: a repository object produced by the GitPython package\n\n",
  "slicing": "    def from_GitPython(repo: git.Repo) -> T:\n"
 },
 "73": {
  "name": "repo_dir",
  "type": "str",
  "class": "build-in",
  "approach": "annotation",
  "file_path": "ge/gecore/github_repo.py",
  "lineno": "78",
  "column": "20",
  "context": "ree_dir)[1]\n        return r\n\ndef load_repository(repo_dir: str) -> GitHubRepo:\n    \"\"\"Load a repository from disk into memory.\n  ",
  "context_lines": "        first_commit = r.commits[-1]\n        r.original_author = first_commit.author\n        r.name = os.path.split(repo.working_tree_dir)[1]\n        return r\n\ndef load_repository(repo_dir: str) -> GitHubRepo:\n    \"\"\"Load a repository from disk into memory.\n    \n    Args:\n        repo_dir: name of directory containing the .git directory\n\n    Returns:\n",
  "slicing": "def load_repository(repo_dir: str) -> GitHubRepo:\n"
 },
 "74": {
  "name": "timestamp",
  "type": "str",
  "class": "build-in",
  "approach": "annotation",
  "file_path": "ge/gecore/commit.py",
  "lineno": "14",
  "column": "8",
  "context": "he commit\n    \"\"\"\n    def __init__(self, \n        timestamp:str = \"\", \n        message:str = \"\", \n        author:str = \"\"",
  "context_lines": "        author: commit creator\n        commit_hash: hex SHA1 for the commit\n    \"\"\"\n    def __init__(self, \n        timestamp:str = \"\", \n        message:str = \"\", \n        author:str = \"\", \n        commit_hash:str = \"\") -> None:\n        self.timestamp: str = timestamp\n",
  "slicing": "        timestamp:str = \"\", \n"
 },
 "75": {
  "name": "message",
  "type": "str",
  "class": "build-in",
  "approach": "annotation",
  "file_path": "ge/gecore/commit.py",
  "lineno": "15",
  "column": "8",
  "context": "nit__(self, \n        timestamp:str = \"\", \n        message:str = \"\", \n        author:str = \"\", \n        commit_hash:str ",
  "context_lines": "        commit_hash: hex SHA1 for the commit\n    \"\"\"\n    def __init__(self, \n        timestamp:str = \"\", \n        message:str = \"\", \n        author:str = \"\", \n        commit_hash:str = \"\") -> None:\n        self.timestamp: str = timestamp\n        self.message: str = message\n",
  "slicing": "        message:str = \"\", \n"
 },
 "76": {
  "name": "author",
  "type": "str",
  "class": "build-in",
  "approach": "annotation",
  "file_path": "ge/gecore/commit.py",
  "lineno": "16",
  "column": "8",
  "context": "amp:str = \"\", \n        message:str = \"\", \n        author:str = \"\", \n        commit_hash:str = \"\") -> None:\n        sel",
  "context_lines": "    \"\"\"\n    def __init__(self, \n        timestamp:str = \"\", \n        message:str = \"\", \n        author:str = \"\", \n        commit_hash:str = \"\") -> None:\n        self.timestamp: str = timestamp\n        self.message: str = message\n        self.author: str = author\n",
  "slicing": "        author:str = \"\", \n"
 },
 "77": {
  "name": "commit_hash",
  "type": "str",
  "class": "build-in",
  "approach": "annotation",
  "file_path": "ge/gecore/commit.py",
  "lineno": "17",
  "column": "8",
  "context": "sage:str = \"\", \n        author:str = \"\", \n        commit_hash:str = \"\") -> None:\n        self.timestamp: str = timestamp\n        se",
  "context_lines": "    def __init__(self, \n        timestamp:str = \"\", \n        message:str = \"\", \n        author:str = \"\", \n        commit_hash:str = \"\") -> None:\n        self.timestamp: str = timestamp\n        self.message: str = message\n        self.author: str = author\n        self.commit_hash: str = commit_hash\n\n",
  "slicing": "        commit_hash:str = \"\") -> None:\n"
 },
 "78": {
  "name": "repo_name",
  "type": "str",
  "class": "build-in",
  "approach": "annotation",
  "file_path": "ge/gecore/commit.py",
  "lineno": "23",
  "column": "15",
  "context": "lf.commit_hash: str = commit_hash\n\ndef get_commit(repo_name: str, commit_hash:str) -> Commit:\n    \"\"\"Fetch a gecore Commit object using reposito",
  "context_lines": "        self.timestamp: str = timestamp\n        self.message: str = message\n        self.author: str = author\n        self.commit_hash: str = commit_hash\n\ndef get_commit(repo_name: str, commit_hash:str) -> Commit:\n    \"\"\"Fetch a gecore Commit object using repository name and hash.\n    \n    Args:\n        repo_name: the name of the repo on disk (NB: this is not the \n        full path of the repo, just the tail)\n",
  "slicing": "def get_commit(repo_name: str, commit_hash:str) -> Commit:\n"
 },
 "79": {
  "name": "commit_hash",
  "type": "str",
  "class": "build-in",
  "approach": "annotation",
  "file_path": "ge/gecore/commit.py",
  "lineno": "23",
  "column": "31",
  "context": "str = commit_hash\n\ndef get_commit(repo_name: str, commit_hash:str) -> Commit:\n    \"\"\"Fetch a gecore Commit object using reposito",
  "context_lines": "        self.timestamp: str = timestamp\n        self.message: str = message\n        self.author: str = author\n        self.commit_hash: str = commit_hash\n\ndef get_commit(repo_name: str, commit_hash:str) -> Commit:\n    \"\"\"Fetch a gecore Commit object using repository name and hash.\n    \n    Args:\n        repo_name: the name of the repo on disk (NB: this is not the \n        full path of the repo, just the tail)\n",
  "slicing": "def get_commit(repo_name: str, commit_hash:str) -> Commit:\n"
 }
}