{
 "1": {
  "name": "script_dir",
  "type": "str",
  "class": "build-in",
  "approach": "Pysonar2",
  "file_path": "generic-cli/setup.py",
  "lineno": "8",
  "column": "4",
  "context": "d(file_name):\n    '''Read contents of file'''\n    script_dir = os.path.dirname(__file__)\n    file_path = os.path.join(script_dir, file_name",
  "context_lines": "import os\n\nfrom setuptools import setup, find_packages\n\n\ndef read(file_name):\n    '''Read contents of file'''\n    script_dir = os.path.dirname(__file__)\n    file_path = os.path.join(script_dir, file_name)\n    with open(file_path, \"rt\") as file:\n        return file.read()\n\n\nsetup(name=\"generic-cli\",\n",
  "slicing": [
   "    script_dir = os.path.dirname(__file__)\n",
   "    file_path = os.path.join(script_dir, file_name)\n",
   "    with open(file_path, \"rt\") as file:\n"
  ]
 },
 "2": {
  "name": "file_path",
  "type": "str",
  "class": "build-in",
  "approach": "Pysonar2",
  "file_path": "generic-cli/setup.py",
  "lineno": "9",
  "column": "4",
  "context": "''\n    script_dir = os.path.dirname(__file__)\n    file_path = os.path.join(script_dir, file_name)\n    with open(file_path, \"rt\") as file:\n        re",
  "context_lines": "from setuptools import setup, find_packages\n\n\ndef read(file_name):\n    '''Read contents of file'''\n    script_dir = os.path.dirname(__file__)\n    file_path = os.path.join(script_dir, file_name)\n    with open(file_path, \"rt\") as file:\n        return file.read()\n\n\nsetup(name=\"generic-cli\",\n      author=\"Maximus Wasylow\",\n",
  "slicing": [
   "    file_path = os.path.join(script_dir, file_name)\n",
   "    with open(file_path, \"rt\") as file:\n"
  ]
 },
 "3": {
  "name": "PolicyType",
  "type": "dict",
  "class": "build-in",
  "approach": "annotation",
  "file_path": "generic-cli/generic_cli/config.py",
  "lineno": "11",
  "column": "0",
  "context": "wait_base\nimport aiohttp\n\nfrom . import defaults\n\nPolicyType = Union[stop_base, wait_base]\n\n\n@dataclass\nclass SessionConfig:\n    '''\n    Cont",
  "context_lines": "from tenacity.stop import stop_base\nfrom tenacity.wait import wait_base\nimport aiohttp\n\nfrom . import defaults\n\nPolicyType = Union[stop_base, wait_base]\n\n\n@dataclass\nclass SessionConfig:\n    '''\n",
  "slicing": [
   "PolicyType = Union[stop_base, wait_base]\n",
   "    retry_policy: Dict[str, PolicyType] = field(default_factory=lambda: defaults.RETRY_POLICY)\n"
  ]
 },
 "4": {
  "name": "retry_codes",
  "type": "dict",
  "class": "build-in",
  "approach": "annotation",
  "file_path": "generic-cli/generic_cli/config.py",
  "lineno": "20",
  "column": "4",
  "context": "try specification, error throwing etc\n    '''\n    retry_codes: Collection[str] = field(default_factory=lambda: defaults.RETRY_CODES)\n    retry_errors: Iterable[Type[Exception]] = fiel",
  "context_lines": "    '''\n    Contains session configuration for Client\n    That includes retry specification, error throwing etc\n    '''\n    retry_codes: Collection[str] = field(default_factory=lambda: defaults.RETRY_CODES)\n    retry_errors: Iterable[Type[Exception]] = field(default_factory=tuple)\n    retry_policy: Dict[str, PolicyType] = field(default_factory=lambda: defaults.RETRY_POLICY)\n    timeout: int = defaults.TIMEOUT\n    on_connerr: bool = True\n",
  "slicing": "    retry_codes: Collection[str] = field(default_factory=lambda: defaults.RETRY_CODES)\n"
 },
 "5": {
  "name": "retry_errors",
  "type": "dict",
  "class": "build-in",
  "approach": "annotation",
  "file_path": "generic-cli/generic_cli/config.py",
  "lineno": "21",
  "column": "4",
  "context": "default_factory=lambda: defaults.RETRY_CODES)\n    retry_errors: Iterable[Type[Exception]] = field(default_factory=tuple)\n    retry_policy: Dict[str, PolicyType] = field(de",
  "context_lines": "    Contains session configuration for Client\n    That includes retry specification, error throwing etc\n    '''\n    retry_codes: Collection[str] = field(default_factory=lambda: defaults.RETRY_CODES)\n    retry_errors: Iterable[Type[Exception]] = field(default_factory=tuple)\n    retry_policy: Dict[str, PolicyType] = field(default_factory=lambda: defaults.RETRY_POLICY)\n    timeout: int = defaults.TIMEOUT\n    on_connerr: bool = True\n    on_timeout: bool = False\n",
  "slicing": "    retry_errors: Iterable[Type[Exception]] = field(default_factory=tuple)\n"
 },
 "6": {
  "name": "retry_policy",
  "type": "dict",
  "class": "build-in",
  "approach": "annotation",
  "file_path": "generic-cli/generic_cli/config.py",
  "lineno": "22",
  "column": "4",
  "context": "pe[Exception]] = field(default_factory=tuple)\n    retry_policy: Dict[str, PolicyType] = field(default_factory=lambda: defaults.RETRY_POLICY)\n    timeout: int = defaults.TIMEOUT\n    on_connerr",
  "context_lines": "    That includes retry specification, error throwing etc\n    '''\n    retry_codes: Collection[str] = field(default_factory=lambda: defaults.RETRY_CODES)\n    retry_errors: Iterable[Type[Exception]] = field(default_factory=tuple)\n    retry_policy: Dict[str, PolicyType] = field(default_factory=lambda: defaults.RETRY_POLICY)\n    timeout: int = defaults.TIMEOUT\n    on_connerr: bool = True\n    on_timeout: bool = False\n    def __post_init__(self) -> None:\n",
  "slicing": "    retry_policy: Dict[str, PolicyType] = field(default_factory=lambda: defaults.RETRY_POLICY)\n"
 },
 "7": {
  "name": "timeout",
  "type": "int",
  "class": "build-in",
  "approach": "annotation",
  "file_path": "generic-cli/generic_cli/config.py",
  "lineno": "23",
  "column": "4",
  "context": "efault_factory=lambda: defaults.RETRY_POLICY)\n    timeout: int = defaults.TIMEOUT\n    on_connerr: bool = True\n    on_timeout: bool =",
  "context_lines": "    '''\n    retry_codes: Collection[str] = field(default_factory=lambda: defaults.RETRY_CODES)\n    retry_errors: Iterable[Type[Exception]] = field(default_factory=tuple)\n    retry_policy: Dict[str, PolicyType] = field(default_factory=lambda: defaults.RETRY_POLICY)\n    timeout: int = defaults.TIMEOUT\n    on_connerr: bool = True\n    on_timeout: bool = False\n    def __post_init__(self) -> None:\n        self.retry_codes = {str(retry_code) for retry_code in self.retry_codes}\n",
  "slicing": "    timeout: int = defaults.TIMEOUT\n"
 },
 "8": {
  "name": "on_connerr",
  "type": "bool",
  "class": "build-in",
  "approach": "annotation",
  "file_path": "generic-cli/generic_cli/config.py",
  "lineno": "24",
  "column": "4",
  "context": "Y_POLICY)\n    timeout: int = defaults.TIMEOUT\n    on_connerr: bool = True\n    on_timeout: bool = False\n    def __post_init__",
  "context_lines": "    retry_codes: Collection[str] = field(default_factory=lambda: defaults.RETRY_CODES)\n    retry_errors: Iterable[Type[Exception]] = field(default_factory=tuple)\n    retry_policy: Dict[str, PolicyType] = field(default_factory=lambda: defaults.RETRY_POLICY)\n    timeout: int = defaults.TIMEOUT\n    on_connerr: bool = True\n    on_timeout: bool = False\n    def __post_init__(self) -> None:\n        self.retry_codes = {str(retry_code) for retry_code in self.retry_codes}\n        if self.on_connerr:\n",
  "slicing": "    on_connerr: bool = True\n"
 },
 "9": {
  "name": "on_timeout",
  "type": "bool",
  "class": "build-in",
  "approach": "annotation",
  "file_path": "generic-cli/generic_cli/config.py",
  "lineno": "25",
  "column": "4",
  "context": " defaults.TIMEOUT\n    on_connerr: bool = True\n    on_timeout: bool = False\n    def __post_init__(self) -> None:\n        self.",
  "context_lines": "    retry_errors: Iterable[Type[Exception]] = field(default_factory=tuple)\n    retry_policy: Dict[str, PolicyType] = field(default_factory=lambda: defaults.RETRY_POLICY)\n    timeout: int = defaults.TIMEOUT\n    on_connerr: bool = True\n    on_timeout: bool = False\n    def __post_init__(self) -> None:\n        self.retry_codes = {str(retry_code) for retry_code in self.retry_codes}\n        if self.on_connerr:\n            new_errors = list(self.retry_errors) + [aiohttp.client_exceptions.ClientConnectionError]\n",
  "slicing": "    on_timeout: bool = False\n"
 },
 "10": {
  "name": "new_errors",
  "type": "UNKNOWN",
  "class": "unknown",
  "approach": "Pysonar2",
  "file_path": "generic-cli/generic_cli/config.py",
  "lineno": "29",
  "column": "12",
  "context": "ry_codes}\n        if self.on_connerr:\n            new_errors = list(self.retry_errors) + [aiohttp.client_exceptions.ClientConnectionError]\n            self.retry_errors = tuple(new_errors)\n",
  "context_lines": "    on_timeout: bool = False\n    def __post_init__(self) -> None:\n        self.retry_codes = {str(retry_code) for retry_code in self.retry_codes}\n        if self.on_connerr:\n            new_errors = list(self.retry_errors) + [aiohttp.client_exceptions.ClientConnectionError]\n",
  "slicing": [
   "            new_errors = list(self.retry_errors) + [aiohttp.client_exceptions.ClientConnectionError]\n",
   "            self.retry_errors = tuple(new_errors)\n"
  ]
 },
 "11": {
  "name": "log",
  "type": "UNKNOWN",
  "class": "unknown",
  "approach": "Pysonar2",
  "file_path": "generic-cli/generic_cli/client.py",
  "lineno": "19",
  "column": "0",
  "context": " .signals import ShouldRetry, return_from_signal\n\nlog = logging.getLogger(__name__)\n\n\nclass Client:\n    # Client allows some attribute",
  "context_lines": "from .json import json\nfrom .utils import cache_for, minutes\nfrom .config import SessionConfig, PolicyType\nfrom .signals import ShouldRetry, return_from_signal\n\nlog = logging.getLogger(__name__)\n\n\nclass Client:\n    # Client allows some attributes to be set in a declarative way\n    # like so\n",
  "slicing": [
   "log = logging.getLogger(__name__)\n",
   "            log.info('Running in auto-resolve mode')\n",
   "            log.info('Running in static mode with host: %r', host)\n",
   "            log.info(\"Resolved %s's host to %r [name=%r env=%r]\",\n",
   "        log.info('[%r] Getting url %r', datetime.now().strftime('%H:%M:%S.%f'), url)\n"
  ]
 },
 "12": {
  "name": "__slots__",
  "type": "tuple",
  "class": "build-in",
  "approach": "annotation",
  "file_path": "generic-cli/generic_cli/client.py",
  "lineno": "26",
  "column": "4",
  "context": "ive way\n    # like so\n    # Client attributes\n    __slots__ = ('_service_name', '_prefix', '_host', 'env', 'config', '__resolving',\n                 '__resolved', '_static', '_sessio",
  "context_lines": "class Client:\n    # Client allows some attributes to be set in a declarative way\n    # like so\n    # Client attributes\n    __slots__ = ('_service_name', '_prefix', '_host', 'env', 'config', '__resolving',\n                 '__resolved', '_static', '_session', 'retriable_issue', 'exceptions')\n    host: Optional[str] = None\n    service_name: Optional[str] = None\n    prefix: str = ''\n",
  "slicing": "    __slots__ = ('_service_name', '_prefix', '_host', 'env', 'config', '__resolving',\n"
 },
 "13": {
  "name": "host",
  "type": "dict",
  "class": "build-in",
  "approach": "annotation",
  "file_path": "generic-cli/generic_cli/client.py",
  "lineno": "28",
  "column": "4",
  "context": " '_session', 'retriable_issue', 'exceptions')\n    host: Optional[str] = None\n    service_name: Optional[str] = None\n    prefix:",
  "context_lines": "    # like so\n    # Client attributes\n    __slots__ = ('_service_name', '_prefix', '_host', 'env', 'config', '__resolving',\n                 '__resolved', '_static', '_session', 'retriable_issue', 'exceptions')\n    host: Optional[str] = None\n    service_name: Optional[str] = None\n    prefix: str = ''\n    # Config attributes\n    __config_fields__ = ('retry_codes', 'retry_policy', 'timeout')\n",
  "slicing": [
   "    host: Optional[str] = None\n",
   "        host = host or self.host\n",
   "        if not host:\n",
   "            log.info('Running in static mode with host: %r', host)\n",
   "        self._host = host\n",
   "                     host,\n",
   "            self._host = host\n",
   "        return f'{host}{self._prefix}'\n"
  ]
 },
 "14": {
  "name": "service_name",
  "type": "dict",
  "class": "build-in",
  "approach": "annotation",
  "file_path": "generic-cli/generic_cli/client.py",
  "lineno": "29",
  "column": "4",
  "context": " 'exceptions')\n    host: Optional[str] = None\n    service_name: Optional[str] = None\n    prefix: str = ''\n    # Config attributes\n    _",
  "context_lines": "    # Client attributes\n    __slots__ = ('_service_name', '_prefix', '_host', 'env', 'config', '__resolving',\n                 '__resolved', '_static', '_session', 'retriable_issue', 'exceptions')\n    host: Optional[str] = None\n    service_name: Optional[str] = None\n    prefix: str = ''\n    # Config attributes\n    __config_fields__ = ('retry_codes', 'retry_policy', 'timeout')\n    retry_codes: Optional[Container[Union[str, int]]]\n",
  "slicing": [
   "    service_name: Optional[str] = None\n",
   "        if self.service_name and service_name:\n",
   "        service_name = service_name or self.service_name\n",
   "            if not service_name and not env:\n",
   "        self._service_name = service_name\n"
  ]
 },
 "15": {
  "name": "prefix",
  "type": "str",
  "class": "build-in",
  "approach": "annotation",
  "file_path": "generic-cli/generic_cli/client.py",
  "lineno": "30",
  "column": "4",
  "context": "= None\n    service_name: Optional[str] = None\n    prefix: str = ''\n    # Config attributes\n    __config_fields__ = ('",
  "context_lines": "    __slots__ = ('_service_name', '_prefix', '_host', 'env', 'config', '__resolving',\n                 '__resolved', '_static', '_session', 'retriable_issue', 'exceptions')\n    host: Optional[str] = None\n    service_name: Optional[str] = None\n    prefix: str = ''\n    # Config attributes\n    __config_fields__ = ('retry_codes', 'retry_policy', 'timeout')\n    retry_codes: Optional[Container[Union[str, int]]]\n    retry_policy: Dict[str, PolicyType]\n",
  "slicing": [
   "    prefix: str = ''\n",
   "        if self.prefix and prefix:\n",
   "        prefix = (prefix\n",
   "                  if prefix is None\n",
   "        self._prefix = prefix\n"
  ]
 },
 "16": {
  "name": "__config_fields__",
  "type": "tuple",
  "class": "build-in",
  "approach": "annotation",
  "file_path": "generic-cli/generic_cli/client.py",
  "lineno": "32",
  "column": "4",
  "context": "\n    prefix: str = ''\n    # Config attributes\n    __config_fields__ = ('retry_codes', 'retry_policy', 'timeout')\n    retry_codes: Optional[Container[Union[str, int",
  "context_lines": "    host: Optional[str] = None\n    service_name: Optional[str] = None\n    prefix: str = ''\n    # Config attributes\n    __config_fields__ = ('retry_codes', 'retry_policy', 'timeout')\n    retry_codes: Optional[Container[Union[str, int]]]\n    retry_policy: Dict[str, PolicyType]\n    timeout: int\n    exceptions: Dict[str, Type[Exception]]\n",
  "slicing": "    __config_fields__ = ('retry_codes', 'retry_policy', 'timeout')\n"
 },
 "17": {
  "name": "retry_codes",
  "type": "dict",
  "class": "build-in",
  "approach": "annotation",
  "file_path": "generic-cli/generic_cli/client.py",
  "lineno": "33",
  "column": "4",
  "context": " = ('retry_codes', 'retry_policy', 'timeout')\n    retry_codes: Optional[Container[Union[str, int]]]\n    retry_policy: Dict[str, PolicyType]\n    timeou",
  "context_lines": "    service_name: Optional[str] = None\n    prefix: str = ''\n    # Config attributes\n    __config_fields__ = ('retry_codes', 'retry_policy', 'timeout')\n    retry_codes: Optional[Container[Union[str, int]]]\n    retry_policy: Dict[str, PolicyType]\n    timeout: int\n    exceptions: Dict[str, Type[Exception]]\n    def __init__(self,\n",
  "slicing": [
   "    retry_codes: Optional[Container[Union[str, int]]]\n",
   "        if (str_status in retry_codes\n",
   "                or f'{str_status[:2]}x' in retry_codes\n",
   "                or f'{str_status[:1]}xx' in retry_codes):\n"
  ]
 },
 "18": {
  "name": "retry_policy",
  "type": "dict",
  "class": "build-in",
  "approach": "annotation",
  "file_path": "generic-cli/generic_cli/client.py",
  "lineno": "34",
  "column": "4",
  "context": "y_codes: Optional[Container[Union[str, int]]]\n    retry_policy: Dict[str, PolicyType]\n    timeout: int\n    exceptions: Dict[str, Type[Ex",
  "context_lines": "    prefix: str = ''\n    # Config attributes\n    __config_fields__ = ('retry_codes', 'retry_policy', 'timeout')\n    retry_codes: Optional[Container[Union[str, int]]]\n    retry_policy: Dict[str, PolicyType]\n    timeout: int\n    exceptions: Dict[str, Type[Exception]]\n    def __init__(self,\n                 env: Optional[str] = None,\n",
  "slicing": "    retry_policy: Dict[str, PolicyType]\n"
 },
 "19": {
  "name": "timeout",
  "type": "int",
  "class": "build-in",
  "approach": "annotation",
  "file_path": "generic-cli/generic_cli/client.py",
  "lineno": "35",
  "column": "4",
  "context": "nt]]]\n    retry_policy: Dict[str, PolicyType]\n    timeout: int\n    exceptions: Dict[str, Type[Exception]]\n    def",
  "context_lines": "    # Config attributes\n    __config_fields__ = ('retry_codes', 'retry_policy', 'timeout')\n    retry_codes: Optional[Container[Union[str, int]]]\n    retry_policy: Dict[str, PolicyType]\n    timeout: int\n    exceptions: Dict[str, Type[Exception]]\n    def __init__(self,\n                 env: Optional[str] = None,\n                 *,\n",
  "slicing": "    timeout: int\n"
 },
 "20": {
  "name": "exceptions",
  "type": "dict",
  "class": "build-in",
  "approach": "annotation",
  "file_path": "generic-cli/generic_cli/client.py",
  "lineno": "36",
  "column": "4",
  "context": "olicy: Dict[str, PolicyType]\n    timeout: int\n    exceptions: Dict[str, Type[Exception]]\n    def __init__(self,\n                 env: Optio",
  "context_lines": "    __config_fields__ = ('retry_codes', 'retry_policy', 'timeout')\n    retry_codes: Optional[Container[Union[str, int]]]\n    retry_policy: Dict[str, PolicyType]\n    timeout: int\n    exceptions: Dict[str, Type[Exception]]\n    def __init__(self,\n                 env: Optional[str] = None,\n                 *,\n                 service_name: Optional[str] = None,\n",
  "slicing": [
   "    exceptions: Dict[str, Type[Exception]]\n",
   "            self.exceptions = exceptions or self.exceptions\n"
  ]
 },
 "21": {
  "name": "config",
  "type": "dict",
  "class": "build-in",
  "approach": "annotation",
  "file_path": "generic-cli/generic_cli/client.py",
  "lineno": "52",
  "column": "12",
  "context": "instance(config, (dict, type(None))):\n            config = dict(self._get_cls_config(), **config or {})\n            session_config = SessionConfig(**confi",
  "context_lines": "        if self.prefix and prefix:\n            raise TypeError(\"'prefix' specified at both class and instance level\")\n        # Validate config type\n        if isinstance(config, (dict, type(None))):\n            config = dict(self._get_cls_config(), **config or {})\n            session_config = SessionConfig(**config)\n        elif isinstance(config, SessionConfig):\n            session_config = config\n        else:\n",
  "slicing": [
   "            config = dict(self._get_cls_config(), **config or {})\n",
   "            session_config = SessionConfig(**config)\n",
   "        elif isinstance(config, SessionConfig):\n",
   "            session_config = config\n",
   "            raise TypeError(f\"config type {type(config)} could not be recognized,\"\n",
   "        self.config = session_config\n"
  ]
 },
 "22": {
  "name": "session_config",
  "type": "config.SessionConfig",
  "class": "customized",
  "approach": "annotation",
  "file_path": "generic-cli/generic_cli/client.py",
  "lineno": "53",
  "column": "12",
  "context": "lf._get_cls_config(), **config or {})\n            session_config = SessionConfig(**config)\n        elif isinstance(config, SessionConfig):\n  ",
  "context_lines": "            raise TypeError(\"'prefix' specified at both class and instance level\")\n        # Validate config type\n        if isinstance(config, (dict, type(None))):\n            config = dict(self._get_cls_config(), **config or {})\n            session_config = SessionConfig(**config)\n        elif isinstance(config, SessionConfig):\n            session_config = config\n        else:\n            raise TypeError(f\"config type {type(config)} could not be recognized,\"\n",
  "slicing": [
   "            session_config = SessionConfig(**config)\n",
   "        self.config = session_config\n"
  ]
 },
 "23": {
  "name": "service_name",
  "type": "bool",
  "class": "build-in",
  "approach": "annotation",
  "file_path": "generic-cli/generic_cli/client.py",
  "lineno": "60",
  "column": "8",
  "context": "ry or generic_cli.config.SessionConfig\")\n\n        service_name = service_name or self.service_name\n        host = host or self.host\n        prefix = ",
  "context_lines": "            session_config = config\n        else:\n            raise TypeError(f\"config type {type(config)} could not be recognized,\"\n                            \" please use a dictionary or generic_cli.config.SessionConfig\")\n\n        service_name = service_name or self.service_name\n        host = host or self.host\n        prefix = (prefix\n                  if prefix is None\n                  else self.prefix)\n",
  "slicing": [
   "        service_name = service_name or self.service_name\n",
   "            if not service_name and not env:\n",
   "        self._service_name = service_name\n"
  ]
 },
 "24": {
  "name": "host",
  "type": "bool",
  "class": "build-in",
  "approach": "annotation",
  "file_path": "generic-cli/generic_cli/client.py",
  "lineno": "61",
  "column": "8",
  "context": "_name = service_name or self.service_name\n        host = host or self.host\n        prefix = (prefix\n                  if pref",
  "context_lines": "        else:\n            raise TypeError(f\"config type {type(config)} could not be recognized,\"\n                            \" please use a dictionary or generic_cli.config.SessionConfig\")\n\n        service_name = service_name or self.service_name\n        host = host or self.host\n        prefix = (prefix\n                  if prefix is None\n                  else self.prefix)\n        self._static: bool  #  If the host is present as an initialization parameter\n",
  "slicing": [
   "        host = host or self.host\n",
   "        if not host:\n",
   "            log.info('Running in static mode with host: %r', host)\n",
   "        self._host = host\n",
   "                     host,\n",
   "            self._host = host\n",
   "        return f'{host}{self._prefix}'\n"
  ]
 },
 "25": {
  "name": "prefix",
  "type": "str",
  "class": "build-in",
  "approach": "Pysonar2",
  "file_path": "generic-cli/generic_cli/client.py",
  "lineno": "62",
  "column": "8",
  "context": "ice_name\n        host = host or self.host\n        prefix = (prefix\n                  if prefix is None\n              ",
  "context_lines": "            raise TypeError(f\"config type {type(config)} could not be recognized,\"\n                            \" please use a dictionary or generic_cli.config.SessionConfig\")\n\n        service_name = service_name or self.service_name\n        host = host or self.host\n        prefix = (prefix\n                  if prefix is None\n                  else self.prefix)\n        self._static: bool  #  If the host is present as an initialization parameter\n                            #  the Client is not going to resolve the service's host\n",
  "slicing": [
   "        prefix = (prefix\n",
   "                  if prefix is None\n",
   "        self._prefix = prefix\n"
  ]
 },
 "26": {
  "name": "session_config",
  "type": "UNKNOWN",
  "class": "unknown",
  "approach": "annotation",
  "file_path": "generic-cli/generic_cli/client.py",
  "lineno": "55",
  "column": "12",
  "context": "if isinstance(config, SessionConfig):\n            session_config = config\n        else:\n            raise TypeError(f\"config",
  "context_lines": "        if isinstance(config, (dict, type(None))):\n            config = dict(self._get_cls_config(), **config or {})\n            session_config = SessionConfig(**config)\n        elif isinstance(config, SessionConfig):\n            session_config = config\n        else:\n            raise TypeError(f\"config type {type(config)} could not be recognized,\"\n                            \" please use a dictionary or generic_cli.config.SessionConfig\")\n\n        service_name = service_name or self.service_name\n",
  "slicing": [
   "            session_config = config\n",
   "        self.config = session_config\n"
  ]
 },
 "27": {
  "name": "host",
  "type": "UNKNOWN",
  "class": "unknown",
  "approach": "Pysonar2",
  "file_path": "generic-cli/generic_cli/client.py",
  "lineno": "140",
  "column": "12",
  "context": "h CrossRoads(self.env) as crossroads:\n            host = await crossroads.get(self._service_name)\n            log.info(\"Resolved %s's host to %r [na",
  "context_lines": "            return\n        self.__resolving = True\n        self.__resolved = asyncio.Event()\n        async with CrossRoads(self.env) as crossroads:\n            host = await crossroads.get(self._service_name)\n            log.info(\"Resolved %s's host to %r [name=%r env=%r]\",\n                     self.__class__.__name__,\n                     host,\n                     self._service_name,\n",
  "slicing": [
   "            host = await crossroads.get(self._service_name)\n",
   "                     host,\n",
   "            self._host = host\n",
   "        return f'{host}{self._prefix}'\n"
  ]
 },
 "28": {
  "name": "host",
  "type": "UNKNOWN",
  "class": "unknown",
  "approach": "Pysonar2",
  "file_path": "generic-cli/generic_cli/client.py",
  "lineno": "155",
  "column": "8",
  "context": ":\n        '''Returns client's base url'''\n        host = await self.get_host()\n        return f'{host}{self._prefix}'\n\n    def _c",
  "context_lines": "    async def _wait_for_host_resolution(self) -> None:\n        await self.__resolved.wait()\n\n    async def get_base_url(self) -> str:\n        '''Returns client's base url'''\n        host = await self.get_host()\n        return f'{host}{self._prefix}'\n\n    def _check_status(self, response: Response) -> None:\n        str_status = str(response.status)\n        retry_codes = self.config.retry_codes\n",
  "slicing": [
   "        host = await self.get_host()\n",
   "        return f'{host}{self._prefix}'\n"
  ]
 },
 "29": {
  "name": "str_status",
  "type": "str",
  "class": "build-in",
  "approach": "annotation",
  "file_path": "generic-cli/generic_cli/client.py",
  "lineno": "159",
  "column": "8",
  "context": "status(self, response: Response) -> None:\n        str_status = str(response.status)\n        retry_codes = self.config.retry_codes\n    ",
  "context_lines": "        '''Returns client's base url'''\n        host = await self.get_host()\n        return f'{host}{self._prefix}'\n\n    def _check_status(self, response: Response) -> None:\n        str_status = str(response.status)\n        retry_codes = self.config.retry_codes\n        if (str_status in retry_codes\n                or f'{str_status[:2]}x' in retry_codes\n                or f'{str_status[:1]}xx' in retry_codes):\n",
  "slicing": [
   "        str_status = str(response.status)\n",
   "        if (str_status in retry_codes\n",
   "                or f'{str_status[:2]}x' in retry_codes\n",
   "                or f'{str_status[:1]}xx' in retry_codes):\n"
  ]
 },
 "30": {
  "name": "retry_codes",
  "type": "UNKNOWN",
  "class": "unknown",
  "approach": "Pysonar2",
  "file_path": "generic-cli/generic_cli/client.py",
  "lineno": "160",
  "column": "8",
  "context": "        str_status = str(response.status)\n        retry_codes = self.config.retry_codes\n        if (str_status in retry_codes\n            ",
  "context_lines": "        host = await self.get_host()\n        return f'{host}{self._prefix}'\n\n    def _check_status(self, response: Response) -> None:\n        str_status = str(response.status)\n        retry_codes = self.config.retry_codes\n        if (str_status in retry_codes\n                or f'{str_status[:2]}x' in retry_codes\n                or f'{str_status[:1]}xx' in retry_codes):\n            raise ShouldRetry(response)\n\n",
  "slicing": [
   "        retry_codes = self.config.retry_codes\n",
   "        if (str_status in retry_codes\n",
   "                or f'{str_status[:2]}x' in retry_codes\n",
   "                or f'{str_status[:1]}xx' in retry_codes):\n"
  ]
 },
 "31": {
  "name": "base_url",
  "type": "str",
  "class": "build-in",
  "approach": "Pysonar2",
  "file_path": "generic-cli/generic_cli/client.py",
  "lineno": "175",
  "column": "8",
  "context": "     '''Manages all request dispatches'''\n        base_url = await self.get_base_url()\n        url = f'{base_url}{path}'\n        log.info",
  "context_lines": "        except self.config.retry_errors as ex:\n            raise ShouldRetry(ex)\n\n    async def _retriable_issue(self, method: str, path: str, **kw) -> Response:\n        '''Manages all request dispatches'''\n        base_url = await self.get_base_url()\n        url = f'{base_url}{path}'\n        log.info('[%r] Getting url %r', datetime.now().strftime('%H:%M:%S.%f'), url)\n        with self._check_error():\n            res = await self._session.request(method, url, **kw)\n",
  "slicing": [
   "        base_url = await self.get_base_url()\n",
   "        url = f'{base_url}{path}'\n",
   "        log.info('[%r] Getting url %r', datetime.now().strftime('%H:%M:%S.%f'), url)\n",
   "            res = await self._session.request(method, url, **kw)\n",
   "            self._check_status(res)\n",
   "        return res\n",
   "            if res.status != 200:\n",
   "                    payload = await res.json(loads=json.loads)\n",
   "                    if (payload.get('status') == 'error'\n",
   "                            and payload.get('cls') is not None):\n",
   "                        cls = self.exceptions.get(payload.get('cls'))\n",
   "                        if cls is not None:\n",
   "                            raise cls(payload)\n",
   "            yield res\n",
   "            yield res\n",
   "            yield res\n",
   "            yield res\n",
   "            yield res\n",
   "            yield res\n"
  ]
 },
 "32": {
  "name": "url",
  "type": "str",
  "class": "build-in",
  "approach": "Pysonar2",
  "file_path": "generic-cli/generic_cli/client.py",
  "lineno": "176",
  "column": "8",
  "context": "     base_url = await self.get_base_url()\n        url = f'{base_url}{path}'\n        log.info('[%r] Getting url %r', datetime.n",
  "context_lines": "            raise ShouldRetry(ex)\n\n    async def _retriable_issue(self, method: str, path: str, **kw) -> Response:\n        '''Manages all request dispatches'''\n        base_url = await self.get_base_url()\n        url = f'{base_url}{path}'\n        log.info('[%r] Getting url %r', datetime.now().strftime('%H:%M:%S.%f'), url)\n        with self._check_error():\n            res = await self._session.request(method, url, **kw)\n            self._check_status(res)\n",
  "slicing": [
   "        url = f'{base_url}{path}'\n",
   "        log.info('[%r] Getting url %r', datetime.now().strftime('%H:%M:%S.%f'), url)\n",
   "            res = await self._session.request(method, url, **kw)\n",
   "            self._check_status(res)\n",
   "        return res\n",
   "            if res.status != 200:\n",
   "                    payload = await res.json(loads=json.loads)\n",
   "                    if (payload.get('status') == 'error'\n",
   "                            and payload.get('cls') is not None):\n",
   "                        cls = self.exceptions.get(payload.get('cls'))\n",
   "                        if cls is not None:\n",
   "                            raise cls(payload)\n",
   "            yield res\n",
   "            yield res\n",
   "            yield res\n",
   "            yield res\n",
   "            yield res\n",
   "            yield res\n"
  ]
 },
 "33": {
  "name": "res",
  "type": "UNKNOWN",
  "class": "unknown",
  "approach": "Pysonar2",
  "file_path": "generic-cli/generic_cli/client.py",
  "lineno": "179",
  "column": "12",
  "context": "rl)\n        with self._check_error():\n            res = await self._session.request(method, url, **kw)\n            self._check_status(res)\n        return",
  "context_lines": "        base_url = await self.get_base_url()\n        url = f'{base_url}{path}'\n        log.info('[%r] Getting url %r', datetime.now().strftime('%H:%M:%S.%f'), url)\n        with self._check_error():\n            res = await self._session.request(method, url, **kw)\n            self._check_status(res)\n        return res\n\n    @asynccontextmanager\n    async def issue(self, method: str, path: str, **kw) -> AsyncIterator[Response]:\n",
  "slicing": [
   "            res = await self._session.request(method, url, **kw)\n",
   "            self._check_status(res)\n",
   "        return res\n",
   "            if res.status != 200:\n",
   "                    payload = await res.json(loads=json.loads)\n",
   "                    if (payload.get('status') == 'error'\n",
   "                            and payload.get('cls') is not None):\n",
   "                        cls = self.exceptions.get(payload.get('cls'))\n",
   "                        if cls is not None:\n",
   "                            raise cls(payload)\n",
   "            yield res\n",
   "            yield res\n",
   "            yield res\n",
   "            yield res\n",
   "            yield res\n",
   "            yield res\n"
  ]
 },
 "34": {
  "name": "payload",
  "type": "UNKNOWN",
  "class": "unknown",
  "approach": "Pysonar2",
  "file_path": "generic-cli/generic_cli/client.py",
  "lineno": "188",
  "column": "20",
  "context": " != 200:\n                try:\n                    payload = await res.json(loads=json.loads)\n                    if (payload.get('status') == '",
  "context_lines": "    async def issue(self, method: str, path: str, **kw) -> AsyncIterator[Response]:\n        async with await self.retriable_issue(method, path, **kw) as res:\n            if res.status != 200:\n                try:\n                    payload = await res.json(loads=json.loads)\n                    if (payload.get('status') == 'error'\n                            and payload.get('cls') is not None):\n                        cls = self.exceptions.get(payload.get('cls'))\n                        if cls is not None:\n",
  "slicing": [
   "                    payload = await res.json(loads=json.loads)\n",
   "                    if (payload.get('status') == 'error'\n",
   "                            and payload.get('cls') is not None):\n",
   "                        cls = self.exceptions.get(payload.get('cls'))\n",
   "                        if cls is not None:\n",
   "                            raise cls(payload)\n"
  ]
 },
 "35": {
  "name": "cls",
  "type": "UNKNOWN",
  "class": "unknown",
  "approach": "Pysonar2",
  "file_path": "generic-cli/generic_cli/client.py",
  "lineno": "191",
  "column": "24",
  "context": ".get('cls') is not None):\n                        cls = self.exceptions.get(payload.get('cls'))\n                        if cls is not None:\n      ",
  "context_lines": "                try:\n                    payload = await res.json(loads=json.loads)\n                    if (payload.get('status') == 'error'\n                            and payload.get('cls') is not None):\n                        cls = self.exceptions.get(payload.get('cls'))\n                        if cls is not None:\n                            raise cls(payload)\n                except:\n                    raise\n",
  "slicing": [
   "                        cls = self.exceptions.get(payload.get('cls'))\n",
   "                        if cls is not None:\n",
   "                            raise cls(payload)\n"
  ]
 },
 "36": {
  "name": "cfg",
  "type": "dict",
  "class": "build-in",
  "approach": "annotation",
  "file_path": "generic-cli/generic_cli/client.py",
  "lineno": "229",
  "column": "8",
  "context": " _get_cls_config(self) -> Dict[str, Any]:\n        cfg: Dict[str, Any] = {}\n        for config_field in self.__config_fields__",
  "context_lines": "        '''Issues a head request'''\n        async with self.issue('HEAD', *a, **kw) as res:\n            yield res\n\n    def _get_cls_config(self) -> Dict[str, Any]:\n        cfg: Dict[str, Any] = {}\n        for config_field in self.__config_fields__:\n            if hasattr(self.__class__, config_field):\n                cfg[config_field] = getattr(self.__class__, config_field)\n",
  "slicing": [
   "        cfg: Dict[str, Any] = {}\n",
   "                cfg[config_field] = getattr(self.__class__, config_field)\n",
   "        return cfg\n"
  ]
 },
 "37": {
  "name": "RETRY_CODES",
  "type": "set",
  "class": "build-in",
  "approach": "annotation",
  "file_path": "generic-cli/generic_cli/defaults.py",
  "lineno": "4",
  "column": "0",
  "context": "import wait_random_exponential, stop_after_delay\n\nRETRY_CODES = {'5xx'}\nTIMEOUT = 30\nRETRY_POLICY = {\n    'wait': wait_ran",
  "context_lines": "'''Default values for Generic Client configuration'''\nfrom tenacity import wait_random_exponential, stop_after_delay\n\nRETRY_CODES = {'5xx'}\nTIMEOUT = 30\nRETRY_POLICY = {\n    'wait': wait_random_exponential(multiplier=1, max=15),\n    'stop': stop_after_delay(30)\n",
  "slicing": "RETRY_CODES = {'5xx'}\n"
 },
 "38": {
  "name": "TIMEOUT",
  "type": "int",
  "class": "build-in",
  "approach": "Pysonar2",
  "file_path": "generic-cli/generic_cli/defaults.py",
  "lineno": "5",
  "column": "0",
  "context": "onential, stop_after_delay\n\nRETRY_CODES = {'5xx'}\nTIMEOUT = 30\nRETRY_POLICY = {\n    'wait': wait_random_exponenti",
  "context_lines": "'''Default values for Generic Client configuration'''\nfrom tenacity import wait_random_exponential, stop_after_delay\n\nRETRY_CODES = {'5xx'}\nTIMEOUT = 30\nRETRY_POLICY = {\n    'wait': wait_random_exponential(multiplier=1, max=15),\n    'stop': stop_after_delay(30)\n",
  "slicing": "TIMEOUT = 30\n"
 },
 "39": {
  "name": "RETRY_POLICY",
  "type": "dict",
  "class": "build-in",
  "approach": "annotation",
  "file_path": "generic-cli/generic_cli/defaults.py",
  "lineno": "6",
  "column": "0",
  "context": "p_after_delay\n\nRETRY_CODES = {'5xx'}\nTIMEOUT = 30\nRETRY_POLICY = {\n    'wait': wait_random_exponential(multiplier=1, ",
  "context_lines": "'''Default values for Generic Client configuration'''\nfrom tenacity import wait_random_exponential, stop_after_delay\n\nRETRY_CODES = {'5xx'}\nTIMEOUT = 30\nRETRY_POLICY = {\n    'wait': wait_random_exponential(multiplier=1, max=15),\n    'stop': stop_after_delay(30)\n",
  "slicing": "RETRY_POLICY = {\n"
 },
 "40": {
  "name": "log",
  "type": "UNKNOWN",
  "class": "unknown",
  "approach": "Pysonar2",
  "file_path": "generic-cli/generic_cli/utils.py",
  "lineno": "8",
  "column": "0",
  "context": " wraps\nimport inspect\nimport logging\nimport time\n\nlog = logging.getLogger(__name__)\nT = TypeVar('T')\nAsyncMethod = Callable[[Any], Awa",
  "context_lines": "from functools import wraps\nimport inspect\nimport logging\nimport time\n\nlog = logging.getLogger(__name__)\nT = TypeVar('T')\nAsyncMethod = Callable[[Any], Awaitable[T]]\nAsyncFunc = Callable[[], Awaitable[T]]\nCacheKey = Union[AsyncFunc, Tuple[object, AsyncMethod]]\n",
  "slicing": "log = logging.getLogger(__name__)\n"
 },
 "41": {
  "name": "T",
  "type": "typing.TypeVar",
  "class": "imported",
  "approach": "annotation",
  "file_path": "generic-cli/generic_cli/utils.py",
  "lineno": "9",
  "column": "0",
  "context": "ng\nimport time\n\nlog = logging.getLogger(__name__)\nT = TypeVar('T')\nAsyncMethod = Callable[[Any], Awaitable[T]]\nAsyncF",
  "context_lines": "import inspect\nimport logging\nimport time\n\nlog = logging.getLogger(__name__)\nT = TypeVar('T')\nAsyncMethod = Callable[[Any], Awaitable[T]]\nAsyncFunc = Callable[[], Awaitable[T]]\nCacheKey = Union[AsyncFunc, Tuple[object, AsyncMethod]]\nAsyncCallable = Union[AsyncMethod, AsyncFunc]\n\n\n",
  "slicing": [
   "T = TypeVar('T')\n",
   "AsyncMethod = Callable[[Any], Awaitable[T]]\n",
   "AsyncFunc = Callable[[], Awaitable[T]]\n",
   "CacheKey = Union[AsyncFunc, Tuple[object, AsyncMethod]]\n",
   "AsyncCallable = Union[AsyncMethod, AsyncFunc]\n",
   "    _func_cache: Dict[CacheKey, Any] = {}\n",
   "    _func_timestamps: Dict[CacheKey, float] = {}\n",
   "    def __call__(self, func: AsyncCallable) -> AsyncCallable:\n",
   "            return self._decorate_method(cast(AsyncMethod, func))\n",
   "            return self._decorate_func(cast(AsyncFunc, func))\n",
   "    def _decorate_func(self, func: AsyncFunc[T]) -> AsyncFunc[T]:\n",
   "        async def _func_wrapper(no_cache: bool = False) -> T:\n",
   "    def _decorate_method(self, func: AsyncMethod[T]) -> AsyncMethod[T]:\n",
   "        async def _method_wrapper(self, no_cache: bool = False) -> T:\n"
  ]
 },
 "42": {
  "name": "AsyncMethod",
  "type": "dict",
  "class": "build-in",
  "approach": "annotation",
  "file_path": "generic-cli/generic_cli/utils.py",
  "lineno": "10",
  "column": "0",
  "context": "og = logging.getLogger(__name__)\nT = TypeVar('T')\nAsyncMethod = Callable[[Any], Awaitable[T]]\nAsyncFunc = Callable[[], Awaitable[T]]\nCacheKey = ",
  "context_lines": "import logging\nimport time\n\nlog = logging.getLogger(__name__)\nT = TypeVar('T')\nAsyncMethod = Callable[[Any], Awaitable[T]]\nAsyncFunc = Callable[[], Awaitable[T]]\nCacheKey = Union[AsyncFunc, Tuple[object, AsyncMethod]]\nAsyncCallable = Union[AsyncMethod, AsyncFunc]\n\n\ndef minutes(mins: float) -> float:\n",
  "slicing": [
   "AsyncMethod = Callable[[Any], Awaitable[T]]\n",
   "CacheKey = Union[AsyncFunc, Tuple[object, AsyncMethod]]\n",
   "AsyncCallable = Union[AsyncMethod, AsyncFunc]\n",
   "    _func_cache: Dict[CacheKey, Any] = {}\n",
   "    _func_timestamps: Dict[CacheKey, float] = {}\n",
   "    def __call__(self, func: AsyncCallable) -> AsyncCallable:\n",
   "            return self._decorate_method(cast(AsyncMethod, func))\n",
   "    def _decorate_method(self, func: AsyncMethod[T]) -> AsyncMethod[T]:\n"
  ]
 },
 "43": {
  "name": "AsyncFunc",
  "type": "dict",
  "class": "build-in",
  "approach": "annotation",
  "file_path": "generic-cli/generic_cli/utils.py",
  "lineno": "11",
  "column": "0",
  "context": "('T')\nAsyncMethod = Callable[[Any], Awaitable[T]]\nAsyncFunc = Callable[[], Awaitable[T]]\nCacheKey = Union[AsyncFunc, Tuple[object, AsyncMet",
  "context_lines": "import time\n\nlog = logging.getLogger(__name__)\nT = TypeVar('T')\nAsyncMethod = Callable[[Any], Awaitable[T]]\nAsyncFunc = Callable[[], Awaitable[T]]\nCacheKey = Union[AsyncFunc, Tuple[object, AsyncMethod]]\nAsyncCallable = Union[AsyncMethod, AsyncFunc]\n\n\ndef minutes(mins: float) -> float:\n    '''Returns amount of seconds in that many minutes'''\n",
  "slicing": [
   "AsyncFunc = Callable[[], Awaitable[T]]\n",
   "CacheKey = Union[AsyncFunc, Tuple[object, AsyncMethod]]\n",
   "AsyncCallable = Union[AsyncMethod, AsyncFunc]\n",
   "    _func_cache: Dict[CacheKey, Any] = {}\n",
   "    _func_timestamps: Dict[CacheKey, float] = {}\n",
   "    def __call__(self, func: AsyncCallable) -> AsyncCallable:\n",
   "            return self._decorate_func(cast(AsyncFunc, func))\n",
   "    def _decorate_func(self, func: AsyncFunc[T]) -> AsyncFunc[T]:\n"
  ]
 },
 "44": {
  "name": "CacheKey",
  "type": "dict",
  "class": "build-in",
  "approach": "annotation",
  "file_path": "generic-cli/generic_cli/utils.py",
  "lineno": "12",
  "column": "0",
  "context": "itable[T]]\nAsyncFunc = Callable[[], Awaitable[T]]\nCacheKey = Union[AsyncFunc, Tuple[object, AsyncMethod]]\nAsyncCallable = Union[AsyncMethod, AsyncFunc]\n\n\nde",
  "context_lines": "log = logging.getLogger(__name__)\nT = TypeVar('T')\nAsyncMethod = Callable[[Any], Awaitable[T]]\nAsyncFunc = Callable[[], Awaitable[T]]\nCacheKey = Union[AsyncFunc, Tuple[object, AsyncMethod]]\nAsyncCallable = Union[AsyncMethod, AsyncFunc]\n\n\ndef minutes(mins: float) -> float:\n    '''Returns amount of seconds in that many minutes'''\n    return mins * 60\n\n\n",
  "slicing": [
   "CacheKey = Union[AsyncFunc, Tuple[object, AsyncMethod]]\n",
   "    _func_cache: Dict[CacheKey, Any] = {}\n",
   "    _func_timestamps: Dict[CacheKey, float] = {}\n"
  ]
 },
 "45": {
  "name": "AsyncCallable",
  "type": "dict",
  "class": "build-in",
  "approach": "annotation",
  "file_path": "generic-cli/generic_cli/utils.py",
  "lineno": "13",
  "column": "0",
  "context": "ey = Union[AsyncFunc, Tuple[object, AsyncMethod]]\nAsyncCallable = Union[AsyncMethod, AsyncFunc]\n\n\ndef minutes(mins: float) -> float:\n    '''Return",
  "context_lines": "T = TypeVar('T')\nAsyncMethod = Callable[[Any], Awaitable[T]]\nAsyncFunc = Callable[[], Awaitable[T]]\nCacheKey = Union[AsyncFunc, Tuple[object, AsyncMethod]]\nAsyncCallable = Union[AsyncMethod, AsyncFunc]\n\n\ndef minutes(mins: float) -> float:\n    '''Returns amount of seconds in that many minutes'''\n    return mins * 60\n\n\n",
  "slicing": [
   "AsyncCallable = Union[AsyncMethod, AsyncFunc]\n",
   "    def __call__(self, func: AsyncCallable) -> AsyncCallable:\n"
  ]
 },
 "46": {
  "name": "_func_cache",
  "type": "dict",
  "class": "build-in",
  "approach": "annotation",
  "file_path": "generic-cli/generic_cli/utils.py",
  "lineno": "31",
  "column": "4",
  "context": "ument passed to the class constructor\n    '''\n    _func_cache: Dict[CacheKey, Any] = {}\n    _func_timestamps: Dict[CacheKey, float] = {}\n ",
  "context_lines": "    '''\n    Caches function response for the amount of seconds\n    specified in timeout argument passed to the class constructor\n    '''\n    _func_cache: Dict[CacheKey, Any] = {}\n    _func_timestamps: Dict[CacheKey, float] = {}\n    def __init__(self, timeout: float) -> None:\n        self.timeout = timeout\n\n    def __call__(self, func: AsyncCallable) -> AsyncCallable:\n",
  "slicing": "    _func_cache: Dict[CacheKey, Any] = {}\n"
 },
 "47": {
  "name": "_func_timestamps",
  "type": "dict",
  "class": "build-in",
  "approach": "annotation",
  "file_path": "generic-cli/generic_cli/utils.py",
  "lineno": "32",
  "column": "4",
  "context": "'''\n    _func_cache: Dict[CacheKey, Any] = {}\n    _func_timestamps: Dict[CacheKey, float] = {}\n    def __init__(self, timeout: float) -> None:\n  ",
  "context_lines": "    Caches function response for the amount of seconds\n    specified in timeout argument passed to the class constructor\n    '''\n    _func_cache: Dict[CacheKey, Any] = {}\n    _func_timestamps: Dict[CacheKey, float] = {}\n    def __init__(self, timeout: float) -> None:\n        self.timeout = timeout\n\n    def __call__(self, func: AsyncCallable) -> AsyncCallable:\n        sig = inspect.signature(func)\n",
  "slicing": "    _func_timestamps: Dict[CacheKey, float] = {}\n"
 },
 "48": {
  "name": "sig",
  "type": "UNKNOWN",
  "class": "unknown",
  "approach": "Pysonar2",
  "file_path": "generic-cli/generic_cli/utils.py",
  "lineno": "37",
  "column": "8",
  "context": "f, func: AsyncCallable) -> AsyncCallable:\n        sig = inspect.signature(func)\n        params = sig.parameters\n        if len(par",
  "context_lines": "    _func_timestamps: Dict[CacheKey, float] = {}\n    def __init__(self, timeout: float) -> None:\n        self.timeout = timeout\n\n    def __call__(self, func: AsyncCallable) -> AsyncCallable:\n        sig = inspect.signature(func)\n        params = sig.parameters\n        if len(params) == 1 and 'self' in params:\n            return self._decorate_method(cast(AsyncMethod, func))\n        if not params:\n",
  "slicing": [
   "        sig = inspect.signature(func)\n",
   "        params = sig.parameters\n",
   "        if len(params) == 1 and 'self' in params:\n",
   "        if not params:\n",
   "        raise TypeError('CacheFor can be called on a method or function with no arguments only!'\n"
  ]
 },
 "49": {
  "name": "params",
  "type": "UNKNOWN",
  "class": "unknown",
  "approach": "Pysonar2",
  "file_path": "generic-cli/generic_cli/utils.py",
  "lineno": "38",
  "column": "8",
  "context": "le:\n        sig = inspect.signature(func)\n        params = sig.parameters\n        if len(params) == 1 and 'self' in params:\n",
  "context_lines": "    def __init__(self, timeout: float) -> None:\n        self.timeout = timeout\n\n    def __call__(self, func: AsyncCallable) -> AsyncCallable:\n        sig = inspect.signature(func)\n        params = sig.parameters\n        if len(params) == 1 and 'self' in params:\n            return self._decorate_method(cast(AsyncMethod, func))\n        if not params:\n            return self._decorate_func(cast(AsyncFunc, func))\n",
  "slicing": [
   "        params = sig.parameters\n",
   "        if len(params) == 1 and 'self' in params:\n",
   "        if not params:\n"
  ]
 },
 "50": {
  "name": "next_call_ts",
  "type": "UNKNOWN",
  "class": "unknown",
  "approach": "Pysonar2",
  "file_path": "generic-cli/generic_cli/utils.py",
  "lineno": "49",
  "column": "12",
  "context": "wrapper(no_cache: bool = False) -> T:\n            next_call_ts = self._func_timestamps.get(func, 0)\n            if no_cache or next_call_ts <= time.ti",
  "context_lines": "                        f' Detected signature: {str(sig)}')\n\n    def _decorate_func(self, func: AsyncFunc[T]) -> AsyncFunc[T]:\n        @wraps(func)\n        async def _func_wrapper(no_cache: bool = False) -> T:\n            next_call_ts = self._func_timestamps.get(func, 0)\n            if no_cache or next_call_ts <= time.time():\n                self._func_cache[func] = await func()\n                self._func_timestamps[func] = time.time() + self.timeout\n            return self._func_cache[func]\n",
  "slicing": [
   "            next_call_ts = self._func_timestamps.get(func, 0)\n",
   "            if no_cache or next_call_ts <= time.time():\n",
   "            if no_cache or next_call_ts <= time.time():\n"
  ]
 },
 "51": {
  "name": "key",
  "type": "tuple",
  "class": "build-in",
  "approach": "annotation",
  "file_path": "generic-cli/generic_cli/utils.py",
  "lineno": "59",
  "column": "12",
  "context": "r(self, no_cache: bool = False) -> T:\n            key = (self, func)\n            next_call_ts = self._func_timestamps.g",
  "context_lines": "        return _func_wrapper\n\n    def _decorate_method(self, func: AsyncMethod[T]) -> AsyncMethod[T]:\n        @wraps(func)\n        async def _method_wrapper(self, no_cache: bool = False) -> T:\n            key = (self, func)\n            next_call_ts = self._func_timestamps.get(key, 0)\n            if no_cache or next_call_ts <= time.time():\n                self._func_cache[key] = await func(self)\n                self._func_timestamps[key] = time.time() + self.timeout\n",
  "slicing": [
   "            key = (self, func)\n",
   "            next_call_ts = self._func_timestamps.get(key, 0)\n",
   "            if no_cache or next_call_ts <= time.time():\n",
   "                self._func_cache[key] = await func(self)\n",
   "                self._func_timestamps[key] = time.time() + self.timeout\n",
   "            return self._func_cache[key]\n"
  ]
 },
 "52": {
  "name": "next_call_ts",
  "type": "UNKNOWN",
  "class": "unknown",
  "approach": "Pysonar2",
  "file_path": "generic-cli/generic_cli/utils.py",
  "lineno": "60",
  "column": "12",
  "context": " -> T:\n            key = (self, func)\n            next_call_ts = self._func_timestamps.get(key, 0)\n            if no_cache or next_call_ts <= time.ti",
  "context_lines": "    def _decorate_method(self, func: AsyncMethod[T]) -> AsyncMethod[T]:\n        @wraps(func)\n        async def _method_wrapper(self, no_cache: bool = False) -> T:\n            key = (self, func)\n            next_call_ts = self._func_timestamps.get(key, 0)\n            if no_cache or next_call_ts <= time.time():\n                self._func_cache[key] = await func(self)\n                self._func_timestamps[key] = time.time() + self.timeout\n            return self._func_cache[key]\n",
  "slicing": [
   "            next_call_ts = self._func_timestamps.get(key, 0)\n",
   "            if no_cache or next_call_ts <= time.time():\n"
  ]
 },
 "53": {
  "name": "file_name",
  "type": "str",
  "class": "build-in",
  "approach": "Pysonar2",
  "file_path": "generic-cli/setup.py",
  "lineno": "6",
  "column": "9",
  "context": "setuptools import setup, find_packages\n\n\ndef read(file_name):\n    '''Read contents of file'''\n    script_dir = o",
  "context_lines": "import os\n\nfrom setuptools import setup, find_packages\n\n\ndef read(file_name):\n    '''Read contents of file'''\n    script_dir = os.path.dirname(__file__)\n    file_path = os.path.join(script_dir, file_name)\n    with open(file_path, \"rt\") as file:\n",
  "slicing": [
   "def read(file_name):\n",
   "    script_dir = os.path.dirname(__file__)\n",
   "    file_path = os.path.join(script_dir, file_name)\n",
   "    with open(file_path, \"rt\") as file:\n"
  ]
 },
 "54": {
  "name": "env",
  "type": "dict",
  "class": "build-in",
  "approach": "annotation",
  "file_path": "generic-cli/generic_cli/client.py",
  "lineno": "38",
  "column": "17",
  "context": "ception]]\n    def __init__(self,\n                 env: Optional[str] = None,\n                 *,\n                 service_name:",
  "context_lines": "    retry_policy: Dict[str, PolicyType]\n    timeout: int\n    exceptions: Dict[str, Type[Exception]]\n    def __init__(self,\n                 env: Optional[str] = None,\n                 *,\n                 service_name: Optional[str] = None,\n                 prefix: str = '',\n                 host: Optional[str] = None,\n",
  "slicing": "                 env: Optional[str] = None,\n"
 },
 "55": {
  "name": "name",
  "type": "str",
  "class": "build-in",
  "approach": "annotation",
  "file_path": "generic-cli/generic_cli/client.py",
  "lineno": "112",
  "column": "37",
  "context": "on.close()\n\n\n    def register_exception_cls(self, name: str, cls: Type[Exception]) -> None:\n        '''Registers an exception class to be used",
  "context_lines": "        await self.close()\n\n    async def close(self) -> None:\n        '''Close underlying async connections'''\n        await self._session.close()\n\n\n    def register_exception_cls(self, name: str, cls: Type[Exception]) -> None:\n        '''Registers an exception class to be used on appropriate error responses'''\n        self.exceptions[name] = cls\n\n    async def get_host(self) -> str:\n        '''\n",
  "slicing": "    def register_exception_cls(self, name: str, cls: Type[Exception]) -> None:\n"
 },
 "56": {
  "name": "cls",
  "type": "dict",
  "class": "build-in",
  "approach": "annotation",
  "file_path": "generic-cli/generic_cli/client.py",
  "lineno": "112",
  "column": "48",
  "context": "\n\n    def register_exception_cls(self, name: str, cls: Type[Exception]) -> None:\n        '''Registers an exception class to be used",
  "context_lines": "        await self.close()\n\n    async def close(self) -> None:\n        '''Close underlying async connections'''\n        await self._session.close()\n\n\n    def register_exception_cls(self, name: str, cls: Type[Exception]) -> None:\n        '''Registers an exception class to be used on appropriate error responses'''\n        self.exceptions[name] = cls\n\n    async def get_host(self) -> str:\n        '''\n",
  "slicing": "    def register_exception_cls(self, name: str, cls: Type[Exception]) -> None:\n"
 },
 "57": {
  "name": "response",
  "type": "UNKNOWN",
  "class": "unknown",
  "approach": "annotation",
  "file_path": "generic-cli/generic_cli/client.py",
  "lineno": "158",
  "column": "28",
  "context": "host}{self._prefix}'\n\n    def _check_status(self, response: Response) -> None:\n        str_status = str(response.status)\n        ",
  "context_lines": "    async def get_base_url(self) -> str:\n        '''Returns client's base url'''\n        host = await self.get_host()\n        return f'{host}{self._prefix}'\n\n    def _check_status(self, response: Response) -> None:\n        str_status = str(response.status)\n        retry_codes = self.config.retry_codes\n        if (str_status in retry_codes\n                or f'{str_status[:2]}x' in retry_codes\n",
  "slicing": "    def _check_status(self, response: Response) -> None:\n"
 },
 "58": {
  "name": "return_",
  "type": "UNKNOWN",
  "class": "unknown",
  "approach": "Pysonar2",
  "file_path": "generic-cli/generic_cli/signals.py",
  "lineno": "12",
  "column": "23",
  "context": "nt to do something\n    '''\n    def __init__(self, return_) -> None:\n        super().__init__()\n        self._return = ",
  "context_lines": "    '''\n    Signals are class of exceptions that serve as 'signals'\n    for the Client to do something\n    '''\n    def __init__(self, return_) -> None:\n        super().__init__()\n        self._return = return_\n\n\nclass ShouldRetry(Signal):\n    '''\n",
  "slicing": "    def __init__(self, return_) -> None:\n"
 },
 "59": {
  "name": "func",
  "type": "UNKNOWN",
  "class": "unknown",
  "approach": "Pysonar2",
  "file_path": "generic-cli/generic_cli/signals.py",
  "lineno": "23",
  "column": "23",
  "context": " it should retry\n    '''\n\n\ndef return_from_signal(func):\n    @wraps(func)\n    async def _wrapper(*a, **kw):",
  "context_lines": "class ShouldRetry(Signal):\n    '''\n    Notifies the tenacity.retry that it should retry\n    '''\n\n\ndef return_from_signal(func):\n    @wraps(func)\n    async def _wrapper(*a, **kw):\n        try:\n            return await func(*a, **kw)\n",
  "slicing": "def return_from_signal(func):\n"
 },
 "60": {
  "name": "mins",
  "type": "float",
  "class": "build-in",
  "approach": "annotation",
  "file_path": "generic-cli/generic_cli/utils.py",
  "lineno": "16",
  "column": "12",
  "context": "ble = Union[AsyncMethod, AsyncFunc]\n\n\ndef minutes(mins: float) -> float:\n    '''Returns amount of seconds in that many minu",
  "context_lines": "AsyncMethod = Callable[[Any], Awaitable[T]]\nAsyncFunc = Callable[[], Awaitable[T]]\nCacheKey = Union[AsyncFunc, Tuple[object, AsyncMethod]]\nAsyncCallable = Union[AsyncMethod, AsyncFunc]\n\n\ndef minutes(mins: float) -> float:\n    '''Returns amount of seconds in that many minutes'''\n    return mins * 60\n\n\ndef cache_for(seconds: float) -> 'CacheFor':\n    '''Same as CacheFor()'''\n",
  "slicing": "def minutes(mins: float) -> float:\n"
 },
 "61": {
  "name": "seconds",
  "type": "float",
  "class": "build-in",
  "approach": "annotation",
  "file_path": "generic-cli/generic_cli/utils.py",
  "lineno": "21",
  "column": "14",
  "context": "y minutes'''\n    return mins * 60\n\n\ndef cache_for(seconds: float) -> 'CacheFor':\n    '''Same as CacheFor()'''\n    return CacheFor(s",
  "context_lines": "AsyncCallable = Union[AsyncMethod, AsyncFunc]\n\n\ndef minutes(mins: float) -> float:\n    '''Returns amount of seconds in that many minutes'''\n    return mins * 60\n\n\ndef cache_for(seconds: float) -> 'CacheFor':\n    '''Same as CacheFor()'''\n    return CacheFor(seconds)\n\n\nclass CacheFor:\n    '''\n",
  "slicing": "def cache_for(seconds: float) -> 'CacheFor':\n"
 },
 "62": {
  "name": "timeout",
  "type": "float",
  "class": "build-in",
  "approach": "annotation",
  "file_path": "generic-cli/generic_cli/utils.py",
  "lineno": "33",
  "column": "23",
  "context": "Dict[CacheKey, float] = {}\n    def __init__(self, timeout: float) -> None:\n        self.timeout = timeout\n\n    def __call__(s",
  "context_lines": "    specified in timeout argument passed to the class constructor\n    '''\n    _func_cache: Dict[CacheKey, Any] = {}\n    _func_timestamps: Dict[CacheKey, float] = {}\n    def __init__(self, timeout: float) -> None:\n        self.timeout = timeout\n\n    def __call__(self, func: AsyncCallable) -> AsyncCallable:\n        sig = inspect.signature(func)\n        params = sig.parameters\n",
  "slicing": "    def __init__(self, timeout: float) -> None:\n"
 },
 "63": {
  "name": "func",
  "type": "UNKNOWN",
  "class": "unknown",
  "approach": "annotation",
  "file_path": "generic-cli/generic_cli/utils.py",
  "lineno": "36",
  "column": "23",
  "context": "   self.timeout = timeout\n\n    def __call__(self, func: AsyncCallable) -> AsyncCallable:\n        sig = inspect.signature(func)\n        para",
  "context_lines": "    _func_cache: Dict[CacheKey, Any] = {}\n    _func_timestamps: Dict[CacheKey, float] = {}\n    def __init__(self, timeout: float) -> None:\n        self.timeout = timeout\n\n    def __call__(self, func: AsyncCallable) -> AsyncCallable:\n        sig = inspect.signature(func)\n        params = sig.parameters\n        if len(params) == 1 and 'self' in params:\n            return self._decorate_method(cast(AsyncMethod, func))\n",
  "slicing": "    def __call__(self, func: AsyncCallable) -> AsyncCallable:\n"
 },
 "64": {
  "name": "func",
  "type": "dict",
  "class": "build-in",
  "approach": "annotation",
  "file_path": "generic-cli/generic_cli/utils.py",
  "lineno": "46",
  "column": "29",
  "context": "ature: {str(sig)}')\n\n    def _decorate_func(self, func: AsyncFunc[T]) -> AsyncFunc[T]:\n        @wraps(func)\n        async def _func_wrapp",
  "context_lines": "        if not params:\n            return self._decorate_func(cast(AsyncFunc, func))\n        raise TypeError('CacheFor can be called on a method or function with no arguments only!'\n                        f' Detected signature: {str(sig)}')\n\n    def _decorate_func(self, func: AsyncFunc[T]) -> AsyncFunc[T]:\n        @wraps(func)\n        async def _func_wrapper(no_cache: bool = False) -> T:\n            next_call_ts = self._func_timestamps.get(func, 0)\n            if no_cache or next_call_ts <= time.time():\n",
  "slicing": "    def _decorate_func(self, func: AsyncFunc[T]) -> AsyncFunc[T]:\n"
 },
 "65": {
  "name": "func",
  "type": "dict",
  "class": "build-in",
  "approach": "annotation",
  "file_path": "generic-cli/generic_cli/utils.py",
  "lineno": "56",
  "column": "31",
  "context": "urn _func_wrapper\n\n    def _decorate_method(self, func: AsyncMethod[T]) -> AsyncMethod[T]:\n        @wraps(func)\n        async def _method_wra",
  "context_lines": "                self._func_cache[func] = await func()\n                self._func_timestamps[func] = time.time() + self.timeout\n            return self._func_cache[func]\n        return _func_wrapper\n\n    def _decorate_method(self, func: AsyncMethod[T]) -> AsyncMethod[T]:\n        @wraps(func)\n        async def _method_wrapper(self, no_cache: bool = False) -> T:\n            key = (self, func)\n            next_call_ts = self._func_timestamps.get(key, 0)\n",
  "slicing": "    def _decorate_method(self, func: AsyncMethod[T]) -> AsyncMethod[T]:\n"
 },
 "66": {
  "name": "func",
  "type": "AsyncCallable",
  "class": "imported",
  "approach": "annotation",
  "file_path": "generic-cli/generic_cli/utils.py",
  "lineno": "36",
  "column": "23",
  "slicing": "['    def __call__(self, func: AsyncCallable) -> AsyncCallable:\\n']",
  "context": "   self.timeout = timeout\n\n    def __call__(self, func: AsyncCallable) -> AsyncCallable:\n        sig = inspect.signature(func)\n        para",
  "context_lines": "    _func_cache: Dict[CacheKey, Any] = {}\n    _func_timestamps: Dict[CacheKey, float] = {}\n    def __init__(self, timeout: float) -> None:\n        self.timeout = timeout\n\n    def __call__(self, func: AsyncCallable) -> AsyncCallable:\n        sig = inspect.signature(func)\n        params = sig.parameters\n        if len(params) == 1 and 'self' in params:\n            return self._decorate_method(cast(AsyncMethod, func))\n"
 },
 "67": {
  "name": "session_config",
  "type": "config",
  "class": "imported",
  "approach": "annotation",
  "file_path": "generic-cli/generic_cli/client.py",
  "lineno": "55",
  "column": "12",
  "slicing": "['    host: Optional[str] = None\\n', '    service_name: Optional[str] = None\\n', \"    prefix: str = ''\\n\", '        if self.service_name and service_name:\\n', '        if self.prefix and prefix:\\n', '            config = dict(self._get_cls_config(), **config or {})\\n', '            session_config = SessionConfig(**config)\\n', '        elif isinstance(config, SessionConfig):\\n', '            session_config = config\\n', '            raise TypeError(f\"config type {type(config)} could not be recognized,\"\\n', '        service_name = service_name or self.service_name\\n', '        host = host or self.host\\n', '        prefix = (prefix\\n', '                  if prefix is None\\n', '        if not host:\\n', '            if not service_name and not env:\\n', \"            log.info('Running in static mode with host: %r', host)\\n\", '        self._host = host\\n', '        self._service_name = service_name\\n', '        self._prefix = prefix\\n', '        self.config = session_config\\n', '                     host,\\n', '            self._host = host\\n', \"        return f'{host}{self._prefix}'\\n\"]",
  "context": "if isinstance(config, SessionConfig):\n            session_config = config\n        else:\n            raise TypeError(f\"config",
  "context_lines": "        if isinstance(config, (dict, type(None))):\n            config = dict(self._get_cls_config(), **config or {})\n            session_config = SessionConfig(**config)\n        elif isinstance(config, SessionConfig):\n            session_config = config\n        else:\n            raise TypeError(f\"config type {type(config)} could not be recognized,\"\n                            \" please use a dictionary or generic_cli.config.SessionConfig\")\n\n        service_name = service_name or self.service_name\n"
 },
 "68": {
  "name": "response",
  "type": "Response",
  "class": "imported",
  "approach": "annotation",
  "file_path": "generic-cli/generic_cli/client.py",
  "lineno": "158",
  "column": "28",
  "slicing": "['    def _check_status(self, response: Response) -> None:\\n']",
  "context": "host}{self._prefix}'\n\n    def _check_status(self, response: Response) -> None:\n        str_status = str(response.status)\n        ",
  "context_lines": "    async def get_base_url(self) -> str:\n        '''Returns client's base url'''\n        host = await self.get_host()\n        return f'{host}{self._prefix}'\n\n    def _check_status(self, response: Response) -> None:\n        str_status = str(response.status)\n        retry_codes = self.config.retry_codes\n        if (str_status in retry_codes\n                or f'{str_status[:2]}x' in retry_codes\n"
 }
}