{
 "1": {
  "name": "_URL_PARAM_ADDRESS",
  "type": "str",
  "class": "build-in",
  "approach": "Pysonar2",
  "file_path": "geocoder/app/app.py",
  "lineno": "13",
  "column": "0",
  "context": "llers import main as main_controller\n\n# Constants\n_URL_PARAM_ADDRESS = \"address\"\n\n# Instantiate the Flask app server, once and for ",
  "context_lines": "# Internal modules\nfrom app.api import utils as api_utils\nfrom app.controllers import main as main_controller\n\n# Constants\n_URL_PARAM_ADDRESS = \"address\"\n\n# Instantiate the Flask app server, once and for all.\nSERVER = Flask(__name__)\n\n\n@SERVER.route(\"/\", methods=[\"GET\"])\n",
  "slicing": [
   "_URL_PARAM_ADDRESS = \"address\"\n",
   "    address = request.args.get(_URL_PARAM_ADDRESS)\n",
   "    if not address:\n",
   "        lat_lng = main_controller.geocode(address=address)\n",
   "    return api_utils.jsonify_success_data(lat_lng.to_dict())\n"
  ]
 },
 "2": {
  "name": "SERVER",
  "type": "flask.Flask",
  "class": "imported",
  "approach": "annotation",
  "file_path": "geocoder/app/app.py",
  "lineno": "16",
  "column": "0",
  "context": "stantiate the Flask app server, once and for all.\nSERVER = Flask(__name__)\n\n\n@SERVER.route(\"/\", methods=[\"GET\"])\ndef geocode(",
  "context_lines": "from app.controllers import main as main_controller\n\n# Constants\n_URL_PARAM_ADDRESS = \"address\"\n\n# Instantiate the Flask app server, once and for all.\nSERVER = Flask(__name__)\n\n\n@SERVER.route(\"/\", methods=[\"GET\"])\ndef geocode() -> str:\n    \"\"\"Root geocode response handler. Expects a GET request with a single URL\n",
  "slicing": [
   "SERVER = Flask(__name__)\n",
   "@SERVER.route(\"/\", methods=[\"GET\"])\n"
  ]
 },
 "3": {
  "name": "address",
  "type": "UNKNOWN",
  "class": "unknown",
  "approach": "Pysonar2",
  "file_path": "geocoder/app/app.py",
  "lineno": "44",
  "column": "4",
  "context": "  }\n    \"\"\"\n    # Parse address from request.\n    address = request.args.get(_URL_PARAM_ADDRESS)\n    # If address is empty string, then return erro",
  "context_lines": "            ],\n        }\n    \"\"\"\n    # Parse address from request.\n    address = request.args.get(_URL_PARAM_ADDRESS)\n    # If address is empty string, then return error now.\n    if not address:\n        api_error = api_utils.APIError(\n            status=api_utils.HTTP_STATUS_ERR_BAD_REQUEST,\n",
  "slicing": [
   "    address = request.args.get(_URL_PARAM_ADDRESS)\n",
   "    if not address:\n",
   "        lat_lng = main_controller.geocode(address=address)\n",
   "    return api_utils.jsonify_success_data(lat_lng.to_dict())\n"
  ]
 },
 "4": {
  "name": "api_error",
  "type": "UNKNOWN",
  "class": "unknown",
  "approach": "Pysonar2",
  "file_path": "geocoder/app/app.py",
  "lineno": "47",
  "column": "8",
  "context": "hen return error now.\n    if not address:\n        api_error = api_utils.APIError(\n            status=api_utils.HTTP_STATUS_ERR_BAD_R",
  "context_lines": "    # Parse address from request.\n    address = request.args.get(_URL_PARAM_ADDRESS)\n    # If address is empty string, then return error now.\n    if not address:\n        api_error = api_utils.APIError(\n            status=api_utils.HTTP_STATUS_ERR_BAD_REQUEST,\n            title=\"Missing/invalid address parameter\",\n        )\n        return api_utils.jsonify_error_data([api_error])\n\n",
  "slicing": [
   "        api_error = api_utils.APIError(\n",
   "        return api_utils.jsonify_error_data([api_error])\n",
   "        return api_utils.jsonify_error_data([api_error])\n"
  ]
 },
 "5": {
  "name": "lat_lng",
  "type": "UNKNOWN",
  "class": "unknown",
  "approach": "Pysonar2",
  "file_path": "geocoder/app/app.py",
  "lineno": "56",
  "column": "8",
  "context": " geocoded\n    # LatLng response.\n    try:\n        lat_lng = main_controller.geocode(address=address)\n    except RuntimeError as error:\n        # If any",
  "context_lines": "        return api_utils.jsonify_error_data([api_error])\n\n    # Pass address from request to main geocoding controller to get geocoded\n    # LatLng response.\n    try:\n        lat_lng = main_controller.geocode(address=address)\n    except RuntimeError as error:\n        # If any errors, then create APIError and respond.\n        api_error = api_utils.APIError(\n            status=api_utils.HTTP_STATUS_ERR_INTERNAL_SERVER_ERROR,\n",
  "slicing": [
   "        lat_lng = main_controller.geocode(address=address)\n",
   "    return api_utils.jsonify_success_data(lat_lng.to_dict())\n"
  ]
 },
 "6": {
  "name": "api_error",
  "type": "UNKNOWN",
  "class": "unknown",
  "approach": "Pysonar2",
  "file_path": "geocoder/app/app.py",
  "lineno": "59",
  "column": "8",
  "context": "errors, then create APIError and respond.\n        api_error = api_utils.APIError(\n            status=api_utils.HTTP_STATUS_ERR_INTER",
  "context_lines": "    try:\n        lat_lng = main_controller.geocode(address=address)\n    except RuntimeError as error:\n        # If any errors, then create APIError and respond.\n        api_error = api_utils.APIError(\n            status=api_utils.HTTP_STATUS_ERR_INTERNAL_SERVER_ERROR,\n            title=str(error),\n        )\n        return api_utils.jsonify_error_data([api_error])\n\n",
  "slicing": [
   "        api_error = api_utils.APIError(\n",
   "        return api_utils.jsonify_error_data([api_error])\n"
  ]
 },
 "7": {
  "name": "GMAPS_API_KEY",
  "type": "UNKNOWN",
  "class": "unknown",
  "approach": "Pysonar2",
  "file_path": "geocoder/app/conf/settings.py",
  "lineno": "17",
  "column": "0",
  "context": "oad_dotenv(find_dotenv())\n\n# Constants from .env.\nGMAPS_API_KEY = os.environ.get(\"GMAPS_API_KEY\", \"\")\nHERE_APP_ID = os.environ.get(\"HERE_APP_ID\", \"\")\nHE",
  "context_lines": "# - N/A\n\n\n# Load .env file.\nload_dotenv(find_dotenv())\n\n# Constants from .env.\nGMAPS_API_KEY = os.environ.get(\"GMAPS_API_KEY\", \"\")\nHERE_APP_ID = os.environ.get(\"HERE_APP_ID\", \"\")\n",
  "slicing": "GMAPS_API_KEY = os.environ.get(\"GMAPS_API_KEY\", \"\")\n"
 },
 "8": {
  "name": "HERE_APP_ID",
  "type": "UNKNOWN",
  "class": "unknown",
  "approach": "Pysonar2",
  "file_path": "geocoder/app/conf/settings.py",
  "lineno": "18",
  "column": "0",
  "context": "APS_API_KEY = os.environ.get(\"GMAPS_API_KEY\", \"\")\nHERE_APP_ID = os.environ.get(\"HERE_APP_ID\", \"\")\nHERE_APP_CODE = os.environ.get(\"HERE_APP_CODE\", \"\"",
  "context_lines": "# Load .env file.\nload_dotenv(find_dotenv())\n\n# Constants from .env.\nGMAPS_API_KEY = os.environ.get(\"GMAPS_API_KEY\", \"\")\nHERE_APP_ID = os.environ.get(\"HERE_APP_ID\", \"\")\n",
  "slicing": "HERE_APP_ID = os.environ.get(\"HERE_APP_ID\", \"\")\n"
 },
 "9": {
  "name": "HERE_APP_CODE",
  "type": "UNKNOWN",
  "class": "unknown",
  "approach": "Pysonar2",
  "file_path": "geocoder/app/conf/settings.py",
  "lineno": "19",
  "column": "0",
  "context": ")\nHERE_APP_ID = os.environ.get(\"HERE_APP_ID\", \"\")\nHERE_APP_CODE = os.environ.get(\"HERE_APP_CODE\", \"\")\n",
  "context_lines": "load_dotenv(find_dotenv())\n\n# Constants from .env.\nGMAPS_API_KEY = os.environ.get(\"GMAPS_API_KEY\", \"\")\nHERE_APP_ID = os.environ.get(\"HERE_APP_ID\", \"\")\nHERE_APP_CODE = os.environ.get(\"HERE_APP_CODE\", \"\")\n",
  "slicing": "HERE_APP_CODE = os.environ.get(\"HERE_APP_CODE\", \"\")\n"
 },
 "10": {
  "name": "resp",
  "type": "UNKNOWN",
  "class": "unknown",
  "approach": "Pysonar2",
  "file_path": "geocoder/app/tests/test_app.py",
  "lineno": "35",
  "column": "12",
  "context": " server app instance via test client.\n            resp = self.test_client.get(\"/?%s\" % urlencode({\n                \"address\": address,\n            })",
  "context_lines": "        # For each address-LatLng test case:\n        for address, lat_lng in ADDRESS_TO_LATLNG_DICT.items():\n            # Make request containing this address as URL param. Send to root\n            # route on this Flask server app instance via test client.\n            resp = self.test_client.get(\"/?%s\" % urlencode({\n                \"address\": address,\n            }))\n            resp_data = json.loads(resp.data)\n            # Extract out success data under \"data\" key for comparison below.\n",
  "slicing": [
   "            resp = self.test_client.get(\"/?%s\" % urlencode({\n",
   "            resp_data = json.loads(resp.data)\n",
   "            self.assertTrue(\"data\" in resp_data,\n",
   "            resp_data = resp_data[\"data\"]\n",
   "                set(resp_data.keys()),\n",
   "                \"Response data keys (%s) not equal to expected keys (%s)\" % (resp_data.keys(), expected_dict.keys()))\n",
   "                resp_data[LatLng.API_FIELD_LAT], lat_lng.lat, places=EQUALISH_NDIGITS_PRECISION)\n",
   "                resp_data[LatLng.API_FIELD_LNG], lat_lng.lng, places=EQUALISH_NDIGITS_PRECISION)\n"
  ]
 },
 "11": {
  "name": "resp_data",
  "type": "UNKNOWN",
  "class": "unknown",
  "approach": "Pysonar2",
  "file_path": "geocoder/app/tests/test_app.py",
  "lineno": "38",
  "column": "12",
  "context": "  \"address\": address,\n            }))\n            resp_data = json.loads(resp.data)\n            # Extract out success data under \"data",
  "context_lines": "            # route on this Flask server app instance via test client.\n            resp = self.test_client.get(\"/?%s\" % urlencode({\n                \"address\": address,\n            }))\n            resp_data = json.loads(resp.data)\n            # Extract out success data under \"data\" key for comparison below.\n            self.assertTrue(\"data\" in resp_data,\n                            \"Expect data field in response\")\n            resp_data = resp_data[\"data\"]\n\n",
  "slicing": [
   "            resp_data = json.loads(resp.data)\n",
   "            self.assertTrue(\"data\" in resp_data,\n",
   "            resp_data = resp_data[\"data\"]\n",
   "                set(resp_data.keys()),\n",
   "                \"Response data keys (%s) not equal to expected keys (%s)\" % (resp_data.keys(), expected_dict.keys()))\n",
   "                resp_data[LatLng.API_FIELD_LAT], lat_lng.lat, places=EQUALISH_NDIGITS_PRECISION)\n",
   "                resp_data[LatLng.API_FIELD_LNG], lat_lng.lng, places=EQUALISH_NDIGITS_PRECISION)\n"
  ]
 },
 "12": {
  "name": "resp_data",
  "type": "dict",
  "class": "build-in",
  "approach": "annotation",
  "file_path": "geocoder/app/tests/test_app.py",
  "lineno": "42",
  "column": "12",
  "context": "     \"Expect data field in response\")\n            resp_data = resp_data[\"data\"]\n\n            # Check response; lat and lng respons",
  "context_lines": "            resp_data = json.loads(resp.data)\n            # Extract out success data under \"data\" key for comparison below.\n            self.assertTrue(\"data\" in resp_data,\n                            \"Expect data field in response\")\n            resp_data = resp_data[\"data\"]\n\n            # Check response; lat and lng responses must be equal-ish.\n            expected_dict = {\n                LatLng.API_FIELD_LAT: lat_lng.lat,\n",
  "slicing": [
   "            resp_data = resp_data[\"data\"]\n",
   "                set(resp_data.keys()),\n",
   "                \"Response data keys (%s) not equal to expected keys (%s)\" % (resp_data.keys(), expected_dict.keys()))\n",
   "                resp_data[LatLng.API_FIELD_LAT], lat_lng.lat, places=EQUALISH_NDIGITS_PRECISION)\n",
   "                resp_data[LatLng.API_FIELD_LNG], lat_lng.lng, places=EQUALISH_NDIGITS_PRECISION)\n"
  ]
 },
 "13": {
  "name": "expected_dict",
  "type": "dict",
  "class": "build-in",
  "approach": "annotation",
  "file_path": "geocoder/app/tests/test_app.py",
  "lineno": "45",
  "column": "12",
  "context": " and lng responses must be equal-ish.\n            expected_dict = {\n                LatLng.API_FIELD_LAT: lat_lng.lat,",
  "context_lines": "            self.assertTrue(\"data\" in resp_data,\n                            \"Expect data field in response\")\n            resp_data = resp_data[\"data\"]\n\n            # Check response; lat and lng responses must be equal-ish.\n            expected_dict = {\n                LatLng.API_FIELD_LAT: lat_lng.lat,\n                LatLng.API_FIELD_LNG: lat_lng.lng,\n            }\n            self.assertEqual(\n",
  "slicing": [
   "            expected_dict = {\n",
   "                set(expected_dict.keys()),\n",
   "                \"Response data keys (%s) not equal to expected keys (%s)\" % (resp_data.keys(), expected_dict.keys()))\n"
  ]
 },
 "14": {
  "name": "val",
  "type": "UNKNOWN",
  "class": "unknown",
  "approach": "annotation",
  "file_path": "geocoder/app/utils/dictionary.py",
  "lineno": "32",
  "column": "4",
  "context": "     the given default value instead.\n    \"\"\"\n    val = dictionary\n    for key in keys:\n        if key not in val:\n  ",
  "context_lines": "        Value inside dictionary reached by traversing/descending into the\n        dictionary according to the ordered keys. If not found, then this is\n        the given default value instead.\n    \"\"\"\n    val = dictionary\n    for key in keys:\n        if key not in val:\n            return default\n        val = val[key]\n",
  "slicing": [
   "    val = dictionary\n",
   "        if key not in val:\n",
   "        val = val[key]\n",
   "    return val\n"
  ]
 },
 "15": {
  "name": "val",
  "type": "dict",
  "class": "build-in",
  "approach": "annotation",
  "file_path": "geocoder/app/utils/dictionary.py",
  "lineno": "36",
  "column": "8",
  "context": "ey not in val:\n            return default\n        val = val[key]\n    return val\n",
  "context_lines": "    val = dictionary\n    for key in keys:\n        if key not in val:\n            return default\n        val = val[key]\n",
  "slicing": [
   "        val = val[key]\n",
   "    return val\n"
  ]
 },
 "16": {
  "name": "d",
  "type": "dict",
  "class": "build-in",
  "approach": "annotation",
  "file_path": "geocoder/app/utils/tests/test_dictionary.py",
  "lineno": "15",
  "column": "8",
  "context": "e):\n\n    def test_get_nested_value(self):\n        d = {\n            \"one\": {\n                \"two\": {\n    ",
  "context_lines": "# Internal imports\nfrom app.utils import dictionary as utils_dictionary\n\n\nclass TestUtilsDictionary(unittest.TestCase):\n\n    def test_get_nested_value(self):\n        d = {\n            \"one\": {\n                \"two\": {\n                    3: {\n                        \"four\": 4,\n",
  "slicing": [
   "        d = {\n",
   "                dictionary=d, keys=[\"one\", \"two\", 3, \"four\"], default=None),\n",
   "                dictionary=d, keys=[\"one\", \"five\"], default=None),\n",
   "                dictionary=d, keys=[\"one\", \"not present\"], default=100),\n"
  ]
 },
 "17": {
  "name": "equalish",
  "type": "UNKNOWN",
  "class": "unknown",
  "approach": "Pysonar2",
  "file_path": "geocoder/app/utils/tests/test_math.py",
  "lineno": "15",
  "column": "8",
  "context": ".TestCase):\n\n    def test_equalish(self):\n        equalish = utils_math.equalish\n        self.assertTrue(equalish(0, 0))\n        se",
  "context_lines": "# Internal imports\nfrom app.utils import math as utils_math\n\n\nclass TestMath(unittest.TestCase):\n\n    def test_equalish(self):\n        equalish = utils_math.equalish\n        self.assertTrue(equalish(0, 0))\n        self.assertFalse(equalish(0, 1))\n        self.assertTrue(equalish(x=0.55555, y=0.55556, precision_digits=3))\n        self.assertTrue(equalish(x=0.55555, y=0.55556, precision_digits=4))\n",
  "slicing": [
   "        equalish = utils_math.equalish\n",
   "        self.assertTrue(equalish(0, 0))\n",
   "        self.assertFalse(equalish(0, 1))\n",
   "        self.assertTrue(equalish(x=0.55555, y=0.55556, precision_digits=3))\n",
   "        self.assertTrue(equalish(x=0.55555, y=0.55556, precision_digits=4))\n",
   "        self.assertFalse(equalish(x=0.55555, y=0.55556, precision_digits=5))\n",
   "        self.assertFalse(equalish(x=0.55555, y=0.55556, precision_digits=6))\n"
  ]
 },
 "18": {
  "name": "result",
  "type": "UNKNOWN",
  "class": "unknown",
  "approach": "Pysonar2",
  "file_path": "geocoder/app/controllers/tests/test_main.py",
  "lineno": "17",
  "column": "12",
  "context": "ng in ADDRESS_TO_LATLNG_DICT.items():\n            result = main_controller.geocode(address=address)\n            self.assertTrue(result == lat_lng,\n   ",
  "context_lines": "from app.controllers import main as main_controller\n\n\nclass TestMain(unittest.TestCase):\n\n    def test_geocode(self):\n        for address, lat_lng in ADDRESS_TO_LATLNG_DICT.items():\n            result = main_controller.geocode(address=address)\n            self.assertTrue(result == lat_lng,\n                            \"Result not equal to expected LatLng\")\n\n    def test_geocode_errors(self):\n        for invalid_address in [\"\", None, 10]:\n",
  "slicing": [
   "            result = main_controller.geocode(address=address)\n",
   "            self.assertTrue(result == lat_lng,\n"
  ]
 },
 "19": {
  "name": "ADDRESS_TO_LATLNG_DICT",
  "type": "dict",
  "class": "build-in",
  "approach": "annotation",
  "file_path": "geocoder/app/controllers/tests/utils.py",
  "lineno": "12",
  "column": "0",
  "context": "l imports\nfrom app.models.lat_lng import LatLng\n\n\nADDRESS_TO_LATLNG_DICT: Dict[str, LatLng] = {\n    \"1600 Amphitheatre Parkway, Mountain View, CA\"",
  "context_lines": "# External imports\nfrom typing import Dict\n\n# Internal imports\nfrom app.models.lat_lng import LatLng\n\n\nADDRESS_TO_LATLNG_DICT: Dict[str, LatLng] = {\n    \"1600 Amphitheatre Parkway, Mountain View, CA\": LatLng(lat=37.422408, lng=-122.085609),\n    \"San Francisco, CA, USA\": LatLng(lat=37.77493, lng=-122.419416),\n    \"san francisco\": LatLng(lat=37.77493, lng=-122.419416),\n    \"1600 Pennsylvania Ave NW, Washington, DC 20500\": LatLng(lat=38.897663, lng=-77.036574),\n",
  "slicing": "ADDRESS_TO_LATLNG_DICT: Dict[str, LatLng] = {\n"
 },
 "20": {
  "name": "params_str",
  "type": "str",
  "class": "build-in",
  "approach": "annotation",
  "file_path": "geocoder/app/controllers/third_party/request.py",
  "lineno": "37",
  "column": "4",
  "context": "he URL params dict into a URL-encoded string.\n    params_str: str = urlencode(params_dict)\n\n    # Fire off the request to the base URL, with ",
  "context_lines": "        json.JSONDecodeError: If error decoding the response string to a JSON\n            object.\n    \"\"\"\n    # URL-encode the URL params dict into a URL-encoded string.\n    params_str: str = urlencode(params_dict)\n\n    # Fire off the request to the base URL, with URL params attached. Parse\n    # response to JSON dict. Raised exceptions noted in docstring above.\n    url = \"%s?%s\" % (base_url, params_str)\n",
  "slicing": [
   "    params_str: str = urlencode(params_dict)\n",
   "    url = \"%s?%s\" % (base_url, params_str)\n",
   "    with urllib.request.urlopen(url=url, context=context) as resp:\n"
  ]
 },
 "21": {
  "name": "url",
  "type": "UNKNOWN",
  "class": "unknown",
  "approach": "Pysonar2",
  "file_path": "geocoder/app/controllers/third_party/request.py",
  "lineno": "41",
  "column": "4",
  "context": ". Raised exceptions noted in docstring above.\n    url = \"%s?%s\" % (base_url, params_str)\n    # TODO: Python 3's increased SSL security for ",
  "context_lines": "    # URL-encode the URL params dict into a URL-encoded string.\n    params_str: str = urlencode(params_dict)\n\n    # Fire off the request to the base URL, with URL params attached. Parse\n    # response to JSON dict. Raised exceptions noted in docstring above.\n    url = \"%s?%s\" % (base_url, params_str)\n    # TODO: Python 3's increased SSL security for requests will likely cause a\n    #    CERTIFICATE_VERIFY_FAILED error on most local systems without elaborate\n    #    certificate setup. Because of this, we currently disable SSL\n    #    verification of the CONTROLLED requests we make to the known API\n",
  "slicing": [
   "    url = \"%s?%s\" % (base_url, params_str)\n",
   "    with urllib.request.urlopen(url=url, context=context) as resp:\n"
  ]
 },
 "22": {
  "name": "context",
  "type": "UNKNOWN",
  "class": "unknown",
  "approach": "Pysonar2",
  "file_path": "geocoder/app/controllers/third_party/request.py",
  "lineno": "47",
  "column": "4",
  "context": "oints via the explicit context setting below.\n    context = ssl._create_unverified_context()\n    with urllib.request.urlopen(url=url, context=c",
  "context_lines": "    #    CERTIFICATE_VERIFY_FAILED error on most local systems without elaborate\n    #    certificate setup. Because of this, we currently disable SSL\n    #    verification of the CONTROLLED requests we make to the known API\n    #    endpoints via the explicit context setting below.\n    context = ssl._create_unverified_context()\n    with urllib.request.urlopen(url=url, context=context) as resp:\n",
  "slicing": [
   "    context = ssl._create_unverified_context()\n",
   "    with urllib.request.urlopen(url=url, context=context) as resp:\n"
  ]
 },
 "23": {
  "name": "_URL_GEOCODE_BASE",
  "type": "str",
  "class": "build-in",
  "approach": "Pysonar2",
  "file_path": "geocoder/app/controllers/third_party/google_maps.py",
  "lineno": "18",
  "column": "0",
  "context": "mport dictionary as utils_dictionary\n\n# Constants\n_URL_GEOCODE_BASE = \"https://maps.googleapis.com/maps/api/geocode/json\"\n_URL_PARAM_ADDRESS = \"address\"\n_URL_PARAM_API_KEY ",
  "context_lines": "from app.conf.settings import GMAPS_API_KEY\nfrom app.controllers.third_party.request import make_geocode_request\nfrom app.utils import dictionary as utils_dictionary\n\n# Constants\n_URL_GEOCODE_BASE = \"https://maps.googleapis.com/maps/api/geocode/json\"\n_URL_PARAM_ADDRESS = \"address\"\n_URL_PARAM_API_KEY = \"key\"\n\n\ndef geocode(address: str) -> LatLng:\n    \"\"\"Geocode the given address string to (lat, lng) coordinates, by making a\n",
  "slicing": [
   "_URL_GEOCODE_BASE = \"https://maps.googleapis.com/maps/api/geocode/json\"\n",
   "            base_url=_URL_GEOCODE_BASE,\n"
  ]
 },
 "24": {
  "name": "_URL_PARAM_ADDRESS",
  "type": "str",
  "class": "build-in",
  "approach": "Pysonar2",
  "file_path": "geocoder/app/controllers/third_party/google_maps.py",
  "lineno": "19",
  "column": "0",
  "context": "ttps://maps.googleapis.com/maps/api/geocode/json\"\n_URL_PARAM_ADDRESS = \"address\"\n_URL_PARAM_API_KEY = \"key\"\n\n\ndef geocode(address: ",
  "context_lines": "from app.controllers.third_party.request import make_geocode_request\nfrom app.utils import dictionary as utils_dictionary\n\n# Constants\n_URL_GEOCODE_BASE = \"https://maps.googleapis.com/maps/api/geocode/json\"\n_URL_PARAM_ADDRESS = \"address\"\n_URL_PARAM_API_KEY = \"key\"\n\n\ndef geocode(address: str) -> LatLng:\n    \"\"\"Geocode the given address string to (lat, lng) coordinates, by making a\n    manual HTTP request to the Google Maps Geocoding API.\n\n",
  "slicing": [
   "_URL_PARAM_ADDRESS = \"address\"\n",
   "        _URL_PARAM_ADDRESS: address,\n"
  ]
 },
 "25": {
  "name": "_URL_PARAM_API_KEY",
  "type": "str",
  "class": "build-in",
  "approach": "Pysonar2",
  "file_path": "geocoder/app/controllers/third_party/google_maps.py",
  "lineno": "20",
  "column": "0",
  "context": "/api/geocode/json\"\n_URL_PARAM_ADDRESS = \"address\"\n_URL_PARAM_API_KEY = \"key\"\n\n\ndef geocode(address: str) -> LatLng:\n    \"\"\"Geoc",
  "context_lines": "from app.utils import dictionary as utils_dictionary\n\n# Constants\n_URL_GEOCODE_BASE = \"https://maps.googleapis.com/maps/api/geocode/json\"\n_URL_PARAM_ADDRESS = \"address\"\n_URL_PARAM_API_KEY = \"key\"\n\n\ndef geocode(address: str) -> LatLng:\n    \"\"\"Geocode the given address string to (lat, lng) coordinates, by making a\n    manual HTTP request to the Google Maps Geocoding API.\n\n",
  "slicing": [
   "_URL_PARAM_API_KEY = \"key\"\n",
   "        _URL_PARAM_API_KEY: GMAPS_API_KEY,\n"
  ]
 },
 "26": {
  "name": "params_dict",
  "type": "dict",
  "class": "build-in",
  "approach": "annotation",
  "file_path": "geocoder/app/controllers/third_party/google_maps.py",
  "lineno": "45",
  "column": "4",
  "context": " and Google Maps API\n    # key from settings.\n    params_dict: Dict[str, str] = {\n        _URL_PARAM_ADDRESS: address,\n        _URL_",
  "context_lines": "    if not address or not isinstance(address, str):\n        raise RuntimeError(\"Invalid/empty address\")\n\n    # Build URL params dict for request, with address string and Google Maps API\n    # key from settings.\n    params_dict: Dict[str, str] = {\n        _URL_PARAM_ADDRESS: address,\n        _URL_PARAM_API_KEY: GMAPS_API_KEY,\n    }\n\n    # Make geocode request to Google Maps Geocoding API. Get result as JSON\n",
  "slicing": [
   "    params_dict: Dict[str, str] = {\n",
   "            params_dict=params_dict,\n"
  ]
 },
 "27": {
  "name": "resp_dict",
  "type": "app.controllers.third_party.request.make_geocode_request",
  "class": "imported",
  "approach": "annotation",
  "file_path": "geocoder/app/controllers/third_party/google_maps.py",
  "lineno": "53",
  "column": "8",
  "context": ". Get result as JSON\n    # dict.\n    try:\n        resp_dict = make_geocode_request(\n            base_url=_URL_GEOCODE_BASE,\n          ",
  "context_lines": "    }\n\n    # Make geocode request to Google Maps Geocoding API. Get result as JSON\n    # dict.\n    try:\n        resp_dict = make_geocode_request(\n            base_url=_URL_GEOCODE_BASE,\n            params_dict=params_dict,\n        )\n    except URLError:\n",
  "slicing": [
   "        resp_dict = make_geocode_request(\n",
   "        return _parse_geocode_response_dict_to_lat_lng(resp_dict)\n",
   "    if not resp_dict:\n",
   "    results = resp_dict[\"results\"]\n",
   "    if not results:\n",
   "    result: Dict = results[0]\n",
   "        dictionary=result,\n"
  ]
 },
 "28": {
  "name": "results",
  "type": "dict",
  "class": "build-in",
  "approach": "annotation",
  "file_path": "geocoder/app/controllers/third_party/google_maps.py",
  "lineno": "93",
  "column": "4",
  "context": "    # Get top-level result from results list.\n    results = resp_dict[\"results\"]\n    if not results:\n        raise ValueError(\"Inva",
  "context_lines": "    # If invalid input, raise error.\n    if not resp_dict:\n        raise ValueError(\"Invalid empty input dict\")\n\n    # Get top-level result from results list.\n    results = resp_dict[\"results\"]\n    if not results:\n        raise ValueError(\"Invalid empty results list\")\n    result: Dict = results[0]\n\n    # Get results->geometry->location subdict.\n",
  "slicing": [
   "    results = resp_dict[\"results\"]\n",
   "    if not results:\n",
   "    result: Dict = results[0]\n",
   "        dictionary=result,\n"
  ]
 },
 "29": {
  "name": "result",
  "type": "typing.Dict",
  "class": "imported",
  "approach": "annotation",
  "file_path": "geocoder/app/controllers/third_party/google_maps.py",
  "lineno": "96",
  "column": "4",
  "context": "aise ValueError(\"Invalid empty results list\")\n    result: Dict = results[0]\n\n    # Get results->geometry->location subdict.\n  ",
  "context_lines": "    # Get top-level result from results list.\n    results = resp_dict[\"results\"]\n    if not results:\n        raise ValueError(\"Invalid empty results list\")\n    result: Dict = results[0]\n\n    # Get results->geometry->location subdict.\n    location_key_path = [\"geometry\", \"location\"]\n    location: Dict = utils_dictionary.get_nested_value(\n",
  "slicing": [
   "    result: Dict = results[0]\n",
   "        dictionary=result,\n"
  ]
 },
 "30": {
  "name": "location_key_path",
  "type": "list",
  "class": "build-in",
  "approach": "annotation",
  "file_path": "geocoder/app/controllers/third_party/google_maps.py",
  "lineno": "99",
  "column": "4",
  "context": "   # Get results->geometry->location subdict.\n    location_key_path = [\"geometry\", \"location\"]\n    location: Dict = utils_dictionary.get_nested_v",
  "context_lines": "    if not results:\n        raise ValueError(\"Invalid empty results list\")\n    result: Dict = results[0]\n\n    # Get results->geometry->location subdict.\n    location_key_path = [\"geometry\", \"location\"]\n    location: Dict = utils_dictionary.get_nested_value(\n        dictionary=result,\n        keys=location_key_path,\n        default=None,\n",
  "slicing": [
   "    location_key_path = [\"geometry\", \"location\"]\n",
   "        keys=location_key_path,\n"
  ]
 },
 "31": {
  "name": "location",
  "type": "typing.Dict",
  "class": "imported",
  "approach": "annotation",
  "file_path": "geocoder/app/controllers/third_party/google_maps.py",
  "lineno": "100",
  "column": "4",
  "context": " location_key_path = [\"geometry\", \"location\"]\n    location: Dict = utils_dictionary.get_nested_value(\n        dictionary=result,\n        keys=location_k",
  "context_lines": "        raise ValueError(\"Invalid empty results list\")\n    result: Dict = results[0]\n\n    # Get results->geometry->location subdict.\n    location_key_path = [\"geometry\", \"location\"]\n    location: Dict = utils_dictionary.get_nested_value(\n        dictionary=result,\n        keys=location_key_path,\n        default=None,\n    )\n",
  "slicing": [
   "    location: Dict = utils_dictionary.get_nested_value(\n",
   "    if not location:\n",
   "    lat = location.get(\"lat\", None)\n",
   "    lng = location.get(\"lng\", None)\n",
   "    if not lat or not lng:\n",
   "    return LatLng(lat=lat, lng=lng)\n"
  ]
 },
 "32": {
  "name": "lat",
  "type": "UNKNOWN",
  "class": "unknown",
  "approach": "Pysonar2",
  "file_path": "geocoder/app/controllers/third_party/google_maps.py",
  "lineno": "109",
  "column": "4",
  "context": "latitude and longitude from location subdict.\n    lat = location.get(\"lat\", None)\n    lng = location.get(\"lng\", None)\n    if not lat",
  "context_lines": "    )\n    if not location:\n        raise ValueError(\"Invalid empty location dict\")\n\n    # Get latitude and longitude from location subdict.\n    lat = location.get(\"lat\", None)\n    lng = location.get(\"lng\", None)\n    if not lat or not lng:\n        raise ValueError(\"Unable to parse valid (lat, lng) from location dict\")\n\n    # Return corresponding LatLng model instance.\n",
  "slicing": [
   "    lat = location.get(\"lat\", None)\n",
   "    if not lat or not lng:\n",
   "    return LatLng(lat=lat, lng=lng)\n"
  ]
 },
 "33": {
  "name": "lng",
  "type": "UNKNOWN",
  "class": "unknown",
  "approach": "Pysonar2",
  "file_path": "geocoder/app/controllers/third_party/google_maps.py",
  "lineno": "110",
  "column": "4",
  "context": " subdict.\n    lat = location.get(\"lat\", None)\n    lng = location.get(\"lng\", None)\n    if not lat or not lng:\n        raise ValueErro",
  "context_lines": "    if not location:\n        raise ValueError(\"Invalid empty location dict\")\n\n    # Get latitude and longitude from location subdict.\n    lat = location.get(\"lat\", None)\n    lng = location.get(\"lng\", None)\n    if not lat or not lng:\n        raise ValueError(\"Unable to parse valid (lat, lng) from location dict\")\n\n    # Return corresponding LatLng model instance.\n",
  "slicing": [
   "    lng = location.get(\"lng\", None)\n",
   "    if not lat or not lng:\n",
   "    return LatLng(lat=lat, lng=lng)\n"
  ]
 },
 "34": {
  "name": "_URL_GEOCODE_BASE",
  "type": "str",
  "class": "build-in",
  "approach": "Pysonar2",
  "file_path": "geocoder/app/controllers/third_party/here.py",
  "lineno": "17",
  "column": "0",
  "context": "mport dictionary as utils_dictionary\n\n# Constants\n_URL_GEOCODE_BASE = \"https://geocoder.cit.api.here.com/6.2/geocode.json\"\n_URL_PARAM_ADDRESS = \"searchtext\"\n_URL_PARAM_APP_I",
  "context_lines": "from app.controllers.third_party.request import make_geocode_request\nfrom app.models.lat_lng import LatLng\nfrom app.utils import dictionary as utils_dictionary\n\n# Constants\n_URL_GEOCODE_BASE = \"https://geocoder.cit.api.here.com/6.2/geocode.json\"\n_URL_PARAM_ADDRESS = \"searchtext\"\n_URL_PARAM_APP_ID = \"app_id\"\n_URL_PARAM_APP_CODE = \"app_code\"\n\n\ndef geocode(address: str) -> LatLng:\n",
  "slicing": [
   "_URL_GEOCODE_BASE = \"https://geocoder.cit.api.here.com/6.2/geocode.json\"\n",
   "            base_url=_URL_GEOCODE_BASE,\n"
  ]
 },
 "35": {
  "name": "_URL_PARAM_ADDRESS",
  "type": "str",
  "class": "build-in",
  "approach": "Pysonar2",
  "file_path": "geocoder/app/controllers/third_party/here.py",
  "lineno": "18",
  "column": "0",
  "context": "tps://geocoder.cit.api.here.com/6.2/geocode.json\"\n_URL_PARAM_ADDRESS = \"searchtext\"\n_URL_PARAM_APP_ID = \"app_id\"\n_URL_PARAM_APP_CODE =",
  "context_lines": "from app.models.lat_lng import LatLng\nfrom app.utils import dictionary as utils_dictionary\n\n# Constants\n_URL_GEOCODE_BASE = \"https://geocoder.cit.api.here.com/6.2/geocode.json\"\n_URL_PARAM_ADDRESS = \"searchtext\"\n_URL_PARAM_APP_ID = \"app_id\"\n_URL_PARAM_APP_CODE = \"app_code\"\n\n\ndef geocode(address: str) -> LatLng:\n    \"\"\"\n",
  "slicing": [
   "_URL_PARAM_ADDRESS = \"searchtext\"\n",
   "        _URL_PARAM_ADDRESS: address,\n"
  ]
 },
 "36": {
  "name": "_URL_PARAM_APP_ID",
  "type": "str",
  "class": "build-in",
  "approach": "Pysonar2",
  "file_path": "geocoder/app/controllers/third_party/here.py",
  "lineno": "19",
  "column": "0",
  "context": "2/geocode.json\"\n_URL_PARAM_ADDRESS = \"searchtext\"\n_URL_PARAM_APP_ID = \"app_id\"\n_URL_PARAM_APP_CODE = \"app_code\"\n\n\ndef geocode(add",
  "context_lines": "from app.utils import dictionary as utils_dictionary\n\n# Constants\n_URL_GEOCODE_BASE = \"https://geocoder.cit.api.here.com/6.2/geocode.json\"\n_URL_PARAM_ADDRESS = \"searchtext\"\n_URL_PARAM_APP_ID = \"app_id\"\n_URL_PARAM_APP_CODE = \"app_code\"\n\n\ndef geocode(address: str) -> LatLng:\n    \"\"\"\n    Geocode the given address string to (lat, lng) coordinates, by making a\n",
  "slicing": [
   "_URL_PARAM_APP_ID = \"app_id\"\n",
   "        _URL_PARAM_APP_ID: HERE_APP_ID,\n"
  ]
 },
 "37": {
  "name": "_URL_PARAM_APP_CODE",
  "type": "str",
  "class": "build-in",
  "approach": "Pysonar2",
  "file_path": "geocoder/app/controllers/third_party/here.py",
  "lineno": "20",
  "column": "0",
  "context": "DRESS = \"searchtext\"\n_URL_PARAM_APP_ID = \"app_id\"\n_URL_PARAM_APP_CODE = \"app_code\"\n\n\ndef geocode(address: str) -> LatLng:\n    \"\"\"\n   ",
  "context_lines": "# Constants\n_URL_GEOCODE_BASE = \"https://geocoder.cit.api.here.com/6.2/geocode.json\"\n_URL_PARAM_ADDRESS = \"searchtext\"\n_URL_PARAM_APP_ID = \"app_id\"\n_URL_PARAM_APP_CODE = \"app_code\"\n\n\ndef geocode(address: str) -> LatLng:\n    \"\"\"\n    Geocode the given address string to (lat, lng) coordinates, by making a\n",
  "slicing": [
   "_URL_PARAM_APP_CODE = \"app_code\"\n",
   "        _URL_PARAM_APP_CODE: HERE_APP_CODE,\n"
  ]
 },
 "38": {
  "name": "params_dict",
  "type": "dict",
  "class": "build-in",
  "approach": "annotation",
  "file_path": "geocoder/app/controllers/third_party/here.py",
  "lineno": "46",
  "column": "4",
  "context": "ess string and HERE keys from\n    # settings.\n    params_dict: Dict[str, str] = {\n        _URL_PARAM_ADDRESS: address,\n        _URL_",
  "context_lines": "    if not address or not isinstance(address, str):\n        raise RuntimeError(\"Invalid/empty address\")\n\n    # Build URL params dict for request, with address string and HERE keys from\n    # settings.\n    params_dict: Dict[str, str] = {\n        _URL_PARAM_ADDRESS: address,\n        _URL_PARAM_APP_ID: HERE_APP_ID,\n        _URL_PARAM_APP_CODE: HERE_APP_CODE,\n    }\n\n",
  "slicing": [
   "    params_dict: Dict[str, str] = {\n",
   "            params_dict=params_dict,\n"
  ]
 },
 "39": {
  "name": "resp_dict",
  "type": "app.controllers.third_party.request.make_geocode_request",
  "class": "imported",
  "approach": "annotation",
  "file_path": "geocoder/app/controllers/third_party/here.py",
  "lineno": "54",
  "column": "8",
  "context": "er API. Get result as JSON dict.\n    try:\n        resp_dict = make_geocode_request(\n            base_url=_URL_GEOCODE_BASE,\n          ",
  "context_lines": "        _URL_PARAM_APP_CODE: HERE_APP_CODE,\n    }\n\n    # Make geocode request to HERE Geocoder API. Get result as JSON dict.\n    try:\n        resp_dict = make_geocode_request(\n            base_url=_URL_GEOCODE_BASE,\n            params_dict=params_dict,\n        )\n    except URLError:\n",
  "slicing": [
   "        resp_dict = make_geocode_request(\n",
   "        return _parse_geocode_response_dict_to_lat_lng(resp_dict)\n",
   "    if not resp_dict:\n",
   "        dictionary=resp_dict,\n"
  ]
 },
 "40": {
  "name": "view",
  "type": "dict",
  "class": "build-in",
  "approach": "annotation",
  "file_path": "geocoder/app/controllers/third_party/here.py",
  "lineno": "94",
  "column": "4",
  "context": "put dict\")\n\n    # Get Response->View sublist.\n    view: Union[List, None] = utils_dictionary.get_nested_value(\n        dictionary=resp_dict,\n        keys=[\"Respo",
  "context_lines": "    # If invalid input, raise error.\n    if not resp_dict:\n        raise ValueError(\"Invalid empty input dict\")\n\n    # Get Response->View sublist.\n    view: Union[List, None] = utils_dictionary.get_nested_value(\n        dictionary=resp_dict,\n        keys=[\"Response\", \"View\"],\n        default=None,\n    )\n",
  "slicing": [
   "    view: Union[List, None] = utils_dictionary.get_nested_value(\n",
   "    if not view:\n",
   "    top_view: Dict = view[0]\n",
   "    result: Union[List, None] = top_view.get(\"Result\", None)\n",
   "    if not result:\n",
   "    top_result = result[0]\n",
   "        dictionary=top_result,\n"
  ]
 },
 "41": {
  "name": "top_view",
  "type": "typing.Dict",
  "class": "imported",
  "approach": "annotation",
  "file_path": "geocoder/app/controllers/third_party/here.py",
  "lineno": "102",
  "column": "4",
  "context": " list\")\n    # Get first element in View list.\n    top_view: Dict = view[0]\n\n    # Get Response->View->Result sublist.\n    res",
  "context_lines": "    )\n    if not view:\n        raise ValueError(\"Invalid empty view list\")\n    # Get first element in View list.\n    top_view: Dict = view[0]\n\n    # Get Response->View->Result sublist.\n    result: Union[List, None] = top_view.get(\"Result\", None)\n    if not result:\n",
  "slicing": [
   "    top_view: Dict = view[0]\n",
   "    result: Union[List, None] = top_view.get(\"Result\", None)\n",
   "    if not result:\n",
   "    top_result = result[0]\n",
   "        dictionary=top_result,\n"
  ]
 },
 "42": {
  "name": "result",
  "type": "dict",
  "class": "build-in",
  "approach": "annotation",
  "file_path": "geocoder/app/controllers/third_party/here.py",
  "lineno": "105",
  "column": "4",
  "context": "0]\n\n    # Get Response->View->Result sublist.\n    result: Union[List, None] = top_view.get(\"Result\", None)\n    if not result:\n        raise ValueError(\"Inval",
  "context_lines": "        raise ValueError(\"Invalid empty view list\")\n    # Get first element in View list.\n    top_view: Dict = view[0]\n\n    # Get Response->View->Result sublist.\n    result: Union[List, None] = top_view.get(\"Result\", None)\n    if not result:\n        raise ValueError(\"Invalid empty result list\")\n    # Get first element in Result list.\n    top_result = result[0]\n\n",
  "slicing": [
   "    result: Union[List, None] = top_view.get(\"Result\", None)\n",
   "    if not result:\n",
   "    top_result = result[0]\n",
   "        dictionary=top_result,\n"
  ]
 },
 "43": {
  "name": "top_result",
  "type": "dict",
  "class": "build-in",
  "approach": "annotation",
  "file_path": "geocoder/app/controllers/third_party/here.py",
  "lineno": "109",
  "column": "4",
  "context": "ist\")\n    # Get first element in Result list.\n    top_result = result[0]\n\n    # Get Response->View->Result->Location->Displ",
  "context_lines": "    result: Union[List, None] = top_view.get(\"Result\", None)\n    if not result:\n        raise ValueError(\"Invalid empty result list\")\n    # Get first element in Result list.\n    top_result = result[0]\n\n    # Get Response->View->Result->Location->DisplayPosition subdict.\n    display_position = utils_dictionary.get_nested_value(\n        dictionary=top_result,\n",
  "slicing": [
   "    top_result = result[0]\n",
   "        dictionary=top_result,\n"
  ]
 },
 "44": {
  "name": "display_position",
  "type": "UNKNOWN",
  "class": "unknown",
  "approach": "Pysonar2",
  "file_path": "geocoder/app/controllers/third_party/here.py",
  "lineno": "112",
  "column": "4",
  "context": "w->Result->Location->DisplayPosition subdict.\n    display_position = utils_dictionary.get_nested_value(\n        dictionary=top_result,\n        keys=[\"Loca",
  "context_lines": "        raise ValueError(\"Invalid empty result list\")\n    # Get first element in Result list.\n    top_result = result[0]\n\n    # Get Response->View->Result->Location->DisplayPosition subdict.\n    display_position = utils_dictionary.get_nested_value(\n        dictionary=top_result,\n        keys=[\"Location\", \"DisplayPosition\"],\n        default=None\n    )\n",
  "slicing": [
   "    display_position = utils_dictionary.get_nested_value(\n",
   "    if not display_position:\n",
   "    lat = display_position.get(\"Latitude\", None)\n",
   "    lng = display_position.get(\"Longitude\", None)\n",
   "    if not lat or not lng:\n",
   "    return LatLng(lat=lat, lng=lng)\n"
  ]
 },
 "45": {
  "name": "lat",
  "type": "UNKNOWN",
  "class": "unknown",
  "approach": "Pysonar2",
  "file_path": "geocoder/app/controllers/third_party/here.py",
  "lineno": "121",
  "column": "4",
  "context": "e and longitude from DisplayPosition subdict.\n    lat = display_position.get(\"Latitude\", None)\n    lng = display_position.get(\"Longitude\", None)\n",
  "context_lines": "    )\n    if not display_position:\n        raise ValueError(\"Invalid empty DisplayPosition dict\")\n\n    # Get latitude and longitude from DisplayPosition subdict.\n    lat = display_position.get(\"Latitude\", None)\n    lng = display_position.get(\"Longitude\", None)\n    if not lat or not lng:\n        raise ValueError(\n            \"Unable to parse valid (lat, lng) from DisplayPosition dict\")\n\n",
  "slicing": [
   "    lat = display_position.get(\"Latitude\", None)\n",
   "    if not lat or not lng:\n",
   "    return LatLng(lat=lat, lng=lng)\n"
  ]
 },
 "46": {
  "name": "lng",
  "type": "UNKNOWN",
  "class": "unknown",
  "approach": "Pysonar2",
  "file_path": "geocoder/app/controllers/third_party/here.py",
  "lineno": "122",
  "column": "4",
  "context": " lat = display_position.get(\"Latitude\", None)\n    lng = display_position.get(\"Longitude\", None)\n    if not lat or not lng:\n        raise ValueErro",
  "context_lines": "    if not display_position:\n        raise ValueError(\"Invalid empty DisplayPosition dict\")\n\n    # Get latitude and longitude from DisplayPosition subdict.\n    lat = display_position.get(\"Latitude\", None)\n    lng = display_position.get(\"Longitude\", None)\n    if not lat or not lng:\n        raise ValueError(\n            \"Unable to parse valid (lat, lng) from DisplayPosition dict\")\n\n    # Return corresponding LatLng model instance.\n",
  "slicing": [
   "    lng = display_position.get(\"Longitude\", None)\n",
   "    if not lat or not lng:\n",
   "    return LatLng(lat=lat, lng=lng)\n"
  ]
 },
 "47": {
  "name": "result",
  "type": "UNKNOWN",
  "class": "unknown",
  "approach": "Pysonar2",
  "file_path": "geocoder/app/controllers/third_party/tests/test_here.py",
  "lineno": "17",
  "column": "12",
  "context": "ng in ADDRESS_TO_LATLNG_DICT.items():\n            result = here_controller.geocode(address=address)\n            self.assertTrue(result == lat_lng,\n   ",
  "context_lines": "from app.controllers.third_party import here as here_controller\n\n\nclass TestHere(unittest.TestCase):\n\n    def test_geocode(self):\n        for address, lat_lng in ADDRESS_TO_LATLNG_DICT.items():\n            result = here_controller.geocode(address=address)\n            self.assertTrue(result == lat_lng,\n",
  "slicing": [
   "            result = main_controller.geocode(address=address)\n",
   "            self.assertTrue(result == lat_lng,\n"
  ]
 },
 "48": {
  "name": "result",
  "type": "UNKNOWN",
  "class": "unknown",
  "approach": "Pysonar2",
  "file_path": "geocoder/app/controllers/third_party/tests/test_google_maps.py",
  "lineno": "17",
  "column": "12",
  "context": "ng in ADDRESS_TO_LATLNG_DICT.items():\n            result = gmaps_controller.geocode(address=address)\n            self.assertTrue(result == lat_lng,\n   ",
  "context_lines": "from app.controllers.third_party import google_maps as gmaps_controller\n\n\nclass TestGoogleMaps(unittest.TestCase):\n\n    def test_geocode(self):\n        for address, lat_lng in ADDRESS_TO_LATLNG_DICT.items():\n            result = gmaps_controller.geocode(address=address)\n            self.assertTrue(result == lat_lng,\n",
  "slicing": [
   "            result = main_controller.geocode(address=address)\n",
   "            self.assertTrue(result == lat_lng,\n"
  ]
 },
 "49": {
  "name": "HTTP_STATUS_OK",
  "type": "int",
  "class": "build-in",
  "approach": "Pysonar2",
  "file_path": "geocoder/app/api/utils.py",
  "lineno": "13",
  "column": "0",
  "context": " jsonify\n\n# Internal imports\n# - N/A\n\n# Constants\nHTTP_STATUS_OK = 200\nHTTP_STATUS_ERR_BAD_REQUEST = 400\nHTTP_STATUS_ERR_",
  "context_lines": "from flask import jsonify\n\n# Internal imports\n# - N/A\n\n# Constants\nHTTP_STATUS_OK = 200\nHTTP_STATUS_ERR_BAD_REQUEST = 400\nHTTP_STATUS_ERR_INTERNAL_SERVER_ERROR = 500\n\n\n#####################\n# SUCCESS RESPONSES #\n",
  "slicing": "HTTP_STATUS_OK = 200\n"
 },
 "50": {
  "name": "HTTP_STATUS_ERR_BAD_REQUEST",
  "type": "int",
  "class": "build-in",
  "approach": "Pysonar2",
  "file_path": "geocoder/app/api/utils.py",
  "lineno": "14",
  "column": "0",
  "context": "imports\n# - N/A\n\n# Constants\nHTTP_STATUS_OK = 200\nHTTP_STATUS_ERR_BAD_REQUEST = 400\nHTTP_STATUS_ERR_INTERNAL_SERVER_ERROR = 500\n\n\n####",
  "context_lines": "# Internal imports\n# - N/A\n\n# Constants\nHTTP_STATUS_OK = 200\nHTTP_STATUS_ERR_BAD_REQUEST = 400\nHTTP_STATUS_ERR_INTERNAL_SERVER_ERROR = 500\n\n\n#####################\n# SUCCESS RESPONSES #\n#####################\n\n",
  "slicing": "HTTP_STATUS_ERR_BAD_REQUEST = 400\n"
 },
 "51": {
  "name": "HTTP_STATUS_ERR_INTERNAL_SERVER_ERROR",
  "type": "int",
  "class": "build-in",
  "approach": "Pysonar2",
  "file_path": "geocoder/app/api/utils.py",
  "lineno": "15",
  "column": "0",
  "context": "STATUS_OK = 200\nHTTP_STATUS_ERR_BAD_REQUEST = 400\nHTTP_STATUS_ERR_INTERNAL_SERVER_ERROR = 500\n\n\n#####################\n# SUCCESS RESPONSES #\n####",
  "context_lines": "# - N/A\n\n# Constants\nHTTP_STATUS_OK = 200\nHTTP_STATUS_ERR_BAD_REQUEST = 400\nHTTP_STATUS_ERR_INTERNAL_SERVER_ERROR = 500\n\n\n#####################\n# SUCCESS RESPONSES #\n#####################\n\n",
  "slicing": "HTTP_STATUS_ERR_INTERNAL_SERVER_ERROR = 500\n"
 },
 "52": {
  "name": "EQUALISH_NDIGITS_PRECISION",
  "type": "int",
  "class": "build-in",
  "approach": "Pysonar2",
  "file_path": "geocoder/app/models/lat_lng.py",
  "lineno": "13",
  "column": "0",
  "context": " app.utils import math as utils_math\n\n# Constants\nEQUALISH_NDIGITS_PRECISION = 2\n\n\nclass LatLng(object):\n    \"\"\"\n    Simple model f",
  "context_lines": "from typing import Any, Dict\n\n# Internal imports\nfrom app.utils import math as utils_math\n\n# Constants\nEQUALISH_NDIGITS_PRECISION = 2\n\n\nclass LatLng(object):\n    \"\"\"\n    Simple model for representing a (latitude, longitude) numeric 2-tuple.\n",
  "slicing": [
   "EQUALISH_NDIGITS_PRECISION = 2\n",
   "            precision_digits=EQUALISH_NDIGITS_PRECISION) and \\\n",
   "                                precision_digits=EQUALISH_NDIGITS_PRECISION)\n"
  ]
 },
 "53": {
  "name": "API_FIELD_LAT",
  "type": "str",
  "class": "build-in",
  "approach": "Pysonar2",
  "file_path": "geocoder/app/models/lat_lng.py",
  "lineno": "26",
  "column": "4",
  "context": " back to any clients\n    via the API.\n    \"\"\"\n    API_FIELD_LAT = \"lat\"\n    API_FIELD_LNG = \"lng\"\n\n    def __init__(self, ",
  "context_lines": "    API_FIELD_*'s define a specific mapping from implicit known fields on the\n    model to enforced fields/keys in the information written back to any clients\n    via the API.\n    \"\"\"\n    API_FIELD_LAT = \"lat\"\n    API_FIELD_LNG = \"lng\"\n\n    def __init__(self, lat: float, lng: float) -> None:\n        self.lat = lat\n        self.lng = lng\n\n",
  "slicing": "    API_FIELD_LAT = \"lat\"\n"
 },
 "54": {
  "name": "API_FIELD_LNG",
  "type": "str",
  "class": "build-in",
  "approach": "Pysonar2",
  "file_path": "geocoder/app/models/lat_lng.py",
  "lineno": "27",
  "column": "4",
  "context": "ia the API.\n    \"\"\"\n    API_FIELD_LAT = \"lat\"\n    API_FIELD_LNG = \"lng\"\n\n    def __init__(self, lat: float, lng: float) ->",
  "context_lines": "    model to enforced fields/keys in the information written back to any clients\n    via the API.\n    \"\"\"\n    API_FIELD_LAT = \"lat\"\n    API_FIELD_LNG = \"lng\"\n\n    def __init__(self, lat: float, lng: float) -> None:\n        self.lat = lat\n        self.lng = lng\n\n",
  "slicing": "    API_FIELD_LNG = \"lng\"\n"
 },
 "55": {
  "name": "lat_lng",
  "type": "app.models.lat_lng.LatLng",
  "class": "customized",
  "approach": "annotation",
  "file_path": "geocoder/app/models/tests/test_lat_lng.py",
  "lineno": "16",
  "column": "8",
  "context": "st.TestCase):\n\n    def test_create(self):\n        lat_lng = LatLng(0.1, 1.0)\n        self.assertTrue(lat_lng, \"Instance should ",
  "context_lines": "# Internal imports\nfrom app.models.lat_lng import LatLng\n\n\nclass TestLatLng(unittest.TestCase):\n\n    def test_create(self):\n        lat_lng = LatLng(0.1, 1.0)\n        self.assertTrue(lat_lng, \"Instance should exist and be truthy\")\n        self.assertTrue(isinstance(lat_lng, LatLng),\n                        \"Instance should have type LatLng\")\n\n    def test_properties(self):\n",
  "slicing": [
   "        lat_lng = LatLng(0.1, 1.0)\n",
   "        self.assertTrue(lat_lng, \"Instance should exist and be truthy\")\n",
   "        self.assertTrue(isinstance(lat_lng, LatLng),\n",
   "        self.assertTrue(isinstance(lat_lng.lat, float),\n",
   "        self.assertTrue(isinstance(lat_lng.lng, float),\n",
   "        self.assertEqual(lat_lng.lat, lat,\n",
   "        self.assertEqual(lat_lng.lng, lng,\n",
   "        d = lat_lng.to_dict()\n",
   "        self.assertTrue(len(d.keys()) == 2)\n",
   "        self.assertTrue(d[LatLng.API_FIELD_LAT] == lat)\n",
   "        self.assertTrue(d[LatLng.API_FIELD_LNG] == lng)\n",
   "        s = lat_lng.to_json()\n",
   "        d = json.loads(s)\n",
   "        self.assertTrue(len(d.keys()) == 2)\n",
   "        self.assertTrue(d[LatLng.API_FIELD_LAT] == lat)\n",
   "        self.assertTrue(d[LatLng.API_FIELD_LNG] == lng)\n"
  ]
 },
 "56": {
  "name": "lat",
  "type": "float",
  "class": "build-in",
  "approach": "Pysonar2",
  "file_path": "geocoder/app/models/tests/test_lat_lng.py",
  "lineno": "22",
  "column": "8",
  "context": " LatLng\")\n\n    def test_properties(self):\n        lat = 1.1\n        lng = 2.2\n        lat_lng = LatLng(lat=lat",
  "context_lines": "        self.assertTrue(lat_lng, \"Instance should exist and be truthy\")\n        self.assertTrue(isinstance(lat_lng, LatLng),\n                        \"Instance should have type LatLng\")\n\n    def test_properties(self):\n        lat = 1.1\n        lng = 2.2\n        lat_lng = LatLng(lat=lat, lng=lng)\n        self.assertTrue(isinstance(lat_lng.lat, float),\n                        \"lat should be a float\")\n",
  "slicing": [
   "        lat = 1.1\n",
   "        lat_lng = LatLng(lat=lat, lng=lng)\n",
   "        self.assertTrue(isinstance(lat_lng.lat, float),\n",
   "        self.assertTrue(isinstance(lat_lng.lng, float),\n",
   "        self.assertEqual(lat_lng.lat, lat,\n",
   "        self.assertEqual(lat_lng.lng, lng,\n",
   "        self.assertTrue(LatLng(lat=lat, lng=lng) == LatLng(lat=lat, lng=lng))\n",
   "        self.assertFalse(LatLng(lat=lat, lng=lng) == LatLng(lat=lng, lng=lat),\n",
   "        self.assertFalse(LatLng(lat=lat, lng=lng) ==\n",
   "                         LatLng(lat=lat, lng=lng * 2),\n",
   "        self.assertFalse(LatLng(lat=lat, lng=lng) ==\n",
   "                         LatLng(lat=lat * 2, lng=lng),\n",
   "        self.assertFalse(LatLng(lat=lat, lng=lng) ==\n",
   "                         LatLng(lat=lat * 2, lng=lng * 2),\n",
   "        lat_lng = LatLng(lat=lat, lng=lng)\n",
   "        d = lat_lng.to_dict()\n",
   "        self.assertTrue(len(d.keys()) == 2)\n",
   "        self.assertTrue(d[LatLng.API_FIELD_LAT] == lat)\n",
   "        self.assertTrue(d[LatLng.API_FIELD_LNG] == lng)\n",
   "        lat_lng = LatLng(lat=lat, lng=lng)\n",
   "        s = lat_lng.to_json()\n",
   "        d = json.loads(s)\n",
   "        self.assertTrue(len(d.keys()) == 2)\n",
   "        self.assertTrue(d[LatLng.API_FIELD_LAT] == lat)\n",
   "        self.assertTrue(d[LatLng.API_FIELD_LNG] == lng)\n"
  ]
 },
 "57": {
  "name": "lng",
  "type": "float",
  "class": "build-in",
  "approach": "Pysonar2",
  "file_path": "geocoder/app/models/tests/test_lat_lng.py",
  "lineno": "23",
  "column": "8",
  "context": " test_properties(self):\n        lat = 1.1\n        lng = 2.2\n        lat_lng = LatLng(lat=lat, lng=lng)\n       ",
  "context_lines": "        self.assertTrue(isinstance(lat_lng, LatLng),\n                        \"Instance should have type LatLng\")\n\n    def test_properties(self):\n        lat = 1.1\n        lng = 2.2\n        lat_lng = LatLng(lat=lat, lng=lng)\n        self.assertTrue(isinstance(lat_lng.lat, float),\n                        \"lat should be a float\")\n        self.assertTrue(isinstance(lat_lng.lng, float),\n",
  "slicing": [
   "        lng = 2.2\n",
   "        lat_lng = LatLng(lat=lat, lng=lng)\n",
   "        self.assertTrue(isinstance(lat_lng.lat, float),\n",
   "        self.assertTrue(isinstance(lat_lng.lng, float),\n",
   "        self.assertEqual(lat_lng.lat, lat,\n",
   "        self.assertEqual(lat_lng.lng, lng,\n",
   "        self.assertTrue(LatLng(lat=lat, lng=lng) == LatLng(lat=lat, lng=lng))\n",
   "        self.assertFalse(LatLng(lat=lat, lng=lng) == LatLng(lat=lng, lng=lat),\n",
   "        self.assertFalse(LatLng(lat=lat, lng=lng) ==\n",
   "                         LatLng(lat=lat, lng=lng * 2),\n",
   "        self.assertFalse(LatLng(lat=lat, lng=lng) ==\n",
   "                         LatLng(lat=lat * 2, lng=lng),\n",
   "        self.assertFalse(LatLng(lat=lat, lng=lng) ==\n",
   "                         LatLng(lat=lat * 2, lng=lng * 2),\n",
   "        lat_lng = LatLng(lat=lat, lng=lng)\n",
   "        d = lat_lng.to_dict()\n",
   "        self.assertTrue(len(d.keys()) == 2)\n",
   "        self.assertTrue(d[LatLng.API_FIELD_LAT] == lat)\n",
   "        self.assertTrue(d[LatLng.API_FIELD_LNG] == lng)\n",
   "        lat_lng = LatLng(lat=lat, lng=lng)\n",
   "        s = lat_lng.to_json()\n",
   "        d = json.loads(s)\n",
   "        self.assertTrue(len(d.keys()) == 2)\n",
   "        self.assertTrue(d[LatLng.API_FIELD_LAT] == lat)\n",
   "        self.assertTrue(d[LatLng.API_FIELD_LNG] == lng)\n"
  ]
 },
 "58": {
  "name": "lat_lng",
  "type": "app.models.lat_lng.LatLng",
  "class": "customized",
  "approach": "annotation",
  "file_path": "geocoder/app/models/tests/test_lat_lng.py",
  "lineno": "24",
  "column": "8",
  "context": "elf):\n        lat = 1.1\n        lng = 2.2\n        lat_lng = LatLng(lat=lat, lng=lng)\n        self.assertTrue(isinstance(lat_lng.lat, fl",
  "context_lines": "                        \"Instance should have type LatLng\")\n\n    def test_properties(self):\n        lat = 1.1\n        lng = 2.2\n        lat_lng = LatLng(lat=lat, lng=lng)\n        self.assertTrue(isinstance(lat_lng.lat, float),\n                        \"lat should be a float\")\n        self.assertTrue(isinstance(lat_lng.lng, float),\n                        \"lng should be a float\")\n",
  "slicing": [
   "        lat_lng = LatLng(lat=lat, lng=lng)\n",
   "        self.assertTrue(isinstance(lat_lng.lat, float),\n",
   "        self.assertTrue(isinstance(lat_lng.lng, float),\n",
   "        self.assertEqual(lat_lng.lat, lat,\n",
   "        self.assertEqual(lat_lng.lng, lng,\n",
   "        d = lat_lng.to_dict()\n",
   "        self.assertTrue(len(d.keys()) == 2)\n",
   "        self.assertTrue(d[LatLng.API_FIELD_LAT] == lat)\n",
   "        self.assertTrue(d[LatLng.API_FIELD_LNG] == lng)\n",
   "        s = lat_lng.to_json()\n",
   "        d = json.loads(s)\n",
   "        self.assertTrue(len(d.keys()) == 2)\n",
   "        self.assertTrue(d[LatLng.API_FIELD_LAT] == lat)\n",
   "        self.assertTrue(d[LatLng.API_FIELD_LNG] == lng)\n"
  ]
 },
 "59": {
  "name": "lat",
  "type": "float",
  "class": "build-in",
  "approach": "Pysonar2",
  "file_path": "geocoder/app/models/tests/test_lat_lng.py",
  "lineno": "35",
  "column": "8",
  "context": "lng value\")\n\n    def test_equality(self):\n        lat = 1.1\n        lng = 2.2\n        self.assertTrue(LatLng(l",
  "context_lines": "                         \"lat property should be the given lat value\")\n        self.assertEqual(lat_lng.lng, lng,\n                         \"lng property should be the given lng value\")\n\n    def test_equality(self):\n        lat = 1.1\n        lng = 2.2\n        self.assertTrue(LatLng(lat=lat, lng=lng) == LatLng(lat=lat, lng=lng))\n\n    def test_inequality(self):\n        lat = 1.1\n",
  "slicing": [
   "        lat = 1.1\n",
   "        self.assertTrue(LatLng(lat=lat, lng=lng) == LatLng(lat=lat, lng=lng))\n",
   "        self.assertFalse(LatLng(lat=lat, lng=lng) == LatLng(lat=lng, lng=lat),\n",
   "        self.assertFalse(LatLng(lat=lat, lng=lng) ==\n",
   "                         LatLng(lat=lat, lng=lng * 2),\n",
   "        self.assertFalse(LatLng(lat=lat, lng=lng) ==\n",
   "                         LatLng(lat=lat * 2, lng=lng),\n",
   "        self.assertFalse(LatLng(lat=lat, lng=lng) ==\n",
   "                         LatLng(lat=lat * 2, lng=lng * 2),\n",
   "        lat_lng = LatLng(lat=lat, lng=lng)\n",
   "        d = lat_lng.to_dict()\n",
   "        self.assertTrue(len(d.keys()) == 2)\n",
   "        self.assertTrue(d[LatLng.API_FIELD_LAT] == lat)\n",
   "        self.assertTrue(d[LatLng.API_FIELD_LNG] == lng)\n",
   "        lat_lng = LatLng(lat=lat, lng=lng)\n",
   "        s = lat_lng.to_json()\n",
   "        d = json.loads(s)\n",
   "        self.assertTrue(len(d.keys()) == 2)\n",
   "        self.assertTrue(d[LatLng.API_FIELD_LAT] == lat)\n",
   "        self.assertTrue(d[LatLng.API_FIELD_LNG] == lng)\n"
  ]
 },
 "60": {
  "name": "lng",
  "type": "float",
  "class": "build-in",
  "approach": "Pysonar2",
  "file_path": "geocoder/app/models/tests/test_lat_lng.py",
  "lineno": "36",
  "column": "8",
  "context": "ef test_equality(self):\n        lat = 1.1\n        lng = 2.2\n        self.assertTrue(LatLng(lat=lat, lng=lng) =",
  "context_lines": "        self.assertEqual(lat_lng.lng, lng,\n                         \"lng property should be the given lng value\")\n\n    def test_equality(self):\n        lat = 1.1\n        lng = 2.2\n        self.assertTrue(LatLng(lat=lat, lng=lng) == LatLng(lat=lat, lng=lng))\n\n    def test_inequality(self):\n        lat = 1.1\n        lng = 2.2\n\n",
  "slicing": [
   "        lng = 2.2\n",
   "        self.assertTrue(LatLng(lat=lat, lng=lng) == LatLng(lat=lat, lng=lng))\n",
   "        self.assertFalse(LatLng(lat=lat, lng=lng) == LatLng(lat=lng, lng=lat),\n",
   "        self.assertFalse(LatLng(lat=lat, lng=lng) ==\n",
   "                         LatLng(lat=lat, lng=lng * 2),\n",
   "        self.assertFalse(LatLng(lat=lat, lng=lng) ==\n",
   "                         LatLng(lat=lat * 2, lng=lng),\n",
   "        self.assertFalse(LatLng(lat=lat, lng=lng) ==\n",
   "                         LatLng(lat=lat * 2, lng=lng * 2),\n",
   "        lat_lng = LatLng(lat=lat, lng=lng)\n",
   "        d = lat_lng.to_dict()\n",
   "        self.assertTrue(len(d.keys()) == 2)\n",
   "        self.assertTrue(d[LatLng.API_FIELD_LAT] == lat)\n",
   "        self.assertTrue(d[LatLng.API_FIELD_LNG] == lng)\n",
   "        lat_lng = LatLng(lat=lat, lng=lng)\n",
   "        s = lat_lng.to_json()\n",
   "        d = json.loads(s)\n",
   "        self.assertTrue(len(d.keys()) == 2)\n",
   "        self.assertTrue(d[LatLng.API_FIELD_LAT] == lat)\n",
   "        self.assertTrue(d[LatLng.API_FIELD_LNG] == lng)\n"
  ]
 },
 "61": {
  "name": "lat",
  "type": "float",
  "class": "build-in",
  "approach": "Pysonar2",
  "file_path": "geocoder/app/models/tests/test_lat_lng.py",
  "lineno": "40",
  "column": "8",
  "context": "lng=lng))\n\n    def test_inequality(self):\n        lat = 1.1\n        lng = 2.2\n\n        self.assertFalse(LatLng",
  "context_lines": "        lat = 1.1\n        lng = 2.2\n        self.assertTrue(LatLng(lat=lat, lng=lng) == LatLng(lat=lat, lng=lng))\n\n    def test_inequality(self):\n        lat = 1.1\n        lng = 2.2\n\n        self.assertFalse(LatLng(lat=lat, lng=lng) == LatLng(lat=lng, lng=lat),\n                         \"Swapped lat/lng values should lead to inequality\")\n        self.assertFalse(LatLng(lat=lat, lng=lng) ==\n",
  "slicing": [
   "        lat = 1.1\n",
   "        self.assertFalse(LatLng(lat=lat, lng=lng) == LatLng(lat=lng, lng=lat),\n",
   "        self.assertFalse(LatLng(lat=lat, lng=lng) ==\n",
   "                         LatLng(lat=lat, lng=lng * 2),\n",
   "        self.assertFalse(LatLng(lat=lat, lng=lng) ==\n",
   "                         LatLng(lat=lat * 2, lng=lng),\n",
   "        self.assertFalse(LatLng(lat=lat, lng=lng) ==\n",
   "                         LatLng(lat=lat * 2, lng=lng * 2),\n",
   "        lat_lng = LatLng(lat=lat, lng=lng)\n",
   "        d = lat_lng.to_dict()\n",
   "        self.assertTrue(len(d.keys()) == 2)\n",
   "        self.assertTrue(d[LatLng.API_FIELD_LAT] == lat)\n",
   "        self.assertTrue(d[LatLng.API_FIELD_LNG] == lng)\n",
   "        lat_lng = LatLng(lat=lat, lng=lng)\n",
   "        s = lat_lng.to_json()\n",
   "        d = json.loads(s)\n",
   "        self.assertTrue(len(d.keys()) == 2)\n",
   "        self.assertTrue(d[LatLng.API_FIELD_LAT] == lat)\n",
   "        self.assertTrue(d[LatLng.API_FIELD_LNG] == lng)\n"
  ]
 },
 "62": {
  "name": "lng",
  "type": "float",
  "class": "build-in",
  "approach": "Pysonar2",
  "file_path": "geocoder/app/models/tests/test_lat_lng.py",
  "lineno": "41",
  "column": "8",
  "context": " test_inequality(self):\n        lat = 1.1\n        lng = 2.2\n\n        self.assertFalse(LatLng(lat=lat, lng=lng)",
  "context_lines": "        lng = 2.2\n        self.assertTrue(LatLng(lat=lat, lng=lng) == LatLng(lat=lat, lng=lng))\n\n    def test_inequality(self):\n        lat = 1.1\n        lng = 2.2\n\n        self.assertFalse(LatLng(lat=lat, lng=lng) == LatLng(lat=lng, lng=lat),\n                         \"Swapped lat/lng values should lead to inequality\")\n        self.assertFalse(LatLng(lat=lat, lng=lng) ==\n",
  "slicing": [
   "        lng = 2.2\n",
   "        self.assertFalse(LatLng(lat=lat, lng=lng) == LatLng(lat=lng, lng=lat),\n",
   "        self.assertFalse(LatLng(lat=lat, lng=lng) ==\n",
   "                         LatLng(lat=lat, lng=lng * 2),\n",
   "        self.assertFalse(LatLng(lat=lat, lng=lng) ==\n",
   "                         LatLng(lat=lat * 2, lng=lng),\n",
   "        self.assertFalse(LatLng(lat=lat, lng=lng) ==\n",
   "                         LatLng(lat=lat * 2, lng=lng * 2),\n",
   "        lat_lng = LatLng(lat=lat, lng=lng)\n",
   "        d = lat_lng.to_dict()\n",
   "        self.assertTrue(len(d.keys()) == 2)\n",
   "        self.assertTrue(d[LatLng.API_FIELD_LAT] == lat)\n",
   "        self.assertTrue(d[LatLng.API_FIELD_LNG] == lng)\n",
   "        lat_lng = LatLng(lat=lat, lng=lng)\n",
   "        s = lat_lng.to_json()\n",
   "        d = json.loads(s)\n",
   "        self.assertTrue(len(d.keys()) == 2)\n",
   "        self.assertTrue(d[LatLng.API_FIELD_LAT] == lat)\n",
   "        self.assertTrue(d[LatLng.API_FIELD_LNG] == lng)\n"
  ]
 },
 "63": {
  "name": "lat",
  "type": "float",
  "class": "build-in",
  "approach": "Pysonar2",
  "file_path": "geocoder/app/models/tests/test_lat_lng.py",
  "lineno": "56",
  "column": "8",
  "context": "# NOQA: E501\n\n    def test_to_dict(self):\n        lat = 1.1\n        lng = 2.2\n        lat_lng = LatLng(lat=lat",
  "context_lines": "        self.assertFalse(LatLng(lat=lat, lng=lng) ==\n                         LatLng(lat=lat * 2, lng=lng * 2),\n                         \"lat and lng not equal, so instances should be not equal\")  # NOQA: E501\n\n    def test_to_dict(self):\n        lat = 1.1\n        lng = 2.2\n        lat_lng = LatLng(lat=lat, lng=lng)\n        d = lat_lng.to_dict()\n        self.assertTrue(len(d.keys()) == 2)\n",
  "slicing": [
   "        lat = 1.1\n",
   "        lat_lng = LatLng(lat=lat, lng=lng)\n",
   "        d = lat_lng.to_dict()\n",
   "        self.assertTrue(len(d.keys()) == 2)\n",
   "        self.assertTrue(d[LatLng.API_FIELD_LAT] == lat)\n",
   "        self.assertTrue(d[LatLng.API_FIELD_LNG] == lng)\n",
   "        lat_lng = LatLng(lat=lat, lng=lng)\n",
   "        s = lat_lng.to_json()\n",
   "        d = json.loads(s)\n",
   "        self.assertTrue(len(d.keys()) == 2)\n",
   "        self.assertTrue(d[LatLng.API_FIELD_LAT] == lat)\n",
   "        self.assertTrue(d[LatLng.API_FIELD_LNG] == lng)\n"
  ]
 },
 "64": {
  "name": "lng",
  "type": "float",
  "class": "build-in",
  "approach": "Pysonar2",
  "file_path": "geocoder/app/models/tests/test_lat_lng.py",
  "lineno": "57",
  "column": "8",
  "context": "def test_to_dict(self):\n        lat = 1.1\n        lng = 2.2\n        lat_lng = LatLng(lat=lat, lng=lng)\n       ",
  "context_lines": "                         LatLng(lat=lat * 2, lng=lng * 2),\n                         \"lat and lng not equal, so instances should be not equal\")  # NOQA: E501\n\n    def test_to_dict(self):\n        lat = 1.1\n        lng = 2.2\n        lat_lng = LatLng(lat=lat, lng=lng)\n        d = lat_lng.to_dict()\n        self.assertTrue(len(d.keys()) == 2)\n        self.assertTrue(d[LatLng.API_FIELD_LAT] == lat)\n",
  "slicing": [
   "        lng = 2.2\n",
   "        lat_lng = LatLng(lat=lat, lng=lng)\n",
   "        d = lat_lng.to_dict()\n",
   "        self.assertTrue(len(d.keys()) == 2)\n",
   "        self.assertTrue(d[LatLng.API_FIELD_LAT] == lat)\n",
   "        self.assertTrue(d[LatLng.API_FIELD_LNG] == lng)\n",
   "        lat_lng = LatLng(lat=lat, lng=lng)\n",
   "        s = lat_lng.to_json()\n",
   "        d = json.loads(s)\n",
   "        self.assertTrue(len(d.keys()) == 2)\n",
   "        self.assertTrue(d[LatLng.API_FIELD_LAT] == lat)\n",
   "        self.assertTrue(d[LatLng.API_FIELD_LNG] == lng)\n"
  ]
 },
 "65": {
  "name": "lat_lng",
  "type": "app.models.lat_lng.LatLng",
  "class": "customized",
  "approach": "annotation",
  "file_path": "geocoder/app/models/tests/test_lat_lng.py",
  "lineno": "58",
  "column": "8",
  "context": "elf):\n        lat = 1.1\n        lng = 2.2\n        lat_lng = LatLng(lat=lat, lng=lng)\n        d = lat_lng.to_dict()\n        self.assertT",
  "context_lines": "                         \"lat and lng not equal, so instances should be not equal\")  # NOQA: E501\n\n    def test_to_dict(self):\n        lat = 1.1\n        lng = 2.2\n        lat_lng = LatLng(lat=lat, lng=lng)\n        d = lat_lng.to_dict()\n        self.assertTrue(len(d.keys()) == 2)\n        self.assertTrue(d[LatLng.API_FIELD_LAT] == lat)\n        self.assertTrue(d[LatLng.API_FIELD_LNG] == lng)\n\n",
  "slicing": [
   "        lat_lng = LatLng(lat=lat, lng=lng)\n",
   "        d = lat_lng.to_dict()\n",
   "        self.assertTrue(len(d.keys()) == 2)\n",
   "        self.assertTrue(d[LatLng.API_FIELD_LAT] == lat)\n",
   "        self.assertTrue(d[LatLng.API_FIELD_LNG] == lng)\n",
   "        s = lat_lng.to_json()\n",
   "        d = json.loads(s)\n",
   "        self.assertTrue(len(d.keys()) == 2)\n",
   "        self.assertTrue(d[LatLng.API_FIELD_LAT] == lat)\n",
   "        self.assertTrue(d[LatLng.API_FIELD_LNG] == lng)\n"
  ]
 },
 "66": {
  "name": "d",
  "type": "UNKNOWN",
  "class": "unknown",
  "approach": "Pysonar2",
  "file_path": "geocoder/app/models/tests/test_lat_lng.py",
  "lineno": "59",
  "column": "8",
  "context": "       lat_lng = LatLng(lat=lat, lng=lng)\n        d = lat_lng.to_dict()\n        self.assertTrue(len(d.keys()) == 2)\n      ",
  "context_lines": "    def test_to_dict(self):\n        lat = 1.1\n        lng = 2.2\n        lat_lng = LatLng(lat=lat, lng=lng)\n        d = lat_lng.to_dict()\n        self.assertTrue(len(d.keys()) == 2)\n        self.assertTrue(d[LatLng.API_FIELD_LAT] == lat)\n        self.assertTrue(d[LatLng.API_FIELD_LNG] == lng)\n\n    def test_to_json(self):\n",
  "slicing": [
   "        d = lat_lng.to_dict()\n",
   "        self.assertTrue(len(d.keys()) == 2)\n",
   "        self.assertTrue(d[LatLng.API_FIELD_LAT] == lat)\n",
   "        self.assertTrue(d[LatLng.API_FIELD_LNG] == lng)\n",
   "        self.assertTrue(len(d.keys()) == 2)\n",
   "        self.assertTrue(d[LatLng.API_FIELD_LAT] == lat)\n",
   "        self.assertTrue(d[LatLng.API_FIELD_LNG] == lng)\n"
  ]
 },
 "67": {
  "name": "lat",
  "type": "float",
  "class": "build-in",
  "approach": "Pysonar2",
  "file_path": "geocoder/app/models/tests/test_lat_lng.py",
  "lineno": "65",
  "column": "8",
  "context": "LNG] == lng)\n\n    def test_to_json(self):\n        lat = 1.1\n        lng = 2.2\n        lat_lng = LatLng(lat=lat",
  "context_lines": "        self.assertTrue(len(d.keys()) == 2)\n        self.assertTrue(d[LatLng.API_FIELD_LAT] == lat)\n        self.assertTrue(d[LatLng.API_FIELD_LNG] == lng)\n\n    def test_to_json(self):\n        lat = 1.1\n        lng = 2.2\n        lat_lng = LatLng(lat=lat, lng=lng)\n        s = lat_lng.to_json()\n        d = json.loads(s)\n",
  "slicing": [
   "        lat = 1.1\n",
   "        lat_lng = LatLng(lat=lat, lng=lng)\n",
   "        s = lat_lng.to_json()\n",
   "        d = json.loads(s)\n",
   "        self.assertTrue(len(d.keys()) == 2)\n",
   "        self.assertTrue(d[LatLng.API_FIELD_LAT] == lat)\n",
   "        self.assertTrue(d[LatLng.API_FIELD_LNG] == lng)\n"
  ]
 },
 "68": {
  "name": "lng",
  "type": "float",
  "class": "build-in",
  "approach": "Pysonar2",
  "file_path": "geocoder/app/models/tests/test_lat_lng.py",
  "lineno": "66",
  "column": "8",
  "context": "def test_to_json(self):\n        lat = 1.1\n        lng = 2.2\n        lat_lng = LatLng(lat=lat, lng=lng)\n       ",
  "context_lines": "        self.assertTrue(d[LatLng.API_FIELD_LAT] == lat)\n        self.assertTrue(d[LatLng.API_FIELD_LNG] == lng)\n\n    def test_to_json(self):\n        lat = 1.1\n        lng = 2.2\n        lat_lng = LatLng(lat=lat, lng=lng)\n        s = lat_lng.to_json()\n        d = json.loads(s)\n        self.assertTrue(len(d.keys()) == 2)\n",
  "slicing": [
   "        lng = 2.2\n",
   "        lat_lng = LatLng(lat=lat, lng=lng)\n",
   "        s = lat_lng.to_json()\n",
   "        d = json.loads(s)\n",
   "        self.assertTrue(len(d.keys()) == 2)\n",
   "        self.assertTrue(d[LatLng.API_FIELD_LAT] == lat)\n",
   "        self.assertTrue(d[LatLng.API_FIELD_LNG] == lng)\n"
  ]
 },
 "69": {
  "name": "lat_lng",
  "type": "app.models.lat_lng.LatLng",
  "class": "customized",
  "approach": "annotation",
  "file_path": "geocoder/app/models/tests/test_lat_lng.py",
  "lineno": "67",
  "column": "8",
  "context": "elf):\n        lat = 1.1\n        lng = 2.2\n        lat_lng = LatLng(lat=lat, lng=lng)\n        s = lat_lng.to_json()\n        d = json.loa",
  "context_lines": "        self.assertTrue(d[LatLng.API_FIELD_LNG] == lng)\n\n    def test_to_json(self):\n        lat = 1.1\n        lng = 2.2\n        lat_lng = LatLng(lat=lat, lng=lng)\n        s = lat_lng.to_json()\n        d = json.loads(s)\n        self.assertTrue(len(d.keys()) == 2)\n        self.assertTrue(d[LatLng.API_FIELD_LAT] == lat)\n",
  "slicing": [
   "        lat_lng = LatLng(lat=lat, lng=lng)\n",
   "        s = lat_lng.to_json()\n",
   "        d = json.loads(s)\n",
   "        self.assertTrue(len(d.keys()) == 2)\n",
   "        self.assertTrue(d[LatLng.API_FIELD_LAT] == lat)\n",
   "        self.assertTrue(d[LatLng.API_FIELD_LNG] == lng)\n"
  ]
 },
 "70": {
  "name": "s",
  "type": "UNKNOWN",
  "class": "unknown",
  "approach": "Pysonar2",
  "file_path": "geocoder/app/models/tests/test_lat_lng.py",
  "lineno": "68",
  "column": "8",
  "context": "       lat_lng = LatLng(lat=lat, lng=lng)\n        s = lat_lng.to_json()\n        d = json.loads(s)\n        self.assertTrue(",
  "context_lines": "    def test_to_json(self):\n        lat = 1.1\n        lng = 2.2\n        lat_lng = LatLng(lat=lat, lng=lng)\n        s = lat_lng.to_json()\n        d = json.loads(s)\n        self.assertTrue(len(d.keys()) == 2)\n        self.assertTrue(d[LatLng.API_FIELD_LAT] == lat)\n",
  "slicing": [
   "        s = lat_lng.to_json()\n",
   "        d = json.loads(s)\n",
   "        self.assertTrue(len(d.keys()) == 2)\n",
   "        self.assertTrue(d[LatLng.API_FIELD_LAT] == lat)\n",
   "        self.assertTrue(d[LatLng.API_FIELD_LNG] == lng)\n"
  ]
 },
 "71": {
  "name": "d",
  "type": "UNKNOWN",
  "class": "unknown",
  "approach": "Pysonar2",
  "file_path": "geocoder/app/models/tests/test_lat_lng.py",
  "lineno": "69",
  "column": "8",
  "context": "t, lng=lng)\n        s = lat_lng.to_json()\n        d = json.loads(s)\n        self.assertTrue(len(d.keys()) == 2)\n      ",
  "context_lines": "        lat = 1.1\n        lng = 2.2\n        lat_lng = LatLng(lat=lat, lng=lng)\n        s = lat_lng.to_json()\n        d = json.loads(s)\n        self.assertTrue(len(d.keys()) == 2)\n        self.assertTrue(d[LatLng.API_FIELD_LAT] == lat)\n",
  "slicing": [
   "        d = json.loads(s)\n",
   "        self.assertTrue(len(d.keys()) == 2)\n",
   "        self.assertTrue(d[LatLng.API_FIELD_LAT] == lat)\n",
   "        self.assertTrue(d[LatLng.API_FIELD_LNG] == lng)\n"
  ]
 },
 "72": {
  "name": "x",
  "type": "dict",
  "class": "build-in",
  "approach": "annotation",
  "file_path": "geocoder/app/utils/math.py",
  "lineno": "12",
  "column": "13",
  "context": " Union\n\n# Internal imports\n# - N/A\n\n\ndef equalish(x: Union[int, float], y: Union[int, float], precision_digits: int = 7) -> bool:\n    \"\"\"\n    Given two numeric values, determine if",
  "context_lines": "# External imports\nfrom typing import Union\n\n# Internal imports\n# - N/A\n\n\ndef equalish(x: Union[int, float], y: Union[int, float], precision_digits: int = 7) -> bool:\n    \"\"\"\n    Given two numeric values, determine if they are \"equalish\" - meaning they\n    are equal up to some given numeric precision (given by precision_digits).\n\n    Args:\n",
  "slicing": "def equalish(x: Union[int, float], y: Union[int, float], precision_digits: int = 7) -> bool:\n"
 },
 "73": {
  "name": "y",
  "type": "dict",
  "class": "build-in",
  "approach": "annotation",
  "file_path": "geocoder/app/utils/math.py",
  "lineno": "12",
  "column": "35",
  "context": "orts\n# - N/A\n\n\ndef equalish(x: Union[int, float], y: Union[int, float], precision_digits: int = 7) -> bool:\n    \"\"\"\n    Given two numeric values, determine if",
  "context_lines": "# External imports\nfrom typing import Union\n\n# Internal imports\n# - N/A\n\n\ndef equalish(x: Union[int, float], y: Union[int, float], precision_digits: int = 7) -> bool:\n    \"\"\"\n    Given two numeric values, determine if they are \"equalish\" - meaning they\n    are equal up to some given numeric precision (given by precision_digits).\n\n    Args:\n",
  "slicing": "def equalish(x: Union[int, float], y: Union[int, float], precision_digits: int = 7) -> bool:\n"
 },
 "74": {
  "name": "precision_digits",
  "type": "int",
  "class": "build-in",
  "approach": "annotation",
  "file_path": "geocoder/app/utils/math.py",
  "lineno": "12",
  "column": "57",
  "context": "alish(x: Union[int, float], y: Union[int, float], precision_digits: int = 7) -> bool:\n    \"\"\"\n    Given two numeric values, determine if",
  "context_lines": "# External imports\nfrom typing import Union\n\n# Internal imports\n# - N/A\n\n\ndef equalish(x: Union[int, float], y: Union[int, float], precision_digits: int = 7) -> bool:\n    \"\"\"\n    Given two numeric values, determine if they are \"equalish\" - meaning they\n    are equal up to some given numeric precision (given by precision_digits).\n\n    Args:\n",
  "slicing": "def equalish(x: Union[int, float], y: Union[int, float], precision_digits: int = 7) -> bool:\n"
 },
 "75": {
  "name": "dictionary",
  "type": "UNKNOWN",
  "class": "unknown",
  "approach": "annotation",
  "file_path": "geocoder/app/utils/dictionary.py",
  "lineno": "12",
  "column": "21",
  "context": "# Internal imports\n# - N/A\n\n\ndef get_nested_value(dictionary: Dict, keys: List[Any], default: Any = None) -> Any:\n    \"\"\"\n    Given a dict and a list of keys, desce",
  "context_lines": "# External imports\nfrom typing import Any, Dict, List\n\n# Internal imports\n# - N/A\n\n\ndef get_nested_value(dictionary: Dict, keys: List[Any], default: Any = None) -> Any:\n    \"\"\"\n    Given a dict and a list of keys, descend into the dict via the keys in\n    order. If the corresponding key for a level is not found in the sub-dict at\n    that level, then return the default value. Return the value at the nested\n",
  "slicing": "def get_nested_value(dictionary: Dict, keys: List[Any], default: Any = None) -> Any:\n"
 },
 "76": {
  "name": "keys",
  "type": "dict",
  "class": "build-in",
  "approach": "annotation",
  "file_path": "geocoder/app/utils/dictionary.py",
  "lineno": "12",
  "column": "39",
  "context": "\n# - N/A\n\n\ndef get_nested_value(dictionary: Dict, keys: List[Any], default: Any = None) -> Any:\n    \"\"\"\n    Given a dict and a list of keys, desce",
  "context_lines": "# External imports\nfrom typing import Any, Dict, List\n\n# Internal imports\n# - N/A\n\n\ndef get_nested_value(dictionary: Dict, keys: List[Any], default: Any = None) -> Any:\n    \"\"\"\n    Given a dict and a list of keys, descend into the dict via the keys in\n    order. If the corresponding key for a level is not found in the sub-dict at\n    that level, then return the default value. Return the value at the nested\n",
  "slicing": "def get_nested_value(dictionary: Dict, keys: List[Any], default: Any = None) -> Any:\n"
 },
 "77": {
  "name": "default",
  "type": "UNKNOWN",
  "class": "unknown",
  "approach": "annotation",
  "file_path": "geocoder/app/utils/dictionary.py",
  "lineno": "12",
  "column": "56",
  "context": "t_nested_value(dictionary: Dict, keys: List[Any], default: Any = None) -> Any:\n    \"\"\"\n    Given a dict and a list of keys, desce",
  "context_lines": "# External imports\nfrom typing import Any, Dict, List\n\n# Internal imports\n# - N/A\n\n\ndef get_nested_value(dictionary: Dict, keys: List[Any], default: Any = None) -> Any:\n    \"\"\"\n    Given a dict and a list of keys, descend into the dict via the keys in\n    order. If the corresponding key for a level is not found in the sub-dict at\n    that level, then return the default value. Return the value at the nested\n",
  "slicing": "def get_nested_value(dictionary: Dict, keys: List[Any], default: Any = None) -> Any:\n"
 },
 "78": {
  "name": "address",
  "type": "str",
  "class": "build-in",
  "approach": "annotation",
  "file_path": "geocoder/app/controllers/main.py",
  "lineno": "15",
  "column": "12",
  "context": "om app.models.lat_lng import LatLng\n\n\ndef geocode(address: str) -> LatLng:\n    \"\"\"Geocode the given address string to (lat, l",
  "context_lines": "import logging\n\n# Internal imports\nfrom app.controllers.third_party import google_maps as gmaps_controller, here as here_controller\nfrom app.models.lat_lng import LatLng\n\n\ndef geocode(address: str) -> LatLng:\n    \"\"\"Geocode the given address string to (lat, lng) coordinates, by making a\n    manual HTTP request to one of the third-party geocoding service APIs\n    supported by this package. Currently, this is either the Google Maps\n    Geocoding API, or the HERE Geocoder API.\n\n",
  "slicing": "def geocode(address: str) -> LatLng:\n"
 },
 "79": {
  "name": "base_url",
  "type": "str",
  "class": "build-in",
  "approach": "annotation",
  "file_path": "geocoder/app/controllers/third_party/request.py",
  "lineno": "16",
  "column": "25",
  "context": "ternal imports\n# - N/A\n\n\ndef make_geocode_request(base_url: str, params_dict: Dict[str, str]) -> Dict:\n    \"\"\"\n    Given information about a third-party ",
  "context_lines": "from urllib.parse import urlencode\nfrom typing import Dict\n\n# Internal imports\n# - N/A\n\n\ndef make_geocode_request(base_url: str, params_dict: Dict[str, str]) -> Dict:\n    \"\"\"\n    Given information about a third-party geocoding request to fire off, build\n    the request now, send it, and parse the response to JSON before returning.\n\n    Args:\n",
  "slicing": "def make_geocode_request(base_url: str, params_dict: Dict[str, str]) -> Dict:\n"
 },
 "80": {
  "name": "params_dict",
  "type": "dict",
  "class": "build-in",
  "approach": "annotation",
  "file_path": "geocoder/app/controllers/third_party/request.py",
  "lineno": "16",
  "column": "40",
  "context": "# - N/A\n\n\ndef make_geocode_request(base_url: str, params_dict: Dict[str, str]) -> Dict:\n    \"\"\"\n    Given information about a third-party ",
  "context_lines": "from urllib.parse import urlencode\nfrom typing import Dict\n\n# Internal imports\n# - N/A\n\n\ndef make_geocode_request(base_url: str, params_dict: Dict[str, str]) -> Dict:\n    \"\"\"\n    Given information about a third-party geocoding request to fire off, build\n    the request now, send it, and parse the response to JSON before returning.\n\n    Args:\n",
  "slicing": "def make_geocode_request(base_url: str, params_dict: Dict[str, str]) -> Dict:\n"
 },
 "81": {
  "name": "address",
  "type": "str",
  "class": "build-in",
  "approach": "annotation",
  "file_path": "geocoder/app/controllers/third_party/google_maps.py",
  "lineno": "23",
  "column": "12",
  "context": "address\"\n_URL_PARAM_API_KEY = \"key\"\n\n\ndef geocode(address: str) -> LatLng:\n    \"\"\"Geocode the given address string to (lat, l",
  "context_lines": "# Constants\n_URL_GEOCODE_BASE = \"https://maps.googleapis.com/maps/api/geocode/json\"\n_URL_PARAM_ADDRESS = \"address\"\n_URL_PARAM_API_KEY = \"key\"\n\n\ndef geocode(address: str) -> LatLng:\n    \"\"\"Geocode the given address string to (lat, lng) coordinates, by making a\n    manual HTTP request to the Google Maps Geocoding API.\n\n    Args:\n        address: String representing the address we want to geocode.\n\n",
  "slicing": "def geocode(address: str) -> LatLng:\n"
 },
 "82": {
  "name": "resp_dict",
  "type": "UNKNOWN",
  "class": "unknown",
  "approach": "annotation",
  "file_path": "geocoder/app/controllers/third_party/google_maps.py",
  "lineno": "72",
  "column": "44",
  "context": "e\")\n\n\ndef _parse_geocode_response_dict_to_lat_lng(resp_dict: Dict) -> LatLng:\n    \"\"\"Parse the given response dictionary from th",
  "context_lines": "    try:\n        return _parse_geocode_response_dict_to_lat_lng(resp_dict)\n    except Exception:\n        raise RuntimeError(\"Error parsing Google Maps Geocoding API response\")\n\n\ndef _parse_geocode_response_dict_to_lat_lng(resp_dict: Dict) -> LatLng:\n    \"\"\"Parse the given response dictionary from the Google Maps Geocoding API to\n    a valid LatLng instance.\n\n    Args:\n        resp_dict: Dictionary of the form given by responses from the Google\n",
  "slicing": "def _parse_geocode_response_dict_to_lat_lng(resp_dict: Dict) -> LatLng:\n"
 },
 "83": {
  "name": "address",
  "type": "str",
  "class": "build-in",
  "approach": "annotation",
  "file_path": "geocoder/app/controllers/third_party/here.py",
  "lineno": "23",
  "column": "12",
  "context": "d\"\n_URL_PARAM_APP_CODE = \"app_code\"\n\n\ndef geocode(address: str) -> LatLng:\n    \"\"\"\n    Geocode the given address string to (l",
  "context_lines": "_URL_GEOCODE_BASE = \"https://geocoder.cit.api.here.com/6.2/geocode.json\"\n_URL_PARAM_ADDRESS = \"searchtext\"\n_URL_PARAM_APP_ID = \"app_id\"\n_URL_PARAM_APP_CODE = \"app_code\"\n\n\ndef geocode(address: str) -> LatLng:\n    \"\"\"\n    Geocode the given address string to (lat, lng) coordinates, by making a\n    manual HTTP request to the here Geocoder API.\n\n    Args:\n",
  "slicing": "def geocode(address: str) -> LatLng:\n"
 },
 "84": {
  "name": "resp_dict",
  "type": "UNKNOWN",
  "class": "unknown",
  "approach": "annotation",
  "file_path": "geocoder/app/controllers/third_party/here.py",
  "lineno": "73",
  "column": "44",
  "context": "e\")\n\n\ndef _parse_geocode_response_dict_to_lat_lng(resp_dict: Dict) -> LatLng:\n    \"\"\"Parse the given response dictionary from th",
  "context_lines": "    try:\n        return _parse_geocode_response_dict_to_lat_lng(resp_dict)\n    except Exception:\n        raise RuntimeError(\"Error parsing HERE Geocoder API response\")\n\n\ndef _parse_geocode_response_dict_to_lat_lng(resp_dict: Dict) -> LatLng:\n    \"\"\"Parse the given response dictionary from the HERE Geocoder API to\n    a valid LatLng instance.\n\n    Args:\n        resp_dict: Dictionary of the form given by responses from the HERE\n",
  "slicing": "def _parse_geocode_response_dict_to_lat_lng(resp_dict: Dict) -> LatLng:\n"
 },
 "85": {
  "name": "data",
  "type": "UNKNOWN",
  "class": "unknown",
  "approach": "annotation",
  "file_path": "geocoder/app/api/utils.py",
  "lineno": "22",
  "column": "25",
  "context": "#\n#####################\n\ndef jsonify_success_data(data: Any) -> str:\n    \"\"\"Given some data that we want to write back ",
  "context_lines": "HTTP_STATUS_ERR_INTERNAL_SERVER_ERROR = 500\n\n\n#####################\n# SUCCESS RESPONSES #\n#####################\n\ndef jsonify_success_data(data: Any) -> str:\n    \"\"\"Given some data that we want to write back to the client as part of a\n    successful request, JSONify the data to a string and return in the expected\n    API format.\n\n    In this case, we follow the JSON API (see jsonapi.org) for a basic common\n",
  "slicing": "def jsonify_success_data(data: Any) -> str:\n"
 },
 "86": {
  "name": "status",
  "type": "int",
  "class": "build-in",
  "approach": "annotation",
  "file_path": "geocoder/app/api/utils.py",
  "lineno": "53",
  "column": "23",
  "context": "tus\" and \"title\".\n    \"\"\"\n\n    def __init__(self, status: int, title: str) -> None:\n        self.status = status\n        self.title = ",
  "context_lines": "class APIError(object):\n    \"\"\"Simple holder object for standardized error codes. Each error has a\n    \"status\" and \"title\".\n    \"\"\"\n\n    def __init__(self, status: int, title: str) -> None:\n        self.status = status\n        self.title = title\n\n    def to_dict(self) -> Dict:\n        \"\"\"Dictify this instance.\n\n",
  "slicing": "    def __init__(self, status: int, title: str) -> None:\n"
 },
 "87": {
  "name": "title",
  "type": "str",
  "class": "build-in",
  "approach": "annotation",
  "file_path": "geocoder/app/api/utils.py",
  "lineno": "53",
  "column": "36",
  "context": "le\".\n    \"\"\"\n\n    def __init__(self, status: int, title: str) -> None:\n        self.status = status\n        self.title = ",
  "context_lines": "class APIError(object):\n    \"\"\"Simple holder object for standardized error codes. Each error has a\n    \"status\" and \"title\".\n    \"\"\"\n\n    def __init__(self, status: int, title: str) -> None:\n        self.status = status\n        self.title = title\n\n    def to_dict(self) -> Dict:\n        \"\"\"Dictify this instance.\n\n",
  "slicing": "    def __init__(self, status: int, title: str) -> None:\n"
 },
 "88": {
  "name": "errors",
  "type": "dict",
  "class": "build-in",
  "approach": "annotation",
  "file_path": "geocoder/app/api/utils.py",
  "lineno": "69",
  "column": "23",
  "context": "\": self.title,\n        }\n\n\ndef jsonify_error_data(errors: List[APIError]) -> str:\n    \"\"\"Given a list of APIError instances, place t",
  "context_lines": "        return {\n            \"status\": self.status,\n            \"title\": self.title,\n        }\n\n\ndef jsonify_error_data(errors: List[APIError]) -> str:\n    \"\"\"Given a list of APIError instances, place them under the \"errors\" key in\n    a dict, and JSONify the dict to an output string.\n\n    Args:\n        errors: List of APIError instances to JSONify.\n\n",
  "slicing": "def jsonify_error_data(errors: List[APIError]) -> str:\n"
 },
 "89": {
  "name": "lat",
  "type": "float",
  "class": "build-in",
  "approach": "annotation",
  "file_path": "geocoder/app/models/lat_lng.py",
  "lineno": "29",
  "column": "23",
  "context": "    API_FIELD_LNG = \"lng\"\n\n    def __init__(self, lat: float, lng: float) -> None:\n        self.lat = lat\n        self.lng = lng\n\n   ",
  "context_lines": "    via the API.\n    \"\"\"\n    API_FIELD_LAT = \"lat\"\n    API_FIELD_LNG = \"lng\"\n\n    def __init__(self, lat: float, lng: float) -> None:\n        self.lat = lat\n        self.lng = lng\n\n    def __str__(self):\n        return \"LatLng: <lat: %0.5f, lng: %0.5f>\" % (self.lat, self.lng)\n\n",
  "slicing": "    def __init__(self, lat: float, lng: float) -> None:\n"
 },
 "90": {
  "name": "lng",
  "type": "float",
  "class": "build-in",
  "approach": "annotation",
  "file_path": "geocoder/app/models/lat_lng.py",
  "lineno": "29",
  "column": "35",
  "context": "D_LNG = \"lng\"\n\n    def __init__(self, lat: float, lng: float) -> None:\n        self.lat = lat\n        self.lng = lng\n\n   ",
  "context_lines": "    via the API.\n    \"\"\"\n    API_FIELD_LAT = \"lat\"\n    API_FIELD_LNG = \"lng\"\n\n    def __init__(self, lat: float, lng: float) -> None:\n        self.lat = lat\n        self.lng = lng\n\n    def __str__(self):\n        return \"LatLng: <lat: %0.5f, lng: %0.5f>\" % (self.lat, self.lng)\n\n",
  "slicing": "    def __init__(self, lat: float, lng: float) -> None:\n"
 },
 "91": {
  "name": "other",
  "type": "UNKNOWN",
  "class": "unknown",
  "approach": "annotation",
  "file_path": "geocoder/app/models/lat_lng.py",
  "lineno": "36",
  "column": "21",
  "context": "5f>\" % (self.lat, self.lng)\n\n    def __eq__(self, other: Any) -> bool:\n        \"\"\"\n        Two LatLng (or one LatLng inst",
  "context_lines": "        self.lat = lat\n        self.lng = lng\n\n    def __str__(self):\n        return \"LatLng: <lat: %0.5f, lng: %0.5f>\" % (self.lat, self.lng)\n\n    def __eq__(self, other: Any) -> bool:\n        \"\"\"\n        Two LatLng (or one LatLng instance and one LatLng-like object) are\n        considered equal if their lat and lng values are respectively equal up\n        to some reasonable amount of precision.\n",
  "slicing": "    def __eq__(self, other: Any) -> bool:\n"
 }
}