{
 "1": {
  "name": "regexp",
  "type": "UNKNOWN",
  "class": "unknown",
  "approach": "Pysonar2",
  "file_path": "GetAltsClient/setup.py",
  "lineno": "5",
  "column": "0",
  "context": "t re\nfrom setuptools import setup, find_packages\n\nregexp = re.compile(r'.*__version__ = [\\'\\\"](.*?)[\\'\\\"]', re.S)\n\nbase_package = 'getaltsclient'\nbase_path = os.pat",
  "context_lines": "import os\nimport re\nfrom setuptools import setup, find_packages\n\nregexp = re.compile(r'.*__version__ = [\\'\\\"](.*?)[\\'\\\"]', re.S)\n\nbase_package = 'getaltsclient'\nbase_path = os.path.dirname(__file__)\n\ninit_file = os.path.join(base_path, 'src', 'getaltsclient', '__init__.py')\n",
  "slicing": [
   "regexp = re.compile(r'.*__version__ = [\\'\\\"](.*?)[\\'\\\"]', re.S)\n",
   "    match = regexp.match(module_content)\n",
   "    if match:\n",
   "        version = match.group(1)\n",
   "        version=version,\n"
  ]
 },
 "2": {
  "name": "base_package",
  "type": "str",
  "class": "build-in",
  "approach": "Pysonar2",
  "file_path": "GetAltsClient/setup.py",
  "lineno": "7",
  "column": "0",
  "context": "pile(r'.*__version__ = [\\'\\\"](.*?)[\\'\\\"]', re.S)\n\nbase_package = 'getaltsclient'\nbase_path = os.path.dirname(__file__)\n\ninit_file =",
  "context_lines": "import os\nimport re\nfrom setuptools import setup, find_packages\n\nregexp = re.compile(r'.*__version__ = [\\'\\\"](.*?)[\\'\\\"]', re.S)\n\nbase_package = 'getaltsclient'\nbase_path = os.path.dirname(__file__)\n\ninit_file = os.path.join(base_path, 'src', 'getaltsclient', '__init__.py')\nwith open(init_file, 'r') as f:\n    module_content = f.read()\n\n",
  "slicing": "base_package = 'getaltsclient'\n"
 },
 "3": {
  "name": "base_path",
  "type": "str",
  "class": "build-in",
  "approach": "Pysonar2",
  "file_path": "GetAltsClient/setup.py",
  "lineno": "8",
  "column": "0",
  "context": "*?)[\\'\\\"]', re.S)\n\nbase_package = 'getaltsclient'\nbase_path = os.path.dirname(__file__)\n\ninit_file = os.path.join(base_path, 'src', 'getal",
  "context_lines": "import re\nfrom setuptools import setup, find_packages\n\nregexp = re.compile(r'.*__version__ = [\\'\\\"](.*?)[\\'\\\"]', re.S)\n\nbase_package = 'getaltsclient'\nbase_path = os.path.dirname(__file__)\n\ninit_file = os.path.join(base_path, 'src', 'getaltsclient', '__init__.py')\nwith open(init_file, 'r') as f:\n    module_content = f.read()\n\n",
  "slicing": [
   "base_path = os.path.dirname(__file__)\n",
   "init_file = os.path.join(base_path, 'src', 'getaltsclient', '__init__.py')\n",
   "with open(init_file, 'r') as f:\n",
   "            'Cannot find __version__ in {}'.format(init_file))\n"
  ]
 },
 "4": {
  "name": "init_file",
  "type": "str",
  "class": "build-in",
  "approach": "Pysonar2",
  "file_path": "GetAltsClient/setup.py",
  "lineno": "10",
  "column": "0",
  "context": "ltsclient'\nbase_path = os.path.dirname(__file__)\n\ninit_file = os.path.join(base_path, 'src', 'getaltsclient', '__init__.py')\nwith open(init_file, 'r') as f:\n    module_content",
  "context_lines": "from setuptools import setup, find_packages\n\nregexp = re.compile(r'.*__version__ = [\\'\\\"](.*?)[\\'\\\"]', re.S)\n\nbase_package = 'getaltsclient'\nbase_path = os.path.dirname(__file__)\n\ninit_file = os.path.join(base_path, 'src', 'getaltsclient', '__init__.py')\nwith open(init_file, 'r') as f:\n    module_content = f.read()\n\n    match = regexp.match(module_content)\n    if match:\n",
  "slicing": [
   "init_file = os.path.join(base_path, 'src', 'getaltsclient', '__init__.py')\n",
   "with open(init_file, 'r') as f:\n",
   "            'Cannot find __version__ in {}'.format(init_file))\n"
  ]
 },
 "5": {
  "name": "module_content",
  "type": "str",
  "class": "build-in",
  "approach": "Pysonar2",
  "file_path": "GetAltsClient/setup.py",
  "lineno": "12",
  "column": "4",
  "context": "__init__.py')\nwith open(init_file, 'r') as f:\n    module_content = f.read()\n\n    match = regexp.match(module_content)\n    if m",
  "context_lines": "base_package = 'getaltsclient'\nbase_path = os.path.dirname(__file__)\n\ninit_file = os.path.join(base_path, 'src', 'getaltsclient', '__init__.py')\nwith open(init_file, 'r') as f:\n    module_content = f.read()\n\n    match = regexp.match(module_content)\n    if match:\n        version = match.group(1)\n",
  "slicing": [
   "    module_content = f.read()\n",
   "    match = regexp.match(module_content)\n",
   "    if match:\n",
   "        version = match.group(1)\n",
   "        version=version,\n"
  ]
 },
 "6": {
  "name": "match",
  "type": "UNKNOWN",
  "class": "unknown",
  "approach": "Pysonar2",
  "file_path": "GetAltsClient/setup.py",
  "lineno": "14",
  "column": "4",
  "context": "le, 'r') as f:\n    module_content = f.read()\n\n    match = regexp.match(module_content)\n    if match:\n        version = match.group(1)\n   ",
  "context_lines": "base_path = os.path.dirname(__file__)\n\ninit_file = os.path.join(base_path, 'src', 'getaltsclient', '__init__.py')\nwith open(init_file, 'r') as f:\n    module_content = f.read()\n\n    match = regexp.match(module_content)\n    if match:\n        version = match.group(1)\n    else:\n        raise RuntimeError(\n",
  "slicing": [
   "    match = regexp.match(module_content)\n",
   "    if match:\n",
   "        version = match.group(1)\n",
   "        version=version,\n"
  ]
 },
 "7": {
  "name": "version",
  "type": "UNKNOWN",
  "class": "unknown",
  "approach": "Pysonar2",
  "file_path": "GetAltsClient/setup.py",
  "lineno": "16",
  "column": "8",
  "context": "egexp.match(module_content)\n    if match:\n        version = match.group(1)\n    else:\n        raise RuntimeError(\n            ",
  "context_lines": "with open(init_file, 'r') as f:\n    module_content = f.read()\n\n    match = regexp.match(module_content)\n    if match:\n        version = match.group(1)\n    else:\n        raise RuntimeError(\n            'Cannot find __version__ in {}'.format(init_file))\n\nwith open('README.rst', 'r') as f:\n",
  "slicing": [
   "        version = match.group(1)\n",
   "        version=version,\n"
  ]
 },
 "8": {
  "name": "readme",
  "type": "str",
  "class": "build-in",
  "approach": "Pysonar2",
  "file_path": "GetAltsClient/setup.py",
  "lineno": "22",
  "column": "4",
  "context": "it_file))\n\nwith open('README.rst', 'r') as f:\n    readme = f.read()\n\nwith open('CHANGELOG.rst', 'r') as f:\n    changes",
  "context_lines": "    else:\n        raise RuntimeError(\n            'Cannot find __version__ in {}'.format(init_file))\n\nwith open('README.rst', 'r') as f:\n    readme = f.read()\n\nwith open('CHANGELOG.rst', 'r') as f:\n    changes = f.read()\n\n\ndef parse_requirements(filename):\n",
  "slicing": [
   "    readme = f.read()\n",
   "        long_description='\\n\\n'.join([readme, changes]),\n"
  ]
 },
 "9": {
  "name": "changes",
  "type": "str",
  "class": "build-in",
  "approach": "Pysonar2",
  "file_path": "GetAltsClient/setup.py",
  "lineno": "25",
  "column": "4",
  "context": "read()\n\nwith open('CHANGELOG.rst', 'r') as f:\n    changes = f.read()\n\n\ndef parse_requirements(filename):\n    ''' Load r",
  "context_lines": "            'Cannot find __version__ in {}'.format(init_file))\n\nwith open('README.rst', 'r') as f:\n    readme = f.read()\n\nwith open('CHANGELOG.rst', 'r') as f:\n    changes = f.read()\n\n\ndef parse_requirements(filename):\n    ''' Load requirements from a pip requirements file '''\n    with open(filename, 'r') as fd:\n",
  "slicing": [
   "    changes = f.read()\n",
   "        long_description='\\n\\n'.join([readme, changes]),\n"
  ]
 },
 "10": {
  "name": "lines",
  "type": "list",
  "class": "build-in",
  "approach": "annotation",
  "file_path": "GetAltsClient/setup.py",
  "lineno": "31",
  "column": "8",
  "context": "e '''\n    with open(filename, 'r') as fd:\n        lines = []\n        for line in fd:\n            line.strip()\n ",
  "context_lines": "    changes = f.read()\n\n\ndef parse_requirements(filename):\n    ''' Load requirements from a pip requirements file '''\n    with open(filename, 'r') as fd:\n        lines = []\n        for line in fd:\n            line.strip()\n            if line and not line.startswith(\"#\"):\n                lines.append(line)\n",
  "slicing": [
   "        lines = []\n",
   "                lines.append(line)\n",
   "    return lines\n"
  ]
 },
 "11": {
  "name": "requirements",
  "type": "UNKNOWN",
  "class": "unknown",
  "approach": "annotation",
  "file_path": "GetAltsClient/setup.py",
  "lineno": "39",
  "column": "0",
  "context": "            lines.append(line)\n    return lines\n\n\nrequirements = parse_requirements('requirements.txt')\n\nif __name__ == '__main__':\n    setup(\n        nam",
  "context_lines": "            line.strip()\n            if line and not line.startswith(\"#\"):\n                lines.append(line)\n    return lines\n\n\nrequirements = parse_requirements('requirements.txt')\n\nif __name__ == '__main__':\n    setup(\n        name='getaltsclient',\n",
  "slicing": [
   "requirements = parse_requirements('requirements.txt')\n",
   "        install_requires=requirements,\n"
  ]
 },
 "12": {
  "name": "__version__",
  "type": "str",
  "class": "build-in",
  "approach": "Pysonar2",
  "file_path": "GetAltsClient/src/getaltsclient/__init__.py",
  "lineno": "5",
  "column": "0",
  "context": "ot API: https://telegra.ph/GetAlts-API-06-09\n\"\"\"\n\n__version__ = \"0.0.1\"\n",
  "context_lines": "\"\"\"\nAn asyncio client library for Telegram's GetAltsBot API: https://telegra.ph/GetAlts-API-06-09\n\"\"\"\n\n__version__ = \"0.0.1\"\n",
  "slicing": "__version__ = \"0.0.1\"\n"
 },
 "13": {
  "name": "Microsoft",
  "type": "str",
  "class": "build-in",
  "approach": "Pysonar2",
  "file_path": "GetAltsClient/src/getaltsclient/client.py",
  "lineno": "23",
  "column": "4",
  "context": "rt sys\n\n    sys.exit()\n\n\nclass Service(Enum):\n    Microsoft = \"ms\"\n    Google = \"go\"\n    GMail = \"gm\"\n    Yahoo = \"yh",
  "context_lines": "    print(\"You need to either use Python 3.7 or pip install the 'dataclasses' package.\")\n    import sys\n\n    sys.exit()\n\n\nclass Service(Enum):\n    Microsoft = \"ms\"\n    Google = \"go\"\n    GMail = \"gm\"\n    Yahoo = \"yh\"\n    LinkedIN = \"ln\"\n",
  "slicing": "    Microsoft = \"ms\"\n"
 },
 "14": {
  "name": "Google",
  "type": "str",
  "class": "build-in",
  "approach": "Pysonar2",
  "file_path": "GetAltsClient/src/getaltsclient/client.py",
  "lineno": "24",
  "column": "4",
  "context": ")\n\n\nclass Service(Enum):\n    Microsoft = \"ms\"\n    Google = \"go\"\n    GMail = \"gm\"\n    Yahoo = \"yh\"\n    LinkedIN = \"",
  "context_lines": "    import sys\n\n    sys.exit()\n\n\nclass Service(Enum):\n    Microsoft = \"ms\"\n    Google = \"go\"\n    GMail = \"gm\"\n    Yahoo = \"yh\"\n    LinkedIN = \"ln\"\n    Uber = \"ub\"\n",
  "slicing": "    Google = \"go\"\n"
 },
 "15": {
  "name": "GMail",
  "type": "str",
  "class": "build-in",
  "approach": "Pysonar2",
  "file_path": "GetAltsClient/src/getaltsclient/client.py",
  "lineno": "25",
  "column": "4",
  "context": "Enum):\n    Microsoft = \"ms\"\n    Google = \"go\"\n    GMail = \"gm\"\n    Yahoo = \"yh\"\n    LinkedIN = \"ln\"\n    Uber = \"u",
  "context_lines": "    sys.exit()\n\n\nclass Service(Enum):\n    Microsoft = \"ms\"\n    Google = \"go\"\n    GMail = \"gm\"\n    Yahoo = \"yh\"\n    LinkedIN = \"ln\"\n    Uber = \"ub\"\n    WeChat = \"wc\"\n",
  "slicing": "    GMail = \"gm\"\n"
 },
 "16": {
  "name": "Yahoo",
  "type": "str",
  "class": "build-in",
  "approach": "Pysonar2",
  "file_path": "GetAltsClient/src/getaltsclient/client.py",
  "lineno": "26",
  "column": "4",
  "context": "oft = \"ms\"\n    Google = \"go\"\n    GMail = \"gm\"\n    Yahoo = \"yh\"\n    LinkedIN = \"ln\"\n    Uber = \"ub\"\n    WeChat = \"",
  "context_lines": "class Service(Enum):\n    Microsoft = \"ms\"\n    Google = \"go\"\n    GMail = \"gm\"\n    Yahoo = \"yh\"\n    LinkedIN = \"ln\"\n    Uber = \"ub\"\n    WeChat = \"wc\"\n    Instagram = \"ig\"\n",
  "slicing": "    Yahoo = \"yh\"\n"
 },
 "17": {
  "name": "LinkedIN",
  "type": "str",
  "class": "build-in",
  "approach": "Pysonar2",
  "file_path": "GetAltsClient/src/getaltsclient/client.py",
  "lineno": "27",
  "column": "4",
  "context": "ogle = \"go\"\n    GMail = \"gm\"\n    Yahoo = \"yh\"\n    LinkedIN = \"ln\"\n    Uber = \"ub\"\n    WeChat = \"wc\"\n    Instagram = ",
  "context_lines": "    Microsoft = \"ms\"\n    Google = \"go\"\n    GMail = \"gm\"\n    Yahoo = \"yh\"\n    LinkedIN = \"ln\"\n    Uber = \"ub\"\n    WeChat = \"wc\"\n    Instagram = \"ig\"\n    LineMessenger = \"lm\"\n",
  "slicing": "    LinkedIN = \"ln\"\n"
 },
 "18": {
  "name": "Uber",
  "type": "str",
  "class": "build-in",
  "approach": "Pysonar2",
  "file_path": "GetAltsClient/src/getaltsclient/client.py",
  "lineno": "28",
  "column": "4",
  "context": "l = \"gm\"\n    Yahoo = \"yh\"\n    LinkedIN = \"ln\"\n    Uber = \"ub\"\n    WeChat = \"wc\"\n    Instagram = \"ig\"\n    LineMes",
  "context_lines": "    Google = \"go\"\n    GMail = \"gm\"\n    Yahoo = \"yh\"\n    LinkedIN = \"ln\"\n    Uber = \"ub\"\n    WeChat = \"wc\"\n    Instagram = \"ig\"\n    LineMessenger = \"lm\"\n    Telegram = \"tg\"\n",
  "slicing": "    Uber = \"ub\"\n"
 },
 "19": {
  "name": "WeChat",
  "type": "str",
  "class": "build-in",
  "approach": "Pysonar2",
  "file_path": "GetAltsClient/src/getaltsclient/client.py",
  "lineno": "29",
  "column": "4",
  "context": "oo = \"yh\"\n    LinkedIN = \"ln\"\n    Uber = \"ub\"\n    WeChat = \"wc\"\n    Instagram = \"ig\"\n    LineMessenger = \"lm\"\n    ",
  "context_lines": "    GMail = \"gm\"\n    Yahoo = \"yh\"\n    LinkedIN = \"ln\"\n    Uber = \"ub\"\n    WeChat = \"wc\"\n    Instagram = \"ig\"\n    LineMessenger = \"lm\"\n    Telegram = \"tg\"\n    VkCom = \"vk\"\n",
  "slicing": "    WeChat = \"wc\"\n"
 },
 "20": {
  "name": "Instagram",
  "type": "str",
  "class": "build-in",
  "approach": "Pysonar2",
  "file_path": "GetAltsClient/src/getaltsclient/client.py",
  "lineno": "30",
  "column": "4",
  "context": "edIN = \"ln\"\n    Uber = \"ub\"\n    WeChat = \"wc\"\n    Instagram = \"ig\"\n    LineMessenger = \"lm\"\n    Telegram = \"tg\"\n    V",
  "context_lines": "    Yahoo = \"yh\"\n    LinkedIN = \"ln\"\n    Uber = \"ub\"\n    WeChat = \"wc\"\n    Instagram = \"ig\"\n    LineMessenger = \"lm\"\n    Telegram = \"tg\"\n    VkCom = \"vk\"\n    YouTube = \"yt\"\n",
  "slicing": "    Instagram = \"ig\"\n"
 },
 "21": {
  "name": "LineMessenger",
  "type": "str",
  "class": "build-in",
  "approach": "Pysonar2",
  "file_path": "GetAltsClient/src/getaltsclient/client.py",
  "lineno": "31",
  "column": "4",
  "context": "= \"ub\"\n    WeChat = \"wc\"\n    Instagram = \"ig\"\n    LineMessenger = \"lm\"\n    Telegram = \"tg\"\n    VkCom = \"vk\"\n    YouTube =",
  "context_lines": "    LinkedIN = \"ln\"\n    Uber = \"ub\"\n    WeChat = \"wc\"\n    Instagram = \"ig\"\n    LineMessenger = \"lm\"\n    Telegram = \"tg\"\n    VkCom = \"vk\"\n    YouTube = \"yt\"\n    Facebook = \"fb\"\n",
  "slicing": "    LineMessenger = \"lm\"\n"
 },
 "22": {
  "name": "Telegram",
  "type": "str",
  "class": "build-in",
  "approach": "Pysonar2",
  "file_path": "GetAltsClient/src/getaltsclient/client.py",
  "lineno": "32",
  "column": "4",
  "context": "    Instagram = \"ig\"\n    LineMessenger = \"lm\"\n    Telegram = \"tg\"\n    VkCom = \"vk\"\n    YouTube = \"yt\"\n    Facebook =",
  "context_lines": "    Uber = \"ub\"\n    WeChat = \"wc\"\n    Instagram = \"ig\"\n    LineMessenger = \"lm\"\n    Telegram = \"tg\"\n    VkCom = \"vk\"\n    YouTube = \"yt\"\n    Facebook = \"fb\"\n    Steam = \"st\"\n",
  "slicing": "    Telegram = \"tg\"\n"
 },
 "23": {
  "name": "VkCom",
  "type": "str",
  "class": "build-in",
  "approach": "Pysonar2",
  "file_path": "GetAltsClient/src/getaltsclient/client.py",
  "lineno": "33",
  "column": "4",
  "context": "\n    LineMessenger = \"lm\"\n    Telegram = \"tg\"\n    VkCom = \"vk\"\n    YouTube = \"yt\"\n    Facebook = \"fb\"\n    Steam =",
  "context_lines": "    WeChat = \"wc\"\n    Instagram = \"ig\"\n    LineMessenger = \"lm\"\n    Telegram = \"tg\"\n    VkCom = \"vk\"\n    YouTube = \"yt\"\n    Facebook = \"fb\"\n    Steam = \"st\"\n    Yandex = \"ya\"\n",
  "slicing": "    VkCom = \"vk\"\n"
 },
 "24": {
  "name": "YouTube",
  "type": "str",
  "class": "build-in",
  "approach": "Pysonar2",
  "file_path": "GetAltsClient/src/getaltsclient/client.py",
  "lineno": "34",
  "column": "4",
  "context": "r = \"lm\"\n    Telegram = \"tg\"\n    VkCom = \"vk\"\n    YouTube = \"yt\"\n    Facebook = \"fb\"\n    Steam = \"st\"\n    Yandex = ",
  "context_lines": "    Instagram = \"ig\"\n    LineMessenger = \"lm\"\n    Telegram = \"tg\"\n    VkCom = \"vk\"\n    YouTube = \"yt\"\n    Facebook = \"fb\"\n    Steam = \"st\"\n    Yandex = \"ya\"\n    Whatsapp = \"wp\"\n",
  "slicing": "    YouTube = \"yt\"\n"
 },
 "25": {
  "name": "Facebook",
  "type": "str",
  "class": "build-in",
  "approach": "Pysonar2",
  "file_path": "GetAltsClient/src/getaltsclient/client.py",
  "lineno": "35",
  "column": "4",
  "context": "am = \"tg\"\n    VkCom = \"vk\"\n    YouTube = \"yt\"\n    Facebook = \"fb\"\n    Steam = \"st\"\n    Yandex = \"ya\"\n    Whatsapp = ",
  "context_lines": "    LineMessenger = \"lm\"\n    Telegram = \"tg\"\n    VkCom = \"vk\"\n    YouTube = \"yt\"\n    Facebook = \"fb\"\n    Steam = \"st\"\n    Yandex = \"ya\"\n    Whatsapp = \"wp\"\n    Tinder = \"ti\"\n",
  "slicing": "    Facebook = \"fb\"\n"
 },
 "26": {
  "name": "Steam",
  "type": "str",
  "class": "build-in",
  "approach": "Pysonar2",
  "file_path": "GetAltsClient/src/getaltsclient/client.py",
  "lineno": "36",
  "column": "4",
  "context": "= \"vk\"\n    YouTube = \"yt\"\n    Facebook = \"fb\"\n    Steam = \"st\"\n    Yandex = \"ya\"\n    Whatsapp = \"wp\"\n    Tinder =",
  "context_lines": "    Telegram = \"tg\"\n    VkCom = \"vk\"\n    YouTube = \"yt\"\n    Facebook = \"fb\"\n    Steam = \"st\"\n    Yandex = \"ya\"\n    Whatsapp = \"wp\"\n    Tinder = \"ti\"\n    Twitter = \"tw\"\n",
  "slicing": "    Steam = \"st\"\n"
 },
 "27": {
  "name": "Yandex",
  "type": "str",
  "class": "build-in",
  "approach": "Pysonar2",
  "file_path": "GetAltsClient/src/getaltsclient/client.py",
  "lineno": "37",
  "column": "4",
  "context": "e = \"yt\"\n    Facebook = \"fb\"\n    Steam = \"st\"\n    Yandex = \"ya\"\n    Whatsapp = \"wp\"\n    Tinder = \"ti\"\n    Twitter ",
  "context_lines": "    VkCom = \"vk\"\n    YouTube = \"yt\"\n    Facebook = \"fb\"\n    Steam = \"st\"\n    Yandex = \"ya\"\n    Whatsapp = \"wp\"\n    Tinder = \"ti\"\n    Twitter = \"tw\"\n    AnyOther = \"ot\"\n\n\n",
  "slicing": "    Yandex = \"ya\"\n"
 },
 "28": {
  "name": "Whatsapp",
  "type": "str",
  "class": "build-in",
  "approach": "Pysonar2",
  "file_path": "GetAltsClient/src/getaltsclient/client.py",
  "lineno": "38",
  "column": "4",
  "context": "ook = \"fb\"\n    Steam = \"st\"\n    Yandex = \"ya\"\n    Whatsapp = \"wp\"\n    Tinder = \"ti\"\n    Twitter = \"tw\"\n    AnyOther ",
  "context_lines": "    YouTube = \"yt\"\n    Facebook = \"fb\"\n    Steam = \"st\"\n    Yandex = \"ya\"\n    Whatsapp = \"wp\"\n    Tinder = \"ti\"\n    Twitter = \"tw\"\n    AnyOther = \"ot\"\n\n\nclass Country(Enum):\n",
  "slicing": "    Whatsapp = \"wp\"\n"
 },
 "29": {
  "name": "Tinder",
  "type": "str",
  "class": "build-in",
  "approach": "Pysonar2",
  "file_path": "GetAltsClient/src/getaltsclient/client.py",
  "lineno": "39",
  "column": "4",
  "context": " = \"st\"\n    Yandex = \"ya\"\n    Whatsapp = \"wp\"\n    Tinder = \"ti\"\n    Twitter = \"tw\"\n    AnyOther = \"ot\"\n\n\nclass Cou",
  "context_lines": "    Facebook = \"fb\"\n    Steam = \"st\"\n    Yandex = \"ya\"\n    Whatsapp = \"wp\"\n    Tinder = \"ti\"\n    Twitter = \"tw\"\n    AnyOther = \"ot\"\n\n\nclass Country(Enum):\n    Russia = \"ru\"\n",
  "slicing": "    Tinder = \"ti\"\n"
 },
 "30": {
  "name": "Twitter",
  "type": "str",
  "class": "build-in",
  "approach": "Pysonar2",
  "file_path": "GetAltsClient/src/getaltsclient/client.py",
  "lineno": "40",
  "column": "4",
  "context": " = \"ya\"\n    Whatsapp = \"wp\"\n    Tinder = \"ti\"\n    Twitter = \"tw\"\n    AnyOther = \"ot\"\n\n\nclass Country(Enum):\n    Rus",
  "context_lines": "    Steam = \"st\"\n    Yandex = \"ya\"\n    Whatsapp = \"wp\"\n    Tinder = \"ti\"\n    Twitter = \"tw\"\n    AnyOther = \"ot\"\n\n\nclass Country(Enum):\n    Russia = \"ru\"\n    Ukraine = \"ua\"\n",
  "slicing": "    Twitter = \"tw\"\n"
 },
 "31": {
  "name": "AnyOther",
  "type": "str",
  "class": "build-in",
  "approach": "Pysonar2",
  "file_path": "GetAltsClient/src/getaltsclient/client.py",
  "lineno": "41",
  "column": "4",
  "context": "p = \"wp\"\n    Tinder = \"ti\"\n    Twitter = \"tw\"\n    AnyOther = \"ot\"\n\n\nclass Country(Enum):\n    Russia = \"ru\"\n    Ukrai",
  "context_lines": "    Yandex = \"ya\"\n    Whatsapp = \"wp\"\n    Tinder = \"ti\"\n    Twitter = \"tw\"\n    AnyOther = \"ot\"\n\n\nclass Country(Enum):\n    Russia = \"ru\"\n    Ukraine = \"ua\"\n",
  "slicing": "    AnyOther = \"ot\"\n"
 },
 "32": {
  "name": "Russia",
  "type": "str",
  "class": "build-in",
  "approach": "Pysonar2",
  "file_path": "GetAltsClient/src/getaltsclient/client.py",
  "lineno": "45",
  "column": "4",
  "context": "w\"\n    AnyOther = \"ot\"\n\n\nclass Country(Enum):\n    Russia = \"ru\"\n    Ukraine = \"ua\"\n    Kazakhstan = \"kz\"\n    China",
  "context_lines": "    Tinder = \"ti\"\n    Twitter = \"tw\"\n    AnyOther = \"ot\"\n\n\nclass Country(Enum):\n    Russia = \"ru\"\n    Ukraine = \"ua\"\n    Kazakhstan = \"kz\"\n    China = \"cn\"\n    Philippines = \"ph\"\n",
  "slicing": "    Russia = \"ru\"\n"
 },
 "33": {
  "name": "Ukraine",
  "type": "str",
  "class": "build-in",
  "approach": "Pysonar2",
  "file_path": "GetAltsClient/src/getaltsclient/client.py",
  "lineno": "46",
  "column": "4",
  "context": "\"ot\"\n\n\nclass Country(Enum):\n    Russia = \"ru\"\n    Ukraine = \"ua\"\n    Kazakhstan = \"kz\"\n    China = \"cn\"\n    Philipp",
  "context_lines": "    Twitter = \"tw\"\n    AnyOther = \"ot\"\n\n\nclass Country(Enum):\n    Russia = \"ru\"\n    Ukraine = \"ua\"\n    Kazakhstan = \"kz\"\n    China = \"cn\"\n    Philippines = \"ph\"\n    Myanmar = \"mm\"\n",
  "slicing": "    Ukraine = \"ua\"\n"
 },
 "34": {
  "name": "Kazakhstan",
  "type": "str",
  "class": "build-in",
  "approach": "Pysonar2",
  "file_path": "GetAltsClient/src/getaltsclient/client.py",
  "lineno": "47",
  "column": "4",
  "context": "y(Enum):\n    Russia = \"ru\"\n    Ukraine = \"ua\"\n    Kazakhstan = \"kz\"\n    China = \"cn\"\n    Philippines = \"ph\"\n    Myanma",
  "context_lines": "    AnyOther = \"ot\"\n\n\nclass Country(Enum):\n    Russia = \"ru\"\n    Ukraine = \"ua\"\n    Kazakhstan = \"kz\"\n    China = \"cn\"\n    Philippines = \"ph\"\n    Myanmar = \"mm\"\n    Indonesia = \"id\"\n",
  "slicing": "    Kazakhstan = \"kz\"\n"
 },
 "35": {
  "name": "China",
  "type": "str",
  "class": "build-in",
  "approach": "Pysonar2",
  "file_path": "GetAltsClient/src/getaltsclient/client.py",
  "lineno": "48",
  "column": "4",
  "context": "\"ru\"\n    Ukraine = \"ua\"\n    Kazakhstan = \"kz\"\n    China = \"cn\"\n    Philippines = \"ph\"\n    Myanmar = \"mm\"\n    Indo",
  "context_lines": "class Country(Enum):\n    Russia = \"ru\"\n    Ukraine = \"ua\"\n    Kazakhstan = \"kz\"\n    China = \"cn\"\n    Philippines = \"ph\"\n    Myanmar = \"mm\"\n    Indonesia = \"id\"\n    Malaysia = \"my\"\n",
  "slicing": "    China = \"cn\"\n"
 },
 "36": {
  "name": "Philippines",
  "type": "str",
  "class": "build-in",
  "approach": "Pysonar2",
  "file_path": "GetAltsClient/src/getaltsclient/client.py",
  "lineno": "49",
  "column": "4",
  "context": "= \"ua\"\n    Kazakhstan = \"kz\"\n    China = \"cn\"\n    Philippines = \"ph\"\n    Myanmar = \"mm\"\n    Indonesia = \"id\"\n    Malays",
  "context_lines": "    Russia = \"ru\"\n    Ukraine = \"ua\"\n    Kazakhstan = \"kz\"\n    China = \"cn\"\n    Philippines = \"ph\"\n    Myanmar = \"mm\"\n    Indonesia = \"id\"\n    Malaysia = \"my\"\n    Kenya = \"ke\"\n",
  "slicing": "    Philippines = \"ph\"\n"
 },
 "37": {
  "name": "Myanmar",
  "type": "str",
  "class": "build-in",
  "approach": "Pysonar2",
  "file_path": "GetAltsClient/src/getaltsclient/client.py",
  "lineno": "50",
  "column": "4",
  "context": " \"kz\"\n    China = \"cn\"\n    Philippines = \"ph\"\n    Myanmar = \"mm\"\n    Indonesia = \"id\"\n    Malaysia = \"my\"\n    Kenya",
  "context_lines": "    Ukraine = \"ua\"\n    Kazakhstan = \"kz\"\n    China = \"cn\"\n    Philippines = \"ph\"\n    Myanmar = \"mm\"\n    Indonesia = \"id\"\n    Malaysia = \"my\"\n    Kenya = \"ke\"\n    Tanzania = \"tz\"\n",
  "slicing": "    Myanmar = \"mm\"\n"
 },
 "38": {
  "name": "Indonesia",
  "type": "str",
  "class": "build-in",
  "approach": "Pysonar2",
  "file_path": "GetAltsClient/src/getaltsclient/client.py",
  "lineno": "51",
  "column": "4",
  "context": "cn\"\n    Philippines = \"ph\"\n    Myanmar = \"mm\"\n    Indonesia = \"id\"\n    Malaysia = \"my\"\n    Kenya = \"ke\"\n    Tanzania ",
  "context_lines": "    Kazakhstan = \"kz\"\n    China = \"cn\"\n    Philippines = \"ph\"\n    Myanmar = \"mm\"\n    Indonesia = \"id\"\n    Malaysia = \"my\"\n    Kenya = \"ke\"\n    Tanzania = \"tz\"\n    Vietnam = \"vn\"\n",
  "slicing": "    Indonesia = \"id\"\n"
 },
 "39": {
  "name": "Malaysia",
  "type": "str",
  "class": "build-in",
  "approach": "Pysonar2",
  "file_path": "GetAltsClient/src/getaltsclient/client.py",
  "lineno": "52",
  "column": "4",
  "context": " \"ph\"\n    Myanmar = \"mm\"\n    Indonesia = \"id\"\n    Malaysia = \"my\"\n    Kenya = \"ke\"\n    Tanzania = \"tz\"\n    Vietnam =",
  "context_lines": "    China = \"cn\"\n    Philippines = \"ph\"\n    Myanmar = \"mm\"\n    Indonesia = \"id\"\n    Malaysia = \"my\"\n    Kenya = \"ke\"\n    Tanzania = \"tz\"\n    Vietnam = \"vn\"\n    Kyrgyzstan = \"kg\"\n",
  "slicing": "    Malaysia = \"my\"\n"
 },
 "40": {
  "name": "Kenya",
  "type": "str",
  "class": "build-in",
  "approach": "Pysonar2",
  "file_path": "GetAltsClient/src/getaltsclient/client.py",
  "lineno": "53",
  "column": "4",
  "context": "\"mm\"\n    Indonesia = \"id\"\n    Malaysia = \"my\"\n    Kenya = \"ke\"\n    Tanzania = \"tz\"\n    Vietnam = \"vn\"\n    Kyrgyzs",
  "context_lines": "    Philippines = \"ph\"\n    Myanmar = \"mm\"\n    Indonesia = \"id\"\n    Malaysia = \"my\"\n    Kenya = \"ke\"\n    Tanzania = \"tz\"\n    Vietnam = \"vn\"\n    Kyrgyzstan = \"kg\"\n    USA = \"us\"\n",
  "slicing": "    Kenya = \"ke\"\n"
 },
 "41": {
  "name": "Tanzania",
  "type": "str",
  "class": "build-in",
  "approach": "Pysonar2",
  "file_path": "GetAltsClient/src/getaltsclient/client.py",
  "lineno": "54",
  "column": "4",
  "context": "a = \"id\"\n    Malaysia = \"my\"\n    Kenya = \"ke\"\n    Tanzania = \"tz\"\n    Vietnam = \"vn\"\n    Kyrgyzstan = \"kg\"\n    USA =",
  "context_lines": "    Myanmar = \"mm\"\n    Indonesia = \"id\"\n    Malaysia = \"my\"\n    Kenya = \"ke\"\n    Tanzania = \"tz\"\n    Vietnam = \"vn\"\n    Kyrgyzstan = \"kg\"\n    USA = \"us\"\n    Israel = \"il\"\n",
  "slicing": "    Tanzania = \"tz\"\n"
 },
 "42": {
  "name": "Vietnam",
  "type": "str",
  "class": "build-in",
  "approach": "Pysonar2",
  "file_path": "GetAltsClient/src/getaltsclient/client.py",
  "lineno": "55",
  "column": "4",
  "context": "a = \"my\"\n    Kenya = \"ke\"\n    Tanzania = \"tz\"\n    Vietnam = \"vn\"\n    Kyrgyzstan = \"kg\"\n    USA = \"us\"\n    Israel = ",
  "context_lines": "    Indonesia = \"id\"\n    Malaysia = \"my\"\n    Kenya = \"ke\"\n    Tanzania = \"tz\"\n    Vietnam = \"vn\"\n    Kyrgyzstan = \"kg\"\n    USA = \"us\"\n    Israel = \"il\"\n    HongKong = \"hk\"\n",
  "slicing": "    Vietnam = \"vn\"\n"
 },
 "43": {
  "name": "Kyrgyzstan",
  "type": "str",
  "class": "build-in",
  "approach": "Pysonar2",
  "file_path": "GetAltsClient/src/getaltsclient/client.py",
  "lineno": "56",
  "column": "4",
  "context": "= \"ke\"\n    Tanzania = \"tz\"\n    Vietnam = \"vn\"\n    Kyrgyzstan = \"kg\"\n    USA = \"us\"\n    Israel = \"il\"\n    HongKong = \"h",
  "context_lines": "    Malaysia = \"my\"\n    Kenya = \"ke\"\n    Tanzania = \"tz\"\n    Vietnam = \"vn\"\n    Kyrgyzstan = \"kg\"\n    USA = \"us\"\n    Israel = \"il\"\n    HongKong = \"hk\"\n    Poland = \"pl\"\n",
  "slicing": "    Kyrgyzstan = \"kg\"\n"
 },
 "44": {
  "name": "USA",
  "type": "str",
  "class": "build-in",
  "approach": "Pysonar2",
  "file_path": "GetAltsClient/src/getaltsclient/client.py",
  "lineno": "57",
  "column": "4",
  "context": "\"tz\"\n    Vietnam = \"vn\"\n    Kyrgyzstan = \"kg\"\n    USA = \"us\"\n    Israel = \"il\"\n    HongKong = \"hk\"\n    Poland =",
  "context_lines": "    Kenya = \"ke\"\n    Tanzania = \"tz\"\n    Vietnam = \"vn\"\n    Kyrgyzstan = \"kg\"\n    USA = \"us\"\n    Israel = \"il\"\n    HongKong = \"hk\"\n    Poland = \"pl\"\n    UnitedKingdom = \"uk\"\n",
  "slicing": "    USA = \"us\"\n"
 },
 "45": {
  "name": "Israel",
  "type": "str",
  "class": "build-in",
  "approach": "Pysonar2",
  "file_path": "GetAltsClient/src/getaltsclient/client.py",
  "lineno": "58",
  "column": "4",
  "context": "m = \"vn\"\n    Kyrgyzstan = \"kg\"\n    USA = \"us\"\n    Israel = \"il\"\n    HongKong = \"hk\"\n    Poland = \"pl\"\n    UnitedKi",
  "context_lines": "    Tanzania = \"tz\"\n    Vietnam = \"vn\"\n    Kyrgyzstan = \"kg\"\n    USA = \"us\"\n    Israel = \"il\"\n    HongKong = \"hk\"\n    Poland = \"pl\"\n    UnitedKingdom = \"uk\"\n    Madagascar = \"mg\"\n",
  "slicing": "    Israel = \"il\"\n"
 },
 "46": {
  "name": "HongKong",
  "type": "str",
  "class": "build-in",
  "approach": "Pysonar2",
  "file_path": "GetAltsClient/src/getaltsclient/client.py",
  "lineno": "59",
  "column": "4",
  "context": "zstan = \"kg\"\n    USA = \"us\"\n    Israel = \"il\"\n    HongKong = \"hk\"\n    Poland = \"pl\"\n    UnitedKingdom = \"uk\"\n    Mad",
  "context_lines": "    Vietnam = \"vn\"\n    Kyrgyzstan = \"kg\"\n    USA = \"us\"\n    Israel = \"il\"\n    HongKong = \"hk\"\n    Poland = \"pl\"\n    UnitedKingdom = \"uk\"\n    Madagascar = \"mg\"\n    Congo = \"cg\"\n",
  "slicing": "    HongKong = \"hk\"\n"
 },
 "47": {
  "name": "Poland",
  "type": "str",
  "class": "build-in",
  "approach": "Pysonar2",
  "file_path": "GetAltsClient/src/getaltsclient/client.py",
  "lineno": "60",
  "column": "4",
  "context": " = \"us\"\n    Israel = \"il\"\n    HongKong = \"hk\"\n    Poland = \"pl\"\n    UnitedKingdom = \"uk\"\n    Madagascar = \"mg\"\n   ",
  "context_lines": "    Kyrgyzstan = \"kg\"\n    USA = \"us\"\n    Israel = \"il\"\n    HongKong = \"hk\"\n    Poland = \"pl\"\n    UnitedKingdom = \"uk\"\n    Madagascar = \"mg\"\n    Congo = \"cg\"\n    Nigeria = \"ng\"\n",
  "slicing": "    Poland = \"pl\"\n"
 },
 "48": {
  "name": "UnitedKingdom",
  "type": "str",
  "class": "build-in",
  "approach": "Pysonar2",
  "file_path": "GetAltsClient/src/getaltsclient/client.py",
  "lineno": "61",
  "column": "4",
  "context": " = \"il\"\n    HongKong = \"hk\"\n    Poland = \"pl\"\n    UnitedKingdom = \"uk\"\n    Madagascar = \"mg\"\n    Congo = \"cg\"\n    Nigeria",
  "context_lines": "    USA = \"us\"\n    Israel = \"il\"\n    HongKong = \"hk\"\n    Poland = \"pl\"\n    UnitedKingdom = \"uk\"\n    Madagascar = \"mg\"\n    Congo = \"cg\"\n    Nigeria = \"ng\"\n    Macau = \"mo\"\n",
  "slicing": "    UnitedKingdom = \"uk\"\n"
 },
 "49": {
  "name": "Madagascar",
  "type": "str",
  "class": "build-in",
  "approach": "Pysonar2",
  "file_path": "GetAltsClient/src/getaltsclient/client.py",
  "lineno": "62",
  "column": "4",
  "context": "k\"\n    Poland = \"pl\"\n    UnitedKingdom = \"uk\"\n    Madagascar = \"mg\"\n    Congo = \"cg\"\n    Nigeria = \"ng\"\n    Macau = \"m",
  "context_lines": "    Israel = \"il\"\n    HongKong = \"hk\"\n    Poland = \"pl\"\n    UnitedKingdom = \"uk\"\n    Madagascar = \"mg\"\n    Congo = \"cg\"\n    Nigeria = \"ng\"\n    Macau = \"mo\"\n    Egypt = \"eg\"\n",
  "slicing": "    Madagascar = \"mg\"\n"
 },
 "50": {
  "name": "Congo",
  "type": "str",
  "class": "build-in",
  "approach": "Pysonar2",
  "file_path": "GetAltsClient/src/getaltsclient/client.py",
  "lineno": "63",
  "column": "4",
  "context": "   UnitedKingdom = \"uk\"\n    Madagascar = \"mg\"\n    Congo = \"cg\"\n    Nigeria = \"ng\"\n    Macau = \"mo\"\n    Egypt = \"e",
  "context_lines": "    HongKong = \"hk\"\n    Poland = \"pl\"\n    UnitedKingdom = \"uk\"\n    Madagascar = \"mg\"\n    Congo = \"cg\"\n    Nigeria = \"ng\"\n    Macau = \"mo\"\n    Egypt = \"eg\"\n    Ireland = \"ie\"\n",
  "slicing": "    Congo = \"cg\"\n"
 },
 "51": {
  "name": "Nigeria",
  "type": "str",
  "class": "build-in",
  "approach": "Pysonar2",
  "file_path": "GetAltsClient/src/getaltsclient/client.py",
  "lineno": "64",
  "column": "4",
  "context": "= \"uk\"\n    Madagascar = \"mg\"\n    Congo = \"cg\"\n    Nigeria = \"ng\"\n    Macau = \"mo\"\n    Egypt = \"eg\"\n    Ireland = \"i",
  "context_lines": "    Poland = \"pl\"\n    UnitedKingdom = \"uk\"\n    Madagascar = \"mg\"\n    Congo = \"cg\"\n    Nigeria = \"ng\"\n    Macau = \"mo\"\n    Egypt = \"eg\"\n    Ireland = \"ie\"\n    Cambodia = \"kh\"\n",
  "slicing": "    Nigeria = \"ng\"\n"
 },
 "52": {
  "name": "Macau",
  "type": "str",
  "class": "build-in",
  "approach": "Pysonar2",
  "file_path": "GetAltsClient/src/getaltsclient/client.py",
  "lineno": "65",
  "column": "4",
  "context": "ar = \"mg\"\n    Congo = \"cg\"\n    Nigeria = \"ng\"\n    Macau = \"mo\"\n    Egypt = \"eg\"\n    Ireland = \"ie\"\n    Cambodia =",
  "context_lines": "    UnitedKingdom = \"uk\"\n    Madagascar = \"mg\"\n    Congo = \"cg\"\n    Nigeria = \"ng\"\n    Macau = \"mo\"\n    Egypt = \"eg\"\n    Ireland = \"ie\"\n    Cambodia = \"kh\"\n    Lao = \"la\"\n",
  "slicing": "    Macau = \"mo\"\n"
 },
 "53": {
  "name": "Egypt",
  "type": "str",
  "class": "build-in",
  "approach": "Pysonar2",
  "file_path": "GetAltsClient/src/getaltsclient/client.py",
  "lineno": "66",
  "column": "4",
  "context": "go = \"cg\"\n    Nigeria = \"ng\"\n    Macau = \"mo\"\n    Egypt = \"eg\"\n    Ireland = \"ie\"\n    Cambodia = \"kh\"\n    Lao = \"",
  "context_lines": "    Madagascar = \"mg\"\n    Congo = \"cg\"\n    Nigeria = \"ng\"\n    Macau = \"mo\"\n    Egypt = \"eg\"\n    Ireland = \"ie\"\n    Cambodia = \"kh\"\n    Lao = \"la\"\n    Haiti = \"ht\"\n",
  "slicing": "    Egypt = \"eg\"\n"
 },
 "54": {
  "name": "Ireland",
  "type": "str",
  "class": "build-in",
  "approach": "Pysonar2",
  "file_path": "GetAltsClient/src/getaltsclient/client.py",
  "lineno": "67",
  "column": "4",
  "context": "eria = \"ng\"\n    Macau = \"mo\"\n    Egypt = \"eg\"\n    Ireland = \"ie\"\n    Cambodia = \"kh\"\n    Lao = \"la\"\n    Haiti = \"ht",
  "context_lines": "    Congo = \"cg\"\n    Nigeria = \"ng\"\n    Macau = \"mo\"\n    Egypt = \"eg\"\n    Ireland = \"ie\"\n    Cambodia = \"kh\"\n    Lao = \"la\"\n    Haiti = \"ht\"\n    IvoryCoast = \"ci\"\n",
  "slicing": "    Ireland = \"ie\"\n"
 },
 "55": {
  "name": "Cambodia",
  "type": "str",
  "class": "build-in",
  "approach": "Pysonar2",
  "file_path": "GetAltsClient/src/getaltsclient/client.py",
  "lineno": "68",
  "column": "4",
  "context": "au = \"mo\"\n    Egypt = \"eg\"\n    Ireland = \"ie\"\n    Cambodia = \"kh\"\n    Lao = \"la\"\n    Haiti = \"ht\"\n    IvoryCoast = \"",
  "context_lines": "    Nigeria = \"ng\"\n    Macau = \"mo\"\n    Egypt = \"eg\"\n    Ireland = \"ie\"\n    Cambodia = \"kh\"\n    Lao = \"la\"\n    Haiti = \"ht\"\n    IvoryCoast = \"ci\"\n    Gambia = \"gm\"\n",
  "slicing": "    Cambodia = \"kh\"\n"
 },
 "56": {
  "name": "Lao",
  "type": "str",
  "class": "build-in",
  "approach": "Pysonar2",
  "file_path": "GetAltsClient/src/getaltsclient/client.py",
  "lineno": "69",
  "column": "4",
  "context": "= \"eg\"\n    Ireland = \"ie\"\n    Cambodia = \"kh\"\n    Lao = \"la\"\n    Haiti = \"ht\"\n    IvoryCoast = \"ci\"\n    Gambia ",
  "context_lines": "    Macau = \"mo\"\n    Egypt = \"eg\"\n    Ireland = \"ie\"\n    Cambodia = \"kh\"\n    Lao = \"la\"\n    Haiti = \"ht\"\n    IvoryCoast = \"ci\"\n    Gambia = \"gm\"\n    Serbian = \"rs\"\n",
  "slicing": "    Lao = \"la\"\n"
 },
 "57": {
  "name": "Haiti",
  "type": "str",
  "class": "build-in",
  "approach": "Pysonar2",
  "file_path": "GetAltsClient/src/getaltsclient/client.py",
  "lineno": "70",
  "column": "4",
  "context": "and = \"ie\"\n    Cambodia = \"kh\"\n    Lao = \"la\"\n    Haiti = \"ht\"\n    IvoryCoast = \"ci\"\n    Gambia = \"gm\"\n    Serbia",
  "context_lines": "    Egypt = \"eg\"\n    Ireland = \"ie\"\n    Cambodia = \"kh\"\n    Lao = \"la\"\n    Haiti = \"ht\"\n    IvoryCoast = \"ci\"\n    Gambia = \"gm\"\n    Serbian = \"rs\"\n    Yemen = \"ye\"\n",
  "slicing": "    Haiti = \"ht\"\n"
 },
 "58": {
  "name": "IvoryCoast",
  "type": "str",
  "class": "build-in",
  "approach": "Pysonar2",
  "file_path": "GetAltsClient/src/getaltsclient/client.py",
  "lineno": "71",
  "column": "4",
  "context": "mbodia = \"kh\"\n    Lao = \"la\"\n    Haiti = \"ht\"\n    IvoryCoast = \"ci\"\n    Gambia = \"gm\"\n    Serbian = \"rs\"\n    Yemen = \"",
  "context_lines": "    Ireland = \"ie\"\n    Cambodia = \"kh\"\n    Lao = \"la\"\n    Haiti = \"ht\"\n    IvoryCoast = \"ci\"\n    Gambia = \"gm\"\n    Serbian = \"rs\"\n    Yemen = \"ye\"\n    SouthAfrica = \"za\"\n",
  "slicing": "    IvoryCoast = \"ci\"\n"
 },
 "59": {
  "name": "Gambia",
  "type": "str",
  "class": "build-in",
  "approach": "Pysonar2",
  "file_path": "GetAltsClient/src/getaltsclient/client.py",
  "lineno": "72",
  "column": "4",
  "context": "= \"la\"\n    Haiti = \"ht\"\n    IvoryCoast = \"ci\"\n    Gambia = \"gm\"\n    Serbian = \"rs\"\n    Yemen = \"ye\"\n    SouthAfric",
  "context_lines": "    Cambodia = \"kh\"\n    Lao = \"la\"\n    Haiti = \"ht\"\n    IvoryCoast = \"ci\"\n    Gambia = \"gm\"\n    Serbian = \"rs\"\n    Yemen = \"ye\"\n    SouthAfrica = \"za\"\n    Romania = \"ro\"\n",
  "slicing": "    Gambia = \"gm\"\n"
 },
 "60": {
  "name": "Serbian",
  "type": "str",
  "class": "build-in",
  "approach": "Pysonar2",
  "file_path": "GetAltsClient/src/getaltsclient/client.py",
  "lineno": "73",
  "column": "4",
  "context": " \"ht\"\n    IvoryCoast = \"ci\"\n    Gambia = \"gm\"\n    Serbian = \"rs\"\n    Yemen = \"ye\"\n    SouthAfrica = \"za\"\n    Romani",
  "context_lines": "    Lao = \"la\"\n    Haiti = \"ht\"\n    IvoryCoast = \"ci\"\n    Gambia = \"gm\"\n    Serbian = \"rs\"\n    Yemen = \"ye\"\n    SouthAfrica = \"za\"\n    Romania = \"ro\"\n    Estonia = \"ee\"\n",
  "slicing": "    Serbian = \"rs\"\n"
 },
 "61": {
  "name": "Yemen",
  "type": "str",
  "class": "build-in",
  "approach": "Pysonar2",
  "file_path": "GetAltsClient/src/getaltsclient/client.py",
  "lineno": "74",
  "column": "4",
  "context": "t = \"ci\"\n    Gambia = \"gm\"\n    Serbian = \"rs\"\n    Yemen = \"ye\"\n    SouthAfrica = \"za\"\n    Romania = \"ro\"\n    Esto",
  "context_lines": "    Haiti = \"ht\"\n    IvoryCoast = \"ci\"\n    Gambia = \"gm\"\n    Serbian = \"rs\"\n    Yemen = \"ye\"\n    SouthAfrica = \"za\"\n    Romania = \"ro\"\n    Estonia = \"ee\"\n    Azerbaijan = \"az\"\n",
  "slicing": "    Yemen = \"ye\"\n"
 },
 "62": {
  "name": "SouthAfrica",
  "type": "str",
  "class": "build-in",
  "approach": "Pysonar2",
  "file_path": "GetAltsClient/src/getaltsclient/client.py",
  "lineno": "75",
  "column": "4",
  "context": "ia = \"gm\"\n    Serbian = \"rs\"\n    Yemen = \"ye\"\n    SouthAfrica = \"za\"\n    Romania = \"ro\"\n    Estonia = \"ee\"\n    Azerbaij",
  "context_lines": "    IvoryCoast = \"ci\"\n    Gambia = \"gm\"\n    Serbian = \"rs\"\n    Yemen = \"ye\"\n    SouthAfrica = \"za\"\n    Romania = \"ro\"\n    Estonia = \"ee\"\n    Azerbaijan = \"az\"\n    Canada = \"ca\"\n",
  "slicing": "    SouthAfrica = \"za\"\n"
 },
 "63": {
  "name": "Romania",
  "type": "str",
  "class": "build-in",
  "approach": "Pysonar2",
  "file_path": "GetAltsClient/src/getaltsclient/client.py",
  "lineno": "76",
  "column": "4",
  "context": " \"rs\"\n    Yemen = \"ye\"\n    SouthAfrica = \"za\"\n    Romania = \"ro\"\n    Estonia = \"ee\"\n    Azerbaijan = \"az\"\n    Canad",
  "context_lines": "    Gambia = \"gm\"\n    Serbian = \"rs\"\n    Yemen = \"ye\"\n    SouthAfrica = \"za\"\n    Romania = \"ro\"\n    Estonia = \"ee\"\n    Azerbaijan = \"az\"\n    Canada = \"ca\"\n    Morocco = \"ma\"\n",
  "slicing": "    Romania = \"ro\"\n"
 },
 "64": {
  "name": "Estonia",
  "type": "str",
  "class": "build-in",
  "approach": "Pysonar2",
  "file_path": "GetAltsClient/src/getaltsclient/client.py",
  "lineno": "77",
  "column": "4",
  "context": "ye\"\n    SouthAfrica = \"za\"\n    Romania = \"ro\"\n    Estonia = \"ee\"\n    Azerbaijan = \"az\"\n    Canada = \"ca\"\n    Morocc",
  "context_lines": "    Serbian = \"rs\"\n    Yemen = \"ye\"\n    SouthAfrica = \"za\"\n    Romania = \"ro\"\n    Estonia = \"ee\"\n    Azerbaijan = \"az\"\n    Canada = \"ca\"\n    Morocco = \"ma\"\n    Ghana = \"gh\"\n",
  "slicing": "    Estonia = \"ee\"\n"
 },
 "65": {
  "name": "Azerbaijan",
  "type": "str",
  "class": "build-in",
  "approach": "Pysonar2",
  "file_path": "GetAltsClient/src/getaltsclient/client.py",
  "lineno": "78",
  "column": "4",
  "context": " = \"za\"\n    Romania = \"ro\"\n    Estonia = \"ee\"\n    Azerbaijan = \"az\"\n    Canada = \"ca\"\n    Morocco = \"ma\"\n    Ghana = \"",
  "context_lines": "    Yemen = \"ye\"\n    SouthAfrica = \"za\"\n    Romania = \"ro\"\n    Estonia = \"ee\"\n    Azerbaijan = \"az\"\n    Canada = \"ca\"\n    Morocco = \"ma\"\n    Ghana = \"gh\"\n    Argentina = \"ar\"\n",
  "slicing": "    Azerbaijan = \"az\"\n"
 },
 "66": {
  "name": "Canada",
  "type": "str",
  "class": "build-in",
  "approach": "Pysonar2",
  "file_path": "GetAltsClient/src/getaltsclient/client.py",
  "lineno": "79",
  "column": "4",
  "context": "\"ro\"\n    Estonia = \"ee\"\n    Azerbaijan = \"az\"\n    Canada = \"ca\"\n    Morocco = \"ma\"\n    Ghana = \"gh\"\n    Argentina ",
  "context_lines": "    SouthAfrica = \"za\"\n    Romania = \"ro\"\n    Estonia = \"ee\"\n    Azerbaijan = \"az\"\n    Canada = \"ca\"\n    Morocco = \"ma\"\n    Ghana = \"gh\"\n    Argentina = \"ar\"\n    Uzbekistan = \"uz\"\n",
  "slicing": "    Canada = \"ca\"\n"
 },
 "67": {
  "name": "Morocco",
  "type": "str",
  "class": "build-in",
  "approach": "Pysonar2",
  "file_path": "GetAltsClient/src/getaltsclient/client.py",
  "lineno": "80",
  "column": "4",
  "context": " \"ee\"\n    Azerbaijan = \"az\"\n    Canada = \"ca\"\n    Morocco = \"ma\"\n    Ghana = \"gh\"\n    Argentina = \"ar\"\n    Uzbekist",
  "context_lines": "    Romania = \"ro\"\n    Estonia = \"ee\"\n    Azerbaijan = \"az\"\n    Canada = \"ca\"\n    Morocco = \"ma\"\n    Ghana = \"gh\"\n    Argentina = \"ar\"\n    Uzbekistan = \"uz\"\n    Cameroon = \"cm\"\n",
  "slicing": "    Morocco = \"ma\"\n"
 },
 "68": {
  "name": "Ghana",
  "type": "str",
  "class": "build-in",
  "approach": "Pysonar2",
  "file_path": "GetAltsClient/src/getaltsclient/client.py",
  "lineno": "81",
  "column": "4",
  "context": "n = \"az\"\n    Canada = \"ca\"\n    Morocco = \"ma\"\n    Ghana = \"gh\"\n    Argentina = \"ar\"\n    Uzbekistan = \"uz\"\n    Cam",
  "context_lines": "    Estonia = \"ee\"\n    Azerbaijan = \"az\"\n    Canada = \"ca\"\n    Morocco = \"ma\"\n    Ghana = \"gh\"\n    Argentina = \"ar\"\n    Uzbekistan = \"uz\"\n    Cameroon = \"cm\"\n    Chad = \"tg\"\n",
  "slicing": "    Ghana = \"gh\"\n"
 },
 "69": {
  "name": "Argentina",
  "type": "str",
  "class": "build-in",
  "approach": "Pysonar2",
  "file_path": "GetAltsClient/src/getaltsclient/client.py",
  "lineno": "82",
  "column": "4",
  "context": "da = \"ca\"\n    Morocco = \"ma\"\n    Ghana = \"gh\"\n    Argentina = \"ar\"\n    Uzbekistan = \"uz\"\n    Cameroon = \"cm\"\n    Chad",
  "context_lines": "    Azerbaijan = \"az\"\n    Canada = \"ca\"\n    Morocco = \"ma\"\n    Ghana = \"gh\"\n    Argentina = \"ar\"\n    Uzbekistan = \"uz\"\n    Cameroon = \"cm\"\n    Chad = \"tg\"\n    Germany = \"de\"\n",
  "slicing": "    Argentina = \"ar\"\n"
 },
 "70": {
  "name": "Uzbekistan",
  "type": "str",
  "class": "build-in",
  "approach": "Pysonar2",
  "file_path": "GetAltsClient/src/getaltsclient/client.py",
  "lineno": "83",
  "column": "4",
  "context": " = \"ma\"\n    Ghana = \"gh\"\n    Argentina = \"ar\"\n    Uzbekistan = \"uz\"\n    Cameroon = \"cm\"\n    Chad = \"tg\"\n    Germany = ",
  "context_lines": "    Canada = \"ca\"\n    Morocco = \"ma\"\n    Ghana = \"gh\"\n    Argentina = \"ar\"\n    Uzbekistan = \"uz\"\n    Cameroon = \"cm\"\n    Chad = \"tg\"\n    Germany = \"de\"\n    Lithuania = \"lt\"\n",
  "slicing": "    Uzbekistan = \"uz\"\n"
 },
 "71": {
  "name": "Cameroon",
  "type": "str",
  "class": "build-in",
  "approach": "Pysonar2",
  "file_path": "GetAltsClient/src/getaltsclient/client.py",
  "lineno": "84",
  "column": "4",
  "context": "h\"\n    Argentina = \"ar\"\n    Uzbekistan = \"uz\"\n    Cameroon = \"cm\"\n    Chad = \"tg\"\n    Germany = \"de\"\n    Lithuania =",
  "context_lines": "    Morocco = \"ma\"\n    Ghana = \"gh\"\n    Argentina = \"ar\"\n    Uzbekistan = \"uz\"\n    Cameroon = \"cm\"\n    Chad = \"tg\"\n    Germany = \"de\"\n    Lithuania = \"lt\"\n    Croatia = \"hr\"\n",
  "slicing": "    Cameroon = \"cm\"\n"
 },
 "72": {
  "name": "Chad",
  "type": "str",
  "class": "build-in",
  "approach": "Pysonar2",
  "file_path": "GetAltsClient/src/getaltsclient/client.py",
  "lineno": "85",
  "column": "4",
  "context": "ar\"\n    Uzbekistan = \"uz\"\n    Cameroon = \"cm\"\n    Chad = \"tg\"\n    Germany = \"de\"\n    Lithuania = \"lt\"\n    Croati",
  "context_lines": "    Ghana = \"gh\"\n    Argentina = \"ar\"\n    Uzbekistan = \"uz\"\n    Cameroon = \"cm\"\n    Chad = \"tg\"\n    Germany = \"de\"\n    Lithuania = \"lt\"\n    Croatia = \"hr\"\n    Iraq = \"iq\"\n",
  "slicing": "    Chad = \"tg\"\n"
 },
 "73": {
  "name": "Germany",
  "type": "str",
  "class": "build-in",
  "approach": "Pysonar2",
  "file_path": "GetAltsClient/src/getaltsclient/client.py",
  "lineno": "86",
  "column": "4",
  "context": "an = \"uz\"\n    Cameroon = \"cm\"\n    Chad = \"tg\"\n    Germany = \"de\"\n    Lithuania = \"lt\"\n    Croatia = \"hr\"\n    Iraq =",
  "context_lines": "    Argentina = \"ar\"\n    Uzbekistan = \"uz\"\n    Cameroon = \"cm\"\n    Chad = \"tg\"\n    Germany = \"de\"\n    Lithuania = \"lt\"\n    Croatia = \"hr\"\n    Iraq = \"iq\"\n    Netherlands = \"nl\"\n",
  "slicing": "    Germany = \"de\"\n"
 },
 "74": {
  "name": "Lithuania",
  "type": "str",
  "class": "build-in",
  "approach": "Pysonar2",
  "file_path": "GetAltsClient/src/getaltsclient/client.py",
  "lineno": "87",
  "column": "4",
  "context": "oon = \"cm\"\n    Chad = \"tg\"\n    Germany = \"de\"\n    Lithuania = \"lt\"\n    Croatia = \"hr\"\n    Iraq = \"iq\"\n    Netherlands",
  "context_lines": "    Uzbekistan = \"uz\"\n    Cameroon = \"cm\"\n    Chad = \"tg\"\n    Germany = \"de\"\n    Lithuania = \"lt\"\n    Croatia = \"hr\"\n    Iraq = \"iq\"\n    Netherlands = \"nl\"\n    India = \"in\"\n\n\n",
  "slicing": "    Lithuania = \"lt\"\n"
 },
 "75": {
  "name": "Croatia",
  "type": "str",
  "class": "build-in",
  "approach": "Pysonar2",
  "file_path": "GetAltsClient/src/getaltsclient/client.py",
  "lineno": "88",
  "column": "4",
  "context": " \"tg\"\n    Germany = \"de\"\n    Lithuania = \"lt\"\n    Croatia = \"hr\"\n    Iraq = \"iq\"\n    Netherlands = \"nl\"\n    India =",
  "context_lines": "    Cameroon = \"cm\"\n    Chad = \"tg\"\n    Germany = \"de\"\n    Lithuania = \"lt\"\n    Croatia = \"hr\"\n    Iraq = \"iq\"\n    Netherlands = \"nl\"\n    India = \"in\"\n\n\nclass Status(Enum):\n",
  "slicing": "    Croatia = \"hr\"\n"
 },
 "76": {
  "name": "Iraq",
  "type": "str",
  "class": "build-in",
  "approach": "Pysonar2",
  "file_path": "GetAltsClient/src/getaltsclient/client.py",
  "lineno": "89",
  "column": "4",
  "context": " \"de\"\n    Lithuania = \"lt\"\n    Croatia = \"hr\"\n    Iraq = \"iq\"\n    Netherlands = \"nl\"\n    India = \"in\"\n\n\nclass St",
  "context_lines": "    Chad = \"tg\"\n    Germany = \"de\"\n    Lithuania = \"lt\"\n    Croatia = \"hr\"\n    Iraq = \"iq\"\n    Netherlands = \"nl\"\n    India = \"in\"\n\n\nclass Status(Enum):\n    \"\"\"\n",
  "slicing": "    Iraq = \"iq\"\n"
 },
 "77": {
  "name": "Netherlands",
  "type": "str",
  "class": "build-in",
  "approach": "Pysonar2",
  "file_path": "GetAltsClient/src/getaltsclient/client.py",
  "lineno": "90",
  "column": "4",
  "context": "nia = \"lt\"\n    Croatia = \"hr\"\n    Iraq = \"iq\"\n    Netherlands = \"nl\"\n    India = \"in\"\n\n\nclass Status(Enum):\n    \"\"\"\n   ",
  "context_lines": "    Germany = \"de\"\n    Lithuania = \"lt\"\n    Croatia = \"hr\"\n    Iraq = \"iq\"\n    Netherlands = \"nl\"\n    India = \"in\"\n\n\nclass Status(Enum):\n    \"\"\"\n    Enumeration of statuses that GetAlts will provide depending on the current state of activation.\n",
  "slicing": "    Netherlands = \"nl\"\n"
 },
 "78": {
  "name": "India",
  "type": "str",
  "class": "build-in",
  "approach": "Pysonar2",
  "file_path": "GetAltsClient/src/getaltsclient/client.py",
  "lineno": "91",
  "column": "4",
  "context": "= \"hr\"\n    Iraq = \"iq\"\n    Netherlands = \"nl\"\n    India = \"in\"\n\n\nclass Status(Enum):\n    \"\"\"\n    Enumeration of s",
  "context_lines": "    Lithuania = \"lt\"\n    Croatia = \"hr\"\n    Iraq = \"iq\"\n    Netherlands = \"nl\"\n    India = \"in\"\n\n\nclass Status(Enum):\n    \"\"\"\n    Enumeration of statuses that GetAlts will provide depending on the current state of activation.\n",
  "slicing": "    India = \"in\"\n"
 },
 "79": {
  "name": "Ready",
  "type": "str",
  "class": "build-in",
  "approach": "Pysonar2",
  "file_path": "GetAltsClient/src/getaltsclient/client.py",
  "lineno": "100",
  "column": "4",
  "context": ".ph/List-of-available-statuses-06-09\n    \"\"\"\n\n    Ready = \"READY\"\n    AccessReady = \"ACCESS_READY\"\n    WaitingForCod",
  "context_lines": "    \"\"\"\n    Enumeration of statuses that GetAlts will provide depending on the current state of activation.\n    See https://telegra.ph/List-of-available-statuses-06-09\n    \"\"\"\n\n    Ready = \"READY\"\n    AccessReady = \"ACCESS_READY\"\n    WaitingForCode = \"STATUS_WAIT_CODE\"\n    Cancelled = \"ACCESS_CANCEL\"\n    AccessConfirmGet = \"ACCESS_CONFIRM_GET\"\n",
  "slicing": "    Ready = \"READY\"\n"
 },
 "80": {
  "name": "AccessReady",
  "type": "str",
  "class": "build-in",
  "approach": "Pysonar2",
  "file_path": "GetAltsClient/src/getaltsclient/client.py",
  "lineno": "101",
  "column": "4",
  "context": "e-statuses-06-09\n    \"\"\"\n\n    Ready = \"READY\"\n    AccessReady = \"ACCESS_READY\"\n    WaitingForCode = \"STATUS_WAIT_CODE\"\n    Cancel",
  "context_lines": "    Enumeration of statuses that GetAlts will provide depending on the current state of activation.\n    See https://telegra.ph/List-of-available-statuses-06-09\n    \"\"\"\n\n    Ready = \"READY\"\n    AccessReady = \"ACCESS_READY\"\n    WaitingForCode = \"STATUS_WAIT_CODE\"\n    Cancelled = \"ACCESS_CANCEL\"\n    AccessConfirmGet = \"ACCESS_CONFIRM_GET\"\n    StatusOk = \"STATUS_OK\"\n\n\n",
  "slicing": "    AccessReady = \"ACCESS_READY\"\n"
 },
 "81": {
  "name": "WaitingForCode",
  "type": "str",
  "class": "build-in",
  "approach": "Pysonar2",
  "file_path": "GetAltsClient/src/getaltsclient/client.py",
  "lineno": "102",
  "column": "4",
  "context": "dy = \"READY\"\n    AccessReady = \"ACCESS_READY\"\n    WaitingForCode = \"STATUS_WAIT_CODE\"\n    Cancelled = \"ACCESS_CANCEL\"\n    AccessConfirmG",
  "context_lines": "    See https://telegra.ph/List-of-available-statuses-06-09\n    \"\"\"\n\n    Ready = \"READY\"\n    AccessReady = \"ACCESS_READY\"\n    WaitingForCode = \"STATUS_WAIT_CODE\"\n    Cancelled = \"ACCESS_CANCEL\"\n    AccessConfirmGet = \"ACCESS_CONFIRM_GET\"\n    StatusOk = \"STATUS_OK\"\n\n\nclass _Action(Enum):\n",
  "slicing": "    WaitingForCode = \"STATUS_WAIT_CODE\"\n"
 },
 "82": {
  "name": "Cancelled",
  "type": "str",
  "class": "build-in",
  "approach": "Pysonar2",
  "file_path": "GetAltsClient/src/getaltsclient/client.py",
  "lineno": "103",
  "column": "4",
  "context": "EADY\"\n    WaitingForCode = \"STATUS_WAIT_CODE\"\n    Cancelled = \"ACCESS_CANCEL\"\n    AccessConfirmGet = \"ACCESS_CONFIRM_GET\"\n    St",
  "context_lines": "    \"\"\"\n\n    Ready = \"READY\"\n    AccessReady = \"ACCESS_READY\"\n    WaitingForCode = \"STATUS_WAIT_CODE\"\n    Cancelled = \"ACCESS_CANCEL\"\n    AccessConfirmGet = \"ACCESS_CONFIRM_GET\"\n    StatusOk = \"STATUS_OK\"\n\n\nclass _Action(Enum):\n    SendSMS = \"SMS_SENT\"\n",
  "slicing": "    Cancelled = \"ACCESS_CANCEL\"\n"
 },
 "83": {
  "name": "AccessConfirmGet",
  "type": "str",
  "class": "build-in",
  "approach": "Pysonar2",
  "file_path": "GetAltsClient/src/getaltsclient/client.py",
  "lineno": "104",
  "column": "4",
  "context": "US_WAIT_CODE\"\n    Cancelled = \"ACCESS_CANCEL\"\n    AccessConfirmGet = \"ACCESS_CONFIRM_GET\"\n    StatusOk = \"STATUS_OK\"\n\n\nclass _Action(Enum):\n",
  "context_lines": "    Ready = \"READY\"\n    AccessReady = \"ACCESS_READY\"\n    WaitingForCode = \"STATUS_WAIT_CODE\"\n    Cancelled = \"ACCESS_CANCEL\"\n    AccessConfirmGet = \"ACCESS_CONFIRM_GET\"\n    StatusOk = \"STATUS_OK\"\n\n\nclass _Action(Enum):\n    SendSMS = \"SMS_SENT\"\n    Cancel = \"CANCEL\"\n",
  "slicing": "    AccessConfirmGet = \"ACCESS_CONFIRM_GET\"\n"
 },
 "84": {
  "name": "StatusOk",
  "type": "str",
  "class": "build-in",
  "approach": "Pysonar2",
  "file_path": "GetAltsClient/src/getaltsclient/client.py",
  "lineno": "105",
  "column": "4",
  "context": "\"\n    AccessConfirmGet = \"ACCESS_CONFIRM_GET\"\n    StatusOk = \"STATUS_OK\"\n\n\nclass _Action(Enum):\n    SendSMS = \"SMS_SENT\"\n  ",
  "context_lines": "    AccessReady = \"ACCESS_READY\"\n    WaitingForCode = \"STATUS_WAIT_CODE\"\n    Cancelled = \"ACCESS_CANCEL\"\n    AccessConfirmGet = \"ACCESS_CONFIRM_GET\"\n    StatusOk = \"STATUS_OK\"\n\n\nclass _Action(Enum):\n    SendSMS = \"SMS_SENT\"\n    Cancel = \"CANCEL\"\n",
  "slicing": "    StatusOk = \"STATUS_OK\"\n"
 },
 "85": {
  "name": "SendSMS",
  "type": "str",
  "class": "build-in",
  "approach": "Pysonar2",
  "file_path": "GetAltsClient/src/getaltsclient/client.py",
  "lineno": "109",
  "column": "4",
  "context": "StatusOk = \"STATUS_OK\"\n\n\nclass _Action(Enum):\n    SendSMS = \"SMS_SENT\"\n    Cancel = \"CANCEL\"\n    End = \"END\"\n    SendAnot",
  "context_lines": "    Cancelled = \"ACCESS_CANCEL\"\n    AccessConfirmGet = \"ACCESS_CONFIRM_GET\"\n    StatusOk = \"STATUS_OK\"\n\n\nclass _Action(Enum):\n    SendSMS = \"SMS_SENT\"\n    Cancel = \"CANCEL\"\n    End = \"END\"\n    SendAnotherCode = \"ONE_MORE_CODE\"\n    AlreadyUsed = \"ALREADY_USED\"\n\n\n",
  "slicing": "    SendSMS = \"SMS_SENT\"\n"
 },
 "86": {
  "name": "Cancel",
  "type": "str",
  "class": "build-in",
  "approach": "Pysonar2",
  "file_path": "GetAltsClient/src/getaltsclient/client.py",
  "lineno": "110",
  "column": "4",
  "context": "class _Action(Enum):\n    SendSMS = \"SMS_SENT\"\n    Cancel = \"CANCEL\"\n    End = \"END\"\n    SendAnotherCode = \"ONE_MORE_CO",
  "context_lines": "    AccessConfirmGet = \"ACCESS_CONFIRM_GET\"\n    StatusOk = \"STATUS_OK\"\n\n\nclass _Action(Enum):\n    SendSMS = \"SMS_SENT\"\n    Cancel = \"CANCEL\"\n    End = \"END\"\n    SendAnotherCode = \"ONE_MORE_CODE\"\n    AlreadyUsed = \"ALREADY_USED\"\n\n\n@dataclass(init=True, repr=True)\n",
  "slicing": "    Cancel = \"CANCEL\"\n"
 },
 "87": {
  "name": "End",
  "type": "str",
  "class": "build-in",
  "approach": "Pysonar2",
  "file_path": "GetAltsClient/src/getaltsclient/client.py",
  "lineno": "111",
  "column": "4",
  "context": "   SendSMS = \"SMS_SENT\"\n    Cancel = \"CANCEL\"\n    End = \"END\"\n    SendAnotherCode = \"ONE_MORE_CODE\"\n    AlreadyU",
  "context_lines": "    StatusOk = \"STATUS_OK\"\n\n\nclass _Action(Enum):\n    SendSMS = \"SMS_SENT\"\n    Cancel = \"CANCEL\"\n    End = \"END\"\n    SendAnotherCode = \"ONE_MORE_CODE\"\n    AlreadyUsed = \"ALREADY_USED\"\n\n\n@dataclass(init=True, repr=True)\nclass ActivationContext:\n",
  "slicing": "    End = \"END\"\n"
 },
 "88": {
  "name": "SendAnotherCode",
  "type": "str",
  "class": "build-in",
  "approach": "Pysonar2",
  "file_path": "GetAltsClient/src/getaltsclient/client.py",
  "lineno": "112",
  "column": "4",
  "context": "S_SENT\"\n    Cancel = \"CANCEL\"\n    End = \"END\"\n    SendAnotherCode = \"ONE_MORE_CODE\"\n    AlreadyUsed = \"ALREADY_USED\"\n\n\n@dataclass(init",
  "context_lines": "class _Action(Enum):\n    SendSMS = \"SMS_SENT\"\n    Cancel = \"CANCEL\"\n    End = \"END\"\n    SendAnotherCode = \"ONE_MORE_CODE\"\n    AlreadyUsed = \"ALREADY_USED\"\n\n\n@dataclass(init=True, repr=True)\nclass ActivationContext:\n    phone_number: str\n",
  "slicing": "    SendAnotherCode = \"ONE_MORE_CODE\"\n"
 },
 "89": {
  "name": "AlreadyUsed",
  "type": "str",
  "class": "build-in",
  "approach": "Pysonar2",
  "file_path": "GetAltsClient/src/getaltsclient/client.py",
  "lineno": "113",
  "column": "4",
  "context": "= \"END\"\n    SendAnotherCode = \"ONE_MORE_CODE\"\n    AlreadyUsed = \"ALREADY_USED\"\n\n\n@dataclass(init=True, repr=True)\nclass Activatio",
  "context_lines": "    SendSMS = \"SMS_SENT\"\n    Cancel = \"CANCEL\"\n    End = \"END\"\n    SendAnotherCode = \"ONE_MORE_CODE\"\n    AlreadyUsed = \"ALREADY_USED\"\n\n\n@dataclass(init=True, repr=True)\nclass ActivationContext:\n    phone_number: str\n",
  "slicing": "    AlreadyUsed = \"ALREADY_USED\"\n"
 },
 "90": {
  "name": "phone_number",
  "type": "str",
  "class": "build-in",
  "approach": "annotation",
  "file_path": "GetAltsClient/src/getaltsclient/client.py",
  "lineno": "118",
  "column": "4",
  "context": "nit=True, repr=True)\nclass ActivationContext:\n    phone_number: str\n    activation_id: int\n    status: Status\n    code",
  "context_lines": "    SendAnotherCode = \"ONE_MORE_CODE\"\n    AlreadyUsed = \"ALREADY_USED\"\n\n\n@dataclass(init=True, repr=True)\nclass ActivationContext:\n    phone_number: str\n    activation_id: int\n    status: Status\n    code: int = None\n\n    @classmethod\n",
  "slicing": "    phone_number: str\n"
 },
 "91": {
  "name": "activation_id",
  "type": "int",
  "class": "build-in",
  "approach": "annotation",
  "file_path": "GetAltsClient/src/getaltsclient/client.py",
  "lineno": "119",
  "column": "4",
  "context": "lass ActivationContext:\n    phone_number: str\n    activation_id: int\n    status: Status\n    code: int = None\n\n    @clas",
  "context_lines": "    AlreadyUsed = \"ALREADY_USED\"\n\n\n@dataclass(init=True, repr=True)\nclass ActivationContext:\n    phone_number: str\n    activation_id: int\n    status: Status\n    code: int = None\n\n    @classmethod\n    def _from_dict(cls, data: Dict):\n",
  "slicing": "    activation_id: int\n"
 },
 "92": {
  "name": "status",
  "type": "Status",
  "class": "customized",
  "approach": "annotation",
  "file_path": "GetAltsClient/src/getaltsclient/client.py",
  "lineno": "120",
  "column": "4",
  "context": "\n    phone_number: str\n    activation_id: int\n    status: Status\n    code: int = None\n\n    @classmethod\n    def _fr",
  "context_lines": "@dataclass(init=True, repr=True)\nclass ActivationContext:\n    phone_number: str\n    activation_id: int\n    status: Status\n    code: int = None\n\n    @classmethod\n    def _from_dict(cls, data: Dict):\n        return ActivationContext(\n",
  "slicing": "    status: Status\n"
 },
 "93": {
  "name": "code",
  "type": "int",
  "class": "build-in",
  "approach": "annotation",
  "file_path": "GetAltsClient/src/getaltsclient/client.py",
  "lineno": "121",
  "column": "4",
  "context": "str\n    activation_id: int\n    status: Status\n    code: int = None\n\n    @classmethod\n    def _from_dict(cls, data: Di",
  "context_lines": "class ActivationContext:\n    phone_number: str\n    activation_id: int\n    status: Status\n    code: int = None\n\n    @classmethod\n    def _from_dict(cls, data: Dict):\n        return ActivationContext(\n",
  "slicing": "    code: int = None\n"
 },
 "94": {
  "name": "base_url",
  "type": "str",
  "class": "build-in",
  "approach": "Pysonar2",
  "file_path": "GetAltsClient/src/getaltsclient/client.py",
  "lineno": "141",
  "column": "4",
  "context": "d(Exception):\n    pass\n\n\nclass GetAltsClient:\n    base_url = \"http://getalts.club/api\"\n\n    def __init__(self, token: str, loop: Abstract",
  "context_lines": "    pass\n\n\nclass NoCodeReceived(Exception):\n    pass\n\n\nclass GetAltsClient:\n    base_url = \"http://getalts.club/api\"\n\n    def __init__(self, token: str, loop: AbstractEventLoop = None, timeout: int = 10):\n        self.token = token\n        self.loop = loop or asyncio.get_event_loop()\n",
  "slicing": "    base_url = \"http://getalts.club/api\"\n"
 },
 "95": {
  "name": "response",
  "type": "UNKNOWN",
  "class": "unknown",
  "approach": "Pysonar2",
  "file_path": "GetAltsClient/src/getaltsclient/client.py",
  "lineno": "154",
  "column": "8",
  "context": "    async def get_balance(self) -> float:\n        response = await self._get(\"get_balance\")\n        return response[\"balance\"]\n\n    async def ",
  "context_lines": "        self.log.addHandler(logging.NullHandler())\n\n    def _endpoint(self, name: str):\n        return f\"{self.base_url}/{name}\"\n\n    async def get_balance(self) -> float:\n        response = await self._get(\"get_balance\")\n        return response[\"balance\"]\n\n    async def get_available_numbers_count(self, country: Country) -> Dict:\n        response = await self._get(\"get_amount\", dict(country=country.value))\n        return {Service(k): v for k, v in response.items()}\n\n",
  "slicing": [
   "        response = await self._get(\"get_balance\")\n",
   "        return response[\"balance\"]\n",
   "        return {Service(k): v for k, v in response.items()}\n",
   "        return {Service(k): v for k, v in response.items()}\n",
   "        return {Country(k): v for k, v in response.items()}\n",
   "        return ActivationContext._from_dict(response)\n",
   "        return self.__context_from_response(activation_context, response)\n",
   "        return self.__context_from_response(activation_context, response)\n",
   "        old_context.status = Status(response[\"status\"])\n",
   "        old_context.code = response.get(\"code\", None)\n",
   "                response.raise_for_status()\n",
   "                result = json.loads(await response.text(\"utf-8\"))\n",
   "                if \"error\" in result:\n",
   "                    raise GetAltsAPIError(result[\"error\"])\n",
   "                self.log.debug(f\"Received response: {result}\")\n",
   "                return result\n"
  ]
 },
 "96": {
  "name": "response",
  "type": "UNKNOWN",
  "class": "unknown",
  "approach": "Pysonar2",
  "file_path": "GetAltsClient/src/getaltsclient/client.py",
  "lineno": "158",
  "column": "8",
  "context": "rs_count(self, country: Country) -> Dict:\n        response = await self._get(\"get_amount\", dict(country=country.value))\n        return {Service(k): v for k, v in response",
  "context_lines": "    async def get_balance(self) -> float:\n        response = await self._get(\"get_balance\")\n        return response[\"balance\"]\n\n    async def get_available_numbers_count(self, country: Country) -> Dict:\n        response = await self._get(\"get_amount\", dict(country=country.value))\n        return {Service(k): v for k, v in response.items()}\n\n    async def get_prices_by_country(self, country: Country) -> Dict:\n        response = await self._get(\"get_prices_by_country\", dict(country=country.value))\n        return {Service(k): v for k, v in response.items()}\n\n",
  "slicing": [
   "        response = await self._get(\"get_amount\", dict(country=country.value))\n",
   "        return {Service(k): v for k, v in response.items()}\n",
   "        return {Service(k): v for k, v in response.items()}\n",
   "        return {Country(k): v for k, v in response.items()}\n",
   "        return ActivationContext._from_dict(response)\n",
   "        return self.__context_from_response(activation_context, response)\n",
   "        return self.__context_from_response(activation_context, response)\n",
   "        old_context.status = Status(response[\"status\"])\n",
   "        old_context.code = response.get(\"code\", None)\n",
   "                response.raise_for_status()\n",
   "                result = json.loads(await response.text(\"utf-8\"))\n",
   "                if \"error\" in result:\n",
   "                    raise GetAltsAPIError(result[\"error\"])\n",
   "                self.log.debug(f\"Received response: {result}\")\n",
   "                return result\n"
  ]
 },
 "97": {
  "name": "response",
  "type": "UNKNOWN",
  "class": "unknown",
  "approach": "Pysonar2",
  "file_path": "GetAltsClient/src/getaltsclient/client.py",
  "lineno": "162",
  "column": "8",
  "context": "_country(self, country: Country) -> Dict:\n        response = await self._get(\"get_prices_by_country\", dict(country=country.value))\n        return {Service(k): v for k, v in response",
  "context_lines": "    async def get_available_numbers_count(self, country: Country) -> Dict:\n        response = await self._get(\"get_amount\", dict(country=country.value))\n        return {Service(k): v for k, v in response.items()}\n\n    async def get_prices_by_country(self, country: Country) -> Dict:\n        response = await self._get(\"get_prices_by_country\", dict(country=country.value))\n        return {Service(k): v for k, v in response.items()}\n\n    async def get_prices_by_service(self, service: Service) -> Dict:\n        response = await self._get(\"get_prices_by_service\", dict(service=service.value))\n        return {Country(k): v for k, v in response.items()}\n\n",
  "slicing": [
   "        response = await self._get(\"get_prices_by_country\", dict(country=country.value))\n",
   "        return {Service(k): v for k, v in response.items()}\n",
   "        return {Country(k): v for k, v in response.items()}\n",
   "        return ActivationContext._from_dict(response)\n",
   "        return self.__context_from_response(activation_context, response)\n",
   "        return self.__context_from_response(activation_context, response)\n",
   "        old_context.status = Status(response[\"status\"])\n",
   "        old_context.code = response.get(\"code\", None)\n",
   "                response.raise_for_status()\n",
   "                result = json.loads(await response.text(\"utf-8\"))\n",
   "                if \"error\" in result:\n",
   "                    raise GetAltsAPIError(result[\"error\"])\n",
   "                self.log.debug(f\"Received response: {result}\")\n",
   "                return result\n"
  ]
 },
 "98": {
  "name": "response",
  "type": "UNKNOWN",
  "class": "unknown",
  "approach": "Pysonar2",
  "file_path": "GetAltsClient/src/getaltsclient/client.py",
  "lineno": "166",
  "column": "8",
  "context": "_service(self, service: Service) -> Dict:\n        response = await self._get(\"get_prices_by_service\", dict(service=service.value))\n        return {Country(k): v for k, v in response",
  "context_lines": "    async def get_prices_by_country(self, country: Country) -> Dict:\n        response = await self._get(\"get_prices_by_country\", dict(country=country.value))\n        return {Service(k): v for k, v in response.items()}\n\n    async def get_prices_by_service(self, service: Service) -> Dict:\n        response = await self._get(\"get_prices_by_service\", dict(service=service.value))\n        return {Country(k): v for k, v in response.items()}\n\n    async def buy_number(self, service: Service, country: Country) -> ActivationContext:\n        response = await self._get(\n            \"buy_number\", dict(service=service.value, country=country.value)\n",
  "slicing": [
   "        response = await self._get(\"get_prices_by_service\", dict(service=service.value))\n",
   "        return {Country(k): v for k, v in response.items()}\n",
   "        return ActivationContext._from_dict(response)\n",
   "        return self.__context_from_response(activation_context, response)\n",
   "        return self.__context_from_response(activation_context, response)\n",
   "        old_context.status = Status(response[\"status\"])\n",
   "        old_context.code = response.get(\"code\", None)\n",
   "                response.raise_for_status()\n",
   "                result = json.loads(await response.text(\"utf-8\"))\n",
   "                if \"error\" in result:\n",
   "                    raise GetAltsAPIError(result[\"error\"])\n",
   "                self.log.debug(f\"Received response: {result}\")\n",
   "                return result\n"
  ]
 },
 "99": {
  "name": "response",
  "type": "UNKNOWN",
  "class": "unknown",
  "approach": "Pysonar2",
  "file_path": "GetAltsClient/src/getaltsclient/client.py",
  "lineno": "170",
  "column": "8",
  "context": ", country: Country) -> ActivationContext:\n        response = await self._get(\n            \"buy_number\", dict(service=service.val",
  "context_lines": "    async def get_prices_by_service(self, service: Service) -> Dict:\n        response = await self._get(\"get_prices_by_service\", dict(service=service.value))\n        return {Country(k): v for k, v in response.items()}\n\n    async def buy_number(self, service: Service, country: Country) -> ActivationContext:\n        response = await self._get(\n            \"buy_number\", dict(service=service.value, country=country.value)\n        )\n        return ActivationContext._from_dict(response)\n\n    async def register_code_received_callback(\n",
  "slicing": [
   "        response = await self._get(\n",
   "        return ActivationContext._from_dict(response)\n",
   "        return self.__context_from_response(activation_context, response)\n",
   "        return self.__context_from_response(activation_context, response)\n",
   "        old_context.status = Status(response[\"status\"])\n",
   "        old_context.code = response.get(\"code\", None)\n",
   "                response.raise_for_status()\n",
   "                result = json.loads(await response.text(\"utf-8\"))\n",
   "                if \"error\" in result:\n",
   "                    raise GetAltsAPIError(result[\"error\"])\n",
   "                self.log.debug(f\"Received response: {result}\")\n",
   "                return result\n"
  ]
 },
 "100": {
  "name": "context",
  "type": "UNKNOWN",
  "class": "unknown",
  "approach": "annotation",
  "file_path": "GetAltsClient/src/getaltsclient/client.py",
  "lineno": "181",
  "column": "8",
  "context": ": timedelta = timedelta(minutes=1)\n    ):\n        context = for_context\n        start = datetime.now()\n        while True:",
  "context_lines": "        callback: Callable[[ActivationContext], None] or Coroutine[Any, Any, None],\n        for_context: ActivationContext,\n        max_wait: timedelta = timedelta(minutes=1)\n    ):\n        context = for_context\n        start = datetime.now()\n        while True:\n            if datetime.now() > start + max_wait:\n                raise NoCodeReceived\n\n",
  "slicing": [
   "        context = for_context\n",
   "            context = await self.get_activation_status(context)\n",
   "            if context.code is not None:\n",
   "            await callback(context)\n",
   "            callback(context)\n"
  ]
 },
 "101": {
  "name": "start",
  "type": "UNKNOWN",
  "class": "unknown",
  "approach": "Pysonar2",
  "file_path": "GetAltsClient/src/getaltsclient/client.py",
  "lineno": "182",
  "column": "8",
  "context": "s=1)\n    ):\n        context = for_context\n        start = datetime.now()\n        while True:\n            if datetime.now() ",
  "context_lines": "        for_context: ActivationContext,\n        max_wait: timedelta = timedelta(minutes=1)\n    ):\n        context = for_context\n        start = datetime.now()\n        while True:\n            if datetime.now() > start + max_wait:\n                raise NoCodeReceived\n\n            self.log.info(\"Checking activation status for code...\")\n\n",
  "slicing": [
   "        start = datetime.now()\n",
   "            if datetime.now() > start + max_wait:\n"
  ]
 },
 "102": {
  "name": "context",
  "type": "UNKNOWN",
  "class": "unknown",
  "approach": "Pysonar2",
  "file_path": "GetAltsClient/src/getaltsclient/client.py",
  "lineno": "189",
  "column": "12",
  "context": "king activation status for code...\")\n\n            context = await self.get_activation_status(context)\n            if context.code is not None:\n         ",
  "context_lines": "        while True:\n            if datetime.now() > start + max_wait:\n                raise NoCodeReceived\n\n            self.log.info(\"Checking activation status for code...\")\n\n            context = await self.get_activation_status(context)\n            if context.code is not None:\n                break\n            await asyncio.sleep(5)\n\n        if inspect.iscoroutinefunction(callback):\n",
  "slicing": [
   "            context = await self.get_activation_status(context)\n",
   "            if context.code is not None:\n",
   "            await callback(context)\n",
   "            callback(context)\n"
  ]
 },
 "103": {
  "name": "response",
  "type": "UNKNOWN",
  "class": "unknown",
  "approach": "Pysonar2",
  "file_path": "GetAltsClient/src/getaltsclient/client.py",
  "lineno": "208",
  "column": "8",
  "context": "vationContext\n    ) -> ActivationContext:\n        response = await self._get(\n            \"get_activation_status\",\n            d",
  "context_lines": "        pass\n\n    async def get_activation_status(\n        self, activation_context: ActivationContext\n    ) -> ActivationContext:\n        response = await self._get(\n            \"get_activation_status\",\n            dict(activation_id=activation_context.activation_id),\n        )\n        return self.__context_from_response(activation_context, response)\n\n",
  "slicing": [
   "        response = await self._get(\n",
   "        return self.__context_from_response(activation_context, response)\n",
   "        return self.__context_from_response(activation_context, response)\n",
   "        old_context.status = Status(response[\"status\"])\n",
   "        old_context.code = response.get(\"code\", None)\n",
   "                response.raise_for_status()\n",
   "                result = json.loads(await response.text(\"utf-8\"))\n",
   "                if \"error\" in result:\n",
   "                    raise GetAltsAPIError(result[\"error\"])\n",
   "                self.log.debug(f\"Received response: {result}\")\n",
   "                return result\n"
  ]
 },
 "104": {
  "name": "response",
  "type": "UNKNOWN",
  "class": "unknown",
  "approach": "Pysonar2",
  "file_path": "GetAltsClient/src/getaltsclient/client.py",
  "lineno": "217",
  "column": "8",
  "context": "atus: _Action\n    ) -> ActivationContext:\n        response = await self._get(\n            \"set_activation_status\",\n            d",
  "context_lines": "        return self.__context_from_response(activation_context, response)\n\n    async def _set_activation_status(\n        self, activation_context: ActivationContext, new_status: _Action\n    ) -> ActivationContext:\n        response = await self._get(\n            \"set_activation_status\",\n            dict(\n                activation_id=activation_context.activation_id,\n                status=new_status.value.lower(),  # TODO: This is a bug in the API, it should not be case sensitive.\n",
  "slicing": [
   "        response = await self._get(\n",
   "        return self.__context_from_response(activation_context, response)\n",
   "        old_context.status = Status(response[\"status\"])\n",
   "        old_context.code = response.get(\"code\", None)\n",
   "                response.raise_for_status()\n",
   "                result = json.loads(await response.text(\"utf-8\"))\n",
   "                if \"error\" in result:\n",
   "                    raise GetAltsAPIError(result[\"error\"])\n",
   "                self.log.debug(f\"Received response: {result}\")\n",
   "                return result\n"
  ]
 },
 "105": {
  "name": "params",
  "type": "bool",
  "class": "build-in",
  "approach": "annotation",
  "file_path": "GetAltsClient/src/getaltsclient/client.py",
  "lineno": "267",
  "column": "8",
  "context": " parameters {query_params} ...\"\n        )\n        params = query_params or dict()\n        params.update(token=self.token)\n\n        u",
  "context_lines": "    async def _get(self, endpoint: str, query_params: Dict = None) -> Dict:\n        self.log.debug(\n            f\"Making request to {endpoint} with parameters {query_params} ...\"\n        )\n        params = query_params or dict()\n        params.update(token=self.token)\n\n        url = self._endpoint(endpoint)\n\n        async with aiohttp.ClientSession(\n            loop=self.loop, timeout=self.timeout\n",
  "slicing": [
   "        params = query_params or dict()\n",
   "        params.update(token=self.token)\n",
   "            async with session.get(url, params=params) as response:\n"
  ]
 },
 "106": {
  "name": "url",
  "type": "str",
  "class": "build-in",
  "approach": "Pysonar2",
  "file_path": "GetAltsClient/src/getaltsclient/client.py",
  "lineno": "270",
  "column": "8",
  "context": "\n        params.update(token=self.token)\n\n        url = self._endpoint(endpoint)\n\n        async with aiohttp.ClientSession(\n       ",
  "context_lines": "            f\"Making request to {endpoint} with parameters {query_params} ...\"\n        )\n        params = query_params or dict()\n        params.update(token=self.token)\n\n        url = self._endpoint(endpoint)\n\n        async with aiohttp.ClientSession(\n            loop=self.loop, timeout=self.timeout\n        ) as session:  # type: aiohttp.ClientSession\n",
  "slicing": [
   "        url = self._endpoint(endpoint)\n",
   "            async with session.get(url, params=params) as response:\n"
  ]
 },
 "107": {
  "name": "result",
  "type": "UNKNOWN",
  "class": "unknown",
  "approach": "Pysonar2",
  "file_path": "GetAltsClient/src/getaltsclient/client.py",
  "lineno": "277",
  "column": "16",
  "context": "      response.raise_for_status()\n                result = json.loads(await response.text(\"utf-8\"))\n                if \"error\" in result:\n            ",
  "context_lines": "            loop=self.loop, timeout=self.timeout\n        ) as session:  # type: aiohttp.ClientSession\n            async with session.get(url, params=params) as response:\n                response.raise_for_status()\n                result = json.loads(await response.text(\"utf-8\"))\n                if \"error\" in result:\n                    raise GetAltsAPIError(result[\"error\"])\n                self.log.debug(f\"Received response: {result}\")\n",
  "slicing": [
   "                result = json.loads(await response.text(\"utf-8\"))\n",
   "                if \"error\" in result:\n",
   "                    raise GetAltsAPIError(result[\"error\"])\n",
   "                self.log.debug(f\"Received response: {result}\")\n",
   "                return result\n"
  ]
 },
 "108": {
  "name": "filename",
  "type": "str",
  "class": "build-in",
  "approach": "Pysonar2",
  "file_path": "GetAltsClient/setup.py",
  "lineno": "28",
  "column": "23",
  "context": ":\n    changes = f.read()\n\n\ndef parse_requirements(filename):\n    ''' Load requirements from a pip requirements ",
  "context_lines": "with open('README.rst', 'r') as f:\n    readme = f.read()\n\nwith open('CHANGELOG.rst', 'r') as f:\n    changes = f.read()\n\n\ndef parse_requirements(filename):\n    ''' Load requirements from a pip requirements file '''\n    with open(filename, 'r') as fd:\n        lines = []\n        for line in fd:\n",
  "slicing": [
   "def parse_requirements(filename):\n",
   "    with open(filename, 'r') as fd:\n"
  ]
 },
 "109": {
  "name": "cls",
  "type": "UNKNOWN",
  "class": "unknown",
  "approach": "Pysonar2",
  "file_path": "GetAltsClient/src/getaltsclient/client.py",
  "lineno": "124",
  "column": "19",
  "context": ": int = None\n\n    @classmethod\n    def _from_dict(cls, data: Dict):\n        return ActivationContext(\n            phon",
  "context_lines": "    activation_id: int\n    status: Status\n    code: int = None\n\n    @classmethod\n    def _from_dict(cls, data: Dict):\n        return ActivationContext(\n            phone_number=data[\"phone_number\"],\n            activation_id=data[\"activation_id\"],\n            status=Status(data[\"status\"]),\n",
  "slicing": "    def _from_dict(cls, data: Dict):\n"
 },
 "110": {
  "name": "data",
  "type": "UNKNOWN",
  "class": "unknown",
  "approach": "annotation",
  "file_path": "GetAltsClient/src/getaltsclient/client.py",
  "lineno": "124",
  "column": "24",
  "context": " = None\n\n    @classmethod\n    def _from_dict(cls, data: Dict):\n        return ActivationContext(\n            phon",
  "context_lines": "    activation_id: int\n    status: Status\n    code: int = None\n\n    @classmethod\n    def _from_dict(cls, data: Dict):\n        return ActivationContext(\n            phone_number=data[\"phone_number\"],\n            activation_id=data[\"activation_id\"],\n            status=Status(data[\"status\"]),\n",
  "slicing": "    def _from_dict(cls, data: Dict):\n"
 },
 "111": {
  "name": "token",
  "type": "str",
  "class": "build-in",
  "approach": "annotation",
  "file_path": "GetAltsClient/src/getaltsclient/client.py",
  "lineno": "143",
  "column": "23",
  "context": "\"http://getalts.club/api\"\n\n    def __init__(self, token: str, loop: AbstractEventLoop = None, timeout: int = 10):\n        self.token = token\n        self.loop = loo",
  "context_lines": "class NoCodeReceived(Exception):\n    pass\n\n\nclass GetAltsClient:\n    base_url = \"http://getalts.club/api\"\n\n    def __init__(self, token: str, loop: AbstractEventLoop = None, timeout: int = 10):\n        self.token = token\n        self.loop = loop or asyncio.get_event_loop()\n        self.timeout = aiohttp.ClientTimeout(timeout)\n        self.log = logging.getLogger(GetAltsClient.__name__)\n",
  "slicing": "    def __init__(self, token: str, loop: AbstractEventLoop = None, timeout: int = 10):\n"
 },
 "112": {
  "name": "loop",
  "type": "UNKNOWN",
  "class": "unknown",
  "approach": "annotation",
  "file_path": "GetAltsClient/src/getaltsclient/client.py",
  "lineno": "143",
  "column": "35",
  "context": "lts.club/api\"\n\n    def __init__(self, token: str, loop: AbstractEventLoop = None, timeout: int = 10):\n        self.token = token\n        self.loop = loo",
  "context_lines": "class NoCodeReceived(Exception):\n    pass\n\n\nclass GetAltsClient:\n    base_url = \"http://getalts.club/api\"\n\n    def __init__(self, token: str, loop: AbstractEventLoop = None, timeout: int = 10):\n        self.token = token\n        self.loop = loop or asyncio.get_event_loop()\n        self.timeout = aiohttp.ClientTimeout(timeout)\n        self.log = logging.getLogger(GetAltsClient.__name__)\n",
  "slicing": "    def __init__(self, token: str, loop: AbstractEventLoop = None, timeout: int = 10):\n"
 },
 "113": {
  "name": "timeout",
  "type": "int",
  "class": "build-in",
  "approach": "annotation",
  "file_path": "GetAltsClient/src/getaltsclient/client.py",
  "lineno": "143",
  "column": "67",
  "context": "self, token: str, loop: AbstractEventLoop = None, timeout: int = 10):\n        self.token = token\n        self.loop = loo",
  "context_lines": "class NoCodeReceived(Exception):\n    pass\n\n\nclass GetAltsClient:\n    base_url = \"http://getalts.club/api\"\n\n    def __init__(self, token: str, loop: AbstractEventLoop = None, timeout: int = 10):\n        self.token = token\n        self.loop = loop or asyncio.get_event_loop()\n        self.timeout = aiohttp.ClientTimeout(timeout)\n        self.log = logging.getLogger(GetAltsClient.__name__)\n",
  "slicing": "    def __init__(self, token: str, loop: AbstractEventLoop = None, timeout: int = 10):\n"
 },
 "114": {
  "name": "name",
  "type": "str",
  "class": "build-in",
  "approach": "annotation",
  "file_path": "GetAltsClient/src/getaltsclient/client.py",
  "lineno": "150",
  "column": "24",
  "context": "r(logging.NullHandler())\n\n    def _endpoint(self, name: str):\n        return f\"{self.base_url}/{name}\"\n\n    asyn",
  "context_lines": "        self.loop = loop or asyncio.get_event_loop()\n        self.timeout = aiohttp.ClientTimeout(timeout)\n        self.log = logging.getLogger(GetAltsClient.__name__)\n        self.log.addHandler(logging.NullHandler())\n\n    def _endpoint(self, name: str):\n        return f\"{self.base_url}/{name}\"\n\n    async def get_balance(self) -> float:\n        response = await self._get(\"get_balance\")\n        return response[\"balance\"]\n\n",
  "slicing": "    def _endpoint(self, name: str):\n"
 },
 "115": {
  "name": "old_context",
  "type": "ActivationContext",
  "class": "customized",
  "approach": "annotation",
  "file_path": "GetAltsClient/src/getaltsclient/client.py",
  "lineno": "257",
  "column": "8",
  "context": "icmethod\n    def __context_from_response(\n        old_context: ActivationContext, response: Dict\n    ) -> ActivationContext:\n        old_context.st",
  "context_lines": "            activation_context, _Action.AlreadyUsed\n        )\n\n    @staticmethod\n    def __context_from_response(\n        old_context: ActivationContext, response: Dict\n    ) -> ActivationContext:\n        old_context.status = Status(response[\"status\"])\n        old_context.code = response.get(\"code\", None)\n        return old_context\n\n",
  "slicing": "        old_context: ActivationContext, response: Dict\n"
 },
 "116": {
  "name": "response",
  "type": "UNKNOWN",
  "class": "unknown",
  "approach": "annotation",
  "file_path": "GetAltsClient/src/getaltsclient/client.py",
  "lineno": "257",
  "column": "40",
  "context": "response(\n        old_context: ActivationContext, response: Dict\n    ) -> ActivationContext:\n        old_context.st",
  "context_lines": "            activation_context, _Action.AlreadyUsed\n        )\n\n    @staticmethod\n    def __context_from_response(\n        old_context: ActivationContext, response: Dict\n    ) -> ActivationContext:\n        old_context.status = Status(response[\"status\"])\n        old_context.code = response.get(\"code\", None)\n        return old_context\n\n",
  "slicing": "        old_context: ActivationContext, response: Dict\n"
 }
}