{
 "1": {
  "name": "GITTER_TOKEN",
  "type": "UNKNOWN",
  "class": "unknown",
  "approach": "Pysonar2",
  "file_path": "gittersearch/admin.py",
  "lineno": "7",
  "column": "0",
  "context": "\nimport click\nimport os\nimport app\nimport pprint\n\nGITTER_TOKEN = os.environ.get('GITTER_TOKEN')\n\n\nassert GITTER_TOKEN, \"Environment variable for G",
  "context_lines": "import click\nimport os\nimport app\nimport pprint\n\nGITTER_TOKEN = os.environ.get('GITTER_TOKEN')\n\n\nassert GITTER_TOKEN, \"Environment variable for GITTER_TOKEN required\"\nassert app.TABLE_GITTER, \"Environment variable for TABLE_GITTER required\"\n\n\n@click.group()\n",
  "slicing": [
   "GITTER_TOKEN = os.environ.get('GITTER_TOKEN')\n",
   "assert GITTER_TOKEN, \"Environment variable for GITTER_TOKEN required\"\n",
   "    gitter = app.GitterClient(GITTER_TOKEN)\n",
   "    for r in gitter.rooms():\n",
   "        if room_type and r['githubType'].lower() != room_type:\n",
   "        if name and r['name'].lower() != name:\n",
   "            pprint.pprint(r)\n",
   "        results.append(r)\n",
   "    r.save()\n",
   "    print(app.invoke_fetch(r))\n"
  ]
 },
 "2": {
  "name": "results",
  "type": "list",
  "class": "build-in",
  "approach": "annotation",
  "file_path": "gittersearch/admin.py",
  "lineno": "30",
  "column": "4",
  "context": "f list_rooms(room_type, name, verbose=True):\n\n    results = []\n    gitter = app.GitterClient(GITTER_TOKEN)\n    fo",
  "context_lines": "@cli.command(name='list-rooms')\n@click.option('-t', '--room-type', type=click.Choice(['onetoone', 'repo']))\n@click.option('-n', '--name')\ndef list_rooms(room_type, name, verbose=True):\n\n    results = []\n    gitter = app.GitterClient(GITTER_TOKEN)\n    for r in gitter.rooms():\n        if room_type and r['githubType'].lower() != room_type:\n            continue\n",
  "slicing": [
   "    results = []\n",
   "        results.append(r)\n",
   "    return results\n"
  ]
 },
 "3": {
  "name": "gitter",
  "type": "GitterClient",
  "class": "customized",
  "approach": "Pysonar2",
  "file_path": "gittersearch/admin.py",
  "lineno": "31",
  "column": "4",
  "context": "_type, name, verbose=True):\n\n    results = []\n    gitter = app.GitterClient(GITTER_TOKEN)\n    for r in gitter.rooms():\n        if room_type ",
  "context_lines": "@click.option('-t', '--room-type', type=click.Choice(['onetoone', 'repo']))\n@click.option('-n', '--name')\ndef list_rooms(room_type, name, verbose=True):\n\n    results = []\n    gitter = app.GitterClient(GITTER_TOKEN)\n    for r in gitter.rooms():\n        if room_type and r['githubType'].lower() != room_type:\n            continue\n        if name and r['name'].lower() != name:\n",
  "slicing": [
   "    gitter = app.GitterClient(GITTER_TOKEN)\n",
   "    for r in gitter.rooms():\n",
   "        if room_type and r['githubType'].lower() != room_type:\n",
   "        if name and r['name'].lower() != name:\n",
   "            pprint.pprint(r)\n",
   "        results.append(r)\n",
   "    r.save()\n",
   "    print(app.invoke_fetch(r))\n"
  ]
 },
 "4": {
  "name": "result",
  "type": "UNKNOWN",
  "class": "unknown",
  "approach": "Pysonar2",
  "file_path": "gittersearch/admin.py",
  "lineno": "48",
  "column": "4",
  "context": "@click.pass_context\ndef add_room(ctx, name):\n\n    result = ctx.invoke(list_rooms, name=name, verbose=False)\n    assert result, \"No Room Found\"\n    room = resu",
  "context_lines": "@cli.command(name='add-room')\n@click.option('-n', '--name')\n@click.pass_context\ndef add_room(ctx, name):\n\n    result = ctx.invoke(list_rooms, name=name, verbose=False)\n    assert result, \"No Room Found\"\n    room = result.pop()\n    r = app.Room(\n        ResourceId=room['id'],\n",
  "slicing": [
   "    result = ctx.invoke(list_rooms, name=name, verbose=False)\n",
   "    assert result, \"No Room Found\"\n",
   "    room = result.pop()\n",
   "        ResourceId=room['id'],\n",
   "        Name=room['name'],\n",
   "        Topic=room['topic'],\n",
   "        Uri=room['url'],\n",
   "        Type=room['githubType'],\n",
   "        AvatarUrl=room['avatarUrl'],\n",
   "        UserCount=room['userCount'],\n",
   "        Tags=room['tags'] and ','.join(room['tags']) or None,\n",
   "        Version=str(room['v'])\n",
   "    print(result)\n"
  ]
 },
 "5": {
  "name": "room",
  "type": "UNKNOWN",
  "class": "unknown",
  "approach": "Pysonar2",
  "file_path": "gittersearch/admin.py",
  "lineno": "50",
  "column": "4",
  "context": "ose=False)\n    assert result, \"No Room Found\"\n    room = result.pop()\n    r = app.Room(\n        ResourceId=room['id'],\n ",
  "context_lines": "@click.pass_context\ndef add_room(ctx, name):\n\n    result = ctx.invoke(list_rooms, name=name, verbose=False)\n    assert result, \"No Room Found\"\n    room = result.pop()\n    r = app.Room(\n        ResourceId=room['id'],\n        Name=room['name'],\n        Topic=room['topic'],\n",
  "slicing": [
   "    room = result.pop()\n",
   "        ResourceId=room['id'],\n",
   "        Name=room['name'],\n",
   "        Topic=room['topic'],\n",
   "        Uri=room['url'],\n",
   "        Type=room['githubType'],\n",
   "        AvatarUrl=room['avatarUrl'],\n",
   "        UserCount=room['userCount'],\n",
   "        Tags=room['tags'] and ','.join(room['tags']) or None,\n",
   "        Version=str(room['v'])\n"
  ]
 },
 "6": {
  "name": "r",
  "type": "UNKNOWN",
  "class": "unknown",
  "approach": "Pysonar2",
  "file_path": "gittersearch/admin.py",
  "lineno": "51",
  "column": "4",
  "context": "sult, \"No Room Found\"\n    room = result.pop()\n    r = app.Room(\n        ResourceId=room['id'],\n        Name=room['",
  "context_lines": "def add_room(ctx, name):\n\n    result = ctx.invoke(list_rooms, name=name, verbose=False)\n    assert result, \"No Room Found\"\n    room = result.pop()\n    r = app.Room(\n        ResourceId=room['id'],\n        Name=room['name'],\n        Topic=room['topic'],\n        Uri=room['url'],\n",
  "slicing": [
   "    r = app.Room(\n",
   "    r.save()\n",
   "    print(app.invoke_fetch(r))\n"
  ]
 },
 "7": {
  "name": "TOKEN_PARAMETER",
  "type": "UNKNOWN",
  "class": "unknown",
  "approach": "Pysonar2",
  "file_path": "gittersearch/app.py",
  "lineno": "15",
  "column": "0",
  "context": "onnection\nfrom requests_aws4auth import AWS4Auth\n\nTOKEN_PARAMETER = os.environ.get('GITTER_TOKEN_PARAM')\nTABLE_GITTER = os.environ.get('TABLE_GITTER')\nELAS",
  "context_lines": "from chalice import Chalice\nfrom dynamoclasses import dynamoclass\nfrom elasticsearch import Elasticsearch, RequestsHttpConnection\nfrom requests_aws4auth import AWS4Auth\n\nTOKEN_PARAMETER = os.environ.get('GITTER_TOKEN_PARAM')\nTABLE_GITTER = os.environ.get('TABLE_GITTER')\nELASTICSEARCH_IDX = os.environ.get('ELASTICSEARCH_INDEX', 'gitter')\nELASTICSEARCH_HOST = os.environ.get('ELASTICSEARCH_HOST')\nFIREHOSE_STREAM = os.environ.get('FIREHOSE_STREAM')\n\n",
  "slicing": [
   "TOKEN_PARAMETER = os.environ.get('GITTER_TOKEN_PARAM')\n",
   "    token = ssm.get_parameter(Name=TOKEN_PARAMETER)['Parameter']['Value']\n",
   "    return GitterClient(token)\n",
   "        self.token = token\n"
  ]
 },
 "8": {
  "name": "TABLE_GITTER",
  "type": "UNKNOWN",
  "class": "unknown",
  "approach": "Pysonar2",
  "file_path": "gittersearch/app.py",
  "lineno": "16",
  "column": "0",
  "context": "_PARAMETER = os.environ.get('GITTER_TOKEN_PARAM')\nTABLE_GITTER = os.environ.get('TABLE_GITTER')\nELASTICSEARCH_IDX = os.environ.get('ELASTICSEARCH_",
  "context_lines": "from dynamoclasses import dynamoclass\nfrom elasticsearch import Elasticsearch, RequestsHttpConnection\nfrom requests_aws4auth import AWS4Auth\n\nTOKEN_PARAMETER = os.environ.get('GITTER_TOKEN_PARAM')\nTABLE_GITTER = os.environ.get('TABLE_GITTER')\nELASTICSEARCH_IDX = os.environ.get('ELASTICSEARCH_INDEX', 'gitter')\nELASTICSEARCH_HOST = os.environ.get('ELASTICSEARCH_HOST')\nFIREHOSE_STREAM = os.environ.get('FIREHOSE_STREAM')\n\napp = Chalice('gitter_search')\n",
  "slicing": [
   "TABLE_GITTER = os.environ.get('TABLE_GITTER')\n",
   "@dynamoclass(table_name=TABLE_GITTER, partition_key_name='ResourceId')\n"
  ]
 },
 "9": {
  "name": "ELASTICSEARCH_IDX",
  "type": "UNKNOWN",
  "class": "unknown",
  "approach": "Pysonar2",
  "file_path": "gittersearch/app.py",
  "lineno": "17",
  "column": "0",
  "context": "M')\nTABLE_GITTER = os.environ.get('TABLE_GITTER')\nELASTICSEARCH_IDX = os.environ.get('ELASTICSEARCH_INDEX', 'gitter')\nELASTICSEARCH_HOST = os.environ.get('ELASTICSEARCH",
  "context_lines": "from elasticsearch import Elasticsearch, RequestsHttpConnection\nfrom requests_aws4auth import AWS4Auth\n\nTOKEN_PARAMETER = os.environ.get('GITTER_TOKEN_PARAM')\nTABLE_GITTER = os.environ.get('TABLE_GITTER')\nELASTICSEARCH_IDX = os.environ.get('ELASTICSEARCH_INDEX', 'gitter')\nELASTICSEARCH_HOST = os.environ.get('ELASTICSEARCH_HOST')\nFIREHOSE_STREAM = os.environ.get('FIREHOSE_STREAM')\n\napp = Chalice('gitter_search')\nssm = boto3.client('ssm')\n",
  "slicing": "ELASTICSEARCH_IDX = os.environ.get('ELASTICSEARCH_INDEX', 'gitter')\n"
 },
 "10": {
  "name": "ELASTICSEARCH_HOST",
  "type": "UNKNOWN",
  "class": "unknown",
  "approach": "Pysonar2",
  "file_path": "gittersearch/app.py",
  "lineno": "18",
  "column": "0",
  "context": "= os.environ.get('ELASTICSEARCH_INDEX', 'gitter')\nELASTICSEARCH_HOST = os.environ.get('ELASTICSEARCH_HOST')\nFIREHOSE_STREAM = os.environ.get('FIREHOSE_STREAM'",
  "context_lines": "from requests_aws4auth import AWS4Auth\n\nTOKEN_PARAMETER = os.environ.get('GITTER_TOKEN_PARAM')\nTABLE_GITTER = os.environ.get('TABLE_GITTER')\nELASTICSEARCH_IDX = os.environ.get('ELASTICSEARCH_INDEX', 'gitter')\nELASTICSEARCH_HOST = os.environ.get('ELASTICSEARCH_HOST')\nFIREHOSE_STREAM = os.environ.get('FIREHOSE_STREAM')\n\napp = Chalice('gitter_search')\nssm = boto3.client('ssm')\nsts = boto3.client('sts')\n",
  "slicing": [
   "ELASTICSEARCH_HOST = os.environ.get('ELASTICSEARCH_HOST')\n",
   "        'host': ELASTICSEARCH_HOST, 'port': 443}],\n"
  ]
 },
 "11": {
  "name": "FIREHOSE_STREAM",
  "type": "UNKNOWN",
  "class": "unknown",
  "approach": "Pysonar2",
  "file_path": "gittersearch/app.py",
  "lineno": "19",
  "column": "0",
  "context": "EARCH_HOST = os.environ.get('ELASTICSEARCH_HOST')\nFIREHOSE_STREAM = os.environ.get('FIREHOSE_STREAM')\n\napp = Chalice('gitter_search')\nssm = boto3.client",
  "context_lines": "TOKEN_PARAMETER = os.environ.get('GITTER_TOKEN_PARAM')\nTABLE_GITTER = os.environ.get('TABLE_GITTER')\nELASTICSEARCH_IDX = os.environ.get('ELASTICSEARCH_INDEX', 'gitter')\nELASTICSEARCH_HOST = os.environ.get('ELASTICSEARCH_HOST')\nFIREHOSE_STREAM = os.environ.get('FIREHOSE_STREAM')\n\napp = Chalice('gitter_search')\nssm = boto3.client('ssm')\nsts = boto3.client('sts')\n",
  "slicing": [
   "FIREHOSE_STREAM = os.environ.get('FIREHOSE_STREAM')\n",
   "            DeliveryStreamName=FIREHOSE_STREAM, Records=buf)\n"
  ]
 },
 "12": {
  "name": "app",
  "type": "chalice.Chalice",
  "class": "imported",
  "approach": "annotation",
  "file_path": "gittersearch/app.py",
  "lineno": "21",
  "column": "0",
  "context": "EHOSE_STREAM = os.environ.get('FIREHOSE_STREAM')\n\napp = Chalice('gitter_search')\nssm = boto3.client('ssm')\nsts = boto3.client('sts'",
  "context_lines": "TABLE_GITTER = os.environ.get('TABLE_GITTER')\nELASTICSEARCH_IDX = os.environ.get('ELASTICSEARCH_INDEX', 'gitter')\nELASTICSEARCH_HOST = os.environ.get('ELASTICSEARCH_HOST')\nFIREHOSE_STREAM = os.environ.get('FIREHOSE_STREAM')\n\napp = Chalice('gitter_search')\nssm = boto3.client('ssm')\nsts = boto3.client('sts')\nfirehose = boto3.client('firehose')\n\nMessageMapping = {\n",
  "slicing": [
   "app = Chalice('gitter_search')\n",
   "@app.route('/')\n",
   "@app.route('/search')\n",
   "@app.schedule('rate(1 hour)')\n",
   "@app.lambda_function()\n",
   "               app_name=app.app_name.replace('_', ''),\n"
  ]
 },
 "13": {
  "name": "ssm",
  "type": "UNKNOWN",
  "class": "unknown",
  "approach": "Pysonar2",
  "file_path": "gittersearch/app.py",
  "lineno": "22",
  "column": "0",
  "context": "FIREHOSE_STREAM')\n\napp = Chalice('gitter_search')\nssm = boto3.client('ssm')\nsts = boto3.client('sts')\nfirehose = boto3.client(",
  "context_lines": "ELASTICSEARCH_IDX = os.environ.get('ELASTICSEARCH_INDEX', 'gitter')\nELASTICSEARCH_HOST = os.environ.get('ELASTICSEARCH_HOST')\nFIREHOSE_STREAM = os.environ.get('FIREHOSE_STREAM')\n\napp = Chalice('gitter_search')\nssm = boto3.client('ssm')\nsts = boto3.client('sts')\nfirehose = boto3.client('firehose')\n\nMessageMapping = {\n    'id': 'keyword',\n",
  "slicing": [
   "ssm = boto3.client('ssm')\n",
   "    token = ssm.get_parameter(Name=TOKEN_PARAMETER)['Parameter']['Value']\n",
   "    return GitterClient(token)\n",
   "        self.token = token\n"
  ]
 },
 "14": {
  "name": "sts",
  "type": "UNKNOWN",
  "class": "unknown",
  "approach": "Pysonar2",
  "file_path": "gittersearch/app.py",
  "lineno": "23",
  "column": "0",
  "context": "halice('gitter_search')\nssm = boto3.client('ssm')\nsts = boto3.client('sts')\nfirehose = boto3.client('firehose')\n\nMessageMappin",
  "context_lines": "ELASTICSEARCH_HOST = os.environ.get('ELASTICSEARCH_HOST')\nFIREHOSE_STREAM = os.environ.get('FIREHOSE_STREAM')\n\napp = Chalice('gitter_search')\nssm = boto3.client('ssm')\nsts = boto3.client('sts')\nfirehose = boto3.client('firehose')\n\nMessageMapping = {\n    'id': 'keyword',\n    'text': 'text',\n",
  "slicing": [
   "sts = boto3.client('sts')\n",
   "    identity = sts.get_caller_identity()\n",
   "               account_id=identity['Account'],\n"
  ]
 },
 "15": {
  "name": "firehose",
  "type": "UNKNOWN",
  "class": "unknown",
  "approach": "Pysonar2",
  "file_path": "gittersearch/app.py",
  "lineno": "24",
  "column": "0",
  "context": "m = boto3.client('ssm')\nsts = boto3.client('sts')\nfirehose = boto3.client('firehose')\n\nMessageMapping = {\n    'id': 'keyword',\n    'text",
  "context_lines": "FIREHOSE_STREAM = os.environ.get('FIREHOSE_STREAM')\n\napp = Chalice('gitter_search')\nssm = boto3.client('ssm')\nsts = boto3.client('sts')\nfirehose = boto3.client('firehose')\n\nMessageMapping = {\n    'id': 'keyword',\n    'text': 'text',\n",
  "slicing": [
   "firehose = boto3.client('firehose')\n",
   "        firehose.put_record_batch(\n"
  ]
 },
 "16": {
  "name": "MessageMapping",
  "type": "dict",
  "class": "build-in",
  "approach": "annotation",
  "file_path": "gittersearch/app.py",
  "lineno": "26",
  "column": "0",
  "context": "lient('sts')\nfirehose = boto3.client('firehose')\n\nMessageMapping = {\n    'id': 'keyword',\n    'text': 'text',\n    'from",
  "context_lines": "app = Chalice('gitter_search')\nssm = boto3.client('ssm')\nsts = boto3.client('sts')\nfirehose = boto3.client('firehose')\n\nMessageMapping = {\n    'id': 'keyword',\n    'text': 'text',\n    'from': 'text',\n    'mentioned': 'text',\n",
  "slicing": "MessageMapping = {\n"
 },
 "17": {
  "name": "es",
  "type": "UNKNOWN",
  "class": "unknown",
  "approach": "annotation",
  "file_path": "gittersearch/app.py",
  "lineno": "46",
  "column": "4",
  "context": "world'}\n\n\n@app.route('/search')\ndef search():\n    es = get_es()\n\n\n###\n\n@app.schedule('rate(1 hour)')\ndef fanned_fe",
  "context_lines": "def index():\n    return {'hello': 'world'}\n\n\n@app.route('/search')\ndef search():\n    es = get_es()\n\n\n###\n\n@app.schedule('rate(1 hour)')\ndef fanned_fetch(event):\n",
  "slicing": [
   "    es = get_es()\n",
   "    return es\n"
  ]
 },
 "18": {
  "name": "result",
  "type": "UNKNOWN",
  "class": "unknown",
  "approach": "annotation",
  "file_path": "gittersearch/app.py",
  "lineno": "57",
  "column": "8",
  "context": "State != 'Imported':\n            continue\n        result = invoke_fetch(r)\n        print(r)\n\n\n@app.lambda_function()\ndef fetc",
  "context_lines": "    print('fetch rooms')\n    for r in Room.get_all():\n        if r.State != 'Imported':\n            continue\n        result = invoke_fetch(r)\n        print(r)\n\n\n@app.lambda_function()\ndef fetch(event, context):\n    \"\"\"Fetch and index\n",
  "slicing": [
   "        result = invoke_fetch(r)\n",
   "        for r in result.get('Items'):\n",
   "            yield cls(**cls._to_dataclass(r))\n",
   "        r.raise_for_status()\n",
   "        remaining = int(r.headers.get('X-RateLimit-Remaining', 1000))\n",
   "        if remaining < 10:\n",
   "            self.log.info('slowing down... remaining:%d', remaining)\n",
   "        return r.json()\n"
  ]
 },
 "19": {
  "name": "gitter",
  "type": "UNKNOWN",
  "class": "unknown",
  "approach": "annotation",
  "file_path": "gittersearch/app.py",
  "lineno": "65",
  "column": "4",
  "context": "ent, context):\n    \"\"\"Fetch and index\n    \"\"\"\n    gitter = get_gitter()\n    room = Room.get(partition_key=event['Room']['R",
  "context_lines": "@app.lambda_function()\ndef fetch(event, context):\n    \"\"\"Fetch and index\n    \"\"\"\n    gitter = get_gitter()\n    room = Room.get(partition_key=event['Room']['ResourceId'], sort_key=None)\n    lastSeen = room.LastSeen != 'True' and room.LastSeen or None\n    direction = (\n        room.State == 'Importing' and MessageIterator.Backward\n",
  "slicing": [
   "    gitter = get_gitter()\n",
   "        gitter, room.ResourceId, direction, lastSeen)\n"
  ]
 },
 "20": {
  "name": "room",
  "type": "UNKNOWN",
  "class": "unknown",
  "approach": "Pysonar2",
  "file_path": "gittersearch/app.py",
  "lineno": "66",
  "column": "4",
  "context": "h and index\n    \"\"\"\n    gitter = get_gitter()\n    room = Room.get(partition_key=event['Room']['ResourceId'], sort_key=None)\n    lastSeen = room.LastSeen != 'True' and room.La",
  "context_lines": "def fetch(event, context):\n    \"\"\"Fetch and index\n    \"\"\"\n    gitter = get_gitter()\n    room = Room.get(partition_key=event['Room']['ResourceId'], sort_key=None)\n    lastSeen = room.LastSeen != 'True' and room.LastSeen or None\n    direction = (\n        room.State == 'Importing' and MessageIterator.Backward\n        or MessageIterator.Forward)\n\n",
  "slicing": [
   "    room = Room.get(partition_key=event['Room']['ResourceId'], sort_key=None)\n",
   "    lastSeen = room.LastSeen != 'True' and room.LastSeen or None\n",
   "        room.State == 'Importing' and MessageIterator.Backward\n",
   "    print(\"Get Room:%s State:%s Last:%s\" % (room.Name, room.State, lastSeen))\n",
   "        gitter, room.ResourceId, direction, lastSeen)\n",
   "            m['room'] = room.Name\n",
   "        room.LastSeen = json.loads(\n",
   "        room.save()\n",
   "        room.State = 'Importing'\n",
   "        room.save()\n",
   "        invoke_fetch(room)\n",
   "        room.State = 'Ingested'\n",
   "        room.save()\n",
   "        Payload=json.dumps({'Room': asdict(room)}),\n",
   "        if lastSeen:\n",
   "            self.params[self.dir_key] = lastSeen\n"
  ]
 },
 "21": {
  "name": "lastSeen",
  "type": "bool",
  "class": "build-in",
  "approach": "annotation",
  "file_path": "gittersearch/app.py",
  "lineno": "67",
  "column": "4",
  "context": "y=event['Room']['ResourceId'], sort_key=None)\n    lastSeen = room.LastSeen != 'True' and room.LastSeen or None\n    direction = (\n        room.State == 'Importing",
  "context_lines": "    \"\"\"Fetch and index\n    \"\"\"\n    gitter = get_gitter()\n    room = Room.get(partition_key=event['Room']['ResourceId'], sort_key=None)\n    lastSeen = room.LastSeen != 'True' and room.LastSeen or None\n    direction = (\n        room.State == 'Importing' and MessageIterator.Backward\n        or MessageIterator.Forward)\n\n    print(\"Get Room:%s State:%s Last:%s\" % (room.Name, room.State, lastSeen))\n",
  "slicing": [
   "    lastSeen = room.LastSeen != 'True' and room.LastSeen or None\n",
   "    print(\"Get Room:%s State:%s Last:%s\" % (room.Name, room.State, lastSeen))\n",
   "        gitter, room.ResourceId, direction, lastSeen)\n",
   "        if lastSeen:\n",
   "            self.params[self.dir_key] = lastSeen\n"
  ]
 },
 "22": {
  "name": "direction",
  "type": "bool",
  "class": "build-in",
  "approach": "annotation",
  "file_path": "gittersearch/app.py",
  "lineno": "68",
  "column": "4",
  "context": ".LastSeen != 'True' and room.LastSeen or None\n    direction = (\n        room.State == 'Importing' and MessageItera",
  "context_lines": "    \"\"\"\n    gitter = get_gitter()\n    room = Room.get(partition_key=event['Room']['ResourceId'], sort_key=None)\n    lastSeen = room.LastSeen != 'True' and room.LastSeen or None\n    direction = (\n        room.State == 'Importing' and MessageIterator.Backward\n        or MessageIterator.Forward)\n\n    print(\"Get Room:%s State:%s Last:%s\" % (room.Name, room.State, lastSeen))\n    message_iterator = MessageIterator(\n",
  "slicing": [
   "    direction = (\n",
   "        gitter, room.ResourceId, direction, lastSeen)\n",
   "        assert (direction == self.Forward\n",
   "                or direction == self.Backward), \"Unknown direction\" % direction\n",
   "        self.dir_index, self.dir_key = direction\n"
  ]
 },
 "23": {
  "name": "message_iterator",
  "type": "MessageIterator",
  "class": "customized",
  "approach": "annotation",
  "file_path": "gittersearch/app.py",
  "lineno": "73",
  "column": "4",
  "context": "Last:%s\" % (room.Name, room.State, lastSeen))\n    message_iterator = MessageIterator(\n        gitter, room.ResourceId, direction, lastSe",
  "context_lines": "    direction = (\n        room.State == 'Importing' and MessageIterator.Backward\n        or MessageIterator.Forward)\n\n    print(\"Get Room:%s State:%s Last:%s\" % (room.Name, room.State, lastSeen))\n    message_iterator = MessageIterator(\n        gitter, room.ResourceId, direction, lastSeen)\n\n    message_count = 0\n\n    while context.get_remaining_time_in_millis() > 30000:\n        buf = []\n",
  "slicing": [
   "    message_iterator = MessageIterator(\n",
   "        for m in message_iterator:\n",
   "            m['room'] = room.Name\n",
   "            m['from'] = '%s %s' % (\n",
   "                m['fromUser']['username'], m['fromUser']['displayName'])\n",
   "            m['mentioned'] = ' '.join([\n",
   "                m['screenName'] for m in m['mentions']])\n",
   "            buf.append({'Data': json.dumps(m)})\n",
   "            buf[message_iterator.dir_index]['Data'])['id']\n",
   "                yield m\n"
  ]
 },
 "24": {
  "name": "message_count",
  "type": "int",
  "class": "build-in",
  "approach": "Pysonar2",
  "file_path": "gittersearch/app.py",
  "lineno": "76",
  "column": "4",
  "context": "itter, room.ResourceId, direction, lastSeen)\n\n    message_count = 0\n\n    while context.get_remaining_time_in_millis() ",
  "context_lines": "        or MessageIterator.Forward)\n\n    print(\"Get Room:%s State:%s Last:%s\" % (room.Name, room.State, lastSeen))\n    message_iterator = MessageIterator(\n        gitter, room.ResourceId, direction, lastSeen)\n\n    message_count = 0\n\n    while context.get_remaining_time_in_millis() > 30000:\n        buf = []\n        for m in message_iterator:\n",
  "slicing": [
   "    message_count = 0\n",
   "    return message_count\n"
  ]
 },
 "25": {
  "name": "buf",
  "type": "list",
  "class": "build-in",
  "approach": "annotation",
  "file_path": "gittersearch/app.py",
  "lineno": "79",
  "column": "8",
  "context": "t.get_remaining_time_in_millis() > 30000:\n        buf = []\n        for m in message_iterator:\n            m['",
  "context_lines": "    message_iterator = MessageIterator(\n        gitter, room.ResourceId, direction, lastSeen)\n\n    message_count = 0\n\n    while context.get_remaining_time_in_millis() > 30000:\n        buf = []\n        for m in message_iterator:\n            m['room'] = room.Name\n            m['from'] = '%s %s' % (\n                m['fromUser']['username'], m['fromUser']['displayName'])\n",
  "slicing": [
   "        buf = []\n",
   "            buf.append({'Data': json.dumps(m)})\n",
   "            if len(buf) % 100 == 0:\n",
   "        if not buf:\n",
   "            DeliveryStreamName=FIREHOSE_STREAM, Records=buf)\n",
   "        message_count += len(buf)\n",
   "            buf[message_iterator.dir_index]['Data'])['id']\n",
   "    if buf:\n",
   "    return message_count\n"
  ]
 },
 "26": {
  "name": "message_count",
  "type": "UNKNOWN",
  "class": "unknown",
  "approach": "annotation",
  "file_path": "gittersearch/app.py",
  "lineno": "93",
  "column": "8",
  "context": "yStreamName=FIREHOSE_STREAM, Records=buf)\n        message_count += len(buf)\n        room.LastSeen = json.loads(\n            bu",
  "context_lines": "        if not buf:\n            break\n        firehose.put_record_batch(\n            DeliveryStreamName=FIREHOSE_STREAM, Records=buf)\n        message_count += len(buf)\n        room.LastSeen = json.loads(\n            buf[message_iterator.dir_index]['Data'])['id']\n        room.save()\n\n    if buf:\n",
  "slicing": [
   "        message_count += len(buf)\n",
   "    return message_count\n"
  ]
 },
 "27": {
  "name": "fetch_arn",
  "type": "UNKNOWN",
  "class": "unknown",
  "approach": "annotation",
  "file_path": "gittersearch/app.py",
  "lineno": "110",
  "column": "4",
  "context": "eturn message_count\n\n\ndef invoke_fetch(room):\n    fetch_arn = get_fetch_arn()\n    client = boto3.client('lambda')\n    return cli",
  "context_lines": "        room.State = 'Ingested'\n        room.save()\n\n    return message_count\n\n\ndef invoke_fetch(room):\n    fetch_arn = get_fetch_arn()\n    client = boto3.client('lambda')\n    return client.invoke(\n        FunctionName=fetch_arn,\n        Payload=json.dumps({'Room': asdict(room)}),\n",
  "slicing": [
   "    fetch_arn = get_fetch_arn()\n",
   "        FunctionName=fetch_arn,\n"
  ]
 },
 "28": {
  "name": "client",
  "type": "UNKNOWN",
  "class": "unknown",
  "approach": "Pysonar2",
  "file_path": "gittersearch/app.py",
  "lineno": "111",
  "column": "4",
  "context": "_fetch(room):\n    fetch_arn = get_fetch_arn()\n    client = boto3.client('lambda')\n    return client.invoke(\n        FunctionName=fet",
  "context_lines": "        room.save()\n\n    return message_count\n\n\ndef invoke_fetch(room):\n    fetch_arn = get_fetch_arn()\n    client = boto3.client('lambda')\n    return client.invoke(\n        FunctionName=fetch_arn,\n        Payload=json.dumps({'Room': asdict(room)}),\n        InvocationType='Event')\n\n\n",
  "slicing": [
   "    client = boto3.client('lambda')\n",
   "    return client.invoke(\n",
   "        self.client = client\n"
  ]
 },
 "29": {
  "name": "identity",
  "type": "UNKNOWN",
  "class": "unknown",
  "approach": "Pysonar2",
  "file_path": "gittersearch/app.py",
  "lineno": "119",
  "column": "4",
  "context": "nvocationType='Event')\n\n\ndef get_fetch_arn():\n    identity = sts.get_caller_identity()\n    arn = (\"arn:aws:lambda:{region}:{account_id}:\"",
  "context_lines": "        FunctionName=fetch_arn,\n        Payload=json.dumps({'Room': asdict(room)}),\n        InvocationType='Event')\n\n\ndef get_fetch_arn():\n    identity = sts.get_caller_identity()\n    arn = (\"arn:aws:lambda:{region}:{account_id}:\"\n           \"function:{app_name}-{stage}-fetch\").format(\n               region=os.environ['AWS_REGION'],\n               account_id=identity['Account'],\n",
  "slicing": [
   "    identity = sts.get_caller_identity()\n",
   "               account_id=identity['Account'],\n"
  ]
 },
 "30": {
  "name": "arn",
  "type": "UNKNOWN",
  "class": "unknown",
  "approach": "Pysonar2",
  "file_path": "gittersearch/app.py",
  "lineno": "120",
  "column": "4",
  "context": "n():\n    identity = sts.get_caller_identity()\n    arn = (\"arn:aws:lambda:{region}:{account_id}:\"\n           \"function:{app_name}-{stage}-fetch\").fo",
  "context_lines": "        Payload=json.dumps({'Room': asdict(room)}),\n        InvocationType='Event')\n\n\ndef get_fetch_arn():\n    identity = sts.get_caller_identity()\n    arn = (\"arn:aws:lambda:{region}:{account_id}:\"\n           \"function:{app_name}-{stage}-fetch\").format(\n               region=os.environ['AWS_REGION'],\n               account_id=identity['Account'],\n               app_name=app.app_name.replace('_', ''),\n",
  "slicing": [
   "    arn = (\"arn:aws:lambda:{region}:{account_id}:\"\n",
   "    return arn\n"
  ]
 },
 "31": {
  "name": "token",
  "type": "dict",
  "class": "build-in",
  "approach": "annotation",
  "file_path": "gittersearch/app.py",
  "lineno": "130",
  "column": "4",
  "context": "age='dev')\n    return arn\n\n\ndef get_gitter():\n    token = ssm.get_parameter(Name=TOKEN_PARAMETER)['Parameter']['Value']\n    return GitterClient(token)\n\n\ndef get_es():\n   ",
  "context_lines": "               app_name=app.app_name.replace('_', ''),\n               stage='dev')\n    return arn\n\n\ndef get_gitter():\n    token = ssm.get_parameter(Name=TOKEN_PARAMETER)['Parameter']['Value']\n    return GitterClient(token)\n\n\ndef get_es():\n    session = boto3.Session()\n    credentials = session.get_credentials().get_frozen_credentials()\n",
  "slicing": [
   "    token = ssm.get_parameter(Name=TOKEN_PARAMETER)['Parameter']['Value']\n",
   "    return GitterClient(token)\n",
   "        self.token = token\n"
  ]
 },
 "32": {
  "name": "session",
  "type": "UNKNOWN",
  "class": "unknown",
  "approach": "Pysonar2",
  "file_path": "gittersearch/app.py",
  "lineno": "135",
  "column": "4",
  "context": "   return GitterClient(token)\n\n\ndef get_es():\n    session = boto3.Session()\n    credentials = session.get_credentials().get_fr",
  "context_lines": "def get_gitter():\n    token = ssm.get_parameter(Name=TOKEN_PARAMETER)['Parameter']['Value']\n    return GitterClient(token)\n\n\ndef get_es():\n    session = boto3.Session()\n    credentials = session.get_credentials().get_frozen_credentials()\n    auth = AWS4Auth(\n        credentials.access_key,\n        credentials.secret_key,\n",
  "slicing": [
   "    session = boto3.Session()\n",
   "    credentials = session.get_credentials().get_frozen_credentials()\n",
   "        credentials.access_key,\n",
   "        credentials.secret_key,\n",
   "        session_token=credentials.token)\n"
  ]
 },
 "33": {
  "name": "credentials",
  "type": "UNKNOWN",
  "class": "unknown",
  "approach": "Pysonar2",
  "file_path": "gittersearch/app.py",
  "lineno": "136",
  "column": "4",
  "context": "\n\ndef get_es():\n    session = boto3.Session()\n    credentials = session.get_credentials().get_frozen_credentials()\n    auth = AWS4Auth(\n        credentials.access_ke",
  "context_lines": "    token = ssm.get_parameter(Name=TOKEN_PARAMETER)['Parameter']['Value']\n    return GitterClient(token)\n\n\ndef get_es():\n    session = boto3.Session()\n    credentials = session.get_credentials().get_frozen_credentials()\n    auth = AWS4Auth(\n        credentials.access_key,\n        credentials.secret_key,\n        os.environ['AWS_DEFAULT_REGION'],\n",
  "slicing": [
   "    credentials = session.get_credentials().get_frozen_credentials()\n",
   "        credentials.access_key,\n",
   "        credentials.secret_key,\n",
   "        session_token=credentials.token)\n"
  ]
 },
 "34": {
  "name": "auth",
  "type": "requests_aws4auth.AWS4Auth",
  "class": "imported",
  "approach": "annotation",
  "file_path": "gittersearch/app.py",
  "lineno": "137",
  "column": "4",
  "context": "on.get_credentials().get_frozen_credentials()\n    auth = AWS4Auth(\n        credentials.access_key,\n        credential",
  "context_lines": "    return GitterClient(token)\n\n\ndef get_es():\n    session = boto3.Session()\n    credentials = session.get_credentials().get_frozen_credentials()\n    auth = AWS4Auth(\n        credentials.access_key,\n        credentials.secret_key,\n        os.environ['AWS_DEFAULT_REGION'],\n        'es',\n",
  "slicing": [
   "    auth = AWS4Auth(\n",
   "        http_auth=auth,\n"
  ]
 },
 "35": {
  "name": "es",
  "type": "elasticsearch.Elasticsearch",
  "class": "imported",
  "approach": "annotation",
  "file_path": "gittersearch/app.py",
  "lineno": "143",
  "column": "4",
  "context": "es',\n        session_token=credentials.token)\n    es = Elasticsearch(hosts=[{\n        'host': ELASTICSEARCH_HOST, 'port': 443}],",
  "context_lines": "        credentials.secret_key,\n        os.environ['AWS_DEFAULT_REGION'],\n        'es',\n        session_token=credentials.token)\n    es = Elasticsearch(hosts=[{\n        'host': ELASTICSEARCH_HOST, 'port': 443}],\n        http_auth=auth,\n        use_ssl=True,\n        verify_certs=True,\n",
  "slicing": [
   "    es = Elasticsearch(hosts=[{\n",
   "    return es\n"
  ]
 },
 "36": {
  "name": "ResourceId",
  "type": "str",
  "class": "build-in",
  "approach": "annotation",
  "file_path": "gittersearch/app.py",
  "lineno": "155",
  "column": "4",
  "context": "partition_key_name='ResourceId')\nclass Room:\n\n    ResourceId: str\n    LastSeen: str\n    Name: str\n    Topic: str\n   ",
  "context_lines": "        connection_class=RequestsHttpConnection)\n    return es\n\n\n@dynamoclass(table_name=TABLE_GITTER, partition_key_name='ResourceId')\nclass Room:\n\n    ResourceId: str\n    LastSeen: str\n    Name: str\n    Topic: str\n    UserCount: int\n",
  "slicing": "    ResourceId: str\n"
 },
 "37": {
  "name": "LastSeen",
  "type": "str",
  "class": "build-in",
  "approach": "annotation",
  "file_path": "gittersearch/app.py",
  "lineno": "156",
  "column": "4",
  "context": "ResourceId')\nclass Room:\n\n    ResourceId: str\n    LastSeen: str\n    Name: str\n    Topic: str\n    UserCount: int\n  ",
  "context_lines": "    return es\n\n\n@dynamoclass(table_name=TABLE_GITTER, partition_key_name='ResourceId')\nclass Room:\n\n    ResourceId: str\n    LastSeen: str\n    Name: str\n    Topic: str\n    UserCount: int\n    Type: str\n",
  "slicing": "    LastSeen: str\n"
 },
 "38": {
  "name": "Name",
  "type": "str",
  "class": "build-in",
  "approach": "annotation",
  "file_path": "gittersearch/app.py",
  "lineno": "157",
  "column": "4",
  "context": " Room:\n\n    ResourceId: str\n    LastSeen: str\n    Name: str\n    Topic: str\n    UserCount: int\n    Type: str\n  ",
  "context_lines": "@dynamoclass(table_name=TABLE_GITTER, partition_key_name='ResourceId')\nclass Room:\n\n    ResourceId: str\n    LastSeen: str\n    Name: str\n    Topic: str\n    UserCount: int\n    Type: str\n    Tags: str\n",
  "slicing": "    Name: str\n"
 },
 "39": {
  "name": "Topic",
  "type": "str",
  "class": "build-in",
  "approach": "annotation",
  "file_path": "gittersearch/app.py",
  "lineno": "158",
  "column": "4",
  "context": "sourceId: str\n    LastSeen: str\n    Name: str\n    Topic: str\n    UserCount: int\n    Type: str\n    Tags: str\n   ",
  "context_lines": "class Room:\n\n    ResourceId: str\n    LastSeen: str\n    Name: str\n    Topic: str\n    UserCount: int\n    Type: str\n    Tags: str\n    Version: str\n",
  "slicing": "    Topic: str\n"
 },
 "40": {
  "name": "UserCount",
  "type": "int",
  "class": "build-in",
  "approach": "annotation",
  "file_path": "gittersearch/app.py",
  "lineno": "159",
  "column": "4",
  "context": "   LastSeen: str\n    Name: str\n    Topic: str\n    UserCount: int\n    Type: str\n    Tags: str\n    Version: str\n    O",
  "context_lines": "    ResourceId: str\n    LastSeen: str\n    Name: str\n    Topic: str\n    UserCount: int\n    Type: str\n    Tags: str\n    Version: str\n    OneToOne: str\n",
  "slicing": "    UserCount: int\n"
 },
 "41": {
  "name": "Type",
  "type": "str",
  "class": "build-in",
  "approach": "annotation",
  "file_path": "gittersearch/app.py",
  "lineno": "160",
  "column": "4",
  "context": "  Name: str\n    Topic: str\n    UserCount: int\n    Type: str\n    Tags: str\n    Version: str\n    OneToOne: str\n ",
  "context_lines": "    LastSeen: str\n    Name: str\n    Topic: str\n    UserCount: int\n    Type: str\n    Tags: str\n    Version: str\n    OneToOne: str\n    Uri: str\n",
  "slicing": "    Type: str\n"
 },
 "42": {
  "name": "Tags",
  "type": "str",
  "class": "build-in",
  "approach": "annotation",
  "file_path": "gittersearch/app.py",
  "lineno": "161",
  "column": "4",
  "context": "  Topic: str\n    UserCount: int\n    Type: str\n    Tags: str\n    Version: str\n    OneToOne: str\n    Uri: str\n  ",
  "context_lines": "    Name: str\n    Topic: str\n    UserCount: int\n    Type: str\n    Tags: str\n    Version: str\n    OneToOne: str\n    Uri: str\n    AvatarUrl: str\n",
  "slicing": "    Tags: str\n"
 },
 "43": {
  "name": "Version",
  "type": "str",
  "class": "build-in",
  "approach": "annotation",
  "file_path": "gittersearch/app.py",
  "lineno": "162",
  "column": "4",
  "context": "   UserCount: int\n    Type: str\n    Tags: str\n    Version: str\n    OneToOne: str\n    Uri: str\n    AvatarUrl: str\n",
  "context_lines": "    Topic: str\n    UserCount: int\n    Type: str\n    Tags: str\n    Version: str\n    OneToOne: str\n    Uri: str\n    AvatarUrl: str\n    State: str\n\n",
  "slicing": "    Version: str\n"
 },
 "44": {
  "name": "OneToOne",
  "type": "str",
  "class": "build-in",
  "approach": "annotation",
  "file_path": "gittersearch/app.py",
  "lineno": "163",
  "column": "4",
  "context": "\n    Type: str\n    Tags: str\n    Version: str\n    OneToOne: str\n    Uri: str\n    AvatarUrl: str\n    State: str\n\n  ",
  "context_lines": "    UserCount: int\n    Type: str\n    Tags: str\n    Version: str\n    OneToOne: str\n    Uri: str\n    AvatarUrl: str\n    State: str\n\n    @classmethod\n",
  "slicing": "    OneToOne: str\n"
 },
 "45": {
  "name": "Uri",
  "type": "str",
  "class": "build-in",
  "approach": "annotation",
  "file_path": "gittersearch/app.py",
  "lineno": "164",
  "column": "4",
  "context": " Tags: str\n    Version: str\n    OneToOne: str\n    Uri: str\n    AvatarUrl: str\n    State: str\n\n    @classmetho",
  "context_lines": "    Type: str\n    Tags: str\n    Version: str\n    OneToOne: str\n    Uri: str\n    AvatarUrl: str\n    State: str\n\n    @classmethod\n    def get_all(cls):\n",
  "slicing": "    Uri: str\n"
 },
 "46": {
  "name": "AvatarUrl",
  "type": "str",
  "class": "build-in",
  "approach": "annotation",
  "file_path": "gittersearch/app.py",
  "lineno": "165",
  "column": "4",
  "context": "  Version: str\n    OneToOne: str\n    Uri: str\n    AvatarUrl: str\n    State: str\n\n    @classmethod\n    def get_all(c",
  "context_lines": "    Tags: str\n    Version: str\n    OneToOne: str\n    Uri: str\n    AvatarUrl: str\n    State: str\n\n    @classmethod\n    def get_all(cls):\n        result = cls.__dynamoclass_client__.scan(\n",
  "slicing": "    AvatarUrl: str\n"
 },
 "47": {
  "name": "State",
  "type": "str",
  "class": "build-in",
  "approach": "annotation",
  "file_path": "gittersearch/app.py",
  "lineno": "166",
  "column": "4",
  "context": "OneToOne: str\n    Uri: str\n    AvatarUrl: str\n    State: str\n\n    @classmethod\n    def get_all(cls):\n        re",
  "context_lines": "    Version: str\n    OneToOne: str\n    Uri: str\n    AvatarUrl: str\n    State: str\n\n    @classmethod\n    def get_all(cls):\n        result = cls.__dynamoclass_client__.scan(\n",
  "slicing": "    State: str\n"
 },
 "48": {
  "name": "result",
  "type": "UNKNOWN",
  "class": "unknown",
  "approach": "Pysonar2",
  "file_path": "gittersearch/app.py",
  "lineno": "170",
  "column": "8",
  "context": "r\n\n    @classmethod\n    def get_all(cls):\n        result = cls.__dynamoclass_client__.scan(\n            TableName=cls.__dynamoclass_params__['",
  "context_lines": "    AvatarUrl: str\n    State: str\n\n    @classmethod\n    def get_all(cls):\n        result = cls.__dynamoclass_client__.scan(\n            TableName=cls.__dynamoclass_params__['table_name'])\n        for r in result.get('Items'):\n            yield cls(**cls._to_dataclass(r))\n\n\nclass MessageIterator(object):\n\n",
  "slicing": [
   "        result = cls.__dynamoclass_client__.scan(\n",
   "        for r in result.get('Items'):\n",
   "            yield cls(**cls._to_dataclass(r))\n",
   "        r.raise_for_status()\n",
   "        remaining = int(r.headers.get('X-RateLimit-Remaining', 1000))\n",
   "        if remaining < 10:\n",
   "            self.log.info('slowing down... remaining:%d', remaining)\n",
   "        return r.json()\n"
  ]
 },
 "49": {
  "name": "Forward",
  "type": "tuple",
  "class": "build-in",
  "approach": "annotation",
  "file_path": "gittersearch/app.py",
  "lineno": "178",
  "column": "4",
  "context": "taclass(r))\n\n\nclass MessageIterator(object):\n\n    Forward = (-1, 'afterId')\n    Backward = (0, 'beforeId')\n\n    def __init__(s",
  "context_lines": "            TableName=cls.__dynamoclass_params__['table_name'])\n        for r in result.get('Items'):\n            yield cls(**cls._to_dataclass(r))\n\n\nclass MessageIterator(object):\n\n    Forward = (-1, 'afterId')\n    Backward = (0, 'beforeId')\n\n    def __init__(self, client, room_id, direction, lastSeen=None):\n        self.client = client\n        self.params = {'roomId': room_id, 'limit': 100}\n",
  "slicing": "    Forward = (-1, 'afterId')\n"
 },
 "50": {
  "name": "Backward",
  "type": "tuple",
  "class": "build-in",
  "approach": "annotation",
  "file_path": "gittersearch/app.py",
  "lineno": "179",
  "column": "4",
  "context": "rator(object):\n\n    Forward = (-1, 'afterId')\n    Backward = (0, 'beforeId')\n\n    def __init__(self, client, room_id, direction",
  "context_lines": "        for r in result.get('Items'):\n            yield cls(**cls._to_dataclass(r))\n\n\nclass MessageIterator(object):\n\n    Forward = (-1, 'afterId')\n    Backward = (0, 'beforeId')\n\n    def __init__(self, client, room_id, direction, lastSeen=None):\n        self.client = client\n        self.params = {'roomId': room_id, 'limit': 100}\n",
  "slicing": "    Backward = (0, 'beforeId')\n"
 },
 "51": {
  "name": "log",
  "type": "UNKNOWN",
  "class": "unknown",
  "approach": "Pysonar2",
  "file_path": "gittersearch/app.py",
  "lineno": "205",
  "column": "4",
  "context": "lf._buf = None\n\n\nclass GitterClient(object):\n\n    log = logging.getLogger('gitter')\n\n    def __init__(self, token, endpoint='https://a",
  "context_lines": "                break\n            self.params[self.dir_key] = self._buf[self.dir_index]['id']\n            self._buf = None\n\n\nclass GitterClient(object):\n\n    log = logging.getLogger('gitter')\n\n    def __init__(self, token, endpoint='https://api.gitter.im/v1'):\n        self.endpoint = endpoint\n        self.token = token\n\n",
  "slicing": "    log = logging.getLogger('gitter')\n"
 },
 "52": {
  "name": "params",
  "type": "dict",
  "class": "build-in",
  "approach": "annotation",
  "file_path": "gittersearch/app.py",
  "lineno": "215",
  "column": "8",
  "context": " afterId=None, beforeId=None, limit=100):\n        params = {'limit': limit}\n        if afterId and afterId != 'True':\n        ",
  "context_lines": "        self.token = token\n\n    def rooms(self):\n        return self._request('/rooms')\n\n    def messages(self, roomId, afterId=None, beforeId=None, limit=100):\n        params = {'limit': limit}\n        if afterId and afterId != 'True':\n            params['afterId'] = afterId\n        elif beforeId:\n            params['beforeId'] = beforeId\n",
  "slicing": [
   "        params = {'limit': limit}\n",
   "            params['afterId'] = afterId\n",
   "            params['beforeId'] = beforeId\n",
   "        return self._request('/rooms/%s/chatMessages' % roomId, **params)\n",
   "        qs = urlencode(params)\n",
   "        if qs:\n",
   "            uri += '?%s' % qs\n",
   "            uri, headers={'Authorization': 'Bearer %s' % self.token})\n"
  ]
 },
 "53": {
  "name": "qs",
  "type": "urllib.parse.urlencode",
  "class": "imported",
  "approach": "annotation",
  "file_path": "gittersearch/app.py",
  "lineno": "223",
  "column": "8",
  "context": "\n\n    def _request(self, path, **params):\n        qs = urlencode(params)\n        uri = self.endpoint + path\n        if qs:\n",
  "context_lines": "        elif beforeId:\n            params['beforeId'] = beforeId\n        return self._request('/rooms/%s/chatMessages' % roomId, **params)\n\n    def _request(self, path, **params):\n        qs = urlencode(params)\n        uri = self.endpoint + path\n        if qs:\n            uri += '?%s' % qs\n        r = requests.get(\n",
  "slicing": [
   "        qs = urlencode(params)\n",
   "        if qs:\n",
   "            uri += '?%s' % qs\n",
   "            uri, headers={'Authorization': 'Bearer %s' % self.token})\n"
  ]
 },
 "54": {
  "name": "uri",
  "type": "str",
  "class": "build-in",
  "approach": "Pysonar2",
  "file_path": "gittersearch/app.py",
  "lineno": "224",
  "column": "8",
  "context": "**params):\n        qs = urlencode(params)\n        uri = self.endpoint + path\n        if qs:\n            uri += '?%s' % qs\n     ",
  "context_lines": "            params['beforeId'] = beforeId\n        return self._request('/rooms/%s/chatMessages' % roomId, **params)\n\n    def _request(self, path, **params):\n        qs = urlencode(params)\n        uri = self.endpoint + path\n        if qs:\n            uri += '?%s' % qs\n        r = requests.get(\n            uri, headers={'Authorization': 'Bearer %s' % self.token})\n",
  "slicing": [
   "        uri = self.endpoint + path\n",
   "            uri, headers={'Authorization': 'Bearer %s' % self.token})\n"
  ]
 },
 "55": {
  "name": "uri",
  "type": "str",
  "class": "build-in",
  "approach": "Pysonar2",
  "file_path": "gittersearch/app.py",
  "lineno": "226",
  "column": "12",
  "context": "= self.endpoint + path\n        if qs:\n            uri += '?%s' % qs\n        r = requests.get(\n            uri, headers",
  "context_lines": "    def _request(self, path, **params):\n        qs = urlencode(params)\n        uri = self.endpoint + path\n        if qs:\n            uri += '?%s' % qs\n        r = requests.get(\n            uri, headers={'Authorization': 'Bearer %s' % self.token})\n        r.raise_for_status()\n        remaining = int(r.headers.get('X-RateLimit-Remaining', 1000))\n",
  "slicing": [
   "            uri += '?%s' % qs\n",
   "            uri, headers={'Authorization': 'Bearer %s' % self.token})\n"
  ]
 },
 "56": {
  "name": "r",
  "type": "UNKNOWN",
  "class": "unknown",
  "approach": "Pysonar2",
  "file_path": "gittersearch/app.py",
  "lineno": "227",
  "column": "8",
  "context": "     if qs:\n            uri += '?%s' % qs\n        r = requests.get(\n            uri, headers={'Authorization': 'Bearer",
  "context_lines": "        qs = urlencode(params)\n        uri = self.endpoint + path\n        if qs:\n            uri += '?%s' % qs\n        r = requests.get(\n            uri, headers={'Authorization': 'Bearer %s' % self.token})\n        r.raise_for_status()\n        remaining = int(r.headers.get('X-RateLimit-Remaining', 1000))\n        if remaining < 10:\n",
  "slicing": [
   "        r = requests.get(\n",
   "        r.raise_for_status()\n",
   "        remaining = int(r.headers.get('X-RateLimit-Remaining', 1000))\n",
   "        if remaining < 10:\n",
   "            self.log.info('slowing down... remaining:%d', remaining)\n",
   "        return r.json()\n"
  ]
 },
 "57": {
  "name": "remaining",
  "type": "int",
  "class": "build-in",
  "approach": "annotation",
  "file_path": "gittersearch/app.py",
  "lineno": "230",
  "column": "8",
  "context": "self.token})\n        r.raise_for_status()\n        remaining = int(r.headers.get('X-RateLimit-Remaining', 1000))\n        if remaining < 10:\n            self.log.in",
  "context_lines": "            uri += '?%s' % qs\n        r = requests.get(\n            uri, headers={'Authorization': 'Bearer %s' % self.token})\n        r.raise_for_status()\n        remaining = int(r.headers.get('X-RateLimit-Remaining', 1000))\n        if remaining < 10:\n            self.log.info('slowing down... remaining:%d', remaining)\n            time.sleep(10)\n        else:\n",
  "slicing": [
   "        remaining = int(r.headers.get('X-RateLimit-Remaining', 1000))\n",
   "        if remaining < 10:\n",
   "            self.log.info('slowing down... remaining:%d', remaining)\n"
  ]
 },
 "58": {
  "name": "room_type",
  "type": "UNKNOWN",
  "class": "unknown",
  "approach": "Pysonar2",
  "file_path": "gittersearch/admin.py",
  "lineno": "28",
  "column": "15",
  "context": "']))\n@click.option('-n', '--name')\ndef list_rooms(room_type, name, verbose=True):\n\n    results = []\n    gitter = app.GitterClient(GI",
  "context_lines": "        print(r)\n\n\n@cli.command(name='list-rooms')\n@click.option('-t', '--room-type', type=click.Choice(['onetoone', 'repo']))\n@click.option('-n', '--name')\ndef list_rooms(room_type, name, verbose=True):\n\n    results = []\n    gitter = app.GitterClient(GITTER_TOKEN)\n    for r in gitter.rooms():\n",
  "slicing": "def list_rooms(room_type, name, verbose=True):\n"
 },
 "59": {
  "name": "name",
  "type": "UNKNOWN",
  "class": "unknown",
  "approach": "Pysonar2",
  "file_path": "gittersearch/admin.py",
  "lineno": "28",
  "column": "26",
  "context": ".option('-n', '--name')\ndef list_rooms(room_type, name, verbose=True):\n\n    results = []\n    gitter = app.GitterClient(GI",
  "context_lines": "        print(r)\n\n\n@cli.command(name='list-rooms')\n@click.option('-t', '--room-type', type=click.Choice(['onetoone', 'repo']))\n@click.option('-n', '--name')\ndef list_rooms(room_type, name, verbose=True):\n\n    results = []\n    gitter = app.GitterClient(GITTER_TOKEN)\n    for r in gitter.rooms():\n",
  "slicing": "def list_rooms(room_type, name, verbose=True):\n"
 },
 "60": {
  "name": "verbose",
  "type": "bool",
  "class": "build-in",
  "approach": "Pysonar2",
  "file_path": "gittersearch/admin.py",
  "lineno": "28",
  "column": "32",
  "context": "n('-n', '--name')\ndef list_rooms(room_type, name, verbose=True):\n\n    results = []\n    gitter = app.GitterClient(GI",
  "context_lines": "        print(r)\n\n\n@cli.command(name='list-rooms')\n@click.option('-t', '--room-type', type=click.Choice(['onetoone', 'repo']))\n@click.option('-n', '--name')\ndef list_rooms(room_type, name, verbose=True):\n\n    results = []\n    gitter = app.GitterClient(GITTER_TOKEN)\n    for r in gitter.rooms():\n",
  "slicing": "def list_rooms(room_type, name, verbose=True):\n"
 },
 "61": {
  "name": "ctx",
  "type": "UNKNOWN",
  "class": "unknown",
  "approach": "Pysonar2",
  "file_path": "gittersearch/admin.py",
  "lineno": "46",
  "column": "13",
  "context": "('-n', '--name')\n@click.pass_context\ndef add_room(ctx, name):\n\n    result = ctx.invoke(list_rooms, name=name, ve",
  "context_lines": "    return results\n\n\n@cli.command(name='add-room')\n@click.option('-n', '--name')\n@click.pass_context\ndef add_room(ctx, name):\n\n    result = ctx.invoke(list_rooms, name=name, verbose=False)\n    assert result, \"No Room Found\"\n    room = result.pop()\n",
  "slicing": "def add_room(ctx, name):\n"
 },
 "62": {
  "name": "name",
  "type": "UNKNOWN",
  "class": "unknown",
  "approach": "Pysonar2",
  "file_path": "gittersearch/admin.py",
  "lineno": "46",
  "column": "18",
  "context": ", '--name')\n@click.pass_context\ndef add_room(ctx, name):\n\n    result = ctx.invoke(list_rooms, name=name, ve",
  "context_lines": "    return results\n\n\n@cli.command(name='add-room')\n@click.option('-n', '--name')\n@click.pass_context\ndef add_room(ctx, name):\n\n    result = ctx.invoke(list_rooms, name=name, verbose=False)\n    assert result, \"No Room Found\"\n    room = result.pop()\n",
  "slicing": "def add_room(ctx, name):\n"
 },
 "63": {
  "name": "event",
  "type": "UNKNOWN",
  "class": "unknown",
  "approach": "Pysonar2",
  "file_path": "gittersearch/app.py",
  "lineno": "52",
  "column": "17",
  "context": "#\n\n@app.schedule('rate(1 hour)')\ndef fanned_fetch(event):\n    print('fetch rooms')\n    for r in Room.get_all",
  "context_lines": "def search():\n    es = get_es()\n\n\n###\n\n@app.schedule('rate(1 hour)')\ndef fanned_fetch(event):\n    print('fetch rooms')\n    for r in Room.get_all():\n        if r.State != 'Imported':\n            continue\n",
  "slicing": "def fanned_fetch(event):\n"
 },
 "64": {
  "name": "event",
  "type": "UNKNOWN",
  "class": "unknown",
  "approach": "Pysonar2",
  "file_path": "gittersearch/app.py",
  "lineno": "62",
  "column": "10",
  "context": "      print(r)\n\n\n@app.lambda_function()\ndef fetch(event, context):\n    \"\"\"Fetch and index\n    \"\"\"\n    gitter = get_gi",
  "context_lines": "            continue\n        result = invoke_fetch(r)\n        print(r)\n\n\n@app.lambda_function()\ndef fetch(event, context):\n    \"\"\"Fetch and index\n    \"\"\"\n    gitter = get_gitter()\n    room = Room.get(partition_key=event['Room']['ResourceId'], sort_key=None)\n",
  "slicing": "def fetch(event, context):\n"
 },
 "65": {
  "name": "context",
  "type": "UNKNOWN",
  "class": "unknown",
  "approach": "Pysonar2",
  "file_path": "gittersearch/app.py",
  "lineno": "62",
  "column": "17",
  "context": "rint(r)\n\n\n@app.lambda_function()\ndef fetch(event, context):\n    \"\"\"Fetch and index\n    \"\"\"\n    gitter = get_gi",
  "context_lines": "            continue\n        result = invoke_fetch(r)\n        print(r)\n\n\n@app.lambda_function()\ndef fetch(event, context):\n    \"\"\"Fetch and index\n    \"\"\"\n    gitter = get_gitter()\n    room = Room.get(partition_key=event['Room']['ResourceId'], sort_key=None)\n",
  "slicing": "def fetch(event, context):\n"
 },
 "66": {
  "name": "room",
  "type": "UNKNOWN",
  "class": "unknown",
  "approach": "Pysonar2",
  "file_path": "gittersearch/app.py",
  "lineno": "109",
  "column": "17",
  "context": "ve()\n\n    return message_count\n\n\ndef invoke_fetch(room):\n    fetch_arn = get_fetch_arn()\n    client = boto3",
  "context_lines": "    else:\n        room.State = 'Ingested'\n        room.save()\n\n    return message_count\n\n\ndef invoke_fetch(room):\n    fetch_arn = get_fetch_arn()\n    client = boto3.client('lambda')\n    return client.invoke(\n        FunctionName=fetch_arn,\n",
  "slicing": "def invoke_fetch(room):\n"
 },
 "67": {
  "name": "cls",
  "type": "UNKNOWN",
  "class": "unknown",
  "approach": "Pysonar2",
  "file_path": "gittersearch/app.py",
  "lineno": "169",
  "column": "16",
  "context": "\n    State: str\n\n    @classmethod\n    def get_all(cls):\n        result = cls.__dynamoclass_client__.scan(\n",
  "context_lines": "    Uri: str\n    AvatarUrl: str\n    State: str\n\n    @classmethod\n    def get_all(cls):\n        result = cls.__dynamoclass_client__.scan(\n            TableName=cls.__dynamoclass_params__['table_name'])\n        for r in result.get('Items'):\n            yield cls(**cls._to_dataclass(r))\n\n\n",
  "slicing": "    def get_all(cls):\n"
 },
 "68": {
  "name": "client",
  "type": "UNKNOWN",
  "class": "unknown",
  "approach": "Pysonar2",
  "file_path": "gittersearch/app.py",
  "lineno": "181",
  "column": "23",
  "context": "ackward = (0, 'beforeId')\n\n    def __init__(self, client, room_id, direction, lastSeen=None):\n        self.client = client\n        self.params =",
  "context_lines": "            yield cls(**cls._to_dataclass(r))\n\n\nclass MessageIterator(object):\n\n    Forward = (-1, 'afterId')\n    Backward = (0, 'beforeId')\n\n    def __init__(self, client, room_id, direction, lastSeen=None):\n        self.client = client\n        self.params = {'roomId': room_id, 'limit': 100}\n        assert (direction == self.Forward\n                or direction == self.Backward), \"Unknown direction\" % direction\n",
  "slicing": "    def __init__(self, client, room_id, direction, lastSeen=None):\n"
 },
 "69": {
  "name": "room_id",
  "type": "UNKNOWN",
  "class": "unknown",
  "approach": "Pysonar2",
  "file_path": "gittersearch/app.py",
  "lineno": "181",
  "column": "31",
  "context": "= (0, 'beforeId')\n\n    def __init__(self, client, room_id, direction, lastSeen=None):\n        self.client = client\n        self.params =",
  "context_lines": "            yield cls(**cls._to_dataclass(r))\n\n\nclass MessageIterator(object):\n\n    Forward = (-1, 'afterId')\n    Backward = (0, 'beforeId')\n\n    def __init__(self, client, room_id, direction, lastSeen=None):\n        self.client = client\n        self.params = {'roomId': room_id, 'limit': 100}\n        assert (direction == self.Forward\n                or direction == self.Backward), \"Unknown direction\" % direction\n",
  "slicing": "    def __init__(self, client, room_id, direction, lastSeen=None):\n"
 },
 "70": {
  "name": "direction",
  "type": "UNKNOWN",
  "class": "unknown",
  "approach": "Pysonar2",
  "file_path": "gittersearch/app.py",
  "lineno": "181",
  "column": "40",
  "context": "foreId')\n\n    def __init__(self, client, room_id, direction, lastSeen=None):\n        self.client = client\n        self.params =",
  "context_lines": "            yield cls(**cls._to_dataclass(r))\n\n\nclass MessageIterator(object):\n\n    Forward = (-1, 'afterId')\n    Backward = (0, 'beforeId')\n\n    def __init__(self, client, room_id, direction, lastSeen=None):\n        self.client = client\n        self.params = {'roomId': room_id, 'limit': 100}\n        assert (direction == self.Forward\n                or direction == self.Backward), \"Unknown direction\" % direction\n",
  "slicing": "    def __init__(self, client, room_id, direction, lastSeen=None):\n"
 },
 "71": {
  "name": "lastSeen",
  "type": "UNKNOWN",
  "class": "unknown",
  "approach": "Pysonar2",
  "file_path": "gittersearch/app.py",
  "lineno": "181",
  "column": "51",
  "context": "   def __init__(self, client, room_id, direction, lastSeen=None):\n        self.client = client\n        self.params =",
  "context_lines": "            yield cls(**cls._to_dataclass(r))\n\n\nclass MessageIterator(object):\n\n    Forward = (-1, 'afterId')\n    Backward = (0, 'beforeId')\n\n    def __init__(self, client, room_id, direction, lastSeen=None):\n        self.client = client\n        self.params = {'roomId': room_id, 'limit': 100}\n        assert (direction == self.Forward\n                or direction == self.Backward), \"Unknown direction\" % direction\n",
  "slicing": "    def __init__(self, client, room_id, direction, lastSeen=None):\n"
 },
 "72": {
  "name": "token",
  "type": "UNKNOWN",
  "class": "unknown",
  "approach": "Pysonar2",
  "file_path": "gittersearch/app.py",
  "lineno": "207",
  "column": "23",
  "context": "gging.getLogger('gitter')\n\n    def __init__(self, token, endpoint='https://api.gitter.im/v1'):\n        self.endpoint = endpoint\n        self.toke",
  "context_lines": "            self.params[self.dir_key] = self._buf[self.dir_index]['id']\n            self._buf = None\n\n\nclass GitterClient(object):\n\n    log = logging.getLogger('gitter')\n\n    def __init__(self, token, endpoint='https://api.gitter.im/v1'):\n        self.endpoint = endpoint\n        self.token = token\n\n    def rooms(self):\n        return self._request('/rooms')\n\n",
  "slicing": "    def __init__(self, token, endpoint='https://api.gitter.im/v1'):\n"
 },
 "73": {
  "name": "endpoint",
  "type": "str",
  "class": "build-in",
  "approach": "Pysonar2",
  "file_path": "gittersearch/app.py",
  "lineno": "207",
  "column": "30",
  "context": "etLogger('gitter')\n\n    def __init__(self, token, endpoint='https://api.gitter.im/v1'):\n        self.endpoint = endpoint\n        self.toke",
  "context_lines": "            self.params[self.dir_key] = self._buf[self.dir_index]['id']\n            self._buf = None\n\n\nclass GitterClient(object):\n\n    log = logging.getLogger('gitter')\n\n    def __init__(self, token, endpoint='https://api.gitter.im/v1'):\n        self.endpoint = endpoint\n        self.token = token\n\n    def rooms(self):\n        return self._request('/rooms')\n\n",
  "slicing": "    def __init__(self, token, endpoint='https://api.gitter.im/v1'):\n"
 },
 "74": {
  "name": "roomId",
  "type": "UNKNOWN",
  "class": "unknown",
  "approach": "Pysonar2",
  "file_path": "gittersearch/app.py",
  "lineno": "214",
  "column": "23",
  "context": "n self._request('/rooms')\n\n    def messages(self, roomId, afterId=None, beforeId=None, limit=100):\n        params = {'limit': limit}\n        if after",
  "context_lines": "        self.endpoint = endpoint\n        self.token = token\n\n    def rooms(self):\n        return self._request('/rooms')\n\n    def messages(self, roomId, afterId=None, beforeId=None, limit=100):\n        params = {'limit': limit}\n        if afterId and afterId != 'True':\n            params['afterId'] = afterId\n        elif beforeId:\n",
  "slicing": "    def messages(self, roomId, afterId=None, beforeId=None, limit=100):\n"
 },
 "75": {
  "name": "afterId",
  "type": "UNKNOWN",
  "class": "unknown",
  "approach": "Pysonar2",
  "file_path": "gittersearch/app.py",
  "lineno": "214",
  "column": "31",
  "context": "request('/rooms')\n\n    def messages(self, roomId, afterId=None, beforeId=None, limit=100):\n        params = {'limit': limit}\n        if after",
  "context_lines": "        self.endpoint = endpoint\n        self.token = token\n\n    def rooms(self):\n        return self._request('/rooms')\n\n    def messages(self, roomId, afterId=None, beforeId=None, limit=100):\n        params = {'limit': limit}\n        if afterId and afterId != 'True':\n            params['afterId'] = afterId\n        elif beforeId:\n",
  "slicing": "    def messages(self, roomId, afterId=None, beforeId=None, limit=100):\n"
 },
 "76": {
  "name": "beforeId",
  "type": "UNKNOWN",
  "class": "unknown",
  "approach": "Pysonar2",
  "file_path": "gittersearch/app.py",
  "lineno": "214",
  "column": "45",
  "context": "s')\n\n    def messages(self, roomId, afterId=None, beforeId=None, limit=100):\n        params = {'limit': limit}\n        if after",
  "context_lines": "        self.endpoint = endpoint\n        self.token = token\n\n    def rooms(self):\n        return self._request('/rooms')\n\n    def messages(self, roomId, afterId=None, beforeId=None, limit=100):\n        params = {'limit': limit}\n        if afterId and afterId != 'True':\n            params['afterId'] = afterId\n        elif beforeId:\n",
  "slicing": "    def messages(self, roomId, afterId=None, beforeId=None, limit=100):\n"
 },
 "77": {
  "name": "limit",
  "type": "int",
  "class": "build-in",
  "approach": "Pysonar2",
  "file_path": "gittersearch/app.py",
  "lineno": "214",
  "column": "60",
  "context": "ssages(self, roomId, afterId=None, beforeId=None, limit=100):\n        params = {'limit': limit}\n        if after",
  "context_lines": "        self.endpoint = endpoint\n        self.token = token\n\n    def rooms(self):\n        return self._request('/rooms')\n\n    def messages(self, roomId, afterId=None, beforeId=None, limit=100):\n        params = {'limit': limit}\n        if afterId and afterId != 'True':\n            params['afterId'] = afterId\n        elif beforeId:\n",
  "slicing": "    def messages(self, roomId, afterId=None, beforeId=None, limit=100):\n"
 },
 "78": {
  "name": "path",
  "type": "str",
  "class": "build-in",
  "approach": "Pysonar2",
  "file_path": "gittersearch/app.py",
  "lineno": "222",
  "column": "23",
  "context": "ages' % roomId, **params)\n\n    def _request(self, path, **params):\n        qs = urlencode(params)\n        uri = self.",
  "context_lines": "            params['afterId'] = afterId\n        elif beforeId:\n            params['beforeId'] = beforeId\n        return self._request('/rooms/%s/chatMessages' % roomId, **params)\n\n    def _request(self, path, **params):\n        qs = urlencode(params)\n        uri = self.endpoint + path\n        if qs:\n            uri += '?%s' % qs\n",
  "slicing": "    def _request(self, path, **params):\n"
 }
}