{
 "1": {
  "name": "args",
  "type": "dict",
  "class": "build-in",
  "approach": "annotation",
  "file_path": "google-hashcode-2019-extended-final-round/solver/__main__.py",
  "lineno": "8",
  "column": "4",
  "context": "om . import solve\n\nif __name__ == \"__main__\":\n    args: tp.List[Path] = [Path(x).resolve() for x in sys.argv[1:]]\n    solve.main(args)\n",
  "context_lines": "import typing as tp\nfrom pathlib import Path\n\nfrom . import solve\n\nif __name__ == \"__main__\":\n    args: tp.List[Path] = [Path(x).resolve() for x in sys.argv[1:]]\n",
  "slicing": [
   "    args: tp.List[Path] = [Path(x).resolve() for x in sys.argv[1:]]\n",
   "    solve.main(args)\n"
  ]
 },
 "2": {
  "name": "name",
  "type": "str",
  "class": "build-in",
  "approach": "annotation",
  "file_path": "google-hashcode-2019-extended-final-round/solver/unused_model.py",
  "lineno": "11",
  "column": "4",
  "context": "=True, auto_attribs=True)\nclass CompiledFile:\n    name: str\n    compilation_time: int = attr.ib(converter=int)",
  "context_lines": "from pathlib import Path\n\nimport attr\n\n\n@attr.s(slots=True, frozen=True, auto_attribs=True)\nclass CompiledFile:\n    name: str\n    compilation_time: int = attr.ib(converter=int)\n    replication_time: int = attr.ib(converter=int)\n    raw_dependencies: tp.List[str]\n\n    @classmethod\n",
  "slicing": [
   "    name: str\n",
   "        return cls(name, compilation_time, replication_time, dep_list)\n",
   "        return next(filter(lambda x: x.name == name, compiled_files_list))\n"
  ]
 },
 "3": {
  "name": "compilation_time",
  "type": "int",
  "class": "build-in",
  "approach": "annotation",
  "file_path": "google-hashcode-2019-extended-final-round/solver/unused_model.py",
  "lineno": "12",
  "column": "4",
  "context": "tribs=True)\nclass CompiledFile:\n    name: str\n    compilation_time: int = attr.ib(converter=int)\n    replication_time: int = attr.ib(converter=int)",
  "context_lines": "import attr\n\n\n@attr.s(slots=True, frozen=True, auto_attribs=True)\nclass CompiledFile:\n    name: str\n    compilation_time: int = attr.ib(converter=int)\n    replication_time: int = attr.ib(converter=int)\n    raw_dependencies: tp.List[str]\n\n    @classmethod\n    def from_rows(cls, first_row: str, second_row: str) -> CompiledFile:\n",
  "slicing": [
   "    compilation_time: int = attr.ib(converter=int)\n",
   "        return cls(name, compilation_time, replication_time, dep_list)\n"
  ]
 },
 "4": {
  "name": "replication_time",
  "type": "int",
  "class": "build-in",
  "approach": "annotation",
  "file_path": "google-hashcode-2019-extended-final-round/solver/unused_model.py",
  "lineno": "13",
  "column": "4",
  "context": "ompilation_time: int = attr.ib(converter=int)\n    replication_time: int = attr.ib(converter=int)\n    raw_dependencies: tp.List[str]\n\n    @classmeth",
  "context_lines": "@attr.s(slots=True, frozen=True, auto_attribs=True)\nclass CompiledFile:\n    name: str\n    compilation_time: int = attr.ib(converter=int)\n    replication_time: int = attr.ib(converter=int)\n    raw_dependencies: tp.List[str]\n\n    @classmethod\n    def from_rows(cls, first_row: str, second_row: str) -> CompiledFile:\n        name, compilation_time, replication_time = first_row.split(\" \")\n\n",
  "slicing": [
   "    replication_time: int = attr.ib(converter=int)\n",
   "        return cls(name, compilation_time, replication_time, dep_list)\n"
  ]
 },
 "5": {
  "name": "raw_dependencies",
  "type": "dict",
  "class": "build-in",
  "approach": "annotation",
  "file_path": "google-hashcode-2019-extended-final-round/solver/unused_model.py",
  "lineno": "14",
  "column": "4",
  "context": "eplication_time: int = attr.ib(converter=int)\n    raw_dependencies: tp.List[str]\n\n    @classmethod\n    def from_rows(cls, first_row",
  "context_lines": "class CompiledFile:\n    name: str\n    compilation_time: int = attr.ib(converter=int)\n    replication_time: int = attr.ib(converter=int)\n    raw_dependencies: tp.List[str]\n\n    @classmethod\n    def from_rows(cls, first_row: str, second_row: str) -> CompiledFile:\n        name, compilation_time, replication_time = first_row.split(\" \")\n\n",
  "slicing": "    raw_dependencies: tp.List[str]\n"
 },
 "6": {
  "name": "name",
  "type": "UNKNOWN",
  "class": "unknown",
  "approach": "Pysonar2",
  "file_path": "google-hashcode-2019-extended-final-round/solver/unused_model.py",
  "lineno": "18",
  "column": "8",
  "context": "w: str, second_row: str) -> CompiledFile:\n        name, compilation_time, replication_time = first_row.split(\" \")\n\n        dep_list: tp.List[str]\n        if len(sec",
  "context_lines": "    replication_time: int = attr.ib(converter=int)\n    raw_dependencies: tp.List[str]\n\n    @classmethod\n    def from_rows(cls, first_row: str, second_row: str) -> CompiledFile:\n        name, compilation_time, replication_time = first_row.split(\" \")\n\n        dep_list: tp.List[str]\n        if len(second_row) > 1:\n            dep_list = second_row[2:].rstrip(\"\\n\").split(\" \")\n",
  "slicing": [
   "        name, compilation_time, replication_time = first_row.split(\" \")\n",
   "        return cls(name, compilation_time, replication_time, dep_list)\n",
   "        return next(filter(lambda x: x.name == name, compiled_files_list))\n"
  ]
 },
 "7": {
  "name": "compilation_time",
  "type": "UNKNOWN",
  "class": "unknown",
  "approach": "Pysonar2",
  "file_path": "google-hashcode-2019-extended-final-round/solver/unused_model.py",
  "lineno": "18",
  "column": "14",
  "context": ", second_row: str) -> CompiledFile:\n        name, compilation_time, replication_time = first_row.split(\" \")\n\n        dep_list: tp.List[str]\n        if len(sec",
  "context_lines": "    replication_time: int = attr.ib(converter=int)\n    raw_dependencies: tp.List[str]\n\n    @classmethod\n    def from_rows(cls, first_row: str, second_row: str) -> CompiledFile:\n        name, compilation_time, replication_time = first_row.split(\" \")\n\n        dep_list: tp.List[str]\n        if len(second_row) > 1:\n            dep_list = second_row[2:].rstrip(\"\\n\").split(\" \")\n",
  "slicing": [
   "        name, compilation_time, replication_time = first_row.split(\" \")\n",
   "        return cls(name, compilation_time, replication_time, dep_list)\n"
  ]
 },
 "8": {
  "name": "replication_time",
  "type": "UNKNOWN",
  "class": "unknown",
  "approach": "Pysonar2",
  "file_path": "google-hashcode-2019-extended-final-round/solver/unused_model.py",
  "lineno": "18",
  "column": "32",
  "context": " -> CompiledFile:\n        name, compilation_time, replication_time = first_row.split(\" \")\n\n        dep_list: tp.List[str]\n        if len(sec",
  "context_lines": "    replication_time: int = attr.ib(converter=int)\n    raw_dependencies: tp.List[str]\n\n    @classmethod\n    def from_rows(cls, first_row: str, second_row: str) -> CompiledFile:\n        name, compilation_time, replication_time = first_row.split(\" \")\n\n        dep_list: tp.List[str]\n        if len(second_row) > 1:\n            dep_list = second_row[2:].rstrip(\"\\n\").split(\" \")\n",
  "slicing": [
   "        name, compilation_time, replication_time = first_row.split(\" \")\n",
   "        return cls(name, compilation_time, replication_time, dep_list)\n"
  ]
 },
 "9": {
  "name": "dep_list",
  "type": "dict",
  "class": "build-in",
  "approach": "annotation",
  "file_path": "google-hashcode-2019-extended-final-round/solver/unused_model.py",
  "lineno": "20",
  "column": "8",
  "context": " replication_time = first_row.split(\" \")\n\n        dep_list: tp.List[str]\n        if len(second_row) > 1:\n            dep_li",
  "context_lines": "    raw_dependencies: tp.List[str]\n\n    @classmethod\n    def from_rows(cls, first_row: str, second_row: str) -> CompiledFile:\n        name, compilation_time, replication_time = first_row.split(\" \")\n\n        dep_list: tp.List[str]\n        if len(second_row) > 1:\n            dep_list = second_row[2:].rstrip(\"\\n\").split(\" \")\n        else:\n            dep_list = []\n\n",
  "slicing": [
   "        dep_list: tp.List[str]\n",
   "        return cls(name, compilation_time, replication_time, dep_list)\n"
  ]
 },
 "10": {
  "name": "dep_list",
  "type": "UNKNOWN",
  "class": "unknown",
  "approach": "Pysonar2",
  "file_path": "google-hashcode-2019-extended-final-round/solver/unused_model.py",
  "lineno": "22",
  "column": "12",
  "context": "[str]\n        if len(second_row) > 1:\n            dep_list = second_row[2:].rstrip(\"\\n\").split(\" \")\n        else:\n            dep_list = []\n\n        r",
  "context_lines": "    def from_rows(cls, first_row: str, second_row: str) -> CompiledFile:\n        name, compilation_time, replication_time = first_row.split(\" \")\n\n        dep_list: tp.List[str]\n        if len(second_row) > 1:\n            dep_list = second_row[2:].rstrip(\"\\n\").split(\" \")\n        else:\n            dep_list = []\n\n        return cls(name, compilation_time, replication_time, dep_list)\n\n    @staticmethod\n",
  "slicing": [
   "            dep_list = second_row[2:].rstrip(\"\\n\").split(\" \")\n",
   "        return cls(name, compilation_time, replication_time, dep_list)\n"
  ]
 },
 "11": {
  "name": "dep_list",
  "type": "list",
  "class": "build-in",
  "approach": "annotation",
  "file_path": "google-hashcode-2019-extended-final-round/solver/unused_model.py",
  "lineno": "24",
  "column": "12",
  "context": "rstrip(\"\\n\").split(\" \")\n        else:\n            dep_list = []\n\n        return cls(name, compilation_time, replic",
  "context_lines": "        dep_list: tp.List[str]\n        if len(second_row) > 1:\n            dep_list = second_row[2:].rstrip(\"\\n\").split(\" \")\n        else:\n            dep_list = []\n\n        return cls(name, compilation_time, replication_time, dep_list)\n\n    @staticmethod\n    def find_in(\n",
  "slicing": [
   "            dep_list = []\n",
   "        return cls(name, compilation_time, replication_time, dep_list)\n"
  ]
 },
 "12": {
  "name": "name",
  "type": "str",
  "class": "build-in",
  "approach": "annotation",
  "file_path": "google-hashcode-2019-extended-final-round/solver/unused_model.py",
  "lineno": "38",
  "column": "4",
  "context": "en=True, auto_attribs=True)\nclass TargetFile:\n    name: str\n    deadline: int = attr.ib(converter=int)\n    goa",
  "context_lines": "        \"\"\"gets the compiled file with given name from a list\"\"\"\n        return next(filter(lambda x: x.name == name, compiled_files_list))\n\n\n@attr.s(slots=True, frozen=True, auto_attribs=True)\nclass TargetFile:\n    name: str\n    deadline: int = attr.ib(converter=int)\n    goal_points: int = attr.ib(converter=int)\n\n    def score(self, completion_time: int) -> int:\n        speed_points: int = self.deadline - completion_time\n",
  "slicing": "    name: str\n"
 },
 "13": {
  "name": "deadline",
  "type": "int",
  "class": "build-in",
  "approach": "annotation",
  "file_path": "google-hashcode-2019-extended-final-round/solver/unused_model.py",
  "lineno": "39",
  "column": "4",
  "context": "attribs=True)\nclass TargetFile:\n    name: str\n    deadline: int = attr.ib(converter=int)\n    goal_points: int = attr.ib(converter=int)\n\n   ",
  "context_lines": "        return next(filter(lambda x: x.name == name, compiled_files_list))\n\n\n@attr.s(slots=True, frozen=True, auto_attribs=True)\nclass TargetFile:\n    name: str\n    deadline: int = attr.ib(converter=int)\n    goal_points: int = attr.ib(converter=int)\n\n    def score(self, completion_time: int) -> int:\n        speed_points: int = self.deadline - completion_time\n        return speed_points + self.goal_points if speed_points >= 0 else 0\n\n",
  "slicing": "    deadline: int = attr.ib(converter=int)\n"
 },
 "14": {
  "name": "goal_points",
  "type": "int",
  "class": "build-in",
  "approach": "annotation",
  "file_path": "google-hashcode-2019-extended-final-round/solver/unused_model.py",
  "lineno": "40",
  "column": "4",
  "context": "tr\n    deadline: int = attr.ib(converter=int)\n    goal_points: int = attr.ib(converter=int)\n\n    def score(self, completion_time: int) -> int:",
  "context_lines": "@attr.s(slots=True, frozen=True, auto_attribs=True)\nclass TargetFile:\n    name: str\n    deadline: int = attr.ib(converter=int)\n    goal_points: int = attr.ib(converter=int)\n\n    def score(self, completion_time: int) -> int:\n        speed_points: int = self.deadline - completion_time\n        return speed_points + self.goal_points if speed_points >= 0 else 0\n\n",
  "slicing": "    goal_points: int = attr.ib(converter=int)\n"
 },
 "15": {
  "name": "speed_points",
  "type": "int",
  "class": "build-in",
  "approach": "annotation",
  "file_path": "google-hashcode-2019-extended-final-round/solver/unused_model.py",
  "lineno": "43",
  "column": "8",
  "context": "score(self, completion_time: int) -> int:\n        speed_points: int = self.deadline - completion_time\n        return speed_points + self.goal_points if ",
  "context_lines": "    name: str\n    deadline: int = attr.ib(converter=int)\n    goal_points: int = attr.ib(converter=int)\n\n    def score(self, completion_time: int) -> int:\n        speed_points: int = self.deadline - completion_time\n        return speed_points + self.goal_points if speed_points >= 0 else 0\n\n    @classmethod\n    def from_row(cls, row: str) -> TargetFile:\n        return cls(*row.split(\" \"))\n\n\n",
  "slicing": [
   "        speed_points: int = self.deadline - completion_time\n",
   "        return speed_points + self.goal_points if speed_points >= 0 else 0\n"
  ]
 },
 "16": {
  "name": "number",
  "type": "int",
  "class": "build-in",
  "approach": "annotation",
  "file_path": "google-hashcode-2019-extended-final-round/solver/unused_model.py",
  "lineno": "53",
  "column": "4",
  "context": "(slots=True, auto_attribs=True)\nclass Server:\n    number: int = attr.ib(converter=int)\n    available_files: tp.Set[CompiledFile] = attr.i",
  "context_lines": "    def from_row(cls, row: str) -> TargetFile:\n        return cls(*row.split(\" \"))\n\n\n@attr.s(slots=True, auto_attribs=True)\nclass Server:\n    number: int = attr.ib(converter=int)\n    available_files: tp.Set[CompiledFile] = attr.ib(default=attr.Factory(set))\n\n\n@attr.s(slots=True, frozen=True, auto_attribs=True)\nclass Step:\n    compiled_file: CompiledFile\n",
  "slicing": "    number: int = attr.ib(converter=int)\n"
 },
 "17": {
  "name": "available_files",
  "type": "dict",
  "class": "build-in",
  "approach": "annotation",
  "file_path": "google-hashcode-2019-extended-final-round/solver/unused_model.py",
  "lineno": "54",
  "column": "4",
  "context": "ver:\n    number: int = attr.ib(converter=int)\n    available_files: tp.Set[CompiledFile] = attr.ib(default=attr.Factory(set))\n\n\n@attr.s(slots=True, frozen=True, auto_attribs=Tr",
  "context_lines": "        return cls(*row.split(\" \"))\n\n\n@attr.s(slots=True, auto_attribs=True)\nclass Server:\n    number: int = attr.ib(converter=int)\n    available_files: tp.Set[CompiledFile] = attr.ib(default=attr.Factory(set))\n\n\n@attr.s(slots=True, frozen=True, auto_attribs=True)\nclass Step:\n    compiled_file: CompiledFile\n",
  "slicing": "    available_files: tp.Set[CompiledFile] = attr.ib(default=attr.Factory(set))\n"
 },
 "18": {
  "name": "compiled_file",
  "type": "CompiledFile",
  "class": "customized",
  "approach": "annotation",
  "file_path": "google-hashcode-2019-extended-final-round/solver/unused_model.py",
  "lineno": "59",
  "column": "4",
  "context": ", frozen=True, auto_attribs=True)\nclass Step:\n    compiled_file: CompiledFile\n    server: Server\n\n\n@attr.s(slots=True, auto_attr",
  "context_lines": "    number: int = attr.ib(converter=int)\n    available_files: tp.Set[CompiledFile] = attr.ib(default=attr.Factory(set))\n\n\n@attr.s(slots=True, frozen=True, auto_attribs=True)\nclass Step:\n    compiled_file: CompiledFile\n    server: Server\n\n\n@attr.s(slots=True, auto_attribs=True)\nclass CompilationSteps:\n    steps: tp.List[Step] = attr.ib(default=attr.Factory(list), init=False)\n",
  "slicing": "    compiled_file: CompiledFile\n"
 },
 "19": {
  "name": "server",
  "type": "Server",
  "class": "customized",
  "approach": "annotation",
  "file_path": "google-hashcode-2019-extended-final-round/solver/unused_model.py",
  "lineno": "60",
  "column": "4",
  "context": ")\nclass Step:\n    compiled_file: CompiledFile\n    server: Server\n\n\n@attr.s(slots=True, auto_attribs=True)\nclass Com",
  "context_lines": "    available_files: tp.Set[CompiledFile] = attr.ib(default=attr.Factory(set))\n\n\n@attr.s(slots=True, frozen=True, auto_attribs=True)\nclass Step:\n    compiled_file: CompiledFile\n    server: Server\n\n\n@attr.s(slots=True, auto_attribs=True)\nclass CompilationSteps:\n    steps: tp.List[Step] = attr.ib(default=attr.Factory(list), init=False)\n",
  "slicing": "    server: Server\n"
 },
 "20": {
  "name": "steps",
  "type": "dict",
  "class": "build-in",
  "approach": "annotation",
  "file_path": "google-hashcode-2019-extended-final-round/solver/unused_model.py",
  "lineno": "65",
  "column": "4",
  "context": "e, auto_attribs=True)\nclass CompilationSteps:\n    steps: tp.List[Step] = attr.ib(default=attr.Factory(list), init=False)\n    score: int = attr.ib(default=0, init=False)\n  ",
  "context_lines": "    compiled_file: CompiledFile\n    server: Server\n\n\n@attr.s(slots=True, auto_attribs=True)\nclass CompilationSteps:\n    steps: tp.List[Step] = attr.ib(default=attr.Factory(list), init=False)\n    score: int = attr.ib(default=0, init=False)\n    targets: tp.Set[TargetFile] = attr.ib(default=attr.Factory(set))\n\n    def add_step(self, step: Step) -> None:\n        self.steps.append(step) #pylint: disable=no-member\n\n",
  "slicing": "    steps: tp.List[Step] = attr.ib(default=attr.Factory(list), init=False)\n"
 },
 "21": {
  "name": "score",
  "type": "int",
  "class": "build-in",
  "approach": "annotation",
  "file_path": "google-hashcode-2019-extended-final-round/solver/unused_model.py",
  "lineno": "66",
  "column": "4",
  "context": "tr.ib(default=attr.Factory(list), init=False)\n    score: int = attr.ib(default=0, init=False)\n    targets: tp.Set[TargetFile] = attr.ib(default=",
  "context_lines": "    server: Server\n\n\n@attr.s(slots=True, auto_attribs=True)\nclass CompilationSteps:\n    steps: tp.List[Step] = attr.ib(default=attr.Factory(list), init=False)\n    score: int = attr.ib(default=0, init=False)\n    targets: tp.Set[TargetFile] = attr.ib(default=attr.Factory(set))\n\n    def add_step(self, step: Step) -> None:\n        self.steps.append(step) #pylint: disable=no-member\n\n    def save(self, outfile: Path) -> None:\n",
  "slicing": "    score: int = attr.ib(default=0, init=False)\n"
 },
 "22": {
  "name": "targets",
  "type": "dict",
  "class": "build-in",
  "approach": "annotation",
  "file_path": "google-hashcode-2019-extended-final-round/solver/unused_model.py",
  "lineno": "67",
  "column": "4",
  "context": "  score: int = attr.ib(default=0, init=False)\n    targets: tp.Set[TargetFile] = attr.ib(default=attr.Factory(set))\n\n    def add_step(self, step: Step) -> None:\n     ",
  "context_lines": "@attr.s(slots=True, auto_attribs=True)\nclass CompilationSteps:\n    steps: tp.List[Step] = attr.ib(default=attr.Factory(list), init=False)\n    score: int = attr.ib(default=0, init=False)\n    targets: tp.Set[TargetFile] = attr.ib(default=attr.Factory(set))\n\n    def add_step(self, step: Step) -> None:\n        self.steps.append(step) #pylint: disable=no-member\n\n    def save(self, outfile: Path) -> None:\n",
  "slicing": "    targets: tp.Set[TargetFile] = attr.ib(default=attr.Factory(set))\n"
 },
 "23": {
  "name": "submission_rows",
  "type": "dict",
  "class": "build-in",
  "approach": "annotation",
  "file_path": "google-hashcode-2019-extended-final-round/solver/unused_model.py",
  "lineno": "73",
  "column": "8",
  "context": "   def save(self, outfile: Path) -> None:\n        submission_rows: tp.List[str] = [\"{}\".format(len(self.steps))] + [\n          \"{} {}\".format(x.compiled_file.name, x.s",
  "context_lines": "    targets: tp.Set[TargetFile] = attr.ib(default=attr.Factory(set))\n\n    def add_step(self, step: Step) -> None:\n        self.steps.append(step) #pylint: disable=no-member\n\n    def save(self, outfile: Path) -> None:\n        submission_rows: tp.List[str] = [\"{}\".format(len(self.steps))] + [\n          \"{} {}\".format(x.compiled_file.name, x.server.number)\n          for x in self.steps #pylint: disable=not-an-iterable\n        ]\n\n",
  "slicing": [
   "        submission_rows: tp.List[str] = [\"{}\".format(len(self.steps))] + [\n",
   "        outfile.write_text(\"\\n\".join(submission_rows))\n"
  ]
 },
 "24": {
  "name": "compilation_time",
  "type": "int",
  "class": "build-in",
  "approach": "annotation",
  "file_path": "google-hashcode-2019-extended-final-round/solver/model.py",
  "lineno": "10",
  "column": "4",
  "context": ", auto_attribs=True)\nclass CompiledFileProps:\n    compilation_time: int = attr.ib(converter=int)\n    replication_time: int = attr.ib(converter=int)",
  "context_lines": "# from pathlib import Path\nimport attr\n\n\n@attr.s(frozen=True, slots=True, auto_attribs=True)\nclass CompiledFileProps:\n    compilation_time: int = attr.ib(converter=int)\n    replication_time: int = attr.ib(converter=int)\n\n\n@attr.s(frozen=True, slots=True, auto_attribs=True)\nclass TargetFileProps(CompiledFileProps):\n    deadline: int = attr.ib(converter=int)\n",
  "slicing": "    compilation_time: int = attr.ib(converter=int)\n"
 },
 "25": {
  "name": "replication_time",
  "type": "int",
  "class": "build-in",
  "approach": "annotation",
  "file_path": "google-hashcode-2019-extended-final-round/solver/model.py",
  "lineno": "11",
  "column": "4",
  "context": "ompilation_time: int = attr.ib(converter=int)\n    replication_time: int = attr.ib(converter=int)\n\n\n@attr.s(frozen=True, slots=True, auto_attribs=Tr",
  "context_lines": "import attr\n\n\n@attr.s(frozen=True, slots=True, auto_attribs=True)\nclass CompiledFileProps:\n    compilation_time: int = attr.ib(converter=int)\n    replication_time: int = attr.ib(converter=int)\n\n\n@attr.s(frozen=True, slots=True, auto_attribs=True)\nclass TargetFileProps(CompiledFileProps):\n    deadline: int = attr.ib(converter=int)\n",
  "slicing": "    replication_time: int = attr.ib(converter=int)\n"
 },
 "26": {
  "name": "deadline",
  "type": "int",
  "class": "build-in",
  "approach": "annotation",
  "file_path": "google-hashcode-2019-extended-final-round/solver/model.py",
  "lineno": "16",
  "column": "4",
  "context": "ue)\nclass TargetFileProps(CompiledFileProps):\n    deadline: int = attr.ib(converter=int)\n    goal_points: int = attr.ib(converter=int)\n\n   ",
  "context_lines": "    compilation_time: int = attr.ib(converter=int)\n    replication_time: int = attr.ib(converter=int)\n\n\n@attr.s(frozen=True, slots=True, auto_attribs=True)\nclass TargetFileProps(CompiledFileProps):\n    deadline: int = attr.ib(converter=int)\n    goal_points: int = attr.ib(converter=int)\n\n    def score(self, completed_time: int) -> int:\n        speed_points: int = self.deadline - completed_time\n",
  "slicing": "    deadline: int = attr.ib(converter=int)\n"
 },
 "27": {
  "name": "goal_points",
  "type": "int",
  "class": "build-in",
  "approach": "annotation",
  "file_path": "google-hashcode-2019-extended-final-round/solver/model.py",
  "lineno": "17",
  "column": "4",
  "context": "):\n    deadline: int = attr.ib(converter=int)\n    goal_points: int = attr.ib(converter=int)\n\n    def score(self, completed_time: int) -> int:\n",
  "context_lines": "    replication_time: int = attr.ib(converter=int)\n\n\n@attr.s(frozen=True, slots=True, auto_attribs=True)\nclass TargetFileProps(CompiledFileProps):\n    deadline: int = attr.ib(converter=int)\n    goal_points: int = attr.ib(converter=int)\n\n    def score(self, completed_time: int) -> int:\n        speed_points: int = self.deadline - completed_time\n",
  "slicing": "    goal_points: int = attr.ib(converter=int)\n"
 },
 "28": {
  "name": "speed_points",
  "type": "int",
  "class": "build-in",
  "approach": "annotation",
  "file_path": "google-hashcode-2019-extended-final-round/solver/model.py",
  "lineno": "20",
  "column": "8",
  "context": " score(self, completed_time: int) -> int:\n        speed_points: int = self.deadline - completed_time\n        return speed_points + self.goal_points if ",
  "context_lines": "class TargetFileProps(CompiledFileProps):\n    deadline: int = attr.ib(converter=int)\n    goal_points: int = attr.ib(converter=int)\n\n    def score(self, completed_time: int) -> int:\n        speed_points: int = self.deadline - completed_time\n",
  "slicing": [
   "        speed_points: int = self.deadline - completed_time\n",
   "        return speed_points + self.goal_points if speed_points >= 0 else 0\n"
  ]
 },
 "29": {
  "name": "lines",
  "type": "dict",
  "class": "build-in",
  "approach": "annotation",
  "file_path": "google-hashcode-2019-extended-final-round/solver/solve.py",
  "lineno": "15",
  "column": "4",
  "context": "                                           ]:\n    lines: tp.List[str] = filename.read_text(encoding=\"UTF-8\").split(\"\\n\")[:-1]\n\n    comp_files_number: int\n    target_files_numbe",
  "context_lines": "                                           tp.List[str],\n                                           tp.List[str],\n                                           int,\n                                           ]:\n    lines: tp.List[str] = filename.read_text(encoding=\"UTF-8\").split(\"\\n\")[:-1]\n\n    comp_files_number: int\n    target_files_number: int\n    servers_number: int\n",
  "slicing": [
   "    lines: tp.List[str] = filename.read_text(encoding=\"UTF-8\").split(\"\\n\")[:-1]\n",
   "      int(x) for x in lines.pop(0).split(\" \")\n",
   "    assert len(lines) == comp_files_number*2 + target_files_number\n",
   "    raw_compiled_files: tp.List[str] = lines[:comp_files_number*2 - 1:2]\n",
   "    raw_dependencies_list: tp.List[str] = lines[1:comp_files_number*2:2]\n",
   "    raw_target_files: tp.List[str] = lines[-target_files_number:]\n",
   "      raw_compiled_files,\n",
   "      raw_dependencies_list,\n",
   "      raw_target_files,\n",
   "      raw_compiled_files, raw_dependencies_list), ascii=True):\n",
   "    for target_file in raw_target_files:\n",
   "        name, deadline, goal_points = target_file.split(\" \")\n",
   "        props: model.CompiledFileProps = dep_graph.nodes[name][\"props\"]\n",
   "        dep_graph.nodes[name][\"props\"] = model.TargetFileProps(\n",
   "          props.compilation_time, props.replication_time, deadline, goal_points\n",
   "        dep_graph.nodes[name][\"is_target\"] = True\n",
   "      raw_compiled_files, raw_dependencies_list, raw_target_files\n",
   "      filter(lambda x: dep_graph.nodes[x][\"is_target\"], dep_graph.nodes)\n",
   "      *list(x + \": \" + str(dep_graph.nodes[x][\"props\"]) for x in targets),\n"
  ]
 },
 "30": {
  "name": "comp_files_number",
  "type": "int",
  "class": "build-in",
  "approach": "annotation",
  "file_path": "google-hashcode-2019-extended-final-round/solver/solve.py",
  "lineno": "17",
  "column": "4",
  "context": "read_text(encoding=\"UTF-8\").split(\"\\n\")[:-1]\n\n    comp_files_number: int\n    target_files_number: int\n    servers_number: i",
  "context_lines": "                                           tp.List[str],\n                                           int,\n                                           ]:\n    lines: tp.List[str] = filename.read_text(encoding=\"UTF-8\").split(\"\\n\")[:-1]\n\n    comp_files_number: int\n    target_files_number: int\n    servers_number: int\n    comp_files_number, target_files_number, servers_number = (\n      int(x) for x in lines.pop(0).split(\" \")\n",
  "slicing": [
   "    comp_files_number: int\n",
   "    assert len(lines) == comp_files_number*2 + target_files_number\n",
   "    raw_compiled_files: tp.List[str] = lines[:comp_files_number*2 - 1:2]\n",
   "    raw_dependencies_list: tp.List[str] = lines[1:comp_files_number*2:2]\n",
   "      raw_compiled_files,\n",
   "      raw_dependencies_list,\n",
   "      raw_compiled_files, raw_dependencies_list), ascii=True):\n",
   "      raw_compiled_files, raw_dependencies_list, raw_target_files\n"
  ]
 },
 "31": {
  "name": "target_files_number",
  "type": "int",
  "class": "build-in",
  "approach": "annotation",
  "file_path": "google-hashcode-2019-extended-final-round/solver/solve.py",
  "lineno": "18",
  "column": "4",
  "context": ".split(\"\\n\")[:-1]\n\n    comp_files_number: int\n    target_files_number: int\n    servers_number: int\n    comp_files_number, tar",
  "context_lines": "                                           int,\n                                           ]:\n    lines: tp.List[str] = filename.read_text(encoding=\"UTF-8\").split(\"\\n\")[:-1]\n\n    comp_files_number: int\n    target_files_number: int\n    servers_number: int\n    comp_files_number, target_files_number, servers_number = (\n      int(x) for x in lines.pop(0).split(\" \")\n    )\n\n",
  "slicing": [
   "    target_files_number: int\n",
   "    assert len(lines) == comp_files_number*2 + target_files_number\n",
   "    raw_target_files: tp.List[str] = lines[-target_files_number:]\n",
   "      raw_target_files,\n",
   "    for target_file in raw_target_files:\n",
   "        name, deadline, goal_points = target_file.split(\" \")\n",
   "        props: model.CompiledFileProps = dep_graph.nodes[name][\"props\"]\n",
   "        dep_graph.nodes[name][\"props\"] = model.TargetFileProps(\n",
   "          props.compilation_time, props.replication_time, deadline, goal_points\n",
   "        dep_graph.nodes[name][\"is_target\"] = True\n",
   "      raw_compiled_files, raw_dependencies_list, raw_target_files\n"
  ]
 },
 "32": {
  "name": "servers_number",
  "type": "int",
  "class": "build-in",
  "approach": "annotation",
  "file_path": "google-hashcode-2019-extended-final-round/solver/solve.py",
  "lineno": "19",
  "column": "4",
  "context": "iles_number: int\n    target_files_number: int\n    servers_number: int\n    comp_files_number, target_files_number, server",
  "context_lines": "                                           ]:\n    lines: tp.List[str] = filename.read_text(encoding=\"UTF-8\").split(\"\\n\")[:-1]\n\n    comp_files_number: int\n    target_files_number: int\n    servers_number: int\n    comp_files_number, target_files_number, servers_number = (\n      int(x) for x in lines.pop(0).split(\" \")\n    )\n\n    assert len(lines) == comp_files_number*2 + target_files_number\n\n",
  "slicing": [
   "    servers_number: int\n",
   "      servers_number,\n"
  ]
 },
 "33": {
  "name": "comp_files_number",
  "type": "int",
  "class": "build-in",
  "approach": "Pysonar2",
  "file_path": "google-hashcode-2019-extended-final-round/solver/solve.py",
  "lineno": "20",
  "column": "4",
  "context": "get_files_number: int\n    servers_number: int\n    comp_files_number, target_files_number, servers_number = (\n      int(x) for x in lines.pop(0).split(\" \")\n    ",
  "context_lines": "    lines: tp.List[str] = filename.read_text(encoding=\"UTF-8\").split(\"\\n\")[:-1]\n\n    comp_files_number: int\n    target_files_number: int\n    servers_number: int\n    comp_files_number, target_files_number, servers_number = (\n      int(x) for x in lines.pop(0).split(\" \")\n    )\n\n    assert len(lines) == comp_files_number*2 + target_files_number\n\n    raw_compiled_files: tp.List[str] = lines[:comp_files_number*2 - 1:2]\n",
  "slicing": [
   "    comp_files_number, target_files_number, servers_number = (\n",
   "    assert len(lines) == comp_files_number*2 + target_files_number\n",
   "    raw_compiled_files: tp.List[str] = lines[:comp_files_number*2 - 1:2]\n",
   "    raw_dependencies_list: tp.List[str] = lines[1:comp_files_number*2:2]\n",
   "      raw_compiled_files,\n",
   "      raw_dependencies_list,\n",
   "      raw_compiled_files, raw_dependencies_list), ascii=True):\n",
   "      raw_compiled_files, raw_dependencies_list, raw_target_files\n"
  ]
 },
 "34": {
  "name": "target_files_number",
  "type": "int",
  "class": "build-in",
  "approach": "Pysonar2",
  "file_path": "google-hashcode-2019-extended-final-round/solver/solve.py",
  "lineno": "20",
  "column": "23",
  "context": "nt\n    servers_number: int\n    comp_files_number, target_files_number, servers_number = (\n      int(x) for x in lines.pop(0).split(\" \")\n    ",
  "context_lines": "    lines: tp.List[str] = filename.read_text(encoding=\"UTF-8\").split(\"\\n\")[:-1]\n\n    comp_files_number: int\n    target_files_number: int\n    servers_number: int\n    comp_files_number, target_files_number, servers_number = (\n      int(x) for x in lines.pop(0).split(\" \")\n    )\n\n    assert len(lines) == comp_files_number*2 + target_files_number\n\n    raw_compiled_files: tp.List[str] = lines[:comp_files_number*2 - 1:2]\n",
  "slicing": [
   "    comp_files_number, target_files_number, servers_number = (\n",
   "    assert len(lines) == comp_files_number*2 + target_files_number\n",
   "    raw_target_files: tp.List[str] = lines[-target_files_number:]\n",
   "      raw_target_files,\n",
   "    for target_file in raw_target_files:\n",
   "        name, deadline, goal_points = target_file.split(\" \")\n",
   "        props: model.CompiledFileProps = dep_graph.nodes[name][\"props\"]\n",
   "        dep_graph.nodes[name][\"props\"] = model.TargetFileProps(\n",
   "          props.compilation_time, props.replication_time, deadline, goal_points\n",
   "        dep_graph.nodes[name][\"is_target\"] = True\n",
   "      raw_compiled_files, raw_dependencies_list, raw_target_files\n"
  ]
 },
 "35": {
  "name": "servers_number",
  "type": "int",
  "class": "build-in",
  "approach": "Pysonar2",
  "file_path": "google-hashcode-2019-extended-final-round/solver/solve.py",
  "lineno": "20",
  "column": "44",
  "context": ": int\n    comp_files_number, target_files_number, servers_number = (\n      int(x) for x in lines.pop(0).split(\" \")\n    ",
  "context_lines": "    lines: tp.List[str] = filename.read_text(encoding=\"UTF-8\").split(\"\\n\")[:-1]\n\n    comp_files_number: int\n    target_files_number: int\n    servers_number: int\n    comp_files_number, target_files_number, servers_number = (\n      int(x) for x in lines.pop(0).split(\" \")\n    )\n\n    assert len(lines) == comp_files_number*2 + target_files_number\n\n    raw_compiled_files: tp.List[str] = lines[:comp_files_number*2 - 1:2]\n",
  "slicing": [
   "    comp_files_number, target_files_number, servers_number = (\n",
   "      servers_number,\n"
  ]
 },
 "36": {
  "name": "raw_compiled_files",
  "type": "dict",
  "class": "build-in",
  "approach": "annotation",
  "file_path": "google-hashcode-2019-extended-final-round/solver/solve.py",
  "lineno": "26",
  "column": "4",
  "context": "== comp_files_number*2 + target_files_number\n\n    raw_compiled_files: tp.List[str] = lines[:comp_files_number*2 - 1:2]\n    raw_dependencies_list: tp.List[str] = lines[1:",
  "context_lines": "    comp_files_number, target_files_number, servers_number = (\n      int(x) for x in lines.pop(0).split(\" \")\n    )\n\n    assert len(lines) == comp_files_number*2 + target_files_number\n\n    raw_compiled_files: tp.List[str] = lines[:comp_files_number*2 - 1:2]\n    raw_dependencies_list: tp.List[str] = lines[1:comp_files_number*2:2]\n    raw_target_files: tp.List[str] = lines[-target_files_number:]\n\n    return (\n      raw_compiled_files,\n",
  "slicing": [
   "    raw_compiled_files: tp.List[str] = lines[:comp_files_number*2 - 1:2]\n",
   "      raw_compiled_files,\n",
   "      raw_compiled_files, raw_dependencies_list), ascii=True):\n",
   "      raw_compiled_files, raw_dependencies_list, raw_target_files\n"
  ]
 },
 "37": {
  "name": "raw_dependencies_list",
  "type": "dict",
  "class": "build-in",
  "approach": "annotation",
  "file_path": "google-hashcode-2019-extended-final-round/solver/solve.py",
  "lineno": "27",
  "column": "4",
  "context": "List[str] = lines[:comp_files_number*2 - 1:2]\n    raw_dependencies_list: tp.List[str] = lines[1:comp_files_number*2:2]\n    raw_target_files: tp.List[str] = lines[-target",
  "context_lines": "      int(x) for x in lines.pop(0).split(\" \")\n    )\n\n    assert len(lines) == comp_files_number*2 + target_files_number\n\n    raw_compiled_files: tp.List[str] = lines[:comp_files_number*2 - 1:2]\n    raw_dependencies_list: tp.List[str] = lines[1:comp_files_number*2:2]\n    raw_target_files: tp.List[str] = lines[-target_files_number:]\n\n    return (\n      raw_compiled_files,\n      raw_dependencies_list,\n",
  "slicing": [
   "    raw_dependencies_list: tp.List[str] = lines[1:comp_files_number*2:2]\n",
   "      raw_dependencies_list,\n",
   "      raw_compiled_files, raw_dependencies_list), ascii=True):\n",
   "      raw_compiled_files, raw_dependencies_list, raw_target_files\n"
  ]
 },
 "38": {
  "name": "raw_target_files",
  "type": "dict",
  "class": "build-in",
  "approach": "annotation",
  "file_path": "google-hashcode-2019-extended-final-round/solver/solve.py",
  "lineno": "28",
  "column": "4",
  "context": "tp.List[str] = lines[1:comp_files_number*2:2]\n    raw_target_files: tp.List[str] = lines[-target_files_number:]\n\n    return (\n      raw_compiled_files,\n      raw_",
  "context_lines": "    )\n\n    assert len(lines) == comp_files_number*2 + target_files_number\n\n    raw_compiled_files: tp.List[str] = lines[:comp_files_number*2 - 1:2]\n    raw_dependencies_list: tp.List[str] = lines[1:comp_files_number*2:2]\n    raw_target_files: tp.List[str] = lines[-target_files_number:]\n\n    return (\n      raw_compiled_files,\n      raw_dependencies_list,\n",
  "slicing": [
   "    raw_target_files: tp.List[str] = lines[-target_files_number:]\n",
   "      raw_target_files,\n",
   "    for target_file in raw_target_files:\n",
   "        name, deadline, goal_points = target_file.split(\" \")\n",
   "        props: model.CompiledFileProps = dep_graph.nodes[name][\"props\"]\n",
   "        dep_graph.nodes[name][\"props\"] = model.TargetFileProps(\n",
   "          props.compilation_time, props.replication_time, deadline, goal_points\n",
   "        dep_graph.nodes[name][\"is_target\"] = True\n",
   "      raw_compiled_files, raw_dependencies_list, raw_target_files\n"
  ]
 },
 "39": {
  "name": "dep_graph",
  "type": "UNKNOWN",
  "class": "unknown",
  "approach": "Pysonar2",
  "file_path": "google-hashcode-2019-extended-final-round/solver/solve.py",
  "lineno": "43",
  "column": "4",
  "context": "_target_files: tp.List[str],\n) -> nx.DiGraph:\n    dep_graph: nx.DiGraph = nx.DiGraph()\n\n    for compiled_file, dependencies in tqdm(zip(\n",
  "context_lines": "  raw_compiled_files: tp.List[str],\n  raw_dependencies_list: tp.List[str],\n  raw_target_files: tp.List[str],\n) -> nx.DiGraph:\n    dep_graph: nx.DiGraph = nx.DiGraph()\n\n    for compiled_file, dependencies in tqdm(zip(\n      raw_compiled_files, raw_dependencies_list), ascii=True):\n\n        name, compilation_time, replication_time = compiled_file.split(\" \")\n",
  "slicing": [
   "    dep_graph: nx.DiGraph = nx.DiGraph()\n",
   "        dep_graph.add_node(\n",
   "                dep_graph.add_edge(name, dependency)\n",
   "        props: model.CompiledFileProps = dep_graph.nodes[name][\"props\"]\n",
   "        dep_graph.nodes[name][\"props\"] = model.TargetFileProps(\n",
   "          props.compilation_time, props.replication_time, deadline, goal_points\n",
   "        dep_graph.nodes[name][\"is_target\"] = True\n",
   "    return dep_graph\n",
   "      filter(lambda x: dep_graph.nodes[x][\"is_target\"], dep_graph.nodes)\n",
   "      *list(x + \": \" + str(dep_graph.nodes[x][\"props\"]) for x in targets),\n"
  ]
 },
 "40": {
  "name": "name",
  "type": "UNKNOWN",
  "class": "unknown",
  "approach": "Pysonar2",
  "file_path": "google-hashcode-2019-extended-final-round/solver/solve.py",
  "lineno": "48",
  "column": "8",
  "context": "es, raw_dependencies_list), ascii=True):\n\n        name, compilation_time, replication_time = compiled_file.split(\" \")\n        dep_graph.add_node(\n          name,\n      ",
  "context_lines": ") -> nx.DiGraph:\n    dep_graph: nx.DiGraph = nx.DiGraph()\n\n    for compiled_file, dependencies in tqdm(zip(\n      raw_compiled_files, raw_dependencies_list), ascii=True):\n\n        name, compilation_time, replication_time = compiled_file.split(\" \")\n        dep_graph.add_node(\n          name,\n          props=model.CompiledFileProps(compilation_time, replication_time),\n          is_target=False\n",
  "slicing": [
   "        name, compilation_time, replication_time = compiled_file.split(\" \")\n",
   "          name,\n",
   "                dep_graph.add_edge(name, dependency)\n",
   "        props: model.CompiledFileProps = dep_graph.nodes[name][\"props\"]\n",
   "        dep_graph.nodes[name][\"props\"] = model.TargetFileProps(\n",
   "          props.compilation_time, props.replication_time, deadline, goal_points\n",
   "        dep_graph.nodes[name][\"is_target\"] = True\n"
  ]
 },
 "41": {
  "name": "compilation_time",
  "type": "UNKNOWN",
  "class": "unknown",
  "approach": "Pysonar2",
  "file_path": "google-hashcode-2019-extended-final-round/solver/solve.py",
  "lineno": "48",
  "column": "14",
  "context": "w_dependencies_list), ascii=True):\n\n        name, compilation_time, replication_time = compiled_file.split(\" \")\n        dep_graph.add_node(\n          name,\n      ",
  "context_lines": ") -> nx.DiGraph:\n    dep_graph: nx.DiGraph = nx.DiGraph()\n\n    for compiled_file, dependencies in tqdm(zip(\n      raw_compiled_files, raw_dependencies_list), ascii=True):\n\n        name, compilation_time, replication_time = compiled_file.split(\" \")\n        dep_graph.add_node(\n          name,\n          props=model.CompiledFileProps(compilation_time, replication_time),\n          is_target=False\n",
  "slicing": [
   "        name, compilation_time, replication_time = compiled_file.split(\" \")\n",
   "          props=model.CompiledFileProps(compilation_time, replication_time),\n"
  ]
 },
 "42": {
  "name": "replication_time",
  "type": "UNKNOWN",
  "class": "unknown",
  "approach": "Pysonar2",
  "file_path": "google-hashcode-2019-extended-final-round/solver/solve.py",
  "lineno": "48",
  "column": "32",
  "context": "t), ascii=True):\n\n        name, compilation_time, replication_time = compiled_file.split(\" \")\n        dep_graph.add_node(\n          name,\n      ",
  "context_lines": ") -> nx.DiGraph:\n    dep_graph: nx.DiGraph = nx.DiGraph()\n\n    for compiled_file, dependencies in tqdm(zip(\n      raw_compiled_files, raw_dependencies_list), ascii=True):\n\n        name, compilation_time, replication_time = compiled_file.split(\" \")\n        dep_graph.add_node(\n          name,\n          props=model.CompiledFileProps(compilation_time, replication_time),\n          is_target=False\n",
  "slicing": [
   "        name, compilation_time, replication_time = compiled_file.split(\" \")\n",
   "          props=model.CompiledFileProps(compilation_time, replication_time),\n"
  ]
 },
 "43": {
  "name": "destinations",
  "type": "UNKNOWN",
  "class": "unknown",
  "approach": "Pysonar2",
  "file_path": "google-hashcode-2019-extended-final-round/solver/solve.py",
  "lineno": "55",
  "column": "12",
  "context": "  )\n        if len(dependencies) > 2:\n            destinations = dependencies[2:].split(\" \")\n            for dependency in destinations:\n      ",
  "context_lines": "          props=model.CompiledFileProps(compilation_time, replication_time),\n          is_target=False\n        )\n        if len(dependencies) > 2:\n            destinations = dependencies[2:].split(\" \")\n            for dependency in destinations:\n                dep_graph.add_edge(name, dependency)\n\n    for target_file in raw_target_files:\n        name, deadline, goal_points = target_file.split(\" \")\n\n",
  "slicing": [
   "            destinations = dependencies[2:].split(\" \")\n",
   "            for dependency in destinations:\n",
   "                dep_graph.add_edge(name, dependency)\n"
  ]
 },
 "44": {
  "name": "name",
  "type": "UNKNOWN",
  "class": "unknown",
  "approach": "Pysonar2",
  "file_path": "google-hashcode-2019-extended-final-round/solver/solve.py",
  "lineno": "60",
  "column": "8",
  "context": "\n    for target_file in raw_target_files:\n        name, deadline, goal_points = target_file.split(\" \")\n\n        props: model.CompiledFileProps = dep_grap",
  "context_lines": "            destinations = dependencies[2:].split(\" \")\n            for dependency in destinations:\n                dep_graph.add_edge(name, dependency)\n\n    for target_file in raw_target_files:\n        name, deadline, goal_points = target_file.split(\" \")\n\n        props: model.CompiledFileProps = dep_graph.nodes[name][\"props\"]\n\n        dep_graph.nodes[name][\"props\"] = model.TargetFileProps(\n          props.compilation_time, props.replication_time, deadline, goal_points\n",
  "slicing": [
   "        name, deadline, goal_points = target_file.split(\" \")\n",
   "        props: model.CompiledFileProps = dep_graph.nodes[name][\"props\"]\n",
   "        dep_graph.nodes[name][\"props\"] = model.TargetFileProps(\n",
   "          props.compilation_time, props.replication_time, deadline, goal_points\n",
   "        dep_graph.nodes[name][\"is_target\"] = True\n"
  ]
 },
 "45": {
  "name": "deadline",
  "type": "UNKNOWN",
  "class": "unknown",
  "approach": "Pysonar2",
  "file_path": "google-hashcode-2019-extended-final-round/solver/solve.py",
  "lineno": "60",
  "column": "14",
  "context": "or target_file in raw_target_files:\n        name, deadline, goal_points = target_file.split(\" \")\n\n        props: model.CompiledFileProps = dep_grap",
  "context_lines": "            destinations = dependencies[2:].split(\" \")\n            for dependency in destinations:\n                dep_graph.add_edge(name, dependency)\n\n    for target_file in raw_target_files:\n        name, deadline, goal_points = target_file.split(\" \")\n\n        props: model.CompiledFileProps = dep_graph.nodes[name][\"props\"]\n\n        dep_graph.nodes[name][\"props\"] = model.TargetFileProps(\n          props.compilation_time, props.replication_time, deadline, goal_points\n",
  "slicing": [
   "        name, deadline, goal_points = target_file.split(\" \")\n",
   "          props.compilation_time, props.replication_time, deadline, goal_points\n"
  ]
 },
 "46": {
  "name": "goal_points",
  "type": "UNKNOWN",
  "class": "unknown",
  "approach": "Pysonar2",
  "file_path": "google-hashcode-2019-extended-final-round/solver/solve.py",
  "lineno": "60",
  "column": "24",
  "context": "file in raw_target_files:\n        name, deadline, goal_points = target_file.split(\" \")\n\n        props: model.CompiledFileProps = dep_grap",
  "context_lines": "            destinations = dependencies[2:].split(\" \")\n            for dependency in destinations:\n                dep_graph.add_edge(name, dependency)\n\n    for target_file in raw_target_files:\n        name, deadline, goal_points = target_file.split(\" \")\n\n        props: model.CompiledFileProps = dep_graph.nodes[name][\"props\"]\n\n        dep_graph.nodes[name][\"props\"] = model.TargetFileProps(\n          props.compilation_time, props.replication_time, deadline, goal_points\n",
  "slicing": [
   "        name, deadline, goal_points = target_file.split(\" \")\n",
   "          props.compilation_time, props.replication_time, deadline, goal_points\n"
  ]
 },
 "47": {
  "name": "props",
  "type": "UNKNOWN",
  "class": "unknown",
  "approach": "Pysonar2",
  "file_path": "google-hashcode-2019-extended-final-round/solver/solve.py",
  "lineno": "62",
  "column": "8",
  "context": "ne, goal_points = target_file.split(\" \")\n\n        props: model.CompiledFileProps = dep_graph.nodes[name][\"props\"]\n\n        dep_graph.nodes[name][\"props\"] = model.Ta",
  "context_lines": "            for dependency in destinations:\n                dep_graph.add_edge(name, dependency)\n\n    for target_file in raw_target_files:\n        name, deadline, goal_points = target_file.split(\" \")\n\n        props: model.CompiledFileProps = dep_graph.nodes[name][\"props\"]\n\n        dep_graph.nodes[name][\"props\"] = model.TargetFileProps(\n          props.compilation_time, props.replication_time, deadline, goal_points\n        )\n",
  "slicing": [
   "        props: model.CompiledFileProps = dep_graph.nodes[name][\"props\"]\n",
   "          props.compilation_time, props.replication_time, deadline, goal_points\n"
  ]
 },
 "48": {
  "name": "raw_compiled_files",
  "type": "UNKNOWN",
  "class": "unknown",
  "approach": "annotation",
  "file_path": "google-hashcode-2019-extended-final-round/solver/solve.py",
  "lineno": "74",
  "column": "6",
  "context": "\n\ndef _solve(filename: Path) -> None:\n    (\n      raw_compiled_files,\n      raw_dependencies_list,\n      raw_target_file",
  "context_lines": "        dep_graph.nodes[name][\"is_target\"] = True\n\n    return dep_graph\n\n\ndef _solve(filename: Path) -> None:\n    (\n      raw_compiled_files,\n      raw_dependencies_list,\n      raw_target_files,\n      servers_number,\n    ) = parse_file(filename)\n\n",
  "slicing": [
   "      raw_compiled_files,\n",
   "      raw_compiled_files, raw_dependencies_list, raw_target_files\n"
  ]
 },
 "49": {
  "name": "raw_dependencies_list",
  "type": "UNKNOWN",
  "class": "unknown",
  "approach": "annotation",
  "file_path": "google-hashcode-2019-extended-final-round/solver/solve.py",
  "lineno": "75",
  "column": "6",
  "context": "h) -> None:\n    (\n      raw_compiled_files,\n      raw_dependencies_list,\n      raw_target_files,\n      servers_number,\n    ",
  "context_lines": "    return dep_graph\n\n\ndef _solve(filename: Path) -> None:\n    (\n      raw_compiled_files,\n      raw_dependencies_list,\n      raw_target_files,\n      servers_number,\n    ) = parse_file(filename)\n\n    dep_graph = build_graph(\n",
  "slicing": [
   "      raw_dependencies_list,\n",
   "      raw_compiled_files, raw_dependencies_list, raw_target_files\n"
  ]
 },
 "50": {
  "name": "raw_target_files",
  "type": "UNKNOWN",
  "class": "unknown",
  "approach": "annotation",
  "file_path": "google-hashcode-2019-extended-final-round/solver/solve.py",
  "lineno": "76",
  "column": "6",
  "context": "ompiled_files,\n      raw_dependencies_list,\n      raw_target_files,\n      servers_number,\n    ) = parse_file(filename)",
  "context_lines": "def _solve(filename: Path) -> None:\n    (\n      raw_compiled_files,\n      raw_dependencies_list,\n      raw_target_files,\n      servers_number,\n    ) = parse_file(filename)\n\n    dep_graph = build_graph(\n      raw_compiled_files, raw_dependencies_list, raw_target_files\n",
  "slicing": [
   "      raw_target_files,\n",
   "      raw_compiled_files, raw_dependencies_list, raw_target_files\n"
  ]
 },
 "51": {
  "name": "servers_number",
  "type": "UNKNOWN",
  "class": "unknown",
  "approach": "annotation",
  "file_path": "google-hashcode-2019-extended-final-round/solver/solve.py",
  "lineno": "77",
  "column": "6",
  "context": "_dependencies_list,\n      raw_target_files,\n      servers_number,\n    ) = parse_file(filename)\n\n    dep_graph = buil",
  "context_lines": "    (\n      raw_compiled_files,\n      raw_dependencies_list,\n      raw_target_files,\n      servers_number,\n    ) = parse_file(filename)\n\n    dep_graph = build_graph(\n      raw_compiled_files, raw_dependencies_list, raw_target_files\n    )\n\n",
  "slicing": "      servers_number,\n"
 },
 "52": {
  "name": "dep_graph",
  "type": "UNKNOWN",
  "class": "unknown",
  "approach": "annotation",
  "file_path": "google-hashcode-2019-extended-final-round/solver/solve.py",
  "lineno": "80",
  "column": "4",
  "context": "servers_number,\n    ) = parse_file(filename)\n\n    dep_graph = build_graph(\n      raw_compiled_files, raw_dependencies_list, r",
  "context_lines": "      raw_dependencies_list,\n      raw_target_files,\n      servers_number,\n    ) = parse_file(filename)\n\n    dep_graph = build_graph(\n      raw_compiled_files, raw_dependencies_list, raw_target_files\n    )\n\n    targets = list(\n      filter(lambda x: dep_graph.nodes[x][\"is_target\"], dep_graph.nodes)\n",
  "slicing": [
   "    dep_graph = build_graph(\n",
   "      filter(lambda x: dep_graph.nodes[x][\"is_target\"], dep_graph.nodes)\n",
   "      *list(x + \": \" + str(dep_graph.nodes[x][\"props\"]) for x in targets),\n"
  ]
 },
 "53": {
  "name": "targets",
  "type": "list",
  "class": "build-in",
  "approach": "annotation",
  "file_path": "google-hashcode-2019-extended-final-round/solver/solve.py",
  "lineno": "84",
  "column": "4",
  "context": "aw_dependencies_list, raw_target_files\n    )\n\n    targets = list(\n      filter(lambda x: dep_graph.nodes[x][\"is_targ",
  "context_lines": "    ) = parse_file(filename)\n\n    dep_graph = build_graph(\n      raw_compiled_files, raw_dependencies_list, raw_target_files\n    )\n\n    targets = list(\n      filter(lambda x: dep_graph.nodes[x][\"is_target\"], dep_graph.nodes)\n    )\n\n    print(\n      *list(x + \": \" + str(dep_graph.nodes[x][\"props\"]) for x in targets),\n",
  "slicing": [
   "    targets = list(\n",
   "      *list(x + \": \" + str(dep_graph.nodes[x][\"props\"]) for x in targets),\n"
  ]
 },
 "54": {
  "name": "cls",
  "type": "CompiledFile",
  "class": "customized",
  "approach": "Pysonar2",
  "file_path": "google-hashcode-2019-extended-final-round/solver/unused_model.py",
  "lineno": "17",
  "column": "18",
  "context": " tp.List[str]\n\n    @classmethod\n    def from_rows(cls, first_row: str, second_row: str) -> CompiledFile:\n        name, compilation_time, replication_time =",
  "context_lines": "    compilation_time: int = attr.ib(converter=int)\n    replication_time: int = attr.ib(converter=int)\n    raw_dependencies: tp.List[str]\n\n    @classmethod\n    def from_rows(cls, first_row: str, second_row: str) -> CompiledFile:\n        name, compilation_time, replication_time = first_row.split(\" \")\n\n        dep_list: tp.List[str]\n        if len(second_row) > 1:\n            dep_list = second_row[2:].rstrip(\"\\n\").split(\" \")\n",
  "slicing": "    def from_rows(cls, first_row: str, second_row: str) -> CompiledFile:\n"
 },
 "55": {
  "name": "first_row",
  "type": "str",
  "class": "build-in",
  "approach": "annotation",
  "file_path": "google-hashcode-2019-extended-final-round/solver/unused_model.py",
  "lineno": "17",
  "column": "23",
  "context": "ist[str]\n\n    @classmethod\n    def from_rows(cls, first_row: str, second_row: str) -> CompiledFile:\n        name, compilation_time, replication_time =",
  "context_lines": "    compilation_time: int = attr.ib(converter=int)\n    replication_time: int = attr.ib(converter=int)\n    raw_dependencies: tp.List[str]\n\n    @classmethod\n    def from_rows(cls, first_row: str, second_row: str) -> CompiledFile:\n        name, compilation_time, replication_time = first_row.split(\" \")\n\n        dep_list: tp.List[str]\n        if len(second_row) > 1:\n            dep_list = second_row[2:].rstrip(\"\\n\").split(\" \")\n",
  "slicing": "    def from_rows(cls, first_row: str, second_row: str) -> CompiledFile:\n"
 },
 "56": {
  "name": "second_row",
  "type": "str",
  "class": "build-in",
  "approach": "annotation",
  "file_path": "google-hashcode-2019-extended-final-round/solver/unused_model.py",
  "lineno": "17",
  "column": "39",
  "context": "lassmethod\n    def from_rows(cls, first_row: str, second_row: str) -> CompiledFile:\n        name, compilation_time, replication_time =",
  "context_lines": "    compilation_time: int = attr.ib(converter=int)\n    replication_time: int = attr.ib(converter=int)\n    raw_dependencies: tp.List[str]\n\n    @classmethod\n    def from_rows(cls, first_row: str, second_row: str) -> CompiledFile:\n        name, compilation_time, replication_time = first_row.split(\" \")\n\n        dep_list: tp.List[str]\n        if len(second_row) > 1:\n            dep_list = second_row[2:].rstrip(\"\\n\").split(\" \")\n",
  "slicing": "    def from_rows(cls, first_row: str, second_row: str) -> CompiledFile:\n"
 },
 "57": {
  "name": "compiled_files_list",
  "type": "dict",
  "class": "build-in",
  "approach": "annotation",
  "file_path": "google-hashcode-2019-extended-final-round/solver/unused_model.py",
  "lineno": "30",
  "column": "6",
  "context": "p_list)\n\n    @staticmethod\n    def find_in(\n      compiled_files_list: tp.List[CompiledFile], name: str\n    ) -> CompiledFile:\n        \"\"\"gets the compile",
  "context_lines": "            dep_list = []\n\n        return cls(name, compilation_time, replication_time, dep_list)\n\n    @staticmethod\n    def find_in(\n      compiled_files_list: tp.List[CompiledFile], name: str\n    ) -> CompiledFile:\n        \"\"\"gets the compiled file with given name from a list\"\"\"\n        return next(filter(lambda x: x.name == name, compiled_files_list))\n\n\n@attr.s(slots=True, frozen=True, auto_attribs=True)\n",
  "slicing": "      compiled_files_list: tp.List[CompiledFile], name: str\n"
 },
 "58": {
  "name": "name",
  "type": "str",
  "class": "build-in",
  "approach": "annotation",
  "file_path": "google-hashcode-2019-extended-final-round/solver/unused_model.py",
  "lineno": "30",
  "column": "50",
  "context": "      compiled_files_list: tp.List[CompiledFile], name: str\n    ) -> CompiledFile:\n        \"\"\"gets the compile",
  "context_lines": "            dep_list = []\n\n        return cls(name, compilation_time, replication_time, dep_list)\n\n    @staticmethod\n    def find_in(\n      compiled_files_list: tp.List[CompiledFile], name: str\n    ) -> CompiledFile:\n        \"\"\"gets the compiled file with given name from a list\"\"\"\n        return next(filter(lambda x: x.name == name, compiled_files_list))\n\n\n@attr.s(slots=True, frozen=True, auto_attribs=True)\n",
  "slicing": "      compiled_files_list: tp.List[CompiledFile], name: str\n"
 },
 "59": {
  "name": "completion_time",
  "type": "int",
  "class": "build-in",
  "approach": "annotation",
  "file_path": "google-hashcode-2019-extended-final-round/solver/unused_model.py",
  "lineno": "42",
  "column": "20",
  "context": "int = attr.ib(converter=int)\n\n    def score(self, completion_time: int) -> int:\n        speed_points: int = self.deadline - comple",
  "context_lines": "class TargetFile:\n    name: str\n    deadline: int = attr.ib(converter=int)\n    goal_points: int = attr.ib(converter=int)\n\n    def score(self, completion_time: int) -> int:\n        speed_points: int = self.deadline - completion_time\n        return speed_points + self.goal_points if speed_points >= 0 else 0\n\n    @classmethod\n    def from_row(cls, row: str) -> TargetFile:\n",
  "slicing": "    def score(self, completion_time: int) -> int:\n"
 },
 "60": {
  "name": "cls",
  "type": "TargetFile",
  "class": "customized",
  "approach": "Pysonar2",
  "file_path": "google-hashcode-2019-extended-final-round/solver/unused_model.py",
  "lineno": "47",
  "column": "17",
  "context": "ts >= 0 else 0\n\n    @classmethod\n    def from_row(cls, row: str) -> TargetFile:\n        return cls(*row.split(\" \"))\n\n\n@attr.s(slot",
  "context_lines": "    def score(self, completion_time: int) -> int:\n        speed_points: int = self.deadline - completion_time\n        return speed_points + self.goal_points if speed_points >= 0 else 0\n\n    @classmethod\n    def from_row(cls, row: str) -> TargetFile:\n        return cls(*row.split(\" \"))\n\n\n@attr.s(slots=True, auto_attribs=True)\nclass Server:\n    number: int = attr.ib(converter=int)\n",
  "slicing": "    def from_row(cls, row: str) -> TargetFile:\n"
 },
 "61": {
  "name": "row",
  "type": "str",
  "class": "build-in",
  "approach": "annotation",
  "file_path": "google-hashcode-2019-extended-final-round/solver/unused_model.py",
  "lineno": "47",
  "column": "22",
  "context": " 0 else 0\n\n    @classmethod\n    def from_row(cls, row: str) -> TargetFile:\n        return cls(*row.split(\" \"))\n\n\n@attr.s(slot",
  "context_lines": "    def score(self, completion_time: int) -> int:\n        speed_points: int = self.deadline - completion_time\n        return speed_points + self.goal_points if speed_points >= 0 else 0\n\n    @classmethod\n    def from_row(cls, row: str) -> TargetFile:\n        return cls(*row.split(\" \"))\n\n\n@attr.s(slots=True, auto_attribs=True)\nclass Server:\n    number: int = attr.ib(converter=int)\n",
  "slicing": "    def from_row(cls, row: str) -> TargetFile:\n"
 },
 "62": {
  "name": "step",
  "type": "Step",
  "class": "customized",
  "approach": "annotation",
  "file_path": "google-hashcode-2019-extended-final-round/solver/unused_model.py",
  "lineno": "69",
  "column": "23",
  "context": "efault=attr.Factory(set))\n\n    def add_step(self, step: Step) -> None:\n        self.steps.append(step) #pylint: disable=n",
  "context_lines": "class CompilationSteps:\n    steps: tp.List[Step] = attr.ib(default=attr.Factory(list), init=False)\n    score: int = attr.ib(default=0, init=False)\n    targets: tp.Set[TargetFile] = attr.ib(default=attr.Factory(set))\n\n    def add_step(self, step: Step) -> None:\n        self.steps.append(step) #pylint: disable=no-member\n\n    def save(self, outfile: Path) -> None:\n        submission_rows: tp.List[str] = [\"{}\".format(len(self.steps))] + [\n          \"{} {}\".format(x.compiled_file.name, x.server.number)\n",
  "slicing": "    def add_step(self, step: Step) -> None:\n"
 },
 "63": {
  "name": "outfile",
  "type": "UNKNOWN",
  "class": "unknown",
  "approach": "annotation",
  "file_path": "google-hashcode-2019-extended-final-round/solver/unused_model.py",
  "lineno": "72",
  "column": "19",
  "context": "p) #pylint: disable=no-member\n\n    def save(self, outfile: Path) -> None:\n        submission_rows: tp.List[str] = [\"{}\".form",
  "context_lines": "    score: int = attr.ib(default=0, init=False)\n    targets: tp.Set[TargetFile] = attr.ib(default=attr.Factory(set))\n\n    def add_step(self, step: Step) -> None:\n        self.steps.append(step) #pylint: disable=no-member\n\n    def save(self, outfile: Path) -> None:\n        submission_rows: tp.List[str] = [\"{}\".format(len(self.steps))] + [\n          \"{} {}\".format(x.compiled_file.name, x.server.number)\n          for x in self.steps #pylint: disable=not-an-iterable\n        ]\n\n",
  "slicing": "    def save(self, outfile: Path) -> None:\n"
 },
 "64": {
  "name": "completed_time",
  "type": "int",
  "class": "build-in",
  "approach": "annotation",
  "file_path": "google-hashcode-2019-extended-final-round/solver/model.py",
  "lineno": "19",
  "column": "20",
  "context": "int = attr.ib(converter=int)\n\n    def score(self, completed_time: int) -> int:\n        speed_points: int = self.deadline - comple",
  "context_lines": "@attr.s(frozen=True, slots=True, auto_attribs=True)\nclass TargetFileProps(CompiledFileProps):\n    deadline: int = attr.ib(converter=int)\n    goal_points: int = attr.ib(converter=int)\n\n    def score(self, completed_time: int) -> int:\n        speed_points: int = self.deadline - completed_time\n",
  "slicing": "    def score(self, completed_time: int) -> int:\n"
 },
 "65": {
  "name": "filename",
  "type": "UNKNOWN",
  "class": "unknown",
  "approach": "annotation",
  "file_path": "google-hashcode-2019-extended-final-round/solver/solve.py",
  "lineno": "10",
  "column": "15",
  "context": "import tqdm\n\nfrom . import model\n\n\ndef parse_file(filename: Path) -> tp.Tuple[tp.List[str],\n                                           tp.List",
  "context_lines": "from pathlib import Path\n\nimport networkx as nx\nfrom tqdm import tqdm\n\nfrom . import model\n\n\ndef parse_file(filename: Path) -> tp.Tuple[tp.List[str],\n                                           tp.List[str],\n                                           tp.List[str],\n                                           int,\n                                           ]:\n",
  "slicing": [
   "def parse_file(filename: Path) -> tp.Tuple[tp.List[str],\n",
   "    ) = parse_file(filename)\n"
  ]
 },
 "66": {
  "name": "raw_compiled_files",
  "type": "dict",
  "class": "build-in",
  "approach": "annotation",
  "file_path": "google-hashcode-2019-extended-final-round/solver/solve.py",
  "lineno": "39",
  "column": "2",
  "context": "\n      servers_number,\n    )\n\n\ndef build_graph(\n  raw_compiled_files: tp.List[str],\n  raw_dependencies_list: tp.List[str],\n  raw_targe",
  "context_lines": "      raw_target_files,\n      servers_number,\n    )\n\n\ndef build_graph(\n  raw_compiled_files: tp.List[str],\n  raw_dependencies_list: tp.List[str],\n  raw_target_files: tp.List[str],\n) -> nx.DiGraph:\n    dep_graph: nx.DiGraph = nx.DiGraph()\n\n",
  "slicing": [
   "  raw_compiled_files: tp.List[str],\n",
   "      raw_compiled_files, raw_dependencies_list, raw_target_files\n"
  ]
 },
 "67": {
  "name": "raw_dependencies_list",
  "type": "dict",
  "class": "build-in",
  "approach": "annotation",
  "file_path": "google-hashcode-2019-extended-final-round/solver/solve.py",
  "lineno": "40",
  "column": "2",
  "context": "uild_graph(\n  raw_compiled_files: tp.List[str],\n  raw_dependencies_list: tp.List[str],\n  raw_target_files: tp.List[str],\n) -> nx.DiGraph:",
  "context_lines": "      servers_number,\n    )\n\n\ndef build_graph(\n  raw_compiled_files: tp.List[str],\n  raw_dependencies_list: tp.List[str],\n  raw_target_files: tp.List[str],\n) -> nx.DiGraph:\n    dep_graph: nx.DiGraph = nx.DiGraph()\n\n    for compiled_file, dependencies in tqdm(zip(\n",
  "slicing": [
   "  raw_dependencies_list: tp.List[str],\n",
   "      raw_compiled_files, raw_dependencies_list, raw_target_files\n"
  ]
 },
 "68": {
  "name": "raw_target_files",
  "type": "dict",
  "class": "build-in",
  "approach": "annotation",
  "file_path": "google-hashcode-2019-extended-final-round/solver/solve.py",
  "lineno": "41",
  "column": "2",
  "context": "st[str],\n  raw_dependencies_list: tp.List[str],\n  raw_target_files: tp.List[str],\n) -> nx.DiGraph:\n    dep_graph: nx.DiGraph = nx.Di",
  "context_lines": "    )\n\n\ndef build_graph(\n  raw_compiled_files: tp.List[str],\n  raw_dependencies_list: tp.List[str],\n  raw_target_files: tp.List[str],\n) -> nx.DiGraph:\n    dep_graph: nx.DiGraph = nx.DiGraph()\n\n    for compiled_file, dependencies in tqdm(zip(\n      raw_compiled_files, raw_dependencies_list), ascii=True):\n\n",
  "slicing": [
   "  raw_target_files: tp.List[str],\n",
   "      raw_compiled_files, raw_dependencies_list, raw_target_files\n"
  ]
 },
 "69": {
  "name": "filename",
  "type": "UNKNOWN",
  "class": "unknown",
  "approach": "annotation",
  "file_path": "google-hashcode-2019-extended-final-round/solver/solve.py",
  "lineno": "72",
  "column": "11",
  "context": "arget\"] = True\n\n    return dep_graph\n\n\ndef _solve(filename: Path) -> None:\n    (\n      raw_compiled_files,\n      raw_dependen",
  "context_lines": "          props.compilation_time, props.replication_time, deadline, goal_points\n        )\n        dep_graph.nodes[name][\"is_target\"] = True\n\n    return dep_graph\n\n\ndef _solve(filename: Path) -> None:\n    (\n      raw_compiled_files,\n      raw_dependencies_list,\n      raw_target_files,\n",
  "slicing": [
   "def _solve(filename: Path) -> None:\n",
   "    ) = parse_file(filename)\n",
   "        _solve(file)\n"
  ]
 },
 "70": {
  "name": "files",
  "type": "dict",
  "class": "build-in",
  "approach": "annotation",
  "file_path": "google-hashcode-2019-extended-final-round/solver/solve.py",
  "lineno": "94",
  "column": "9",
  "context": "or x in targets),\n      sep=\"\\n\"\n    )\n\n\ndef main(files: tp.List[Path]) -> None:\n    for file in files:\n        _solve(file)\n",
  "context_lines": "    print(\n      *list(x + \": \" + str(dep_graph.nodes[x][\"props\"]) for x in targets),\n      sep=\"\\n\"\n    )\n\n\ndef main(files: tp.List[Path]) -> None:\n    for file in files:\n",
  "slicing": "def main(files: tp.List[Path]) -> None:\n"
 },
 "71": {
  "name": "raw_compiled_files",
  "type": "parse_file",
  "class": "imported",
  "approach": "annotation",
  "file_path": "google-hashcode-2019-extended-final-round/solver/solve.py",
  "lineno": "74",
  "column": "6",
  "slicing": "['      raw_compiled_files,\\n', '      raw_compiled_files, raw_dependencies_list, raw_target_files\\n']",
  "context": "\n\ndef _solve(filename: Path) -> None:\n    (\n      raw_compiled_files,\n      raw_dependencies_list,\n      raw_target_file",
  "context_lines": "        dep_graph.nodes[name][\"is_target\"] = True\n\n    return dep_graph\n\n\ndef _solve(filename: Path) -> None:\n    (\n      raw_compiled_files,\n      raw_dependencies_list,\n      raw_target_files,\n      servers_number,\n    ) = parse_file(filename)\n\n"
 },
 "72": {
  "name": "raw_dependencies_list",
  "type": "parse_file",
  "class": "imported",
  "approach": "annotation",
  "file_path": "google-hashcode-2019-extended-final-round/solver/solve.py",
  "lineno": "75",
  "column": "6",
  "slicing": "['      raw_dependencies_list,\\n', '      raw_compiled_files, raw_dependencies_list, raw_target_files\\n']",
  "context": "h) -> None:\n    (\n      raw_compiled_files,\n      raw_dependencies_list,\n      raw_target_files,\n      servers_number,\n    ",
  "context_lines": "    return dep_graph\n\n\ndef _solve(filename: Path) -> None:\n    (\n      raw_compiled_files,\n      raw_dependencies_list,\n      raw_target_files,\n      servers_number,\n    ) = parse_file(filename)\n\n    dep_graph = build_graph(\n"
 },
 "73": {
  "name": "raw_target_files",
  "type": "parse_file",
  "class": "imported",
  "approach": "annotation",
  "file_path": "google-hashcode-2019-extended-final-round/solver/solve.py",
  "lineno": "76",
  "column": "6",
  "slicing": "['      raw_target_files,\\n', '      raw_compiled_files, raw_dependencies_list, raw_target_files\\n']",
  "context": "ompiled_files,\n      raw_dependencies_list,\n      raw_target_files,\n      servers_number,\n    ) = parse_file(filename)",
  "context_lines": "def _solve(filename: Path) -> None:\n    (\n      raw_compiled_files,\n      raw_dependencies_list,\n      raw_target_files,\n      servers_number,\n    ) = parse_file(filename)\n\n    dep_graph = build_graph(\n      raw_compiled_files, raw_dependencies_list, raw_target_files\n"
 },
 "74": {
  "name": "servers_number",
  "type": "parse_file",
  "class": "imported",
  "approach": "annotation",
  "file_path": "google-hashcode-2019-extended-final-round/solver/solve.py",
  "lineno": "77",
  "column": "6",
  "slicing": "['      servers_number,\\n']",
  "context": "_dependencies_list,\n      raw_target_files,\n      servers_number,\n    ) = parse_file(filename)\n\n    dep_graph = buil",
  "context_lines": "    (\n      raw_compiled_files,\n      raw_dependencies_list,\n      raw_target_files,\n      servers_number,\n    ) = parse_file(filename)\n\n    dep_graph = build_graph(\n      raw_compiled_files, raw_dependencies_list, raw_target_files\n    )\n\n"
 },
 "75": {
  "name": "dep_graph",
  "type": "build_graph",
  "class": "imported",
  "approach": "annotation",
  "file_path": "google-hashcode-2019-extended-final-round/solver/solve.py",
  "lineno": "80",
  "column": "4",
  "slicing": "['def parse_file(filename: Path) -> tp.Tuple[tp.List[str],\\n', '    lines: tp.List[str] = filename.read_text(encoding=\"UTF-8\").split(\"\\\\n\")[:-1]\\n', '    comp_files_number: int\\n', '    target_files_number: int\\n', '    servers_number: int\\n', '    comp_files_number, target_files_number, servers_number = (\\n', '      int(x) for x in lines.pop(0).split(\" \")\\n', '    assert len(lines) == comp_files_number*2 + target_files_number\\n', '    raw_compiled_files: tp.List[str] = lines[:comp_files_number*2 - 1:2]\\n', '    raw_dependencies_list: tp.List[str] = lines[1:comp_files_number*2:2]\\n', '    raw_target_files: tp.List[str] = lines[-target_files_number:]\\n', '      raw_compiled_files,\\n', '      raw_dependencies_list,\\n', '      raw_target_files,\\n', '      servers_number,\\n', '  raw_compiled_files: tp.List[str],\\n', '  raw_dependencies_list: tp.List[str],\\n', '  raw_target_files: tp.List[str],\\n', '    dep_graph: nx.DiGraph = nx.DiGraph()\\n', '    for compiled_file, dependencies in tqdm(zip(\\n', '      raw_compiled_files, raw_dependencies_list), ascii=True):\\n', '        name, compilation_time, replication_time = compiled_file.split(\" \")\\n', '        dep_graph.add_node(\\n', '          name,\\n', '          props=model.CompiledFileProps(compilation_time, replication_time),\\n', '        if len(dependencies) > 2:\\n', '            destinations = dependencies[2:].split(\" \")\\n', '            for dependency in destinations:\\n', '                dep_graph.add_edge(name, dependency)\\n', '    for target_file in raw_target_files:\\n', '        name, deadline, goal_points = target_file.split(\" \")\\n', '        props: model.CompiledFileProps = dep_graph.nodes[name][\"props\"]\\n', '        dep_graph.nodes[name][\"props\"] = model.TargetFileProps(\\n', '          props.compilation_time, props.replication_time, deadline, goal_points\\n', '        dep_graph.nodes[name][\"is_target\"] = True\\n', '    return dep_graph\\n', '      raw_compiled_files,\\n', '      raw_dependencies_list,\\n', '      raw_target_files,\\n', '      servers_number,\\n', '    ) = parse_file(filename)\\n', '    dep_graph = build_graph(\\n', '      raw_compiled_files, raw_dependencies_list, raw_target_files\\n', '      filter(lambda x: dep_graph.nodes[x][\"is_target\"], dep_graph.nodes)\\n', '      *list(x + \": \" + str(dep_graph.nodes[x][\"props\"]) for x in targets),\\n']",
  "context": "servers_number,\n    ) = parse_file(filename)\n\n    dep_graph = build_graph(\n      raw_compiled_files, raw_dependencies_list, r",
  "context_lines": "      raw_dependencies_list,\n      raw_target_files,\n      servers_number,\n    ) = parse_file(filename)\n\n    dep_graph = build_graph(\n      raw_compiled_files, raw_dependencies_list, raw_target_files\n    )\n\n    targets = list(\n      filter(lambda x: dep_graph.nodes[x][\"is_target\"], dep_graph.nodes)\n"
 }
}