{
 "1": {
  "name": "migrate",
  "type": "flask_migrate.Migrate",
  "class": "imported",
  "approach": "annotation",
  "file_path": "graphql-python-starter/manage.py",
  "lineno": "13",
  "column": "0",
  "context": "rom api.app import app\nfrom api.models import db\n\nmigrate = Migrate(app, db)\nmanager = Manager(app)\n\nmanager.add_command(\"db\", ",
  "context_lines": "from flask_script import Manager\nfrom flask_migrate import Migrate, MigrateCommand\nfrom api.app import app\nfrom api.models import db\n\nmigrate = Migrate(app, db)\nmanager = Manager(app)\n\nmanager.add_command(\"db\", MigrateCommand)\n\n\nif __name__ == \"__main__\":\n",
  "slicing": "migrate = Migrate(app, db)\n"
 },
 "2": {
  "name": "manager",
  "type": "flask_script.Manager",
  "class": "imported",
  "approach": "annotation",
  "file_path": "graphql-python-starter/manage.py",
  "lineno": "14",
  "column": "0",
  "context": " api.models import db\n\nmigrate = Migrate(app, db)\nmanager = Manager(app)\n\nmanager.add_command(\"db\", MigrateCommand)\n\n\nif __",
  "context_lines": "from flask_migrate import Migrate, MigrateCommand\nfrom api.app import app\nfrom api.models import db\n\nmigrate = Migrate(app, db)\nmanager = Manager(app)\n\nmanager.add_command(\"db\", MigrateCommand)\n\n\nif __name__ == \"__main__\":\n",
  "slicing": [
   "manager = Manager(app)\n",
   "manager.add_command(\"db\", MigrateCommand)\n",
   "    manager.run()\n"
  ]
 },
 "3": {
  "name": "app",
  "type": "flask.Flask",
  "class": "imported",
  "approach": "annotation",
  "file_path": "graphql-python-starter/api/seed_db.py",
  "lineno": "13",
  "column": "0",
  "context": "======\")\nprint(\"\\nStarting migration script...\")\n\napp = Flask(__name__)\napp.config[\"SQLALCHEMY_TRACK_MODIFICATIONS\"] = Fal",
  "context_lines": "from flask import Flask\nfrom api.models import db, Faction, Hero, Planet\n\nprint(\"===================================\")\nprint(\"\\nStarting migration script...\")\n\napp = Flask(__name__)\napp.config[\"SQLALCHEMY_TRACK_MODIFICATIONS\"] = False\nif os.environ.get(\"SQLALCHEMY_DATABASE_URI\"):\n    db_uri = os.environ.get(\"SQLALCHEMY_DATABASE_URI\")\nelif os.environ.get(\"DATABASE_URL\"):\n",
  "slicing": [
   "app = Flask(__name__)\n",
   "app.config[\"SQLALCHEMY_TRACK_MODIFICATIONS\"] = False\n",
   "    app.config[\"SQLALCHEMY_DATABASE_URI\"] = db_uri\n",
   "    app.config[\"SQLALCHEMY_DATABASE_URI\"] = db_uri\n",
   "db.init_app(app)\n",
   "app.app_context().push()\n"
  ]
 },
 "4": {
  "name": "db_uri",
  "type": "UNKNOWN",
  "class": "unknown",
  "approach": "Pysonar2",
  "file_path": "graphql-python-starter/api/seed_db.py",
  "lineno": "16",
  "column": "4",
  "context": "if os.environ.get(\"SQLALCHEMY_DATABASE_URI\"):\n    db_uri = os.environ.get(\"SQLALCHEMY_DATABASE_URI\")\nelif os.environ.get(\"DATABASE_URL\"):\n    db_uri = ",
  "context_lines": "print(\"\\nStarting migration script...\")\n\napp = Flask(__name__)\napp.config[\"SQLALCHEMY_TRACK_MODIFICATIONS\"] = False\nif os.environ.get(\"SQLALCHEMY_DATABASE_URI\"):\n    db_uri = os.environ.get(\"SQLALCHEMY_DATABASE_URI\")\nelif os.environ.get(\"DATABASE_URL\"):\n    db_uri = os.environ.get(\"DATABASE_URL\")\n    app.config[\"SQLALCHEMY_DATABASE_URI\"] = db_uri\nelse:\n",
  "slicing": [
   "    db_uri = os.environ.get(\"SQLALCHEMY_DATABASE_URI\")\n",
   "    app.config[\"SQLALCHEMY_DATABASE_URI\"] = db_uri\n",
   "    app.config[\"SQLALCHEMY_DATABASE_URI\"] = db_uri\n"
  ]
 },
 "5": {
  "name": "db_uri",
  "type": "UNKNOWN",
  "class": "unknown",
  "approach": "Pysonar2",
  "file_path": "graphql-python-starter/api/seed_db.py",
  "lineno": "18",
  "column": "4",
  "context": "SE_URI\")\nelif os.environ.get(\"DATABASE_URL\"):\n    db_uri = os.environ.get(\"DATABASE_URL\")\n    app.config[\"SQLALCHEMY_DATABASE_URI\"] = db_uri",
  "context_lines": "app.config[\"SQLALCHEMY_TRACK_MODIFICATIONS\"] = False\nif os.environ.get(\"SQLALCHEMY_DATABASE_URI\"):\n    db_uri = os.environ.get(\"SQLALCHEMY_DATABASE_URI\")\nelif os.environ.get(\"DATABASE_URL\"):\n    db_uri = os.environ.get(\"DATABASE_URL\")\n    app.config[\"SQLALCHEMY_DATABASE_URI\"] = db_uri\nelse:\n    db_uri = \"postgresql://localhost/starwars\"\n    app.config[\"SQLALCHEMY_DATABASE_URI\"] = db_uri\n\n",
  "slicing": [
   "    db_uri = os.environ.get(\"SQLALCHEMY_DATABASE_URI\")\n",
   "    app.config[\"SQLALCHEMY_DATABASE_URI\"] = db_uri\n",
   "    app.config[\"SQLALCHEMY_DATABASE_URI\"] = db_uri\n"
  ]
 },
 "6": {
  "name": "db_uri",
  "type": "str",
  "class": "build-in",
  "approach": "Pysonar2",
  "file_path": "graphql-python-starter/api/seed_db.py",
  "lineno": "21",
  "column": "4",
  "context": "fig[\"SQLALCHEMY_DATABASE_URI\"] = db_uri\nelse:\n    db_uri = \"postgresql://localhost/starwars\"\n    app.config[\"SQLALCHEMY_DATABASE_URI\"] = db_uri",
  "context_lines": "elif os.environ.get(\"DATABASE_URL\"):\n    db_uri = os.environ.get(\"DATABASE_URL\")\n    app.config[\"SQLALCHEMY_DATABASE_URI\"] = db_uri\nelse:\n    db_uri = \"postgresql://localhost/starwars\"\n    app.config[\"SQLALCHEMY_DATABASE_URI\"] = db_uri\n\ndb.init_app(app)\napp.app_context().push()\ndb.drop_all()\n",
  "slicing": [
   "    db_uri = \"postgresql://localhost/starwars\"\n",
   "    app.config[\"SQLALCHEMY_DATABASE_URI\"] = db_uri\n"
  ]
 },
 "7": {
  "name": "f1",
  "type": "api.models.Faction",
  "class": "customized",
  "approach": "annotation",
  "file_path": "graphql-python-starter/api/seed_db.py",
  "lineno": "31",
  "column": "0",
  "context": "Creating model entities with foreign keys...\\n\")\n\nf1 = Faction(name=\"Light Side\")\nf2 = Faction(name=\"Dark Side\")\nf3 = Faction(name=\"",
  "context_lines": "app.app_context().push()\ndb.drop_all()\ndb.create_all()\n\nprint(\"\\nCreating model entities with foreign keys...\\n\")\n\nf1 = Faction(name=\"Light Side\")\nf2 = Faction(name=\"Dark Side\")\nf3 = Faction(name=\"rebel\", description=\"\"\" \nOfficialy known as the Alliance to Restore the Republic, \nthe alliance comprimises of several anti-Imperial groups from sector, \n",
  "slicing": [
   "f1 = Faction(name=\"Light Side\")\n",
   "new_entities = (f1, f2, f3, p1, p2, p3, h1, h2, h3, h4, h5)\n",
   "create_records = [(db.session.add(i)) for i in new_entities]\n",
   "    create_records\n",
   "f1.memberships.append(h1)\n",
   "f1.memberships.append(h2)\n",
   "f1.memberships.append(h5)\n"
  ]
 },
 "8": {
  "name": "f2",
  "type": "api.models.Faction",
  "class": "customized",
  "approach": "annotation",
  "file_path": "graphql-python-starter/api/seed_db.py",
  "lineno": "32",
  "column": "0",
  "context": "eign keys...\\n\")\n\nf1 = Faction(name=\"Light Side\")\nf2 = Faction(name=\"Dark Side\")\nf3 = Faction(name=\"rebel\", description=\"\"\" \nOffici",
  "context_lines": "db.drop_all()\ndb.create_all()\n\nprint(\"\\nCreating model entities with foreign keys...\\n\")\n\nf1 = Faction(name=\"Light Side\")\nf2 = Faction(name=\"Dark Side\")\nf3 = Faction(name=\"rebel\", description=\"\"\" \nOfficialy known as the Alliance to Restore the Republic, \nthe alliance comprimises of several anti-Imperial groups from sector, \nplanetery, and inssurectionist groups. They're nicknamed as \"Rebels\" and \"Rebel Scum\" \n",
  "slicing": [
   "f2 = Faction(name=\"Dark Side\")\n",
   "new_entities = (f1, f2, f3, p1, p2, p3, h1, h2, h3, h4, h5)\n",
   "create_records = [(db.session.add(i)) for i in new_entities]\n",
   "    create_records\n",
   "f2.memberships.append(h3)\n",
   "f2.memberships.append(h4)\n",
   "f2.memberships.append(h5)\n"
  ]
 },
 "9": {
  "name": "f3",
  "type": "api.models.Faction",
  "class": "customized",
  "approach": "annotation",
  "file_path": "graphql-python-starter/api/seed_db.py",
  "lineno": "33",
  "column": "0",
  "context": "name=\"Light Side\")\nf2 = Faction(name=\"Dark Side\")\nf3 = Faction(name=\"rebel\", description=\"\"\" \nOfficialy known as the Alliance to Restore the Rep",
  "context_lines": "db.create_all()\n\nprint(\"\\nCreating model entities with foreign keys...\\n\")\n\nf1 = Faction(name=\"Light Side\")\nf2 = Faction(name=\"Dark Side\")\nf3 = Faction(name=\"rebel\", description=\"\"\" \nOfficialy known as the Alliance to Restore the Republic, \nthe alliance comprimises of several anti-Imperial groups from sector, \nplanetery, and inssurectionist groups. They're nicknamed as \"Rebels\" and \"Rebel Scum\" \nfrom the Jmperials.\n",
  "slicing": [
   "f3 = Faction(name=\"rebel\", description=\"\"\" \n",
   "new_entities = (f1, f2, f3, p1, p2, p3, h1, h2, h3, h4, h5)\n",
   "create_records = [(db.session.add(i)) for i in new_entities]\n",
   "    create_records\n",
   "f3.memberships.append(h1)\n"
  ]
 },
 "10": {
  "name": "p1",
  "type": "api.models.Planet",
  "class": "customized",
  "approach": "annotation",
  "file_path": "graphql-python-starter/api/seed_db.py",
  "lineno": "41",
  "column": "0",
  "context": "els\" and \"Rebel Scum\" \nfrom the Jmperials.\n\"\"\")\n\n\np1 = Planet(name=\"Tatooine\")\np2 = Planet(name=\"Naboo\")\np3 = Planet(name=\"Moraba",
  "context_lines": "the alliance comprimises of several anti-Imperial groups from sector, \nplanetery, and inssurectionist groups. They're nicknamed as \"Rebels\" and \"Rebel Scum\" \nfrom the Jmperials.\n\"\"\")\n\n\np1 = Planet(name=\"Tatooine\")\np2 = Planet(name=\"Naboo\")\np3 = Planet(name=\"Moraband\")\n\nh1 = Hero(name=\"Luke Skywalker\", race=\"human\", planet_id=1)\nh2 = Hero(name=\"Obi-Wan Kenobi\", race=\"human\", planet_id=1)\n",
  "slicing": [
   "p1 = Planet(name=\"Tatooine\")\n",
   "new_entities = (f1, f2, f3, p1, p2, p3, h1, h2, h3, h4, h5)\n",
   "create_records = [(db.session.add(i)) for i in new_entities]\n",
   "    create_records\n"
  ]
 },
 "11": {
  "name": "p2",
  "type": "api.models.Planet",
  "class": "customized",
  "approach": "annotation",
  "file_path": "graphql-python-starter/api/seed_db.py",
  "lineno": "42",
  "column": "0",
  "context": "he Jmperials.\n\"\"\")\n\n\np1 = Planet(name=\"Tatooine\")\np2 = Planet(name=\"Naboo\")\np3 = Planet(name=\"Moraband\")\n\nh1 = Hero(name=\"Luke",
  "context_lines": "planetery, and inssurectionist groups. They're nicknamed as \"Rebels\" and \"Rebel Scum\" \nfrom the Jmperials.\n\"\"\")\n\n\np1 = Planet(name=\"Tatooine\")\np2 = Planet(name=\"Naboo\")\np3 = Planet(name=\"Moraband\")\n\nh1 = Hero(name=\"Luke Skywalker\", race=\"human\", planet_id=1)\nh2 = Hero(name=\"Obi-Wan Kenobi\", race=\"human\", planet_id=1)\nh3 = Hero(name=\"Sheev Palpatine\", race=\"human\", planet_id=2)\n",
  "slicing": [
   "p2 = Planet(name=\"Naboo\")\n",
   "new_entities = (f1, f2, f3, p1, p2, p3, h1, h2, h3, h4, h5)\n",
   "create_records = [(db.session.add(i)) for i in new_entities]\n",
   "    create_records\n"
  ]
 },
 "12": {
  "name": "p3",
  "type": "api.models.Planet",
  "class": "customized",
  "approach": "annotation",
  "file_path": "graphql-python-starter/api/seed_db.py",
  "lineno": "43",
  "column": "0",
  "context": "Planet(name=\"Tatooine\")\np2 = Planet(name=\"Naboo\")\np3 = Planet(name=\"Moraband\")\n\nh1 = Hero(name=\"Luke Skywalker\", race=\"human\", pl",
  "context_lines": "from the Jmperials.\n\"\"\")\n\n\np1 = Planet(name=\"Tatooine\")\np2 = Planet(name=\"Naboo\")\np3 = Planet(name=\"Moraband\")\n\nh1 = Hero(name=\"Luke Skywalker\", race=\"human\", planet_id=1)\nh2 = Hero(name=\"Obi-Wan Kenobi\", race=\"human\", planet_id=1)\nh3 = Hero(name=\"Sheev Palpatine\", race=\"human\", planet_id=2)\n",
  "slicing": [
   "p3 = Planet(name=\"Moraband\")\n",
   "new_entities = (f1, f2, f3, p1, p2, p3, h1, h2, h3, h4, h5)\n",
   "create_records = [(db.session.add(i)) for i in new_entities]\n",
   "    create_records\n"
  ]
 },
 "13": {
  "name": "h1",
  "type": "api.models.Hero",
  "class": "customized",
  "approach": "annotation",
  "file_path": "graphql-python-starter/api/seed_db.py",
  "lineno": "45",
  "column": "0",
  "context": "lanet(name=\"Naboo\")\np3 = Planet(name=\"Moraband\")\n\nh1 = Hero(name=\"Luke Skywalker\", race=\"human\", planet_id=1)\nh2 = Hero(name=\"Obi-Wan Kenobi\", race=\"human\", pla",
  "context_lines": "\"\"\")\n\n\np1 = Planet(name=\"Tatooine\")\np2 = Planet(name=\"Naboo\")\np3 = Planet(name=\"Moraband\")\n\nh1 = Hero(name=\"Luke Skywalker\", race=\"human\", planet_id=1)\nh2 = Hero(name=\"Obi-Wan Kenobi\", race=\"human\", planet_id=1)\nh3 = Hero(name=\"Sheev Palpatine\", race=\"human\", planet_id=2)\nh4 = Hero(name=\"Darth Bane\", race=\"human\", planet_id=3)\nh5 = Hero(name=\"Anakin Skywalker\", race=\"human\", planet_id=1)\n\n\n",
  "slicing": [
   "h1 = Hero(name=\"Luke Skywalker\", race=\"human\", planet_id=1)\n",
   "new_entities = (f1, f2, f3, p1, p2, p3, h1, h2, h3, h4, h5)\n",
   "create_records = [(db.session.add(i)) for i in new_entities]\n",
   "    create_records\n",
   "f1.memberships.append(h1)\n",
   "f3.memberships.append(h1)\n"
  ]
 },
 "14": {
  "name": "h2",
  "type": "api.models.Hero",
  "class": "customized",
  "approach": "annotation",
  "file_path": "graphql-python-starter/api/seed_db.py",
  "lineno": "46",
  "column": "0",
  "context": "name=\"Luke Skywalker\", race=\"human\", planet_id=1)\nh2 = Hero(name=\"Obi-Wan Kenobi\", race=\"human\", planet_id=1)\nh3 = Hero(name=\"Sheev Palpatine\", race=\"human\", pl",
  "context_lines": "p1 = Planet(name=\"Tatooine\")\np2 = Planet(name=\"Naboo\")\np3 = Planet(name=\"Moraband\")\n\nh1 = Hero(name=\"Luke Skywalker\", race=\"human\", planet_id=1)\nh2 = Hero(name=\"Obi-Wan Kenobi\", race=\"human\", planet_id=1)\nh3 = Hero(name=\"Sheev Palpatine\", race=\"human\", planet_id=2)\nh4 = Hero(name=\"Darth Bane\", race=\"human\", planet_id=3)\nh5 = Hero(name=\"Anakin Skywalker\", race=\"human\", planet_id=1)\n\n\nnew_entities = (f1, f2, f3, p1, p2, p3, h1, h2, h3, h4, h5)\n",
  "slicing": [
   "h2 = Hero(name=\"Obi-Wan Kenobi\", race=\"human\", planet_id=1)\n",
   "new_entities = (f1, f2, f3, p1, p2, p3, h1, h2, h3, h4, h5)\n",
   "create_records = [(db.session.add(i)) for i in new_entities]\n",
   "    create_records\n",
   "f1.memberships.append(h2)\n"
  ]
 },
 "15": {
  "name": "h3",
  "type": "api.models.Hero",
  "class": "customized",
  "approach": "annotation",
  "file_path": "graphql-python-starter/api/seed_db.py",
  "lineno": "47",
  "column": "0",
  "context": "name=\"Obi-Wan Kenobi\", race=\"human\", planet_id=1)\nh3 = Hero(name=\"Sheev Palpatine\", race=\"human\", planet_id=2)\nh4 = Hero(name=\"Darth Bane\", race=\"human\", planet_",
  "context_lines": "p2 = Planet(name=\"Naboo\")\np3 = Planet(name=\"Moraband\")\n\nh1 = Hero(name=\"Luke Skywalker\", race=\"human\", planet_id=1)\nh2 = Hero(name=\"Obi-Wan Kenobi\", race=\"human\", planet_id=1)\nh3 = Hero(name=\"Sheev Palpatine\", race=\"human\", planet_id=2)\nh4 = Hero(name=\"Darth Bane\", race=\"human\", planet_id=3)\nh5 = Hero(name=\"Anakin Skywalker\", race=\"human\", planet_id=1)\n\n\nnew_entities = (f1, f2, f3, p1, p2, p3, h1, h2, h3, h4, h5)\ncreate_records = [(db.session.add(i)) for i in new_entities]\n",
  "slicing": [
   "h3 = Hero(name=\"Sheev Palpatine\", race=\"human\", planet_id=2)\n",
   "new_entities = (f1, f2, f3, p1, p2, p3, h1, h2, h3, h4, h5)\n",
   "create_records = [(db.session.add(i)) for i in new_entities]\n",
   "    create_records\n",
   "f2.memberships.append(h3)\n"
  ]
 },
 "16": {
  "name": "h4",
  "type": "api.models.Hero",
  "class": "customized",
  "approach": "annotation",
  "file_path": "graphql-python-starter/api/seed_db.py",
  "lineno": "48",
  "column": "0",
  "context": "ame=\"Sheev Palpatine\", race=\"human\", planet_id=2)\nh4 = Hero(name=\"Darth Bane\", race=\"human\", planet_id=3)\nh5 = Hero(name=\"Anakin Skywalker\", race=\"human\", p",
  "context_lines": "p3 = Planet(name=\"Moraband\")\n\nh1 = Hero(name=\"Luke Skywalker\", race=\"human\", planet_id=1)\nh2 = Hero(name=\"Obi-Wan Kenobi\", race=\"human\", planet_id=1)\nh3 = Hero(name=\"Sheev Palpatine\", race=\"human\", planet_id=2)\nh4 = Hero(name=\"Darth Bane\", race=\"human\", planet_id=3)\nh5 = Hero(name=\"Anakin Skywalker\", race=\"human\", planet_id=1)\n\n\nnew_entities = (f1, f2, f3, p1, p2, p3, h1, h2, h3, h4, h5)\ncreate_records = [(db.session.add(i)) for i in new_entities]\ntry:\n",
  "slicing": [
   "h4 = Hero(name=\"Darth Bane\", race=\"human\", planet_id=3)\n",
   "new_entities = (f1, f2, f3, p1, p2, p3, h1, h2, h3, h4, h5)\n",
   "create_records = [(db.session.add(i)) for i in new_entities]\n",
   "    create_records\n",
   "f2.memberships.append(h4)\n"
  ]
 },
 "17": {
  "name": "h5",
  "type": "api.models.Hero",
  "class": "customized",
  "approach": "annotation",
  "file_path": "graphql-python-starter/api/seed_db.py",
  "lineno": "49",
  "column": "0",
  "context": "ero(name=\"Darth Bane\", race=\"human\", planet_id=3)\nh5 = Hero(name=\"Anakin Skywalker\", race=\"human\", planet_id=1)\n\n\nnew_entities = (f1, f2, f3, p1, p2, p3, h1, h2, ",
  "context_lines": "h1 = Hero(name=\"Luke Skywalker\", race=\"human\", planet_id=1)\nh2 = Hero(name=\"Obi-Wan Kenobi\", race=\"human\", planet_id=1)\nh3 = Hero(name=\"Sheev Palpatine\", race=\"human\", planet_id=2)\nh4 = Hero(name=\"Darth Bane\", race=\"human\", planet_id=3)\nh5 = Hero(name=\"Anakin Skywalker\", race=\"human\", planet_id=1)\n\n\nnew_entities = (f1, f2, f3, p1, p2, p3, h1, h2, h3, h4, h5)\ncreate_records = [(db.session.add(i)) for i in new_entities]\ntry:\n",
  "slicing": [
   "h5 = Hero(name=\"Anakin Skywalker\", race=\"human\", planet_id=1)\n",
   "new_entities = (f1, f2, f3, p1, p2, p3, h1, h2, h3, h4, h5)\n",
   "create_records = [(db.session.add(i)) for i in new_entities]\n",
   "    create_records\n",
   "f1.memberships.append(h5)\n",
   "f2.memberships.append(h5)\n"
  ]
 },
 "18": {
  "name": "new_entities",
  "type": "tuple",
  "class": "build-in",
  "approach": "annotation",
  "file_path": "graphql-python-starter/api/seed_db.py",
  "lineno": "52",
  "column": "0",
  "context": "=\"Anakin Skywalker\", race=\"human\", planet_id=1)\n\n\nnew_entities = (f1, f2, f3, p1, p2, p3, h1, h2, h3, h4, h5)\ncreate_records = [(db.session.add(i)) for i in new",
  "context_lines": "h2 = Hero(name=\"Obi-Wan Kenobi\", race=\"human\", planet_id=1)\nh3 = Hero(name=\"Sheev Palpatine\", race=\"human\", planet_id=2)\nh4 = Hero(name=\"Darth Bane\", race=\"human\", planet_id=3)\nh5 = Hero(name=\"Anakin Skywalker\", race=\"human\", planet_id=1)\n\n\nnew_entities = (f1, f2, f3, p1, p2, p3, h1, h2, h3, h4, h5)\ncreate_records = [(db.session.add(i)) for i in new_entities]\ntry:\n    create_records\n    db.session.commit()\n",
  "slicing": [
   "new_entities = (f1, f2, f3, p1, p2, p3, h1, h2, h3, h4, h5)\n",
   "create_records = [(db.session.add(i)) for i in new_entities]\n",
   "    create_records\n"
  ]
 },
 "19": {
  "name": "create_records",
  "type": "list",
  "class": "build-in",
  "approach": "annotation",
  "file_path": "graphql-python-starter/api/seed_db.py",
  "lineno": "53",
  "column": "0",
  "context": "es = (f1, f2, f3, p1, p2, p3, h1, h2, h3, h4, h5)\ncreate_records = [(db.session.add(i)) for i in new_entities]\ntry:\n    create_records\n    db.session.commit()\n  ",
  "context_lines": "h3 = Hero(name=\"Sheev Palpatine\", race=\"human\", planet_id=2)\nh4 = Hero(name=\"Darth Bane\", race=\"human\", planet_id=3)\nh5 = Hero(name=\"Anakin Skywalker\", race=\"human\", planet_id=1)\n\n\nnew_entities = (f1, f2, f3, p1, p2, p3, h1, h2, h3, h4, h5)\ncreate_records = [(db.session.add(i)) for i in new_entities]\ntry:\n    create_records\n    db.session.commit()\n    print(f\"\\N{check mark} -- Database records successfully created\")\n",
  "slicing": [
   "create_records = [(db.session.add(i)) for i in new_entities]\n",
   "    create_records\n"
  ]
 },
 "20": {
  "name": "heroes",
  "type": "UNKNOWN",
  "class": "unknown",
  "approach": "Pysonar2",
  "file_path": "graphql-python-starter/api/seed_db.py",
  "lineno": "74",
  "column": "0",
  "context": "\nf3.memberships.append(h1)\n\n\ndb.session.commit()\n\nheroes = Hero.query.all()\nfor h in heroes:\n    faction_names = []\n    for f ",
  "context_lines": "f2.memberships.append(h4)\nf2.memberships.append(h5)\nf3.memberships.append(h1)\n\n\ndb.session.commit()\n\nheroes = Hero.query.all()\nfor h in heroes:\n    faction_names = []\n    for f in h.memberships:\n        faction_names.append(f.name)\n",
  "slicing": [
   "heroes = Hero.query.all()\n",
   "for h in heroes:\n",
   "    for f in h.memberships:\n",
   "        faction_names.append(f.name)\n",
   "        f\"\\N{check mark} -- {h.name} -- {h.planets.name} -- \"\n"
  ]
 },
 "21": {
  "name": "faction_names",
  "type": "list",
  "class": "build-in",
  "approach": "annotation",
  "file_path": "graphql-python-starter/api/seed_db.py",
  "lineno": "76",
  "column": "4",
  "context": ")\n\nheroes = Hero.query.all()\nfor h in heroes:\n    faction_names = []\n    for f in h.memberships:\n        faction_names.",
  "context_lines": "f3.memberships.append(h1)\n\n\ndb.session.commit()\n\nheroes = Hero.query.all()\nfor h in heroes:\n    faction_names = []\n    for f in h.memberships:\n        faction_names.append(f.name)\n    print(\n        f\"\\N{check mark} -- {h.name} -- {h.planets.name} -- \"\n",
  "slicing": [
   "    faction_names = []\n",
   "        faction_names.append(f.name)\n",
   "        + \", \".join(faction_names)\n"
  ]
 },
 "22": {
  "name": "basedir",
  "type": "str",
  "class": "build-in",
  "approach": "Pysonar2",
  "file_path": "graphql-python-starter/api/config.py",
  "lineno": "3",
  "column": "0",
  "context": "import os\n\nbasedir = os.path.abspath(os.path.dirname(__file__))\n\n\nclass Config(object):\n    DEBUG = False\n    TEST",
  "context_lines": "import os\n\nbasedir = os.path.abspath(os.path.dirname(__file__))\n\n\nclass Config(object):\n    DEBUG = False\n    TESTING = False\n",
  "slicing": "basedir = os.path.abspath(os.path.dirname(__file__))\n"
 },
 "23": {
  "name": "DEBUG",
  "type": "bool",
  "class": "build-in",
  "approach": "annotation",
  "file_path": "graphql-python-starter/api/config.py",
  "lineno": "7",
  "column": "4",
  "context": "th.dirname(__file__))\n\n\nclass Config(object):\n    DEBUG = False\n    TESTING = False\n    CSRF_ENABLED = True\n    SE",
  "context_lines": "import os\n\nbasedir = os.path.abspath(os.path.dirname(__file__))\n\n\nclass Config(object):\n    DEBUG = False\n    TESTING = False\n    CSRF_ENABLED = True\n    SECRET_KEY = \"this-really-needs-to-be-changed\"\n    SQLALCHEMY_DATABASE_URI = os.environ[\"DATABASE_URL\"]\n\n\n",
  "slicing": "    DEBUG = False\n"
 },
 "24": {
  "name": "TESTING",
  "type": "bool",
  "class": "build-in",
  "approach": "annotation",
  "file_path": "graphql-python-starter/api/config.py",
  "lineno": "8",
  "column": "4",
  "context": "_))\n\n\nclass Config(object):\n    DEBUG = False\n    TESTING = False\n    CSRF_ENABLED = True\n    SECRET_KEY = \"this-rea",
  "context_lines": "import os\n\nbasedir = os.path.abspath(os.path.dirname(__file__))\n\n\nclass Config(object):\n    DEBUG = False\n    TESTING = False\n    CSRF_ENABLED = True\n    SECRET_KEY = \"this-really-needs-to-be-changed\"\n    SQLALCHEMY_DATABASE_URI = os.environ[\"DATABASE_URL\"]\n\n\nclass ProductionConfig(Config):\n",
  "slicing": "    TESTING = False\n"
 },
 "25": {
  "name": "CSRF_ENABLED",
  "type": "bool",
  "class": "build-in",
  "approach": "annotation",
  "file_path": "graphql-python-starter/api/config.py",
  "lineno": "9",
  "column": "4",
  "context": "bject):\n    DEBUG = False\n    TESTING = False\n    CSRF_ENABLED = True\n    SECRET_KEY = \"this-really-needs-to-be-changed\"",
  "context_lines": "basedir = os.path.abspath(os.path.dirname(__file__))\n\n\nclass Config(object):\n    DEBUG = False\n    TESTING = False\n    CSRF_ENABLED = True\n    SECRET_KEY = \"this-really-needs-to-be-changed\"\n    SQLALCHEMY_DATABASE_URI = os.environ[\"DATABASE_URL\"]\n\n\nclass ProductionConfig(Config):\n    DEBUG = False\n\n\n",
  "slicing": "    CSRF_ENABLED = True\n"
 },
 "26": {
  "name": "SECRET_KEY",
  "type": "str",
  "class": "build-in",
  "approach": "Pysonar2",
  "file_path": "graphql-python-starter/api/config.py",
  "lineno": "10",
  "column": "4",
  "context": "e\n    TESTING = False\n    CSRF_ENABLED = True\n    SECRET_KEY = \"this-really-needs-to-be-changed\"\n    SQLALCHEMY_DATABASE_URI = os.environ[\"DATABASE",
  "context_lines": "class Config(object):\n    DEBUG = False\n    TESTING = False\n    CSRF_ENABLED = True\n    SECRET_KEY = \"this-really-needs-to-be-changed\"\n    SQLALCHEMY_DATABASE_URI = os.environ[\"DATABASE_URL\"]\n\n\nclass ProductionConfig(Config):\n    DEBUG = False\n\n\nclass StagingConfig(Config):\n",
  "slicing": "    SECRET_KEY = \"this-really-needs-to-be-changed\"\n"
 },
 "27": {
  "name": "SQLALCHEMY_DATABASE_URI",
  "type": "dict",
  "class": "build-in",
  "approach": "annotation",
  "file_path": "graphql-python-starter/api/config.py",
  "lineno": "11",
  "column": "4",
  "context": "ECRET_KEY = \"this-really-needs-to-be-changed\"\n    SQLALCHEMY_DATABASE_URI = os.environ[\"DATABASE_URL\"]\n\n\nclass ProductionConfig(Config):\n    DEBUG = Fals",
  "context_lines": "    DEBUG = False\n    TESTING = False\n    CSRF_ENABLED = True\n    SECRET_KEY = \"this-really-needs-to-be-changed\"\n    SQLALCHEMY_DATABASE_URI = os.environ[\"DATABASE_URL\"]\n\n\nclass ProductionConfig(Config):\n    DEBUG = False\n\n\nclass StagingConfig(Config):\n",
  "slicing": "    SQLALCHEMY_DATABASE_URI = os.environ[\"DATABASE_URL\"]\n"
 },
 "28": {
  "name": "DEBUG",
  "type": "bool",
  "class": "build-in",
  "approach": "annotation",
  "file_path": "graphql-python-starter/api/config.py",
  "lineno": "15",
  "column": "4",
  "context": "ABASE_URL\"]\n\n\nclass ProductionConfig(Config):\n    DEBUG = False\n\n\nclass StagingConfig(Config):\n    DEVELOPMENT = T",
  "context_lines": "    CSRF_ENABLED = True\n    SECRET_KEY = \"this-really-needs-to-be-changed\"\n    SQLALCHEMY_DATABASE_URI = os.environ[\"DATABASE_URL\"]\n\n\nclass ProductionConfig(Config):\n    DEBUG = False\n\n\nclass StagingConfig(Config):\n    DEVELOPMENT = True\n    DEBUG = True\n\n\n",
  "slicing": "    DEBUG = False\n"
 },
 "29": {
  "name": "DEVELOPMENT",
  "type": "bool",
  "class": "build-in",
  "approach": "annotation",
  "file_path": "graphql-python-starter/api/config.py",
  "lineno": "19",
  "column": "4",
  "context": " DEBUG = False\n\n\nclass StagingConfig(Config):\n    DEVELOPMENT = True\n    DEBUG = True\n\n\nclass DevelopmentConfig(Config)",
  "context_lines": "    SQLALCHEMY_DATABASE_URI = os.environ[\"DATABASE_URL\"]\n\n\nclass ProductionConfig(Config):\n    DEBUG = False\n\n\nclass StagingConfig(Config):\n    DEVELOPMENT = True\n    DEBUG = True\n\n\nclass DevelopmentConfig(Config):\n    DEVELOPMENT = True\n    DEBUG = True\n\n\n",
  "slicing": "    DEVELOPMENT = True\n"
 },
 "30": {
  "name": "DEBUG",
  "type": "bool",
  "class": "build-in",
  "approach": "annotation",
  "file_path": "graphql-python-starter/api/config.py",
  "lineno": "20",
  "column": "4",
  "context": "StagingConfig(Config):\n    DEVELOPMENT = True\n    DEBUG = True\n\n\nclass DevelopmentConfig(Config):\n    DEVELOPMENT",
  "context_lines": "class ProductionConfig(Config):\n    DEBUG = False\n\n\nclass StagingConfig(Config):\n    DEVELOPMENT = True\n    DEBUG = True\n\n\nclass DevelopmentConfig(Config):\n    DEVELOPMENT = True\n    DEBUG = True\n\n\n",
  "slicing": "    DEBUG = True\n"
 },
 "31": {
  "name": "DEVELOPMENT",
  "type": "bool",
  "class": "build-in",
  "approach": "annotation",
  "file_path": "graphql-python-starter/api/config.py",
  "lineno": "24",
  "column": "4",
  "context": "BUG = True\n\n\nclass DevelopmentConfig(Config):\n    DEVELOPMENT = True\n    DEBUG = True\n\n\nclass TestingConfig(Config):\n  ",
  "context_lines": "class StagingConfig(Config):\n    DEVELOPMENT = True\n    DEBUG = True\n\n\nclass DevelopmentConfig(Config):\n    DEVELOPMENT = True\n    DEBUG = True\n\n\nclass TestingConfig(Config):\n",
  "slicing": "    DEVELOPMENT = True\n"
 },
 "32": {
  "name": "DEBUG",
  "type": "bool",
  "class": "build-in",
  "approach": "annotation",
  "file_path": "graphql-python-starter/api/config.py",
  "lineno": "25",
  "column": "4",
  "context": "lopmentConfig(Config):\n    DEVELOPMENT = True\n    DEBUG = True\n\n\nclass TestingConfig(Config):\n    TESTING = True\n",
  "context_lines": "    DEVELOPMENT = True\n    DEBUG = True\n\n\nclass DevelopmentConfig(Config):\n    DEVELOPMENT = True\n    DEBUG = True\n\n\nclass TestingConfig(Config):\n",
  "slicing": "    DEBUG = True\n"
 },
 "33": {
  "name": "TESTING",
  "type": "bool",
  "class": "build-in",
  "approach": "annotation",
  "file_path": "graphql-python-starter/api/config.py",
  "lineno": "29",
  "column": "4",
  "context": "  DEBUG = True\n\n\nclass TestingConfig(Config):\n    TESTING = True\n",
  "context_lines": "class DevelopmentConfig(Config):\n    DEVELOPMENT = True\n    DEBUG = True\n\n\nclass TestingConfig(Config):\n    TESTING = True\n",
  "slicing": "    TESTING = True\n"
 },
 "34": {
  "name": "app",
  "type": "flask.Flask",
  "class": "imported",
  "approach": "annotation",
  "file_path": "graphql-python-starter/api/app.py",
  "lineno": "14",
  "column": "0",
  "context": "i.models import db\nfrom api.schema import schema\n\napp = Flask(__name__)\napp.config[\"APP_SETTINGS\"] = \"config.DevelopmentCo",
  "context_lines": "from flask_cors import CORS\nfrom flask_graphql import GraphQLView\nfrom api.models import db\nfrom api.schema import schema\n\napp = Flask(__name__)\napp.config[\"APP_SETTINGS\"] = \"config.DevelopmentConfig\"\napp.config[\"SQLALCHEMY_TRACK_MODIFICATIONS\"] = False\nif os.environ.get(\"SQLALCHEMY_DATABASE_URI\"):\n    db_uri = os.environ.get(\"SQLALCHEMY_DATABASE_URI\")\n",
  "slicing": [
   "app = Flask(__name__)\n",
   "app.config[\"APP_SETTINGS\"] = \"config.DevelopmentConfig\"\n",
   "app.config[\"SQLALCHEMY_TRACK_MODIFICATIONS\"] = False\n",
   "    app.config[\"SQLALCHEMY_DATABASE_URI\"] = db_uri\n",
   "    app.config[\"SQLALCHEMY_DATABASE_URI\"] = db_uri\n",
   "app.add_url_rule(\n",
   "CORS(app)\n",
   "db.init_app(app)\n",
   "@app.route(\"/\", methods=[\"GET\"])\n",
   "    app.run()\n"
  ]
 },
 "35": {
  "name": "db_uri",
  "type": "UNKNOWN",
  "class": "unknown",
  "approach": "Pysonar2",
  "file_path": "graphql-python-starter/api/app.py",
  "lineno": "18",
  "column": "4",
  "context": "if os.environ.get(\"SQLALCHEMY_DATABASE_URI\"):\n    db_uri = os.environ.get(\"SQLALCHEMY_DATABASE_URI\")\nelif os.environ.get(\"DATABASE_URL\"):\n    db_uri = ",
  "context_lines": "app = Flask(__name__)\napp.config[\"APP_SETTINGS\"] = \"config.DevelopmentConfig\"\napp.config[\"SQLALCHEMY_TRACK_MODIFICATIONS\"] = False\nif os.environ.get(\"SQLALCHEMY_DATABASE_URI\"):\n    db_uri = os.environ.get(\"SQLALCHEMY_DATABASE_URI\")\nelif os.environ.get(\"DATABASE_URL\"):\n    db_uri = os.environ.get(\"DATABASE_URL\")\n    app.config[\"SQLALCHEMY_DATABASE_URI\"] = db_uri\nelse:\n",
  "slicing": [
   "    db_uri = os.environ.get(\"SQLALCHEMY_DATABASE_URI\")\n",
   "    app.config[\"SQLALCHEMY_DATABASE_URI\"] = db_uri\n",
   "    app.config[\"SQLALCHEMY_DATABASE_URI\"] = db_uri\n"
  ]
 },
 "36": {
  "name": "db_uri",
  "type": "UNKNOWN",
  "class": "unknown",
  "approach": "Pysonar2",
  "file_path": "graphql-python-starter/api/app.py",
  "lineno": "20",
  "column": "4",
  "context": "SE_URI\")\nelif os.environ.get(\"DATABASE_URL\"):\n    db_uri = os.environ.get(\"DATABASE_URL\")\n    app.config[\"SQLALCHEMY_DATABASE_URI\"] = db_uri",
  "context_lines": "app.config[\"SQLALCHEMY_TRACK_MODIFICATIONS\"] = False\nif os.environ.get(\"SQLALCHEMY_DATABASE_URI\"):\n    db_uri = os.environ.get(\"SQLALCHEMY_DATABASE_URI\")\nelif os.environ.get(\"DATABASE_URL\"):\n    db_uri = os.environ.get(\"DATABASE_URL\")\n    app.config[\"SQLALCHEMY_DATABASE_URI\"] = db_uri\nelse:\n    db_uri = \"postgresql://localhost/starwars\"\n    app.config[\"SQLALCHEMY_DATABASE_URI\"] = db_uri\n\n\n",
  "slicing": [
   "    db_uri = os.environ.get(\"DATABASE_URL\")\n",
   "    app.config[\"SQLALCHEMY_DATABASE_URI\"] = db_uri\n",
   "    app.config[\"SQLALCHEMY_DATABASE_URI\"] = db_uri\n"
  ]
 },
 "37": {
  "name": "db_uri",
  "type": "str",
  "class": "build-in",
  "approach": "Pysonar2",
  "file_path": "graphql-python-starter/api/app.py",
  "lineno": "23",
  "column": "4",
  "context": "fig[\"SQLALCHEMY_DATABASE_URI\"] = db_uri\nelse:\n    db_uri = \"postgresql://localhost/starwars\"\n    app.config[\"SQLALCHEMY_DATABASE_URI\"] = db_uri",
  "context_lines": "elif os.environ.get(\"DATABASE_URL\"):\n    db_uri = os.environ.get(\"DATABASE_URL\")\n    app.config[\"SQLALCHEMY_DATABASE_URI\"] = db_uri\nelse:\n    db_uri = \"postgresql://localhost/starwars\"\n    app.config[\"SQLALCHEMY_DATABASE_URI\"] = db_uri\n\n\napp.add_url_rule(\n    \"/graphql\",\n    view_func=GraphQLView.as_view(\"graphql\", schema=schema, graphiql=True),\n",
  "slicing": [
   "    db_uri = \"postgresql://localhost/starwars\"\n",
   "    app.config[\"SQLALCHEMY_DATABASE_URI\"] = db_uri\n"
  ]
 },
 "38": {
  "name": "db",
  "type": "flask_sqlalchemy.SQLAlchemy",
  "class": "imported",
  "approach": "annotation",
  "file_path": "graphql-python-starter/api/models.py",
  "lineno": "19",
  "column": "0",
  "context": "e_exists, create_database\nfrom typing import Any\n\ndb = SQLAlchemy()  # type: Any\nengine = create_engine(\"postgresql://localhost/sta",
  "context_lines": "from flask_sqlalchemy import SQLAlchemy\nfrom sqlalchemy import create_engine\nfrom sqlalchemy_utils import database_exists, create_database\nfrom typing import Any\n\ndb = SQLAlchemy()  # type: Any\nengine = create_engine(\"postgresql://localhost/starwars\")\nif not database_exists(engine.url):\n    create_database(engine.url)\n\n\nmemberships = db.Table(\n",
  "slicing": [
   "db = SQLAlchemy()  # type: Any\n",
   "memberships = db.Table(\n",
   "    db.Column(\"hero_id\", db.Integer, db.ForeignKey(\"heroes.id\")),\n",
   "    db.Column(\"faction_id\", db.Integer, db.ForeignKey(\"factions.id\")),\n",
   "class Planet(db.Model):\n",
   "    id = db.Column(db.Integer, primary_key=True)\n",
   "    name = db.Column(db.String())\n",
   "    heroes = db.relationship(\"Hero\", backref=\"planets\", lazy=True)\n",
   "class Hero(db.Model):\n",
   "    id = db.Column(db.Integer, primary_key=True)\n",
   "    name = db.Column(db.String())\n",
   "    race = db.Column(db.String())\n",
   "    nick_name = db.Column(db.String())\n",
   "    planet_id = db.Column(\n",
   "        db.Integer, db.ForeignKey(\"planets.id\"), nullable=True\n",
   "    memberships = db.relationship(\n",
   "        secondary=memberships,\n",
   "        backref=db.backref(\"memberships\", lazy=\"dynamic\"),\n",
   "class Faction(db.Model):\n",
   "    id = db.Column(db.Integer, primary_key=True)\n",
   "    name = db.Column(db.String())\n",
   "    description = db.Column(db.String())\n"
  ]
 },
 "39": {
  "name": "engine",
  "type": "sqlalchemy.create_engine",
  "class": "imported",
  "approach": "annotation",
  "file_path": "graphql-python-starter/api/models.py",
  "lineno": "20",
  "column": "0",
  "context": "typing import Any\n\ndb = SQLAlchemy()  # type: Any\nengine = create_engine(\"postgresql://localhost/starwars\")\nif not database_exists(engine.url):\n    create_dat",
  "context_lines": "from sqlalchemy import create_engine\nfrom sqlalchemy_utils import database_exists, create_database\nfrom typing import Any\n\ndb = SQLAlchemy()  # type: Any\nengine = create_engine(\"postgresql://localhost/starwars\")\nif not database_exists(engine.url):\n    create_database(engine.url)\n\n\nmemberships = db.Table(\n    \"memberships\",\n",
  "slicing": [
   "engine = create_engine(\"postgresql://localhost/starwars\")\n",
   "if not database_exists(engine.url):\n",
   "    create_database(engine.url)\n"
  ]
 },
 "40": {
  "name": "memberships",
  "type": "UNKNOWN",
  "class": "unknown",
  "approach": "Pysonar2",
  "file_path": "graphql-python-starter/api/models.py",
  "lineno": "25",
  "column": "0",
  "context": "ts(engine.url):\n    create_database(engine.url)\n\n\nmemberships = db.Table(\n    \"memberships\",\n    db.Column(\"hero_id\", db.Int",
  "context_lines": "db = SQLAlchemy()  # type: Any\nengine = create_engine(\"postgresql://localhost/starwars\")\nif not database_exists(engine.url):\n    create_database(engine.url)\n\n\nmemberships = db.Table(\n    \"memberships\",\n    db.Column(\"hero_id\", db.Integer, db.ForeignKey(\"heroes.id\")),\n    db.Column(\"faction_id\", db.Integer, db.ForeignKey(\"factions.id\")),\n)\n\n\n",
  "slicing": [
   "memberships = db.Table(\n",
   "        secondary=memberships,\n"
  ]
 },
 "41": {
  "name": "__tablename__",
  "type": "str",
  "class": "build-in",
  "approach": "Pysonar2",
  "file_path": "graphql-python-starter/api/models.py",
  "lineno": "33",
  "column": "4",
  "context": "(\"factions.id\")),\n)\n\n\nclass Planet(db.Model):\n    __tablename__ = \"planets\"\n\n    id = db.Column(db.Integer, primary_key=True)\n",
  "context_lines": "    db.Column(\"hero_id\", db.Integer, db.ForeignKey(\"heroes.id\")),\n    db.Column(\"faction_id\", db.Integer, db.ForeignKey(\"factions.id\")),\n)\n\n\nclass Planet(db.Model):\n    __tablename__ = \"planets\"\n\n    id = db.Column(db.Integer, primary_key=True)\n    name = db.Column(db.String())\n\n    heroes = db.relationship(\"Hero\", backref=\"planets\", lazy=True)\n\n",
  "slicing": "    __tablename__ = \"planets\"\n"
 },
 "42": {
  "name": "id",
  "type": "UNKNOWN",
  "class": "unknown",
  "approach": "Pysonar2",
  "file_path": "graphql-python-starter/api/models.py",
  "lineno": "35",
  "column": "4",
  "context": "net(db.Model):\n    __tablename__ = \"planets\"\n\n    id = db.Column(db.Integer, primary_key=True)\n    name = db.Column(db.String())\n\n    heroes = db",
  "context_lines": "    db.Column(\"faction_id\", db.Integer, db.ForeignKey(\"factions.id\")),\n)\n\n\nclass Planet(db.Model):\n    __tablename__ = \"planets\"\n\n    id = db.Column(db.Integer, primary_key=True)\n    name = db.Column(db.String())\n\n    heroes = db.relationship(\"Hero\", backref=\"planets\", lazy=True)\n\n    def __repr__(self):\n        return f\"<Planet {self.name}>\"\n\n\n",
  "slicing": "    id = db.Column(db.Integer, primary_key=True)\n"
 },
 "43": {
  "name": "name",
  "type": "UNKNOWN",
  "class": "unknown",
  "approach": "Pysonar2",
  "file_path": "graphql-python-starter/api/models.py",
  "lineno": "36",
  "column": "4",
  "context": " id = db.Column(db.Integer, primary_key=True)\n    name = db.Column(db.String())\n\n    heroes = db.relationship(\"Hero\", backref=\"pla",
  "context_lines": ")\n\n\nclass Planet(db.Model):\n    __tablename__ = \"planets\"\n\n    id = db.Column(db.Integer, primary_key=True)\n    name = db.Column(db.String())\n\n    heroes = db.relationship(\"Hero\", backref=\"planets\", lazy=True)\n\n    def __repr__(self):\n        return f\"<Planet {self.name}>\"\n\n\n",
  "slicing": "    name = db.Column(db.String())\n"
 },
 "44": {
  "name": "heroes",
  "type": "UNKNOWN",
  "class": "unknown",
  "approach": "Pysonar2",
  "file_path": "graphql-python-starter/api/models.py",
  "lineno": "38",
  "column": "4",
  "context": "_key=True)\n    name = db.Column(db.String())\n\n    heroes = db.relationship(\"Hero\", backref=\"planets\", lazy=True)\n\n    def __repr__(self):\n        return f\"<Planet ",
  "context_lines": "class Planet(db.Model):\n    __tablename__ = \"planets\"\n\n    id = db.Column(db.Integer, primary_key=True)\n    name = db.Column(db.String())\n\n    heroes = db.relationship(\"Hero\", backref=\"planets\", lazy=True)\n\n    def __repr__(self):\n        return f\"<Planet {self.name}>\"\n\n\nclass Hero(db.Model):\n",
  "slicing": "    heroes = db.relationship(\"Hero\", backref=\"planets\", lazy=True)\n"
 },
 "45": {
  "name": "__tablename__",
  "type": "str",
  "class": "build-in",
  "approach": "Pysonar2",
  "file_path": "graphql-python-starter/api/models.py",
  "lineno": "45",
  "column": "4",
  "context": "<Planet {self.name}>\"\n\n\nclass Hero(db.Model):\n    __tablename__ = \"heroes\"\n\n    id = db.Column(db.Integer, primary_key=True)\n",
  "context_lines": "    heroes = db.relationship(\"Hero\", backref=\"planets\", lazy=True)\n\n    def __repr__(self):\n        return f\"<Planet {self.name}>\"\n\n\nclass Hero(db.Model):\n    __tablename__ = \"heroes\"\n\n    id = db.Column(db.Integer, primary_key=True)\n    name = db.Column(db.String())\n    race = db.Column(db.String())\n",
  "slicing": "    __tablename__ = \"heroes\"\n"
 },
 "46": {
  "name": "id",
  "type": "UNKNOWN",
  "class": "unknown",
  "approach": "Pysonar2",
  "file_path": "graphql-python-starter/api/models.py",
  "lineno": "47",
  "column": "4",
  "context": "Hero(db.Model):\n    __tablename__ = \"heroes\"\n\n    id = db.Column(db.Integer, primary_key=True)\n    name = db.Column(db.String())\n    race = db.Co",
  "context_lines": "    def __repr__(self):\n        return f\"<Planet {self.name}>\"\n\n\nclass Hero(db.Model):\n    __tablename__ = \"heroes\"\n\n    id = db.Column(db.Integer, primary_key=True)\n    name = db.Column(db.String())\n    race = db.Column(db.String())\n    nick_name = db.Column(db.String())\n\n    planet_id = db.Column(\n",
  "slicing": "    id = db.Column(db.Integer, primary_key=True)\n"
 },
 "47": {
  "name": "name",
  "type": "UNKNOWN",
  "class": "unknown",
  "approach": "Pysonar2",
  "file_path": "graphql-python-starter/api/models.py",
  "lineno": "48",
  "column": "4",
  "context": " id = db.Column(db.Integer, primary_key=True)\n    name = db.Column(db.String())\n    race = db.Column(db.String())\n    nick_name = ",
  "context_lines": "        return f\"<Planet {self.name}>\"\n\n\nclass Hero(db.Model):\n    __tablename__ = \"heroes\"\n\n    id = db.Column(db.Integer, primary_key=True)\n    name = db.Column(db.String())\n    race = db.Column(db.String())\n    nick_name = db.Column(db.String())\n\n    planet_id = db.Column(\n        db.Integer, db.ForeignKey(\"planets.id\"), nullable=True\n",
  "slicing": "    name = db.Column(db.String())\n"
 },
 "48": {
  "name": "race",
  "type": "UNKNOWN",
  "class": "unknown",
  "approach": "Pysonar2",
  "file_path": "graphql-python-starter/api/models.py",
  "lineno": "49",
  "column": "4",
  "context": "y_key=True)\n    name = db.Column(db.String())\n    race = db.Column(db.String())\n    nick_name = db.Column(db.String())\n\n    planet",
  "context_lines": "class Hero(db.Model):\n    __tablename__ = \"heroes\"\n\n    id = db.Column(db.Integer, primary_key=True)\n    name = db.Column(db.String())\n    race = db.Column(db.String())\n    nick_name = db.Column(db.String())\n\n    planet_id = db.Column(\n        db.Integer, db.ForeignKey(\"planets.id\"), nullable=True\n    )\n",
  "slicing": "    race = db.Column(db.String())\n"
 },
 "49": {
  "name": "nick_name",
  "type": "UNKNOWN",
  "class": "unknown",
  "approach": "Pysonar2",
  "file_path": "graphql-python-starter/api/models.py",
  "lineno": "50",
  "column": "4",
  "context": "b.String())\n    race = db.Column(db.String())\n    nick_name = db.Column(db.String())\n\n    planet_id = db.Column(\n        db.Integer, db",
  "context_lines": "    __tablename__ = \"heroes\"\n\n    id = db.Column(db.Integer, primary_key=True)\n    name = db.Column(db.String())\n    race = db.Column(db.String())\n    nick_name = db.Column(db.String())\n\n    planet_id = db.Column(\n        db.Integer, db.ForeignKey(\"planets.id\"), nullable=True\n    )\n",
  "slicing": "    nick_name = db.Column(db.String())\n"
 },
 "50": {
  "name": "planet_id",
  "type": "UNKNOWN",
  "class": "unknown",
  "approach": "Pysonar2",
  "file_path": "graphql-python-starter/api/models.py",
  "lineno": "52",
  "column": "4",
  "context": "ng())\n    nick_name = db.Column(db.String())\n\n    planet_id = db.Column(\n        db.Integer, db.ForeignKey(\"planets.id\"), n",
  "context_lines": "    id = db.Column(db.Integer, primary_key=True)\n    name = db.Column(db.String())\n    race = db.Column(db.String())\n    nick_name = db.Column(db.String())\n\n    planet_id = db.Column(\n        db.Integer, db.ForeignKey(\"planets.id\"), nullable=True\n    )\n    memberships = db.relationship(\n        \"Faction\",\n",
  "slicing": "    planet_id = db.Column(\n"
 },
 "51": {
  "name": "memberships",
  "type": "UNKNOWN",
  "class": "unknown",
  "approach": "Pysonar2",
  "file_path": "graphql-python-starter/api/models.py",
  "lineno": "55",
  "column": "4",
  "context": "ForeignKey(\"planets.id\"), nullable=True\n    )\n    memberships = db.relationship(\n        \"Faction\",\n        secondary=memberships,\n",
  "context_lines": "    nick_name = db.Column(db.String())\n\n    planet_id = db.Column(\n        db.Integer, db.ForeignKey(\"planets.id\"), nullable=True\n    )\n    memberships = db.relationship(\n        \"Faction\",\n        secondary=memberships,\n        backref=db.backref(\"memberships\", lazy=\"dynamic\"),\n    )\n\n",
  "slicing": [
   "    memberships = db.relationship(\n",
   "        secondary=memberships,\n"
  ]
 },
 "52": {
  "name": "__tablename__",
  "type": "str",
  "class": "build-in",
  "approach": "Pysonar2",
  "file_path": "graphql-python-starter/api/models.py",
  "lineno": "66",
  "column": "4",
  "context": "Hero {self.name}>\"\n\n\nclass Faction(db.Model):\n    __tablename__ = \"factions\"\n\n    id = db.Column(db.Integer, primary_key=True)\n",
  "context_lines": "    )\n\n    def __repr__(self):\n        return f\"<Hero {self.name}>\"\n\n\nclass Faction(db.Model):\n    __tablename__ = \"factions\"\n\n    id = db.Column(db.Integer, primary_key=True)\n    name = db.Column(db.String())\n    description = db.Column(db.String())\n\n",
  "slicing": "    __tablename__ = \"factions\"\n"
 },
 "53": {
  "name": "id",
  "type": "UNKNOWN",
  "class": "unknown",
  "approach": "Pysonar2",
  "file_path": "graphql-python-starter/api/models.py",
  "lineno": "68",
  "column": "4",
  "context": "on(db.Model):\n    __tablename__ = \"factions\"\n\n    id = db.Column(db.Integer, primary_key=True)\n    name = db.Column(db.String())\n    description ",
  "context_lines": "    def __repr__(self):\n        return f\"<Hero {self.name}>\"\n\n\nclass Faction(db.Model):\n    __tablename__ = \"factions\"\n\n    id = db.Column(db.Integer, primary_key=True)\n    name = db.Column(db.String())\n    description = db.Column(db.String())\n\n    def __repr__(self):\n",
  "slicing": "    id = db.Column(db.Integer, primary_key=True)\n"
 },
 "54": {
  "name": "name",
  "type": "UNKNOWN",
  "class": "unknown",
  "approach": "Pysonar2",
  "file_path": "graphql-python-starter/api/models.py",
  "lineno": "69",
  "column": "4",
  "context": " id = db.Column(db.Integer, primary_key=True)\n    name = db.Column(db.String())\n    description = db.Column(db.String())\n\n    def ",
  "context_lines": "        return f\"<Hero {self.name}>\"\n\n\nclass Faction(db.Model):\n    __tablename__ = \"factions\"\n\n    id = db.Column(db.Integer, primary_key=True)\n    name = db.Column(db.String())\n    description = db.Column(db.String())\n\n    def __repr__(self):\n",
  "slicing": "    name = db.Column(db.String())\n"
 },
 "55": {
  "name": "description",
  "type": "UNKNOWN",
  "class": "unknown",
  "approach": "Pysonar2",
  "file_path": "graphql-python-starter/api/models.py",
  "lineno": "70",
  "column": "4",
  "context": "y_key=True)\n    name = db.Column(db.String())\n    description = db.Column(db.String())\n\n    def __repr__(self):\n        return f\"<Faction",
  "context_lines": "class Faction(db.Model):\n    __tablename__ = \"factions\"\n\n    id = db.Column(db.Integer, primary_key=True)\n    name = db.Column(db.String())\n    description = db.Column(db.String())\n\n    def __repr__(self):\n",
  "slicing": "    description = db.Column(db.String())\n"
 },
 "56": {
  "name": "pre_install_hook_cmd",
  "type": "UNKNOWN",
  "class": "unknown",
  "approach": "Pysonar2",
  "file_path": "graphql-python-starter/api/bootstrap_database.py",
  "lineno": "13",
  "column": "4",
  "context": "  # Step 1:  install pre-commit hooks and env\n    pre_install_hook_cmd = subprocess.Popen(\n        [\"pre-commit\", \"install\"],\n        stdout=",
  "context_lines": "os.environ[\"APP_SETTINGS\"] = \"config.DevelopmentConfig\"\nos.environ[\"DATABASE_URL\"] = \"postgresql://localhost/starwars\"\n\n\nif __name__ == \"__main__\":\n    # Step 1:  install pre-commit hooks and env\n    pre_install_hook_cmd = subprocess.Popen(\n        [\"pre-commit\", \"install\"],\n        stdout=subprocess.PIPE,\n        stderr=subprocess.STDOUT,\n    )\n\n",
  "slicing": [
   "    pre_install_hook_cmd = subprocess.Popen(\n",
   "    stdout, stderr = pre_install_hook_cmd.communicate()\n",
   "    if stderr:\n",
   "    print(\" out {}\".format(stdout))\n",
   "    print(\" err {}\".format(stderr))\n",
   "    if stderr:\n",
   "    if stderr:\n",
   "    if stderr:\n",
   "    print(\" out {}\".format(stdout))\n",
   "    print(\" err {}\".format(stderr))\n",
   "    if stderr:\n"
  ]
 },
 "57": {
  "name": "stdout",
  "type": "UNKNOWN",
  "class": "unknown",
  "approach": "Pysonar2",
  "file_path": "graphql-python-starter/api/bootstrap_database.py",
  "lineno": "19",
  "column": "4",
  "context": "IPE,\n        stderr=subprocess.STDOUT,\n    )\n\n    stdout, stderr = pre_install_hook_cmd.communicate()\n    if stderr:\n        sys.exit(1)\n    # Step 2:  ",
  "context_lines": "        [\"pre-commit\", \"install\"],\n        stdout=subprocess.PIPE,\n        stderr=subprocess.STDOUT,\n    )\n\n    stdout, stderr = pre_install_hook_cmd.communicate()\n    if stderr:\n        sys.exit(1)\n    # Step 2:  pre clean migrations before manage.py db init\n    if os.path.exists(\"./migrations/\"):\n",
  "slicing": [
   "    stdout, stderr = pre_install_hook_cmd.communicate()\n",
   "    print(\" out {}\".format(stdout))\n",
   "    print(\" out {}\".format(stdout))\n"
  ]
 },
 "58": {
  "name": "stderr",
  "type": "UNKNOWN",
  "class": "unknown",
  "approach": "Pysonar2",
  "file_path": "graphql-python-starter/api/bootstrap_database.py",
  "lineno": "19",
  "column": "12",
  "context": "     stderr=subprocess.STDOUT,\n    )\n\n    stdout, stderr = pre_install_hook_cmd.communicate()\n    if stderr:\n        sys.exit(1)\n    # Step 2:  ",
  "context_lines": "        [\"pre-commit\", \"install\"],\n        stdout=subprocess.PIPE,\n        stderr=subprocess.STDOUT,\n    )\n\n    stdout, stderr = pre_install_hook_cmd.communicate()\n    if stderr:\n        sys.exit(1)\n    # Step 2:  pre clean migrations before manage.py db init\n    if os.path.exists(\"./migrations/\"):\n",
  "slicing": [
   "    stdout, stderr = pre_install_hook_cmd.communicate()\n",
   "    if stderr:\n",
   "    print(\" err {}\".format(stderr))\n",
   "    if stderr:\n",
   "    if stderr:\n",
   "    if stderr:\n",
   "    print(\" err {}\".format(stderr))\n",
   "    if stderr:\n"
  ]
 },
 "59": {
  "name": "python_manage_db_init_cmd",
  "type": "UNKNOWN",
  "class": "unknown",
  "approach": "Pysonar2",
  "file_path": "graphql-python-starter/api/bootstrap_database.py",
  "lineno": "31",
  "column": "4",
  "context": "nage.py db init, initialize migration folder\n\n    python_manage_db_init_cmd = subprocess.Popen(\n        [\"python\", \"manage.py\", \"db\", \"init\"],\n   ",
  "context_lines": "        shutil.rmtree(\"./migrations/\")\n    else:\n        print(\"There is no dir, good to go! 🚗\")\n\n    # Step 3: now Manage.py db init, initialize migration folder\n\n    python_manage_db_init_cmd = subprocess.Popen(\n        [\"python\", \"manage.py\", \"db\", \"init\"],\n        stdout=subprocess.PIPE,\n        stderr=subprocess.STDOUT,\n    )\n\n",
  "slicing": [
   "    python_manage_db_init_cmd = subprocess.Popen(\n",
   "    stdout, stderr = python_manage_db_init_cmd.communicate()\n",
   "    print(\" out {}\".format(stdout))\n",
   "    print(\" err {}\".format(stderr))\n",
   "    if stderr:\n",
   "    stdout, stderr = python_manage_db_init_cmd.communicate()\n",
   "    if stderr:\n",
   "    stdout, stderr = python_manage_db_init_cmd.communicate()\n",
   "    if stderr:\n",
   "    stdout, stderr = python_manage_db_init_cmd.communicate()\n",
   "    print(\" out {}\".format(stdout))\n",
   "    print(\" err {}\".format(stderr))\n",
   "    if stderr:\n"
  ]
 },
 "60": {
  "name": "stdout",
  "type": "UNKNOWN",
  "class": "unknown",
  "approach": "Pysonar2",
  "file_path": "graphql-python-starter/api/bootstrap_database.py",
  "lineno": "37",
  "column": "4",
  "context": "IPE,\n        stderr=subprocess.STDOUT,\n    )\n\n    stdout, stderr = python_manage_db_init_cmd.communicate()\n\n    print(\" out {}\".format(stdout))\n    print(\" e",
  "context_lines": "        [\"python\", \"manage.py\", \"db\", \"init\"],\n        stdout=subprocess.PIPE,\n        stderr=subprocess.STDOUT,\n    )\n\n    stdout, stderr = python_manage_db_init_cmd.communicate()\n\n    print(\" out {}\".format(stdout))\n    print(\" err {}\".format(stderr))\n\n    if stderr:\n",
  "slicing": [
   "    stdout, stderr = python_manage_db_init_cmd.communicate()\n",
   "    print(\" out {}\".format(stdout))\n",
   "    print(\" out {}\".format(stdout))\n"
  ]
 },
 "61": {
  "name": "stderr",
  "type": "UNKNOWN",
  "class": "unknown",
  "approach": "Pysonar2",
  "file_path": "graphql-python-starter/api/bootstrap_database.py",
  "lineno": "37",
  "column": "12",
  "context": "     stderr=subprocess.STDOUT,\n    )\n\n    stdout, stderr = python_manage_db_init_cmd.communicate()\n\n    print(\" out {}\".format(stdout))\n    print(\" e",
  "context_lines": "        [\"python\", \"manage.py\", \"db\", \"init\"],\n        stdout=subprocess.PIPE,\n        stderr=subprocess.STDOUT,\n    )\n\n    stdout, stderr = python_manage_db_init_cmd.communicate()\n\n    print(\" out {}\".format(stdout))\n    print(\" err {}\".format(stderr))\n\n    if stderr:\n",
  "slicing": [
   "    stdout, stderr = python_manage_db_init_cmd.communicate()\n",
   "    print(\" err {}\".format(stderr))\n",
   "    if stderr:\n",
   "    if stderr:\n",
   "    if stderr:\n",
   "    print(\" err {}\".format(stderr))\n",
   "    if stderr:\n"
  ]
 },
 "62": {
  "name": "database_exists",
  "type": "bool",
  "class": "build-in",
  "approach": "annotation",
  "file_path": "graphql-python-starter/api/bootstrap_database.py",
  "lineno": "50",
  "column": "4",
  "context": "ssociated with query\n\n    # connection = None\n    database_exists = False\n\n    try:\n        connection = psycopg2.connect(\n ",
  "context_lines": "    # STEP 4:  Does Star Wars database exist if so dont do anything\n    # If it does exist, does it have connections?\n    # If so reap each pid associated with query\n\n    # connection = None\n    database_exists = False\n\n    try:\n        connection = psycopg2.connect(\n            host=\"127.0.0.1\", port=5432, database=\"starwars\"\n",
  "slicing": [
   "    database_exists = False\n",
   "    if database_exists:\n"
  ]
 },
 "63": {
  "name": "connection",
  "type": "UNKNOWN",
  "class": "unknown",
  "approach": "Pysonar2",
  "file_path": "graphql-python-starter/api/bootstrap_database.py",
  "lineno": "53",
  "column": "8",
  "context": "one\n    database_exists = False\n\n    try:\n        connection = psycopg2.connect(\n            host=\"127.0.0.1\", port=5432, database=",
  "context_lines": "    # If so reap each pid associated with query\n\n    # connection = None\n    database_exists = False\n\n    try:\n        connection = psycopg2.connect(\n            host=\"127.0.0.1\", port=5432, database=\"starwars\"\n        )\n\n    except (Exception, psycopg2.Error) as error:\n        if 'database \"starwars\" does not exist' in (\"{}\".format(error)):\n",
  "slicing": [
   "        connection = psycopg2.connect(\n",
   "        if connection:\n",
   "            connection.close()\n",
   "            connection.set_isolation_level(0)\n",
   "            cursor = connection.cursor()\n",
   "            cursor.execute(\"\"\"DROP DATABASE starwars\"\"\")\n",
   "            cursor.execute(\"\"\"create DATABASE starwars\"\"\")\n",
   "            if connection:\n",
   "                cursor.close()\n",
   "                connection.close()\n",
   "            connection.set_isolation_level(0)\n",
   "            cursor = connection.cursor()\n",
   "            cursor.execute(\"\"\"create DATABASE starwars\"\"\")\n",
   "            if connection:\n",
   "                cursor.close()\n",
   "                connection.close()\n"
  ]
 },
 "64": {
  "name": "database_exists",
  "type": "bool",
  "class": "build-in",
  "approach": "annotation",
  "file_path": "graphql-python-starter/api/bootstrap_database.py",
  "lineno": "63",
  "column": "8",
  "context": "          print(\"Strange here\")\n    else:\n        database_exists = True\n        if connection:\n            connection.clos",
  "context_lines": "            print(\"IDEAL ERROR MESSAGE\")\n        else:\n            print(\"Strange here\")\n    else:\n        database_exists = True\n        if connection:\n            connection.close()\n        print(\"Postgres connection closed\")\n\n    if database_exists:\n",
  "slicing": [
   "        database_exists = True\n",
   "    if database_exists:\n"
  ]
 },
 "65": {
  "name": "connection",
  "type": "UNKNOWN",
  "class": "unknown",
  "approach": "Pysonar2",
  "file_path": "graphql-python-starter/api/bootstrap_database.py",
  "lineno": "70",
  "column": "12",
  "context": "\n    if database_exists:\n        try:\n            connection = psycopg2.connect(\n                host=\"127.0.0.1\", port=5432, datab",
  "context_lines": "            connection.close()\n        print(\"Postgres connection closed\")\n\n    if database_exists:\n        try:\n            connection = psycopg2.connect(\n                host=\"127.0.0.1\", port=5432, database=\"postgres\"\n            )\n            connection.set_isolation_level(0)\n            cursor = connection.cursor()\n",
  "slicing": [
   "            connection = psycopg2.connect(\n",
   "            connection.set_isolation_level(0)\n",
   "            cursor = connection.cursor()\n",
   "            cursor.execute(\"\"\"DROP DATABASE starwars\"\"\")\n",
   "            cursor.execute(\"\"\"create DATABASE starwars\"\"\")\n",
   "            if connection:\n",
   "                cursor.close()\n",
   "                connection.close()\n",
   "            connection.set_isolation_level(0)\n",
   "            cursor = connection.cursor()\n",
   "            cursor.execute(\"\"\"create DATABASE starwars\"\"\")\n",
   "            if connection:\n",
   "                cursor.close()\n",
   "                connection.close()\n"
  ]
 },
 "66": {
  "name": "cursor",
  "type": "UNKNOWN",
  "class": "unknown",
  "approach": "Pysonar2",
  "file_path": "graphql-python-starter/api/bootstrap_database.py",
  "lineno": "74",
  "column": "12",
  "context": "    connection.set_isolation_level(0)\n            cursor = connection.cursor()\n            cursor.execute(\"\"\"DROP DATABASE starwa",
  "context_lines": "            connection = psycopg2.connect(\n                host=\"127.0.0.1\", port=5432, database=\"postgres\"\n            )\n            connection.set_isolation_level(0)\n            cursor = connection.cursor()\n            cursor.execute(\"\"\"DROP DATABASE starwars\"\"\")\n            cursor.execute(\"\"\"create DATABASE starwars\"\"\")\n\n        except (Exception, psycopg2.Error) as error:\n            print(\n",
  "slicing": [
   "            cursor = connection.cursor()\n",
   "            cursor.execute(\"\"\"DROP DATABASE starwars\"\"\")\n",
   "            cursor.execute(\"\"\"create DATABASE starwars\"\"\")\n",
   "                cursor.close()\n",
   "            cursor.execute(\"\"\"create DATABASE starwars\"\"\")\n",
   "                cursor.close()\n"
  ]
 },
 "67": {
  "name": "connection",
  "type": "UNKNOWN",
  "class": "unknown",
  "approach": "Pysonar2",
  "file_path": "graphql-python-starter/api/bootstrap_database.py",
  "lineno": "89",
  "column": "12",
  "context": "closed msg 2\")\n    else:\n        try:\n            connection = psycopg2.connect(\n                host=\"127.0.0.1\", port=5432, datab",
  "context_lines": "                connection.close()\n                print(\"Postgres connection closed msg 2\")\n    else:\n        try:\n            connection = psycopg2.connect(\n                host=\"127.0.0.1\", port=5432, database=\"postgres\"\n            )\n            connection.set_isolation_level(0)\n            cursor = connection.cursor()\n",
  "slicing": [
   "            connection = psycopg2.connect(\n",
   "            connection.set_isolation_level(0)\n",
   "            cursor = connection.cursor()\n",
   "            cursor.execute(\"\"\"create DATABASE starwars\"\"\")\n",
   "            if connection:\n",
   "                cursor.close()\n",
   "                connection.close()\n"
  ]
 },
 "68": {
  "name": "cursor",
  "type": "UNKNOWN",
  "class": "unknown",
  "approach": "Pysonar2",
  "file_path": "graphql-python-starter/api/bootstrap_database.py",
  "lineno": "93",
  "column": "12",
  "context": "    connection.set_isolation_level(0)\n            cursor = connection.cursor()\n            cursor.execute(\"\"\"create DATABASE star",
  "context_lines": "            connection = psycopg2.connect(\n                host=\"127.0.0.1\", port=5432, database=\"postgres\"\n            )\n            connection.set_isolation_level(0)\n            cursor = connection.cursor()\n            cursor.execute(\"\"\"create DATABASE starwars\"\"\")\n        except (Exception, psycopg2.Error) as error:\n            print(\"Error in creating new database  {}\".format(error))\n        finally:\n",
  "slicing": [
   "            cursor = connection.cursor()\n",
   "            cursor.execute(\"\"\"create DATABASE starwars\"\"\")\n",
   "                cursor.close()\n"
  ]
 },
 "69": {
  "name": "python_manage_db_init_cmd",
  "type": "UNKNOWN",
  "class": "unknown",
  "approach": "Pysonar2",
  "file_path": "graphql-python-starter/api/bootstrap_database.py",
  "lineno": "104",
  "column": "4",
  "context": " closed msg 3\")\n\n    # STEP 6 Upgrade Manager\n    python_manage_db_init_cmd = subprocess.Popen(\n        [\"python\", \"manage.py\", \"db\", \"upgrade\"],\n",
  "context_lines": "                cursor.close()\n                connection.close()\n                print(\"Postgres connection closed msg 3\")\n\n    # STEP 6 Upgrade Manager\n    python_manage_db_init_cmd = subprocess.Popen(\n        [\"python\", \"manage.py\", \"db\", \"upgrade\"],\n        stdout=subprocess.PIPE,\n        stderr=subprocess.STDOUT,\n    )\n\n",
  "slicing": [
   "    python_manage_db_init_cmd = subprocess.Popen(\n",
   "    stdout, stderr = python_manage_db_init_cmd.communicate()\n",
   "    if stderr:\n",
   "    stdout, stderr = python_manage_db_init_cmd.communicate()\n",
   "    if stderr:\n",
   "    stdout, stderr = python_manage_db_init_cmd.communicate()\n",
   "    print(\" out {}\".format(stdout))\n",
   "    print(\" err {}\".format(stderr))\n",
   "    if stderr:\n"
  ]
 },
 "70": {
  "name": "stdout",
  "type": "UNKNOWN",
  "class": "unknown",
  "approach": "Pysonar2",
  "file_path": "graphql-python-starter/api/bootstrap_database.py",
  "lineno": "110",
  "column": "4",
  "context": "IPE,\n        stderr=subprocess.STDOUT,\n    )\n\n    stdout, stderr = python_manage_db_init_cmd.communicate()\n\n    if stderr:\n        sys.exit(1)\n\n    # STEP 7 ",
  "context_lines": "        [\"python\", \"manage.py\", \"db\", \"upgrade\"],\n        stdout=subprocess.PIPE,\n        stderr=subprocess.STDOUT,\n    )\n\n    stdout, stderr = python_manage_db_init_cmd.communicate()\n\n    if stderr:\n        sys.exit(1)\n\n    # STEP 7 Migrate Manager\n",
  "slicing": [
   "    stdout, stderr = python_manage_db_init_cmd.communicate()\n",
   "    print(\" out {}\".format(stdout))\n"
  ]
 },
 "71": {
  "name": "stderr",
  "type": "UNKNOWN",
  "class": "unknown",
  "approach": "Pysonar2",
  "file_path": "graphql-python-starter/api/bootstrap_database.py",
  "lineno": "110",
  "column": "12",
  "context": "     stderr=subprocess.STDOUT,\n    )\n\n    stdout, stderr = python_manage_db_init_cmd.communicate()\n\n    if stderr:\n        sys.exit(1)\n\n    # STEP 7 ",
  "context_lines": "        [\"python\", \"manage.py\", \"db\", \"upgrade\"],\n        stdout=subprocess.PIPE,\n        stderr=subprocess.STDOUT,\n    )\n\n    stdout, stderr = python_manage_db_init_cmd.communicate()\n\n    if stderr:\n        sys.exit(1)\n\n    # STEP 7 Migrate Manager\n",
  "slicing": [
   "    stdout, stderr = python_manage_db_init_cmd.communicate()\n",
   "    if stderr:\n",
   "    if stderr:\n",
   "    print(\" err {}\".format(stderr))\n",
   "    if stderr:\n"
  ]
 },
 "72": {
  "name": "python_manage_db_init_cmd",
  "type": "UNKNOWN",
  "class": "unknown",
  "approach": "Pysonar2",
  "file_path": "graphql-python-starter/api/bootstrap_database.py",
  "lineno": "116",
  "column": "4",
  "context": "    sys.exit(1)\n\n    # STEP 7 Migrate Manager\n    python_manage_db_init_cmd = subprocess.Popen(\n        [\"python\", \"manage.py\", \"db\", \"migrate\"],\n",
  "context_lines": "    stdout, stderr = python_manage_db_init_cmd.communicate()\n\n    if stderr:\n        sys.exit(1)\n\n    # STEP 7 Migrate Manager\n    python_manage_db_init_cmd = subprocess.Popen(\n        [\"python\", \"manage.py\", \"db\", \"migrate\"],\n        stdout=subprocess.PIPE,\n        stderr=subprocess.STDOUT,\n    )\n\n",
  "slicing": [
   "    python_manage_db_init_cmd = subprocess.Popen(\n",
   "    stdout, stderr = python_manage_db_init_cmd.communicate()\n",
   "    if stderr:\n",
   "    stdout, stderr = python_manage_db_init_cmd.communicate()\n",
   "    print(\" out {}\".format(stdout))\n",
   "    print(\" err {}\".format(stderr))\n",
   "    if stderr:\n"
  ]
 },
 "73": {
  "name": "stdout",
  "type": "UNKNOWN",
  "class": "unknown",
  "approach": "Pysonar2",
  "file_path": "graphql-python-starter/api/bootstrap_database.py",
  "lineno": "122",
  "column": "4",
  "context": "IPE,\n        stderr=subprocess.STDOUT,\n    )\n\n    stdout, stderr = python_manage_db_init_cmd.communicate()\n\n    if stderr:\n        sys.exit(1)\n\n    # STEP 8 ",
  "context_lines": "        [\"python\", \"manage.py\", \"db\", \"migrate\"],\n        stdout=subprocess.PIPE,\n        stderr=subprocess.STDOUT,\n    )\n\n    stdout, stderr = python_manage_db_init_cmd.communicate()\n\n    if stderr:\n        sys.exit(1)\n\n    # STEP 8 seed db\n",
  "slicing": [
   "    stdout, stderr = python_manage_db_init_cmd.communicate()\n",
   "    print(\" out {}\".format(stdout))\n"
  ]
 },
 "74": {
  "name": "stderr",
  "type": "UNKNOWN",
  "class": "unknown",
  "approach": "Pysonar2",
  "file_path": "graphql-python-starter/api/bootstrap_database.py",
  "lineno": "122",
  "column": "12",
  "context": "     stderr=subprocess.STDOUT,\n    )\n\n    stdout, stderr = python_manage_db_init_cmd.communicate()\n\n    if stderr:\n        sys.exit(1)\n\n    # STEP 8 ",
  "context_lines": "        [\"python\", \"manage.py\", \"db\", \"migrate\"],\n        stdout=subprocess.PIPE,\n        stderr=subprocess.STDOUT,\n    )\n\n    stdout, stderr = python_manage_db_init_cmd.communicate()\n\n    if stderr:\n        sys.exit(1)\n\n    # STEP 8 seed db\n",
  "slicing": [
   "    stdout, stderr = python_manage_db_init_cmd.communicate()\n",
   "    if stderr:\n",
   "    print(\" err {}\".format(stderr))\n",
   "    if stderr:\n"
  ]
 },
 "75": {
  "name": "python_manage_db_init_cmd",
  "type": "UNKNOWN",
  "class": "unknown",
  "approach": "Pysonar2",
  "file_path": "graphql-python-starter/api/bootstrap_database.py",
  "lineno": "128",
  "column": "4",
  "context": "rr:\n        sys.exit(1)\n\n    # STEP 8 seed db\n    python_manage_db_init_cmd = subprocess.Popen(\n        [\"python\", \"seed_db.py\"],\n        stdout=s",
  "context_lines": "    stdout, stderr = python_manage_db_init_cmd.communicate()\n\n    if stderr:\n        sys.exit(1)\n\n    # STEP 8 seed db\n    python_manage_db_init_cmd = subprocess.Popen(\n        [\"python\", \"seed_db.py\"],\n        stdout=subprocess.PIPE,\n        stderr=subprocess.STDOUT,\n    )\n\n",
  "slicing": [
   "    python_manage_db_init_cmd = subprocess.Popen(\n",
   "    stdout, stderr = python_manage_db_init_cmd.communicate()\n",
   "    print(\" out {}\".format(stdout))\n",
   "    print(\" err {}\".format(stderr))\n",
   "    if stderr:\n"
  ]
 },
 "76": {
  "name": "stdout",
  "type": "UNKNOWN",
  "class": "unknown",
  "approach": "Pysonar2",
  "file_path": "graphql-python-starter/api/bootstrap_database.py",
  "lineno": "134",
  "column": "4",
  "context": "IPE,\n        stderr=subprocess.STDOUT,\n    )\n\n    stdout, stderr = python_manage_db_init_cmd.communicate()\n\n    print(\" out {}\".format(stdout))\n    print(\" e",
  "context_lines": "        [\"python\", \"seed_db.py\"],\n        stdout=subprocess.PIPE,\n        stderr=subprocess.STDOUT,\n    )\n\n    stdout, stderr = python_manage_db_init_cmd.communicate()\n\n    print(\" out {}\".format(stdout))\n    print(\" err {}\".format(stderr))\n\n    if stderr:\n",
  "slicing": [
   "    stdout, stderr = python_manage_db_init_cmd.communicate()\n",
   "    print(\" out {}\".format(stdout))\n"
  ]
 },
 "77": {
  "name": "stderr",
  "type": "UNKNOWN",
  "class": "unknown",
  "approach": "Pysonar2",
  "file_path": "graphql-python-starter/api/bootstrap_database.py",
  "lineno": "134",
  "column": "12",
  "context": "     stderr=subprocess.STDOUT,\n    )\n\n    stdout, stderr = python_manage_db_init_cmd.communicate()\n\n    print(\" out {}\".format(stdout))\n    print(\" e",
  "context_lines": "        [\"python\", \"seed_db.py\"],\n        stdout=subprocess.PIPE,\n        stderr=subprocess.STDOUT,\n    )\n\n    stdout, stderr = python_manage_db_init_cmd.communicate()\n\n    print(\" out {}\".format(stdout))\n    print(\" err {}\".format(stderr))\n\n    if stderr:\n",
  "slicing": [
   "    stdout, stderr = python_manage_db_init_cmd.communicate()\n",
   "    print(\" err {}\".format(stderr))\n",
   "    if stderr:\n"
  ]
 },
 "78": {
  "name": "model",
  "type": "UNKNOWN",
  "class": "unknown",
  "approach": "annotation",
  "file_path": "graphql-python-starter/api/schema.py",
  "lineno": "11",
  "column": "8",
  "context": "ro(SQLAlchemyObjectType):\n    class Meta:\n        model = HeroModel\n        interfaces = (relay.Node,)\n\n\nclass Faction",
  "context_lines": "from api.models import Faction as FactionModel\nfrom api.models import Planet as PlanetModel\n\n\nclass Hero(SQLAlchemyObjectType):\n    class Meta:\n        model = HeroModel\n        interfaces = (relay.Node,)\n\n\nclass Faction(SQLAlchemyObjectType):\n    class Meta:\n        model = FactionModel\n",
  "slicing": "        model = HeroModel\n"
 },
 "79": {
  "name": "interfaces",
  "type": "tuple",
  "class": "build-in",
  "approach": "annotation",
  "file_path": "graphql-python-starter/api/schema.py",
  "lineno": "12",
  "column": "8",
  "context": "    class Meta:\n        model = HeroModel\n        interfaces = (relay.Node,)\n\n\nclass Faction(SQLAlchemyObjectType):\n    class M",
  "context_lines": "from api.models import Planet as PlanetModel\n\n\nclass Hero(SQLAlchemyObjectType):\n    class Meta:\n        model = HeroModel\n        interfaces = (relay.Node,)\n\n\nclass Faction(SQLAlchemyObjectType):\n    class Meta:\n        model = FactionModel\n",
  "slicing": "        interfaces = (relay.Node,)\n"
 },
 "80": {
  "name": "model",
  "type": "UNKNOWN",
  "class": "unknown",
  "approach": "annotation",
  "file_path": "graphql-python-starter/api/schema.py",
  "lineno": "17",
  "column": "8",
  "context": "on(SQLAlchemyObjectType):\n    class Meta:\n        model = FactionModel\n        interfaces = (relay.Node,)\n\n\nclass Planet(",
  "context_lines": "        model = HeroModel\n        interfaces = (relay.Node,)\n\n\nclass Faction(SQLAlchemyObjectType):\n    class Meta:\n        model = FactionModel\n        interfaces = (relay.Node,)\n\n\nclass Planet(SQLAlchemyObjectType):\n    class Meta:\n        model = PlanetModel\n",
  "slicing": "        model = FactionModel\n"
 },
 "81": {
  "name": "interfaces",
  "type": "tuple",
  "class": "build-in",
  "approach": "annotation",
  "file_path": "graphql-python-starter/api/schema.py",
  "lineno": "18",
  "column": "8",
  "context": " class Meta:\n        model = FactionModel\n        interfaces = (relay.Node,)\n\n\nclass Planet(SQLAlchemyObjectType):\n    class Me",
  "context_lines": "        interfaces = (relay.Node,)\n\n\nclass Faction(SQLAlchemyObjectType):\n    class Meta:\n        model = FactionModel\n        interfaces = (relay.Node,)\n\n\nclass Planet(SQLAlchemyObjectType):\n    class Meta:\n        model = PlanetModel\n",
  "slicing": "        interfaces = (relay.Node,)\n"
 },
 "82": {
  "name": "model",
  "type": "UNKNOWN",
  "class": "unknown",
  "approach": "annotation",
  "file_path": "graphql-python-starter/api/schema.py",
  "lineno": "23",
  "column": "8",
  "context": "et(SQLAlchemyObjectType):\n    class Meta:\n        model = PlanetModel\n        interfaces = (relay.Node,)\n\n\nclass Query(g",
  "context_lines": "        model = FactionModel\n        interfaces = (relay.Node,)\n\n\nclass Planet(SQLAlchemyObjectType):\n    class Meta:\n        model = PlanetModel\n        interfaces = (relay.Node,)\n\n\nclass Query(graphene.ObjectType):\n    # node = relay.Node.Field()\n    # Get Method :: Return an instance based on the given primary key identifier, or None if not found.\n",
  "slicing": "        model = PlanetModel\n"
 },
 "83": {
  "name": "interfaces",
  "type": "tuple",
  "class": "build-in",
  "approach": "annotation",
  "file_path": "graphql-python-starter/api/schema.py",
  "lineno": "24",
  "column": "8",
  "context": "  class Meta:\n        model = PlanetModel\n        interfaces = (relay.Node,)\n\n\nclass Query(graphene.ObjectType):\n    # node = r",
  "context_lines": "        interfaces = (relay.Node,)\n\n\nclass Planet(SQLAlchemyObjectType):\n    class Meta:\n        model = PlanetModel\n        interfaces = (relay.Node,)\n\n\nclass Query(graphene.ObjectType):\n    # node = relay.Node.Field()\n    # Get Method :: Return an instance based on the given primary key identifier, or None if not found.\n",
  "slicing": "        interfaces = (relay.Node,)\n"
 },
 "84": {
  "name": "heroes",
  "type": "UNKNOWN",
  "class": "unknown",
  "approach": "Pysonar2",
  "file_path": "graphql-python-starter/api/schema.py",
  "lineno": "31",
  "column": "4",
  "context": " key identifier, or None if not found.\n    # \n    heroes = graphene.List(Hero)\n    factions = graphene.List(Faction)\n    hero = g",
  "context_lines": "class Query(graphene.ObjectType):\n    # node = relay.Node.Field()\n    # Get Method :: Return an instance based on the given primary key identifier, or None if not found.\n    # \n    heroes = graphene.List(Hero)\n    factions = graphene.List(Faction)\n    hero = graphene.Field(Hero, id=graphene.String())\n    hero_name = graphene.Field(heroes, name=graphene.String())\n    faction_name = graphene.Field(factions, name=graphene.String())\n",
  "slicing": [
   "    heroes = graphene.List(Hero)\n",
   "    hero_name = graphene.Field(heroes, name=graphene.String())\n"
  ]
 },
 "85": {
  "name": "factions",
  "type": "UNKNOWN",
  "class": "unknown",
  "approach": "Pysonar2",
  "file_path": "graphql-python-starter/api/schema.py",
  "lineno": "32",
  "column": "4",
  "context": "ound.\n    # \n    heroes = graphene.List(Hero)\n    factions = graphene.List(Faction)\n    hero = graphene.Field(Hero, id=graphene.String",
  "context_lines": "    # node = relay.Node.Field()\n    # Get Method :: Return an instance based on the given primary key identifier, or None if not found.\n    # \n    heroes = graphene.List(Hero)\n    factions = graphene.List(Faction)\n    hero = graphene.Field(Hero, id=graphene.String())\n    hero_name = graphene.Field(heroes, name=graphene.String())\n    faction_name = graphene.Field(factions, name=graphene.String())\n    find_race = graphene.Field(Hero, race=graphene.String() )\n\n\n",
  "slicing": [
   "    factions = graphene.List(Faction)\n",
   "    faction_name = graphene.Field(factions, name=graphene.String())\n"
  ]
 },
 "86": {
  "name": "hero",
  "type": "UNKNOWN",
  "class": "unknown",
  "approach": "Pysonar2",
  "file_path": "graphql-python-starter/api/schema.py",
  "lineno": "33",
  "column": "4",
  "context": "t(Hero)\n    factions = graphene.List(Faction)\n    hero = graphene.Field(Hero, id=graphene.String())\n    hero_name = graphene.Field(heroes, name=graphe",
  "context_lines": "    # Get Method :: Return an instance based on the given primary key identifier, or None if not found.\n    # \n    heroes = graphene.List(Hero)\n    factions = graphene.List(Faction)\n    hero = graphene.Field(Hero, id=graphene.String())\n    hero_name = graphene.Field(heroes, name=graphene.String())\n    faction_name = graphene.Field(factions, name=graphene.String())\n    find_race = graphene.Field(Hero, race=graphene.String() )\n\n\n    def resolve_heroes(self, info):\n",
  "slicing": "    hero = graphene.Field(Hero, id=graphene.String())\n"
 },
 "87": {
  "name": "hero_name",
  "type": "UNKNOWN",
  "class": "unknown",
  "approach": "Pysonar2",
  "file_path": "graphql-python-starter/api/schema.py",
  "lineno": "34",
  "column": "4",
  "context": " = graphene.Field(Hero, id=graphene.String())\n    hero_name = graphene.Field(heroes, name=graphene.String())\n    faction_name = graphene.Field(factions, name=g",
  "context_lines": "    # \n    heroes = graphene.List(Hero)\n    factions = graphene.List(Faction)\n    hero = graphene.Field(Hero, id=graphene.String())\n    hero_name = graphene.Field(heroes, name=graphene.String())\n    faction_name = graphene.Field(factions, name=graphene.String())\n    find_race = graphene.Field(Hero, race=graphene.String() )\n\n\n    def resolve_heroes(self, info):\n        query = Hero.get_query(info)\n",
  "slicing": "    hero_name = graphene.Field(heroes, name=graphene.String())\n"
 },
 "88": {
  "name": "faction_name",
  "type": "UNKNOWN",
  "class": "unknown",
  "approach": "Pysonar2",
  "file_path": "graphql-python-starter/api/schema.py",
  "lineno": "35",
  "column": "4",
  "context": "raphene.Field(heroes, name=graphene.String())\n    faction_name = graphene.Field(factions, name=graphene.String())\n    find_race = graphene.Field(Hero, race=graphene",
  "context_lines": "    heroes = graphene.List(Hero)\n    factions = graphene.List(Faction)\n    hero = graphene.Field(Hero, id=graphene.String())\n    hero_name = graphene.Field(heroes, name=graphene.String())\n    faction_name = graphene.Field(factions, name=graphene.String())\n    find_race = graphene.Field(Hero, race=graphene.String() )\n\n\n    def resolve_heroes(self, info):\n        query = Hero.get_query(info)\n        return query.all()\n\n",
  "slicing": "    faction_name = graphene.Field(factions, name=graphene.String())\n"
 },
 "89": {
  "name": "find_race",
  "type": "UNKNOWN",
  "class": "unknown",
  "approach": "Pysonar2",
  "file_path": "graphql-python-starter/api/schema.py",
  "lineno": "36",
  "column": "4",
  "context": "phene.Field(factions, name=graphene.String())\n    find_race = graphene.Field(Hero, race=graphene.String() )\n\n\n    def resolve_heroes(self, info):\n        quer",
  "context_lines": "    factions = graphene.List(Faction)\n    hero = graphene.Field(Hero, id=graphene.String())\n    hero_name = graphene.Field(heroes, name=graphene.String())\n    faction_name = graphene.Field(factions, name=graphene.String())\n    find_race = graphene.Field(Hero, race=graphene.String() )\n\n\n    def resolve_heroes(self, info):\n        query = Hero.get_query(info)\n        return query.all()\n\n",
  "slicing": "    find_race = graphene.Field(Hero, race=graphene.String() )\n"
 },
 "90": {
  "name": "query",
  "type": "UNKNOWN",
  "class": "unknown",
  "approach": "Pysonar2",
  "file_path": "graphql-python-starter/api/schema.py",
  "lineno": "40",
  "column": "8",
  "context": ") )\n\n\n    def resolve_heroes(self, info):\n        query = Hero.get_query(info)\n        return query.all()\n\n    def resolve_planet",
  "context_lines": "    hero_name = graphene.Field(heroes, name=graphene.String())\n    faction_name = graphene.Field(factions, name=graphene.String())\n    find_race = graphene.Field(Hero, race=graphene.String() )\n\n\n    def resolve_heroes(self, info):\n        query = Hero.get_query(info)\n        return query.all()\n\n    def resolve_planets(self, info):\n        query = Hero.get_query(info)\n        return query.all()\n\n",
  "slicing": [
   "        query = Hero.get_query(info)\n",
   "        return query.all()\n",
   "        return query.all()\n",
   "        return query.get(id)\n",
   "        return query.filter_by(name=name)\n",
   "        return query.filter_by(name=name)\n"
  ]
 },
 "91": {
  "name": "query",
  "type": "UNKNOWN",
  "class": "unknown",
  "approach": "Pysonar2",
  "file_path": "graphql-python-starter/api/schema.py",
  "lineno": "44",
  "column": "8",
  "context": "l()\n\n    def resolve_planets(self, info):\n        query = Hero.get_query(info)\n        return query.all()\n\n    def resolve_hero(s",
  "context_lines": "    def resolve_heroes(self, info):\n        query = Hero.get_query(info)\n        return query.all()\n\n    def resolve_planets(self, info):\n        query = Hero.get_query(info)\n        return query.all()\n\n    def resolve_hero(self, info,id):\n        query = Hero.get_query(info)\n        return query.get(id)\n\n",
  "slicing": [
   "        query = Hero.get_query(info)\n",
   "        return query.all()\n",
   "        return query.get(id)\n",
   "        return query.filter_by(name=name)\n",
   "        return query.filter_by(name=name)\n"
  ]
 },
 "92": {
  "name": "query",
  "type": "UNKNOWN",
  "class": "unknown",
  "approach": "Pysonar2",
  "file_path": "graphql-python-starter/api/schema.py",
  "lineno": "48",
  "column": "8",
  "context": "l()\n\n    def resolve_hero(self, info,id):\n        query = Hero.get_query(info)\n        return query.get(id)\n\n    def resolve_hero",
  "context_lines": "    def resolve_planets(self, info):\n        query = Hero.get_query(info)\n        return query.all()\n\n    def resolve_hero(self, info,id):\n        query = Hero.get_query(info)\n        return query.get(id)\n\n    def resolve_hero_name(self, info, name):\n        query = Hero.get_query(info)\n        return query.filter_by(name=name)\n\n",
  "slicing": [
   "        query = Hero.get_query(info)\n",
   "        return query.get(id)\n",
   "        return query.filter_by(name=name)\n",
   "        return query.filter_by(name=name)\n"
  ]
 },
 "93": {
  "name": "query",
  "type": "UNKNOWN",
  "class": "unknown",
  "approach": "Pysonar2",
  "file_path": "graphql-python-starter/api/schema.py",
  "lineno": "52",
  "column": "8",
  "context": " def resolve_hero_name(self, info, name):\n        query = Hero.get_query(info)\n        return query.filter_by(name=name)\n\n    def",
  "context_lines": "    def resolve_hero(self, info,id):\n        query = Hero.get_query(info)\n        return query.get(id)\n\n    def resolve_hero_name(self, info, name):\n        query = Hero.get_query(info)\n        return query.filter_by(name=name)\n\n    def resolve_faction_name(self, info, name):\n        query = Faction.get_query(info)\n        return query.filter_by(name=name)\n\n\n",
  "slicing": [
   "        query = Hero.get_query(info)\n",
   "        return query.filter_by(name=name)\n",
   "        return query.filter_by(name=name)\n"
  ]
 },
 "94": {
  "name": "query",
  "type": "UNKNOWN",
  "class": "unknown",
  "approach": "Pysonar2",
  "file_path": "graphql-python-starter/api/schema.py",
  "lineno": "56",
  "column": "8",
  "context": "f resolve_faction_name(self, info, name):\n        query = Faction.get_query(info)\n        return query.filter_by(name=name)\n\n\nschema",
  "context_lines": "    def resolve_hero_name(self, info, name):\n        query = Hero.get_query(info)\n        return query.filter_by(name=name)\n\n    def resolve_faction_name(self, info, name):\n        query = Faction.get_query(info)\n        return query.filter_by(name=name)\n\n\n",
  "slicing": [
   "        query = Faction.get_query(info)\n",
   "        return query.filter_by(name=name)\n"
  ]
 },
 "95": {
  "name": "schema",
  "type": "UNKNOWN",
  "class": "unknown",
  "approach": "Pysonar2",
  "file_path": "graphql-python-starter/api/schema.py",
  "lineno": "60",
  "column": "0",
  "context": "info)\n        return query.filter_by(name=name)\n\n\nschema = graphene.Schema(query=Query)\n",
  "context_lines": "        return query.filter_by(name=name)\n\n    def resolve_faction_name(self, info, name):\n        query = Faction.get_query(info)\n        return query.filter_by(name=name)\n\n\nschema = graphene.Schema(query=Query)\n",
  "slicing": "schema = graphene.Schema(query=Query)\n"
 },
 "96": {
  "name": "info",
  "type": "UNKNOWN",
  "class": "unknown",
  "approach": "Pysonar2",
  "file_path": "graphql-python-starter/api/schema.py",
  "lineno": "39",
  "column": "29",
  "context": "raphene.String() )\n\n\n    def resolve_heroes(self, info):\n        query = Hero.get_query(info)\n        retur",
  "context_lines": "    hero = graphene.Field(Hero, id=graphene.String())\n    hero_name = graphene.Field(heroes, name=graphene.String())\n    faction_name = graphene.Field(factions, name=graphene.String())\n    find_race = graphene.Field(Hero, race=graphene.String() )\n\n\n    def resolve_heroes(self, info):\n        query = Hero.get_query(info)\n        return query.all()\n\n    def resolve_planets(self, info):\n        query = Hero.get_query(info)\n",
  "slicing": "    def resolve_heroes(self, info):\n"
 },
 "97": {
  "name": "info",
  "type": "UNKNOWN",
  "class": "unknown",
  "approach": "Pysonar2",
  "file_path": "graphql-python-starter/api/schema.py",
  "lineno": "43",
  "column": "30",
  "context": "return query.all()\n\n    def resolve_planets(self, info):\n        query = Hero.get_query(info)\n        retur",
  "context_lines": "    find_race = graphene.Field(Hero, race=graphene.String() )\n\n\n    def resolve_heroes(self, info):\n        query = Hero.get_query(info)\n        return query.all()\n\n    def resolve_planets(self, info):\n        query = Hero.get_query(info)\n        return query.all()\n\n    def resolve_hero(self, info,id):\n        query = Hero.get_query(info)\n",
  "slicing": "    def resolve_planets(self, info):\n"
 },
 "98": {
  "name": "info",
  "type": "UNKNOWN",
  "class": "unknown",
  "approach": "Pysonar2",
  "file_path": "graphql-python-starter/api/schema.py",
  "lineno": "47",
  "column": "27",
  "context": "   return query.all()\n\n    def resolve_hero(self, info,id):\n        query = Hero.get_query(info)\n        retur",
  "context_lines": "        return query.all()\n\n    def resolve_planets(self, info):\n        query = Hero.get_query(info)\n        return query.all()\n\n    def resolve_hero(self, info,id):\n        query = Hero.get_query(info)\n        return query.get(id)\n\n    def resolve_hero_name(self, info, name):\n        query = Hero.get_query(info)\n",
  "slicing": "    def resolve_hero(self, info,id):\n"
 },
 "99": {
  "name": "id",
  "type": "UNKNOWN",
  "class": "unknown",
  "approach": "Pysonar2",
  "file_path": "graphql-python-starter/api/schema.py",
  "lineno": "47",
  "column": "32",
  "context": "turn query.all()\n\n    def resolve_hero(self, info,id):\n        query = Hero.get_query(info)\n        retur",
  "context_lines": "        return query.all()\n\n    def resolve_planets(self, info):\n        query = Hero.get_query(info)\n        return query.all()\n\n    def resolve_hero(self, info,id):\n        query = Hero.get_query(info)\n        return query.get(id)\n\n    def resolve_hero_name(self, info, name):\n        query = Hero.get_query(info)\n",
  "slicing": "    def resolve_hero(self, info,id):\n"
 },
 "100": {
  "name": "info",
  "type": "UNKNOWN",
  "class": "unknown",
  "approach": "Pysonar2",
  "file_path": "graphql-python-starter/api/schema.py",
  "lineno": "51",
  "column": "32",
  "context": "rn query.get(id)\n\n    def resolve_hero_name(self, info, name):\n        query = Hero.get_query(info)\n        retur",
  "context_lines": "        return query.all()\n\n    def resolve_hero(self, info,id):\n        query = Hero.get_query(info)\n        return query.get(id)\n\n    def resolve_hero_name(self, info, name):\n        query = Hero.get_query(info)\n        return query.filter_by(name=name)\n\n    def resolve_faction_name(self, info, name):\n        query = Faction.get_query(info)\n",
  "slicing": "    def resolve_hero_name(self, info, name):\n"
 },
 "101": {
  "name": "name",
  "type": "UNKNOWN",
  "class": "unknown",
  "approach": "Pysonar2",
  "file_path": "graphql-python-starter/api/schema.py",
  "lineno": "51",
  "column": "38",
  "context": "ry.get(id)\n\n    def resolve_hero_name(self, info, name):\n        query = Hero.get_query(info)\n        retur",
  "context_lines": "        return query.all()\n\n    def resolve_hero(self, info,id):\n        query = Hero.get_query(info)\n        return query.get(id)\n\n    def resolve_hero_name(self, info, name):\n        query = Hero.get_query(info)\n        return query.filter_by(name=name)\n\n    def resolve_faction_name(self, info, name):\n        query = Faction.get_query(info)\n",
  "slicing": "    def resolve_hero_name(self, info, name):\n"
 },
 "102": {
  "name": "info",
  "type": "UNKNOWN",
  "class": "unknown",
  "approach": "Pysonar2",
  "file_path": "graphql-python-starter/api/schema.py",
  "lineno": "55",
  "column": "35",
  "context": "by(name=name)\n\n    def resolve_faction_name(self, info, name):\n        query = Faction.get_query(info)\n        re",
  "context_lines": "        return query.get(id)\n\n    def resolve_hero_name(self, info, name):\n        query = Hero.get_query(info)\n        return query.filter_by(name=name)\n\n    def resolve_faction_name(self, info, name):\n        query = Faction.get_query(info)\n        return query.filter_by(name=name)\n\n\n",
  "slicing": "    def resolve_faction_name(self, info, name):\n"
 },
 "103": {
  "name": "name",
  "type": "UNKNOWN",
  "class": "unknown",
  "approach": "Pysonar2",
  "file_path": "graphql-python-starter/api/schema.py",
  "lineno": "55",
  "column": "41",
  "context": "e=name)\n\n    def resolve_faction_name(self, info, name):\n        query = Faction.get_query(info)\n        re",
  "context_lines": "        return query.get(id)\n\n    def resolve_hero_name(self, info, name):\n        query = Hero.get_query(info)\n        return query.filter_by(name=name)\n\n    def resolve_faction_name(self, info, name):\n        query = Faction.get_query(info)\n        return query.filter_by(name=name)\n\n\n",
  "slicing": "    def resolve_faction_name(self, info, name):\n"
 },
 "104": {
  "name": "model",
  "type": "HeroModel",
  "class": "imported",
  "approach": "annotation",
  "file_path": "graphql-python-starter/api/schema.py",
  "lineno": "11",
  "column": "8",
  "slicing": "['        model = HeroModel\\n']",
  "context": "ro(SQLAlchemyObjectType):\n    class Meta:\n        model = HeroModel\n        interfaces = (relay.Node,)\n\n\nclass Faction",
  "context_lines": "from api.models import Faction as FactionModel\nfrom api.models import Planet as PlanetModel\n\n\nclass Hero(SQLAlchemyObjectType):\n    class Meta:\n        model = HeroModel\n        interfaces = (relay.Node,)\n\n\nclass Faction(SQLAlchemyObjectType):\n    class Meta:\n        model = FactionModel\n"
 },
 "105": {
  "name": "model",
  "type": "FactionModel",
  "class": "imported",
  "approach": "annotation",
  "file_path": "graphql-python-starter/api/schema.py",
  "lineno": "17",
  "column": "8",
  "slicing": "['        model = FactionModel\\n']",
  "context": "on(SQLAlchemyObjectType):\n    class Meta:\n        model = FactionModel\n        interfaces = (relay.Node,)\n\n\nclass Planet(",
  "context_lines": "        model = HeroModel\n        interfaces = (relay.Node,)\n\n\nclass Faction(SQLAlchemyObjectType):\n    class Meta:\n        model = FactionModel\n        interfaces = (relay.Node,)\n\n\nclass Planet(SQLAlchemyObjectType):\n    class Meta:\n        model = PlanetModel\n"
 },
 "106": {
  "name": "model",
  "type": "PlanetModel",
  "class": "imported",
  "approach": "annotation",
  "file_path": "graphql-python-starter/api/schema.py",
  "lineno": "23",
  "column": "8",
  "slicing": "['        model = PlanetModel\\n']",
  "context": "et(SQLAlchemyObjectType):\n    class Meta:\n        model = PlanetModel\n        interfaces = (relay.Node,)\n\n\nclass Query(g",
  "context_lines": "        model = FactionModel\n        interfaces = (relay.Node,)\n\n\nclass Planet(SQLAlchemyObjectType):\n    class Meta:\n        model = PlanetModel\n        interfaces = (relay.Node,)\n\n\nclass Query(graphene.ObjectType):\n    # node = relay.Node.Field()\n    # Get Method :: Return an instance based on the given primary key identifier, or None if not found.\n"
 }
}